Time_ms,Absolute_Displacement_nm
0.000,-997204796.083
1.000,-997204796.083
2.000,-997204796.083
3.000,-997204796.083
4.000,-997204796.083
5.000,-997204796.083
6.000,-997204796.083
7.000,-997204796.083
8.000,-997204796.083
9.000,-997204716.959
10.000,-997204796.083
11.000,-997204796.083
12.000,-997204796.083
13.000,-997204796.083
14.000,-997204796.083
15.000,-997204796.083
16.000,-997204637.835
17.000,-997204558.711
18.000,-997204479.587
19.000,-997204479.587
20.000,-997204479.587
21.000,-997204479.587
22.000,-997204558.711
23.000,-997204479.587
24.000,-997204479.587
25.000,-997204479.587
26.000,-997204400.463
27.000,-997204400.463
28.000,-997204479.587
29.000,-997204479.587
30.000,-997204479.587
31.000,-997204479.587
32.000,-997204479.587
33.000,-997204400.463
34.000,-997204400.463
35.000,-997204400.463
36.000,-997204400.463
37.000,-997204479.587
38.000,-997204479.587
39.000,-997204479.587
40.000,-997204479.587
41.000,-997204479.587
42.000,-997204400.463
43.000,-997204400.463
44.000,-997204400.463
45.000,-997204400.463
46.000,-997204479.587
47.000,-997204479.587
48.000,-997204479.587
49.000,-997204479.587
50.000,-997204400.463
51.000,-997204400.463
52.000,-997204400.463
53.000,-997204400.463
54.000,-997204400.463
55.000,-997204479.587
56.000,-997204479.587
57.000,-997204400.463
58.000,-997204400.463
59.000,-997204400.463
60.000,-997204400.463
61.000,-997204400.463
62.000,-997204400.463
63.000,-997204479.587
64.000,-997204479.587
65.000,-997204400.463
66.000,-997204400.463
67.000,-997204400.463
68.000,-997204400.463
69.000,-997204400.463
70.000,-997204479.587
71.000,-997204479.587
72.000,-997204479.587
73.000,-997204400.463
74.000,-997204400.463
75.000,-997204400.463
76.000,-997204400.463
77.000,-997204400.463
78.000,-997204400.463
79.000,-997204479.587
80.000,-997204479.587
81.000,-997204479.587
82.000,-997204400.463
83.000,-997204400.463
84.000,-997204400.463
85.000,-997204400.463
86.000,-997204400.463
87.000,-997204479.587
88.000,-997204479.587
89.000,-997204479.587
90.000,-997204400.463
91.000,-997204400.463
92.000,-997204400.463
93.000,-997204321.339
94.000,-997204400.463
95.000,-997204400.463
96.000,-997204479.587
97.000,-997204479.587
98.000,-997204479.587
99.000,-997204400.463
100.000,-997204400.463
101.000,-997204400.463
102.000,-997204321.339
103.000,-997204400.463
104.000,-997204400.463
105.000,-997204479.587
106.000,-997204479.587
107.000,-997204479.587
108.000,-997204400.463
109.000,-997204400.463
110.000,-997204400.463
111.000,-997204400.463
112.000,-997204400.463
113.000,-997204400.463
114.000,-997204479.587
115.000,-997204400.463
116.000,-997204400.463
117.000,-997204400.463
118.000,-997204400.463
119.000,-997204400.463
120.000,-997204400.463
121.000,-997204400.463
122.000,-997204400.463
123.000,-997204400.463
124.000,-997204400.463
125.000,-997204400.463
126.000,-997204400.463
127.000,-997204400.463
128.000,-997204400.463
129.000,-997204400.463
130.000,-997204400.463
131.000,-997204400.463
132.000,-997204400.463
133.000,-997204400.463
134.000,-997204400.463
135.000,-997204400.463
136.000,-997204400.463
137.000,-997204400.463
138.000,-997204479.587
139.000,-997204479.587
140.000,-997204400.463
141.000,-997204400.463
142.000,-997204400.463
143.000,-997204400.463
144.000,-997204400.463
145.000,-997204400.463
146.000,-997204479.587
147.000,-997204479.587
148.000,-997204479.587
149.000,-997204400.463
150.000,-997204400.463
151.000,-997204321.339
152.000,-997204321.339
153.000,-997204400.463
154.000,-997204400.463
155.000,-997204479.587
156.000,-997204479.587
157.000,-997204400.463
158.000,-997204400.463
159.000,-997204400.463
160.000,-997204321.339
161.000,-997204321.339
162.000,-997204400.463
163.000,-997204400.463
164.000,-997204479.587
165.000,-997204479.587
166.000,-997204400.463
167.000,-997204400.463
168.000,-997204400.463
169.000,-997204321.339
170.000,-997204400.463
171.000,-997204400.463
172.000,-997204400.463
173.000,-997204400.463
174.000,-997204400.463
175.000,-997204400.463
176.000,-997204400.463
177.000,-997204400.463
178.000,-997204400.463
179.000,-997204400.463
180.000,-997204400.463
181.000,-997204400.463
182.000,-997204400.463
183.000,-997204400.463
184.000,-997204400.463
185.000,-997204400.463
186.000,-997204400.463
187.000,-997204400.463
188.000,-997204400.463
189.000,-997204400.463
190.000,-997204400.463
191.000,-997204400.463
192.000,-997204400.463
193.000,-997204400.463
194.000,-997204400.463
195.000,-997204400.463
196.000,-997204400.463
197.000,-997204400.463
198.000,-997204400.463
199.000,-997204400.463
200.000,-997204400.463
201.000,-997204400.463
202.000,-997204400.463
203.000,-997204400.463
204.000,-997204400.463
205.000,-997204400.463
206.000,-997204400.463
207.000,-997204400.463
208.000,-997204400.463
209.000,-997204400.463
210.000,-997204321.339
211.000,-997204400.463
212.000,-997204400.463
213.000,-997204400.463
214.000,-997204479.587
215.000,-997204400.463
216.000,-997204400.463
217.000,-997204400.463
218.000,-997204321.339
219.000,-997204400.463
220.000,-997204400.463
221.000,-997204400.463
222.000,-997204400.463
223.000,-997204400.463
224.000,-997204400.463
225.000,-997204400.463
226.000,-997204400.463
227.000,-997204321.339
228.000,-997204400.463
229.000,-997204400.463
230.000,-997204400.463
231.000,-997204400.463
232.000,-997204400.463
233.000,-997204400.463
234.000,-997204400.463
235.000,-997204321.339
236.000,-997204400.463
237.000,-997204400.463
238.000,-997204400.463
239.000,-997204400.463
240.000,-997204400.463
241.000,-997204400.463
242.000,-997204400.463
243.000,-997204400.463
244.000,-997204400.463
245.000,-997204400.463
246.000,-997204400.463
247.000,-997204400.463
248.000,-997204400.463
249.000,-997204400.463
250.000,-997204400.463
251.000,-997204321.339
252.000,-997204321.339
253.000,-997204400.463
254.000,-997204400.463
255.000,-997204400.463
256.000,-997204400.463
257.000,-997204400.463
258.000,-997204400.463
259.000,-997204400.463
260.000,-997204321.339
261.000,-997204400.463
262.000,-997204400.463
263.000,-997204400.463
264.000,-997204400.463
265.000,-997204400.463
266.000,-997204400.463
267.000,-997204400.463
268.000,-997204321.339
269.000,-997204321.339
270.000,-997204400.463
271.000,-997204400.463
272.000,-997204400.463
273.000,-997204400.463
274.000,-997204400.463
275.000,-997204400.463
276.000,-997204321.339
277.000,-997204321.339
278.000,-997204400.463
279.000,-997204400.463
280.000,-997204400.463
281.000,-997204400.463
282.000,-997204400.463
283.000,-997204400.463
284.000,-997204400.463
285.000,-997204321.339
286.000,-997204321.339
287.000,-997204400.463
288.000,-997204400.463
289.000,-997204400.463
290.000,-997204400.463
291.000,-997204400.463
292.000,-997204400.463
293.000,-997204400.463
294.000,-997204321.339
295.000,-997204400.463
296.000,-997204400.463
297.000,-997204400.463
298.000,-997204400.463
299.000,-997204400.463
300.000,-997204400.463
301.000,-997204400.463
302.000,-997204400.463
303.000,-997204400.463
304.000,-997204400.463
305.000,-997204400.463
306.000,-997204400.463
307.000,-997204400.463
308.000,-997204400.463
309.000,-997204400.463
310.000,-997204400.463
311.000,-997204400.463
312.000,-997204400.463
313.000,-997204400.463
314.000,-997204400.463
315.000,-997204400.463
316.000,-997204400.463
317.000,-997204400.463
318.000,-997204321.339
319.000,-997204400.463
320.000,-997204400.463
321.000,-997204400.463
322.000,-997204400.463
323.000,-997204400.463
324.000,-997204400.463
325.000,-997204400.463
326.000,-997204321.339
327.000,-997204321.339
328.000,-997204400.463
329.000,-997204400.463
330.000,-997204400.463
331.000,-997204479.587
332.000,-997204400.463
333.000,-997204400.463
334.000,-997204321.339
335.000,-997204321.339
336.000,-997204321.339
337.000,-997204400.463
338.000,-997204400.463
339.000,-997204400.463
340.000,-997204400.463
341.000,-997204400.463
342.000,-997204400.463
343.000,-997204321.339
344.000,-997204321.339
345.000,-997204321.339
346.000,-997204400.463
347.000,-997204400.463
348.000,-997204400.463
349.000,-997204400.463
350.000,-997204400.463
351.000,-997204400.463
352.000,-997204321.339
353.000,-997204321.339
354.000,-997204400.463
355.000,-997204400.463
356.000,-997204400.463
357.000,-997204400.463
358.000,-997204400.463
359.000,-997204400.463
360.000,-997204321.339
361.000,-997204400.463
362.000,-997204400.463
363.000,-997204400.463
364.000,-997204400.463
365.000,-997204400.463
366.000,-997204400.463
367.000,-997204400.463
368.000,-997204321.339
369.000,-997204321.339
370.000,-997204400.463
371.000,-997204400.463
372.000,-997204400.463
373.000,-997204400.463
374.000,-997204400.463
375.000,-997204400.463
376.000,-997204321.339
377.000,-997204321.339
378.000,-997204321.339
379.000,-997204400.463
380.000,-997204400.463
381.000,-997204400.463
382.000,-997204400.463
383.000,-997204400.463
384.000,-997204321.339
385.000,-997204321.339
386.000,-997204321.339
387.000,-997204400.463
388.000,-997204400.463
389.000,-997204400.463
390.000,-997204400.463
391.000,-997204400.463
392.000,-997204400.463
393.000,-997204321.339
394.000,-997204321.339
395.000,-997204321.339
396.000,-997204400.463
397.000,-997204400.463
398.000,-997204400.463
399.000,-997204400.463
400.000,-997204400.463
401.000,-997204400.463
402.000,-997204321.339
403.000,-997204321.339
404.000,-997204400.463
405.000,-997204400.463
406.000,-997204400.463
407.000,-997204400.463
408.000,-997204400.463
409.000,-997204400.463
410.000,-997204321.339
411.000,-997204321.339
412.000,-997204400.463
413.000,-997204400.463
414.000,-997204400.463
415.000,-997204400.463
416.000,-997204400.463
417.000,-997204400.463
418.000,-997204400.463
419.000,-997204400.463
420.000,-997204400.463
421.000,-997204400.463
422.000,-997204400.463
423.000,-997204400.463
424.000,-997204400.463
425.000,-997204400.463
426.000,-997204400.463
427.000,-997204400.463
428.000,-997204400.463
429.000,-997204400.463
430.000,-997204400.463
431.000,-997204400.463
432.000,-997204400.463
433.000,-997204400.463
434.000,-997204400.463
435.000,-997204321.339
436.000,-997204400.463
437.000,-997204400.463
438.000,-997204400.463
439.000,-997204400.463
440.000,-997204400.463
441.000,-997204400.463
442.000,-997204400.463
443.000,-997204321.339
444.000,-997204321.339
445.000,-997204400.463
446.000,-997204400.463
447.000,-997204400.463
448.000,-997204400.463
449.000,-997204400.463
450.000,-997204400.463
451.000,-997204321.339
452.000,-997204321.339
453.000,-997204400.463
454.000,-997204400.463
455.000,-997204400.463
456.000,-997204400.463
457.000,-997204400.463
458.000,-997204400.463
459.000,-997204321.339
460.000,-997204321.339
461.000,-997204321.339
462.000,-997204400.463
463.000,-997204400.463
464.000,-997204400.463
465.000,-997204400.463
466.000,-997204400.463
467.000,-997204400.463
468.000,-997204321.339
469.000,-997204321.339
470.000,-997204400.463
471.000,-997204400.463
472.000,-997204400.463
473.000,-997204400.463
474.000,-997204400.463
475.000,-997204400.463
476.000,-997204400.463
477.000,-997204321.339
478.000,-997204400.463
479.000,-997204400.463
480.000,-997204400.463
481.000,-997204400.463
482.000,-997204400.463
483.000,-997204400.463
484.000,-997204400.463
485.000,-997204400.463
486.000,-997204400.463
487.000,-997204400.463
488.000,-997204400.463
489.000,-997204400.463
490.000,-997204400.463
491.000,-997204400.463
492.000,-997204400.463
493.000,-997204321.339
494.000,-997204400.463
495.000,-997204400.463
496.000,-997204400.463
497.000,-997204400.463
498.000,-997204400.463
499.000,-997204400.463
500.000,-997204321.339
501.000,-997204321.339
502.000,-997204321.339
503.000,-997204400.463
504.000,-997204400.463
505.000,-997204400.463
506.000,-997204400.463
507.000,-997204400.463
508.000,-997204400.463
509.000,-997204321.339
510.000,-997204321.339
511.000,-997204321.339
512.000,-997204400.463
513.000,-997204400.463
514.000,-997204400.463
515.000,-997204400.463
516.000,-997204558.711
517.000,-997204558.711
518.000,-997204558.711
519.000,-997204637.835
520.000,-997204637.835
521.000,-997204716.959
522.000,-997204716.959
523.000,-997204716.959
524.000,-997204716.959
525.000,-997204716.959
526.000,-997204637.835
527.000,-997204637.835
528.000,-997204716.959
529.000,-997204716.959
530.000,-997204716.959
531.000,-997204716.959
532.000,-997204716.959
533.000,-997204716.959
534.000,-997204716.959
535.000,-997204716.959
536.000,-997204716.959
537.000,-997204716.959
538.000,-997204716.959
539.000,-997204796.083
540.000,-997204716.959
541.000,-997204716.959
542.000,-997204716.959
543.000,-997204716.959
544.000,-997204716.959
545.000,-997204716.959
546.000,-997204716.959
547.000,-997204796.083
548.000,-997204796.083
549.000,-997204716.959
550.000,-997204716.959
551.000,-997204716.959
552.000,-997204716.959
553.000,-997204716.959
554.000,-997204716.959
555.000,-997204796.083
556.000,-997204796.083
557.000,-997204796.083
558.000,-997204716.959
559.000,-997204716.959
560.000,-997204716.959
561.000,-997204716.959
562.000,-997204716.959
563.000,-997204796.083
564.000,-997204796.083
565.000,-997204796.083
566.000,-997204716.959
567.000,-997204716.959
568.000,-997204716.959
569.000,-997204716.959
570.000,-997204716.959
571.000,-997204796.083
572.000,-997204796.083
573.000,-997204796.083
574.000,-997204796.083
575.000,-997204716.959
576.000,-997204716.959
577.000,-997204716.959
578.000,-997204716.959
579.000,-997204796.083
580.000,-997204796.083
581.000,-997204796.083
582.000,-997204796.083
583.000,-997204716.959
584.000,-997204716.959
585.000,-997204716.959
586.000,-997204716.959
587.000,-997204716.959
588.000,-997204796.083
589.000,-997204796.083
590.000,-997204796.083
591.000,-997204716.959
592.000,-997204716.959
593.000,-997204716.959
594.000,-997204716.959
595.000,-997204716.959
596.000,-997204796.083
597.000,-997204796.083
598.000,-997204796.083
599.000,-997204796.083
600.000,-997204716.959
601.000,-997204716.959
602.000,-997204716.959
603.000,-997204716.959
604.000,-997204716.959
605.000,-997204796.083
606.000,-997204796.083
607.000,-997204796.083
608.000,-997204716.959
609.000,-997204716.959
610.000,-997204716.959
611.000,-997204716.959
612.000,-997204716.959
613.000,-997204796.083
614.000,-997204796.083
615.000,-997204796.083
616.000,-997204796.083
617.000,-997204716.959
618.000,-997204716.959
619.000,-997204716.959
620.000,-997204716.959
621.000,-997204796.083
622.000,-997204796.083
623.000,-997204796.083
624.000,-997204796.083
625.000,-997204716.959
626.000,-997204716.959
627.000,-997204716.959
628.000,-997204716.959
629.000,-997204796.083
630.000,-997204796.083
631.000,-997204796.083
632.000,-997204796.083
633.000,-997204716.959
634.000,-997204716.959
635.000,-997204716.959
636.000,-997204716.959
637.000,-997204716.959
638.000,-997204796.083
639.000,-997204796.083
640.000,-997204796.083
641.000,-997204796.083
642.000,-997204716.959
643.000,-997204716.959
644.000,-997204716.959
645.000,-997204716.959
646.000,-997204796.083
647.000,-997204796.083
648.000,-997204796.083
649.000,-997204796.083
650.000,-997204716.959
651.000,-997204716.959
652.000,-997204716.959
653.000,-997204716.959
654.000,-997204796.083
655.000,-997204796.083
656.000,-997204796.083
657.000,-997204796.083
658.000,-997204716.959
659.000,-997204716.959
660.000,-997204716.959
661.000,-997204716.959
662.000,-997204796.083
663.000,-997204796.083
664.000,-997204796.083
665.000,-997204796.083
666.000,-997204796.083
667.000,-997204716.959
668.000,-997204716.959
669.000,-997204716.959
670.000,-997204716.959
671.000,-997204796.083
672.000,-997204796.083
673.000,-997204796.083
674.000,-997204796.083
675.000,-997204716.959
676.000,-997204716.959
677.000,-997204716.959
678.000,-997204716.959
679.000,-997204796.083
680.000,-997204796.083
681.000,-997204796.083
682.000,-997204796.083
683.000,-997204716.959
684.000,-997204716.959
685.000,-997204716.959
686.000,-997204716.959
687.000,-997204796.083
688.000,-997204796.083
689.000,-997204796.083
690.000,-997204796.083
691.000,-997204796.083
692.000,-997204716.959
693.000,-997204716.959
694.000,-997204716.959
695.000,-997204716.959
696.000,-997204796.083
697.000,-997204796.083
698.000,-997204796.083
699.000,-997204796.083
700.000,-997204716.959
701.000,-997204716.959
702.000,-997204716.959
703.000,-997204716.959
704.000,-997204796.083
705.000,-997204796.083
706.000,-997204796.083
707.000,-997204796.083
708.000,-997204716.959
709.000,-997204716.959
710.000,-997204716.959
711.000,-997204716.959
712.000,-997204796.083
713.000,-997204796.083
714.000,-997204796.083
715.000,-997204796.083
716.000,-997204796.083
717.000,-997204716.959
718.000,-997204716.959
719.000,-997204716.959
720.000,-997204716.959
721.000,-997204796.083
722.000,-997204796.083
723.000,-997204796.083
724.000,-997204796.083
725.000,-997204716.959
726.000,-997204716.959
727.000,-997204716.959
728.000,-997204716.959
729.000,-997204796.083
730.000,-997204796.083
731.000,-997204796.083
732.000,-997204796.083
733.000,-997204796.083
734.000,-997204716.959
735.000,-997204716.959
736.000,-997204716.959
737.000,-997204796.083
738.000,-997204796.083
739.000,-997204796.083
740.000,-997204796.083
741.000,-997204796.083
742.000,-997204716.959
743.000,-997204716.959
744.000,-997204716.959
745.000,-997204796.083
746.000,-997204796.083
747.000,-997204796.083
748.000,-997204796.083
749.000,-997204796.083
750.000,-997204716.959
751.000,-997204716.959
752.000,-997204716.959
753.000,-997204716.959
754.000,-997204796.083
755.000,-997204796.083
756.000,-997204796.083
757.000,-997204796.083
758.000,-997204716.959
759.000,-997204716.959
760.000,-997204716.959
761.000,-997204716.959
762.000,-997204796.083
763.000,-997204796.083
764.000,-997204796.083
765.000,-997204796.083
766.000,-997204796.083
767.000,-997204716.959
768.000,-997204716.959
769.000,-997204716.959
770.000,-997204716.959
771.000,-997204796.083
772.000,-997204796.083
773.000,-997204796.083
774.000,-997204796.083
775.000,-997204716.959
776.000,-997204716.959
777.000,-997204716.959
778.000,-997204716.959
779.000,-997204796.083
780.000,-997204796.083
781.000,-997204796.083
782.000,-997204796.083
783.000,-997204796.083
784.000,-997204716.959
785.000,-997204716.959
786.000,-997204716.959
787.000,-997204796.083
788.000,-997204796.083
789.000,-997204796.083
790.000,-997204796.083
791.000,-997204796.083
792.000,-997204716.959
793.000,-997204716.959
794.000,-997204716.959
795.000,-997204796.083
796.000,-997204796.083
797.000,-997204796.083
798.000,-997204796.083
799.000,-997204796.083
800.000,-997204716.959
801.000,-997204716.959
802.000,-997204716.959
803.000,-997204796.083
804.000,-997204796.083
805.000,-997204796.083
806.000,-997204796.083
807.000,-997204796.083
808.000,-997204716.959
809.000,-997204716.959
810.000,-997204716.959
811.000,-997204716.959
812.000,-997204796.083
813.000,-997204796.083
814.000,-997204796.083
815.000,-997204796.083
816.000,-997204796.083
817.000,-997204716.959
818.000,-997204716.959
819.000,-997204716.959
820.000,-997204716.959
821.000,-997204796.083
822.000,-997204796.083
823.000,-997204796.083
824.000,-997204796.083
825.000,-997204716.959
826.000,-997204716.959
827.000,-997204716.959
828.000,-997204716.959
829.000,-997204796.083
830.000,-997204796.083
831.000,-997204796.083
832.000,-997204796.083
833.000,-997204796.083
834.000,-997204716.959
835.000,-997204716.959
836.000,-997204716.959
837.000,-997204716.959
838.000,-997204796.083
839.000,-997204796.083
840.000,-997204796.083
841.000,-997204796.083
842.000,-997204796.083
843.000,-997204716.959
844.000,-997204716.959
845.000,-997204716.959
846.000,-997204796.083
847.000,-997204796.083
848.000,-997204796.083
849.000,-997204796.083
850.000,-997204796.083
851.000,-997204716.959
852.000,-997204716.959
853.000,-997204796.083
854.000,-997204796.083
855.000,-997204796.083
856.000,-997204796.083
857.000,-997204796.083
858.000,-997204796.083
859.000,-997204716.959
860.000,-997204716.959
861.000,-997204716.959
862.000,-997204796.083
863.000,-997204796.083
864.000,-997204796.083
865.000,-997204796.083
866.000,-997204796.083
867.000,-997204716.959
868.000,-997204716.959
869.000,-997204716.959
870.000,-997204796.083
871.000,-997204796.083
872.000,-997204796.083
873.000,-997204796.083
874.000,-997204796.083
875.000,-997204716.959
876.000,-997204716.959
877.000,-997204716.959
878.000,-997204716.959
879.000,-997204796.083
880.000,-997204796.083
881.000,-997204796.083
882.000,-997204796.083
883.000,-997204796.083
884.000,-997204716.959
885.000,-997204716.959
886.000,-997204716.959
887.000,-997204796.083
888.000,-997204796.083
889.000,-997204796.083
890.000,-997204796.083
891.000,-997204796.083
892.000,-997204716.959
893.000,-997204716.959
894.000,-997204716.959
895.000,-997204716.959
896.000,-997204796.083
897.000,-997204796.083
898.000,-997204796.083
899.000,-997204796.083
900.000,-997204796.083
901.000,-997204716.959
902.000,-997204716.959
903.000,-997204796.083
904.000,-997204796.083
905.000,-997204796.083
906.000,-997204796.083
907.000,-997204796.083
908.000,-997204796.083
909.000,-997204716.959
910.000,-997204716.959
911.000,-997204796.083
912.000,-997204796.083
913.000,-997204796.083
914.000,-997204796.083
915.000,-997204796.083
916.000,-997204796.083
917.000,-997204716.959
918.000,-997204716.959
919.000,-997204796.083
920.000,-997204796.083
921.000,-997204796.083
922.000,-997204796.083
923.000,-997204796.083
924.000,-997204796.083
925.000,-997204716.959
926.000,-997204716.959
927.000,-997204716.959
928.000,-997204796.083
929.000,-997204796.083
930.000,-997204796.083
931.000,-997204796.083
932.000,-997204796.083
933.000,-997204716.959
934.000,-997204716.959
935.000,-997204716.959
936.000,-997204796.083
937.000,-997204796.083
938.000,-997204796.083
939.000,-997204796.083
940.000,-997204796.083
941.000,-997204716.959
942.000,-997204716.959
943.000,-997204716.959
944.000,-997204716.959
945.000,-997204796.083
946.000,-997204796.083
947.000,-997204796.083
948.000,-997204796.083
949.000,-997204796.083
950.000,-997204716.959
951.000,-997204716.959
952.000,-997204716.959
953.000,-997204716.959
954.000,-997204796.083
955.000,-997204796.083
956.000,-997204796.083
957.000,-997204796.083
958.000,-997204796.083
959.000,-997204716.959
960.000,-997204716.959
961.000,-997204716.959
962.000,-997204796.083
963.000,-997204796.083
964.000,-997204796.083
965.000,-997204796.083
966.000,-997204796.083
967.000,-997204796.083
968.000,-997204716.959
969.000,-997204716.959
970.000,-997204796.083
971.000,-997204796.083
972.000,-997204796.083
973.000,-997204796.083
974.000,-997204796.083
975.000,-997204796.083
976.000,-997204716.959
977.000,-997204796.083
978.000,-997204796.083
979.000,-997204796.083
980.000,-997204796.083
981.000,-997204796.083
982.000,-997204796.083
983.000,-997204716.959
984.000,-997204716.959
985.000,-997204716.959
986.000,-997204796.083
987.000,-997204796.083
988.000,-997204796.083
989.000,-997204796.083
990.000,-997204796.083
991.000,-997204716.959
992.000,-997204716.959
993.000,-997204716.959
994.000,-997204716.959
995.000,-997204796.083
996.000,-997204796.083
997.000,-997204796.083
998.000,-997204796.083
999.000,-997204796.083
1000.000,-997204716.959
1001.000,-997204716.959
1002.000,-997204716.959
1003.000,-997204796.083
1004.000,-997204796.083
1005.000,-997204796.083
1006.000,-997204796.083
1007.000,-997204796.083
1008.000,-997204796.083
1009.000,-997204716.959
1010.000,-997204716.959
1011.000,-997204716.959
1012.000,-997204796.083
1013.000,-997204796.083
1014.000,-997204796.083
1015.000,-997204796.083
1016.000,-997204637.835
1017.000,-997204479.587
1018.000,-997204479.587
1019.000,-997204479.587
1020.000,-997204479.587
1021.000,-997204479.587
1022.000,-997204479.587
1023.000,-997204479.587
1024.000,-997204479.587
1025.000,-997204400.463
1026.000,-997204400.463
1027.000,-997204400.463
1028.000,-997204479.587
1029.000,-997204479.587
1030.000,-997204479.587
1031.000,-997204479.587
1032.000,-997204479.587
1033.000,-997204400.463
1034.000,-997204400.463
1035.000,-997204400.463
1036.000,-997204400.463
1037.000,-997204479.587
1038.000,-997204479.587
1039.000,-997204479.587
1040.000,-997204479.587
1041.000,-997204400.463
1042.000,-997204400.463
1043.000,-997204400.463
1044.000,-997204400.463
1045.000,-997204479.587
1046.000,-997204479.587
1047.000,-997204479.587
1048.000,-997204479.587
1049.000,-997204400.463
1050.000,-997204400.463
1051.000,-997204400.463
1052.000,-997204400.463
1053.000,-997204400.463
1054.000,-997204479.587
1055.000,-997204479.587
1056.000,-997204479.587
1057.000,-997204479.587
1058.000,-997204400.463
1059.000,-997204400.463
1060.000,-997204400.463
1061.000,-997204400.463
1062.000,-997204400.463
1063.000,-997204479.587
1064.000,-997204479.587
1065.000,-997204479.587
1066.000,-997204400.463
1067.000,-997204400.463
1068.000,-997204400.463
1069.000,-997204400.463
1070.000,-997204400.463
1071.000,-997204400.463
1072.000,-997204479.587
1073.000,-997204479.587
1074.000,-997204400.463
1075.000,-997204400.463
1076.000,-997204400.463
1077.000,-997204400.463
1078.000,-997204400.463
1079.000,-997204400.463
1080.000,-997204479.587
1081.000,-997204479.587
1082.000,-997204400.463
1083.000,-997204400.463
1084.000,-997204400.463
1085.000,-997204400.463
1086.000,-997204400.463
1087.000,-997204400.463
1088.000,-997204400.463
1089.000,-997204479.587
1090.000,-997204400.463
1091.000,-997204400.463
1092.000,-997204400.463
1093.000,-997204400.463
1094.000,-997204400.463
1095.000,-997204400.463
1096.000,-997204400.463
1097.000,-997204479.587
1098.000,-997204400.463
1099.000,-997204400.463
1100.000,-997204400.463
1101.000,-997204400.463
1102.000,-997204400.463
1103.000,-997204400.463
1104.000,-997204400.463
1105.000,-997204479.587
1106.000,-997204479.587
1107.000,-997204400.463
1108.000,-997204400.463
1109.000,-997204400.463
1110.000,-997204400.463
1111.000,-997204400.463
1112.000,-997204400.463
1113.000,-997204479.587
1114.000,-997204479.587
1115.000,-997204400.463
1116.000,-997204400.463
1117.000,-997204400.463
1118.000,-997204321.339
1119.000,-997204400.463
1120.000,-997204400.463
1121.000,-997204400.463
1122.000,-997204479.587
1123.000,-997204479.587
1124.000,-997204400.463
1125.000,-997204400.463
1126.000,-997204321.339
1127.000,-997204321.339
1128.000,-997204400.463
1129.000,-997204400.463
1130.000,-997204400.463
1131.000,-997204479.587
1132.000,-997204400.463
1133.000,-997204400.463
1134.000,-997204400.463
1135.000,-997204321.339
1136.000,-997204400.463
1137.000,-997204400.463
1138.000,-997204400.463
1139.000,-997204400.463
1140.000,-997204400.463
1141.000,-997204400.463
1142.000,-997204400.463
1143.000,-997204400.463
1144.000,-997204400.463
1145.000,-997204400.463
1146.000,-997204400.463
1147.000,-997204400.463
1148.000,-997204400.463
1149.000,-997204400.463
1150.000,-997204400.463
1151.000,-997204400.463
1152.000,-997204400.463
1153.000,-997204400.463
1154.000,-997204400.463
1155.000,-997204400.463
1156.000,-997204400.463
1157.000,-997204400.463
1158.000,-997204400.463
1159.000,-997204400.463
1160.000,-997204400.463
1161.000,-997204400.463
1162.000,-997204400.463
1163.000,-997204479.587
1164.000,-997204479.587
1165.000,-997204400.463
1166.000,-997204400.463
1167.000,-997204321.339
1168.000,-997204321.339
1169.000,-997204400.463
1170.000,-997204400.463
1171.000,-997204479.587
1172.000,-997204479.587
1173.000,-997204479.587
1174.000,-997204400.463
1175.000,-997204321.339
1176.000,-997204321.339
1177.000,-997204321.339
1178.000,-997204400.463
1179.000,-997204400.463
1180.000,-997204479.587
1181.000,-997204479.587
1182.000,-997204400.463
1183.000,-997204400.463
1184.000,-997204321.339
1185.000,-997204321.339
1186.000,-997204321.339
1187.000,-997204400.463
1188.000,-997204400.463
1189.000,-997204479.587
1190.000,-997204479.587
1191.000,-997204400.463
1192.000,-997204400.463
1193.000,-997204400.463
1194.000,-997204321.339
1195.000,-997204400.463
1196.000,-997204400.463
1197.000,-997204400.463
1198.000,-997204400.463
1199.000,-997204400.463
1200.000,-997204400.463
1201.000,-997204400.463
1202.000,-997204400.463
1203.000,-997204400.463
1204.000,-997204400.463
1205.000,-997204400.463
1206.000,-997204400.463
1207.000,-997204400.463
1208.000,-997204400.463
1209.000,-997204400.463
1210.000,-997204400.463
1211.000,-997204400.463
1212.000,-997204400.463
1213.000,-997204400.463
1214.000,-997204400.463
1215.000,-997204400.463
1216.000,-997204400.463
1217.000,-997204400.463
1218.000,-997204400.463
1219.000,-997204400.463
1220.000,-997204400.463
1221.000,-997204400.463
1222.000,-997204400.463
1223.000,-997204400.463
1224.000,-997204400.463
1225.000,-997204400.463
1226.000,-997204321.339
1227.000,-997204321.339
1228.000,-997204400.463
1229.000,-997204400.463
1230.000,-997204400.463
1231.000,-997204400.463
1232.000,-997204400.463
1233.000,-997204400.463
1234.000,-997204321.339
1235.000,-997204321.339
1236.000,-997204400.463
1237.000,-997204400.463
1238.000,-997204400.463
1239.000,-997204400.463
1240.000,-997204400.463
1241.000,-997204400.463
1242.000,-997204400.463
1243.000,-997204321.339
1244.000,-997204321.339
1245.000,-997204400.463
1246.000,-997204400.463
1247.000,-997204400.463
1248.000,-997204400.463
1249.000,-997204400.463
1250.000,-997204400.463
1251.000,-997204400.463
1252.000,-997204321.339
1253.000,-997204400.463
1254.000,-997204400.463
1255.000,-997204400.463
1256.000,-997204400.463
1257.000,-997204400.463
1258.000,-997204400.463
1259.000,-997204400.463
1260.000,-997204400.463
1261.000,-997204400.463
1262.000,-997204400.463
1263.000,-997204400.463
1264.000,-997204400.463
1265.000,-997204400.463
1266.000,-997204400.463
1267.000,-997204400.463
1268.000,-997204400.463
1269.000,-997204400.463
1270.000,-997204400.463
1271.000,-997204400.463
1272.000,-997204400.463
1273.000,-997204400.463
1274.000,-997204400.463
1275.000,-997204400.463
1276.000,-997204400.463
1277.000,-997204400.463
1278.000,-997204400.463
1279.000,-997204400.463
1280.000,-997204400.463
1281.000,-997204400.463
1282.000,-997204400.463
1283.000,-997204400.463
1284.000,-997204400.463
1285.000,-997204400.463
1286.000,-997204400.463
1287.000,-997204400.463
1288.000,-997204400.463
1289.000,-997204400.463
1290.000,-997204400.463
1291.000,-997204400.463
1292.000,-997204321.339
1293.000,-997204321.339
1294.000,-997204321.339
1295.000,-997204400.463
1296.000,-997204400.463
1297.000,-997204400.463
1298.000,-997204400.463
1299.000,-997204400.463
1300.000,-997204400.463
1301.000,-997204321.339
1302.000,-997204321.339
1303.000,-997204400.463
1304.000,-997204400.463
1305.000,-997204400.463
1306.000,-997204400.463
1307.000,-997204400.463
1308.000,-997204400.463
1309.000,-997204400.463
1310.000,-997204321.339
1311.000,-997204321.339
1312.000,-997204400.463
1313.000,-997204400.463
1314.000,-997204400.463
1315.000,-997204400.463
1316.000,-997204400.463
1317.000,-997204400.463
1318.000,-997204400.463
1319.000,-997204400.463
1320.000,-997204400.463
1321.000,-997204400.463
1322.000,-997204400.463
1323.000,-997204400.463
1324.000,-997204400.463
1325.000,-997204400.463
1326.000,-997204400.463
1327.000,-997204400.463
1328.000,-997204400.463
1329.000,-997204400.463
1330.000,-997204400.463
1331.000,-997204400.463
1332.000,-997204400.463
1333.000,-997204400.463
1334.000,-997204400.463
1335.000,-997204400.463
1336.000,-997204400.463
1337.000,-997204400.463
1338.000,-997204400.463
1339.000,-997204400.463
1340.000,-997204400.463
1341.000,-997204400.463
1342.000,-997204400.463
1343.000,-997204400.463
1344.000,-997204400.463
1345.000,-997204400.463
1346.000,-997204400.463
1347.000,-997204400.463
1348.000,-997204400.463
1349.000,-997204400.463
1350.000,-997204400.463
1351.000,-997204400.463
1352.000,-997204400.463
1353.000,-997204400.463
1354.000,-997204400.463
1355.000,-997204400.463
1356.000,-997204400.463
1357.000,-997204400.463
1358.000,-997204400.463
1359.000,-997204400.463
1360.000,-997204321.339
1361.000,-997204400.463
1362.000,-997204400.463
1363.000,-997204400.463
1364.000,-997204400.463
1365.000,-997204400.463
1366.000,-997204400.463
1367.000,-997204400.463
1368.000,-997204400.463
1369.000,-997204400.463
1370.000,-997204400.463
1371.000,-997204400.463
1372.000,-997204400.463
1373.000,-997204400.463
1374.000,-997204400.463
1375.000,-997204400.463
1376.000,-997204400.463
1377.000,-997204400.463
1378.000,-997204400.463
1379.000,-997204400.463
1380.000,-997204400.463
1381.000,-997204400.463
1382.000,-997204400.463
1383.000,-997204400.463
1384.000,-997204400.463
1385.000,-997204400.463
1386.000,-997204400.463
1387.000,-997204400.463
1388.000,-997204400.463
1389.000,-997204400.463
1390.000,-997204400.463
1391.000,-997204400.463
1392.000,-997204400.463
1393.000,-997204321.339
1394.000,-997204400.463
1395.000,-997204400.463
1396.000,-997204400.463
1397.000,-997204400.463
1398.000,-997204400.463
1399.000,-997204400.463
1400.000,-997204400.463
1401.000,-997204321.339
1402.000,-997204321.339
1403.000,-997204400.463
1404.000,-997204400.463
1405.000,-997204400.463
1406.000,-997204400.463
1407.000,-997204400.463
1408.000,-997204400.463
1409.000,-997204400.463
1410.000,-997204321.339
1411.000,-997204400.463
1412.000,-997204400.463
1413.000,-997204400.463
1414.000,-997204400.463
1415.000,-997204400.463
1416.000,-997204400.463
1417.000,-997204400.463
1418.000,-997204321.339
1419.000,-997204400.463
1420.000,-997204400.463
1421.000,-997204400.463
1422.000,-997204400.463
1423.000,-997204400.463
1424.000,-997204400.463
1425.000,-997204400.463
1426.000,-997204321.339
1427.000,-997204321.339
1428.000,-997204400.463
1429.000,-997204400.463
1430.000,-997204400.463
1431.000,-997204400.463
1432.000,-997204400.463
1433.000,-997204400.463
1434.000,-997204321.339
1435.000,-997204321.339
1436.000,-997204400.463
1437.000,-997204400.463
1438.000,-997204400.463
1439.000,-997204400.463
1440.000,-997204400.463
1441.000,-997204400.463
1442.000,-997204400.463
1443.000,-997204321.339
1444.000,-997204321.339
1445.000,-997204400.463
1446.000,-997204400.463
1447.000,-997204400.463
1448.000,-997204400.463
1449.000,-997204400.463
1450.000,-997204400.463
1451.000,-997204321.339
1452.000,-997204321.339
1453.000,-997204400.463
1454.000,-997204400.463
1455.000,-997204400.463
1456.000,-997204400.463
1457.000,-997204400.463
1458.000,-997204400.463
1459.000,-997204400.463
1460.000,-997204321.339
1461.000,-997204321.339
1462.000,-997204400.463
1463.000,-997204400.463
1464.000,-997204400.463
1465.000,-997204400.463
1466.000,-997204400.463
1467.000,-997204400.463
1468.000,-997204321.339
1469.000,-997204321.339
1470.000,-997204400.463
1471.000,-997204400.463
1472.000,-997204400.463
1473.000,-997204400.463
1474.000,-997204400.463
1475.000,-997204400.463
1476.000,-997204321.339
1477.000,-997204321.339
1478.000,-997204400.463
1479.000,-997204400.463
1480.000,-997204400.463
1481.000,-997204400.463
1482.000,-997204400.463
1483.000,-997204400.463
1484.000,-997204321.339
1485.000,-997204321.339
1486.000,-997204321.339
1487.000,-997204400.463
1488.000,-997204400.463
1489.000,-997204400.463
1490.000,-997204400.463
1491.000,-997204400.463
1492.000,-997204400.463
1493.000,-997204321.339
1494.000,-997204321.339
1495.000,-997204400.463
1496.000,-997204400.463
1497.000,-997204400.463
1498.000,-997204400.463
1499.000,-997204400.463
1500.000,-997204400.463
1501.000,-997204400.463
1502.000,-997204321.339
1503.000,-997204400.463
1504.000,-997204400.463
1505.000,-997204400.463
1506.000,-997204400.463
1507.000,-997204400.463
1508.000,-997204400.463
1509.000,-997204400.463
1510.000,-997204321.339
1511.000,-997204400.463
1512.000,-997204400.463
1513.000,-997204400.463
1514.000,-997204400.463
1515.000,-997204400.463
1516.000,-997204558.711
1517.000,-997204558.711
1518.000,-997204558.711
1519.000,-997204637.835
1520.000,-997204716.959
1521.000,-997204716.959
1522.000,-997204716.959
1523.000,-997204716.959
1524.000,-997204716.959
1525.000,-997204637.835
1526.000,-997204637.835
1527.000,-997204637.835
1528.000,-997204716.959
1529.000,-997204716.959
1530.000,-997204796.083
1531.000,-997204796.083
1532.000,-997204716.959
1533.000,-997204716.959
1534.000,-997204637.835
1535.000,-997204637.835
1536.000,-997204637.835
1537.000,-997204716.959
1538.000,-997204716.959
1539.000,-997204796.083
1540.000,-997204796.083
1541.000,-997204716.959
1542.000,-997204716.959
1543.000,-997204716.959
1544.000,-997204637.835
1545.000,-997204716.959
1546.000,-997204716.959
1547.000,-997204796.083
1548.000,-997204796.083
1549.000,-997204796.083
1550.000,-997204716.959
1551.000,-997204716.959
1552.000,-997204716.959
1553.000,-997204716.959
1554.000,-997204716.959
1555.000,-997204796.083
1556.000,-997204796.083
1557.000,-997204796.083
1558.000,-997204716.959
1559.000,-997204716.959
1560.000,-997204716.959
1561.000,-997204716.959
1562.000,-997204716.959
1563.000,-997204796.083
1564.000,-997204796.083
1565.000,-997204796.083
1566.000,-997204796.083
1567.000,-997204716.959
1568.000,-997204716.959
1569.000,-997204716.959
1570.000,-997204716.959
1571.000,-997204716.959
1572.000,-997204796.083
1573.000,-997204796.083
1574.000,-997204796.083
1575.000,-997204716.959
1576.000,-997204716.959
1577.000,-997204716.959
1578.000,-997204716.959
1579.000,-997204716.959
1580.000,-997204796.083
1581.000,-997204796.083
1582.000,-997204796.083
1583.000,-997204716.959
1584.000,-997204716.959
1585.000,-997204716.959
1586.000,-997204716.959
1587.000,-997204716.959
1588.000,-997204796.083
1589.000,-997204796.083
1590.000,-997204796.083
1591.000,-997204716.959
1592.000,-997204716.959
1593.000,-997204716.959
1594.000,-997204716.959
1595.000,-997204716.959
1596.000,-997204796.083
1597.000,-997204796.083
1598.000,-997204796.083
1599.000,-997204796.083
1600.000,-997204716.959
1601.000,-997204716.959
1602.000,-997204716.959
1603.000,-997204716.959
1604.000,-997204716.959
1605.000,-997204796.083
1606.000,-997204796.083
1607.000,-997204796.083
1608.000,-997204716.959
1609.000,-997204716.959
1610.000,-997204716.959
1611.000,-997204716.959
1612.000,-997204716.959
1613.000,-997204796.083
1614.000,-997204796.083
1615.000,-997204796.083
1616.000,-997204796.083
1617.000,-997204716.959
1618.000,-997204716.959
1619.000,-997204716.959
1620.000,-997204716.959
1621.000,-997204796.083
1622.000,-997204796.083
1623.000,-997204796.083
1624.000,-997204796.083
1625.000,-997204716.959
1626.000,-997204716.959
1627.000,-997204716.959
1628.000,-997204716.959
1629.000,-997204716.959
1630.000,-997204796.083
1631.000,-997204796.083
1632.000,-997204796.083
1633.000,-997204796.083
1634.000,-997204716.959
1635.000,-997204716.959
1636.000,-997204716.959
1637.000,-997204716.959
1638.000,-997204796.083
1639.000,-997204796.083
1640.000,-997204796.083
1641.000,-997204796.083
1642.000,-997204716.959
1643.000,-997204716.959
1644.000,-997204716.959
1645.000,-997204716.959
1646.000,-997204796.083
1647.000,-997204796.083
1648.000,-997204796.083
1649.000,-997204796.083
1650.000,-997204716.959
1651.000,-997204716.959
1652.000,-997204716.959
1653.000,-997204716.959
1654.000,-997204796.083
1655.000,-997204796.083
1656.000,-997204796.083
1657.000,-997204796.083
1658.000,-997204716.959
1659.000,-997204716.959
1660.000,-997204716.959
1661.000,-997204716.959
1662.000,-997204716.959
1663.000,-997204796.083
1664.000,-997204796.083
1665.000,-997204796.083
1666.000,-997204796.083
1667.000,-997204716.959
1668.000,-997204716.959
1669.000,-997204716.959
1670.000,-997204716.959
1671.000,-997204796.083
1672.000,-997204796.083
1673.000,-997204796.083
1674.000,-997204796.083
1675.000,-997204796.083
1676.000,-997204716.959
1677.000,-997204716.959
1678.000,-997204716.959
1679.000,-997204716.959
1680.000,-997204796.083
1681.000,-997204796.083
1682.000,-997204796.083
1683.000,-997204796.083
1684.000,-997204716.959
1685.000,-997204716.959
1686.000,-997204716.959
1687.000,-997204716.959
1688.000,-997204796.083
1689.000,-997204796.083
1690.000,-997204796.083
1691.000,-997204796.083
1692.000,-997204796.083
1693.000,-997204716.959
1694.000,-997204716.959
1695.000,-997204716.959
1696.000,-997204796.083
1697.000,-997204796.083
1698.000,-997204796.083
1699.000,-997204796.083
1700.000,-997204796.083
1701.000,-997204716.959
1702.000,-997204716.959
1703.000,-997204716.959
1704.000,-997204796.083
1705.000,-997204796.083
1706.000,-997204796.083
1707.000,-997204796.083
1708.000,-997204796.083
1709.000,-997204716.959
1710.000,-997204716.959
1711.000,-997204716.959
1712.000,-997204796.083
1713.000,-997204796.083
1714.000,-997204796.083
1715.000,-997204796.083
1716.000,-997204796.083
1717.000,-997204716.959
1718.000,-997204716.959
1719.000,-997204716.959
1720.000,-997204716.959
1721.000,-997204796.083
1722.000,-997204796.083
1723.000,-997204796.083
1724.000,-997204796.083
1725.000,-997204716.959
1726.000,-997204716.959
1727.000,-997204716.959
1728.000,-997204716.959
1729.000,-997204796.083
1730.000,-997204796.083
1731.000,-997204796.083
1732.000,-997204796.083
1733.000,-997204796.083
1734.000,-997204716.959
1735.000,-997204716.959
1736.000,-997204716.959
1737.000,-997204716.959
1738.000,-997204796.083
1739.000,-997204796.083
1740.000,-997204796.083
1741.000,-997204796.083
1742.000,-997204716.959
1743.000,-997204716.959
1744.000,-997204716.959
1745.000,-997204716.959
1746.000,-997204796.083
1747.000,-997204796.083
1748.000,-997204796.083
1749.000,-997204796.083
1750.000,-997204796.083
1751.000,-997204716.959
1752.000,-997204716.959
1753.000,-997204716.959
1754.000,-997204716.959
1755.000,-997204796.083
1756.000,-997204796.083
1757.000,-997204796.083
1758.000,-997204796.083
1759.000,-997204796.083
1760.000,-997204716.959
1761.000,-997204716.959
1762.000,-997204716.959
1763.000,-997204796.083
1764.000,-997204796.083
1765.000,-997204796.083
1766.000,-997204796.083
1767.000,-997204796.083
1768.000,-997204716.959
1769.000,-997204716.959
1770.000,-997204796.083
1771.000,-997204796.083
1772.000,-997204796.083
1773.000,-997204796.083
1774.000,-997204796.083
1775.000,-997204796.083
1776.000,-997204716.959
1777.000,-997204716.959
1778.000,-997204796.083
1779.000,-997204796.083
1780.000,-997204796.083
1781.000,-997204796.083
1782.000,-997204796.083
1783.000,-997204796.083
1784.000,-997204716.959
1785.000,-997204716.959
1786.000,-997204716.959
1787.000,-997204796.083
1788.000,-997204796.083
1789.000,-997204796.083
1790.000,-997204796.083
1791.000,-997204796.083
1792.000,-997204716.959
1793.000,-997204716.959
1794.000,-997204716.959
1795.000,-997204716.959
1796.000,-997204796.083
1797.000,-997204796.083
1798.000,-997204796.083
1799.000,-997204796.083
1800.000,-997204796.083
1801.000,-997204716.959
1802.000,-997204716.959
1803.000,-997204716.959
1804.000,-997204796.083
1805.000,-997204796.083
1806.000,-997204796.083
1807.000,-997204796.083
1808.000,-997204796.083
1809.000,-997204796.083
1810.000,-997204716.959
1811.000,-997204716.959
1812.000,-997204716.959
1813.000,-997204796.083
1814.000,-997204796.083
1815.000,-997204796.083
1816.000,-997204796.083
1817.000,-997204796.083
1818.000,-997204796.083
1819.000,-997204716.959
1820.000,-997204796.083
1821.000,-997204796.083
1822.000,-997204796.083
1823.000,-997204796.083
1824.000,-997204796.083
1825.000,-997204796.083
1826.000,-997204796.083
1827.000,-997204796.083
1828.000,-997204796.083
1829.000,-997204796.083
1830.000,-997204796.083
1831.000,-997204796.083
1832.000,-997204796.083
1833.000,-997204796.083
1834.000,-997204716.959
1835.000,-997204716.959
1836.000,-997204796.083
1837.000,-997204796.083
1838.000,-997204796.083
1839.000,-997204796.083
1840.000,-997204796.083
1841.000,-997204796.083
1842.000,-997204716.959
1843.000,-997204716.959
1844.000,-997204716.959
1845.000,-997204796.083
1846.000,-997204796.083
1847.000,-997204796.083
1848.000,-997204796.083
1849.000,-997204796.083
1850.000,-997204796.083
1851.000,-997204716.959
1852.000,-997204716.959
1853.000,-997204716.959
1854.000,-997204796.083
1855.000,-997204796.083
1856.000,-997204796.083
1857.000,-997204796.083
1858.000,-997204796.083
1859.000,-997204716.959
1860.000,-997204716.959
1861.000,-997204716.959
1862.000,-997204796.083
1863.000,-997204796.083
1864.000,-997204796.083
1865.000,-997204796.083
1866.000,-997204796.083
1867.000,-997204796.083
1868.000,-997204716.959
1869.000,-997204716.959
1870.000,-997204796.083
1871.000,-997204796.083
1872.000,-997204796.083
1873.000,-997204796.083
1874.000,-997204796.083
1875.000,-997204796.083
1876.000,-997204716.959
1877.000,-997204716.959
1878.000,-997204796.083
1879.000,-997204796.083
1880.000,-997204796.083
1881.000,-997204796.083
1882.000,-997204796.083
1883.000,-997204796.083
1884.000,-997204716.959
1885.000,-997204716.959
1886.000,-997204796.083
1887.000,-997204796.083
1888.000,-997204796.083
1889.000,-997204796.083
1890.000,-997204796.083
1891.000,-997204796.083
1892.000,-997204716.959
1893.000,-997204716.959
1894.000,-997204716.959
1895.000,-997204796.083
1896.000,-997204796.083
1897.000,-997204796.083
1898.000,-997204796.083
1899.000,-997204796.083
1900.000,-997204716.959
1901.000,-997204716.959
1902.000,-997204716.959
1903.000,-997204716.959
1904.000,-997204796.083
1905.000,-997204796.083
1906.000,-997204875.206
1907.000,-997204796.083
1908.000,-997204796.083
1909.000,-997204716.959
1910.000,-997204716.959
1911.000,-997204716.959
1912.000,-997204796.083
1913.000,-997204796.083
1914.000,-997204796.083
1915.000,-997204796.083
1916.000,-997204796.083
1917.000,-997204796.083
1918.000,-997204716.959
1919.000,-997204716.959
1920.000,-997204716.959
1921.000,-997204796.083
1922.000,-997204796.083
1923.000,-997204796.083
1924.000,-997204796.083
1925.000,-997204796.083
1926.000,-997204716.959
1927.000,-997204716.959
1928.000,-997204716.959
1929.000,-997204796.083
1930.000,-997204796.083
1931.000,-997204796.083
1932.000,-997204796.083
1933.000,-997204796.083
1934.000,-997204796.083
1935.000,-997204716.959
1936.000,-997204716.959
1937.000,-997204796.083
1938.000,-997204796.083
1939.000,-997204796.083
1940.000,-997204796.083
1941.000,-997204796.083
1942.000,-997204796.083
1943.000,-997204716.959
1944.000,-997204796.083
1945.000,-997204796.083
1946.000,-997204796.083
1947.000,-997204796.083
1948.000,-997204796.083
1949.000,-997204796.083
1950.000,-997204716.959
1951.000,-997204716.959
1952.000,-997204716.959
1953.000,-997204796.083
1954.000,-997204796.083
1955.000,-997204796.083
1956.000,-997204796.083
1957.000,-997204796.083
1958.000,-997204796.083
1959.000,-997204716.959
1960.000,-997204716.959
1961.000,-997204716.959
1962.000,-997204796.083
1963.000,-997204796.083
1964.000,-997204875.206
1965.000,-997204796.083
1966.000,-997204796.083
1967.000,-997204716.959
1968.000,-997204716.959
1969.000,-997204716.959
1970.000,-997204716.959
1971.000,-997204796.083
1972.000,-997204875.206
1973.000,-997204875.206
1974.000,-997204796.083
1975.000,-997204796.083
1976.000,-997204716.959
1977.000,-997204716.959
1978.000,-997204716.959
1979.000,-997204796.083
1980.000,-997204796.083
1981.000,-997204875.206
1982.000,-997204796.083
1983.000,-997204796.083
1984.000,-997204796.083
1985.000,-997204716.959
1986.000,-997204716.959
1987.000,-997204796.083
1988.000,-997204796.083
1989.000,-997204796.083
1990.000,-997204796.083
1991.000,-997204796.083
1992.000,-997204796.083
1993.000,-997204716.959
1994.000,-997204716.959
1995.000,-997204796.083
1996.000,-997204796.083
1997.000,-997204796.083
1998.000,-997204796.083
1999.000,-997204796.083
2000.000,-997204796.083
2001.000,-997204716.959
2002.000,-997204716.959
2003.000,-997204796.083
2004.000,-997204796.083
2005.000,-997204796.083
2006.000,-997204796.083
2007.000,-997204796.083
2008.000,-997204796.083
2009.000,-997204716.959
2010.000,-997204716.959
2011.000,-997204716.959
2012.000,-997204796.083
2013.000,-997204796.083
2014.000,-997204875.206
2015.000,-997204796.083
2016.000,-997204637.835
2017.000,-997204558.711
2018.000,-997204479.587
2019.000,-997204479.587
2020.000,-997204479.587
2021.000,-997204479.587
2022.000,-997204558.711
2023.000,-997204558.711
2024.000,-997204479.587
2025.000,-997204479.587
2026.000,-997204400.463
2027.000,-997204400.463
2028.000,-997204400.463
2029.000,-997204479.587
2030.000,-997204479.587
2031.000,-997204479.587
2032.000,-997204479.587
2033.000,-997204479.587
2034.000,-997204400.463
2035.000,-997204400.463
2036.000,-997204400.463
2037.000,-997204400.463
2038.000,-997204479.587
2039.000,-997204479.587
2040.000,-997204479.587
2041.000,-997204479.587
2042.000,-997204400.463
2043.000,-997204400.463
2044.000,-997204400.463
2045.000,-997204400.463
2046.000,-997204479.587
2047.000,-997204479.587
2048.000,-997204479.587
2049.000,-997204479.587
2050.000,-997204400.463
2051.000,-997204400.463
2052.000,-997204400.463
2053.000,-997204400.463
2054.000,-997204400.463
2055.000,-997204479.587
2056.000,-997204479.587
2057.000,-997204479.587
2058.000,-997204400.463
2059.000,-997204400.463
2060.000,-997204400.463
2061.000,-997204400.463
2062.000,-997204400.463
2063.000,-997204479.587
2064.000,-997204479.587
2065.000,-997204479.587
2066.000,-997204400.463
2067.000,-997204400.463
2068.000,-997204400.463
2069.000,-997204400.463
2070.000,-997204400.463
2071.000,-997204479.587
2072.000,-997204479.587
2073.000,-997204479.587
2074.000,-997204400.463
2075.000,-997204400.463
2076.000,-997204400.463
2077.000,-997204400.463
2078.000,-997204400.463
2079.000,-997204479.587
2080.000,-997204479.587
2081.000,-997204479.587
2082.000,-997204479.587
2083.000,-997204400.463
2084.000,-997204400.463
2085.000,-997204400.463
2086.000,-997204400.463
2087.000,-997204400.463
2088.000,-997204479.587
2089.000,-997204479.587
2090.000,-997204479.587
2091.000,-997204400.463
2092.000,-997204400.463
2093.000,-997204400.463
2094.000,-997204400.463
2095.000,-997204400.463
2096.000,-997204400.463
2097.000,-997204479.587
2098.000,-997204479.587
2099.000,-997204479.587
2100.000,-997204400.463
2101.000,-997204400.463
2102.000,-997204400.463
2103.000,-997204400.463
2104.000,-997204400.463
2105.000,-997204479.587
2106.000,-997204479.587
2107.000,-997204479.587
2108.000,-997204400.463
2109.000,-997204400.463
2110.000,-997204400.463
2111.000,-997204400.463
2112.000,-997204400.463
2113.000,-997204400.463
2114.000,-997204479.587
2115.000,-997204479.587
2116.000,-997204400.463
2117.000,-997204400.463
2118.000,-997204400.463
2119.000,-997204400.463
2120.000,-997204400.463
2121.000,-997204400.463
2122.000,-997204479.587
2123.000,-997204479.587
2124.000,-997204400.463
2125.000,-997204400.463
2126.000,-997204400.463
2127.000,-997204400.463
2128.000,-997204400.463
2129.000,-997204400.463
2130.000,-997204479.587
2131.000,-997204479.587
2132.000,-997204400.463
2133.000,-997204400.463
2134.000,-997204400.463
2135.000,-997204400.463
2136.000,-997204400.463
2137.000,-997204400.463
2138.000,-997204479.587
2139.000,-997204479.587
2140.000,-997204479.587
2141.000,-997204400.463
2142.000,-997204400.463
2143.000,-997204321.339
2144.000,-997204321.339
2145.000,-997204400.463
2146.000,-997204400.463
2147.000,-997204479.587
2148.000,-997204479.587
2149.000,-997204479.587
2150.000,-997204400.463
2151.000,-997204400.463
2152.000,-997204321.339
2153.000,-997204400.463
2154.000,-997204400.463
2155.000,-997204479.587
2156.000,-997204479.587
2157.000,-997204479.587
2158.000,-997204400.463
2159.000,-997204400.463
2160.000,-997204400.463
2161.000,-997204321.339
2162.000,-997204400.463
2163.000,-997204400.463
2164.000,-997204479.587
2165.000,-997204479.587
2166.000,-997204400.463
2167.000,-997204400.463
2168.000,-997204400.463
2169.000,-997204400.463
2170.000,-997204400.463
2171.000,-997204400.463
2172.000,-997204400.463
2173.000,-997204400.463
2174.000,-997204400.463
2175.000,-997204400.463
2176.000,-997204400.463
2177.000,-997204400.463
2178.000,-997204400.463
2179.000,-997204400.463
2180.000,-997204400.463
2181.000,-997204400.463
2182.000,-997204400.463
2183.000,-997204400.463
2184.000,-997204400.463
2185.000,-997204400.463
2186.000,-997204400.463
2187.000,-997204400.463
2188.000,-997204479.587
2189.000,-997204479.587
2190.000,-997204400.463
2191.000,-997204400.463
2192.000,-997204400.463
2193.000,-997204321.339
2194.000,-997204400.463
2195.000,-997204400.463
2196.000,-997204400.463
2197.000,-997204479.587
2198.000,-997204479.587
2199.000,-997204400.463
2200.000,-997204400.463
2201.000,-997204321.339
2202.000,-997204321.339
2203.000,-997204400.463
2204.000,-997204400.463
2205.000,-997204479.587
2206.000,-997204479.587
2207.000,-997204400.463
2208.000,-997204400.463
2209.000,-997204400.463
2210.000,-997204321.339
2211.000,-997204321.339
2212.000,-997204400.463
2213.000,-997204400.463
2214.000,-997204479.587
2215.000,-997204479.587
2216.000,-997204400.463
2217.000,-997204400.463
2218.000,-997204400.463
2219.000,-997204400.463
2220.000,-997204400.463
2221.000,-997204400.463
2222.000,-997204400.463
2223.000,-997204400.463
2224.000,-997204400.463
2225.000,-997204400.463
2226.000,-997204400.463
2227.000,-997204400.463
2228.000,-997204400.463
2229.000,-997204400.463
2230.000,-997204400.463
2231.000,-997204400.463
2232.000,-997204400.463
2233.000,-997204400.463
2234.000,-997204400.463
2235.000,-997204400.463
2236.000,-997204400.463
2237.000,-997204400.463
2238.000,-997204400.463
2239.000,-997204400.463
2240.000,-997204400.463
2241.000,-997204400.463
2242.000,-997204400.463
2243.000,-997204321.339
2244.000,-997204400.463
2245.000,-997204400.463
2246.000,-997204400.463
2247.000,-997204400.463
2248.000,-997204400.463
2249.000,-997204400.463
2250.000,-997204400.463
2251.000,-997204321.339
2252.000,-997204400.463
2253.000,-997204400.463
2254.000,-997204400.463
2255.000,-997204400.463
2256.000,-997204479.587
2257.000,-997204400.463
2258.000,-997204400.463
2259.000,-997204400.463
2260.000,-997204400.463
2261.000,-997204400.463
2262.000,-997204400.463
2263.000,-997204400.463
2264.000,-997204400.463
2265.000,-997204400.463
2266.000,-997204400.463
2267.000,-997204400.463
2268.000,-997204400.463
2269.000,-997204400.463
2270.000,-997204400.463
2271.000,-997204400.463
2272.000,-997204400.463
2273.000,-997204400.463
2274.000,-997204400.463
2275.000,-997204400.463
2276.000,-997204400.463
2277.000,-997204400.463
2278.000,-997204400.463
2279.000,-997204400.463
2280.000,-997204400.463
2281.000,-997204400.463
2282.000,-997204400.463
2283.000,-997204400.463
2284.000,-997204400.463
2285.000,-997204400.463
2286.000,-997204400.463
2287.000,-997204400.463
2288.000,-997204400.463
2289.000,-997204400.463
2290.000,-997204400.463
2291.000,-997204400.463
2292.000,-997204400.463
2293.000,-997204400.463
2294.000,-997204400.463
2295.000,-997204400.463
2296.000,-997204400.463
2297.000,-997204400.463
2298.000,-997204400.463
2299.000,-997204400.463
2300.000,-997204400.463
2301.000,-997204400.463
2302.000,-997204400.463
2303.000,-997204400.463
2304.000,-997204400.463
2305.000,-997204400.463
2306.000,-997204400.463
2307.000,-997204400.463
2308.000,-997204400.463
2309.000,-997204321.339
2310.000,-997204321.339
2311.000,-997204400.463
2312.000,-997204400.463
2313.000,-997204400.463
2314.000,-997204400.463
2315.000,-997204400.463
2316.000,-997204400.463
2317.000,-997204321.339
2318.000,-997204321.339
2319.000,-997204400.463
2320.000,-997204400.463
2321.000,-997204400.463
2322.000,-997204479.587
2323.000,-997204400.463
2324.000,-997204400.463
2325.000,-997204400.463
2326.000,-997204321.339
2327.000,-997204321.339
2328.000,-997204400.463
2329.000,-997204400.463
2330.000,-997204479.587
2331.000,-997204479.587
2332.000,-997204400.463
2333.000,-997204400.463
2334.000,-997204321.339
2335.000,-997204321.339
2336.000,-997204400.463
2337.000,-997204400.463
2338.000,-997204400.463
2339.000,-997204400.463
2340.000,-997204400.463
2341.000,-997204400.463
2342.000,-997204400.463
2343.000,-997204400.463
2344.000,-997204400.463
2345.000,-997204400.463
2346.000,-997204400.463
2347.000,-997204400.463
2348.000,-997204400.463
2349.000,-997204400.463
2350.000,-997204400.463
2351.000,-997204321.339
2352.000,-997204400.463
2353.000,-997204400.463
2354.000,-997204400.463
2355.000,-997204400.463
2356.000,-997204400.463
2357.000,-997204400.463
2358.000,-997204400.463
2359.000,-997204321.339
2360.000,-997204321.339
2361.000,-997204400.463
2362.000,-997204400.463
2363.000,-997204400.463
2364.000,-997204400.463
2365.000,-997204400.463
2366.000,-997204400.463
2367.000,-997204321.339
2368.000,-997204321.339
2369.000,-997204400.463
2370.000,-997204400.463
2371.000,-997204400.463
2372.000,-997204400.463
2373.000,-997204400.463
2374.000,-997204400.463
2375.000,-997204400.463
2376.000,-997204321.339
2377.000,-997204321.339
2378.000,-997204400.463
2379.000,-997204400.463
2380.000,-997204400.463
2381.000,-997204400.463
2382.000,-997204400.463
2383.000,-997204400.463
2384.000,-997204321.339
2385.000,-997204321.339
2386.000,-997204400.463
2387.000,-997204400.463
2388.000,-997204400.463
2389.000,-997204400.463
2390.000,-997204400.463
2391.000,-997204400.463
2392.000,-997204400.463
2393.000,-997204321.339
2394.000,-997204321.339
2395.000,-997204400.463
2396.000,-997204400.463
2397.000,-997204400.463
2398.000,-997204400.463
2399.000,-997204400.463
2400.000,-997204400.463
2401.000,-997204321.339
2402.000,-997204321.339
2403.000,-997204400.463
2404.000,-997204400.463
2405.000,-997204400.463
2406.000,-997204400.463
2407.000,-997204400.463
2408.000,-997204400.463
2409.000,-997204400.463
2410.000,-997204400.463
2411.000,-997204400.463
2412.000,-997204400.463
2413.000,-997204400.463
2414.000,-997204400.463
2415.000,-997204400.463
2416.000,-997204400.463
2417.000,-997204400.463
2418.000,-997204321.339
2419.000,-997204400.463
2420.000,-997204400.463
2421.000,-997204400.463
2422.000,-997204400.463
2423.000,-997204400.463
2424.000,-997204400.463
2425.000,-997204400.463
2426.000,-997204321.339
2427.000,-997204400.463
2428.000,-997204400.463
2429.000,-997204400.463
2430.000,-997204400.463
2431.000,-997204400.463
2432.000,-997204400.463
2433.000,-997204400.463
2434.000,-997204321.339
2435.000,-997204321.339
2436.000,-997204400.463
2437.000,-997204400.463
2438.000,-997204400.463
2439.000,-997204400.463
2440.000,-997204400.463
2441.000,-997204400.463
2442.000,-997204400.463
2443.000,-997204321.339
2444.000,-997204400.463
2445.000,-997204400.463
2446.000,-997204400.463
2447.000,-997204400.463
2448.000,-997204400.463
2449.000,-997204400.463
2450.000,-997204400.463
2451.000,-997204321.339
2452.000,-997204321.339
2453.000,-997204400.463
2454.000,-997204400.463
2455.000,-997204400.463
2456.000,-997204479.587
2457.000,-997204400.463
2458.000,-997204400.463
2459.000,-997204321.339
2460.000,-997204321.339
2461.000,-997204321.339
2462.000,-997204400.463
2463.000,-997204400.463
2464.000,-997204400.463
2465.000,-997204400.463
2466.000,-997204400.463
2467.000,-997204400.463
2468.000,-997204321.339
2469.000,-997204321.339
2470.000,-997204400.463
2471.000,-997204400.463
2472.000,-997204400.463
2473.000,-997204400.463
2474.000,-997204400.463
2475.000,-997204400.463
2476.000,-997204400.463
2477.000,-997204400.463
2478.000,-997204400.463
2479.000,-997204400.463
2480.000,-997204400.463
2481.000,-997204400.463
2482.000,-997204400.463
2483.000,-997204400.463
2484.000,-997204400.463
2485.000,-997204400.463
2486.000,-997204400.463
2487.000,-997204400.463
2488.000,-997204400.463
2489.000,-997204400.463
2490.000,-997204400.463
2491.000,-997204400.463
2492.000,-997204400.463
2493.000,-997204400.463
2494.000,-997204400.463
2495.000,-997204400.463
2496.000,-997204400.463
2497.000,-997204400.463
2498.000,-997204400.463
2499.000,-997204400.463
2500.000,-997204400.463
2501.000,-997204321.339
2502.000,-997204400.463
2503.000,-997204400.463
2504.000,-997204400.463
2505.000,-997204400.463
2506.000,-997204400.463
2507.000,-997204400.463
2508.000,-997204400.463
2509.000,-997204321.339
2510.000,-997204321.339
2511.000,-997204400.463
2512.000,-997204400.463
2513.000,-997204400.463
2514.000,-997204400.463
2515.000,-997204400.463
2516.000,-997204558.711
2517.000,-997204558.711
2518.000,-997204637.835
2519.000,-997204637.835
2520.000,-997204637.835
2521.000,-997204716.959
2522.000,-997204716.959
2523.000,-997204716.959
2524.000,-997204716.959
2525.000,-997204716.959
2526.000,-997204716.959
2527.000,-997204716.959
2528.000,-997204716.959
2529.000,-997204716.959
2530.000,-997204716.959
2531.000,-997204796.083
2532.000,-997204716.959
2533.000,-997204716.959
2534.000,-997204716.959
2535.000,-997204716.959
2536.000,-997204716.959
2537.000,-997204716.959
2538.000,-997204716.959
2539.000,-997204716.959
2540.000,-997204716.959
2541.000,-997204716.959
2542.000,-997204716.959
2543.000,-997204716.959
2544.000,-997204716.959
2545.000,-997204716.959
2546.000,-997204716.959
2547.000,-997204796.083
2548.000,-997204796.083
2549.000,-997204716.959
2550.000,-997204716.959
2551.000,-997204716.959
2552.000,-997204716.959
2553.000,-997204716.959
2554.000,-997204796.083
2555.000,-997204796.083
2556.000,-997204796.083
2557.000,-997204716.959
2558.000,-997204716.959
2559.000,-997204716.959
2560.000,-997204716.959
2561.000,-997204716.959
2562.000,-997204716.959
2563.000,-997204796.083
2564.000,-997204796.083
2565.000,-997204796.083
2566.000,-997204716.959
2567.000,-997204716.959
2568.000,-997204716.959
2569.000,-997204716.959
2570.000,-997204716.959
2571.000,-997204796.083
2572.000,-997204796.083
2573.000,-997204796.083
2574.000,-997204796.083
2575.000,-997204716.959
2576.000,-997204716.959
2577.000,-997204716.959
2578.000,-997204716.959
2579.000,-997204796.083
2580.000,-997204796.083
2581.000,-997204796.083
2582.000,-997204796.083
2583.000,-997204796.083
2584.000,-997204716.959
2585.000,-997204716.959
2586.000,-997204716.959
2587.000,-997204716.959
2588.000,-997204796.083
2589.000,-997204796.083
2590.000,-997204796.083
2591.000,-997204796.083
2592.000,-997204716.959
2593.000,-997204716.959
2594.000,-997204716.959
2595.000,-997204716.959
2596.000,-997204796.083
2597.000,-997204796.083
2598.000,-997204796.083
2599.000,-997204796.083
2600.000,-997204796.083
2601.000,-997204716.959
2602.000,-997204716.959
2603.000,-997204716.959
2604.000,-997204716.959
2605.000,-997204796.083
2606.000,-997204796.083
2607.000,-997204796.083
2608.000,-997204796.083
2609.000,-997204716.959
2610.000,-997204716.959
2611.000,-997204716.959
2612.000,-997204716.959
2613.000,-997204796.083
2614.000,-997204796.083
2615.000,-997204796.083
2616.000,-997204796.083
2617.000,-997204796.083
2618.000,-997204716.959
2619.000,-997204716.959
2620.000,-997204796.083
2621.000,-997204796.083
2622.000,-997204796.083
2623.000,-997204796.083
2624.000,-997204796.083
2625.000,-997204716.959
2626.000,-997204716.959
2627.000,-997204716.959
2628.000,-997204716.959
2629.000,-997204796.083
2630.000,-997204796.083
2631.000,-997204796.083
2632.000,-997204796.083
2633.000,-997204796.083
2634.000,-997204716.959
2635.000,-997204716.959
2636.000,-997204716.959
2637.000,-997204796.083
2638.000,-997204796.083
2639.000,-997204796.083
2640.000,-997204796.083
2641.000,-997204796.083
2642.000,-997204716.959
2643.000,-997204716.959
2644.000,-997204716.959
2645.000,-997204716.959
2646.000,-997204796.083
2647.000,-997204796.083
2648.000,-997204796.083
2649.000,-997204796.083
2650.000,-997204796.083
2651.000,-997204716.959
2652.000,-997204716.959
2653.000,-997204716.959
2654.000,-997204796.083
2655.000,-997204796.083
2656.000,-997204796.083
2657.000,-997204796.083
2658.000,-997204796.083
2659.000,-997204796.083
2660.000,-997204716.959
2661.000,-997204716.959
2662.000,-997204796.083
2663.000,-997204796.083
2664.000,-997204796.083
2665.000,-997204796.083
2666.000,-997204796.083
2667.000,-997204796.083
2668.000,-997204716.959
2669.000,-997204716.959
2670.000,-997204796.083
2671.000,-997204796.083
2672.000,-997204796.083
2673.000,-997204796.083
2674.000,-997204796.083
2675.000,-997204716.959
2676.000,-997204716.959
2677.000,-997204716.959
2678.000,-997204716.959
2679.000,-997204796.083
2680.000,-997204796.083
2681.000,-997204796.083
2682.000,-997204796.083
2683.000,-997204796.083
2684.000,-997204716.959
2685.000,-997204716.959
2686.000,-997204716.959
2687.000,-997204796.083
2688.000,-997204796.083
2689.000,-997204796.083
2690.000,-997204796.083
2691.000,-997204796.083
2692.000,-997204796.083
2693.000,-997204716.959
2694.000,-997204716.959
2695.000,-997204716.959
2696.000,-997204796.083
2697.000,-997204796.083
2698.000,-997204796.083
2699.000,-997204796.083
2700.000,-997204796.083
2701.000,-997204716.959
2702.000,-997204716.959
2703.000,-997204716.959
2704.000,-997204716.959
2705.000,-997204796.083
2706.000,-997204796.083
2707.000,-997204796.083
2708.000,-997204796.083
2709.000,-997204796.083
2710.000,-997204716.959
2711.000,-997204716.959
2712.000,-997204716.959
2713.000,-997204796.083
2714.000,-997204796.083
2715.000,-997204796.083
2716.000,-997204796.083
2717.000,-997204796.083
2718.000,-997204796.083
2719.000,-997204796.083
2720.000,-997204796.083
2721.000,-997204796.083
2722.000,-997204796.083
2723.000,-997204796.083
2724.000,-997204796.083
2725.000,-997204796.083
2726.000,-997204796.083
2727.000,-997204796.083
2728.000,-997204796.083
2729.000,-997204796.083
2730.000,-997204796.083
2731.000,-997204796.083
2732.000,-997204796.083
2733.000,-997204796.083
2734.000,-997204716.959
2735.000,-997204716.959
2736.000,-997204796.083
2737.000,-997204796.083
2738.000,-997204796.083
2739.000,-997204796.083
2740.000,-997204796.083
2741.000,-997204796.083
2742.000,-997204716.959
2743.000,-997204716.959
2744.000,-997204716.959
2745.000,-997204796.083
2746.000,-997204796.083
2747.000,-997204796.083
2748.000,-997204796.083
2749.000,-997204796.083
2750.000,-997204796.083
2751.000,-997204716.959
2752.000,-997204716.959
2753.000,-997204716.959
2754.000,-997204796.083
2755.000,-997204796.083
2756.000,-997204796.083
2757.000,-997204796.083
2758.000,-997204796.083
2759.000,-997204796.083
2760.000,-997204716.959
2761.000,-997204716.959
2762.000,-997204796.083
2763.000,-997204796.083
2764.000,-997204796.083
2765.000,-997204796.083
2766.000,-997204796.083
2767.000,-997204796.083
2768.000,-997204716.959
2769.000,-997204716.959
2770.000,-997204796.083
2771.000,-997204796.083
2772.000,-997204796.083
2773.000,-997204796.083
2774.000,-997204796.083
2775.000,-997204796.083
2776.000,-997204796.083
2777.000,-997204716.959
2778.000,-997204796.083
2779.000,-997204796.083
2780.000,-997204796.083
2781.000,-997204796.083
2782.000,-997204796.083
2783.000,-997204796.083
2784.000,-997204796.083
2785.000,-997204716.959
2786.000,-997204796.083
2787.000,-997204796.083
2788.000,-997204796.083
2789.000,-997204796.083
2790.000,-997204796.083
2791.000,-997204796.083
2792.000,-997204716.959
2793.000,-997204716.959
2794.000,-997204796.083
2795.000,-997204796.083
2796.000,-997204796.083
2797.000,-997204796.083
2798.000,-997204796.083
2799.000,-997204796.083
2800.000,-997204716.959
2801.000,-997204716.959
2802.000,-997204716.959
2803.000,-997204796.083
2804.000,-997204796.083
2805.000,-997204796.083
2806.000,-997204796.083
2807.000,-997204796.083
2808.000,-997204796.083
2809.000,-997204716.959
2810.000,-997204716.959
2811.000,-997204716.959
2812.000,-997204796.083
2813.000,-997204796.083
2814.000,-997204796.083
2815.000,-997204796.083
2816.000,-997204796.083
2817.000,-997204716.959
2818.000,-997204716.959
2819.000,-997204716.959
2820.000,-997204716.959
2821.000,-997204796.083
2822.000,-997204796.083
2823.000,-997204796.083
2824.000,-997204796.083
2825.000,-997204796.083
2826.000,-997204716.959
2827.000,-997204716.959
2828.000,-997204716.959
2829.000,-997204716.959
2830.000,-997204796.083
2831.000,-997204796.083
2832.000,-997204796.083
2833.000,-997204796.083
2834.000,-997204796.083
2835.000,-997204796.083
2836.000,-997204716.959
2837.000,-997204796.083
2838.000,-997204796.083
2839.000,-997204796.083
2840.000,-997204796.083
2841.000,-997204796.083
2842.000,-997204796.083
2843.000,-997204796.083
2844.000,-997204796.083
2845.000,-997204796.083
2846.000,-997204796.083
2847.000,-997204796.083
2848.000,-997204796.083
2849.000,-997204796.083
2850.000,-997204796.083
2851.000,-997204716.959
2852.000,-997204716.959
2853.000,-997204796.083
2854.000,-997204796.083
2855.000,-997204796.083
2856.000,-997204796.083
2857.000,-997204796.083
2858.000,-997204796.083
2859.000,-997204716.959
2860.000,-997204716.959
2861.000,-997204716.959
2862.000,-997204796.083
2863.000,-997204796.083
2864.000,-997204796.083
2865.000,-997204796.083
2866.000,-997204796.083
2867.000,-997204716.959
2868.000,-997204716.959
2869.000,-997204716.959
2870.000,-997204796.083
2871.000,-997204796.083
2872.000,-997204796.083
2873.000,-997204796.083
2874.000,-997204796.083
2875.000,-997204796.083
2876.000,-997204716.959
2877.000,-997204716.959
2878.000,-997204716.959
2879.000,-997204796.083
2880.000,-997204796.083
2881.000,-997204796.083
2882.000,-997204796.083
2883.000,-997204796.083
2884.000,-997204796.083
2885.000,-997204716.959
2886.000,-997204716.959
2887.000,-997204716.959
2888.000,-997204796.083
2889.000,-997204796.083
2890.000,-997204796.083
2891.000,-997204796.083
2892.000,-997204796.083
2893.000,-997204796.083
2894.000,-997204716.959
2895.000,-997204796.083
2896.000,-997204796.083
2897.000,-997204796.083
2898.000,-997204796.083
2899.000,-997204796.083
2900.000,-997204796.083
2901.000,-997204716.959
2902.000,-997204716.959
2903.000,-997204796.083
2904.000,-997204796.083
2905.000,-997204796.083
2906.000,-997204796.083
2907.000,-997204796.083
2908.000,-997204796.083
2909.000,-997204716.959
2910.000,-997204716.959
2911.000,-997204796.083
2912.000,-997204796.083
2913.000,-997204796.083
2914.000,-997204796.083
2915.000,-997204796.083
2916.000,-997204796.083
2917.000,-997204716.959
2918.000,-997204716.959
2919.000,-997204716.959
2920.000,-997204796.083
2921.000,-997204796.083
2922.000,-997204796.083
2923.000,-997204796.083
2924.000,-997204796.083
2925.000,-997204796.083
2926.000,-997204716.959
2927.000,-997204716.959
2928.000,-997204716.959
2929.000,-997204796.083
2930.000,-997204796.083
2931.000,-997204875.206
2932.000,-997204796.083
2933.000,-997204796.083
2934.000,-997204716.959
2935.000,-997204716.959
2936.000,-997204716.959
2937.000,-997204716.959
2938.000,-997204796.083
2939.000,-997204796.083
2940.000,-997204796.083
2941.000,-997204796.083
2942.000,-997204796.083
2943.000,-997204716.959
2944.000,-997204716.959
2945.000,-997204716.959
2946.000,-997204796.083
2947.000,-997204796.083
2948.000,-997204796.083
2949.000,-997204796.083
2950.000,-997204796.083
2951.000,-997204796.083
2952.000,-997204716.959
2953.000,-997204716.959
2954.000,-997204796.083
2955.000,-997204796.083
2956.000,-997204796.083
2957.000,-997204796.083
2958.000,-997204796.083
2959.000,-997204796.083
2960.000,-997204716.959
2961.000,-997204716.959
2962.000,-997204796.083
2963.000,-997204796.083
2964.000,-997204796.083
2965.000,-997204796.083
2966.000,-997204796.083
2967.000,-997204796.083
2968.000,-997204796.083
2969.000,-997204716.959
2970.000,-997204796.083
2971.000,-997204796.083
2972.000,-997204796.083
2973.000,-997204796.083
2974.000,-997204796.083
2975.000,-997204796.083
2976.000,-997204716.959
2977.000,-997204716.959
2978.000,-997204796.083
2979.000,-997204796.083
2980.000,-997204796.083
2981.000,-997204796.083
2982.000,-997204796.083
2983.000,-997204796.083
2984.000,-997204716.959
2985.000,-997204716.959
2986.000,-997204716.959
2987.000,-997204796.083
2988.000,-997204796.083
2989.000,-997204796.083
2990.000,-997204796.083
2991.000,-997204796.083
2992.000,-997204796.083
2993.000,-997204716.959
2994.000,-997204716.959
2995.000,-997204796.083
2996.000,-997204796.083
2997.000,-997204796.083
2998.000,-997204875.206
2999.000,-997204796.083
3000.000,-997204796.083
3001.000,-997204716.959
3002.000,-997204716.959
3003.000,-997204716.959
3004.000,-997204796.083
3005.000,-997204796.083
3006.000,-997204796.083
3007.000,-997204796.083
3008.000,-997204796.083
3009.000,-997204796.083
3010.000,-997204716.959
3011.000,-997204716.959
3012.000,-997204796.083
3013.000,-997204796.083
3014.000,-997204796.083
3015.000,-997204796.083
3016.000,-997204637.835
3017.000,-997204558.711
3018.000,-997204479.587
3019.000,-997204479.587
3020.000,-997204479.587
3021.000,-997204479.587
3022.000,-997204479.587
3023.000,-997204479.587
3024.000,-997204479.587
3025.000,-997204479.587
3026.000,-997204400.463
3027.000,-997204400.463
3028.000,-997204400.463
3029.000,-997204479.587
3030.000,-997204479.587
3031.000,-997204479.587
3032.000,-997204479.587
3033.000,-997204479.587
3034.000,-997204400.463
3035.000,-997204400.463
3036.000,-997204400.463
3037.000,-997204400.463
3038.000,-997204479.587
3039.000,-997204479.587
3040.000,-997204479.587
3041.000,-997204479.587
3042.000,-997204400.463
3043.000,-997204400.463
3044.000,-997204400.463
3045.000,-997204400.463
3046.000,-997204479.587
3047.000,-997204479.587
3048.000,-997204479.587
3049.000,-997204479.587
3050.000,-997204479.587
3051.000,-997204400.463
3052.000,-997204400.463
3053.000,-997204400.463
3054.000,-997204400.463
3055.000,-997204479.587
3056.000,-997204479.587
3057.000,-997204479.587
3058.000,-997204479.587
3059.000,-997204400.463
3060.000,-997204400.463
3061.000,-997204400.463
3062.000,-997204400.463
3063.000,-997204400.463
3064.000,-997204479.587
3065.000,-997204479.587
3066.000,-997204479.587
3067.000,-997204400.463
3068.000,-997204400.463
3069.000,-997204400.463
3070.000,-997204400.463
3071.000,-997204400.463
3072.000,-997204479.587
3073.000,-997204479.587
3074.000,-997204479.587
3075.000,-997204400.463
3076.000,-997204400.463
3077.000,-997204400.463
3078.000,-997204400.463
3079.000,-997204400.463
3080.000,-997204479.587
3081.000,-997204479.587
3082.000,-997204479.587
3083.000,-997204400.463
3084.000,-997204400.463
3085.000,-997204400.463
3086.000,-997204400.463
3087.000,-997204400.463
3088.000,-997204479.587
3089.000,-997204479.587
3090.000,-997204479.587
3091.000,-997204400.463
3092.000,-997204400.463
3093.000,-997204400.463
3094.000,-997204400.463
3095.000,-997204400.463
3096.000,-997204400.463
3097.000,-997204479.587
3098.000,-997204479.587
3099.000,-997204479.587
3100.000,-997204400.463
3101.000,-997204400.463
3102.000,-997204400.463
3103.000,-997204400.463
3104.000,-997204400.463
3105.000,-997204479.587
3106.000,-997204479.587
3107.000,-997204479.587
3108.000,-997204400.463
3109.000,-997204400.463
3110.000,-997204400.463
3111.000,-997204400.463
3112.000,-997204400.463
3113.000,-997204400.463
3114.000,-997204479.587
3115.000,-997204479.587
3116.000,-997204479.587
3117.000,-997204400.463
3118.000,-997204400.463
3119.000,-997204400.463
3120.000,-997204400.463
3121.000,-997204400.463
3122.000,-997204479.587
3123.000,-997204479.587
3124.000,-997204479.587
3125.000,-997204400.463
3126.000,-997204400.463
3127.000,-997204400.463
3128.000,-997204400.463
3129.000,-997204400.463
3130.000,-997204400.463
3131.000,-997204479.587
3132.000,-997204479.587
3133.000,-997204400.463
3134.000,-997204400.463
3135.000,-997204400.463
3136.000,-997204400.463
3137.000,-997204400.463
3138.000,-997204400.463
3139.000,-997204479.587
3140.000,-997204479.587
3141.000,-997204400.463
3142.000,-997204400.463
3143.000,-997204400.463
3144.000,-997204400.463
3145.000,-997204400.463
3146.000,-997204400.463
3147.000,-997204479.587
3148.000,-997204479.587
3149.000,-997204400.463
3150.000,-997204400.463
3151.000,-997204400.463
3152.000,-997204400.463
3153.000,-997204400.463
3154.000,-997204400.463
3155.000,-997204479.587
3156.000,-997204479.587
3157.000,-997204479.587
3158.000,-997204400.463
3159.000,-997204400.463
3160.000,-997204400.463
3161.000,-997204400.463
3162.000,-997204400.463
3163.000,-997204400.463
3164.000,-997204479.587
3165.000,-997204479.587
3166.000,-997204400.463
3167.000,-997204400.463
3168.000,-997204400.463
3169.000,-997204400.463
3170.000,-997204400.463
3171.000,-997204400.463
3172.000,-997204479.587
3173.000,-997204479.587
3174.000,-997204479.587
3175.000,-997204400.463
3176.000,-997204400.463
3177.000,-997204321.339
3178.000,-997204400.463
3179.000,-997204400.463
3180.000,-997204400.463
3181.000,-997204479.587
3182.000,-997204479.587
3183.000,-997204400.463
3184.000,-997204400.463
3185.000,-997204400.463
3186.000,-997204400.463
3187.000,-997204400.463
3188.000,-997204400.463
3189.000,-997204400.463
3190.000,-997204479.587
3191.000,-997204400.463
3192.000,-997204400.463
3193.000,-997204400.463
3194.000,-997204400.463
3195.000,-997204400.463
3196.000,-997204400.463
3197.000,-997204400.463
3198.000,-997204400.463
3199.000,-997204400.463
3200.000,-997204400.463
3201.000,-997204400.463
3202.000,-997204400.463
3203.000,-997204400.463
3204.000,-997204400.463
3205.000,-997204400.463
3206.000,-997204400.463
3207.000,-997204400.463
3208.000,-997204400.463
3209.000,-997204400.463
3210.000,-997204400.463
3211.000,-997204400.463
3212.000,-997204400.463
3213.000,-997204400.463
3214.000,-997204479.587
3215.000,-997204400.463
3216.000,-997204400.463
3217.000,-997204400.463
3218.000,-997204400.463
3219.000,-997204400.463
3220.000,-997204400.463
3221.000,-997204400.463
3222.000,-997204479.587
3223.000,-997204479.587
3224.000,-997204400.463
3225.000,-997204400.463
3226.000,-997204321.339
3227.000,-997204321.339
3228.000,-997204400.463
3229.000,-997204400.463
3230.000,-997204479.587
3231.000,-997204479.587
3232.000,-997204400.463
3233.000,-997204400.463
3234.000,-997204400.463
3235.000,-997204321.339
3236.000,-997204400.463
3237.000,-997204400.463
3238.000,-997204400.463
3239.000,-997204479.587
3240.000,-997204479.587
3241.000,-997204400.463
3242.000,-997204400.463
3243.000,-997204400.463
3244.000,-997204400.463
3245.000,-997204400.463
3246.000,-997204400.463
3247.000,-997204479.587
3248.000,-997204400.463
3249.000,-997204400.463
3250.000,-997204400.463
3251.000,-997204400.463
3252.000,-997204400.463
3253.000,-997204400.463
3254.000,-997204400.463
3255.000,-997204479.587
3256.000,-997204479.587
3257.000,-997204400.463
3258.000,-997204400.463
3259.000,-997204400.463
3260.000,-997204321.339
3261.000,-997204400.463
3262.000,-997204400.463
3263.000,-997204400.463
3264.000,-997204479.587
3265.000,-997204400.463
3266.000,-997204400.463
3267.000,-997204400.463
3268.000,-997204321.339
3269.000,-997204321.339
3270.000,-997204400.463
3271.000,-997204400.463
3272.000,-997204479.587
3273.000,-997204479.587
3274.000,-997204400.463
3275.000,-997204400.463
3276.000,-997204321.339
3277.000,-997204321.339
3278.000,-997204400.463
3279.000,-997204400.463
3280.000,-997204479.587
3281.000,-997204479.587
3282.000,-997204400.463
3283.000,-997204400.463
3284.000,-997204321.339
3285.000,-997204321.339
3286.000,-997204400.463
3287.000,-997204400.463
3288.000,-997204400.463
3289.000,-997204479.587
3290.000,-997204479.587
3291.000,-997204400.463
3292.000,-997204400.463
3293.000,-997204321.339
3294.000,-997204321.339
3295.000,-997204400.463
3296.000,-997204400.463
3297.000,-997204479.587
3298.000,-997204479.587
3299.000,-997204400.463
3300.000,-997204400.463
3301.000,-997204321.339
3302.000,-997204321.339
3303.000,-997204400.463
3304.000,-997204400.463
3305.000,-997204400.463
3306.000,-997204479.587
3307.000,-997204400.463
3308.000,-997204400.463
3309.000,-997204400.463
3310.000,-997204321.339
3311.000,-997204321.339
3312.000,-997204400.463
3313.000,-997204400.463
3314.000,-997204479.587
3315.000,-997204479.587
3316.000,-997204400.463
3317.000,-997204400.463
3318.000,-997204321.339
3319.000,-997204321.339
3320.000,-997204400.463
3321.000,-997204400.463
3322.000,-997204400.463
3323.000,-997204400.463
3324.000,-997204400.463
3325.000,-997204400.463
3326.000,-997204400.463
3327.000,-997204400.463
3328.000,-997204400.463
3329.000,-997204400.463
3330.000,-997204400.463
3331.000,-997204400.463
3332.000,-997204400.463
3333.000,-997204400.463
3334.000,-997204400.463
3335.000,-997204321.339
3336.000,-997204400.463
3337.000,-997204400.463
3338.000,-997204400.463
3339.000,-997204400.463
3340.000,-997204400.463
3341.000,-997204400.463
3342.000,-997204400.463
3343.000,-997204321.339
3344.000,-997204400.463
3345.000,-997204400.463
3346.000,-997204400.463
3347.000,-997204479.587
3348.000,-997204400.463
3349.000,-997204400.463
3350.000,-997204400.463
3351.000,-997204321.339
3352.000,-997204321.339
3353.000,-997204400.463
3354.000,-997204400.463
3355.000,-997204479.587
3356.000,-997204479.587
3357.000,-997204400.463
3358.000,-997204400.463
3359.000,-997204321.339
3360.000,-997204321.339
3361.000,-997204321.339
3362.000,-997204400.463
3363.000,-997204400.463
3364.000,-997204479.587
3365.000,-997204479.587
3366.000,-997204400.463
3367.000,-997204400.463
3368.000,-997204321.339
3369.000,-997204321.339
3370.000,-997204400.463
3371.000,-997204400.463
3372.000,-997204479.587
3373.000,-997204479.587
3374.000,-997204400.463
3375.000,-997204400.463
3376.000,-997204321.339
3377.000,-997204321.339
3378.000,-997204400.463
3379.000,-997204400.463
3380.000,-997204400.463
3381.000,-997204479.587
3382.000,-997204400.463
3383.000,-997204400.463
3384.000,-997204400.463
3385.000,-997204321.339
3386.000,-997204321.339
3387.000,-997204400.463
3388.000,-997204400.463
3389.000,-997204400.463
3390.000,-997204400.463
3391.000,-997204400.463
3392.000,-997204400.463
3393.000,-997204321.339
3394.000,-997204321.339
3395.000,-997204400.463
3396.000,-997204400.463
3397.000,-997204400.463
3398.000,-997204400.463
3399.000,-997204400.463
3400.000,-997204400.463
3401.000,-997204321.339
3402.000,-997204321.339
3403.000,-997204400.463
3404.000,-997204400.463
3405.000,-997204400.463
3406.000,-997204400.463
3407.000,-997204400.463
3408.000,-997204400.463
3409.000,-997204400.463
3410.000,-997204321.339
3411.000,-997204321.339
3412.000,-997204400.463
3413.000,-997204400.463
3414.000,-997204479.587
3415.000,-997204400.463
3416.000,-997204400.463
3417.000,-997204400.463
3418.000,-997204321.339
3419.000,-997204321.339
3420.000,-997204400.463
3421.000,-997204400.463
3422.000,-997204400.463
3423.000,-997204400.463
3424.000,-997204400.463
3425.000,-997204400.463
3426.000,-997204321.339
3427.000,-997204321.339
3428.000,-997204400.463
3429.000,-997204400.463
3430.000,-997204400.463
3431.000,-997204400.463
3432.000,-997204400.463
3433.000,-997204400.463
3434.000,-997204321.339
3435.000,-997204321.339
3436.000,-997204400.463
3437.000,-997204400.463
3438.000,-997204400.463
3439.000,-997204400.463
3440.000,-997204400.463
3441.000,-997204400.463
3442.000,-997204400.463
3443.000,-997204321.339
3444.000,-997204321.339
3445.000,-997204400.463
3446.000,-997204400.463
3447.000,-997204400.463
3448.000,-997204400.463
3449.000,-997204400.463
3450.000,-997204400.463
3451.000,-997204321.339
3452.000,-997204321.339
3453.000,-997204400.463
3454.000,-997204400.463
3455.000,-997204400.463
3456.000,-997204400.463
3457.000,-997204400.463
3458.000,-997204400.463
3459.000,-997204400.463
3460.000,-997204321.339
3461.000,-997204400.463
3462.000,-997204400.463
3463.000,-997204400.463
3464.000,-997204400.463
3465.000,-997204400.463
3466.000,-997204400.463
3467.000,-997204400.463
3468.000,-997204321.339
3469.000,-997204321.339
3470.000,-997204400.463
3471.000,-997204400.463
3472.000,-997204400.463
3473.000,-997204400.463
3474.000,-997204400.463
3475.000,-997204400.463
3476.000,-997204321.339
3477.000,-997204321.339
3478.000,-997204400.463
3479.000,-997204400.463
3480.000,-997204400.463
3481.000,-997204479.587
3482.000,-997204400.463
3483.000,-997204400.463
3484.000,-997204321.339
3485.000,-997204321.339
3486.000,-997204321.339
3487.000,-997204400.463
3488.000,-997204400.463
3489.000,-997204400.463
3490.000,-997204400.463
3491.000,-997204400.463
3492.000,-997204400.463
3493.000,-997204321.339
3494.000,-997204321.339
3495.000,-997204400.463
3496.000,-997204400.463
3497.000,-997204400.463
3498.000,-997204400.463
3499.000,-997204400.463
3500.000,-997204400.463
3501.000,-997204321.339
3502.000,-997204321.339
3503.000,-997204400.463
3504.000,-997204400.463
3505.000,-997204400.463
3506.000,-997204400.463
3507.000,-997204400.463
3508.000,-997204400.463
3509.000,-997204400.463
3510.000,-997204321.339
3511.000,-997204400.463
3512.000,-997204400.463
3513.000,-997204400.463
3514.000,-997204400.463
3515.000,-997204400.463
3516.000,-997204558.711
3517.000,-997204637.835
3518.000,-997204637.835
3519.000,-997204637.835
3520.000,-997204716.959
3521.000,-997204716.959
3522.000,-997204716.959
3523.000,-997204716.959
3524.000,-997204716.959
3525.000,-997204716.959
3526.000,-997204637.835
3527.000,-997204637.835
3528.000,-997204716.959
3529.000,-997204716.959
3530.000,-997204796.083
3531.000,-997204796.083
3532.000,-997204716.959
3533.000,-997204716.959
3534.000,-997204716.959
3535.000,-997204637.835
3536.000,-997204716.959
3537.000,-997204716.959
3538.000,-997204716.959
3539.000,-997204796.083
3540.000,-997204796.083
3541.000,-997204716.959
3542.000,-997204716.959
3543.000,-997204716.959
3544.000,-997204716.959
3545.000,-997204716.959
3546.000,-997204716.959
3547.000,-997204796.083
3548.000,-997204796.083
3549.000,-997204796.083
3550.000,-997204716.959
3551.000,-997204716.959
3552.000,-997204716.959
3553.000,-997204716.959
3554.000,-997204716.959
3555.000,-997204716.959
3556.000,-997204796.083
3557.000,-997204796.083
3558.000,-997204716.959
3559.000,-997204716.959
3560.000,-997204716.959
3561.000,-997204716.959
3562.000,-997204716.959
3563.000,-997204716.959
3564.000,-997204796.083
3565.000,-997204796.083
3566.000,-997204716.959
3567.000,-997204716.959
3568.000,-997204716.959
3569.000,-997204716.959
3570.000,-997204716.959
3571.000,-997204796.083
3572.000,-997204796.083
3573.000,-997204796.083
3574.000,-997204716.959
3575.000,-997204716.959
3576.000,-997204716.959
3577.000,-997204716.959
3578.000,-997204716.959
3579.000,-997204796.083
3580.000,-997204796.083
3581.000,-997204796.083
3582.000,-997204796.083
3583.000,-997204716.959
3584.000,-997204716.959
3585.000,-997204716.959
3586.000,-997204716.959
3587.000,-997204796.083
3588.000,-997204796.083
3589.000,-997204796.083
3590.000,-997204796.083
3591.000,-997204716.959
3592.000,-997204716.959
3593.000,-997204716.959
3594.000,-997204716.959
3595.000,-997204716.959
3596.000,-997204796.083
3597.000,-997204796.083
3598.000,-997204796.083
3599.000,-997204796.083
3600.000,-997204716.959
3601.000,-997204716.959
3602.000,-997204716.959
3603.000,-997204716.959
3604.000,-997204796.083
3605.000,-997204796.083
3606.000,-997204796.083
3607.000,-997204796.083
3608.000,-997204796.083
3609.000,-997204716.959
3610.000,-997204716.959
3611.000,-997204716.959
3612.000,-997204716.959
3613.000,-997204796.083
3614.000,-997204796.083
3615.000,-997204796.083
3616.000,-997204796.083
3617.000,-997204716.959
3618.000,-997204716.959
3619.000,-997204716.959
3620.000,-997204716.959
3621.000,-997204796.083
3622.000,-997204796.083
3623.000,-997204796.083
3624.000,-997204796.083
3625.000,-997204796.083
3626.000,-997204716.959
3627.000,-997204716.959
3628.000,-997204716.959
3629.000,-997204796.083
3630.000,-997204796.083
3631.000,-997204796.083
3632.000,-997204796.083
3633.000,-997204796.083
3634.000,-997204716.959
3635.000,-997204716.959
3636.000,-997204716.959
3637.000,-997204796.083
3638.000,-997204796.083
3639.000,-997204796.083
3640.000,-997204796.083
3641.000,-997204716.959
3642.000,-997204716.959
3643.000,-997204716.959
3644.000,-997204716.959
3645.000,-997204796.083
3646.000,-997204796.083
3647.000,-997204796.083
3648.000,-997204796.083
3649.000,-997204796.083
3650.000,-997204716.959
3651.000,-997204716.959
3652.000,-997204716.959
3653.000,-997204716.959
3654.000,-997204796.083
3655.000,-997204796.083
3656.000,-997204796.083
3657.000,-997204796.083
3658.000,-997204716.959
3659.000,-997204716.959
3660.000,-997204716.959
3661.000,-997204716.959
3662.000,-997204796.083
3663.000,-997204796.083
3664.000,-997204796.083
3665.000,-997204796.083
3666.000,-997204796.083
3667.000,-997204716.959
3668.000,-997204716.959
3669.000,-997204716.959
3670.000,-997204716.959
3671.000,-997204796.083
3672.000,-997204796.083
3673.000,-997204796.083
3674.000,-997204796.083
3675.000,-997204796.083
3676.000,-997204716.959
3677.000,-997204716.959
3678.000,-997204716.959
3679.000,-997204796.083
3680.000,-997204796.083
3681.000,-997204796.083
3682.000,-997204796.083
3683.000,-997204796.083
3684.000,-997204796.083
3685.000,-997204716.959
3686.000,-997204796.083
3687.000,-997204796.083
3688.000,-997204796.083
3689.000,-997204796.083
3690.000,-997204796.083
3691.000,-997204796.083
3692.000,-997204716.959
3693.000,-997204716.959
3694.000,-997204796.083
3695.000,-997204796.083
3696.000,-997204796.083
3697.000,-997204796.083
3698.000,-997204796.083
3699.000,-997204716.959
3700.000,-997204716.959
3701.000,-997204716.959
3702.000,-997204716.959
3703.000,-997204796.083
3704.000,-997204796.083
3705.000,-997204796.083
3706.000,-997204796.083
3707.000,-997204796.083
3708.000,-997204716.959
3709.000,-997204716.959
3710.000,-997204716.959
3711.000,-997204716.959
3712.000,-997204796.083
3713.000,-997204796.083
3714.000,-997204796.083
3715.000,-997204796.083
3716.000,-997204796.083
3717.000,-997204716.959
3718.000,-997204716.959
3719.000,-997204716.959
3720.000,-997204796.083
3721.000,-997204796.083
3722.000,-997204796.083
3723.000,-997204796.083
3724.000,-997204796.083
3725.000,-997204796.083
3726.000,-997204716.959
3727.000,-997204716.959
3728.000,-997204716.959
3729.000,-997204796.083
3730.000,-997204796.083
3731.000,-997204796.083
3732.000,-997204796.083
3733.000,-997204796.083
3734.000,-997204716.959
3735.000,-997204716.959
3736.000,-997204716.959
3737.000,-997204796.083
3738.000,-997204796.083
3739.000,-997204796.083
3740.000,-997204796.083
3741.000,-997204796.083
3742.000,-997204796.083
3743.000,-997204716.959
3744.000,-997204716.959
3745.000,-997204796.083
3746.000,-997204796.083
3747.000,-997204796.083
3748.000,-997204796.083
3749.000,-997204796.083
3750.000,-997204716.959
3751.000,-997204716.959
3752.000,-997204716.959
3753.000,-997204796.083
3754.000,-997204796.083
3755.000,-997204796.083
3756.000,-997204796.083
3757.000,-997204796.083
3758.000,-997204796.083
3759.000,-997204716.959
3760.000,-997204716.959
3761.000,-997204716.959
3762.000,-997204796.083
3763.000,-997204796.083
3764.000,-997204796.083
3765.000,-997204796.083
3766.000,-997204796.083
3767.000,-997204716.959
3768.000,-997204716.959
3769.000,-997204716.959
3770.000,-997204796.083
3771.000,-997204796.083
3772.000,-997204796.083
3773.000,-997204796.083
3774.000,-997204796.083
3775.000,-997204796.083
3776.000,-997204716.959
3777.000,-997204716.959
3778.000,-997204716.959
3779.000,-997204796.083
3780.000,-997204796.083
3781.000,-997204796.083
3782.000,-997204796.083
3783.000,-997204796.083
3784.000,-997204716.959
3785.000,-997204716.959
3786.000,-997204716.959
3787.000,-997204796.083
3788.000,-997204796.083
3789.000,-997204796.083
3790.000,-997204796.083
3791.000,-997204796.083
3792.000,-997204796.083
3793.000,-997204716.959
3794.000,-997204716.959
3795.000,-997204796.083
3796.000,-997204796.083
3797.000,-997204796.083
3798.000,-997204796.083
3799.000,-997204796.083
3800.000,-997204796.083
3801.000,-997204716.959
3802.000,-997204716.959
3803.000,-997204796.083
3804.000,-997204796.083
3805.000,-997204796.083
3806.000,-997204796.083
3807.000,-997204796.083
3808.000,-997204796.083
3809.000,-997204716.959
3810.000,-997204716.959
3811.000,-997204796.083
3812.000,-997204796.083
3813.000,-997204796.083
3814.000,-997204796.083
3815.000,-997204796.083
3816.000,-997204796.083
3817.000,-997204716.959
3818.000,-997204716.959
3819.000,-997204716.959
3820.000,-997204796.083
3821.000,-997204796.083
3822.000,-997204796.083
3823.000,-997204796.083
3824.000,-997204796.083
3825.000,-997204716.959
3826.000,-997204716.959
3827.000,-997204716.959
3828.000,-997204796.083
3829.000,-997204796.083
3830.000,-997204796.083
3831.000,-997204796.083
3832.000,-997204796.083
3833.000,-997204796.083
3834.000,-997204716.959
3835.000,-997204716.959
3836.000,-997204716.959
3837.000,-997204796.083
3838.000,-997204796.083
3839.000,-997204796.083
3840.000,-997204796.083
3841.000,-997204796.083
3842.000,-997204796.083
3843.000,-997204716.959
3844.000,-997204716.959
3845.000,-997204796.083
3846.000,-997204796.083
3847.000,-997204796.083
3848.000,-997204796.083
3849.000,-997204796.083
3850.000,-997204796.083
3851.000,-997204716.959
3852.000,-997204716.959
3853.000,-997204796.083
3854.000,-997204796.083
3855.000,-997204796.083
3856.000,-997204796.083
3857.000,-997204796.083
3858.000,-997204796.083
3859.000,-997204796.083
3860.000,-997204716.959
3861.000,-997204796.083
3862.000,-997204796.083
3863.000,-997204796.083
3864.000,-997204796.083
3865.000,-997204796.083
3866.000,-997204796.083
3867.000,-997204796.083
3868.000,-997204716.959
3869.000,-997204716.959
3870.000,-997204796.083
3871.000,-997204796.083
3872.000,-997204796.083
3873.000,-997204796.083
3874.000,-997204796.083
3875.000,-997204796.083
3876.000,-997204716.959
3877.000,-997204716.959
3878.000,-997204796.083
3879.000,-997204796.083
3880.000,-997204796.083
3881.000,-997204796.083
3882.000,-997204796.083
3883.000,-997204796.083
3884.000,-997204716.959
3885.000,-997204716.959
3886.000,-997204716.959
3887.000,-997204796.083
3888.000,-997204796.083
3889.000,-997204796.083
3890.000,-997204796.083
3891.000,-997204796.083
3892.000,-997204796.083
3893.000,-997204716.959
3894.000,-997204716.959
3895.000,-997204716.959
3896.000,-997204796.083
3897.000,-997204796.083
3898.000,-997204796.083
3899.000,-997204796.083
3900.000,-997204796.083
3901.000,-997204796.083
3902.000,-997204716.959
3903.000,-997204716.959
3904.000,-997204796.083
3905.000,-997204796.083
3906.000,-997204796.083
3907.000,-997204796.083
3908.000,-997204796.083
3909.000,-997204796.083
3910.000,-997204796.083
3911.000,-997204716.959
3912.000,-997204796.083
3913.000,-997204796.083
3914.000,-997204796.083
3915.000,-997204796.083
3916.000,-997204796.083
3917.000,-997204796.083
3918.000,-997204796.083
3919.000,-997204796.083
3920.000,-997204796.083
3921.000,-997204796.083
3922.000,-997204796.083
3923.000,-997204796.083
3924.000,-997204796.083
3925.000,-997204796.083
3926.000,-997204796.083
3927.000,-997204796.083
3928.000,-997204796.083
3929.000,-997204796.083
3930.000,-997204796.083
3931.000,-997204796.083
3932.000,-997204796.083
3933.000,-997204796.083
3934.000,-997204716.959
3935.000,-997204716.959
3936.000,-997204716.959
3937.000,-997204796.083
3938.000,-997204796.083
3939.000,-997204796.083
3940.000,-997204796.083
3941.000,-997204796.083
3942.000,-997204716.959
3943.000,-997204716.959
3944.000,-997204716.959
3945.000,-997204796.083
3946.000,-997204796.083
3947.000,-997204796.083
3948.000,-997204796.083
3949.000,-997204796.083
3950.000,-997204796.083
3951.000,-997204716.959
3952.000,-997204716.959
3953.000,-997204716.959
3954.000,-997204796.083
3955.000,-997204796.083
3956.000,-997204796.083
3957.000,-997204796.083
3958.000,-997204796.083
3959.000,-997204796.083
3960.000,-997204716.959
3961.000,-997204716.959
3962.000,-997204796.083
3963.000,-997204796.083
3964.000,-997204796.083
3965.000,-997204796.083
3966.000,-997204796.083
3967.000,-997204796.083
3968.000,-997204716.959
3969.000,-997204716.959
3970.000,-997204716.959
3971.000,-997204796.083
3972.000,-997204796.083
3973.000,-997204796.083
3974.000,-997204796.083
3975.000,-997204796.083
3976.000,-997204796.083
3977.000,-997204716.959
3978.000,-997204716.959
3979.000,-997204796.083
3980.000,-997204796.083
3981.000,-997204796.083
3982.000,-997204796.083
3983.000,-997204796.083
3984.000,-997204796.083
3985.000,-997204716.959
3986.000,-997204716.959
3987.000,-997204796.083
3988.000,-997204796.083
3989.000,-997204796.083
3990.000,-997204796.083
3991.000,-997204796.083
3992.000,-997204796.083
3993.000,-997204716.959
3994.000,-997204716.959
3995.000,-997204796.083
3996.000,-997204796.083
3997.000,-997204796.083
3998.000,-997204796.083
3999.000,-997204796.083
4000.000,-997204796.083
4001.000,-997204716.959
4002.000,-997204716.959
4003.000,-997204716.959
4004.000,-997204796.083
4005.000,-997204796.083
4006.000,-997204796.083
4007.000,-997204796.083
4008.000,-997204796.083
4009.000,-997204796.083
4010.000,-997204716.959
4011.000,-997204716.959
4012.000,-997204796.083
4013.000,-997204796.083
4014.000,-997204796.083
4015.000,-997204796.083
4016.000,-997204637.835
4017.000,-997204558.711
4018.000,-997204479.587
4019.000,-997204479.587
4020.000,-997204479.587
4021.000,-997204479.587
4022.000,-997204479.587
4023.000,-997204479.587
4024.000,-997204479.587
4025.000,-997204479.587
4026.000,-997204479.587
4027.000,-997204400.463
4028.000,-997204400.463
4029.000,-997204400.463
4030.000,-997204479.587
4031.000,-997204479.587
4032.000,-997204479.587
4033.000,-997204479.587
4034.000,-997204479.587
4035.000,-997204400.463
4036.000,-997204400.463
4037.000,-997204400.463
4038.000,-997204479.587
4039.000,-997204479.587
4040.000,-997204479.587
4041.000,-997204479.587
4042.000,-997204479.587
4043.000,-997204400.463
4044.000,-997204400.463
4045.000,-997204400.463
4046.000,-997204400.463
4047.000,-997204479.587
4048.000,-997204479.587
4049.000,-997204479.587
4050.000,-997204400.463
4051.000,-997204400.463
4052.000,-997204400.463
4053.000,-997204400.463
4054.000,-997204400.463
4055.000,-997204479.587
4056.000,-997204479.587
4057.000,-997204479.587
4058.000,-997204400.463
4059.000,-997204400.463
4060.000,-997204400.463
4061.000,-997204400.463
4062.000,-997204400.463
4063.000,-997204479.587
4064.000,-997204479.587
4065.000,-997204479.587
4066.000,-997204400.463
4067.000,-997204400.463
4068.000,-997204400.463
4069.000,-997204400.463
4070.000,-997204400.463
4071.000,-997204400.463
4072.000,-997204479.587
4073.000,-997204479.587
4074.000,-997204479.587
4075.000,-997204400.463
4076.000,-997204400.463
4077.000,-997204400.463
4078.000,-997204400.463
4079.000,-997204400.463
4080.000,-997204400.463
4081.000,-997204479.587
4082.000,-997204479.587
4083.000,-997204400.463
4084.000,-997204400.463
4085.000,-997204400.463
4086.000,-997204400.463
4087.000,-997204400.463
4088.000,-997204400.463
4089.000,-997204479.587
4090.000,-997204479.587
4091.000,-997204479.587
4092.000,-997204400.463
4093.000,-997204400.463
4094.000,-997204400.463
4095.000,-997204400.463
4096.000,-997204400.463
4097.000,-997204400.463
4098.000,-997204400.463
4099.000,-997204400.463
4100.000,-997204400.463
4101.000,-997204400.463
4102.000,-997204400.463
4103.000,-997204400.463
4104.000,-997204400.463
4105.000,-997204400.463
4106.000,-997204479.587
4107.000,-997204479.587
4108.000,-997204400.463
4109.000,-997204400.463
4110.000,-997204400.463
4111.000,-997204400.463
4112.000,-997204400.463
4113.000,-997204400.463
4114.000,-997204400.463
4115.000,-997204400.463
4116.000,-997204400.463
4117.000,-997204400.463
4118.000,-997204400.463
4119.000,-997204400.463
4120.000,-997204400.463
4121.000,-997204400.463
4122.000,-997204400.463
4123.000,-997204400.463
4124.000,-997204400.463
4125.000,-997204400.463
4126.000,-997204400.463
4127.000,-997204400.463
4128.000,-997204400.463
4129.000,-997204400.463
4130.000,-997204400.463
4131.000,-997204479.587
4132.000,-997204400.463
4133.000,-997204400.463
4134.000,-997204400.463
4135.000,-997204400.463
4136.000,-997204400.463
4137.000,-997204400.463
4138.000,-997204400.463
4139.000,-997204479.587
4140.000,-997204479.587
4141.000,-997204400.463
4142.000,-997204400.463
4143.000,-997204400.463
4144.000,-997204400.463
4145.000,-997204400.463
4146.000,-997204400.463
4147.000,-997204479.587
4148.000,-997204479.587
4149.000,-997204400.463
4150.000,-997204400.463
4151.000,-997204400.463
4152.000,-997204400.463
4153.000,-997204400.463
4154.000,-997204400.463
4155.000,-997204400.463
4156.000,-997204479.587
4157.000,-997204479.587
4158.000,-997204400.463
4159.000,-997204400.463
4160.000,-997204400.463
4161.000,-997204400.463
4162.000,-997204400.463
4163.000,-997204400.463
4164.000,-997204400.463
4165.000,-997204400.463
4166.000,-997204400.463
4167.000,-997204400.463
4168.000,-997204400.463
4169.000,-997204400.463
4170.000,-997204400.463
4171.000,-997204400.463
4172.000,-997204400.463
4173.000,-997204400.463
4174.000,-997204400.463
4175.000,-997204400.463
4176.000,-997204400.463
4177.000,-997204400.463
4178.000,-997204400.463
4179.000,-997204400.463
4180.000,-997204400.463
4181.000,-997204400.463
4182.000,-997204400.463
4183.000,-997204400.463
4184.000,-997204400.463
4185.000,-997204400.463
4186.000,-997204400.463
4187.000,-997204400.463
4188.000,-997204400.463
4189.000,-997204400.463
4190.000,-997204400.463
4191.000,-997204400.463
4192.000,-997204400.463
4193.000,-997204400.463
4194.000,-997204400.463
4195.000,-997204400.463
4196.000,-997204400.463
4197.000,-997204479.587
4198.000,-997204479.587
4199.000,-997204400.463
4200.000,-997204400.463
4201.000,-997204321.339
4202.000,-997204321.339
4203.000,-997204400.463
4204.000,-997204400.463
4205.000,-997204479.587
4206.000,-997204479.587
4207.000,-997204479.587
4208.000,-997204400.463
4209.000,-997204400.463
4210.000,-997204321.339
4211.000,-997204321.339
4212.000,-997204400.463
4213.000,-997204400.463
4214.000,-997204479.587
4215.000,-997204479.587
4216.000,-997204400.463
4217.000,-997204400.463
4218.000,-997204321.339
4219.000,-997204321.339
4220.000,-997204400.463
4221.000,-997204400.463
4222.000,-997204400.463
4223.000,-997204479.587
4224.000,-997204400.463
4225.000,-997204400.463
4226.000,-997204400.463
4227.000,-997204321.339
4228.000,-997204400.463
4229.000,-997204400.463
4230.000,-997204400.463
4231.000,-997204400.463
4232.000,-997204400.463
4233.000,-997204400.463
4234.000,-997204400.463
4235.000,-997204400.463
4236.000,-997204400.463
4237.000,-997204400.463
4238.000,-997204400.463
4239.000,-997204400.463
4240.000,-997204400.463
4241.000,-997204400.463
4242.000,-997204400.463
4243.000,-997204400.463
4244.000,-997204400.463
4245.000,-997204400.463
4246.000,-997204400.463
4247.000,-997204400.463
4248.000,-997204400.463
4249.000,-997204400.463
4250.000,-997204400.463
4251.000,-997204400.463
4252.000,-997204321.339
4253.000,-997204400.463
4254.000,-997204400.463
4255.000,-997204400.463
4256.000,-997204400.463
4257.000,-997204400.463
4258.000,-997204400.463
4259.000,-997204400.463
4260.000,-997204400.463
4261.000,-997204400.463
4262.000,-997204400.463
4263.000,-997204400.463
4264.000,-997204479.587
4265.000,-997204400.463
4266.000,-997204400.463
4267.000,-997204400.463
4268.000,-997204400.463
4269.000,-997204321.339
4270.000,-997204400.463
4271.000,-997204400.463
4272.000,-997204400.463
4273.000,-997204400.463
4274.000,-997204400.463
4275.000,-997204400.463
4276.000,-997204400.463
4277.000,-997204321.339
4278.000,-997204400.463
4279.000,-997204400.463
4280.000,-997204400.463
4281.000,-997204400.463
4282.000,-997204400.463
4283.000,-997204400.463
4284.000,-997204400.463
4285.000,-997204321.339
4286.000,-997204400.463
4287.000,-997204400.463
4288.000,-997204400.463
4289.000,-997204400.463
4290.000,-997204400.463
4291.000,-997204400.463
4292.000,-997204400.463
4293.000,-997204321.339
4294.000,-997204321.339
4295.000,-997204400.463
4296.000,-997204400.463
4297.000,-997204400.463
4298.000,-997204400.463
4299.000,-997204400.463
4300.000,-997204400.463
4301.000,-997204400.463
4302.000,-997204321.339
4303.000,-997204400.463
4304.000,-997204400.463
4305.000,-997204400.463
4306.000,-997204400.463
4307.000,-997204400.463
4308.000,-997204400.463
4309.000,-997204400.463
4310.000,-997204321.339
4311.000,-997204400.463
4312.000,-997204400.463
4313.000,-997204400.463
4314.000,-997204400.463
4315.000,-997204400.463
4316.000,-997204400.463
4317.000,-997204400.463
4318.000,-997204321.339
4319.000,-997204321.339
4320.000,-997204400.463
4321.000,-997204400.463
4322.000,-997204400.463
4323.000,-997204479.587
4324.000,-997204400.463
4325.000,-997204400.463
4326.000,-997204321.339
4327.000,-997204321.339
4328.000,-997204321.339
4329.000,-997204400.463
4330.000,-997204400.463
4331.000,-997204479.587
4332.000,-997204479.587
4333.000,-997204400.463
4334.000,-997204400.463
4335.000,-997204321.339
4336.000,-997204321.339
4337.000,-997204400.463
4338.000,-997204400.463
4339.000,-997204479.587
4340.000,-997204479.587
4341.000,-997204400.463
4342.000,-997204400.463
4343.000,-997204321.339
4344.000,-997204321.339
4345.000,-997204400.463
4346.000,-997204400.463
4347.000,-997204400.463
4348.000,-997204479.587
4349.000,-997204400.463
4350.000,-997204400.463
4351.000,-997204400.463
4352.000,-997204321.339
4353.000,-997204321.339
4354.000,-997204400.463
4355.000,-997204400.463
4356.000,-997204400.463
4357.000,-997204400.463
4358.000,-997204400.463
4359.000,-997204400.463
4360.000,-997204321.339
4361.000,-997204321.339
4362.000,-997204400.463
4363.000,-997204400.463
4364.000,-997204400.463
4365.000,-997204400.463
4366.000,-997204400.463
4367.000,-997204400.463
4368.000,-997204321.339
4369.000,-997204321.339
4370.000,-997204400.463
4371.000,-997204400.463
4372.000,-997204400.463
4373.000,-997204479.587
4374.000,-997204400.463
4375.000,-997204400.463
4376.000,-997204321.339
4377.000,-997204321.339
4378.000,-997204321.339
4379.000,-997204400.463
4380.000,-997204400.463
4381.000,-997204479.587
4382.000,-997204479.587
4383.000,-997204400.463
4384.000,-997204400.463
4385.000,-997204321.339
4386.000,-997204321.339
4387.000,-997204400.463
4388.000,-997204400.463
4389.000,-997204400.463
4390.000,-997204479.587
4391.000,-997204400.463
4392.000,-997204400.463
4393.000,-997204321.339
4394.000,-997204321.339
4395.000,-997204321.339
4396.000,-997204400.463
4397.000,-997204400.463
4398.000,-997204479.587
4399.000,-997204400.463
4400.000,-997204400.463
4401.000,-997204400.463
4402.000,-997204321.339
4403.000,-997204321.339
4404.000,-997204400.463
4405.000,-997204400.463
4406.000,-997204400.463
4407.000,-997204400.463
4408.000,-997204400.463
4409.000,-997204400.463
4410.000,-997204321.339
4411.000,-997204321.339
4412.000,-997204400.463
4413.000,-997204400.463
4414.000,-997204400.463
4415.000,-997204400.463
4416.000,-997204400.463
4417.000,-997204400.463
4418.000,-997204321.339
4419.000,-997204321.339
4420.000,-997204400.463
4421.000,-997204400.463
4422.000,-997204400.463
4423.000,-997204400.463
4424.000,-997204400.463
4425.000,-997204400.463
4426.000,-997204321.339
4427.000,-997204321.339
4428.000,-997204321.339
4429.000,-997204400.463
4430.000,-997204400.463
4431.000,-997204479.587
4432.000,-997204400.463
4433.000,-997204400.463
4434.000,-997204321.339
4435.000,-997204321.339
4436.000,-997204321.339
4437.000,-997204400.463
4438.000,-997204400.463
4439.000,-997204479.587
4440.000,-997204479.587
4441.000,-997204400.463
4442.000,-997204400.463
4443.000,-997204321.339
4444.000,-997204321.339
4445.000,-997204321.339
4446.000,-997204400.463
4447.000,-997204400.463
4448.000,-997204479.587
4449.000,-997204400.463
4450.000,-997204400.463
4451.000,-997204321.339
4452.000,-997204321.339
4453.000,-997204321.339
4454.000,-997204400.463
4455.000,-997204400.463
4456.000,-997204479.587
4457.000,-997204479.587
4458.000,-997204400.463
4459.000,-997204400.463
4460.000,-997204321.339
4461.000,-997204321.339
4462.000,-997204321.339
4463.000,-997204400.463
4464.000,-997204400.463
4465.000,-997204400.463
4466.000,-997204400.463
4467.000,-997204400.463
4468.000,-997204321.339
4469.000,-997204321.339
4470.000,-997204321.339
4471.000,-997204400.463
4472.000,-997204400.463
4473.000,-997204400.463
4474.000,-997204400.463
4475.000,-997204400.463
4476.000,-997204400.463
4477.000,-997204321.339
4478.000,-997204321.339
4479.000,-997204400.463
4480.000,-997204400.463
4481.000,-997204400.463
4482.000,-997204400.463
4483.000,-997204400.463
4484.000,-997204400.463
4485.000,-997204321.339
4486.000,-997204321.339
4487.000,-997204400.463
4488.000,-997204400.463
4489.000,-997204400.463
4490.000,-997204400.463
4491.000,-997204400.463
4492.000,-997204400.463
4493.000,-997204321.339
4494.000,-997204321.339
4495.000,-997204400.463
4496.000,-997204400.463
4497.000,-997204400.463
4498.000,-997204400.463
4499.000,-997204400.463
4500.000,-997204400.463
4501.000,-997204321.339
4502.000,-997204321.339
4503.000,-997204321.339
4504.000,-997204400.463
4505.000,-997204400.463
4506.000,-997204479.587
4507.000,-997204400.463
4508.000,-997204400.463
4509.000,-997204400.463
4510.000,-997204321.339
4511.000,-997204321.339
4512.000,-997204321.339
4513.000,-997204400.463
4514.000,-997204400.463
4515.000,-997204479.587
4516.000,-997204637.835
4517.000,-997204637.835
4518.000,-997204637.835
4519.000,-997204637.835
4520.000,-997204637.835
4521.000,-997204716.959
4522.000,-997204716.959
4523.000,-997204716.959
4524.000,-997204716.959
4525.000,-997204716.959
4526.000,-997204716.959
4527.000,-997204716.959
4528.000,-997204716.959
4529.000,-997204716.959
4530.000,-997204716.959
4531.000,-997204716.959
4532.000,-997204716.959
4533.000,-997204716.959
4534.000,-997204716.959
4535.000,-997204716.959
4536.000,-997204716.959
4537.000,-997204716.959
4538.000,-997204716.959
4539.000,-997204716.959
4540.000,-997204716.959
4541.000,-997204716.959
4542.000,-997204716.959
4543.000,-997204716.959
4544.000,-997204716.959
4545.000,-997204716.959
4546.000,-997204796.083
4547.000,-997204796.083
4548.000,-997204796.083
4549.000,-997204716.959
4550.000,-997204716.959
4551.000,-997204716.959
4552.000,-997204716.959
4553.000,-997204716.959
4554.000,-997204796.083
4555.000,-997204796.083
4556.000,-997204796.083
4557.000,-997204796.083
4558.000,-997204716.959
4559.000,-997204716.959
4560.000,-997204716.959
4561.000,-997204716.959
4562.000,-997204716.959
4563.000,-997204796.083
4564.000,-997204796.083
4565.000,-997204796.083
4566.000,-997204796.083
4567.000,-997204716.959
4568.000,-997204716.959
4569.000,-997204716.959
4570.000,-997204716.959
4571.000,-997204716.959
4572.000,-997204796.083
4573.000,-997204796.083
4574.000,-997204796.083
4575.000,-997204796.083
4576.000,-997204716.959
4577.000,-997204716.959
4578.000,-997204716.959
4579.000,-997204716.959
4580.000,-997204796.083
4581.000,-997204796.083
4582.000,-997204796.083
4583.000,-997204796.083
4584.000,-997204716.959
4585.000,-997204716.959
4586.000,-997204716.959
4587.000,-997204716.959
4588.000,-997204796.083
4589.000,-997204796.083
4590.000,-997204796.083
4591.000,-997204796.083
4592.000,-997204716.959
4593.000,-997204716.959
4594.000,-997204716.959
4595.000,-997204716.959
4596.000,-997204796.083
4597.000,-997204796.083
4598.000,-997204796.083
4599.000,-997204796.083
4600.000,-997204716.959
4601.000,-997204716.959
4602.000,-997204716.959
4603.000,-997204716.959
4604.000,-997204796.083
4605.000,-997204796.083
4606.000,-997204796.083
4607.000,-997204796.083
4608.000,-997204716.959
4609.000,-997204716.959
4610.000,-997204716.959
4611.000,-997204716.959
4612.000,-997204796.083
4613.000,-997204796.083
4614.000,-997204796.083
4615.000,-997204796.083
4616.000,-997204796.083
4617.000,-997204716.959
4618.000,-997204716.959
4619.000,-997204716.959
4620.000,-997204716.959
4621.000,-997204796.083
4622.000,-997204796.083
4623.000,-997204796.083
4624.000,-997204796.083
4625.000,-997204716.959
4626.000,-997204716.959
4627.000,-997204716.959
4628.000,-997204716.959
4629.000,-997204796.083
4630.000,-997204796.083
4631.000,-997204796.083
4632.000,-997204796.083
4633.000,-997204796.083
4634.000,-997204716.959
4635.000,-997204716.959
4636.000,-997204716.959
4637.000,-997204716.959
4638.000,-997204796.083
4639.000,-997204796.083
4640.000,-997204796.083
4641.000,-997204796.083
4642.000,-997204716.959
4643.000,-997204716.959
4644.000,-997204716.959
4645.000,-997204716.959
4646.000,-997204796.083
4647.000,-997204796.083
4648.000,-997204796.083
4649.000,-997204796.083
4650.000,-997204716.959
4651.000,-997204716.959
4652.000,-997204716.959
4653.000,-997204716.959
4654.000,-997204796.083
4655.000,-997204796.083
4656.000,-997204796.083
4657.000,-997204796.083
4658.000,-997204716.959
4659.000,-997204716.959
4660.000,-997204716.959
4661.000,-997204716.959
4662.000,-997204796.083
4663.000,-997204796.083
4664.000,-997204796.083
4665.000,-997204796.083
4666.000,-997204796.083
4667.000,-997204716.959
4668.000,-997204716.959
4669.000,-997204716.959
4670.000,-997204796.083
4671.000,-997204796.083
4672.000,-997204796.083
4673.000,-997204796.083
4674.000,-997204796.083
4675.000,-997204716.959
4676.000,-997204716.959
4677.000,-997204716.959
4678.000,-997204716.959
4679.000,-997204796.083
4680.000,-997204796.083
4681.000,-997204796.083
4682.000,-997204796.083
4683.000,-997204796.083
4684.000,-997204716.959
4685.000,-997204716.959
4686.000,-997204716.959
4687.000,-997204716.959
4688.000,-997204796.083
4689.000,-997204796.083
4690.000,-997204796.083
4691.000,-997204796.083
4692.000,-997204716.959
4693.000,-997204716.959
4694.000,-997204716.959
4695.000,-997204716.959
4696.000,-997204796.083
4697.000,-997204796.083
4698.000,-997204796.083
4699.000,-997204796.083
4700.000,-997204796.083
4701.000,-997204716.959
4702.000,-997204716.959
4703.000,-997204716.959
4704.000,-997204796.083
4705.000,-997204796.083
4706.000,-997204796.083
4707.000,-997204796.083
4708.000,-997204796.083
4709.000,-997204716.959
4710.000,-997204716.959
4711.000,-997204716.959
4712.000,-997204796.083
4713.000,-997204796.083
4714.000,-997204796.083
4715.000,-997204796.083
4716.000,-997204796.083
4717.000,-997204716.959
4718.000,-997204716.959
4719.000,-997204716.959
4720.000,-997204796.083
4721.000,-997204796.083
4722.000,-997204796.083
4723.000,-997204796.083
4724.000,-997204796.083
4725.000,-997204716.959
4726.000,-997204716.959
4727.000,-997204716.959
4728.000,-997204716.959
4729.000,-997204796.083
4730.000,-997204796.083
4731.000,-997204796.083
4732.000,-997204796.083
4733.000,-997204796.083
4734.000,-997204716.959
4735.000,-997204716.959
4736.000,-997204716.959
4737.000,-997204716.959
4738.000,-997204796.083
4739.000,-997204796.083
4740.000,-997204796.083
4741.000,-997204796.083
4742.000,-997204796.083
4743.000,-997204716.959
4744.000,-997204716.959
4745.000,-997204716.959
4746.000,-997204796.083
4747.000,-997204796.083
4748.000,-997204796.083
4749.000,-997204796.083
4750.000,-997204796.083
4751.000,-997204716.959
4752.000,-997204716.959
4753.000,-997204716.959
4754.000,-997204796.083
4755.000,-997204796.083
4756.000,-997204796.083
4757.000,-997204796.083
4758.000,-997204796.083
4759.000,-997204716.959
4760.000,-997204716.959
4761.000,-997204716.959
4762.000,-997204796.083
4763.000,-997204796.083
4764.000,-997204796.083
4765.000,-997204796.083
4766.000,-997204796.083
4767.000,-997204716.959
4768.000,-997204716.959
4769.000,-997204716.959
4770.000,-997204796.083
4771.000,-997204796.083
4772.000,-997204796.083
4773.000,-997204796.083
4774.000,-997204796.083
4775.000,-997204716.959
4776.000,-997204716.959
4777.000,-997204716.959
4778.000,-997204796.083
4779.000,-997204796.083
4780.000,-997204796.083
4781.000,-997204796.083
4782.000,-997204796.083
4783.000,-997204796.083
4784.000,-997204716.959
4785.000,-997204716.959
4786.000,-997204716.959
4787.000,-997204796.083
4788.000,-997204796.083
4789.000,-997204796.083
4790.000,-997204796.083
4791.000,-997204796.083
4792.000,-997204716.959
4793.000,-997204716.959
4794.000,-997204716.959
4795.000,-997204716.959
4796.000,-997204796.083
4797.000,-997204796.083
4798.000,-997204796.083
4799.000,-997204796.083
4800.000,-997204796.083
4801.000,-997204716.959
4802.000,-997204716.959
4803.000,-997204716.959
4804.000,-997204796.083
4805.000,-997204796.083
4806.000,-997204796.083
4807.000,-997204796.083
4808.000,-997204796.083
4809.000,-997204716.959
4810.000,-997204716.959
4811.000,-997204716.959
4812.000,-997204796.083
4813.000,-997204796.083
4814.000,-997204796.083
4815.000,-997204796.083
4816.000,-997204796.083
4817.000,-997204716.959
4818.000,-997204716.959
4819.000,-997204716.959
4820.000,-997204716.959
4821.000,-997204796.083
4822.000,-997204796.083
4823.000,-997204796.083
4824.000,-997204796.083
4825.000,-997204796.083
4826.000,-997204716.959
4827.000,-997204716.959
4828.000,-997204716.959
4829.000,-997204796.083
4830.000,-997204796.083
4831.000,-997204796.083
4832.000,-997204796.083
4833.000,-997204796.083
4834.000,-997204716.959
4835.000,-997204716.959
4836.000,-997204716.959
4837.000,-997204796.083
4838.000,-997204796.083
4839.000,-997204796.083
4840.000,-997204796.083
4841.000,-997204796.083
4842.000,-997204716.959
4843.000,-997204716.959
4844.000,-997204716.959
4845.000,-997204716.959
4846.000,-997204796.083
4847.000,-997204796.083
4848.000,-997204796.083
4849.000,-997204796.083
4850.000,-997204796.083
4851.000,-997204716.959
4852.000,-997204716.959
4853.000,-997204716.959
4854.000,-997204796.083
4855.000,-997204796.083
4856.000,-997204796.083
4857.000,-997204796.083
4858.000,-997204796.083
4859.000,-997204716.959
4860.000,-997204716.959
4861.000,-997204716.959
4862.000,-997204796.083
4863.000,-997204796.083
4864.000,-997204796.083
4865.000,-997204796.083
4866.000,-997204796.083
4867.000,-997204796.083
4868.000,-997204716.959
4869.000,-997204716.959
4870.000,-997204716.959
4871.000,-997204796.083
4872.000,-997204796.083
4873.000,-997204796.083
4874.000,-997204796.083
4875.000,-997204796.083
4876.000,-997204716.959
4877.000,-997204716.959
4878.000,-997204716.959
4879.000,-997204796.083
4880.000,-997204796.083
4881.000,-997204796.083
4882.000,-997204796.083
4883.000,-997204796.083
4884.000,-997204796.083
4885.000,-997204716.959
4886.000,-997204716.959
4887.000,-997204796.083
4888.000,-997204796.083
4889.000,-997204796.083
4890.000,-997204796.083
4891.000,-997204796.083
4892.000,-997204796.083
4893.000,-997204716.959
4894.000,-997204716.959
4895.000,-997204796.083
4896.000,-997204796.083
4897.000,-997204796.083
4898.000,-997204796.083
4899.000,-997204796.083
4900.000,-997204796.083
4901.000,-997204716.959
4902.000,-997204716.959
4903.000,-997204796.083
4904.000,-997204796.083
4905.000,-997204796.083
4906.000,-997204796.083
4907.000,-997204796.083
4908.000,-997204796.083
4909.000,-997204716.959
4910.000,-997204716.959
4911.000,-997204716.959
4912.000,-997204796.083
4913.000,-997204796.083
4914.000,-997204796.083
4915.000,-997204796.083
4916.000,-997204796.083
4917.000,-997204796.083
4918.000,-997204716.959
4919.000,-997204716.959
4920.000,-997204716.959
4921.000,-997204796.083
4922.000,-997204796.083
4923.000,-997204796.083
4924.000,-997204796.083
4925.000,-997204796.083
4926.000,-997204716.959
4927.000,-997204716.959
4928.000,-997204716.959
4929.000,-997204796.083
4930.000,-997204796.083
4931.000,-997204796.083
4932.000,-997204796.083
4933.000,-997204796.083
4934.000,-997204796.083
4935.000,-997204716.959
4936.000,-997204716.959
4937.000,-997204796.083
4938.000,-997204796.083
4939.000,-997204796.083
4940.000,-997204796.083
4941.000,-997204796.083
4942.000,-997204796.083
4943.000,-997204716.959
4944.000,-997204716.959
4945.000,-997204716.959
4946.000,-997204796.083
4947.000,-997204796.083
4948.000,-997204796.083
4949.000,-997204796.083
4950.000,-997204796.083
4951.000,-997204796.083
4952.000,-997204716.959
4953.000,-997204796.083
4954.000,-997204796.083
4955.000,-997204796.083
4956.000,-997204796.083
4957.000,-997204796.083
4958.000,-997204796.083
4959.000,-997204796.083
4960.000,-997204796.083
4961.000,-997204796.083
4962.000,-997204796.083
4963.000,-997204796.083
4964.000,-997204796.083
4965.000,-997204796.083
4966.000,-997204796.083
4967.000,-997204796.083
4968.000,-997204796.083
4969.000,-997204796.083
4970.000,-997204796.083
4971.000,-997204796.083
4972.000,-997204796.083
4973.000,-997204796.083
4974.000,-997204796.083
4975.000,-997204796.083
4976.000,-997204716.959
4977.000,-997204716.959
4978.000,-997204796.083
4979.000,-997204796.083
4980.000,-997204796.083
4981.000,-997204796.083
4982.000,-997204796.083
4983.000,-997204796.083
4984.000,-997204716.959
4985.000,-997204716.959
4986.000,-997204796.083
4987.000,-997204796.083
4988.000,-997204796.083
4989.000,-997204796.083
4990.000,-997204796.083
4991.000,-997204796.083
4992.000,-997204796.083
4993.000,-997204716.959
4994.000,-997204716.959
4995.000,-997204796.083
4996.000,-997204796.083
4997.000,-997204796.083
4998.000,-997204796.083
4999.000,-997204796.083
5000.000,-997204796.083
5001.000,-997204716.959
5002.000,-997204716.959
5003.000,-997204796.083
5004.000,-997204796.083
5005.000,-997204796.083
5006.000,-997204796.083
5007.000,-997204796.083
5008.000,-997204796.083
5009.000,-997204796.083
5010.000,-997204716.959
5011.000,-997204716.959
5012.000,-997204796.083
5013.000,-997204796.083
5014.000,-997204796.083
5015.000,-997204796.083
5016.000,-997204558.711
5017.000,-997204558.711
5018.000,-997204479.587
5019.000,-997204479.587
5020.000,-997204479.587
5021.000,-997204479.587
5022.000,-997204479.587
5023.000,-997204479.587
5024.000,-997204479.587
5025.000,-997204479.587
5026.000,-997204400.463
5027.000,-997204400.463
5028.000,-997204479.587
5029.000,-997204479.587
5030.000,-997204479.587
5031.000,-997204479.587
5032.000,-997204479.587
5033.000,-997204400.463
5034.000,-997204400.463
5035.000,-997204400.463
5036.000,-997204400.463
5037.000,-997204479.587
5038.000,-997204479.587
5039.000,-997204479.587
5040.000,-997204479.587
5041.000,-997204479.587
5042.000,-997204400.463
5043.000,-997204400.463
5044.000,-997204400.463
5045.000,-997204400.463
5046.000,-997204479.587
5047.000,-997204479.587
5048.000,-997204479.587
5049.000,-997204479.587
5050.000,-997204400.463
5051.000,-997204400.463
5052.000,-997204400.463
5053.000,-997204400.463
5054.000,-997204400.463
5055.000,-997204479.587
5056.000,-997204479.587
5057.000,-997204479.587
5058.000,-997204400.463
5059.000,-997204400.463
5060.000,-997204400.463
5061.000,-997204400.463
5062.000,-997204400.463
5063.000,-997204479.587
5064.000,-997204479.587
5065.000,-997204479.587
5066.000,-997204479.587
5067.000,-997204400.463
5068.000,-997204400.463
5069.000,-997204400.463
5070.000,-997204400.463
5071.000,-997204400.463
5072.000,-997204479.587
5073.000,-997204479.587
5074.000,-997204479.587
5075.000,-997204400.463
5076.000,-997204400.463
5077.000,-997204400.463
5078.000,-997204400.463
5079.000,-997204400.463
5080.000,-997204400.463
5081.000,-997204479.587
5082.000,-997204400.463
5083.000,-997204400.463
5084.000,-997204400.463
5085.000,-997204400.463
5086.000,-997204400.463
5087.000,-997204400.463
5088.000,-997204400.463
5089.000,-997204479.587
5090.000,-997204400.463
5091.000,-997204400.463
5092.000,-997204400.463
5093.000,-997204400.463
5094.000,-997204400.463
5095.000,-997204400.463
5096.000,-997204400.463
5097.000,-997204479.587
5098.000,-997204479.587
5099.000,-997204400.463
5100.000,-997204400.463
5101.000,-997204400.463
5102.000,-997204400.463
5103.000,-997204400.463
5104.000,-997204400.463
5105.000,-997204400.463
5106.000,-997204479.587
5107.000,-997204400.463
5108.000,-997204400.463
5109.000,-997204400.463
5110.000,-997204400.463
5111.000,-997204400.463
5112.000,-997204400.463
5113.000,-997204400.463
5114.000,-997204479.587
5115.000,-997204400.463
5116.000,-997204400.463
5117.000,-997204400.463
5118.000,-997204400.463
5119.000,-997204400.463
5120.000,-997204400.463
5121.000,-997204400.463
5122.000,-997204479.587
5123.000,-997204479.587
5124.000,-997204400.463
5125.000,-997204400.463
5126.000,-997204400.463
5127.000,-997204400.463
5128.000,-997204400.463
5129.000,-997204400.463
5130.000,-997204400.463
5131.000,-997204479.587
5132.000,-997204400.463
5133.000,-997204400.463
5134.000,-997204400.463
5135.000,-997204400.463
5136.000,-997204400.463
5137.000,-997204400.463
5138.000,-997204400.463
5139.000,-997204400.463
5140.000,-997204479.587
5141.000,-997204400.463
5142.000,-997204400.463
5143.000,-997204400.463
5144.000,-997204400.463
5145.000,-997204400.463
5146.000,-997204400.463
5147.000,-997204400.463
5148.000,-997204400.463
5149.000,-997204400.463
5150.000,-997204400.463
5151.000,-997204400.463
5152.000,-997204400.463
5153.000,-997204400.463
5154.000,-997204400.463
5155.000,-997204400.463
5156.000,-997204400.463
5157.000,-997204400.463
5158.000,-997204400.463
5159.000,-997204400.463
5160.000,-997204400.463
5161.000,-997204400.463
5162.000,-997204400.463
5163.000,-997204400.463
5164.000,-997204400.463
5165.000,-997204400.463
5166.000,-997204400.463
5167.000,-997204400.463
5168.000,-997204400.463
5169.000,-997204400.463
5170.000,-997204400.463
5171.000,-997204400.463
5172.000,-997204479.587
5173.000,-997204479.587
5174.000,-997204400.463
5175.000,-997204400.463
5176.000,-997204400.463
5177.000,-997204400.463
5178.000,-997204400.463
5179.000,-997204400.463
5180.000,-997204400.463
5181.000,-997204479.587
5182.000,-997204479.587
5183.000,-997204400.463
5184.000,-997204400.463
5185.000,-997204400.463
5186.000,-997204400.463
5187.000,-997204400.463
5188.000,-997204400.463
5189.000,-997204400.463
5190.000,-997204400.463
5191.000,-997204400.463
5192.000,-997204400.463
5193.000,-997204400.463
5194.000,-997204400.463
5195.000,-997204400.463
5196.000,-997204400.463
5197.000,-997204400.463
5198.000,-997204400.463
5199.000,-997204400.463
5200.000,-997204400.463
5201.000,-997204400.463
5202.000,-997204400.463
5203.000,-997204400.463
5204.000,-997204400.463
5205.000,-997204400.463
5206.000,-997204400.463
5207.000,-997204400.463
5208.000,-997204400.463
5209.000,-997204400.463
5210.000,-997204400.463
5211.000,-997204400.463
5212.000,-997204400.463
5213.000,-997204400.463
5214.000,-997204400.463
5215.000,-997204400.463
5216.000,-997204400.463
5217.000,-997204400.463
5218.000,-997204400.463
5219.000,-997204400.463
5220.000,-997204400.463
5221.000,-997204400.463
5222.000,-997204400.463
5223.000,-997204400.463
5224.000,-997204400.463
5225.000,-997204400.463
5226.000,-997204400.463
5227.000,-997204321.339
5228.000,-997204400.463
5229.000,-997204400.463
5230.000,-997204400.463
5231.000,-997204479.587
5232.000,-997204400.463
5233.000,-997204400.463
5234.000,-997204400.463
5235.000,-997204321.339
5236.000,-997204321.339
5237.000,-997204400.463
5238.000,-997204400.463
5239.000,-997204400.463
5240.000,-997204400.463
5241.000,-997204400.463
5242.000,-997204400.463
5243.000,-997204400.463
5244.000,-997204400.463
5245.000,-997204400.463
5246.000,-997204400.463
5247.000,-997204400.463
5248.000,-997204400.463
5249.000,-997204400.463
5250.000,-997204400.463
5251.000,-997204400.463
5252.000,-997204400.463
5253.000,-997204400.463
5254.000,-997204400.463
5255.000,-997204400.463
5256.000,-997204400.463
5257.000,-997204400.463
5258.000,-997204400.463
5259.000,-997204400.463
5260.000,-997204400.463
5261.000,-997204400.463
5262.000,-997204400.463
5263.000,-997204400.463
5264.000,-997204400.463
5265.000,-997204400.463
5266.000,-997204400.463
5267.000,-997204400.463
5268.000,-997204321.339
5269.000,-997204321.339
5270.000,-997204400.463
5271.000,-997204400.463
5272.000,-997204400.463
5273.000,-997204400.463
5274.000,-997204400.463
5275.000,-997204400.463
5276.000,-997204321.339
5277.000,-997204321.339
5278.000,-997204321.339
5279.000,-997204400.463
5280.000,-997204400.463
5281.000,-997204479.587
5282.000,-997204400.463
5283.000,-997204400.463
5284.000,-997204400.463
5285.000,-997204321.339
5286.000,-997204321.339
5287.000,-997204400.463
5288.000,-997204400.463
5289.000,-997204400.463
5290.000,-997204479.587
5291.000,-997204400.463
5292.000,-997204400.463
5293.000,-997204321.339
5294.000,-997204321.339
5295.000,-997204321.339
5296.000,-997204400.463
5297.000,-997204400.463
5298.000,-997204479.587
5299.000,-997204400.463
5300.000,-997204400.463
5301.000,-997204400.463
5302.000,-997204321.339
5303.000,-997204321.339
5304.000,-997204400.463
5305.000,-997204400.463
5306.000,-997204400.463
5307.000,-997204400.463
5308.000,-997204400.463
5309.000,-997204400.463
5310.000,-997204400.463
5311.000,-997204321.339
5312.000,-997204400.463
5313.000,-997204400.463
5314.000,-997204400.463
5315.000,-997204400.463
5316.000,-997204400.463
5317.000,-997204400.463
5318.000,-997204400.463
5319.000,-997204400.463
5320.000,-997204400.463
5321.000,-997204400.463
5322.000,-997204400.463
5323.000,-997204400.463
5324.000,-997204400.463
5325.000,-997204400.463
5326.000,-997204400.463
5327.000,-997204400.463
5328.000,-997204400.463
5329.000,-997204400.463
5330.000,-997204400.463
5331.000,-997204400.463
5332.000,-997204400.463
5333.000,-997204400.463
5334.000,-997204400.463
5335.000,-997204321.339
5336.000,-997204400.463
5337.000,-997204400.463
5338.000,-997204400.463
5339.000,-997204400.463
5340.000,-997204400.463
5341.000,-997204400.463
5342.000,-997204400.463
5343.000,-997204321.339
5344.000,-997204321.339
5345.000,-997204321.339
5346.000,-997204400.463
5347.000,-997204400.463
5348.000,-997204479.587
5349.000,-997204400.463
5350.000,-997204400.463
5351.000,-997204321.339
5352.000,-997204321.339
5353.000,-997204321.339
5354.000,-997204400.463
5355.000,-997204400.463
5356.000,-997204479.587
5357.000,-997204479.587
5358.000,-997204400.463
5359.000,-997204400.463
5360.000,-997204321.339
5361.000,-997204321.339
5362.000,-997204321.339
5363.000,-997204400.463
5364.000,-997204400.463
5365.000,-997204400.463
5366.000,-997204400.463
5367.000,-997204400.463
5368.000,-997204400.463
5369.000,-997204321.339
5370.000,-997204321.339
5371.000,-997204400.463
5372.000,-997204400.463
5373.000,-997204400.463
5374.000,-997204400.463
5375.000,-997204400.463
5376.000,-997204400.463
5377.000,-997204400.463
5378.000,-997204400.463
5379.000,-997204400.463
5380.000,-997204400.463
5381.000,-997204400.463
5382.000,-997204400.463
5383.000,-997204400.463
5384.000,-997204400.463
5385.000,-997204400.463
5386.000,-997204400.463
5387.000,-997204400.463
5388.000,-997204400.463
5389.000,-997204400.463
5390.000,-997204400.463
5391.000,-997204400.463
5392.000,-997204400.463
5393.000,-997204321.339
5394.000,-997204321.339
5395.000,-997204400.463
5396.000,-997204400.463
5397.000,-997204400.463
5398.000,-997204400.463
5399.000,-997204400.463
5400.000,-997204400.463
5401.000,-997204321.339
5402.000,-997204321.339
5403.000,-997204321.339
5404.000,-997204400.463
5405.000,-997204400.463
5406.000,-997204479.587
5407.000,-997204479.587
5408.000,-997204400.463
5409.000,-997204400.463
5410.000,-997204321.339
5411.000,-997204321.339
5412.000,-997204321.339
5413.000,-997204400.463
5414.000,-997204400.463
5415.000,-997204479.587
5416.000,-997204400.463
5417.000,-997204400.463
5418.000,-997204400.463
5419.000,-997204321.339
5420.000,-997204321.339
5421.000,-997204400.463
5422.000,-997204400.463
5423.000,-997204400.463
5424.000,-997204400.463
5425.000,-997204400.463
5426.000,-997204400.463
5427.000,-997204400.463
5428.000,-997204321.339
5429.000,-997204400.463
5430.000,-997204400.463
5431.000,-997204400.463
5432.000,-997204400.463
5433.000,-997204400.463
5434.000,-997204400.463
5435.000,-997204400.463
5436.000,-997204400.463
5437.000,-997204400.463
5438.000,-997204400.463
5439.000,-997204400.463
5440.000,-997204400.463
5441.000,-997204400.463
5442.000,-997204400.463
5443.000,-997204400.463
5444.000,-997204400.463
5445.000,-997204400.463
5446.000,-997204400.463
5447.000,-997204400.463
5448.000,-997204400.463
5449.000,-997204400.463
5450.000,-997204400.463
5451.000,-997204400.463
5452.000,-997204321.339
5453.000,-997204400.463
5454.000,-997204400.463
5455.000,-997204400.463
5456.000,-997204400.463
5457.000,-997204400.463
5458.000,-997204400.463
5459.000,-997204400.463
5460.000,-997204321.339
5461.000,-997204321.339
5462.000,-997204400.463
5463.000,-997204400.463
5464.000,-997204400.463
5465.000,-997204400.463
5466.000,-997204400.463
5467.000,-997204400.463
5468.000,-997204321.339
5469.000,-997204321.339
5470.000,-997204400.463
5471.000,-997204400.463
5472.000,-997204400.463
5473.000,-997204400.463
5474.000,-997204400.463
5475.000,-997204400.463
5476.000,-997204400.463
5477.000,-997204321.339
5478.000,-997204321.339
5479.000,-997204400.463
5480.000,-997204400.463
5481.000,-997204400.463
5482.000,-997204400.463
5483.000,-997204400.463
5484.000,-997204400.463
5485.000,-997204321.339
5486.000,-997204321.339
5487.000,-997204400.463
5488.000,-997204400.463
5489.000,-997204400.463
5490.000,-997204400.463
5491.000,-997204400.463
5492.000,-997204400.463
5493.000,-997204400.463
5494.000,-997204321.339
5495.000,-997204400.463
5496.000,-997204400.463
5497.000,-997204400.463
5498.000,-997204400.463
5499.000,-997204400.463
5500.000,-997204400.463
5501.000,-997204400.463
5502.000,-997204321.339
5503.000,-997204321.339
5504.000,-997204400.463
5505.000,-997204400.463
5506.000,-997204400.463
5507.000,-997204400.463
5508.000,-997204400.463
5509.000,-997204400.463
5510.000,-997204321.339
5511.000,-997204321.339
5512.000,-997204400.463
5513.000,-997204400.463
5514.000,-997204400.463
5515.000,-997204400.463
5516.000,-997204637.835
5517.000,-997204637.835
5518.000,-997204637.835
5519.000,-997204637.835
5520.000,-997204637.835
5521.000,-997204716.959
5522.000,-997204716.959
5523.000,-997204716.959
5524.000,-997204716.959
5525.000,-997204716.959
5526.000,-997204716.959
5527.000,-997204637.835
5528.000,-997204637.835
5529.000,-997204716.959
5530.000,-997204716.959
5531.000,-997204796.083
5532.000,-997204796.083
5533.000,-997204716.959
5534.000,-997204716.959
5535.000,-997204716.959
5536.000,-997204637.835
5537.000,-997204716.959
5538.000,-997204716.959
5539.000,-997204796.083
5540.000,-997204796.083
5541.000,-997204796.083
5542.000,-997204716.959
5543.000,-997204716.959
5544.000,-997204716.959
5545.000,-997204716.959
5546.000,-997204716.959
5547.000,-997204716.959
5548.000,-997204796.083
5549.000,-997204796.083
5550.000,-997204716.959
5551.000,-997204716.959
5552.000,-997204716.959
5553.000,-997204716.959
5554.000,-997204716.959
5555.000,-997204716.959
5556.000,-997204796.083
5557.000,-997204796.083
5558.000,-997204716.959
5559.000,-997204716.959
5560.000,-997204716.959
5561.000,-997204716.959
5562.000,-997204716.959
5563.000,-997204796.083
5564.000,-997204796.083
5565.000,-997204796.083
5566.000,-997204716.959
5567.000,-997204716.959
5568.000,-997204716.959
5569.000,-997204716.959
5570.000,-997204716.959
5571.000,-997204716.959
5572.000,-997204796.083
5573.000,-997204796.083
5574.000,-997204796.083
5575.000,-997204716.959
5576.000,-997204716.959
5577.000,-997204716.959
5578.000,-997204716.959
5579.000,-997204716.959
5580.000,-997204796.083
5581.000,-997204796.083
5582.000,-997204796.083
5583.000,-997204796.083
5584.000,-997204716.959
5585.000,-997204716.959
5586.000,-997204716.959
5587.000,-997204716.959
5588.000,-997204796.083
5589.000,-997204796.083
5590.000,-997204796.083
5591.000,-997204796.083
5592.000,-997204716.959
5593.000,-997204716.959
5594.000,-997204716.959
5595.000,-997204716.959
5596.000,-997204716.959
5597.000,-997204796.083
5598.000,-997204796.083
5599.000,-997204796.083
5600.000,-997204796.083
5601.000,-997204716.959
5602.000,-997204716.959
5603.000,-997204716.959
5604.000,-997204716.959
5605.000,-997204796.083
5606.000,-997204796.083
5607.000,-997204796.083
5608.000,-997204796.083
5609.000,-997204716.959
5610.000,-997204716.959
5611.000,-997204716.959
5612.000,-997204716.959
5613.000,-997204796.083
5614.000,-997204796.083
5615.000,-997204796.083
5616.000,-997204796.083
5617.000,-997204716.959
5618.000,-997204716.959
5619.000,-997204716.959
5620.000,-997204716.959
5621.000,-997204796.083
5622.000,-997204796.083
5623.000,-997204796.083
5624.000,-997204796.083
5625.000,-997204716.959
5626.000,-997204716.959
5627.000,-997204716.959
5628.000,-997204716.959
5629.000,-997204716.959
5630.000,-997204796.083
5631.000,-997204796.083
5632.000,-997204796.083
5633.000,-997204796.083
5634.000,-997204716.959
5635.000,-997204716.959
5636.000,-997204716.959
5637.000,-997204716.959
5638.000,-997204796.083
5639.000,-997204796.083
5640.000,-997204796.083
5641.000,-997204796.083
5642.000,-997204796.083
5643.000,-997204716.959
5644.000,-997204716.959
5645.000,-997204716.959
5646.000,-997204716.959
5647.000,-997204796.083
5648.000,-997204796.083
5649.000,-997204796.083
5650.000,-997204796.083
5651.000,-997204716.959
5652.000,-997204716.959
5653.000,-997204716.959
5654.000,-997204716.959
5655.000,-997204796.083
5656.000,-997204796.083
5657.000,-997204796.083
5658.000,-997204796.083
5659.000,-997204716.959
5660.000,-997204716.959
5661.000,-997204716.959
5662.000,-997204716.959
5663.000,-997204796.083
5664.000,-997204796.083
5665.000,-997204796.083
5666.000,-997204796.083
5667.000,-997204796.083
5668.000,-997204716.959
5669.000,-997204716.959
5670.000,-997204716.959
5671.000,-997204796.083
5672.000,-997204796.083
5673.000,-997204796.083
5674.000,-997204796.083
5675.000,-997204796.083
5676.000,-997204716.959
5677.000,-997204716.959
5678.000,-997204716.959
5679.000,-997204796.083
5680.000,-997204796.083
5681.000,-997204796.083
5682.000,-997204796.083
5683.000,-997204796.083
5684.000,-997204716.959
5685.000,-997204716.959
5686.000,-997204716.959
5687.000,-997204716.959
5688.000,-997204796.083
5689.000,-997204796.083
5690.000,-997204796.083
5691.000,-997204796.083
5692.000,-997204716.959
5693.000,-997204716.959
5694.000,-997204716.959
5695.000,-997204716.959
5696.000,-997204796.083
5697.000,-997204796.083
5698.000,-997204796.083
5699.000,-997204796.083
5700.000,-997204796.083
5701.000,-997204716.959
5702.000,-997204716.959
5703.000,-997204716.959
5704.000,-997204796.083
5705.000,-997204796.083
5706.000,-997204796.083
5707.000,-997204796.083
5708.000,-997204796.083
5709.000,-997204716.959
5710.000,-997204716.959
5711.000,-997204716.959
5712.000,-997204716.959
5713.000,-997204796.083
5714.000,-997204796.083
5715.000,-997204796.083
5716.000,-997204796.083
5717.000,-997204796.083
5718.000,-997204716.959
5719.000,-997204716.959
5720.000,-997204716.959
5721.000,-997204796.083
5722.000,-997204796.083
5723.000,-997204796.083
5724.000,-997204796.083
5725.000,-997204796.083
5726.000,-997204716.959
5727.000,-997204716.959
5728.000,-997204716.959
5729.000,-997204716.959
5730.000,-997204796.083
5731.000,-997204796.083
5732.000,-997204796.083
5733.000,-997204796.083
5734.000,-997204716.959
5735.000,-997204716.959
5736.000,-997204716.959
5737.000,-997204716.959
5738.000,-997204796.083
5739.000,-997204796.083
5740.000,-997204796.083
5741.000,-997204796.083
5742.000,-997204716.959
5743.000,-997204716.959
5744.000,-997204716.959
5745.000,-997204716.959
5746.000,-997204796.083
5747.000,-997204796.083
5748.000,-997204796.083
5749.000,-997204796.083
5750.000,-997204796.083
5751.000,-997204716.959
5752.000,-997204716.959
5753.000,-997204716.959
5754.000,-997204796.083
5755.000,-997204796.083
5756.000,-997204796.083
5757.000,-997204796.083
5758.000,-997204796.083
5759.000,-997204716.959
5760.000,-997204716.959
5761.000,-997204716.959
5762.000,-997204716.959
5763.000,-997204796.083
5764.000,-997204796.083
5765.000,-997204796.083
5766.000,-997204796.083
5767.000,-997204796.083
5768.000,-997204716.959
5769.000,-997204716.959
5770.000,-997204716.959
5771.000,-997204796.083
5772.000,-997204796.083
5773.000,-997204796.083
5774.000,-997204796.083
5775.000,-997204796.083
5776.000,-997204716.959
5777.000,-997204716.959
5778.000,-997204716.959
5779.000,-997204716.959
5780.000,-997204796.083
5781.000,-997204796.083
5782.000,-997204796.083
5783.000,-997204796.083
5784.000,-997204796.083
5785.000,-997204716.959
5786.000,-997204716.959
5787.000,-997204716.959
5788.000,-997204796.083
5789.000,-997204796.083
5790.000,-997204796.083
5791.000,-997204796.083
5792.000,-997204796.083
5793.000,-997204716.959
5794.000,-997204716.959
5795.000,-997204716.959
5796.000,-997204796.083
5797.000,-997204796.083
5798.000,-997204796.083
5799.000,-997204796.083
5800.000,-997204796.083
5801.000,-997204716.959
5802.000,-997204716.959
5803.000,-997204716.959
5804.000,-997204796.083
5805.000,-997204796.083
5806.000,-997204796.083
5807.000,-997204796.083
5808.000,-997204796.083
5809.000,-997204716.959
5810.000,-997204716.959
5811.000,-997204716.959
5812.000,-997204716.959
5813.000,-997204796.083
5814.000,-997204796.083
5815.000,-997204796.083
5816.000,-997204796.083
5817.000,-997204796.083
5818.000,-997204716.959
5819.000,-997204716.959
5820.000,-997204716.959
5821.000,-997204796.083
5822.000,-997204796.083
5823.000,-997204796.083
5824.000,-997204796.083
5825.000,-997204796.083
5826.000,-997204716.959
5827.000,-997204716.959
5828.000,-997204716.959
5829.000,-997204796.083
5830.000,-997204796.083
5831.000,-997204796.083
5832.000,-997204796.083
5833.000,-997204796.083
5834.000,-997204716.959
5835.000,-997204716.959
5836.000,-997204716.959
5837.000,-997204716.959
5838.000,-997204796.083
5839.000,-997204796.083
5840.000,-997204796.083
5841.000,-997204796.083
5842.000,-997204796.083
5843.000,-997204716.959
5844.000,-997204716.959
5845.000,-997204716.959
5846.000,-997204796.083
5847.000,-997204796.083
5848.000,-997204796.083
5849.000,-997204796.083
5850.000,-997204796.083
5851.000,-997204716.959
5852.000,-997204716.959
5853.000,-997204716.959
5854.000,-997204716.959
5855.000,-997204796.083
5856.000,-997204796.083
5857.000,-997204796.083
5858.000,-997204796.083
5859.000,-997204796.083
5860.000,-997204716.959
5861.000,-997204716.959
5862.000,-997204716.959
5863.000,-997204796.083
5864.000,-997204796.083
5865.000,-997204796.083
5866.000,-997204796.083
5867.000,-997204796.083
5868.000,-997204716.959
5869.000,-997204716.959
5870.000,-997204716.959
5871.000,-997204796.083
5872.000,-997204796.083
5873.000,-997204796.083
5874.000,-997204796.083
5875.000,-997204796.083
5876.000,-997204716.959
5877.000,-997204716.959
5878.000,-997204716.959
5879.000,-997204796.083
5880.000,-997204796.083
5881.000,-997204796.083
5882.000,-997204796.083
5883.000,-997204796.083
5884.000,-997204716.959
5885.000,-997204716.959
5886.000,-997204716.959
5887.000,-997204796.083
5888.000,-997204796.083
5889.000,-997204796.083
5890.000,-997204796.083
5891.000,-997204796.083
5892.000,-997204796.083
5893.000,-997204716.959
5894.000,-997204716.959
5895.000,-997204716.959
5896.000,-997204796.083
5897.000,-997204796.083
5898.000,-997204796.083
5899.000,-997204796.083
5900.000,-997204796.083
5901.000,-997204716.959
5902.000,-997204716.959
5903.000,-997204716.959
5904.000,-997204796.083
5905.000,-997204796.083
5906.000,-997204796.083
5907.000,-997204796.083
5908.000,-997204796.083
5909.000,-997204796.083
5910.000,-997204716.959
5911.000,-997204716.959
5912.000,-997204716.959
5913.000,-997204796.083
5914.000,-997204796.083
5915.000,-997204796.083
5916.000,-997204796.083
5917.000,-997204796.083
5918.000,-997204796.083
5919.000,-997204716.959
5920.000,-997204796.083
5921.000,-997204796.083
5922.000,-997204796.083
5923.000,-997204796.083
5924.000,-997204796.083
5925.000,-997204796.083
5926.000,-997204716.959
5927.000,-997204716.959
5928.000,-997204796.083
5929.000,-997204796.083
5930.000,-997204796.083
5931.000,-997204796.083
5932.000,-997204796.083
5933.000,-997204796.083
5934.000,-997204716.959
5935.000,-997204716.959
5936.000,-997204716.959
5937.000,-997204796.083
5938.000,-997204796.083
5939.000,-997204796.083
5940.000,-997204796.083
5941.000,-997204796.083
5942.000,-997204716.959
5943.000,-997204716.959
5944.000,-997204716.959
5945.000,-997204796.083
5946.000,-997204796.083
5947.000,-997204796.083
5948.000,-997204796.083
5949.000,-997204796.083
5950.000,-997204796.083
5951.000,-997204716.959
5952.000,-997204716.959
5953.000,-997204716.959
5954.000,-997204796.083
5955.000,-997204796.083
5956.000,-997204796.083
5957.000,-997204796.083
5958.000,-997204796.083
5959.000,-997204716.959
5960.000,-997204716.959
5961.000,-997204716.959
5962.000,-997204796.083
5963.000,-997204796.083
5964.000,-997204796.083
5965.000,-997204796.083
5966.000,-997204796.083
5967.000,-997204796.083
5968.000,-997204716.959
5969.000,-997204716.959
5970.000,-997204716.959
5971.000,-997204796.083
5972.000,-997204796.083
5973.000,-997204796.083
5974.000,-997204796.083
5975.000,-997204796.083
5976.000,-997204716.959
5977.000,-997204716.959
5978.000,-997204716.959
5979.000,-997204796.083
5980.000,-997204796.083
5981.000,-997204796.083
5982.000,-997204796.083
5983.000,-997204796.083
5984.000,-997204796.083
5985.000,-997204716.959
5986.000,-997204716.959
5987.000,-997204796.083
5988.000,-997204796.083
5989.000,-997204796.083
5990.000,-997204796.083
5991.000,-997204796.083
5992.000,-997204796.083
5993.000,-997204716.959
5994.000,-997204716.959
5995.000,-997204796.083
5996.000,-997204796.083
5997.000,-997204796.083
5998.000,-997204796.083
5999.000,-997204796.083
6000.000,-997204796.083
6001.000,-997204716.959
6002.000,-997204716.959
6003.000,-997204796.083
6004.000,-997204796.083
6005.000,-997204796.083
6006.000,-997204796.083
6007.000,-997204796.083
6008.000,-997204796.083
6009.000,-997204716.959
6010.000,-997204716.959
6011.000,-997204716.959
6012.000,-997204796.083
6013.000,-997204796.083
6014.000,-997204796.083
6015.000,-997204796.083
6016.000,-997204558.711
6017.000,-997204479.587
6018.000,-997204479.587
6019.000,-997204479.587
6020.000,-997204479.587
6021.000,-997204479.587
6022.000,-997204479.587
6023.000,-997204479.587
6024.000,-997204479.587
6025.000,-997204479.587
6026.000,-997204400.463
6027.000,-997204400.463
6028.000,-997204400.463
6029.000,-997204479.587
6030.000,-997204479.587
6031.000,-997204479.587
6032.000,-997204479.587
6033.000,-997204479.587
6034.000,-997204400.463
6035.000,-997204400.463
6036.000,-997204400.463
6037.000,-997204400.463
6038.000,-997204479.587
6039.000,-997204479.587
6040.000,-997204479.587
6041.000,-997204479.587
6042.000,-997204400.463
6043.000,-997204400.463
6044.000,-997204400.463
6045.000,-997204400.463
6046.000,-997204479.587
6047.000,-997204479.587
6048.000,-997204479.587
6049.000,-997204479.587
6050.000,-997204400.463
6051.000,-997204400.463
6052.000,-997204400.463
6053.000,-997204400.463
6054.000,-997204479.587
6055.000,-997204479.587
6056.000,-997204479.587
6057.000,-997204479.587
6058.000,-997204400.463
6059.000,-997204400.463
6060.000,-997204400.463
6061.000,-997204400.463
6062.000,-997204400.463
6063.000,-997204479.587
6064.000,-997204479.587
6065.000,-997204479.587
6066.000,-997204400.463
6067.000,-997204400.463
6068.000,-997204400.463
6069.000,-997204400.463
6070.000,-997204400.463
6071.000,-997204400.463
6072.000,-997204479.587
6073.000,-997204479.587
6074.000,-997204479.587
6075.000,-997204400.463
6076.000,-997204400.463
6077.000,-997204400.463
6078.000,-997204400.463
6079.000,-997204400.463
6080.000,-997204479.587
6081.000,-997204479.587
6082.000,-997204479.587
6083.000,-997204400.463
6084.000,-997204400.463
6085.000,-997204400.463
6086.000,-997204400.463
6087.000,-997204400.463
6088.000,-997204400.463
6089.000,-997204479.587
6090.000,-997204479.587
6091.000,-997204400.463
6092.000,-997204400.463
6093.000,-997204400.463
6094.000,-997204400.463
6095.000,-997204400.463
6096.000,-997204400.463
6097.000,-997204400.463
6098.000,-997204479.587
6099.000,-997204400.463
6100.000,-997204400.463
6101.000,-997204400.463
6102.000,-997204400.463
6103.000,-997204400.463
6104.000,-997204400.463
6105.000,-997204479.587
6106.000,-997204479.587
6107.000,-997204400.463
6108.000,-997204400.463
6109.000,-997204400.463
6110.000,-997204400.463
6111.000,-997204400.463
6112.000,-997204400.463
6113.000,-997204479.587
6114.000,-997204479.587
6115.000,-997204479.587
6116.000,-997204400.463
6117.000,-997204400.463
6118.000,-997204321.339
6119.000,-997204400.463
6120.000,-997204400.463
6121.000,-997204400.463
6122.000,-997204479.587
6123.000,-997204479.587
6124.000,-997204400.463
6125.000,-997204400.463
6126.000,-997204400.463
6127.000,-997204321.339
6128.000,-997204400.463
6129.000,-997204400.463
6130.000,-997204479.587
6131.000,-997204479.587
6132.000,-997204479.587
6133.000,-997204400.463
6134.000,-997204400.463
6135.000,-997204400.463
6136.000,-997204400.463
6137.000,-997204400.463
6138.000,-997204400.463
6139.000,-997204479.587
6140.000,-997204479.587
6141.000,-997204400.463
6142.000,-997204400.463
6143.000,-997204400.463
6144.000,-997204400.463
6145.000,-997204400.463
6146.000,-997204400.463
6147.000,-997204400.463
6148.000,-997204400.463
6149.000,-997204400.463
6150.000,-997204400.463
6151.000,-997204400.463
6152.000,-997204400.463
6153.000,-997204400.463
6154.000,-997204400.463
6155.000,-997204400.463
6156.000,-997204400.463
6157.000,-997204400.463
6158.000,-997204400.463
6159.000,-997204400.463
6160.000,-997204400.463
6161.000,-997204400.463
6162.000,-997204400.463
6163.000,-997204400.463
6164.000,-997204400.463
6165.000,-997204400.463
6166.000,-997204400.463
6167.000,-997204400.463
6168.000,-997204400.463
6169.000,-997204400.463
6170.000,-997204400.463
6171.000,-997204400.463
6172.000,-997204479.587
6173.000,-997204400.463
6174.000,-997204400.463
6175.000,-997204400.463
6176.000,-997204321.339
6177.000,-997204321.339
6178.000,-997204400.463
6179.000,-997204400.463
6180.000,-997204479.587
6181.000,-997204479.587
6182.000,-997204400.463
6183.000,-997204400.463
6184.000,-997204321.339
6185.000,-997204321.339
6186.000,-997204321.339
6187.000,-997204400.463
6188.000,-997204400.463
6189.000,-997204479.587
6190.000,-997204479.587
6191.000,-997204400.463
6192.000,-997204400.463
6193.000,-997204321.339
6194.000,-997204321.339
6195.000,-997204400.463
6196.000,-997204400.463
6197.000,-997204479.587
6198.000,-997204479.587
6199.000,-997204479.587
6200.000,-997204400.463
6201.000,-997204400.463
6202.000,-997204321.339
6203.000,-997204321.339
6204.000,-997204400.463
6205.000,-997204400.463
6206.000,-997204479.587
6207.000,-997204479.587
6208.000,-997204400.463
6209.000,-997204400.463
6210.000,-997204400.463
6211.000,-997204321.339
6212.000,-997204400.463
6213.000,-997204400.463
6214.000,-997204400.463
6215.000,-997204400.463
6216.000,-997204400.463
6217.000,-997204400.463
6218.000,-997204400.463
6219.000,-997204400.463
6220.000,-997204400.463
6221.000,-997204400.463
6222.000,-997204400.463
6223.000,-997204400.463
6224.000,-997204400.463
6225.000,-997204400.463
6226.000,-997204400.463
6227.000,-997204400.463
6228.000,-997204400.463
6229.000,-997204400.463
6230.000,-997204400.463
6231.000,-997204400.463
6232.000,-997204400.463
6233.000,-997204400.463
6234.000,-997204400.463
6235.000,-997204321.339
6236.000,-997204400.463
6237.000,-997204400.463
6238.000,-997204400.463
6239.000,-997204479.587
6240.000,-997204400.463
6241.000,-997204400.463
6242.000,-997204400.463
6243.000,-997204321.339
6244.000,-997204321.339
6245.000,-997204400.463
6246.000,-997204400.463
6247.000,-997204479.587
6248.000,-997204479.587
6249.000,-997204400.463
6250.000,-997204400.463
6251.000,-997204400.463
6252.000,-997204321.339
6253.000,-997204321.339
6254.000,-997204400.463
6255.000,-997204400.463
6256.000,-997204479.587
6257.000,-997204479.587
6258.000,-997204400.463
6259.000,-997204400.463
6260.000,-997204321.339
6261.000,-997204321.339
6262.000,-997204400.463
6263.000,-997204400.463
6264.000,-997204400.463
6265.000,-997204400.463
6266.000,-997204400.463
6267.000,-997204400.463
6268.000,-997204400.463
6269.000,-997204400.463
6270.000,-997204400.463
6271.000,-997204400.463
6272.000,-997204400.463
6273.000,-997204400.463
6274.000,-997204400.463
6275.000,-997204400.463
6276.000,-997204400.463
6277.000,-997204400.463
6278.000,-997204400.463
6279.000,-997204400.463
6280.000,-997204400.463
6281.000,-997204400.463
6282.000,-997204400.463
6283.000,-997204400.463
6284.000,-997204400.463
6285.000,-997204400.463
6286.000,-997204400.463
6287.000,-997204400.463
6288.000,-997204400.463
6289.000,-997204400.463
6290.000,-997204400.463
6291.000,-997204400.463
6292.000,-997204400.463
6293.000,-997204321.339
6294.000,-997204321.339
6295.000,-997204400.463
6296.000,-997204400.463
6297.000,-997204400.463
6298.000,-997204400.463
6299.000,-997204400.463
6300.000,-997204400.463
6301.000,-997204321.339
6302.000,-997204321.339
6303.000,-997204400.463
6304.000,-997204400.463
6305.000,-997204400.463
6306.000,-997204479.587
6307.000,-997204400.463
6308.000,-997204400.463
6309.000,-997204400.463
6310.000,-997204321.339
6311.000,-997204321.339
6312.000,-997204400.463
6313.000,-997204400.463
6314.000,-997204400.463
6315.000,-997204479.587
6316.000,-997204400.463
6317.000,-997204400.463
6318.000,-997204400.463
6319.000,-997204321.339
6320.000,-997204321.339
6321.000,-997204400.463
6322.000,-997204400.463
6323.000,-997204400.463
6324.000,-997204400.463
6325.000,-997204400.463
6326.000,-997204400.463
6327.000,-997204400.463
6328.000,-997204321.339
6329.000,-997204400.463
6330.000,-997204400.463
6331.000,-997204400.463
6332.000,-997204400.463
6333.000,-997204400.463
6334.000,-997204400.463
6335.000,-997204400.463
6336.000,-997204400.463
6337.000,-997204400.463
6338.000,-997204400.463
6339.000,-997204400.463
6340.000,-997204400.463
6341.000,-997204400.463
6342.000,-997204400.463
6343.000,-997204400.463
6344.000,-997204400.463
6345.000,-997204400.463
6346.000,-997204400.463
6347.000,-997204400.463
6348.000,-997204400.463
6349.000,-997204400.463
6350.000,-997204400.463
6351.000,-997204400.463
6352.000,-997204400.463
6353.000,-997204400.463
6354.000,-997204400.463
6355.000,-997204400.463
6356.000,-997204400.463
6357.000,-997204400.463
6358.000,-997204400.463
6359.000,-997204400.463
6360.000,-997204400.463
6361.000,-997204400.463
6362.000,-997204400.463
6363.000,-997204400.463
6364.000,-997204400.463
6365.000,-997204400.463
6366.000,-997204400.463
6367.000,-997204400.463
6368.000,-997204400.463
6369.000,-997204400.463
6370.000,-997204400.463
6371.000,-997204400.463
6372.000,-997204400.463
6373.000,-997204400.463
6374.000,-997204400.463
6375.000,-997204400.463
6376.000,-997204400.463
6377.000,-997204321.339
6378.000,-997204400.463
6379.000,-997204400.463
6380.000,-997204400.463
6381.000,-997204400.463
6382.000,-997204400.463
6383.000,-997204400.463
6384.000,-997204400.463
6385.000,-997204400.463
6386.000,-997204400.463
6387.000,-997204400.463
6388.000,-997204400.463
6389.000,-997204400.463
6390.000,-997204400.463
6391.000,-997204400.463
6392.000,-997204400.463
6393.000,-997204400.463
6394.000,-997204400.463
6395.000,-997204400.463
6396.000,-997204400.463
6397.000,-997204400.463
6398.000,-997204400.463
6399.000,-997204400.463
6400.000,-997204400.463
6401.000,-997204400.463
6402.000,-997204400.463
6403.000,-997204400.463
6404.000,-997204400.463
6405.000,-997204400.463
6406.000,-997204400.463
6407.000,-997204400.463
6408.000,-997204400.463
6409.000,-997204400.463
6410.000,-997204400.463
6411.000,-997204400.463
6412.000,-997204400.463
6413.000,-997204400.463
6414.000,-997204400.463
6415.000,-997204400.463
6416.000,-997204400.463
6417.000,-997204400.463
6418.000,-997204321.339
6419.000,-997204321.339
6420.000,-997204400.463
6421.000,-997204400.463
6422.000,-997204400.463
6423.000,-997204400.463
6424.000,-997204400.463
6425.000,-997204400.463
6426.000,-997204321.339
6427.000,-997204321.339
6428.000,-997204321.339
6429.000,-997204400.463
6430.000,-997204400.463
6431.000,-997204400.463
6432.000,-997204400.463
6433.000,-997204400.463
6434.000,-997204400.463
6435.000,-997204321.339
6436.000,-997204321.339
6437.000,-997204400.463
6438.000,-997204400.463
6439.000,-997204400.463
6440.000,-997204400.463
6441.000,-997204400.463
6442.000,-997204400.463
6443.000,-997204400.463
6444.000,-997204400.463
6445.000,-997204400.463
6446.000,-997204400.463
6447.000,-997204400.463
6448.000,-997204400.463
6449.000,-997204400.463
6450.000,-997204400.463
6451.000,-997204400.463
6452.000,-997204400.463
6453.000,-997204400.463
6454.000,-997204400.463
6455.000,-997204400.463
6456.000,-997204400.463
6457.000,-997204400.463
6458.000,-997204400.463
6459.000,-997204400.463
6460.000,-997204400.463
6461.000,-997204400.463
6462.000,-997204400.463
6463.000,-997204400.463
6464.000,-997204400.463
6465.000,-997204400.463
6466.000,-997204400.463
6467.000,-997204400.463
6468.000,-997204321.339
6469.000,-997204321.339
6470.000,-997204400.463
6471.000,-997204400.463
6472.000,-997204400.463
6473.000,-997204400.463
6474.000,-997204400.463
6475.000,-997204400.463
6476.000,-997204400.463
6477.000,-997204321.339
6478.000,-997204321.339
6479.000,-997204400.463
6480.000,-997204400.463
6481.000,-997204400.463
6482.000,-997204400.463
6483.000,-997204400.463
6484.000,-997204400.463
6485.000,-997204321.339
6486.000,-997204321.339
6487.000,-997204321.339
6488.000,-997204400.463
6489.000,-997204400.463
6490.000,-997204400.463
6491.000,-997204400.463
6492.000,-997204400.463
6493.000,-997204400.463
6494.000,-997204400.463
6495.000,-997204321.339
6496.000,-997204400.463
6497.000,-997204400.463
6498.000,-997204400.463
6499.000,-997204400.463
6500.000,-997204400.463
6501.000,-997204400.463
6502.000,-997204400.463
6503.000,-997204400.463
6504.000,-997204400.463
6505.000,-997204400.463
6506.000,-997204400.463
6507.000,-997204400.463
6508.000,-997204400.463
6509.000,-997204400.463
6510.000,-997204400.463
6511.000,-997204400.463
6512.000,-997204400.463
6513.000,-997204400.463
6514.000,-997204400.463
6515.000,-997204400.463
6516.000,-997204637.835
6517.000,-997204637.835
6518.000,-997204637.835
6519.000,-997204637.835
6520.000,-997204637.835
6521.000,-997204716.959
6522.000,-997204716.959
6523.000,-997204716.959
6524.000,-997204716.959
6525.000,-997204716.959
6526.000,-997204637.835
6527.000,-997204637.835
6528.000,-997204716.959
6529.000,-997204716.959
6530.000,-997204716.959
6531.000,-997204716.959
6532.000,-997204716.959
6533.000,-997204716.959
6534.000,-997204716.959
6535.000,-997204716.959
6536.000,-997204716.959
6537.000,-997204716.959
6538.000,-997204716.959
6539.000,-997204796.083
6540.000,-997204796.083
6541.000,-997204716.959
6542.000,-997204716.959
6543.000,-997204716.959
6544.000,-997204716.959
6545.000,-997204716.959
6546.000,-997204716.959
6547.000,-997204796.083
6548.000,-997204796.083
6549.000,-997204796.083
6550.000,-997204716.959
6551.000,-997204716.959
6552.000,-997204716.959
6553.000,-997204716.959
6554.000,-997204716.959
6555.000,-997204716.959
6556.000,-997204796.083
6557.000,-997204796.083
6558.000,-997204796.083
6559.000,-997204716.959
6560.000,-997204716.959
6561.000,-997204716.959
6562.000,-997204716.959
6563.000,-997204716.959
6564.000,-997204796.083
6565.000,-997204796.083
6566.000,-997204796.083
6567.000,-997204716.959
6568.000,-997204716.959
6569.000,-997204716.959
6570.000,-997204716.959
6571.000,-997204716.959
6572.000,-997204796.083
6573.000,-997204796.083
6574.000,-997204796.083
6575.000,-997204796.083
6576.000,-997204716.959
6577.000,-997204716.959
6578.000,-997204716.959
6579.000,-997204716.959
6580.000,-997204796.083
6581.000,-997204796.083
6582.000,-997204796.083
6583.000,-997204796.083
6584.000,-997204716.959
6585.000,-997204716.959
6586.000,-997204716.959
6587.000,-997204716.959
6588.000,-997204796.083
6589.000,-997204796.083
6590.000,-997204796.083
6591.000,-997204796.083
6592.000,-997204716.959
6593.000,-997204716.959
6594.000,-997204716.959
6595.000,-997204716.959
6596.000,-997204796.083
6597.000,-997204796.083
6598.000,-997204796.083
6599.000,-997204796.083
6600.000,-997204716.959
6601.000,-997204716.959
6602.000,-997204716.959
6603.000,-997204716.959
6604.000,-997204716.959
6605.000,-997204796.083
6606.000,-997204796.083
6607.000,-997204796.083
6608.000,-997204796.083
6609.000,-997204716.959
6610.000,-997204716.959
6611.000,-997204716.959
6612.000,-997204716.959
6613.000,-997204796.083
6614.000,-997204796.083
6615.000,-997204796.083
6616.000,-997204796.083
6617.000,-997204796.083
6618.000,-997204716.959
6619.000,-997204716.959
6620.000,-997204716.959
6621.000,-997204716.959
6622.000,-997204796.083
6623.000,-997204796.083
6624.000,-997204796.083
6625.000,-997204796.083
6626.000,-997204716.959
6627.000,-997204716.959
6628.000,-997204716.959
6629.000,-997204716.959
6630.000,-997204796.083
6631.000,-997204796.083
6632.000,-997204796.083
6633.000,-997204796.083
6634.000,-997204716.959
6635.000,-997204716.959
6636.000,-997204716.959
6637.000,-997204716.959
6638.000,-997204796.083
6639.000,-997204796.083
6640.000,-997204796.083
6641.000,-997204796.083
6642.000,-997204716.959
6643.000,-997204716.959
6644.000,-997204716.959
6645.000,-997204716.959
6646.000,-997204796.083
6647.000,-997204796.083
6648.000,-997204796.083
6649.000,-997204796.083
6650.000,-997204796.083
6651.000,-997204716.959
6652.000,-997204716.959
6653.000,-997204716.959
6654.000,-997204716.959
6655.000,-997204796.083
6656.000,-997204796.083
6657.000,-997204796.083
6658.000,-997204796.083
6659.000,-997204716.959
6660.000,-997204716.959
6661.000,-997204716.959
6662.000,-997204716.959
6663.000,-997204796.083
6664.000,-997204796.083
6665.000,-997204796.083
6666.000,-997204796.083
6667.000,-997204796.083
6668.000,-997204716.959
6669.000,-997204716.959
6670.000,-997204716.959
6671.000,-997204796.083
6672.000,-997204796.083
6673.000,-997204796.083
6674.000,-997204796.083
6675.000,-997204796.083
6676.000,-997204716.959
6677.000,-997204716.959
6678.000,-997204716.959
6679.000,-997204716.959
6680.000,-997204796.083
6681.000,-997204796.083
6682.000,-997204796.083
6683.000,-997204796.083
6684.000,-997204796.083
6685.000,-997204716.959
6686.000,-997204716.959
6687.000,-997204716.959
6688.000,-997204796.083
6689.000,-997204796.083
6690.000,-997204796.083
6691.000,-997204796.083
6692.000,-997204796.083
6693.000,-997204716.959
6694.000,-997204716.959
6695.000,-997204716.959
6696.000,-997204716.959
6697.000,-997204796.083
6698.000,-997204796.083
6699.000,-997204796.083
6700.000,-997204796.083
6701.000,-997204796.083
6702.000,-997204716.959
6703.000,-997204716.959
6704.000,-997204716.959
6705.000,-997204796.083
6706.000,-997204796.083
6707.000,-997204796.083
6708.000,-997204796.083
6709.000,-997204796.083
6710.000,-997204716.959
6711.000,-997204716.959
6712.000,-997204716.959
6713.000,-997204796.083
6714.000,-997204796.083
6715.000,-997204796.083
6716.000,-997204796.083
6717.000,-997204796.083
6718.000,-997204716.959
6719.000,-997204716.959
6720.000,-997204716.959
6721.000,-997204796.083
6722.000,-997204796.083
6723.000,-997204796.083
6724.000,-997204796.083
6725.000,-997204796.083
6726.000,-997204716.959
6727.000,-997204716.959
6728.000,-997204716.959
6729.000,-997204716.959
6730.000,-997204796.083
6731.000,-997204796.083
6732.000,-997204796.083
6733.000,-997204796.083
6734.000,-997204796.083
6735.000,-997204716.959
6736.000,-997204716.959
6737.000,-997204716.959
6738.000,-997204796.083
6739.000,-997204796.083
6740.000,-997204796.083
6741.000,-997204796.083
6742.000,-997204796.083
6743.000,-997204716.959
6744.000,-997204716.959
6745.000,-997204716.959
6746.000,-997204716.959
6747.000,-997204796.083
6748.000,-997204796.083
6749.000,-997204796.083
6750.000,-997204796.083
6751.000,-997204796.083
6752.000,-997204716.959
6753.000,-997204716.959
6754.000,-997204716.959
6755.000,-997204796.083
6756.000,-997204796.083
6757.000,-997204796.083
6758.000,-997204796.083
6759.000,-997204796.083
6760.000,-997204716.959
6761.000,-997204716.959
6762.000,-997204716.959
6763.000,-997204796.083
6764.000,-997204796.083
6765.000,-997204796.083
6766.000,-997204796.083
6767.000,-997204796.083
6768.000,-997204716.959
6769.000,-997204716.959
6770.000,-997204716.959
6771.000,-997204796.083
6772.000,-997204796.083
6773.000,-997204796.083
6774.000,-997204796.083
6775.000,-997204796.083
6776.000,-997204716.959
6777.000,-997204716.959
6778.000,-997204716.959
6779.000,-997204796.083
6780.000,-997204796.083
6781.000,-997204796.083
6782.000,-997204796.083
6783.000,-997204796.083
6784.000,-997204796.083
6785.000,-997204716.959
6786.000,-997204716.959
6787.000,-997204716.959
6788.000,-997204796.083
6789.000,-997204796.083
6790.000,-997204796.083
6791.000,-997204796.083
6792.000,-997204796.083
6793.000,-997204716.959
6794.000,-997204716.959
6795.000,-997204716.959
6796.000,-997204796.083
6797.000,-997204796.083
6798.000,-997204796.083
6799.000,-997204796.083
6800.000,-997204796.083
6801.000,-997204716.959
6802.000,-997204716.959
6803.000,-997204716.959
6804.000,-997204716.959
6805.000,-997204796.083
6806.000,-997204796.083
6807.000,-997204796.083
6808.000,-997204796.083
6809.000,-997204796.083
6810.000,-997204716.959
6811.000,-997204716.959
6812.000,-997204716.959
6813.000,-997204796.083
6814.000,-997204796.083
6815.000,-997204796.083
6816.000,-997204796.083
6817.000,-997204796.083
6818.000,-997204716.959
6819.000,-997204716.959
6820.000,-997204716.959
6821.000,-997204796.083
6822.000,-997204796.083
6823.000,-997204796.083
6824.000,-997204796.083
6825.000,-997204796.083
6826.000,-997204796.083
6827.000,-997204716.959
6828.000,-997204716.959
6829.000,-997204716.959
6830.000,-997204796.083
6831.000,-997204796.083
6832.000,-997204796.083
6833.000,-997204796.083
6834.000,-997204796.083
6835.000,-997204716.959
6836.000,-997204716.959
6837.000,-997204716.959
6838.000,-997204796.083
6839.000,-997204796.083
6840.000,-997204796.083
6841.000,-997204796.083
6842.000,-997204796.083
6843.000,-997204796.083
6844.000,-997204716.959
6845.000,-997204716.959
6846.000,-997204796.083
6847.000,-997204796.083
6848.000,-997204796.083
6849.000,-997204796.083
6850.000,-997204796.083
6851.000,-997204796.083
6852.000,-997204716.959
6853.000,-997204716.959
6854.000,-997204796.083
6855.000,-997204796.083
6856.000,-997204796.083
6857.000,-997204796.083
6858.000,-997204796.083
6859.000,-997204796.083
6860.000,-997204716.959
6861.000,-997204716.959
6862.000,-997204716.959
6863.000,-997204796.083
6864.000,-997204796.083
6865.000,-997204796.083
6866.000,-997204796.083
6867.000,-997204796.083
6868.000,-997204716.959
6869.000,-997204716.959
6870.000,-997204716.959
6871.000,-997204796.083
6872.000,-997204796.083
6873.000,-997204796.083
6874.000,-997204796.083
6875.000,-997204796.083
6876.000,-997204716.959
6877.000,-997204716.959
6878.000,-997204716.959
6879.000,-997204796.083
6880.000,-997204796.083
6881.000,-997204796.083
6882.000,-997204796.083
6883.000,-997204796.083
6884.000,-997204796.083
6885.000,-997204716.959
6886.000,-997204716.959
6887.000,-997204716.959
6888.000,-997204796.083
6889.000,-997204796.083
6890.000,-997204796.083
6891.000,-997204796.083
6892.000,-997204796.083
6893.000,-997204716.959
6894.000,-997204716.959
6895.000,-997204716.959
6896.000,-997204796.083
6897.000,-997204796.083
6898.000,-997204796.083
6899.000,-997204796.083
6900.000,-997204796.083
6901.000,-997204716.959
6902.000,-997204716.959
6903.000,-997204716.959
6904.000,-997204796.083
6905.000,-997204796.083
6906.000,-997204796.083
6907.000,-997204796.083
6908.000,-997204796.083
6909.000,-997204716.959
6910.000,-997204716.959
6911.000,-997204716.959
6912.000,-997204716.959
6913.000,-997204796.083
6914.000,-997204796.083
6915.000,-997204875.206
6916.000,-997204796.083
6917.000,-997204796.083
6918.000,-997204716.959
6919.000,-997204716.959
6920.000,-997204716.959
6921.000,-997204796.083
6922.000,-997204796.083
6923.000,-997204796.083
6924.000,-997204796.083
6925.000,-997204796.083
6926.000,-997204796.083
6927.000,-997204716.959
6928.000,-997204716.959
6929.000,-997204716.959
6930.000,-997204796.083
6931.000,-997204796.083
6932.000,-997204796.083
6933.000,-997204796.083
6934.000,-997204796.083
6935.000,-997204716.959
6936.000,-997204716.959
6937.000,-997204716.959
6938.000,-997204796.083
6939.000,-997204796.083
6940.000,-997204796.083
6941.000,-997204796.083
6942.000,-997204796.083
6943.000,-997204796.083
6944.000,-997204716.959
6945.000,-997204716.959
6946.000,-997204796.083
6947.000,-997204796.083
6948.000,-997204796.083
6949.000,-997204796.083
6950.000,-997204796.083
6951.000,-997204716.959
6952.000,-997204716.959
6953.000,-997204716.959
6954.000,-997204796.083
6955.000,-997204796.083
6956.000,-997204796.083
6957.000,-997204796.083
6958.000,-997204796.083
6959.000,-997204716.959
6960.000,-997204716.959
6961.000,-997204716.959
6962.000,-997204796.083
6963.000,-997204796.083
6964.000,-997204796.083
6965.000,-997204796.083
6966.000,-997204796.083
6967.000,-997204796.083
6968.000,-997204716.959
6969.000,-997204716.959
6970.000,-997204716.959
6971.000,-997204796.083
6972.000,-997204796.083
6973.000,-997204875.206
6974.000,-997204796.083
6975.000,-997204796.083
6976.000,-997204716.959
6977.000,-997204716.959
6978.000,-997204716.959
6979.000,-997204796.083
6980.000,-997204796.083
6981.000,-997204796.083
6982.000,-997204796.083
6983.000,-997204796.083
6984.000,-997204796.083
6985.000,-997204716.959
6986.000,-997204716.959
6987.000,-997204716.959
6988.000,-997204796.083
6989.000,-997204796.083
6990.000,-997204796.083
6991.000,-997204796.083
6992.000,-997204796.083
6993.000,-997204716.959
6994.000,-997204716.959
6995.000,-997204716.959
6996.000,-997204796.083
6997.000,-997204796.083
6998.000,-997204796.083
6999.000,-997204796.083
7000.000,-997204796.083
7001.000,-997204796.083
7002.000,-997204716.959
7003.000,-997204716.959
7004.000,-997204796.083
7005.000,-997204796.083
7006.000,-997204796.083
7007.000,-997204796.083
7008.000,-997204796.083
7009.000,-997204796.083
7010.000,-997204716.959
7011.000,-997204716.959
7012.000,-997204796.083
7013.000,-997204796.083
7014.000,-997204796.083
7015.000,-997204796.083
7016.000,-997204558.711
7017.000,-997204479.587
7018.000,-997204479.587
7019.000,-997204479.587
7020.000,-997204479.587
7021.000,-997204479.587
7022.000,-997204558.711
7023.000,-997204479.587
7024.000,-997204479.587
7025.000,-997204479.587
7026.000,-997204400.463
7027.000,-997204400.463
7028.000,-997204400.463
7029.000,-997204479.587
7030.000,-997204479.587
7031.000,-997204479.587
7032.000,-997204479.587
7033.000,-997204479.587
7034.000,-997204400.463
7035.000,-997204400.463
7036.000,-997204400.463
7037.000,-997204400.463
7038.000,-997204479.587
7039.000,-997204479.587
7040.000,-997204479.587
7041.000,-997204479.587
7042.000,-997204400.463
7043.000,-997204400.463
7044.000,-997204400.463
7045.000,-997204400.463
7046.000,-997204400.463
7047.000,-997204479.587
7048.000,-997204479.587
7049.000,-997204479.587
7050.000,-997204479.587
7051.000,-997204400.463
7052.000,-997204400.463
7053.000,-997204400.463
7054.000,-997204400.463
7055.000,-997204400.463
7056.000,-997204479.587
7057.000,-997204479.587
7058.000,-997204479.587
7059.000,-997204400.463
7060.000,-997204400.463
7061.000,-997204400.463
7062.000,-997204400.463
7063.000,-997204400.463
7064.000,-997204479.587
7065.000,-997204479.587
7066.000,-997204479.587
7067.000,-997204400.463
7068.000,-997204400.463
7069.000,-997204400.463
7070.000,-997204400.463
7071.000,-997204400.463
7072.000,-997204479.587
7073.000,-997204479.587
7074.000,-997204479.587
7075.000,-997204400.463
7076.000,-997204400.463
7077.000,-997204400.463
7078.000,-997204400.463
7079.000,-997204400.463
7080.000,-997204479.587
7081.000,-997204479.587
7082.000,-997204479.587
7083.000,-997204400.463
7084.000,-997204400.463
7085.000,-997204321.339
7086.000,-997204400.463
7087.000,-997204400.463
7088.000,-997204479.587
7089.000,-997204479.587
7090.000,-997204479.587
7091.000,-997204479.587
7092.000,-997204400.463
7093.000,-997204321.339
7094.000,-997204321.339
7095.000,-997204400.463
7096.000,-997204400.463
7097.000,-997204479.587
7098.000,-997204479.587
7099.000,-997204479.587
7100.000,-997204400.463
7101.000,-997204400.463
7102.000,-997204321.339
7103.000,-997204321.339
7104.000,-997204400.463
7105.000,-997204400.463
7106.000,-997204479.587
7107.000,-997204479.587
7108.000,-997204479.587
7109.000,-997204400.463
7110.000,-997204400.463
7111.000,-997204321.339
7112.000,-997204400.463
7113.000,-997204400.463
7114.000,-997204479.587
7115.000,-997204479.587
7116.000,-997204479.587
7117.000,-997204400.463
7118.000,-997204400.463
7119.000,-997204400.463
7120.000,-997204400.463
7121.000,-997204400.463
7122.000,-997204400.463
7123.000,-997204479.587
7124.000,-997204400.463
7125.000,-997204400.463
7126.000,-997204400.463
7127.000,-997204400.463
7128.000,-997204400.463
7129.000,-997204400.463
7130.000,-997204400.463
7131.000,-997204479.587
7132.000,-997204479.587
7133.000,-997204400.463
7134.000,-997204400.463
7135.000,-997204321.339
7136.000,-997204400.463
7137.000,-997204400.463
7138.000,-997204400.463
7139.000,-997204479.587
7140.000,-997204479.587
7141.000,-997204400.463
7142.000,-997204400.463
7143.000,-997204321.339
7144.000,-997204321.339
7145.000,-997204400.463
7146.000,-997204400.463
7147.000,-997204479.587
7148.000,-997204479.587
7149.000,-997204479.587
7150.000,-997204400.463
7151.000,-997204400.463
7152.000,-997204321.339
7153.000,-997204321.339
7154.000,-997204400.463
7155.000,-997204400.463
7156.000,-997204479.587
7157.000,-997204479.587
7158.000,-997204400.463
7159.000,-997204400.463
7160.000,-997204321.339
7161.000,-997204321.339
7162.000,-997204321.339
7163.000,-997204400.463
7164.000,-997204479.587
7165.000,-997204479.587
7166.000,-997204479.587
7167.000,-997204400.463
7168.000,-997204400.463
7169.000,-997204321.339
7170.000,-997204321.339
7171.000,-997204400.463
7172.000,-997204400.463
7173.000,-997204479.587
7174.000,-997204479.587
7175.000,-997204400.463
7176.000,-997204400.463
7177.000,-997204400.463
7178.000,-997204321.339
7179.000,-997204400.463
7180.000,-997204400.463
7181.000,-997204400.463
7182.000,-997204479.587
7183.000,-997204400.463
7184.000,-997204400.463
7185.000,-997204400.463
7186.000,-997204400.463
7187.000,-997204400.463
7188.000,-997204400.463
7189.000,-997204400.463
7190.000,-997204479.587
7191.000,-997204400.463
7192.000,-997204400.463
7193.000,-997204400.463
7194.000,-997204400.463
7195.000,-997204400.463
7196.000,-997204400.463
7197.000,-997204400.463
7198.000,-997204479.587
7199.000,-997204400.463
7200.000,-997204400.463
7201.000,-997204400.463
7202.000,-997204400.463
7203.000,-997204400.463
7204.000,-997204400.463
7205.000,-997204400.463
7206.000,-997204479.587
7207.000,-997204400.463
7208.000,-997204400.463
7209.000,-997204400.463
7210.000,-997204400.463
7211.000,-997204321.339
7212.000,-997204400.463
7213.000,-997204400.463
7214.000,-997204400.463
7215.000,-997204479.587
7216.000,-997204400.463
7217.000,-997204400.463
7218.000,-997204400.463
7219.000,-997204321.339
7220.000,-997204400.463
7221.000,-997204400.463
7222.000,-997204400.463
7223.000,-997204479.587
7224.000,-997204400.463
7225.000,-997204400.463
7226.000,-997204400.463
7227.000,-997204321.339
7228.000,-997204400.463
7229.000,-997204400.463
7230.000,-997204400.463
7231.000,-997204400.463
7232.000,-997204400.463
7233.000,-997204400.463
7234.000,-997204400.463
7235.000,-997204400.463
7236.000,-997204400.463
7237.000,-997204400.463
7238.000,-997204400.463
7239.000,-997204400.463
7240.000,-997204400.463
7241.000,-997204400.463
7242.000,-997204400.463
7243.000,-997204400.463
7244.000,-997204321.339
7245.000,-997204400.463
7246.000,-997204400.463
7247.000,-997204400.463
7248.000,-997204400.463
7249.000,-997204400.463
7250.000,-997204400.463
7251.000,-997204400.463
7252.000,-997204321.339
7253.000,-997204400.463
7254.000,-997204400.463
7255.000,-997204400.463
7256.000,-997204479.587
7257.000,-997204400.463
7258.000,-997204400.463
7259.000,-997204400.463
7260.000,-997204321.339
7261.000,-997204321.339
7262.000,-997204400.463
7263.000,-997204400.463
7264.000,-997204479.587
7265.000,-997204479.587
7266.000,-997204400.463
7267.000,-997204400.463
7268.000,-997204321.339
7269.000,-997204321.339
7270.000,-997204321.339
7271.000,-997204400.463
7272.000,-997204400.463
7273.000,-997204479.587
7274.000,-997204479.587
7275.000,-997204400.463
7276.000,-997204400.463
7277.000,-997204321.339
7278.000,-997204321.339
7279.000,-997204400.463
7280.000,-997204400.463
7281.000,-997204400.463
7282.000,-997204400.463
7283.000,-997204400.463
7284.000,-997204400.463
7285.000,-997204400.463
7286.000,-997204400.463
7287.000,-997204400.463
7288.000,-997204400.463
7289.000,-997204400.463
7290.000,-997204400.463
7291.000,-997204400.463
7292.000,-997204400.463
7293.000,-997204400.463
7294.000,-997204400.463
7295.000,-997204400.463
7296.000,-997204400.463
7297.000,-997204400.463
7298.000,-997204400.463
7299.000,-997204400.463
7300.000,-997204400.463
7301.000,-997204400.463
7302.000,-997204400.463
7303.000,-997204400.463
7304.000,-997204400.463
7305.000,-997204400.463
7306.000,-997204400.463
7307.000,-997204400.463
7308.000,-997204400.463
7309.000,-997204400.463
7310.000,-997204321.339
7311.000,-997204400.463
7312.000,-997204400.463
7313.000,-997204400.463
7314.000,-997204400.463
7315.000,-997204400.463
7316.000,-997204400.463
7317.000,-997204400.463
7318.000,-997204321.339
7319.000,-997204321.339
7320.000,-997204400.463
7321.000,-997204400.463
7322.000,-997204400.463
7323.000,-997204479.587
7324.000,-997204400.463
7325.000,-997204400.463
7326.000,-997204400.463
7327.000,-997204321.339
7328.000,-997204321.339
7329.000,-997204400.463
7330.000,-997204400.463
7331.000,-997204400.463
7332.000,-997204400.463
7333.000,-997204400.463
7334.000,-997204400.463
7335.000,-997204321.339
7336.000,-997204321.339
7337.000,-997204400.463
7338.000,-997204400.463
7339.000,-997204400.463
7340.000,-997204400.463
7341.000,-997204400.463
7342.000,-997204400.463
7343.000,-997204400.463
7344.000,-997204400.463
7345.000,-997204400.463
7346.000,-997204400.463
7347.000,-997204400.463
7348.000,-997204400.463
7349.000,-997204400.463
7350.000,-997204400.463
7351.000,-997204400.463
7352.000,-997204321.339
7353.000,-997204400.463
7354.000,-997204400.463
7355.000,-997204400.463
7356.000,-997204400.463
7357.000,-997204400.463
7358.000,-997204400.463
7359.000,-997204400.463
7360.000,-997204321.339
7361.000,-997204400.463
7362.000,-997204400.463
7363.000,-997204400.463
7364.000,-997204400.463
7365.000,-997204400.463
7366.000,-997204400.463
7367.000,-997204400.463
7368.000,-997204321.339
7369.000,-997204321.339
7370.000,-997204400.463
7371.000,-997204400.463
7372.000,-997204400.463
7373.000,-997204400.463
7374.000,-997204400.463
7375.000,-997204400.463
7376.000,-997204321.339
7377.000,-997204321.339
7378.000,-997204400.463
7379.000,-997204400.463
7380.000,-997204400.463
7381.000,-997204400.463
7382.000,-997204400.463
7383.000,-997204400.463
7384.000,-997204400.463
7385.000,-997204321.339
7386.000,-997204321.339
7387.000,-997204400.463
7388.000,-997204400.463
7389.000,-997204400.463
7390.000,-997204400.463
7391.000,-997204400.463
7392.000,-997204400.463
7393.000,-997204321.339
7394.000,-997204321.339
7395.000,-997204400.463
7396.000,-997204400.463
7397.000,-997204400.463
7398.000,-997204400.463
7399.000,-997204400.463
7400.000,-997204400.463
7401.000,-997204400.463
7402.000,-997204321.339
7403.000,-997204321.339
7404.000,-997204400.463
7405.000,-997204400.463
7406.000,-997204400.463
7407.000,-997204400.463
7408.000,-997204400.463
7409.000,-997204400.463
7410.000,-997204321.339
7411.000,-997204321.339
7412.000,-997204400.463
7413.000,-997204400.463
7414.000,-997204400.463
7415.000,-997204400.463
7416.000,-997204400.463
7417.000,-997204400.463
7418.000,-997204400.463
7419.000,-997204400.463
7420.000,-997204400.463
7421.000,-997204400.463
7422.000,-997204400.463
7423.000,-997204400.463
7424.000,-997204400.463
7425.000,-997204400.463
7426.000,-997204400.463
7427.000,-997204400.463
7428.000,-997204400.463
7429.000,-997204400.463
7430.000,-997204400.463
7431.000,-997204400.463
7432.000,-997204400.463
7433.000,-997204400.463
7434.000,-997204400.463
7435.000,-997204400.463
7436.000,-997204400.463
7437.000,-997204400.463
7438.000,-997204400.463
7439.000,-997204400.463
7440.000,-997204400.463
7441.000,-997204400.463
7442.000,-997204400.463
7443.000,-997204321.339
7444.000,-997204321.339
7445.000,-997204400.463
7446.000,-997204400.463
7447.000,-997204400.463
7448.000,-997204400.463
7449.000,-997204400.463
7450.000,-997204400.463
7451.000,-997204321.339
7452.000,-997204321.339
7453.000,-997204400.463
7454.000,-997204400.463
7455.000,-997204400.463
7456.000,-997204400.463
7457.000,-997204400.463
7458.000,-997204400.463
7459.000,-997204400.463
7460.000,-997204321.339
7461.000,-997204321.339
7462.000,-997204400.463
7463.000,-997204400.463
7464.000,-997204400.463
7465.000,-997204400.463
7466.000,-997204400.463
7467.000,-997204400.463
7468.000,-997204321.339
7469.000,-997204321.339
7470.000,-997204400.463
7471.000,-997204400.463
7472.000,-997204400.463
7473.000,-997204400.463
7474.000,-997204400.463
7475.000,-997204400.463
7476.000,-997204400.463
7477.000,-997204321.339
7478.000,-997204400.463
7479.000,-997204400.463
7480.000,-997204400.463
7481.000,-997204400.463
7482.000,-997204400.463
7483.000,-997204400.463
7484.000,-997204400.463
7485.000,-997204321.339
7486.000,-997204321.339
7487.000,-997204400.463
7488.000,-997204400.463
7489.000,-997204400.463
7490.000,-997204400.463
7491.000,-997204400.463
7492.000,-997204400.463
7493.000,-997204321.339
7494.000,-997204321.339
7495.000,-997204400.463
7496.000,-997204400.463
7497.000,-997204400.463
7498.000,-997204400.463
7499.000,-997204400.463
7500.000,-997204400.463
7501.000,-997204321.339
7502.000,-997204321.339
7503.000,-997204400.463
7504.000,-997204400.463
7505.000,-997204400.463
7506.000,-997204400.463
7507.000,-997204400.463
7508.000,-997204400.463
7509.000,-997204321.339
7510.000,-997204321.339
7511.000,-997204321.339
7512.000,-997204400.463
7513.000,-997204400.463
7514.000,-997204400.463
7515.000,-997204400.463
7516.000,-997204637.835
7517.000,-997204637.835
7518.000,-997204637.835
7519.000,-997204637.835
7520.000,-997204637.835
7521.000,-997204716.959
7522.000,-997204716.959
7523.000,-997204796.083
7524.000,-997204716.959
7525.000,-997204716.959
7526.000,-997204716.959
7527.000,-997204637.835
7528.000,-997204637.835
7529.000,-997204716.959
7530.000,-997204716.959
7531.000,-997204796.083
7532.000,-997204796.083
7533.000,-997204716.959
7534.000,-997204716.959
7535.000,-997204716.959
7536.000,-997204716.959
7537.000,-997204716.959
7538.000,-997204716.959
7539.000,-997204716.959
7540.000,-997204796.083
7541.000,-997204796.083
7542.000,-997204716.959
7543.000,-997204716.959
7544.000,-997204716.959
7545.000,-997204716.959
7546.000,-997204716.959
7547.000,-997204716.959
7548.000,-997204796.083
7549.000,-997204796.083
7550.000,-997204716.959
7551.000,-997204716.959
7552.000,-997204716.959
7553.000,-997204716.959
7554.000,-997204716.959
7555.000,-997204716.959
7556.000,-997204796.083
7557.000,-997204716.959
7558.000,-997204716.959
7559.000,-997204716.959
7560.000,-997204716.959
7561.000,-997204716.959
7562.000,-997204716.959
7563.000,-997204716.959
7564.000,-997204796.083
7565.000,-997204796.083
7566.000,-997204716.959
7567.000,-997204716.959
7568.000,-997204716.959
7569.000,-997204716.959
7570.000,-997204716.959
7571.000,-997204796.083
7572.000,-997204796.083
7573.000,-997204796.083
7574.000,-997204796.083
7575.000,-997204716.959
7576.000,-997204716.959
7577.000,-997204716.959
7578.000,-997204716.959
7579.000,-997204716.959
7580.000,-997204796.083
7581.000,-997204796.083
7582.000,-997204796.083
7583.000,-997204796.083
7584.000,-997204716.959
7585.000,-997204716.959
7586.000,-997204716.959
7587.000,-997204716.959
7588.000,-997204796.083
7589.000,-997204796.083
7590.000,-997204796.083
7591.000,-997204796.083
7592.000,-997204716.959
7593.000,-997204716.959
7594.000,-997204716.959
7595.000,-997204716.959
7596.000,-997204716.959
7597.000,-997204796.083
7598.000,-997204796.083
7599.000,-997204796.083
7600.000,-997204796.083
7601.000,-997204716.959
7602.000,-997204716.959
7603.000,-997204716.959
7604.000,-997204716.959
7605.000,-997204716.959
7606.000,-997204796.083
7607.000,-997204796.083
7608.000,-997204796.083
7609.000,-997204796.083
7610.000,-997204716.959
7611.000,-997204716.959
7612.000,-997204716.959
7613.000,-997204716.959
7614.000,-997204796.083
7615.000,-997204796.083
7616.000,-997204796.083
7617.000,-997204796.083
7618.000,-997204716.959
7619.000,-997204716.959
7620.000,-997204716.959
7621.000,-997204716.959
7622.000,-997204796.083
7623.000,-997204796.083
7624.000,-997204796.083
7625.000,-997204796.083
7626.000,-997204716.959
7627.000,-997204716.959
7628.000,-997204716.959
7629.000,-997204716.959
7630.000,-997204796.083
7631.000,-997204796.083
7632.000,-997204796.083
7633.000,-997204796.083
7634.000,-997204716.959
7635.000,-997204716.959
7636.000,-997204716.959
7637.000,-997204716.959
7638.000,-997204796.083
7639.000,-997204796.083
7640.000,-997204796.083
7641.000,-997204796.083
7642.000,-997204796.083
7643.000,-997204716.959
7644.000,-997204716.959
7645.000,-997204716.959
7646.000,-997204716.959
7647.000,-997204796.083
7648.000,-997204796.083
7649.000,-997204796.083
7650.000,-997204796.083
7651.000,-997204716.959
7652.000,-997204716.959
7653.000,-997204716.959
7654.000,-997204716.959
7655.000,-997204796.083
7656.000,-997204796.083
7657.000,-997204796.083
7658.000,-997204796.083
7659.000,-997204796.083
7660.000,-997204716.959
7661.000,-997204716.959
7662.000,-997204716.959
7663.000,-997204716.959
7664.000,-997204796.083
7665.000,-997204796.083
7666.000,-997204796.083
7667.000,-997204796.083
7668.000,-997204796.083
7669.000,-997204716.959
7670.000,-997204716.959
7671.000,-997204716.959
7672.000,-997204796.083
7673.000,-997204796.083
7674.000,-997204796.083
7675.000,-997204796.083
7676.000,-997204796.083
7677.000,-997204716.959
7678.000,-997204716.959
7679.000,-997204716.959
7680.000,-997204796.083
7681.000,-997204796.083
7682.000,-997204796.083
7683.000,-997204796.083
7684.000,-997204796.083
7685.000,-997204716.959
7686.000,-997204716.959
7687.000,-997204716.959
7688.000,-997204796.083
7689.000,-997204796.083
7690.000,-997204796.083
7691.000,-997204796.083
7692.000,-997204796.083
7693.000,-997204716.959
7694.000,-997204716.959
7695.000,-997204716.959
7696.000,-997204796.083
7697.000,-997204796.083
7698.000,-997204796.083
7699.000,-997204796.083
7700.000,-997204796.083
7701.000,-997204716.959
7702.000,-997204716.959
7703.000,-997204716.959
7704.000,-997204796.083
7705.000,-997204796.083
7706.000,-997204796.083
7707.000,-997204796.083
7708.000,-997204796.083
7709.000,-997204716.959
7710.000,-997204716.959
7711.000,-997204716.959
7712.000,-997204716.959
7713.000,-997204796.083
7714.000,-997204796.083
7715.000,-997204796.083
7716.000,-997204796.083
7717.000,-997204796.083
7718.000,-997204716.959
7719.000,-997204716.959
7720.000,-997204716.959
7721.000,-997204716.959
7722.000,-997204796.083
7723.000,-997204796.083
7724.000,-997204796.083
7725.000,-997204796.083
7726.000,-997204796.083
7727.000,-997204716.959
7728.000,-997204716.959
7729.000,-997204716.959
7730.000,-997204796.083
7731.000,-997204796.083
7732.000,-997204796.083
7733.000,-997204796.083
7734.000,-997204796.083
7735.000,-997204716.959
7736.000,-997204716.959
7737.000,-997204796.083
7738.000,-997204796.083
7739.000,-997204796.083
7740.000,-997204796.083
7741.000,-997204796.083
7742.000,-997204796.083
7743.000,-997204716.959
7744.000,-997204716.959
7745.000,-997204796.083
7746.000,-997204796.083
7747.000,-997204796.083
7748.000,-997204796.083
7749.000,-997204796.083
7750.000,-997204796.083
7751.000,-997204716.959
7752.000,-997204716.959
7753.000,-997204716.959
7754.000,-997204796.083
7755.000,-997204796.083
7756.000,-997204796.083
7757.000,-997204796.083
7758.000,-997204796.083
7759.000,-997204716.959
7760.000,-997204716.959
7761.000,-997204716.959
7762.000,-997204716.959
7763.000,-997204796.083
7764.000,-997204796.083
7765.000,-997204796.083
7766.000,-997204796.083
7767.000,-997204796.083
7768.000,-997204716.959
7769.000,-997204716.959
7770.000,-997204716.959
7771.000,-997204716.959
7772.000,-997204796.083
7773.000,-997204796.083
7774.000,-997204796.083
7775.000,-997204796.083
7776.000,-997204796.083
7777.000,-997204716.959
7778.000,-997204716.959
7779.000,-997204716.959
7780.000,-997204796.083
7781.000,-997204796.083
7782.000,-997204796.083
7783.000,-997204796.083
7784.000,-997204796.083
7785.000,-997204796.083
7786.000,-997204716.959
7787.000,-997204796.083
7788.000,-997204796.083
7789.000,-997204796.083
7790.000,-997204796.083
7791.000,-997204796.083
7792.000,-997204796.083
7793.000,-997204796.083
7794.000,-997204796.083
7795.000,-997204796.083
7796.000,-997204796.083
7797.000,-997204796.083
7798.000,-997204796.083
7799.000,-997204796.083
7800.000,-997204796.083
7801.000,-997204716.959
7802.000,-997204716.959
7803.000,-997204796.083
7804.000,-997204796.083
7805.000,-997204796.083
7806.000,-997204796.083
7807.000,-997204796.083
7808.000,-997204796.083
7809.000,-997204716.959
7810.000,-997204716.959
7811.000,-997204716.959
7812.000,-997204796.083
7813.000,-997204796.083
7814.000,-997204796.083
7815.000,-997204796.083
7816.000,-997204796.083
7817.000,-997204796.083
7818.000,-997204716.959
7819.000,-997204716.959
7820.000,-997204716.959
7821.000,-997204796.083
7822.000,-997204796.083
7823.000,-997204796.083
7824.000,-997204796.083
7825.000,-997204796.083
7826.000,-997204796.083
7827.000,-997204716.959
7828.000,-997204716.959
7829.000,-997204716.959
7830.000,-997204796.083
7831.000,-997204796.083
7832.000,-997204796.083
7833.000,-997204796.083
7834.000,-997204796.083
7835.000,-997204716.959
7836.000,-997204716.959
7837.000,-997204716.959
7838.000,-997204796.083
7839.000,-997204796.083
7840.000,-997204796.083
7841.000,-997204796.083
7842.000,-997204796.083
7843.000,-997204796.083
7844.000,-997204716.959
7845.000,-997204716.959
7846.000,-997204796.083
7847.000,-997204796.083
7848.000,-997204796.083
7849.000,-997204796.083
7850.000,-997204796.083
7851.000,-997204796.083
7852.000,-997204716.959
7853.000,-997204716.959
7854.000,-997204796.083
7855.000,-997204796.083
7856.000,-997204796.083
7857.000,-997204796.083
7858.000,-997204796.083
7859.000,-997204796.083
7860.000,-997204716.959
7861.000,-997204716.959
7862.000,-997204796.083
7863.000,-997204796.083
7864.000,-997204796.083
7865.000,-997204796.083
7866.000,-997204796.083
7867.000,-997204796.083
7868.000,-997204716.959
7869.000,-997204716.959
7870.000,-997204716.959
7871.000,-997204796.083
7872.000,-997204796.083
7873.000,-997204796.083
7874.000,-997204796.083
7875.000,-997204796.083
7876.000,-997204796.083
7877.000,-997204716.959
7878.000,-997204716.959
7879.000,-997204796.083
7880.000,-997204796.083
7881.000,-997204796.083
7882.000,-997204796.083
7883.000,-997204796.083
7884.000,-997204796.083
7885.000,-997204716.959
7886.000,-997204716.959
7887.000,-997204716.959
7888.000,-997204796.083
7889.000,-997204796.083
7890.000,-997204796.083
7891.000,-997204796.083
7892.000,-997204796.083
7893.000,-997204796.083
7894.000,-997204716.959
7895.000,-997204716.959
7896.000,-997204716.959
7897.000,-997204796.083
7898.000,-997204796.083
7899.000,-997204796.083
7900.000,-997204796.083
7901.000,-997204796.083
7902.000,-997204796.083
7903.000,-997204796.083
7904.000,-997204796.083
7905.000,-997204796.083
7906.000,-997204796.083
7907.000,-997204796.083
7908.000,-997204796.083
7909.000,-997204796.083
7910.000,-997204796.083
7911.000,-997204796.083
7912.000,-997204796.083
7913.000,-997204796.083
7914.000,-997204796.083
7915.000,-997204796.083
7916.000,-997204796.083
7917.000,-997204796.083
7918.000,-997204716.959
7919.000,-997204796.083
7920.000,-997204796.083
7921.000,-997204796.083
7922.000,-997204796.083
7923.000,-997204796.083
7924.000,-997204796.083
7925.000,-997204796.083
7926.000,-997204716.959
7927.000,-997204716.959
7928.000,-997204716.959
7929.000,-997204796.083
7930.000,-997204796.083
7931.000,-997204875.206
7932.000,-997204796.083
7933.000,-997204796.083
7934.000,-997204716.959
7935.000,-997204716.959
7936.000,-997204716.959
7937.000,-997204796.083
7938.000,-997204796.083
7939.000,-997204875.206
7940.000,-997204875.206
7941.000,-997204796.083
7942.000,-997204796.083
7943.000,-997204716.959
7944.000,-997204716.959
7945.000,-997204716.959
7946.000,-997204796.083
7947.000,-997204796.083
7948.000,-997204875.206
7949.000,-997204875.206
7950.000,-997204796.083
7951.000,-997204796.083
7952.000,-997204716.959
7953.000,-997204716.959
7954.000,-997204716.959
7955.000,-997204796.083
7956.000,-997204796.083
7957.000,-997204796.083
7958.000,-997204796.083
7959.000,-997204796.083
7960.000,-997204796.083
7961.000,-997204716.959
7962.000,-997204716.959
7963.000,-997204796.083
7964.000,-997204796.083
7965.000,-997204796.083
7966.000,-997204796.083
7967.000,-997204796.083
7968.000,-997204796.083
7969.000,-997204796.083
7970.000,-997204796.083
7971.000,-997204796.083
7972.000,-997204796.083
7973.000,-997204796.083
7974.000,-997204796.083
7975.000,-997204796.083
7976.000,-997204796.083
7977.000,-997204716.959
7978.000,-997204716.959
7979.000,-997204796.083
7980.000,-997204796.083
7981.000,-997204796.083
7982.000,-997204796.083
7983.000,-997204796.083
7984.000,-997204796.083
7985.000,-997204716.959
7986.000,-997204716.959
7987.000,-997204796.083
7988.000,-997204796.083
7989.000,-997204796.083
7990.000,-997204796.083
7991.000,-997204796.083
7992.000,-997204796.083
7993.000,-997204716.959
7994.000,-997204716.959
7995.000,-997204716.959
7996.000,-997204796.083
7997.000,-997204796.083
7998.000,-997204875.206
7999.000,-997204796.083
8000.000,-997204796.083
8001.000,-997204796.083
8002.000,-997204716.959
8003.000,-997204716.959
8004.000,-997204716.959
8005.000,-997204796.083
8006.000,-997204796.083
8007.000,-997204875.206
8008.000,-997204796.083
8009.000,-997204796.083
8010.000,-997204716.959
8011.000,-997204716.959
8012.000,-997204716.959
8013.000,-997204796.083
8014.000,-997204796.083
8015.000,-997204796.083
8016.000,-997204558.711
8017.000,-997204558.711
8018.000,-997204479.587
8019.000,-997204479.587
8020.000,-997204479.587
8021.000,-997204479.587
8022.000,-997204479.587
8023.000,-997204479.587
8024.000,-997204479.587
8025.000,-997204479.587
8026.000,-997204479.587
8027.000,-997204400.463
8028.000,-997204400.463
8029.000,-997204400.463
8030.000,-997204479.587
8031.000,-997204479.587
8032.000,-997204479.587
8033.000,-997204479.587
8034.000,-997204479.587
8035.000,-997204400.463
8036.000,-997204400.463
8037.000,-997204400.463
8038.000,-997204479.587
8039.000,-997204479.587
8040.000,-997204479.587
8041.000,-997204479.587
8042.000,-997204479.587
8043.000,-997204400.463
8044.000,-997204400.463
8045.000,-997204400.463
8046.000,-997204400.463
8047.000,-997204479.587
8048.000,-997204479.587
8049.000,-997204479.587
8050.000,-997204479.587
8051.000,-997204400.463
8052.000,-997204400.463
8053.000,-997204400.463
8054.000,-997204400.463
8055.000,-997204479.587
8056.000,-997204479.587
8057.000,-997204479.587
8058.000,-997204479.587
8059.000,-997204400.463
8060.000,-997204400.463
8061.000,-997204400.463
8062.000,-997204400.463
8063.000,-997204400.463
8064.000,-997204479.587
8065.000,-997204479.587
8066.000,-997204479.587
8067.000,-997204400.463
8068.000,-997204400.463
8069.000,-997204400.463
8070.000,-997204400.463
8071.000,-997204400.463
8072.000,-997204479.587
8073.000,-997204479.587
8074.000,-997204479.587
8075.000,-997204479.587
8076.000,-997204400.463
8077.000,-997204400.463
8078.000,-997204400.463
8079.000,-997204400.463
8080.000,-997204400.463
8081.000,-997204479.587
8082.000,-997204479.587
8083.000,-997204479.587
8084.000,-997204400.463
8085.000,-997204400.463
8086.000,-997204400.463
8087.000,-997204400.463
8088.000,-997204400.463
8089.000,-997204479.587
8090.000,-997204479.587
8091.000,-997204479.587
8092.000,-997204400.463
8093.000,-997204400.463
8094.000,-997204400.463
8095.000,-997204400.463
8096.000,-997204400.463
8097.000,-997204400.463
8098.000,-997204479.587
8099.000,-997204479.587
8100.000,-997204479.587
8101.000,-997204400.463
8102.000,-997204400.463
8103.000,-997204400.463
8104.000,-997204400.463
8105.000,-997204400.463
8106.000,-997204479.587
8107.000,-997204479.587
8108.000,-997204479.587
8109.000,-997204400.463
8110.000,-997204400.463
8111.000,-997204400.463
8112.000,-997204400.463
8113.000,-997204400.463
8114.000,-997204400.463
8115.000,-997204479.587
8116.000,-997204479.587
8117.000,-997204400.463
8118.000,-997204400.463
8119.000,-997204400.463
8120.000,-997204400.463
8121.000,-997204400.463
8122.000,-997204400.463
8123.000,-997204479.587
8124.000,-997204479.587
8125.000,-997204479.587
8126.000,-997204400.463
8127.000,-997204400.463
8128.000,-997204400.463
8129.000,-997204400.463
8130.000,-997204400.463
8131.000,-997204400.463
8132.000,-997204479.587
8133.000,-997204479.587
8134.000,-997204400.463
8135.000,-997204400.463
8136.000,-997204400.463
8137.000,-997204400.463
8138.000,-997204400.463
8139.000,-997204400.463
8140.000,-997204479.587
8141.000,-997204479.587
8142.000,-997204400.463
8143.000,-997204400.463
8144.000,-997204400.463
8145.000,-997204400.463
8146.000,-997204400.463
8147.000,-997204400.463
8148.000,-997204479.587
8149.000,-997204400.463
8150.000,-997204400.463
8151.000,-997204400.463
8152.000,-997204400.463
8153.000,-997204400.463
8154.000,-997204400.463
8155.000,-997204400.463
8156.000,-997204479.587
8157.000,-997204479.587
8158.000,-997204400.463
8159.000,-997204400.463
8160.000,-997204400.463
8161.000,-997204400.463
8162.000,-997204400.463
8163.000,-997204400.463
8164.000,-997204479.587
8165.000,-997204479.587
8166.000,-997204479.587
8167.000,-997204400.463
8168.000,-997204400.463
8169.000,-997204321.339
8170.000,-997204400.463
8171.000,-997204400.463
8172.000,-997204400.463
8173.000,-997204479.587
8174.000,-997204479.587
8175.000,-997204400.463
8176.000,-997204400.463
8177.000,-997204400.463
8178.000,-997204321.339
8179.000,-997204400.463
8180.000,-997204400.463
8181.000,-997204479.587
8182.000,-997204479.587
8183.000,-997204400.463
8184.000,-997204400.463
8185.000,-997204400.463
8186.000,-997204321.339
8187.000,-997204400.463
8188.000,-997204400.463
8189.000,-997204400.463
8190.000,-997204479.587
8191.000,-997204479.587
8192.000,-997204400.463
8193.000,-997204400.463
8194.000,-997204400.463
8195.000,-997204400.463
8196.000,-997204400.463
8197.000,-997204400.463
8198.000,-997204479.587
8199.000,-997204479.587
8200.000,-997204400.463
8201.000,-997204400.463
8202.000,-997204400.463
8203.000,-997204321.339
8204.000,-997204400.463
8205.000,-997204400.463
8206.000,-997204400.463
8207.000,-997204479.587
8208.000,-997204400.463
8209.000,-997204400.463
8210.000,-997204400.463
8211.000,-997204321.339
8212.000,-997204400.463
8213.000,-997204400.463
8214.000,-997204400.463
8215.000,-997204479.587
8216.000,-997204400.463
8217.000,-997204400.463
8218.000,-997204400.463
8219.000,-997204321.339
8220.000,-997204400.463
8221.000,-997204400.463
8222.000,-997204400.463
8223.000,-997204479.587
8224.000,-997204479.587
8225.000,-997204400.463
8226.000,-997204400.463
8227.000,-997204400.463
8228.000,-997204321.339
8229.000,-997204400.463
8230.000,-997204400.463
8231.000,-997204400.463
8232.000,-997204479.587
8233.000,-997204400.463
8234.000,-997204400.463
8235.000,-997204400.463
8236.000,-997204321.339
8237.000,-997204400.463
8238.000,-997204400.463
8239.000,-997204400.463
8240.000,-997204479.587
8241.000,-997204400.463
8242.000,-997204400.463
8243.000,-997204400.463
8244.000,-997204321.339
8245.000,-997204400.463
8246.000,-997204400.463
8247.000,-997204400.463
8248.000,-997204479.587
8249.000,-997204400.463
8250.000,-997204400.463
8251.000,-997204400.463
8252.000,-997204321.339
8253.000,-997204321.339
8254.000,-997204400.463
8255.000,-997204400.463
8256.000,-997204400.463
8257.000,-997204479.587
8258.000,-997204400.463
8259.000,-997204400.463
8260.000,-997204400.463
8261.000,-997204321.339
8262.000,-997204400.463
8263.000,-997204400.463
8264.000,-997204400.463
8265.000,-997204400.463
8266.000,-997204400.463
8267.000,-997204400.463
8268.000,-997204400.463
8269.000,-997204400.463
8270.000,-997204400.463
8271.000,-997204400.463
8272.000,-997204400.463
8273.000,-997204400.463
8274.000,-997204400.463
8275.000,-997204400.463
8276.000,-997204400.463
8277.000,-997204400.463
8278.000,-997204400.463
8279.000,-997204400.463
8280.000,-997204400.463
8281.000,-997204400.463
8282.000,-997204400.463
8283.000,-997204400.463
8284.000,-997204400.463
8285.000,-997204321.339
8286.000,-997204321.339
8287.000,-997204400.463
8288.000,-997204400.463
8289.000,-997204479.587
8290.000,-997204479.587
8291.000,-997204400.463
8292.000,-997204400.463
8293.000,-997204321.339
8294.000,-997204321.339
8295.000,-997204400.463
8296.000,-997204400.463
8297.000,-997204400.463
8298.000,-997204479.587
8299.000,-997204479.587
8300.000,-997204400.463
8301.000,-997204400.463
8302.000,-997204321.339
8303.000,-997204321.339
8304.000,-997204400.463
8305.000,-997204400.463
8306.000,-997204479.587
8307.000,-997204479.587
8308.000,-997204400.463
8309.000,-997204400.463
8310.000,-997204321.339
8311.000,-997204321.339
8312.000,-997204321.339
8313.000,-997204400.463
8314.000,-997204400.463
8315.000,-997204479.587
8316.000,-997204479.587
8317.000,-997204400.463
8318.000,-997204400.463
8319.000,-997204321.339
8320.000,-997204321.339
8321.000,-997204400.463
8322.000,-997204400.463
8323.000,-997204400.463
8324.000,-997204400.463
8325.000,-997204400.463
8326.000,-997204400.463
8327.000,-997204400.463
8328.000,-997204400.463
8329.000,-997204400.463
8330.000,-997204400.463
8331.000,-997204400.463
8332.000,-997204400.463
8333.000,-997204400.463
8334.000,-997204400.463
8335.000,-997204400.463
8336.000,-997204321.339
8337.000,-997204400.463
8338.000,-997204400.463
8339.000,-997204400.463
8340.000,-997204400.463
8341.000,-997204400.463
8342.000,-997204400.463
8343.000,-997204400.463
8344.000,-997204400.463
8345.000,-997204400.463
8346.000,-997204400.463
8347.000,-997204400.463
8348.000,-997204400.463
8349.000,-997204400.463
8350.000,-997204400.463
8351.000,-997204400.463
8352.000,-997204321.339
8353.000,-997204321.339
8354.000,-997204400.463
8355.000,-997204400.463
8356.000,-997204400.463
8357.000,-997204400.463
8358.000,-997204400.463
8359.000,-997204400.463
8360.000,-997204321.339
8361.000,-997204321.339
8362.000,-997204400.463
8363.000,-997204400.463
8364.000,-997204400.463
8365.000,-997204479.587
8366.000,-997204400.463
8367.000,-997204400.463
8368.000,-997204321.339
8369.000,-997204321.339
8370.000,-997204321.339
8371.000,-997204400.463
8372.000,-997204400.463
8373.000,-997204479.587
8374.000,-997204400.463
8375.000,-997204400.463
8376.000,-997204400.463
8377.000,-997204321.339
8378.000,-997204321.339
8379.000,-997204400.463
8380.000,-997204400.463
8381.000,-997204400.463
8382.000,-997204479.587
8383.000,-997204400.463
8384.000,-997204400.463
8385.000,-997204321.339
8386.000,-997204321.339
8387.000,-997204321.339
8388.000,-997204400.463
8389.000,-997204400.463
8390.000,-997204400.463
8391.000,-997204400.463
8392.000,-997204400.463
8393.000,-997204400.463
8394.000,-997204321.339
8395.000,-997204321.339
8396.000,-997204400.463
8397.000,-997204400.463
8398.000,-997204400.463
8399.000,-997204400.463
8400.000,-997204400.463
8401.000,-997204400.463
8402.000,-997204321.339
8403.000,-997204400.463
8404.000,-997204400.463
8405.000,-997204400.463
8406.000,-997204400.463
8407.000,-997204400.463
8408.000,-997204400.463
8409.000,-997204400.463
8410.000,-997204321.339
8411.000,-997204321.339
8412.000,-997204400.463
8413.000,-997204400.463
8414.000,-997204400.463
8415.000,-997204400.463
8416.000,-997204400.463
8417.000,-997204400.463
8418.000,-997204321.339
8419.000,-997204321.339
8420.000,-997204400.463
8421.000,-997204400.463
8422.000,-997204400.463
8423.000,-997204479.587
8424.000,-997204400.463
8425.000,-997204400.463
8426.000,-997204321.339
8427.000,-997204321.339
8428.000,-997204321.339
8429.000,-997204400.463
8430.000,-997204400.463
8431.000,-997204479.587
8432.000,-997204479.587
8433.000,-997204400.463
8434.000,-997204400.463
8435.000,-997204321.339
8436.000,-997204321.339
8437.000,-997204321.339
8438.000,-997204400.463
8439.000,-997204400.463
8440.000,-997204479.587
8441.000,-997204479.587
8442.000,-997204400.463
8443.000,-997204321.339
8444.000,-997204321.339
8445.000,-997204321.339
8446.000,-997204400.463
8447.000,-997204400.463
8448.000,-997204479.587
8449.000,-997204479.587
8450.000,-997204400.463
8451.000,-997204400.463
8452.000,-997204321.339
8453.000,-997204321.339
8454.000,-997204321.339
8455.000,-997204400.463
8456.000,-997204400.463
8457.000,-997204400.463
8458.000,-997204400.463
8459.000,-997204400.463
8460.000,-997204321.339
8461.000,-997204321.339
8462.000,-997204400.463
8463.000,-997204400.463
8464.000,-997204400.463
8465.000,-997204400.463
8466.000,-997204400.463
8467.000,-997204400.463
8468.000,-997204321.339
8469.000,-997204321.339
8470.000,-997204400.463
8471.000,-997204400.463
8472.000,-997204400.463
8473.000,-997204400.463
8474.000,-997204400.463
8475.000,-997204400.463
8476.000,-997204321.339
8477.000,-997204321.339
8478.000,-997204321.339
8479.000,-997204400.463
8480.000,-997204400.463
8481.000,-997204479.587
8482.000,-997204400.463
8483.000,-997204400.463
8484.000,-997204400.463
8485.000,-997204321.339
8486.000,-997204321.339
8487.000,-997204400.463
8488.000,-997204400.463
8489.000,-997204400.463
8490.000,-997204479.587
8491.000,-997204400.463
8492.000,-997204400.463
8493.000,-997204321.339
8494.000,-997204321.339
8495.000,-997204321.339
8496.000,-997204400.463
8497.000,-997204400.463
8498.000,-997204479.587
8499.000,-997204400.463
8500.000,-997204400.463
8501.000,-997204400.463
8502.000,-997204321.339
8503.000,-997204321.339
8504.000,-997204321.339
8505.000,-997204400.463
8506.000,-997204400.463
8507.000,-997204400.463
8508.000,-997204400.463
8509.000,-997204400.463
8510.000,-997204321.339
8511.000,-997204321.339
8512.000,-997204321.339
8513.000,-997204400.463
8514.000,-997204400.463
8515.000,-997204400.463
8516.000,-997204637.835
8517.000,-997204637.835
8518.000,-997204637.835
8519.000,-997204637.835
8520.000,-997204637.835
8521.000,-997204716.959
8522.000,-997204716.959
8523.000,-997204716.959
8524.000,-997204716.959
8525.000,-997204716.959
8526.000,-997204716.959
8527.000,-997204637.835
8528.000,-997204637.835
8529.000,-997204716.959
8530.000,-997204716.959
8531.000,-997204716.959
8532.000,-997204796.083
8533.000,-997204716.959
8534.000,-997204716.959
8535.000,-997204716.959
8536.000,-997204637.835
8537.000,-997204716.959
8538.000,-997204716.959
8539.000,-997204796.083
8540.000,-997204796.083
8541.000,-997204796.083
8542.000,-997204716.959
8543.000,-997204716.959
8544.000,-997204637.835
8545.000,-997204716.959
8546.000,-997204716.959
8547.000,-997204796.083
8548.000,-997204796.083
8549.000,-997204796.083
8550.000,-997204716.959
8551.000,-997204716.959
8552.000,-997204716.959
8553.000,-997204716.959
8554.000,-997204716.959
8555.000,-997204716.959
8556.000,-997204796.083
8557.000,-997204796.083
8558.000,-997204796.083
8559.000,-997204716.959
8560.000,-997204716.959
8561.000,-997204716.959
8562.000,-997204716.959
8563.000,-997204716.959
8564.000,-997204796.083
8565.000,-997204796.083
8566.000,-997204796.083
8567.000,-997204796.083
8568.000,-997204716.959
8569.000,-997204716.959
8570.000,-997204716.959
8571.000,-997204716.959
8572.000,-997204716.959
8573.000,-997204796.083
8574.000,-997204796.083
8575.000,-997204796.083
8576.000,-997204716.959
8577.000,-997204716.959
8578.000,-997204716.959
8579.000,-997204716.959
8580.000,-997204716.959
8581.000,-997204796.083
8582.000,-997204796.083
8583.000,-997204796.083
8584.000,-997204716.959
8585.000,-997204716.959
8586.000,-997204716.959
8587.000,-997204716.959
8588.000,-997204716.959
8589.000,-997204796.083
8590.000,-997204796.083
8591.000,-997204796.083
8592.000,-997204716.959
8593.000,-997204716.959
8594.000,-997204716.959
8595.000,-997204716.959
8596.000,-997204796.083
8597.000,-997204796.083
8598.000,-997204796.083
8599.000,-997204796.083
8600.000,-997204716.959
8601.000,-997204716.959
8602.000,-997204716.959
8603.000,-997204716.959
8604.000,-997204716.959
8605.000,-997204796.083
8606.000,-997204796.083
8607.000,-997204796.083
8608.000,-997204796.083
8609.000,-997204716.959
8610.000,-997204716.959
8611.000,-997204716.959
8612.000,-997204716.959
8613.000,-997204796.083
8614.000,-997204796.083
8615.000,-997204796.083
8616.000,-997204796.083
8617.000,-997204796.083
8618.000,-997204716.959
8619.000,-997204716.959
8620.000,-997204716.959
8621.000,-997204716.959
8622.000,-997204796.083
8623.000,-997204796.083
8624.000,-997204796.083
8625.000,-997204796.083
8626.000,-997204716.959
8627.000,-997204716.959
8628.000,-997204716.959
8629.000,-997204716.959
8630.000,-997204796.083
8631.000,-997204796.083
8632.000,-997204796.083
8633.000,-997204796.083
8634.000,-997204716.959
8635.000,-997204716.959
8636.000,-997204716.959
8637.000,-997204716.959
8638.000,-997204796.083
8639.000,-997204796.083
8640.000,-997204796.083
8641.000,-997204796.083
8642.000,-997204716.959
8643.000,-997204716.959
8644.000,-997204716.959
8645.000,-997204716.959
8646.000,-997204796.083
8647.000,-997204796.083
8648.000,-997204796.083
8649.000,-997204796.083
8650.000,-997204796.083
8651.000,-997204716.959
8652.000,-997204716.959
8653.000,-997204716.959
8654.000,-997204716.959
8655.000,-997204796.083
8656.000,-997204796.083
8657.000,-997204796.083
8658.000,-997204796.083
8659.000,-997204716.959
8660.000,-997204716.959
8661.000,-997204716.959
8662.000,-997204716.959
8663.000,-997204796.083
8664.000,-997204796.083
8665.000,-997204796.083
8666.000,-997204796.083
8667.000,-997204796.083
8668.000,-997204716.959
8669.000,-997204716.959
8670.000,-997204716.959
8671.000,-997204716.959
8672.000,-997204796.083
8673.000,-997204796.083
8674.000,-997204796.083
8675.000,-997204796.083
8676.000,-997204796.083
8677.000,-997204716.959
8678.000,-997204716.959
8679.000,-997204716.959
8680.000,-997204796.083
8681.000,-997204796.083
8682.000,-997204796.083
8683.000,-997204796.083
8684.000,-997204796.083
8685.000,-997204716.959
8686.000,-997204716.959
8687.000,-997204716.959
8688.000,-997204796.083
8689.000,-997204796.083
8690.000,-997204796.083
8691.000,-997204796.083
8692.000,-997204796.083
8693.000,-997204716.959
8694.000,-997204716.959
8695.000,-997204716.959
8696.000,-997204796.083
8697.000,-997204796.083
8698.000,-997204796.083
8699.000,-997204796.083
8700.000,-997204796.083
8701.000,-997204716.959
8702.000,-997204716.959
8703.000,-997204716.959
8704.000,-997204796.083
8705.000,-997204796.083
8706.000,-997204796.083
8707.000,-997204796.083
8708.000,-997204796.083
8709.000,-997204716.959
8710.000,-997204716.959
8711.000,-997204716.959
8712.000,-997204796.083
8713.000,-997204796.083
8714.000,-997204796.083
8715.000,-997204796.083
8716.000,-997204796.083
8717.000,-997204796.083
8718.000,-997204716.959
8719.000,-997204716.959
8720.000,-997204716.959
8721.000,-997204796.083
8722.000,-997204796.083
8723.000,-997204796.083
8724.000,-997204796.083
8725.000,-997204796.083
8726.000,-997204716.959
8727.000,-997204716.959
8728.000,-997204716.959
8729.000,-997204716.959
8730.000,-997204796.083
8731.000,-997204796.083
8732.000,-997204796.083
8733.000,-997204796.083
8734.000,-997204796.083
8735.000,-997204716.959
8736.000,-997204716.959
8737.000,-997204716.959
8738.000,-997204796.083
8739.000,-997204796.083
8740.000,-997204796.083
8741.000,-997204796.083
8742.000,-997204796.083
8743.000,-997204716.959
8744.000,-997204716.959
8745.000,-997204716.959
8746.000,-997204716.959
8747.000,-997204796.083
8748.000,-997204796.083
8749.000,-997204796.083
8750.000,-997204796.083
8751.000,-997204796.083
8752.000,-997204716.959
8753.000,-997204716.959
8754.000,-997204796.083
8755.000,-997204796.083
8756.000,-997204796.083
8757.000,-997204796.083
8758.000,-997204796.083
8759.000,-997204796.083
8760.000,-997204716.959
8761.000,-997204796.083
8762.000,-997204796.083
8763.000,-997204796.083
8764.000,-997204796.083
8765.000,-997204796.083
8766.000,-997204796.083
8767.000,-997204716.959
8768.000,-997204716.959
8769.000,-997204716.959
8770.000,-997204796.083
8771.000,-997204796.083
8772.000,-997204796.083
8773.000,-997204796.083
8774.000,-997204796.083
8775.000,-997204796.083
8776.000,-997204716.959
8777.000,-997204716.959
8778.000,-997204716.959
8779.000,-997204796.083
8780.000,-997204796.083
8781.000,-997204796.083
8782.000,-997204796.083
8783.000,-997204796.083
8784.000,-997204716.959
8785.000,-997204716.959
8786.000,-997204716.959
8787.000,-997204716.959
8788.000,-997204796.083
8789.000,-997204796.083
8790.000,-997204796.083
8791.000,-997204796.083
8792.000,-997204796.083
8793.000,-997204716.959
8794.000,-997204716.959
8795.000,-997204716.959
8796.000,-997204716.959
8797.000,-997204796.083
8798.000,-997204796.083
8799.000,-997204796.083
8800.000,-997204796.083
8801.000,-997204796.083
8802.000,-997204716.959
8803.000,-997204716.959
8804.000,-997204716.959
8805.000,-997204796.083
8806.000,-997204796.083
8807.000,-997204796.083
8808.000,-997204796.083
8809.000,-997204796.083
8810.000,-997204796.083
8811.000,-997204796.083
8812.000,-997204796.083
8813.000,-997204796.083
8814.000,-997204796.083
8815.000,-997204796.083
8816.000,-997204796.083
8817.000,-997204796.083
8818.000,-997204796.083
8819.000,-997204796.083
8820.000,-997204796.083
8821.000,-997204796.083
8822.000,-997204796.083
8823.000,-997204796.083
8824.000,-997204796.083
8825.000,-997204796.083
8826.000,-997204716.959
8827.000,-997204716.959
8828.000,-997204796.083
8829.000,-997204796.083
8830.000,-997204796.083
8831.000,-997204796.083
8832.000,-997204796.083
8833.000,-997204796.083
8834.000,-997204716.959
8835.000,-997204716.959
8836.000,-997204716.959
8837.000,-997204796.083
8838.000,-997204796.083
8839.000,-997204796.083
8840.000,-997204796.083
8841.000,-997204796.083
8842.000,-997204796.083
8843.000,-997204716.959
8844.000,-997204716.959
8845.000,-997204716.959
8846.000,-997204796.083
8847.000,-997204796.083
8848.000,-997204796.083
8849.000,-997204796.083
8850.000,-997204796.083
8851.000,-997204796.083
8852.000,-997204716.959
8853.000,-997204716.959
8854.000,-997204796.083
8855.000,-997204796.083
8856.000,-997204796.083
8857.000,-997204796.083
8858.000,-997204796.083
8859.000,-997204796.083
8860.000,-997204716.959
8861.000,-997204716.959
8862.000,-997204716.959
8863.000,-997204796.083
8864.000,-997204796.083
8865.000,-997204796.083
8866.000,-997204796.083
8867.000,-997204796.083
8868.000,-997204796.083
8869.000,-997204716.959
8870.000,-997204716.959
8871.000,-997204796.083
8872.000,-997204796.083
8873.000,-997204796.083
8874.000,-997204796.083
8875.000,-997204796.083
8876.000,-997204716.959
8877.000,-997204716.959
8878.000,-997204716.959
8879.000,-997204796.083
8880.000,-997204796.083
8881.000,-997204796.083
8882.000,-997204796.083
8883.000,-997204796.083
8884.000,-997204796.083
8885.000,-997204716.959
8886.000,-997204716.959
8887.000,-997204796.083
8888.000,-997204796.083
8889.000,-997204796.083
8890.000,-997204796.083
8891.000,-997204796.083
8892.000,-997204796.083
8893.000,-997204716.959
8894.000,-997204716.959
8895.000,-997204716.959
8896.000,-997204796.083
8897.000,-997204796.083
8898.000,-997204796.083
8899.000,-997204796.083
8900.000,-997204796.083
8901.000,-997204716.959
8902.000,-997204716.959
8903.000,-997204716.959
8904.000,-997204796.083
8905.000,-997204796.083
8906.000,-997204796.083
8907.000,-997204796.083
8908.000,-997204796.083
8909.000,-997204796.083
8910.000,-997204716.959
8911.000,-997204716.959
8912.000,-997204716.959
8913.000,-997204796.083
8914.000,-997204796.083
8915.000,-997204796.083
8916.000,-997204796.083
8917.000,-997204796.083
8918.000,-997204796.083
8919.000,-997204716.959
8920.000,-997204716.959
8921.000,-997204796.083
8922.000,-997204796.083
8923.000,-997204796.083
8924.000,-997204796.083
8925.000,-997204796.083
8926.000,-997204796.083
8927.000,-997204716.959
8928.000,-997204716.959
8929.000,-997204716.959
8930.000,-997204796.083
8931.000,-997204796.083
8932.000,-997204796.083
8933.000,-997204796.083
8934.000,-997204796.083
8935.000,-997204796.083
8936.000,-997204716.959
8937.000,-997204716.959
8938.000,-997204796.083
8939.000,-997204796.083
8940.000,-997204796.083
8941.000,-997204796.083
8942.000,-997204796.083
8943.000,-997204796.083
8944.000,-997204716.959
8945.000,-997204716.959
8946.000,-997204796.083
8947.000,-997204796.083
8948.000,-997204796.083
8949.000,-997204796.083
8950.000,-997204796.083
8951.000,-997204796.083
8952.000,-997204716.959
8953.000,-997204716.959
8954.000,-997204796.083
8955.000,-997204796.083
8956.000,-997204796.083
8957.000,-997204796.083
8958.000,-997204796.083
8959.000,-997204796.083
8960.000,-997204716.959
8961.000,-997204716.959
8962.000,-997204716.959
8963.000,-997204796.083
8964.000,-997204796.083
8965.000,-997204796.083
8966.000,-997204796.083
8967.000,-997204796.083
8968.000,-997204716.959
8969.000,-997204716.959
8970.000,-997204716.959
8971.000,-997204796.083
8972.000,-997204796.083
8973.000,-997204796.083
8974.000,-997204796.083
8975.000,-997204796.083
8976.000,-997204796.083
8977.000,-997204716.959
8978.000,-997204716.959
8979.000,-997204716.959
8980.000,-997204796.083
8981.000,-997204796.083
8982.000,-997204796.083
8983.000,-997204796.083
8984.000,-997204796.083
8985.000,-997204796.083
8986.000,-997204716.959
8987.000,-997204716.959
8988.000,-997204796.083
8989.000,-997204796.083
8990.000,-997204796.083
8991.000,-997204796.083
8992.000,-997204796.083
8993.000,-997204796.083
8994.000,-997204716.959
8995.000,-997204716.959
8996.000,-997204796.083
8997.000,-997204796.083
8998.000,-997204796.083
8999.000,-997204796.083
9000.000,-997204796.083
9001.000,-997204796.083
9002.000,-997204716.959
9003.000,-997204716.959
9004.000,-997204796.083
9005.000,-997204796.083
9006.000,-997204796.083
9007.000,-997204796.083
9008.000,-997204796.083
9009.000,-997204796.083
9010.000,-997204716.959
9011.000,-997204716.959
9012.000,-997204716.959
9013.000,-997204796.083
9014.000,-997204796.083
9015.000,-997204796.083
9016.000,-997204558.711
9017.000,-997204558.711
9018.000,-997204479.587
9019.000,-997204479.587
9020.000,-997204400.463
9021.000,-997204479.587
9022.000,-997204479.587
9023.000,-997204479.587
9024.000,-997204479.587
9025.000,-997204479.587
9026.000,-997204479.587
9027.000,-997204400.463
9028.000,-997204400.463
9029.000,-997204400.463
9030.000,-997204400.463
9031.000,-997204479.587
9032.000,-997204479.587
9033.000,-997204479.587
9034.000,-997204479.587
9035.000,-997204400.463
9036.000,-997204400.463
9037.000,-997204400.463
9038.000,-997204400.463
9039.000,-997204479.587
9040.000,-997204479.587
9041.000,-997204479.587
9042.000,-997204479.587
9043.000,-997204400.463
9044.000,-997204400.463
9045.000,-997204400.463
9046.000,-997204400.463
9047.000,-997204400.463
9048.000,-997204479.587
9049.000,-997204479.587
9050.000,-997204479.587
9051.000,-997204400.463
9052.000,-997204400.463
9053.000,-997204400.463
9054.000,-997204400.463
9055.000,-997204400.463
9056.000,-997204479.587
9057.000,-997204479.587
9058.000,-997204479.587
9059.000,-997204400.463
9060.000,-997204400.463
9061.000,-997204400.463
9062.000,-997204400.463
9063.000,-997204400.463
9064.000,-997204479.587
9065.000,-997204479.587
9066.000,-997204479.587
9067.000,-997204400.463
9068.000,-997204400.463
9069.000,-997204400.463
9070.000,-997204400.463
9071.000,-997204400.463
9072.000,-997204400.463
9073.000,-997204479.587
9074.000,-997204479.587
9075.000,-997204479.587
9076.000,-997204400.463
9077.000,-997204400.463
9078.000,-997204400.463
9079.000,-997204400.463
9080.000,-997204400.463
9081.000,-997204479.587
9082.000,-997204479.587
9083.000,-997204479.587
9084.000,-997204400.463
9085.000,-997204400.463
9086.000,-997204400.463
9087.000,-997204400.463
9088.000,-997204400.463
9089.000,-997204400.463
9090.000,-997204479.587
9091.000,-997204479.587
9092.000,-997204400.463
9093.000,-997204400.463
9094.000,-997204400.463
9095.000,-997204400.463
9096.000,-997204400.463
9097.000,-997204400.463
9098.000,-997204479.587
9099.000,-997204479.587
9100.000,-997204400.463
9101.000,-997204400.463
9102.000,-997204400.463
9103.000,-997204400.463
9104.000,-997204400.463
9105.000,-997204400.463
9106.000,-997204400.463
9107.000,-997204479.587
9108.000,-997204479.587
9109.000,-997204400.463
9110.000,-997204400.463
9111.000,-997204400.463
9112.000,-997204400.463
9113.000,-997204400.463
9114.000,-997204400.463
9115.000,-997204400.463
9116.000,-997204400.463
9117.000,-997204400.463
9118.000,-997204400.463
9119.000,-997204400.463
9120.000,-997204400.463
9121.000,-997204400.463
9122.000,-997204400.463
9123.000,-997204479.587
9124.000,-997204479.587
9125.000,-997204400.463
9126.000,-997204400.463
9127.000,-997204400.463
9128.000,-997204400.463
9129.000,-997204400.463
9130.000,-997204400.463
9131.000,-997204479.587
9132.000,-997204479.587
9133.000,-997204400.463
9134.000,-997204400.463
9135.000,-997204400.463
9136.000,-997204400.463
9137.000,-997204400.463
9138.000,-997204400.463
9139.000,-997204400.463
9140.000,-997204479.587
9141.000,-997204479.587
9142.000,-997204400.463
9143.000,-997204400.463
9144.000,-997204321.339
9145.000,-997204400.463
9146.000,-997204400.463
9147.000,-997204400.463
9148.000,-997204479.587
9149.000,-997204479.587
9150.000,-997204479.587
9151.000,-997204400.463
9152.000,-997204400.463
9153.000,-997204321.339
9154.000,-997204400.463
9155.000,-997204400.463
9156.000,-997204400.463
9157.000,-997204479.587
9158.000,-997204479.587
9159.000,-997204400.463
9160.000,-997204400.463
9161.000,-997204400.463
9162.000,-997204400.463
9163.000,-997204400.463
9164.000,-997204400.463
9165.000,-997204400.463
9166.000,-997204400.463
9167.000,-997204400.463
9168.000,-997204400.463
9169.000,-997204400.463
9170.000,-997204400.463
9171.000,-997204400.463
9172.000,-997204400.463
9173.000,-997204400.463
9174.000,-997204400.463
9175.000,-997204400.463
9176.000,-997204400.463
9177.000,-997204400.463
9178.000,-997204400.463
9179.000,-997204400.463
9180.000,-997204400.463
9181.000,-997204400.463
9182.000,-997204400.463
9183.000,-997204400.463
9184.000,-997204400.463
9185.000,-997204400.463
9186.000,-997204400.463
9187.000,-997204400.463
9188.000,-997204400.463
9189.000,-997204400.463
9190.000,-997204400.463
9191.000,-997204400.463
9192.000,-997204400.463
9193.000,-997204400.463
9194.000,-997204400.463
9195.000,-997204400.463
9196.000,-997204400.463
9197.000,-997204400.463
9198.000,-997204479.587
9199.000,-997204400.463
9200.000,-997204400.463
9201.000,-997204400.463
9202.000,-997204321.339
9203.000,-997204321.339
9204.000,-997204400.463
9205.000,-997204400.463
9206.000,-997204479.587
9207.000,-997204479.587
9208.000,-997204400.463
9209.000,-997204400.463
9210.000,-997204400.463
9211.000,-997204321.339
9212.000,-997204400.463
9213.000,-997204400.463
9214.000,-997204400.463
9215.000,-997204479.587
9216.000,-997204479.587
9217.000,-997204400.463
9218.000,-997204400.463
9219.000,-997204321.339
9220.000,-997204321.339
9221.000,-997204400.463
9222.000,-997204400.463
9223.000,-997204479.587
9224.000,-997204479.587
9225.000,-997204400.463
9226.000,-997204400.463
9227.000,-997204400.463
9228.000,-997204321.339
9229.000,-997204400.463
9230.000,-997204400.463
9231.000,-997204400.463
9232.000,-997204479.587
9233.000,-997204400.463
9234.000,-997204400.463
9235.000,-997204400.463
9236.000,-997204321.339
9237.000,-997204321.339
9238.000,-997204400.463
9239.000,-997204400.463
9240.000,-997204400.463
9241.000,-997204400.463
9242.000,-997204400.463
9243.000,-997204400.463
9244.000,-997204400.463
9245.000,-997204400.463
9246.000,-997204400.463
9247.000,-997204400.463
9248.000,-997204400.463
9249.000,-997204400.463
9250.000,-997204400.463
9251.000,-997204400.463
9252.000,-997204400.463
9253.000,-997204400.463
9254.000,-997204400.463
9255.000,-997204400.463
9256.000,-997204400.463
9257.000,-997204400.463
9258.000,-997204400.463
9259.000,-997204400.463
9260.000,-997204400.463
9261.000,-997204400.463
9262.000,-997204400.463
9263.000,-997204400.463
9264.000,-997204400.463
9265.000,-997204479.587
9266.000,-997204400.463
9267.000,-997204400.463
9268.000,-997204400.463
9269.000,-997204321.339
9270.000,-997204321.339
9271.000,-997204400.463
9272.000,-997204400.463
9273.000,-997204479.587
9274.000,-997204479.587
9275.000,-997204400.463
9276.000,-997204400.463
9277.000,-997204321.339
9278.000,-997204321.339
9279.000,-997204400.463
9280.000,-997204400.463
9281.000,-997204400.463
9282.000,-997204479.587
9283.000,-997204400.463
9284.000,-997204400.463
9285.000,-997204400.463
9286.000,-997204321.339
9287.000,-997204321.339
9288.000,-997204400.463
9289.000,-997204400.463
9290.000,-997204400.463
9291.000,-997204400.463
9292.000,-997204400.463
9293.000,-997204400.463
9294.000,-997204400.463
9295.000,-997204321.339
9296.000,-997204400.463
9297.000,-997204400.463
9298.000,-997204400.463
9299.000,-997204400.463
9300.000,-997204400.463
9301.000,-997204400.463
9302.000,-997204400.463
9303.000,-997204400.463
9304.000,-997204400.463
9305.000,-997204400.463
9306.000,-997204400.463
9307.000,-997204400.463
9308.000,-997204400.463
9309.000,-997204400.463
9310.000,-997204400.463
9311.000,-997204400.463
9312.000,-997204400.463
9313.000,-997204400.463
9314.000,-997204400.463
9315.000,-997204400.463
9316.000,-997204400.463
9317.000,-997204400.463
9318.000,-997204321.339
9319.000,-997204321.339
9320.000,-997204321.339
9321.000,-997204400.463
9322.000,-997204400.463
9323.000,-997204479.587
9324.000,-997204400.463
9325.000,-997204400.463
9326.000,-997204400.463
9327.000,-997204321.339
9328.000,-997204321.339
9329.000,-997204400.463
9330.000,-997204400.463
9331.000,-997204479.587
9332.000,-997204479.587
9333.000,-997204400.463
9334.000,-997204400.463
9335.000,-997204321.339
9336.000,-997204321.339
9337.000,-997204321.339
9338.000,-997204400.463
9339.000,-997204400.463
9340.000,-997204479.587
9341.000,-997204479.587
9342.000,-997204400.463
9343.000,-997204400.463
9344.000,-997204321.339
9345.000,-997204321.339
9346.000,-997204321.339
9347.000,-997204400.463
9348.000,-997204479.587
9349.000,-997204479.587
9350.000,-997204400.463
9351.000,-997204400.463
9352.000,-997204321.339
9353.000,-997204321.339
9354.000,-997204321.339
9355.000,-997204400.463
9356.000,-997204400.463
9357.000,-997204400.463
9358.000,-997204400.463
9359.000,-997204400.463
9360.000,-997204400.463
9361.000,-997204321.339
9362.000,-997204321.339
9363.000,-997204400.463
9364.000,-997204400.463
9365.000,-997204400.463
9366.000,-997204400.463
9367.000,-997204400.463
9368.000,-997204400.463
9369.000,-997204321.339
9370.000,-997204321.339
9371.000,-997204400.463
9372.000,-997204400.463
9373.000,-997204400.463
9374.000,-997204400.463
9375.000,-997204400.463
9376.000,-997204400.463
9377.000,-997204321.339
9378.000,-997204321.339
9379.000,-997204400.463
9380.000,-997204400.463
9381.000,-997204400.463
9382.000,-997204479.587
9383.000,-997204400.463
9384.000,-997204400.463
9385.000,-997204321.339
9386.000,-997204321.339
9387.000,-997204321.339
9388.000,-997204400.463
9389.000,-997204400.463
9390.000,-997204479.587
9391.000,-997204400.463
9392.000,-997204400.463
9393.000,-997204321.339
9394.000,-997204321.339
9395.000,-997204321.339
9396.000,-997204400.463
9397.000,-997204400.463
9398.000,-997204479.587
9399.000,-997204479.587
9400.000,-997204400.463
9401.000,-997204400.463
9402.000,-997204321.339
9403.000,-997204321.339
9404.000,-997204321.339
9405.000,-997204400.463
9406.000,-997204400.463
9407.000,-997204479.587
9408.000,-997204400.463
9409.000,-997204400.463
9410.000,-997204400.463
9411.000,-997204321.339
9412.000,-997204321.339
9413.000,-997204400.463
9414.000,-997204400.463
9415.000,-997204400.463
9416.000,-997204400.463
9417.000,-997204400.463
9418.000,-997204400.463
9419.000,-997204321.339
9420.000,-997204321.339
9421.000,-997204400.463
9422.000,-997204400.463
9423.000,-997204400.463
9424.000,-997204400.463
9425.000,-997204400.463
9426.000,-997204400.463
9427.000,-997204321.339
9428.000,-997204321.339
9429.000,-997204321.339
9430.000,-997204400.463
9431.000,-997204400.463
9432.000,-997204400.463
9433.000,-997204400.463
9434.000,-997204400.463
9435.000,-997204321.339
9436.000,-997204321.339
9437.000,-997204321.339
9438.000,-997204400.463
9439.000,-997204400.463
9440.000,-997204479.587
9441.000,-997204400.463
9442.000,-997204400.463
9443.000,-997204321.339
9444.000,-997204321.339
9445.000,-997204321.339
9446.000,-997204400.463
9447.000,-997204400.463
9448.000,-997204479.587
9449.000,-997204479.587
9450.000,-997204400.463
9451.000,-997204400.463
9452.000,-997204321.339
9453.000,-997204321.339
9454.000,-997204321.339
9455.000,-997204400.463
9456.000,-997204479.587
9457.000,-997204479.587
9458.000,-997204479.587
9459.000,-997204400.463
9460.000,-997204321.339
9461.000,-997204321.339
9462.000,-997204321.339
9463.000,-997204400.463
9464.000,-997204400.463
9465.000,-997204479.587
9466.000,-997204479.587
9467.000,-997204400.463
9468.000,-997204400.463
9469.000,-997204321.339
9470.000,-997204321.339
9471.000,-997204321.339
9472.000,-997204400.463
9473.000,-997204400.463
9474.000,-997204400.463
9475.000,-997204400.463
9476.000,-997204400.463
9477.000,-997204321.339
9478.000,-997204321.339
9479.000,-997204321.339
9480.000,-997204400.463
9481.000,-997204400.463
9482.000,-997204400.463
9483.000,-997204400.463
9484.000,-997204400.463
9485.000,-997204321.339
9486.000,-997204321.339
9487.000,-997204321.339
9488.000,-997204400.463
9489.000,-997204400.463
9490.000,-997204400.463
9491.000,-997204400.463
9492.000,-997204400.463
9493.000,-997204321.339
9494.000,-997204321.339
9495.000,-997204321.339
9496.000,-997204400.463
9497.000,-997204400.463
9498.000,-997204479.587
9499.000,-997204479.587
9500.000,-997204400.463
9501.000,-997204400.463
9502.000,-997204321.339
9503.000,-997204321.339
9504.000,-997204321.339
9505.000,-997204400.463
9506.000,-997204400.463
9507.000,-997204479.587
9508.000,-997204479.587
9509.000,-997204400.463
9510.000,-997204321.339
9511.000,-997204321.339
9512.000,-997204321.339
9513.000,-997204321.339
9514.000,-997204400.463
9515.000,-997204479.587
9516.000,-997204716.959
9517.000,-997204716.959
9518.000,-997204637.835
9519.000,-997204637.835
9520.000,-997204637.835
9521.000,-997204637.835
9522.000,-997204716.959
9523.000,-997204716.959
9524.000,-997204716.959
9525.000,-997204716.959
9526.000,-997204716.959
9527.000,-997204716.959
9528.000,-997204716.959
9529.000,-997204716.959
9530.000,-997204716.959
9531.000,-997204716.959
9532.000,-997204716.959
9533.000,-997204716.959
9534.000,-997204716.959
9535.000,-997204716.959
9536.000,-997204716.959
9537.000,-997204716.959
9538.000,-997204716.959
9539.000,-997204716.959
9540.000,-997204796.083
9541.000,-997204716.959
9542.000,-997204716.959
9543.000,-997204716.959
9544.000,-997204716.959
9545.000,-997204716.959
9546.000,-997204716.959
9547.000,-997204796.083
9548.000,-997204796.083
9549.000,-997204796.083
9550.000,-997204716.959
9551.000,-997204716.959
9552.000,-997204716.959
9553.000,-997204716.959
9554.000,-997204716.959
9555.000,-997204796.083
9556.000,-997204796.083
9557.000,-997204796.083
9558.000,-997204796.083
9559.000,-997204716.959
9560.000,-997204716.959
9561.000,-997204716.959
9562.000,-997204716.959
9563.000,-997204716.959
9564.000,-997204796.083
9565.000,-997204796.083
9566.000,-997204796.083
9567.000,-997204716.959
9568.000,-997204716.959
9569.000,-997204716.959
9570.000,-997204716.959
9571.000,-997204716.959
9572.000,-997204796.083
9573.000,-997204796.083
9574.000,-997204796.083
9575.000,-997204796.083
9576.000,-997204716.959
9577.000,-997204716.959
9578.000,-997204716.959
9579.000,-997204716.959
9580.000,-997204716.959
9581.000,-997204796.083
9582.000,-997204796.083
9583.000,-997204796.083
9584.000,-997204796.083
9585.000,-997204716.959
9586.000,-997204716.959
9587.000,-997204716.959
9588.000,-997204716.959
9589.000,-997204796.083
9590.000,-997204796.083
9591.000,-997204796.083
9592.000,-997204796.083
9593.000,-997204716.959
9594.000,-997204716.959
9595.000,-997204716.959
9596.000,-997204716.959
9597.000,-997204796.083
9598.000,-997204796.083
9599.000,-997204796.083
9600.000,-997204796.083
9601.000,-997204716.959
9602.000,-997204716.959
9603.000,-997204716.959
9604.000,-997204716.959
9605.000,-997204796.083
9606.000,-997204796.083
9607.000,-997204796.083
9608.000,-997204796.083
9609.000,-997204716.959
9610.000,-997204716.959
9611.000,-997204716.959
9612.000,-997204716.959
9613.000,-997204796.083
9614.000,-997204796.083
9615.000,-997204796.083
9616.000,-997204796.083
9617.000,-997204716.959
9618.000,-997204716.959
9619.000,-997204716.959
9620.000,-997204716.959
9621.000,-997204716.959
9622.000,-997204796.083
9623.000,-997204796.083
9624.000,-997204796.083
9625.000,-997204796.083
9626.000,-997204716.959
9627.000,-997204716.959
9628.000,-997204716.959
9629.000,-997204716.959
9630.000,-997204796.083
9631.000,-997204796.083
9632.000,-997204796.083
9633.000,-997204796.083
9634.000,-997204796.083
9635.000,-997204716.959
9636.000,-997204716.959
9637.000,-997204716.959
9638.000,-997204716.959
9639.000,-997204796.083
9640.000,-997204796.083
9641.000,-997204796.083
9642.000,-997204796.083
9643.000,-997204716.959
9644.000,-997204716.959
9645.000,-997204716.959
9646.000,-997204716.959
9647.000,-997204796.083
9648.000,-997204796.083
9649.000,-997204796.083
9650.000,-997204796.083
9651.000,-997204796.083
9652.000,-997204716.959
9653.000,-997204716.959
9654.000,-997204716.959
9655.000,-997204796.083
9656.000,-997204796.083
9657.000,-997204796.083
9658.000,-997204796.083
9659.000,-997204796.083
9660.000,-997204716.959
9661.000,-997204716.959
9662.000,-997204716.959
9663.000,-997204796.083
9664.000,-997204796.083
9665.000,-997204796.083
9666.000,-997204796.083
9667.000,-997204716.959
9668.000,-997204716.959
9669.000,-997204716.959
9670.000,-997204716.959
9671.000,-997204796.083
9672.000,-997204796.083
9673.000,-997204796.083
9674.000,-997204796.083
9675.000,-997204796.083
9676.000,-997204716.959
9677.000,-997204716.959
9678.000,-997204716.959
9679.000,-997204716.959
9680.000,-997204796.083
9681.000,-997204796.083
9682.000,-997204796.083
9683.000,-997204796.083
9684.000,-997204716.959
9685.000,-997204716.959
9686.000,-997204716.959
9687.000,-997204716.959
9688.000,-997204796.083
9689.000,-997204796.083
9690.000,-997204796.083
9691.000,-997204796.083
9692.000,-997204796.083
9693.000,-997204716.959
9694.000,-997204716.959
9695.000,-997204716.959
9696.000,-997204716.959
9697.000,-997204796.083
9698.000,-997204796.083
9699.000,-997204796.083
9700.000,-997204796.083
9701.000,-997204796.083
9702.000,-997204716.959
9703.000,-997204716.959
9704.000,-997204716.959
9705.000,-997204796.083
9706.000,-997204796.083
9707.000,-997204796.083
9708.000,-997204796.083
9709.000,-997204796.083
9710.000,-997204716.959
9711.000,-997204716.959
9712.000,-997204716.959
9713.000,-997204796.083
9714.000,-997204796.083
9715.000,-997204796.083
9716.000,-997204796.083
9717.000,-997204796.083
9718.000,-997204716.959
9719.000,-997204716.959
9720.000,-997204716.959
9721.000,-997204796.083
9722.000,-997204796.083
9723.000,-997204796.083
9724.000,-997204796.083
9725.000,-997204796.083
9726.000,-997204716.959
9727.000,-997204716.959
9728.000,-997204716.959
9729.000,-997204716.959
9730.000,-997204796.083
9731.000,-997204796.083
9732.000,-997204796.083
9733.000,-997204796.083
9734.000,-997204796.083
9735.000,-997204716.959
9736.000,-997204716.959
9737.000,-997204716.959
9738.000,-997204796.083
9739.000,-997204796.083
9740.000,-997204796.083
9741.000,-997204796.083
9742.000,-997204796.083
9743.000,-997204716.959
9744.000,-997204716.959
9745.000,-997204716.959
9746.000,-997204796.083
9747.000,-997204796.083
9748.000,-997204796.083
9749.000,-997204796.083
9750.000,-997204796.083
9751.000,-997204716.959
9752.000,-997204716.959
9753.000,-997204716.959
9754.000,-997204716.959
9755.000,-997204796.083
9756.000,-997204796.083
9757.000,-997204796.083
9758.000,-997204796.083
9759.000,-997204796.083
9760.000,-997204716.959
9761.000,-997204716.959
9762.000,-997204716.959
9763.000,-997204796.083
9764.000,-997204796.083
9765.000,-997204796.083
9766.000,-997204796.083
9767.000,-997204796.083
9768.000,-997204716.959
9769.000,-997204716.959
9770.000,-997204716.959
9771.000,-997204796.083
9772.000,-997204796.083
9773.000,-997204796.083
9774.000,-997204796.083
9775.000,-997204796.083
9776.000,-997204796.083
9777.000,-997204716.959
9778.000,-997204716.959
9779.000,-997204716.959
9780.000,-997204796.083
9781.000,-997204796.083
9782.000,-997204796.083
9783.000,-997204796.083
9784.000,-997204796.083
9785.000,-997204716.959
9786.000,-997204716.959
9787.000,-997204716.959
9788.000,-997204796.083
9789.000,-997204796.083
9790.000,-997204796.083
9791.000,-997204796.083
9792.000,-997204796.083
9793.000,-997204716.959
9794.000,-997204716.959
9795.000,-997204716.959
9796.000,-997204796.083
9797.000,-997204796.083
9798.000,-997204796.083
9799.000,-997204796.083
9800.000,-997204796.083
9801.000,-997204716.959
9802.000,-997204716.959
9803.000,-997204716.959
9804.000,-997204796.083
9805.000,-997204796.083
9806.000,-997204796.083
9807.000,-997204796.083
9808.000,-997204796.083
9809.000,-997204716.959
9810.000,-997204716.959
9811.000,-997204716.959
9812.000,-997204716.959
9813.000,-997204796.083
9814.000,-997204796.083
9815.000,-997204875.206
9816.000,-997204796.083
9817.000,-997204796.083
9818.000,-997204716.959
9819.000,-997204716.959
9820.000,-997204716.959
9821.000,-997204796.083
9822.000,-997204796.083
9823.000,-997204796.083
9824.000,-997204796.083
9825.000,-997204796.083
9826.000,-997204796.083
9827.000,-997204716.959
9828.000,-997204716.959
9829.000,-997204716.959
9830.000,-997204796.083
9831.000,-997204796.083
9832.000,-997204796.083
9833.000,-997204796.083
9834.000,-997204796.083
9835.000,-997204716.959
9836.000,-997204716.959
9837.000,-997204716.959
9838.000,-997204796.083
9839.000,-997204796.083
9840.000,-997204796.083
9841.000,-997204796.083
9842.000,-997204796.083
9843.000,-997204716.959
9844.000,-997204716.959
9845.000,-997204716.959
9846.000,-997204796.083
9847.000,-997204796.083
9848.000,-997204796.083
9849.000,-997204796.083
9850.000,-997204796.083
9851.000,-997204796.083
9852.000,-997204716.959
9853.000,-997204716.959
9854.000,-997204716.959
9855.000,-997204796.083
9856.000,-997204796.083
9857.000,-997204796.083
9858.000,-997204796.083
9859.000,-997204796.083
9860.000,-997204716.959
9861.000,-997204716.959
9862.000,-997204716.959
9863.000,-997204796.083
9864.000,-997204796.083
9865.000,-997204796.083
9866.000,-997204796.083
9867.000,-997204796.083
9868.000,-997204716.959
9869.000,-997204716.959
9870.000,-997204716.959
9871.000,-997204796.083
9872.000,-997204796.083
9873.000,-997204796.083
9874.000,-997204796.083
9875.000,-997204796.083
9876.000,-997204796.083
9877.000,-997204716.959
9878.000,-997204716.959
9879.000,-997204716.959
9880.000,-997204796.083
9881.000,-997204796.083
9882.000,-997204796.083
9883.000,-997204796.083
9884.000,-997204796.083
9885.000,-997204716.959
9886.000,-997204716.959
9887.000,-997204716.959
9888.000,-997204796.083
9889.000,-997204796.083
9890.000,-997204796.083
9891.000,-997204796.083
9892.000,-997204796.083
9893.000,-997204716.959
9894.000,-997204716.959
9895.000,-997204716.959
9896.000,-997204796.083
9897.000,-997204796.083
9898.000,-997204796.083
9899.000,-997204796.083
9900.000,-997204796.083
9901.000,-997204796.083
9902.000,-997204716.959
9903.000,-997204716.959
9904.000,-997204796.083
9905.000,-997204796.083
9906.000,-997204796.083
9907.000,-997204796.083
9908.000,-997204796.083
9909.000,-997204796.083
9910.000,-997204716.959
9911.000,-997204716.959
9912.000,-997204716.959
9913.000,-997204796.083
9914.000,-997204796.083
9915.000,-997204796.083
9916.000,-997204796.083
9917.000,-997204796.083
9918.000,-997204716.959
9919.000,-997204716.959
9920.000,-997204716.959
9921.000,-997204796.083
9922.000,-997204796.083
9923.000,-997204796.083
9924.000,-997204796.083
9925.000,-997204796.083
9926.000,-997204796.083
9927.000,-997204716.959
9928.000,-997204716.959
9929.000,-997204716.959
9930.000,-997204796.083
9931.000,-997204796.083
9932.000,-997204796.083
9933.000,-997204796.083
9934.000,-997204796.083
9935.000,-997204716.959
9936.000,-997204716.959
9937.000,-997204716.959
9938.000,-997204796.083
9939.000,-997204796.083
9940.000,-997204796.083
9941.000,-997204796.083
9942.000,-997204796.083
9943.000,-997204796.083
9944.000,-997204716.959
9945.000,-997204716.959
9946.000,-997204796.083
9947.000,-997204796.083
9948.000,-997204796.083
9949.000,-997204796.083
9950.000,-997204796.083
9951.000,-997204796.083
9952.000,-997204716.959
9953.000,-997204716.959
9954.000,-997204716.959
9955.000,-997204796.083
9956.000,-997204796.083
9957.000,-997204796.083
9958.000,-997204796.083
9959.000,-997204796.083
9960.000,-997204796.083
9961.000,-997204716.959
9962.000,-997204716.959
9963.000,-997204796.083
9964.000,-997204796.083
9965.000,-997204796.083
9966.000,-997204796.083
9967.000,-997204796.083
9968.000,-997204796.083
9969.000,-997204716.959
9970.000,-997204716.959
9971.000,-997204796.083
9972.000,-997204796.083
9973.000,-997204796.083
9974.000,-997204796.083
9975.000,-997204796.083
9976.000,-997204796.083
9977.000,-997204716.959
9978.000,-997204716.959
9979.000,-997204796.083
9980.000,-997204796.083
9981.000,-997204796.083
9982.000,-997204796.083
9983.000,-997204796.083
9984.000,-997204796.083
9985.000,-997204716.959
9986.000,-997204716.959
9987.000,-997204716.959
9988.000,-997204796.083
9989.000,-997204796.083
9990.000,-997204796.083
9991.000,-997204796.083
9992.000,-997204796.083
9993.000,-997204796.083
9994.000,-997204716.959
9995.000,-997204716.959
9996.000,-997204796.083
9997.000,-997204796.083
9998.000,-997204796.083
9999.000,-997204796.083
10000.000,-997204796.083
10001.000,-997204796.083
10002.000,-997204716.959
10003.000,-997204716.959
10004.000,-997204716.959
10005.000,-997204796.083
10006.000,-997204796.083
10007.000,-997204796.083
10008.000,-997204796.083
10009.000,-997204796.083
10010.000,-997204796.083
10011.000,-997204716.959
10012.000,-997204716.959
10013.000,-997204796.083
10014.000,-997204796.083
10015.000,-997204796.083
10016.000,-997204558.711
10017.000,-997204558.711
10018.000,-997204479.587
10019.000,-997204479.587
10020.000,-997204479.587
10021.000,-997204479.587
10022.000,-997204479.587
10023.000,-997204479.587
10024.000,-997204479.587
10025.000,-997204479.587
10026.000,-997204479.587
10027.000,-997204400.463
10028.000,-997204400.463
10029.000,-997204479.587
10030.000,-997204479.587
10031.000,-997204479.587
10032.000,-997204479.587
10033.000,-997204479.587
10034.000,-997204400.463
10035.000,-997204400.463
10036.000,-997204400.463
10037.000,-997204400.463
10038.000,-997204479.587
10039.000,-997204479.587
10040.000,-997204479.587
10041.000,-997204479.587
10042.000,-997204479.587
10043.000,-997204400.463
10044.000,-997204400.463
10045.000,-997204400.463
10046.000,-997204400.463
10047.000,-997204479.587
10048.000,-997204479.587
10049.000,-997204479.587
10050.000,-997204479.587
10051.000,-997204400.463
10052.000,-997204400.463
10053.000,-997204400.463
10054.000,-997204400.463
10055.000,-997204479.587
10056.000,-997204479.587
10057.000,-997204479.587
10058.000,-997204479.587
10059.000,-997204400.463
10060.000,-997204400.463
10061.000,-997204400.463
10062.000,-997204400.463
10063.000,-997204400.463
10064.000,-997204479.587
10065.000,-997204479.587
10066.000,-997204479.587
10067.000,-997204479.587
10068.000,-997204400.463
10069.000,-997204400.463
10070.000,-997204400.463
10071.000,-997204400.463
10072.000,-997204400.463
10073.000,-997204479.587
10074.000,-997204479.587
10075.000,-997204479.587
10076.000,-997204400.463
10077.000,-997204400.463
10078.000,-997204400.463
10079.000,-997204400.463
10080.000,-997204400.463
10081.000,-997204400.463
10082.000,-997204479.587
10083.000,-997204479.587
10084.000,-997204400.463
10085.000,-997204400.463
10086.000,-997204400.463
10087.000,-997204400.463
10088.000,-997204400.463
10089.000,-997204400.463
10090.000,-997204400.463
10091.000,-997204479.587
10092.000,-997204400.463
10093.000,-997204400.463
10094.000,-997204400.463
10095.000,-997204400.463
10096.000,-997204400.463
10097.000,-997204400.463
10098.000,-997204479.587
10099.000,-997204400.463
10100.000,-997204400.463
10101.000,-997204400.463
10102.000,-997204400.463
10103.000,-997204400.463
10104.000,-997204400.463
10105.000,-997204400.463
10106.000,-997204479.587
10107.000,-997204479.587
10108.000,-997204400.463
10109.000,-997204400.463
10110.000,-997204400.463
10111.000,-997204400.463
10112.000,-997204400.463
10113.000,-997204400.463
10114.000,-997204479.587
10115.000,-997204479.587
10116.000,-997204479.587
10117.000,-997204400.463
10118.000,-997204400.463
10119.000,-997204400.463
10120.000,-997204400.463
10121.000,-997204400.463
10122.000,-997204400.463
10123.000,-997204479.587
10124.000,-997204479.587
10125.000,-997204479.587
10126.000,-997204400.463
10127.000,-997204400.463
10128.000,-997204400.463
10129.000,-997204400.463
10130.000,-997204400.463
10131.000,-997204400.463
10132.000,-997204479.587
10133.000,-997204479.587
10134.000,-997204400.463
10135.000,-997204400.463
10136.000,-997204400.463
10137.000,-997204400.463
10138.000,-997204400.463
10139.000,-997204400.463
10140.000,-997204400.463
10141.000,-997204400.463
10142.000,-997204400.463
10143.000,-997204400.463
10144.000,-997204400.463
10145.000,-997204400.463
10146.000,-997204400.463
10147.000,-997204400.463
10148.000,-997204400.463
10149.000,-997204400.463
10150.000,-997204400.463
10151.000,-997204400.463
10152.000,-997204400.463
10153.000,-997204400.463
10154.000,-997204400.463
10155.000,-997204400.463
10156.000,-997204400.463
10157.000,-997204400.463
10158.000,-997204400.463
10159.000,-997204400.463
10160.000,-997204400.463
10161.000,-997204400.463
10162.000,-997204400.463
10163.000,-997204400.463
10164.000,-997204479.587
10165.000,-997204479.587
10166.000,-997204400.463
10167.000,-997204400.463
10168.000,-997204400.463
10169.000,-997204321.339
10170.000,-997204400.463
10171.000,-997204400.463
10172.000,-997204479.587
10173.000,-997204479.587
10174.000,-997204479.587
10175.000,-997204400.463
10176.000,-997204400.463
10177.000,-997204321.339
10178.000,-997204321.339
10179.000,-997204400.463
10180.000,-997204400.463
10181.000,-997204479.587
10182.000,-997204479.587
10183.000,-997204479.587
10184.000,-997204400.463
10185.000,-997204400.463
10186.000,-997204321.339
10187.000,-997204321.339
10188.000,-997204400.463
10189.000,-997204400.463
10190.000,-997204479.587
10191.000,-997204479.587
10192.000,-997204400.463
10193.000,-997204400.463
10194.000,-997204400.463
10195.000,-997204400.463
10196.000,-997204400.463
10197.000,-997204400.463
10198.000,-997204400.463
10199.000,-997204400.463
10200.000,-997204400.463
10201.000,-997204400.463
10202.000,-997204400.463
10203.000,-997204400.463
10204.000,-997204400.463
10205.000,-997204400.463
10206.000,-997204400.463
10207.000,-997204400.463
10208.000,-997204400.463
10209.000,-997204400.463
10210.000,-997204400.463
10211.000,-997204400.463
10212.000,-997204400.463
10213.000,-997204400.463
10214.000,-997204400.463
10215.000,-997204400.463
10216.000,-997204400.463
10217.000,-997204400.463
10218.000,-997204400.463
10219.000,-997204400.463
10220.000,-997204400.463
10221.000,-997204400.463
10222.000,-997204400.463
10223.000,-997204400.463
10224.000,-997204400.463
10225.000,-997204400.463
10226.000,-997204400.463
10227.000,-997204400.463
10228.000,-997204400.463
10229.000,-997204400.463
10230.000,-997204400.463
10231.000,-997204400.463
10232.000,-997204400.463
10233.000,-997204400.463
10234.000,-997204400.463
10235.000,-997204400.463
10236.000,-997204400.463
10237.000,-997204400.463
10238.000,-997204400.463
10239.000,-997204400.463
10240.000,-997204479.587
10241.000,-997204400.463
10242.000,-997204400.463
10243.000,-997204400.463
10244.000,-997204321.339
10245.000,-997204400.463
10246.000,-997204400.463
10247.000,-997204400.463
10248.000,-997204400.463
10249.000,-997204479.587
10250.000,-997204400.463
10251.000,-997204400.463
10252.000,-997204400.463
10253.000,-997204400.463
10254.000,-997204400.463
10255.000,-997204400.463
10256.000,-997204400.463
10257.000,-997204400.463
10258.000,-997204400.463
10259.000,-997204400.463
10260.000,-997204400.463
10261.000,-997204400.463
10262.000,-997204400.463
10263.000,-997204400.463
10264.000,-997204400.463
10265.000,-997204400.463
10266.000,-997204400.463
10267.000,-997204400.463
10268.000,-997204400.463
10269.000,-997204400.463
10270.000,-997204400.463
10271.000,-997204400.463
10272.000,-997204400.463
10273.000,-997204400.463
10274.000,-997204400.463
10275.000,-997204400.463
10276.000,-997204400.463
10277.000,-997204400.463
10278.000,-997204400.463
10279.000,-997204400.463
10280.000,-997204400.463
10281.000,-997204400.463
10282.000,-997204479.587
10283.000,-997204400.463
10284.000,-997204400.463
10285.000,-997204400.463
10286.000,-997204321.339
10287.000,-997204400.463
10288.000,-997204400.463
10289.000,-997204400.463
10290.000,-997204479.587
10291.000,-997204479.587
10292.000,-997204400.463
10293.000,-997204400.463
10294.000,-997204321.339
10295.000,-997204321.339
10296.000,-997204400.463
10297.000,-997204400.463
10298.000,-997204479.587
10299.000,-997204479.587
10300.000,-997204400.463
10301.000,-997204400.463
10302.000,-997204400.463
10303.000,-997204321.339
10304.000,-997204321.339
10305.000,-997204400.463
10306.000,-997204400.463
10307.000,-997204479.587
10308.000,-997204479.587
10309.000,-997204400.463
10310.000,-997204400.463
10311.000,-997204321.339
10312.000,-997204321.339
10313.000,-997204400.463
10314.000,-997204400.463
10315.000,-997204400.463
10316.000,-997204400.463
10317.000,-997204400.463
10318.000,-997204400.463
10319.000,-997204400.463
10320.000,-997204400.463
10321.000,-997204400.463
10322.000,-997204400.463
10323.000,-997204400.463
10324.000,-997204400.463
10325.000,-997204400.463
10326.000,-997204400.463
10327.000,-997204400.463
10328.000,-997204400.463
10329.000,-997204400.463
10330.000,-997204400.463
10331.000,-997204400.463
10332.000,-997204400.463
10333.000,-997204400.463
10334.000,-997204400.463
10335.000,-997204400.463
10336.000,-997204321.339
10337.000,-997204400.463
10338.000,-997204400.463
10339.000,-997204400.463
10340.000,-997204479.587
10341.000,-997204479.587
10342.000,-997204400.463
10343.000,-997204400.463
10344.000,-997204321.339
10345.000,-997204321.339
10346.000,-997204400.463
10347.000,-997204400.463
10348.000,-997204479.587
10349.000,-997204479.587
10350.000,-997204400.463
10351.000,-997204400.463
10352.000,-997204400.463
10353.000,-997204321.339
10354.000,-997204321.339
10355.000,-997204400.463
10356.000,-997204400.463
10357.000,-997204479.587
10358.000,-997204479.587
10359.000,-997204400.463
10360.000,-997204400.463
10361.000,-997204321.339
10362.000,-997204321.339
10363.000,-997204400.463
10364.000,-997204400.463
10365.000,-997204400.463
10366.000,-997204479.587
10367.000,-997204400.463
10368.000,-997204400.463
10369.000,-997204400.463
10370.000,-997204321.339
10371.000,-997204400.463
10372.000,-997204400.463
10373.000,-997204400.463
10374.000,-997204400.463
10375.000,-997204400.463
10376.000,-997204400.463
10377.000,-997204400.463
10378.000,-997204400.463
10379.000,-997204400.463
10380.000,-997204400.463
10381.000,-997204400.463
10382.000,-997204400.463
10383.000,-997204400.463
10384.000,-997204400.463
10385.000,-997204400.463
10386.000,-997204400.463
10387.000,-997204400.463
10388.000,-997204400.463
10389.000,-997204400.463
10390.000,-997204400.463
10391.000,-997204400.463
10392.000,-997204400.463
10393.000,-997204400.463
10394.000,-997204321.339
10395.000,-997204321.339
10396.000,-997204400.463
10397.000,-997204400.463
10398.000,-997204479.587
10399.000,-997204479.587
10400.000,-997204400.463
10401.000,-997204400.463
10402.000,-997204321.339
10403.000,-997204321.339
10404.000,-997204321.339
10405.000,-997204400.463
10406.000,-997204400.463
10407.000,-997204479.587
10408.000,-997204479.587
10409.000,-997204400.463
10410.000,-997204400.463
10411.000,-997204321.339
10412.000,-997204321.339
10413.000,-997204400.463
10414.000,-997204400.463
10415.000,-997204479.587
10416.000,-997204479.587
10417.000,-997204400.463
10418.000,-997204400.463
10419.000,-997204321.339
10420.000,-997204321.339
10421.000,-997204321.339
10422.000,-997204400.463
10423.000,-997204400.463
10424.000,-997204479.587
10425.000,-997204479.587
10426.000,-997204400.463
10427.000,-997204400.463
10428.000,-997204321.339
10429.000,-997204321.339
10430.000,-997204400.463
10431.000,-997204400.463
10432.000,-997204400.463
10433.000,-997204479.587
10434.000,-997204400.463
10435.000,-997204400.463
10436.000,-997204321.339
10437.000,-997204321.339
10438.000,-997204400.463
10439.000,-997204400.463
10440.000,-997204400.463
10441.000,-997204400.463
10442.000,-997204400.463
10443.000,-997204400.463
10444.000,-997204400.463
10445.000,-997204321.339
10446.000,-997204400.463
10447.000,-997204400.463
10448.000,-997204400.463
10449.000,-997204400.463
10450.000,-997204400.463
10451.000,-997204400.463
10452.000,-997204400.463
10453.000,-997204321.339
10454.000,-997204400.463
10455.000,-997204400.463
10456.000,-997204400.463
10457.000,-997204400.463
10458.000,-997204400.463
10459.000,-997204400.463
10460.000,-997204400.463
10461.000,-997204321.339
10462.000,-997204321.339
10463.000,-997204400.463
10464.000,-997204400.463
10465.000,-997204400.463
10466.000,-997204400.463
10467.000,-997204400.463
10468.000,-997204400.463
10469.000,-997204321.339
10470.000,-997204321.339
10471.000,-997204400.463
10472.000,-997204400.463
10473.000,-997204400.463
10474.000,-997204479.587
10475.000,-997204400.463
10476.000,-997204400.463
10477.000,-997204400.463
10478.000,-997204321.339
10479.000,-997204321.339
10480.000,-997204400.463
10481.000,-997204400.463
10482.000,-997204479.587
10483.000,-997204479.587
10484.000,-997204400.463
10485.000,-997204400.463
10486.000,-997204321.339
10487.000,-997204321.339
10488.000,-997204321.339
10489.000,-997204400.463
10490.000,-997204400.463
10491.000,-997204479.587
10492.000,-997204400.463
10493.000,-997204400.463
10494.000,-997204400.463
10495.000,-997204321.339
10496.000,-997204321.339
10497.000,-997204400.463
10498.000,-997204400.463
10499.000,-997204400.463
10500.000,-997204400.463
10501.000,-997204400.463
10502.000,-997204400.463
10503.000,-997204400.463
10504.000,-997204400.463
10505.000,-997204400.463
10506.000,-997204400.463
10507.000,-997204400.463
10508.000,-997204400.463
10509.000,-997204400.463
10510.000,-997204400.463
10511.000,-997204321.339
10512.000,-997204400.463
10513.000,-997204400.463
10514.000,-997204400.463
10515.000,-997204400.463
10516.000,-997204716.959
10517.000,-997204637.835
10518.000,-997204637.835
10519.000,-997204637.835
10520.000,-997204637.835
10521.000,-997204716.959
10522.000,-997204716.959
10523.000,-997204796.083
10524.000,-997204796.083
10525.000,-997204716.959
10526.000,-997204716.959
10527.000,-997204637.835
10528.000,-997204637.835
10529.000,-997204716.959
10530.000,-997204716.959
10531.000,-997204796.083
10532.000,-997204796.083
10533.000,-997204796.083
10534.000,-997204716.959
10535.000,-997204716.959
10536.000,-997204637.835
10537.000,-997204637.835
10538.000,-997204716.959
10539.000,-997204716.959
10540.000,-997204796.083
10541.000,-997204796.083
10542.000,-997204796.083
10543.000,-997204716.959
10544.000,-997204716.959
10545.000,-997204637.835
10546.000,-997204716.959
10547.000,-997204716.959
10548.000,-997204796.083
10549.000,-997204796.083
10550.000,-997204796.083
10551.000,-997204796.083
10552.000,-997204716.959
10553.000,-997204716.959
10554.000,-997204716.959
10555.000,-997204716.959
10556.000,-997204716.959
10557.000,-997204796.083
10558.000,-997204796.083
10559.000,-997204796.083
10560.000,-997204716.959
10561.000,-997204716.959
10562.000,-997204716.959
10563.000,-997204716.959
10564.000,-997204716.959
10565.000,-997204796.083
10566.000,-997204796.083
10567.000,-997204796.083
10568.000,-997204716.959
10569.000,-997204716.959
10570.000,-997204716.959
10571.000,-997204716.959
10572.000,-997204716.959
10573.000,-997204796.083
10574.000,-997204796.083
10575.000,-997204796.083
10576.000,-997204716.959
10577.000,-997204716.959
10578.000,-997204716.959
10579.000,-997204716.959
10580.000,-997204716.959
10581.000,-997204796.083
10582.000,-997204796.083
10583.000,-997204796.083
10584.000,-997204796.083
10585.000,-997204716.959
10586.000,-997204716.959
10587.000,-997204716.959
10588.000,-997204716.959
10589.000,-997204796.083
10590.000,-997204796.083
10591.000,-997204796.083
10592.000,-997204796.083
10593.000,-997204716.959
10594.000,-997204716.959
10595.000,-997204716.959
10596.000,-997204716.959
10597.000,-997204796.083
10598.000,-997204796.083
10599.000,-997204796.083
10600.000,-997204796.083
10601.000,-997204716.959
10602.000,-997204716.959
10603.000,-997204716.959
10604.000,-997204716.959
10605.000,-997204716.959
10606.000,-997204796.083
10607.000,-997204796.083
10608.000,-997204796.083
10609.000,-997204796.083
10610.000,-997204716.959
10611.000,-997204716.959
10612.000,-997204716.959
10613.000,-997204716.959
10614.000,-997204796.083
10615.000,-997204796.083
10616.000,-997204796.083
10617.000,-997204796.083
10618.000,-997204716.959
10619.000,-997204716.959
10620.000,-997204716.959
10621.000,-997204716.959
10622.000,-997204796.083
10623.000,-997204796.083
10624.000,-997204796.083
10625.000,-997204796.083
10626.000,-997204796.083
10627.000,-997204716.959
10628.000,-997204716.959
10629.000,-997204716.959
10630.000,-997204796.083
10631.000,-997204796.083
10632.000,-997204796.083
10633.000,-997204796.083
10634.000,-997204796.083
10635.000,-997204716.959
10636.000,-997204716.959
10637.000,-997204716.959
10638.000,-997204716.959
10639.000,-997204796.083
10640.000,-997204796.083
10641.000,-997204796.083
10642.000,-997204796.083
10643.000,-997204716.959
10644.000,-997204716.959
10645.000,-997204716.959
10646.000,-997204716.959
10647.000,-997204796.083
10648.000,-997204796.083
10649.000,-997204796.083
10650.000,-997204796.083
10651.000,-997204796.083
10652.000,-997204716.959
10653.000,-997204716.959
10654.000,-997204716.959
10655.000,-997204796.083
10656.000,-997204796.083
10657.000,-997204796.083
10658.000,-997204796.083
10659.000,-997204796.083
10660.000,-997204716.959
10661.000,-997204716.959
10662.000,-997204716.959
10663.000,-997204716.959
10664.000,-997204796.083
10665.000,-997204796.083
10666.000,-997204796.083
10667.000,-997204796.083
10668.000,-997204716.959
10669.000,-997204716.959
10670.000,-997204716.959
10671.000,-997204716.959
10672.000,-997204796.083
10673.000,-997204796.083
10674.000,-997204796.083
10675.000,-997204796.083
10676.000,-997204796.083
10677.000,-997204716.959
10678.000,-997204716.959
10679.000,-997204716.959
10680.000,-997204796.083
10681.000,-997204796.083
10682.000,-997204796.083
10683.000,-997204796.083
10684.000,-997204796.083
10685.000,-997204716.959
10686.000,-997204716.959
10687.000,-997204716.959
10688.000,-997204716.959
10689.000,-997204796.083
10690.000,-997204796.083
10691.000,-997204796.083
10692.000,-997204796.083
10693.000,-997204716.959
10694.000,-997204716.959
10695.000,-997204716.959
10696.000,-997204716.959
10697.000,-997204796.083
10698.000,-997204796.083
10699.000,-997204796.083
10700.000,-997204796.083
10701.000,-997204796.083
10702.000,-997204716.959
10703.000,-997204716.959
10704.000,-997204716.959
10705.000,-997204796.083
10706.000,-997204796.083
10707.000,-997204796.083
10708.000,-997204796.083
10709.000,-997204796.083
10710.000,-997204716.959
10711.000,-997204716.959
10712.000,-997204716.959
10713.000,-997204796.083
10714.000,-997204796.083
10715.000,-997204796.083
10716.000,-997204796.083
10717.000,-997204796.083
10718.000,-997204716.959
10719.000,-997204716.959
10720.000,-997204716.959
10721.000,-997204716.959
10722.000,-997204796.083
10723.000,-997204796.083
10724.000,-997204796.083
10725.000,-997204796.083
10726.000,-997204796.083
10727.000,-997204716.959
10728.000,-997204716.959
10729.000,-997204716.959
10730.000,-997204796.083
10731.000,-997204796.083
10732.000,-997204796.083
10733.000,-997204796.083
10734.000,-997204796.083
10735.000,-997204716.959
10736.000,-997204716.959
10737.000,-997204716.959
10738.000,-997204796.083
10739.000,-997204796.083
10740.000,-997204796.083
10741.000,-997204796.083
10742.000,-997204796.083
10743.000,-997204716.959
10744.000,-997204716.959
10745.000,-997204716.959
10746.000,-997204716.959
10747.000,-997204796.083
10748.000,-997204796.083
10749.000,-997204796.083
10750.000,-997204796.083
10751.000,-997204796.083
10752.000,-997204716.959
10753.000,-997204716.959
10754.000,-997204716.959
10755.000,-997204796.083
10756.000,-997204796.083
10757.000,-997204796.083
10758.000,-997204796.083
10759.000,-997204796.083
10760.000,-997204716.959
10761.000,-997204716.959
10762.000,-997204716.959
10763.000,-997204796.083
10764.000,-997204796.083
10765.000,-997204796.083
10766.000,-997204796.083
10767.000,-997204796.083
10768.000,-997204716.959
10769.000,-997204716.959
10770.000,-997204716.959
10771.000,-997204716.959
10772.000,-997204796.083
10773.000,-997204796.083
10774.000,-997204796.083
10775.000,-997204796.083
10776.000,-997204796.083
10777.000,-997204716.959
10778.000,-997204716.959
10779.000,-997204716.959
10780.000,-997204796.083
10781.000,-997204796.083
10782.000,-997204796.083
10783.000,-997204796.083
10784.000,-997204796.083
10785.000,-997204716.959
10786.000,-997204716.959
10787.000,-997204716.959
10788.000,-997204796.083
10789.000,-997204796.083
10790.000,-997204875.206
10791.000,-997204875.206
10792.000,-997204796.083
10793.000,-997204796.083
10794.000,-997204716.959
10795.000,-997204716.959
10796.000,-997204716.959
10797.000,-997204796.083
10798.000,-997204796.083
10799.000,-997204875.206
10800.000,-997204796.083
10801.000,-997204796.083
10802.000,-997204716.959
10803.000,-997204716.959
10804.000,-997204716.959
10805.000,-997204796.083
10806.000,-997204796.083
10807.000,-997204796.083
10808.000,-997204796.083
10809.000,-997204796.083
10810.000,-997204796.083
10811.000,-997204716.959
10812.000,-997204716.959
10813.000,-997204716.959
10814.000,-997204796.083
10815.000,-997204796.083
10816.000,-997204796.083
10817.000,-997204796.083
10818.000,-997204796.083
10819.000,-997204716.959
10820.000,-997204716.959
10821.000,-997204716.959
10822.000,-997204796.083
10823.000,-997204796.083
10824.000,-997204796.083
10825.000,-997204796.083
10826.000,-997204796.083
10827.000,-997204716.959
10828.000,-997204716.959
10829.000,-997204716.959
10830.000,-997204796.083
10831.000,-997204796.083
10832.000,-997204796.083
10833.000,-997204796.083
10834.000,-997204796.083
10835.000,-997204716.959
10836.000,-997204716.959
10837.000,-997204716.959
10838.000,-997204796.083
10839.000,-997204796.083
10840.000,-997204796.083
10841.000,-997204796.083
10842.000,-997204796.083
10843.000,-997204716.959
10844.000,-997204716.959
10845.000,-997204716.959
10846.000,-997204716.959
10847.000,-997204796.083
10848.000,-997204796.083
10849.000,-997204875.206
10850.000,-997204796.083
10851.000,-997204796.083
10852.000,-997204716.959
10853.000,-997204716.959
10854.000,-997204716.959
10855.000,-997204796.083
10856.000,-997204796.083
10857.000,-997204875.206
10858.000,-997204796.083
10859.000,-997204796.083
10860.000,-997204716.959
10861.000,-997204716.959
10862.000,-997204716.959
10863.000,-997204796.083
10864.000,-997204796.083
10865.000,-997204796.083
10866.000,-997204796.083
10867.000,-997204796.083
10868.000,-997204796.083
10869.000,-997204716.959
10870.000,-997204716.959
10871.000,-997204716.959
10872.000,-997204796.083
10873.000,-997204796.083
10874.000,-997204796.083
10875.000,-997204796.083
10876.000,-997204796.083
10877.000,-997204716.959
10878.000,-997204716.959
10879.000,-997204716.959
10880.000,-997204796.083
10881.000,-997204796.083
10882.000,-997204796.083
10883.000,-997204796.083
10884.000,-997204796.083
10885.000,-997204716.959
10886.000,-997204716.959
10887.000,-997204716.959
10888.000,-997204796.083
10889.000,-997204796.083
10890.000,-997204796.083
10891.000,-997204796.083
10892.000,-997204796.083
10893.000,-997204796.083
10894.000,-997204716.959
10895.000,-997204716.959
10896.000,-997204716.959
10897.000,-997204796.083
10898.000,-997204796.083
10899.000,-997204875.206
10900.000,-997204796.083
10901.000,-997204796.083
10902.000,-997204716.959
10903.000,-997204716.959
10904.000,-997204716.959
10905.000,-997204796.083
10906.000,-997204796.083
10907.000,-997204875.206
10908.000,-997204796.083
10909.000,-997204796.083
10910.000,-997204796.083
10911.000,-997204716.959
10912.000,-997204716.959
10913.000,-997204796.083
10914.000,-997204796.083
10915.000,-997204796.083
10916.000,-997204796.083
10917.000,-997204796.083
10918.000,-997204796.083
10919.000,-997204716.959
10920.000,-997204716.959
10921.000,-997204716.959
10922.000,-997204796.083
10923.000,-997204796.083
10924.000,-997204796.083
10925.000,-997204796.083
10926.000,-997204796.083
10927.000,-997204796.083
10928.000,-997204716.959
10929.000,-997204716.959
10930.000,-997204796.083
10931.000,-997204796.083
10932.000,-997204796.083
10933.000,-997204796.083
10934.000,-997204796.083
10935.000,-997204796.083
10936.000,-997204716.959
10937.000,-997204716.959
10938.000,-997204796.083
10939.000,-997204796.083
10940.000,-997204796.083
10941.000,-997204796.083
10942.000,-997204796.083
10943.000,-997204796.083
10944.000,-997204716.959
10945.000,-997204716.959
10946.000,-997204796.083
10947.000,-997204796.083
10948.000,-997204796.083
10949.000,-997204796.083
10950.000,-997204796.083
10951.000,-997204796.083
10952.000,-997204716.959
10953.000,-997204716.959
10954.000,-997204796.083
10955.000,-997204796.083
10956.000,-997204796.083
10957.000,-997204875.206
10958.000,-997204796.083
10959.000,-997204796.083
10960.000,-997204716.959
10961.000,-997204716.959
10962.000,-997204716.959
10963.000,-997204796.083
10964.000,-997204796.083
10965.000,-997204875.206
10966.000,-997204875.206
10967.000,-997204796.083
10968.000,-997204796.083
10969.000,-997204716.959
10970.000,-997204716.959
10971.000,-997204716.959
10972.000,-997204796.083
10973.000,-997204796.083
10974.000,-997204875.206
10975.000,-997204796.083
10976.000,-997204796.083
10977.000,-997204716.959
10978.000,-997204716.959
10979.000,-997204716.959
10980.000,-997204796.083
10981.000,-997204796.083
10982.000,-997204796.083
10983.000,-997204796.083
10984.000,-997204796.083
10985.000,-997204796.083
10986.000,-997204716.959
10987.000,-997204716.959
10988.000,-997204796.083
10989.000,-997204796.083
10990.000,-997204796.083
10991.000,-997204796.083
10992.000,-997204796.083
10993.000,-997204796.083
10994.000,-997204796.083
10995.000,-997204716.959
10996.000,-997204796.083
10997.000,-997204796.083
10998.000,-997204796.083
10999.000,-997204796.083
11000.000,-997204796.083
11001.000,-997204796.083
11002.000,-997204716.959
11003.000,-997204716.959
11004.000,-997204796.083
11005.000,-997204796.083
11006.000,-997204796.083
11007.000,-997204796.083
11008.000,-997204796.083
11009.000,-997204796.083
11010.000,-997204716.959
11011.000,-997204716.959
11012.000,-997204716.959
11013.000,-997204796.083
11014.000,-997204796.083
11015.000,-997204875.206
11016.000,-997204558.711
11017.000,-997204558.711
11018.000,-997204479.587
11019.000,-997204479.587
11020.000,-997204400.463
11021.000,-997204479.587
11022.000,-997204479.587
11023.000,-997204479.587
11024.000,-997204558.711
11025.000,-997204479.587
11026.000,-997204479.587
11027.000,-997204400.463
11028.000,-997204400.463
11029.000,-997204400.463
11030.000,-997204479.587
11031.000,-997204479.587
11032.000,-997204479.587
11033.000,-997204479.587
11034.000,-997204479.587
11035.000,-997204400.463
11036.000,-997204400.463
11037.000,-997204400.463
11038.000,-997204400.463
11039.000,-997204479.587
11040.000,-997204479.587
11041.000,-997204479.587
11042.000,-997204479.587
11043.000,-997204400.463
11044.000,-997204400.463
11045.000,-997204400.463
11046.000,-997204400.463
11047.000,-997204400.463
11048.000,-997204479.587
11049.000,-997204479.587
11050.000,-997204479.587
11051.000,-997204400.463
11052.000,-997204400.463
11053.000,-997204400.463
11054.000,-997204400.463
11055.000,-997204400.463
11056.000,-997204479.587
11057.000,-997204479.587
11058.000,-997204479.587
11059.000,-997204400.463
11060.000,-997204400.463
11061.000,-997204400.463
11062.000,-997204400.463
11063.000,-997204400.463
11064.000,-997204479.587
11065.000,-997204479.587
11066.000,-997204479.587
11067.000,-997204400.463
11068.000,-997204400.463
11069.000,-997204400.463
11070.000,-997204400.463
11071.000,-997204400.463
11072.000,-997204479.587
11073.000,-997204479.587
11074.000,-997204479.587
11075.000,-997204400.463
11076.000,-997204400.463
11077.000,-997204400.463
11078.000,-997204400.463
11079.000,-997204400.463
11080.000,-997204400.463
11081.000,-997204479.587
11082.000,-997204479.587
11083.000,-997204479.587
11084.000,-997204400.463
11085.000,-997204400.463
11086.000,-997204400.463
11087.000,-997204400.463
11088.000,-997204400.463
11089.000,-997204479.587
11090.000,-997204479.587
11091.000,-997204479.587
11092.000,-997204400.463
11093.000,-997204400.463
11094.000,-997204400.463
11095.000,-997204400.463
11096.000,-997204400.463
11097.000,-997204400.463
11098.000,-997204479.587
11099.000,-997204479.587
11100.000,-997204479.587
11101.000,-997204400.463
11102.000,-997204400.463
11103.000,-997204400.463
11104.000,-997204400.463
11105.000,-997204400.463
11106.000,-997204479.587
11107.000,-997204479.587
11108.000,-997204479.587
11109.000,-997204400.463
11110.000,-997204400.463
11111.000,-997204400.463
11112.000,-997204400.463
11113.000,-997204400.463
11114.000,-997204400.463
11115.000,-997204479.587
11116.000,-997204479.587
11117.000,-997204400.463
11118.000,-997204400.463
11119.000,-997204400.463
11120.000,-997204400.463
11121.000,-997204400.463
11122.000,-997204400.463
11123.000,-997204479.587
11124.000,-997204479.587
11125.000,-997204400.463
11126.000,-997204400.463
11127.000,-997204400.463
11128.000,-997204400.463
11129.000,-997204400.463
11130.000,-997204400.463
11131.000,-997204479.587
11132.000,-997204479.587
11133.000,-997204400.463
11134.000,-997204400.463
11135.000,-997204400.463
11136.000,-997204400.463
11137.000,-997204400.463
11138.000,-997204400.463
11139.000,-997204479.587
11140.000,-997204479.587
11141.000,-997204479.587
11142.000,-997204400.463
11143.000,-997204400.463
11144.000,-997204321.339
11145.000,-997204400.463
11146.000,-997204400.463
11147.000,-997204400.463
11148.000,-997204479.587
11149.000,-997204479.587
11150.000,-997204479.587
11151.000,-997204400.463
11152.000,-997204400.463
11153.000,-997204400.463
11154.000,-997204400.463
11155.000,-997204400.463
11156.000,-997204400.463
11157.000,-997204479.587
11158.000,-997204479.587
11159.000,-997204400.463
11160.000,-997204400.463
11161.000,-997204400.463
11162.000,-997204400.463
11163.000,-997204400.463
11164.000,-997204400.463
11165.000,-997204400.463
11166.000,-997204400.463
11167.000,-997204400.463
11168.000,-997204400.463
11169.000,-997204400.463
11170.000,-997204400.463
11171.000,-997204400.463
11172.000,-997204400.463
11173.000,-997204479.587
11174.000,-997204400.463
11175.000,-997204400.463
11176.000,-997204400.463
11177.000,-997204400.463
11178.000,-997204400.463
11179.000,-997204400.463
11180.000,-997204400.463
11181.000,-997204479.587
11182.000,-997204479.587
11183.000,-997204400.463
11184.000,-997204400.463
11185.000,-997204400.463
11186.000,-997204400.463
11187.000,-997204400.463
11188.000,-997204400.463
11189.000,-997204479.587
11190.000,-997204479.587
11191.000,-997204400.463
11192.000,-997204400.463
11193.000,-997204321.339
11194.000,-997204321.339
11195.000,-997204321.339
11196.000,-997204400.463
11197.000,-997204400.463
11198.000,-997204479.587
11199.000,-997204479.587
11200.000,-997204400.463
11201.000,-997204400.463
11202.000,-997204321.339
11203.000,-997204321.339
11204.000,-997204400.463
11205.000,-997204400.463
11206.000,-997204479.587
11207.000,-997204479.587
11208.000,-997204479.587
11209.000,-997204400.463
11210.000,-997204400.463
11211.000,-997204321.339
11212.000,-997204321.339
11213.000,-997204400.463
11214.000,-997204400.463
11215.000,-997204479.587
11216.000,-997204479.587
11217.000,-997204400.463
11218.000,-997204400.463
11219.000,-997204400.463
11220.000,-997204400.463
11221.000,-997204400.463
11222.000,-997204400.463
11223.000,-997204400.463
11224.000,-997204479.587
11225.000,-997204400.463
11226.000,-997204400.463
11227.000,-997204400.463
11228.000,-997204400.463
11229.000,-997204400.463
11230.000,-997204400.463
11231.000,-997204400.463
11232.000,-997204479.587
11233.000,-997204400.463
11234.000,-997204400.463
11235.000,-997204400.463
11236.000,-997204321.339
11237.000,-997204400.463
11238.000,-997204400.463
11239.000,-997204400.463
11240.000,-997204479.587
11241.000,-997204479.587
11242.000,-997204400.463
11243.000,-997204400.463
11244.000,-997204321.339
11245.000,-997204321.339
11246.000,-997204400.463
11247.000,-997204400.463
11248.000,-997204479.587
11249.000,-997204479.587
11250.000,-997204400.463
11251.000,-997204400.463
11252.000,-997204321.339
11253.000,-997204321.339
11254.000,-997204400.463
11255.000,-997204400.463
11256.000,-997204400.463
11257.000,-997204479.587
11258.000,-997204479.587
11259.000,-997204400.463
11260.000,-997204400.463
11261.000,-997204321.339
11262.000,-997204321.339
11263.000,-997204400.463
11264.000,-997204400.463
11265.000,-997204400.463
11266.000,-997204479.587
11267.000,-997204400.463
11268.000,-997204400.463
11269.000,-997204400.463
11270.000,-997204321.339
11271.000,-997204400.463
11272.000,-997204400.463
11273.000,-997204400.463
11274.000,-997204479.587
11275.000,-997204400.463
11276.000,-997204400.463
11277.000,-997204400.463
11278.000,-997204321.339
11279.000,-997204400.463
11280.000,-997204400.463
11281.000,-997204400.463
11282.000,-997204400.463
11283.000,-997204400.463
11284.000,-997204400.463
11285.000,-997204400.463
11286.000,-997204400.463
11287.000,-997204400.463
11288.000,-997204400.463
11289.000,-997204400.463
11290.000,-997204400.463
11291.000,-997204400.463
11292.000,-997204400.463
11293.000,-997204400.463
11294.000,-997204400.463
11295.000,-997204400.463
11296.000,-997204400.463
11297.000,-997204400.463
11298.000,-997204400.463
11299.000,-997204400.463
11300.000,-997204400.463
11301.000,-997204400.463
11302.000,-997204400.463
11303.000,-997204400.463
11304.000,-997204400.463
11305.000,-997204400.463
11306.000,-997204400.463
11307.000,-997204400.463
11308.000,-997204400.463
11309.000,-997204400.463
11310.000,-997204321.339
11311.000,-997204321.339
11312.000,-997204400.463
11313.000,-997204400.463
11314.000,-997204400.463
11315.000,-997204479.587
11316.000,-997204400.463
11317.000,-997204400.463
11318.000,-997204400.463
11319.000,-997204321.339
11320.000,-997204321.339
11321.000,-997204400.463
11322.000,-997204400.463
11323.000,-997204479.587
11324.000,-997204479.587
11325.000,-997204400.463
11326.000,-997204400.463
11327.000,-997204400.463
11328.000,-997204321.339
11329.000,-997204321.339
11330.000,-997204400.463
11331.000,-997204400.463
11332.000,-997204479.587
11333.000,-997204400.463
11334.000,-997204400.463
11335.000,-997204400.463
11336.000,-997204321.339
11337.000,-997204321.339
11338.000,-997204400.463
11339.000,-997204400.463
11340.000,-997204400.463
11341.000,-997204400.463
11342.000,-997204400.463
11343.000,-997204400.463
11344.000,-997204400.463
11345.000,-997204321.339
11346.000,-997204400.463
11347.000,-997204400.463
11348.000,-997204400.463
11349.000,-997204400.463
11350.000,-997204400.463
11351.000,-997204400.463
11352.000,-997204400.463
11353.000,-997204400.463
11354.000,-997204400.463
11355.000,-997204400.463
11356.000,-997204400.463
11357.000,-997204400.463
11358.000,-997204400.463
11359.000,-997204400.463
11360.000,-997204400.463
11361.000,-997204321.339
11362.000,-997204400.463
11363.000,-997204400.463
11364.000,-997204400.463
11365.000,-997204400.463
11366.000,-997204400.463
11367.000,-997204400.463
11368.000,-997204400.463
11369.000,-997204321.339
11370.000,-997204321.339
11371.000,-997204400.463
11372.000,-997204400.463
11373.000,-997204400.463
11374.000,-997204479.587
11375.000,-997204400.463
11376.000,-997204400.463
11377.000,-997204400.463
11378.000,-997204321.339
11379.000,-997204321.339
11380.000,-997204400.463
11381.000,-997204400.463
11382.000,-997204400.463
11383.000,-997204400.463
11384.000,-997204400.463
11385.000,-997204400.463
11386.000,-997204321.339
11387.000,-997204321.339
11388.000,-997204400.463
11389.000,-997204400.463
11390.000,-997204400.463
11391.000,-997204400.463
11392.000,-997204400.463
11393.000,-997204400.463
11394.000,-997204400.463
11395.000,-997204400.463
11396.000,-997204400.463
11397.000,-997204400.463
11398.000,-997204400.463
11399.000,-997204400.463
11400.000,-997204400.463
11401.000,-997204400.463
11402.000,-997204400.463
11403.000,-997204400.463
11404.000,-997204400.463
11405.000,-997204400.463
11406.000,-997204400.463
11407.000,-997204400.463
11408.000,-997204400.463
11409.000,-997204400.463
11410.000,-997204400.463
11411.000,-997204400.463
11412.000,-997204400.463
11413.000,-997204400.463
11414.000,-997204400.463
11415.000,-997204400.463
11416.000,-997204400.463
11417.000,-997204400.463
11418.000,-997204400.463
11419.000,-997204321.339
11420.000,-997204321.339
11421.000,-997204400.463
11422.000,-997204400.463
11423.000,-997204400.463
11424.000,-997204400.463
11425.000,-997204400.463
11426.000,-997204400.463
11427.000,-997204400.463
11428.000,-997204321.339
11429.000,-997204400.463
11430.000,-997204400.463
11431.000,-997204400.463
11432.000,-997204400.463
11433.000,-997204400.463
11434.000,-997204400.463
11435.000,-997204400.463
11436.000,-997204321.339
11437.000,-997204321.339
11438.000,-997204400.463
11439.000,-997204400.463
11440.000,-997204400.463
11441.000,-997204400.463
11442.000,-997204400.463
11443.000,-997204400.463
11444.000,-997204400.463
11445.000,-997204321.339
11446.000,-997204400.463
11447.000,-997204400.463
11448.000,-997204400.463
11449.000,-997204400.463
11450.000,-997204400.463
11451.000,-997204400.463
11452.000,-997204400.463
11453.000,-997204321.339
11454.000,-997204400.463
11455.000,-997204400.463
11456.000,-997204400.463
11457.000,-997204400.463
11458.000,-997204400.463
11459.000,-997204400.463
11460.000,-997204400.463
11461.000,-997204321.339
11462.000,-997204321.339
11463.000,-997204400.463
11464.000,-997204400.463
11465.000,-997204400.463
11466.000,-997204400.463
11467.000,-997204400.463
11468.000,-997204400.463
11469.000,-997204321.339
11470.000,-997204321.339
11471.000,-997204321.339
11472.000,-997204400.463
11473.000,-997204400.463
11474.000,-997204400.463
11475.000,-997204400.463
11476.000,-997204400.463
11477.000,-997204400.463
11478.000,-997204321.339
11479.000,-997204321.339
11480.000,-997204400.463
11481.000,-997204400.463
11482.000,-997204400.463
11483.000,-997204400.463
11484.000,-997204400.463
11485.000,-997204400.463
11486.000,-997204321.339
11487.000,-997204321.339
11488.000,-997204400.463
11489.000,-997204400.463
11490.000,-997204400.463
11491.000,-997204400.463
11492.000,-997204400.463
11493.000,-997204400.463
11494.000,-997204400.463
11495.000,-997204321.339
11496.000,-997204400.463
11497.000,-997204400.463
11498.000,-997204400.463
11499.000,-997204400.463
11500.000,-997204400.463
11501.000,-997204400.463
11502.000,-997204400.463
11503.000,-997204321.339
11504.000,-997204321.339
11505.000,-997204400.463
11506.000,-997204400.463
11507.000,-997204400.463
11508.000,-997204400.463
11509.000,-997204400.463
11510.000,-997204400.463
11511.000,-997204400.463
11512.000,-997204400.463
11513.000,-997204400.463
11514.000,-997204400.463
11515.000,-997204400.463
11516.000,-997204716.959
11517.000,-997204716.959
11518.000,-997204637.835
11519.000,-997204637.835
11520.000,-997204637.835
11521.000,-997204637.835
11522.000,-997204716.959
11523.000,-997204716.959
11524.000,-997204716.959
11525.000,-997204716.959
11526.000,-997204716.959
11527.000,-997204716.959
11528.000,-997204716.959
11529.000,-997204716.959
11530.000,-997204716.959
11531.000,-997204716.959
11532.000,-997204716.959
11533.000,-997204716.959
11534.000,-997204716.959
11535.000,-997204716.959
11536.000,-997204716.959
11537.000,-997204716.959
11538.000,-997204716.959
11539.000,-997204716.959
11540.000,-997204796.083
11541.000,-997204716.959
11542.000,-997204716.959
11543.000,-997204716.959
11544.000,-997204716.959
11545.000,-997204716.959
11546.000,-997204716.959
11547.000,-997204716.959
11548.000,-997204796.083
11549.000,-997204796.083
11550.000,-997204796.083
11551.000,-997204716.959
11552.000,-997204716.959
11553.000,-997204716.959
11554.000,-997204716.959
11555.000,-997204716.959
11556.000,-997204796.083
11557.000,-997204796.083
11558.000,-997204796.083
11559.000,-997204716.959
11560.000,-997204716.959
11561.000,-997204716.959
11562.000,-997204716.959
11563.000,-997204716.959
11564.000,-997204796.083
11565.000,-997204796.083
11566.000,-997204796.083
11567.000,-997204796.083
11568.000,-997204716.959
11569.000,-997204716.959
11570.000,-997204716.959
11571.000,-997204716.959
11572.000,-997204716.959
11573.000,-997204796.083
11574.000,-997204796.083
11575.000,-997204796.083
11576.000,-997204716.959
11577.000,-997204716.959
11578.000,-997204716.959
11579.000,-997204716.959
11580.000,-997204716.959
11581.000,-997204796.083
11582.000,-997204796.083
11583.000,-997204796.083
11584.000,-997204796.083
11585.000,-997204716.959
11586.000,-997204716.959
11587.000,-997204716.959
11588.000,-997204716.959
11589.000,-997204796.083
11590.000,-997204796.083
11591.000,-997204796.083
11592.000,-997204796.083
11593.000,-997204716.959
11594.000,-997204716.959
11595.000,-997204716.959
11596.000,-997204716.959
11597.000,-997204716.959
11598.000,-997204796.083
11599.000,-997204796.083
11600.000,-997204796.083
11601.000,-997204796.083
11602.000,-997204716.959
11603.000,-997204716.959
11604.000,-997204716.959
11605.000,-997204716.959
11606.000,-997204796.083
11607.000,-997204796.083
11608.000,-997204796.083
11609.000,-997204796.083
11610.000,-997204716.959
11611.000,-997204716.959
11612.000,-997204716.959
11613.000,-997204716.959
11614.000,-997204796.083
11615.000,-997204796.083
11616.000,-997204796.083
11617.000,-997204796.083
11618.000,-997204716.959
11619.000,-997204716.959
11620.000,-997204716.959
11621.000,-997204716.959
11622.000,-997204796.083
11623.000,-997204796.083
11624.000,-997204796.083
11625.000,-997204796.083
11626.000,-997204716.959
11627.000,-997204716.959
11628.000,-997204716.959
11629.000,-997204716.959
11630.000,-997204796.083
11631.000,-997204796.083
11632.000,-997204796.083
11633.000,-997204796.083
11634.000,-997204796.083
11635.000,-997204716.959
11636.000,-997204716.959
11637.000,-997204716.959
11638.000,-997204716.959
11639.000,-997204796.083
11640.000,-997204796.083
11641.000,-997204796.083
11642.000,-997204796.083
11643.000,-997204716.959
11644.000,-997204716.959
11645.000,-997204716.959
11646.000,-997204716.959
11647.000,-997204796.083
11648.000,-997204796.083
11649.000,-997204796.083
11650.000,-997204796.083
11651.000,-997204796.083
11652.000,-997204716.959
11653.000,-997204716.959
11654.000,-997204716.959
11655.000,-997204796.083
11656.000,-997204796.083
11657.000,-997204796.083
11658.000,-997204796.083
11659.000,-997204796.083
11660.000,-997204716.959
11661.000,-997204716.959
11662.000,-997204716.959
11663.000,-997204716.959
11664.000,-997204796.083
11665.000,-997204796.083
11666.000,-997204796.083
11667.000,-997204796.083
11668.000,-997204716.959
11669.000,-997204716.959
11670.000,-997204716.959
11671.000,-997204716.959
11672.000,-997204796.083
11673.000,-997204796.083
11674.000,-997204796.083
11675.000,-997204796.083
11676.000,-997204796.083
11677.000,-997204716.959
11678.000,-997204716.959
11679.000,-997204716.959
11680.000,-997204796.083
11681.000,-997204796.083
11682.000,-997204796.083
11683.000,-997204796.083
11684.000,-997204796.083
11685.000,-997204716.959
11686.000,-997204716.959
11687.000,-997204716.959
11688.000,-997204716.959
11689.000,-997204796.083
11690.000,-997204796.083
11691.000,-997204796.083
11692.000,-997204796.083
11693.000,-997204796.083
11694.000,-997204716.959
11695.000,-997204716.959
11696.000,-997204716.959
11697.000,-997204716.959
11698.000,-997204796.083
11699.000,-997204796.083
11700.000,-997204796.083
11701.000,-997204796.083
11702.000,-997204716.959
11703.000,-997204716.959
11704.000,-997204716.959
11705.000,-997204716.959
11706.000,-997204796.083
11707.000,-997204796.083
11708.000,-997204796.083
11709.000,-997204796.083
11710.000,-997204796.083
11711.000,-997204716.959
11712.000,-997204716.959
11713.000,-997204716.959
11714.000,-997204796.083
11715.000,-997204796.083
11716.000,-997204796.083
11717.000,-997204796.083
11718.000,-997204796.083
11719.000,-997204716.959
11720.000,-997204716.959
11721.000,-997204716.959
11722.000,-997204796.083
11723.000,-997204796.083
11724.000,-997204796.083
11725.000,-997204796.083
11726.000,-997204796.083
11727.000,-997204716.959
11728.000,-997204716.959
11729.000,-997204716.959
11730.000,-997204796.083
11731.000,-997204796.083
11732.000,-997204796.083
11733.000,-997204796.083
11734.000,-997204796.083
11735.000,-997204716.959
11736.000,-997204716.959
11737.000,-997204716.959
11738.000,-997204716.959
11739.000,-997204796.083
11740.000,-997204796.083
11741.000,-997204796.083
11742.000,-997204796.083
11743.000,-997204796.083
11744.000,-997204716.959
11745.000,-997204716.959
11746.000,-997204716.959
11747.000,-997204796.083
11748.000,-997204796.083
11749.000,-997204796.083
11750.000,-997204796.083
11751.000,-997204796.083
11752.000,-997204716.959
11753.000,-997204716.959
11754.000,-997204716.959
11755.000,-997204716.959
11756.000,-997204796.083
11757.000,-997204796.083
11758.000,-997204796.083
11759.000,-997204796.083
11760.000,-997204796.083
11761.000,-997204716.959
11762.000,-997204716.959
11763.000,-997204716.959
11764.000,-997204796.083
11765.000,-997204796.083
11766.000,-997204796.083
11767.000,-997204796.083
11768.000,-997204796.083
11769.000,-997204716.959
11770.000,-997204716.959
11771.000,-997204716.959
11772.000,-997204796.083
11773.000,-997204796.083
11774.000,-997204796.083
11775.000,-997204796.083
11776.000,-997204796.083
11777.000,-997204796.083
11778.000,-997204716.959
11779.000,-997204716.959
11780.000,-997204796.083
11781.000,-997204796.083
11782.000,-997204796.083
11783.000,-997204796.083
11784.000,-997204796.083
11785.000,-997204796.083
11786.000,-997204716.959
11787.000,-997204716.959
11788.000,-997204796.083
11789.000,-997204796.083
11790.000,-997204796.083
11791.000,-997204796.083
11792.000,-997204796.083
11793.000,-997204796.083
11794.000,-997204716.959
11795.000,-997204716.959
11796.000,-997204716.959
11797.000,-997204796.083
11798.000,-997204796.083
11799.000,-997204796.083
11800.000,-997204796.083
11801.000,-997204796.083
11802.000,-997204716.959
11803.000,-997204716.959
11804.000,-997204716.959
11805.000,-997204796.083
11806.000,-997204796.083
11807.000,-997204875.206
11808.000,-997204796.083
11809.000,-997204796.083
11810.000,-997204716.959
11811.000,-997204716.959
11812.000,-997204716.959
11813.000,-997204716.959
11814.000,-997204796.083
11815.000,-997204796.083
11816.000,-997204875.206
11817.000,-997204796.083
11818.000,-997204796.083
11819.000,-997204716.959
11820.000,-997204716.959
11821.000,-997204716.959
11822.000,-997204796.083
11823.000,-997204796.083
11824.000,-997204875.206
11825.000,-997204875.206
11826.000,-997204796.083
11827.000,-997204796.083
11828.000,-997204716.959
11829.000,-997204716.959
11830.000,-997204716.959
11831.000,-997204796.083
11832.000,-997204796.083
11833.000,-997204796.083
11834.000,-997204796.083
11835.000,-997204796.083
11836.000,-997204716.959
11837.000,-997204716.959
11838.000,-997204716.959
11839.000,-997204796.083
11840.000,-997204796.083
11841.000,-997204796.083
11842.000,-997204796.083
11843.000,-997204796.083
11844.000,-997204796.083
11845.000,-997204716.959
11846.000,-997204716.959
11847.000,-997204796.083
11848.000,-997204796.083
11849.000,-997204796.083
11850.000,-997204796.083
11851.000,-997204796.083
11852.000,-997204716.959
11853.000,-997204716.959
11854.000,-997204716.959
11855.000,-997204796.083
11856.000,-997204796.083
11857.000,-997204796.083
11858.000,-997204796.083
11859.000,-997204796.083
11860.000,-997204716.959
11861.000,-997204716.959
11862.000,-997204716.959
11863.000,-997204796.083
11864.000,-997204796.083
11865.000,-997204796.083
11866.000,-997204796.083
11867.000,-997204796.083
11868.000,-997204796.083
11869.000,-997204716.959
11870.000,-997204716.959
11871.000,-997204716.959
11872.000,-997204796.083
11873.000,-997204796.083
11874.000,-997204796.083
11875.000,-997204796.083
11876.000,-997204796.083
11877.000,-997204716.959
11878.000,-997204716.959
11879.000,-997204716.959
11880.000,-997204796.083
11881.000,-997204796.083
11882.000,-997204796.083
11883.000,-997204796.083
11884.000,-997204796.083
11885.000,-997204796.083
11886.000,-997204716.959
11887.000,-997204716.959
11888.000,-997204716.959
11889.000,-997204796.083
11890.000,-997204796.083
11891.000,-997204796.083
11892.000,-997204796.083
11893.000,-997204796.083
11894.000,-997204716.959
11895.000,-997204716.959
11896.000,-997204716.959
11897.000,-997204796.083
11898.000,-997204796.083
11899.000,-997204796.083
11900.000,-997204796.083
11901.000,-997204796.083
11902.000,-997204716.959
11903.000,-997204716.959
11904.000,-997204716.959
11905.000,-997204796.083
11906.000,-997204796.083
11907.000,-997204796.083
11908.000,-997204796.083
11909.000,-997204796.083
11910.000,-997204716.959
11911.000,-997204716.959
11912.000,-997204716.959
11913.000,-997204796.083
11914.000,-997204796.083
11915.000,-997204796.083
11916.000,-997204796.083
11917.000,-997204796.083
11918.000,-997204796.083
11919.000,-997204716.959
11920.000,-997204716.959
11921.000,-997204716.959
11922.000,-997204796.083
11923.000,-997204796.083
11924.000,-997204875.206
11925.000,-997204796.083
11926.000,-997204796.083
11927.000,-997204716.959
11928.000,-997204716.959
11929.000,-997204716.959
11930.000,-997204796.083
11931.000,-997204796.083
11932.000,-997204796.083
11933.000,-997204875.206
11934.000,-997204796.083
11935.000,-997204796.083
11936.000,-997204716.959
11937.000,-997204716.959
11938.000,-997204716.959
11939.000,-997204796.083
11940.000,-997204796.083
11941.000,-997204796.083
11942.000,-997204796.083
11943.000,-997204796.083
11944.000,-997204796.083
11945.000,-997204716.959
11946.000,-997204716.959
11947.000,-997204796.083
11948.000,-997204796.083
11949.000,-997204796.083
11950.000,-997204796.083
11951.000,-997204796.083
11952.000,-997204796.083
11953.000,-997204716.959
11954.000,-997204716.959
11955.000,-997204796.083
11956.000,-997204796.083
11957.000,-997204796.083
11958.000,-997204796.083
11959.000,-997204796.083
11960.000,-997204796.083
11961.000,-997204716.959
11962.000,-997204716.959
11963.000,-997204796.083
11964.000,-997204796.083
11965.000,-997204796.083
11966.000,-997204796.083
11967.000,-997204796.083
11968.000,-997204796.083
11969.000,-997204716.959
11970.000,-997204716.959
11971.000,-997204716.959
11972.000,-997204796.083
11973.000,-997204796.083
11974.000,-997204796.083
11975.000,-997204796.083
11976.000,-997204796.083
11977.000,-997204716.959
11978.000,-997204716.959
11979.000,-997204716.959
11980.000,-997204796.083
11981.000,-997204796.083
11982.000,-997204796.083
11983.000,-997204796.083
11984.000,-997204796.083
11985.000,-997204796.083
11986.000,-997204716.959
11987.000,-997204716.959
11988.000,-997204796.083
11989.000,-997204796.083
11990.000,-997204796.083
11991.000,-997204875.206
11992.000,-997204796.083
11993.000,-997204796.083
11994.000,-997204716.959
11995.000,-997204716.959
11996.000,-997204716.959
11997.000,-997204796.083
11998.000,-997204796.083
11999.000,-997204796.083
12000.000,-997204796.083
12001.000,-997204796.083
12002.000,-997204796.083
12003.000,-997204716.959
12004.000,-997204716.959
12005.000,-997204796.083
12006.000,-997204796.083
12007.000,-997204796.083
12008.000,-997204796.083
12009.000,-997204796.083
12010.000,-997204796.083
12011.000,-997204716.959
12012.000,-997204716.959
12013.000,-997204796.083
12014.000,-997204796.083
12015.000,-997204796.083
12016.000,-997204558.711
12017.000,-997204479.587
12018.000,-997204479.587
12019.000,-997204479.587
12020.000,-997204479.587
12021.000,-997204479.587
12022.000,-997204479.587
12023.000,-997204479.587
12024.000,-997204479.587
12025.000,-997204479.587
12026.000,-997204400.463
12027.000,-997204400.463
12028.000,-997204400.463
12029.000,-997204400.463
12030.000,-997204479.587
12031.000,-997204479.587
12032.000,-997204479.587
12033.000,-997204479.587
12034.000,-997204479.587
12035.000,-997204400.463
12036.000,-997204400.463
12037.000,-997204400.463
12038.000,-997204400.463
12039.000,-997204479.587
12040.000,-997204479.587
12041.000,-997204479.587
12042.000,-997204479.587
12043.000,-997204400.463
12044.000,-997204400.463
12045.000,-997204400.463
12046.000,-997204400.463
12047.000,-997204400.463
12048.000,-997204479.587
12049.000,-997204479.587
12050.000,-997204479.587
12051.000,-997204479.587
12052.000,-997204400.463
12053.000,-997204400.463
12054.000,-997204400.463
12055.000,-997204400.463
12056.000,-997204479.587
12057.000,-997204479.587
12058.000,-997204479.587
12059.000,-997204479.587
12060.000,-997204400.463
12061.000,-997204400.463
12062.000,-997204400.463
12063.000,-997204400.463
12064.000,-997204400.463
12065.000,-997204479.587
12066.000,-997204479.587
12067.000,-997204479.587
12068.000,-997204400.463
12069.000,-997204400.463
12070.000,-997204400.463
12071.000,-997204400.463
12072.000,-997204400.463
12073.000,-997204479.587
12074.000,-997204479.587
12075.000,-997204479.587
12076.000,-997204400.463
12077.000,-997204400.463
12078.000,-997204400.463
12079.000,-997204400.463
12080.000,-997204400.463
12081.000,-997204479.587
12082.000,-997204479.587
12083.000,-997204479.587
12084.000,-997204400.463
12085.000,-997204400.463
12086.000,-997204400.463
12087.000,-997204400.463
12088.000,-997204400.463
12089.000,-997204479.587
12090.000,-997204479.587
12091.000,-997204479.587
12092.000,-997204400.463
12093.000,-997204400.463
12094.000,-997204321.339
12095.000,-997204321.339
12096.000,-997204400.463
12097.000,-997204400.463
12098.000,-997204479.587
12099.000,-997204479.587
12100.000,-997204479.587
12101.000,-997204400.463
12102.000,-997204400.463
12103.000,-997204321.339
12104.000,-997204400.463
12105.000,-997204400.463
12106.000,-997204479.587
12107.000,-997204479.587
12108.000,-997204479.587
12109.000,-997204400.463
12110.000,-997204400.463
12111.000,-997204321.339
12112.000,-997204400.463
12113.000,-997204400.463
12114.000,-997204400.463
12115.000,-997204479.587
12116.000,-997204479.587
12117.000,-997204400.463
12118.000,-997204400.463
12119.000,-997204400.463
12120.000,-997204400.463
12121.000,-997204400.463
12122.000,-997204400.463
12123.000,-997204479.587
12124.000,-997204479.587
12125.000,-997204479.587
12126.000,-997204400.463
12127.000,-997204400.463
12128.000,-997204321.339
12129.000,-997204400.463
12130.000,-997204400.463
12131.000,-997204479.587
12132.000,-997204479.587
12133.000,-997204479.587
12134.000,-997204400.463
12135.000,-997204400.463
12136.000,-997204400.463
12137.000,-997204400.463
12138.000,-997204400.463
12139.000,-997204400.463
12140.000,-997204479.587
12141.000,-997204479.587
12142.000,-997204400.463
12143.000,-997204400.463
12144.000,-997204321.339
12145.000,-997204400.463
12146.000,-997204400.463
12147.000,-997204400.463
12148.000,-997204479.587
12149.000,-997204479.587
12150.000,-997204400.463
12151.000,-997204400.463
12152.000,-997204321.339
12153.000,-997204321.339
12154.000,-997204400.463
12155.000,-997204400.463
12156.000,-997204479.587
12157.000,-997204479.587
12158.000,-997204479.587
12159.000,-997204400.463
12160.000,-997204400.463
12161.000,-997204321.339
12162.000,-997204321.339
12163.000,-997204400.463
12164.000,-997204400.463
12165.000,-997204479.587
12166.000,-997204479.587
12167.000,-997204400.463
12168.000,-997204400.463
12169.000,-997204321.339
12170.000,-997204321.339
12171.000,-997204400.463
12172.000,-997204400.463
12173.000,-997204479.587
12174.000,-997204479.587
12175.000,-997204479.587
12176.000,-997204400.463
12177.000,-997204400.463
12178.000,-997204321.339
12179.000,-997204321.339
12180.000,-997204400.463
12181.000,-997204400.463
12182.000,-997204479.587
12183.000,-997204479.587
12184.000,-997204400.463
12185.000,-997204400.463
12186.000,-997204321.339
12187.000,-997204321.339
12188.000,-997204400.463
12189.000,-997204400.463
12190.000,-997204400.463
12191.000,-997204479.587
12192.000,-997204400.463
12193.000,-997204400.463
12194.000,-997204400.463
12195.000,-997204321.339
12196.000,-997204400.463
12197.000,-997204400.463
12198.000,-997204400.463
12199.000,-997204479.587
12200.000,-997204400.463
12201.000,-997204400.463
12202.000,-997204400.463
12203.000,-997204400.463
12204.000,-997204400.463
12205.000,-997204400.463
12206.000,-997204400.463
12207.000,-997204479.587
12208.000,-997204400.463
12209.000,-997204400.463
12210.000,-997204400.463
12211.000,-997204321.339
12212.000,-997204321.339
12213.000,-997204400.463
12214.000,-997204400.463
12215.000,-997204479.587
12216.000,-997204479.587
12217.000,-997204400.463
12218.000,-997204400.463
12219.000,-997204321.339
12220.000,-997204321.339
12221.000,-997204400.463
12222.000,-997204400.463
12223.000,-997204479.587
12224.000,-997204479.587
12225.000,-997204400.463
12226.000,-997204400.463
12227.000,-997204321.339
12228.000,-997204321.339
12229.000,-997204321.339
12230.000,-997204400.463
12231.000,-997204400.463
12232.000,-997204479.587
12233.000,-997204479.587
12234.000,-997204400.463
12235.000,-997204400.463
12236.000,-997204321.339
12237.000,-997204321.339
12238.000,-997204400.463
12239.000,-997204400.463
12240.000,-997204479.587
12241.000,-997204479.587
12242.000,-997204400.463
12243.000,-997204400.463
12244.000,-997204321.339
12245.000,-997204321.339
12246.000,-997204400.463
12247.000,-997204400.463
12248.000,-997204400.463
12249.000,-997204479.587
12250.000,-997204400.463
12251.000,-997204400.463
12252.000,-997204400.463
12253.000,-997204321.339
12254.000,-997204321.339
12255.000,-997204400.463
12256.000,-997204400.463
12257.000,-997204479.587
12258.000,-997204400.463
12259.000,-997204400.463
12260.000,-997204400.463
12261.000,-997204321.339
12262.000,-997204321.339
12263.000,-997204400.463
12264.000,-997204400.463
12265.000,-997204479.587
12266.000,-997204479.587
12267.000,-997204400.463
12268.000,-997204400.463
12269.000,-997204321.339
12270.000,-997204321.339
12271.000,-997204400.463
12272.000,-997204400.463
12273.000,-997204400.463
12274.000,-997204479.587
12275.000,-997204400.463
12276.000,-997204400.463
12277.000,-997204400.463
12278.000,-997204321.339
12279.000,-997204321.339
12280.000,-997204400.463
12281.000,-997204400.463
12282.000,-997204479.587
12283.000,-997204400.463
12284.000,-997204400.463
12285.000,-997204400.463
12286.000,-997204321.339
12287.000,-997204321.339
12288.000,-997204400.463
12289.000,-997204400.463
12290.000,-997204479.587
12291.000,-997204479.587
12292.000,-997204400.463
12293.000,-997204400.463
12294.000,-997204321.339
12295.000,-997204321.339
12296.000,-997204400.463
12297.000,-997204400.463
12298.000,-997204400.463
12299.000,-997204479.587
12300.000,-997204400.463
12301.000,-997204400.463
12302.000,-997204400.463
12303.000,-997204321.339
12304.000,-997204321.339
12305.000,-997204400.463
12306.000,-997204400.463
12307.000,-997204479.587
12308.000,-997204400.463
12309.000,-997204400.463
12310.000,-997204400.463
12311.000,-997204321.339
12312.000,-997204321.339
12313.000,-997204400.463
12314.000,-997204400.463
12315.000,-997204400.463
12316.000,-997204400.463
12317.000,-997204400.463
12318.000,-997204400.463
12319.000,-997204321.339
12320.000,-997204321.339
12321.000,-997204400.463
12322.000,-997204400.463
12323.000,-997204400.463
12324.000,-997204400.463
12325.000,-997204400.463
12326.000,-997204400.463
12327.000,-997204400.463
12328.000,-997204321.339
12329.000,-997204400.463
12330.000,-997204400.463
12331.000,-997204400.463
12332.000,-997204400.463
12333.000,-997204400.463
12334.000,-997204400.463
12335.000,-997204400.463
12336.000,-997204321.339
12337.000,-997204321.339
12338.000,-997204400.463
12339.000,-997204400.463
12340.000,-997204400.463
12341.000,-997204400.463
12342.000,-997204400.463
12343.000,-997204400.463
12344.000,-997204321.339
12345.000,-997204321.339
12346.000,-997204400.463
12347.000,-997204400.463
12348.000,-997204400.463
12349.000,-997204479.587
12350.000,-997204400.463
12351.000,-997204400.463
12352.000,-997204400.463
12353.000,-997204321.339
12354.000,-997204321.339
12355.000,-997204400.463
12356.000,-997204400.463
12357.000,-997204400.463
12358.000,-997204400.463
12359.000,-997204400.463
12360.000,-997204400.463
12361.000,-997204321.339
12362.000,-997204321.339
12363.000,-997204400.463
12364.000,-997204400.463
12365.000,-997204400.463
12366.000,-997204400.463
12367.000,-997204400.463
12368.000,-997204400.463
12369.000,-997204400.463
12370.000,-997204321.339
12371.000,-997204400.463
12372.000,-997204400.463
12373.000,-997204400.463
12374.000,-997204400.463
12375.000,-997204400.463
12376.000,-997204400.463
12377.000,-997204400.463
12378.000,-997204321.339
12379.000,-997204400.463
12380.000,-997204400.463
12381.000,-997204400.463
12382.000,-997204400.463
12383.000,-997204400.463
12384.000,-997204400.463
12385.000,-997204321.339
12386.000,-997204321.339
12387.000,-997204321.339
12388.000,-997204400.463
12389.000,-997204400.463
12390.000,-997204400.463
12391.000,-997204400.463
12392.000,-997204400.463
12393.000,-997204400.463
12394.000,-997204321.339
12395.000,-997204321.339
12396.000,-997204400.463
12397.000,-997204400.463
12398.000,-997204400.463
12399.000,-997204479.587
12400.000,-997204400.463
12401.000,-997204400.463
12402.000,-997204321.339
12403.000,-997204321.339
12404.000,-997204321.339
12405.000,-997204400.463
12406.000,-997204400.463
12407.000,-997204479.587
12408.000,-997204479.587
12409.000,-997204400.463
12410.000,-997204400.463
12411.000,-997204321.339
12412.000,-997204321.339
12413.000,-997204400.463
12414.000,-997204400.463
12415.000,-997204400.463
12416.000,-997204400.463
12417.000,-997204400.463
12418.000,-997204400.463
12419.000,-997204400.463
12420.000,-997204321.339
12421.000,-997204321.339
12422.000,-997204400.463
12423.000,-997204400.463
12424.000,-997204400.463
12425.000,-997204400.463
12426.000,-997204400.463
12427.000,-997204400.463
12428.000,-997204400.463
12429.000,-997204400.463
12430.000,-997204400.463
12431.000,-997204400.463
12432.000,-997204400.463
12433.000,-997204400.463
12434.000,-997204400.463
12435.000,-997204400.463
12436.000,-997204400.463
12437.000,-997204400.463
12438.000,-997204400.463
12439.000,-997204400.463
12440.000,-997204400.463
12441.000,-997204400.463
12442.000,-997204400.463
12443.000,-997204400.463
12444.000,-997204400.463
12445.000,-997204400.463
12446.000,-997204400.463
12447.000,-997204400.463
12448.000,-997204400.463
12449.000,-997204400.463
12450.000,-997204400.463
12451.000,-997204400.463
12452.000,-997204321.339
12453.000,-997204321.339
12454.000,-997204400.463
12455.000,-997204400.463
12456.000,-997204400.463
12457.000,-997204400.463
12458.000,-997204400.463
12459.000,-997204400.463
12460.000,-997204321.339
12461.000,-997204321.339
12462.000,-997204400.463
12463.000,-997204400.463
12464.000,-997204400.463
12465.000,-997204400.463
12466.000,-997204400.463
12467.000,-997204400.463
12468.000,-997204400.463
12469.000,-997204321.339
12470.000,-997204321.339
12471.000,-997204400.463
12472.000,-997204400.463
12473.000,-997204400.463
12474.000,-997204400.463
12475.000,-997204400.463
12476.000,-997204400.463
12477.000,-997204321.339
12478.000,-997204321.339
12479.000,-997204321.339
12480.000,-997204400.463
12481.000,-997204400.463
12482.000,-997204400.463
12483.000,-997204400.463
12484.000,-997204400.463
12485.000,-997204400.463
12486.000,-997204321.339
12487.000,-997204321.339
12488.000,-997204400.463
12489.000,-997204400.463
12490.000,-997204400.463
12491.000,-997204400.463
12492.000,-997204400.463
12493.000,-997204400.463
12494.000,-997204400.463
12495.000,-997204400.463
12496.000,-997204400.463
12497.000,-997204400.463
12498.000,-997204400.463
12499.000,-997204400.463
12500.000,-997204400.463
12501.000,-997204400.463
12502.000,-997204400.463
12503.000,-997204400.463
12504.000,-997204400.463
12505.000,-997204400.463
12506.000,-997204400.463
12507.000,-997204400.463
12508.000,-997204400.463
12509.000,-997204400.463
12510.000,-997204321.339
12511.000,-997204321.339
12512.000,-997204400.463
12513.000,-997204400.463
12514.000,-997204400.463
12515.000,-997204400.463
12516.000,-997204716.959
12517.000,-997204637.835
12518.000,-997204637.835
12519.000,-997204637.835
12520.000,-997204637.835
12521.000,-997204716.959
12522.000,-997204716.959
12523.000,-997204716.959
12524.000,-997204716.959
12525.000,-997204716.959
12526.000,-997204716.959
12527.000,-997204637.835
12528.000,-997204637.835
12529.000,-997204716.959
12530.000,-997204716.959
12531.000,-997204716.959
12532.000,-997204796.083
12533.000,-997204796.083
12534.000,-997204716.959
12535.000,-997204716.959
12536.000,-997204637.835
12537.000,-997204716.959
12538.000,-997204716.959
12539.000,-997204716.959
12540.000,-997204796.083
12541.000,-997204796.083
12542.000,-997204796.083
12543.000,-997204716.959
12544.000,-997204716.959
12545.000,-997204716.959
12546.000,-997204716.959
12547.000,-997204716.959
12548.000,-997204716.959
12549.000,-997204796.083
12550.000,-997204796.083
12551.000,-997204716.959
12552.000,-997204716.959
12553.000,-997204716.959
12554.000,-997204716.959
12555.000,-997204716.959
12556.000,-997204716.959
12557.000,-997204796.083
12558.000,-997204716.959
12559.000,-997204716.959
12560.000,-997204716.959
12561.000,-997204716.959
12562.000,-997204716.959
12563.000,-997204716.959
12564.000,-997204796.083
12565.000,-997204796.083
12566.000,-997204796.083
12567.000,-997204716.959
12568.000,-997204716.959
12569.000,-997204716.959
12570.000,-997204716.959
12571.000,-997204716.959
12572.000,-997204796.083
12573.000,-997204796.083
12574.000,-997204796.083
12575.000,-997204716.959
12576.000,-997204716.959
12577.000,-997204716.959
12578.000,-997204716.959
12579.000,-997204716.959
12580.000,-997204796.083
12581.000,-997204796.083
12582.000,-997204796.083
12583.000,-997204796.083
12584.000,-997204716.959
12585.000,-997204716.959
12586.000,-997204716.959
12587.000,-997204716.959
12588.000,-997204716.959
12589.000,-997204796.083
12590.000,-997204796.083
12591.000,-997204796.083
12592.000,-997204796.083
12593.000,-997204716.959
12594.000,-997204716.959
12595.000,-997204716.959
12596.000,-997204716.959
12597.000,-997204796.083
12598.000,-997204796.083
12599.000,-997204796.083
12600.000,-997204796.083
12601.000,-997204796.083
12602.000,-997204716.959
12603.000,-997204716.959
12604.000,-997204716.959
12605.000,-997204716.959
12606.000,-997204796.083
12607.000,-997204796.083
12608.000,-997204796.083
12609.000,-997204796.083
12610.000,-997204716.959
12611.000,-997204716.959
12612.000,-997204716.959
12613.000,-997204716.959
12614.000,-997204796.083
12615.000,-997204796.083
12616.000,-997204796.083
12617.000,-997204796.083
12618.000,-997204716.959
12619.000,-997204716.959
12620.000,-997204716.959
12621.000,-997204716.959
12622.000,-997204796.083
12623.000,-997204796.083
12624.000,-997204796.083
12625.000,-997204796.083
12626.000,-997204796.083
12627.000,-997204716.959
12628.000,-997204716.959
12629.000,-997204716.959
12630.000,-997204716.959
12631.000,-997204796.083
12632.000,-997204796.083
12633.000,-997204796.083
12634.000,-997204796.083
12635.000,-997204716.959
12636.000,-997204716.959
12637.000,-997204716.959
12638.000,-997204716.959
12639.000,-997204796.083
12640.000,-997204796.083
12641.000,-997204796.083
12642.000,-997204796.083
12643.000,-997204716.959
12644.000,-997204716.959
12645.000,-997204716.959
12646.000,-997204716.959
12647.000,-997204796.083
12648.000,-997204796.083
12649.000,-997204796.083
12650.000,-997204796.083
12651.000,-997204796.083
12652.000,-997204716.959
12653.000,-997204716.959
12654.000,-997204716.959
12655.000,-997204716.959
12656.000,-997204796.083
12657.000,-997204796.083
12658.000,-997204796.083
12659.000,-997204796.083
12660.000,-997204716.959
12661.000,-997204716.959
12662.000,-997204716.959
12663.000,-997204716.959
12664.000,-997204796.083
12665.000,-997204796.083
12666.000,-997204796.083
12667.000,-997204796.083
12668.000,-997204796.083
12669.000,-997204716.959
12670.000,-997204716.959
12671.000,-997204716.959
12672.000,-997204716.959
12673.000,-997204796.083
12674.000,-997204796.083
12675.000,-997204796.083
12676.000,-997204796.083
12677.000,-997204796.083
12678.000,-997204716.959
12679.000,-997204716.959
12680.000,-997204716.959
12681.000,-997204796.083
12682.000,-997204796.083
12683.000,-997204796.083
12684.000,-997204796.083
12685.000,-997204796.083
12686.000,-997204716.959
12687.000,-997204716.959
12688.000,-997204716.959
12689.000,-997204796.083
12690.000,-997204796.083
12691.000,-997204796.083
12692.000,-997204796.083
12693.000,-997204716.959
12694.000,-997204716.959
12695.000,-997204716.959
12696.000,-997204716.959
12697.000,-997204796.083
12698.000,-997204796.083
12699.000,-997204796.083
12700.000,-997204796.083
12701.000,-997204796.083
12702.000,-997204716.959
12703.000,-997204716.959
12704.000,-997204716.959
12705.000,-997204796.083
12706.000,-997204796.083
12707.000,-997204796.083
12708.000,-997204796.083
12709.000,-997204796.083
12710.000,-997204716.959
12711.000,-997204716.959
12712.000,-997204716.959
12713.000,-997204716.959
12714.000,-997204796.083
12715.000,-997204796.083
12716.000,-997204796.083
12717.000,-997204796.083
12718.000,-997204796.083
12719.000,-997204716.959
12720.000,-997204716.959
12721.000,-997204716.959
12722.000,-997204796.083
12723.000,-997204796.083
12724.000,-997204796.083
12725.000,-997204796.083
12726.000,-997204796.083
12727.000,-997204796.083
12728.000,-997204716.959
12729.000,-997204716.959
12730.000,-997204716.959
12731.000,-997204796.083
12732.000,-997204796.083
12733.000,-997204796.083
12734.000,-997204796.083
12735.000,-997204796.083
12736.000,-997204716.959
12737.000,-997204716.959
12738.000,-997204796.083
12739.000,-997204796.083
12740.000,-997204796.083
12741.000,-997204796.083
12742.000,-997204796.083
12743.000,-997204796.083
12744.000,-997204716.959
12745.000,-997204716.959
12746.000,-997204716.959
12747.000,-997204796.083
12748.000,-997204796.083
12749.000,-997204796.083
12750.000,-997204796.083
12751.000,-997204796.083
12752.000,-997204716.959
12753.000,-997204716.959
12754.000,-997204716.959
12755.000,-997204796.083
12756.000,-997204796.083
12757.000,-997204796.083
12758.000,-997204796.083
12759.000,-997204796.083
12760.000,-997204716.959
12761.000,-997204716.959
12762.000,-997204716.959
12763.000,-997204716.959
12764.000,-997204796.083
12765.000,-997204796.083
12766.000,-997204796.083
12767.000,-997204796.083
12768.000,-997204796.083
12769.000,-997204716.959
12770.000,-997204716.959
12771.000,-997204716.959
12772.000,-997204716.959
12773.000,-997204796.083
12774.000,-997204796.083
12775.000,-997204796.083
12776.000,-997204796.083
12777.000,-997204796.083
12778.000,-997204716.959
12779.000,-997204716.959
12780.000,-997204716.959
12781.000,-997204796.083
12782.000,-997204796.083
12783.000,-997204796.083
12784.000,-997204796.083
12785.000,-997204796.083
12786.000,-997204716.959
12787.000,-997204716.959
12788.000,-997204716.959
12789.000,-997204796.083
12790.000,-997204796.083
12791.000,-997204796.083
12792.000,-997204796.083
12793.000,-997204796.083
12794.000,-997204796.083
12795.000,-997204716.959
12796.000,-997204716.959
12797.000,-997204796.083
12798.000,-997204796.083
12799.000,-997204796.083
12800.000,-997204796.083
12801.000,-997204796.083
12802.000,-997204796.083
12803.000,-997204716.959
12804.000,-997204716.959
12805.000,-997204796.083
12806.000,-997204796.083
12807.000,-997204796.083
12808.000,-997204796.083
12809.000,-997204796.083
12810.000,-997204796.083
12811.000,-997204716.959
12812.000,-997204716.959
12813.000,-997204796.083
12814.000,-997204796.083
12815.000,-997204796.083
12816.000,-997204796.083
12817.000,-997204796.083
12818.000,-997204796.083
12819.000,-997204716.959
12820.000,-997204716.959
12821.000,-997204716.959
12822.000,-997204796.083
12823.000,-997204796.083
12824.000,-997204796.083
12825.000,-997204796.083
12826.000,-997204796.083
12827.000,-997204716.959
12828.000,-997204716.959
12829.000,-997204716.959
12830.000,-997204796.083
12831.000,-997204796.083
12832.000,-997204796.083
12833.000,-997204796.083
12834.000,-997204796.083
12835.000,-997204796.083
12836.000,-997204716.959
12837.000,-997204716.959
12838.000,-997204716.959
12839.000,-997204796.083
12840.000,-997204796.083
12841.000,-997204796.083
12842.000,-997204796.083
12843.000,-997204796.083
12844.000,-997204796.083
12845.000,-997204716.959
12846.000,-997204716.959
12847.000,-997204716.959
12848.000,-997204796.083
12849.000,-997204796.083
12850.000,-997204796.083
12851.000,-997204796.083
12852.000,-997204796.083
12853.000,-997204716.959
12854.000,-997204716.959
12855.000,-997204716.959
12856.000,-997204796.083
12857.000,-997204796.083
12858.000,-997204796.083
12859.000,-997204796.083
12860.000,-997204796.083
12861.000,-997204796.083
12862.000,-997204716.959
12863.000,-997204796.083
12864.000,-997204796.083
12865.000,-997204796.083
12866.000,-997204796.083
12867.000,-997204796.083
12868.000,-997204796.083
12869.000,-997204716.959
12870.000,-997204716.959
12871.000,-997204796.083
12872.000,-997204796.083
12873.000,-997204796.083
12874.000,-997204796.083
12875.000,-997204796.083
12876.000,-997204796.083
12877.000,-997204716.959
12878.000,-997204716.959
12879.000,-997204716.959
12880.000,-997204796.083
12881.000,-997204796.083
12882.000,-997204796.083
12883.000,-997204796.083
12884.000,-997204796.083
12885.000,-997204796.083
12886.000,-997204716.959
12887.000,-997204716.959
12888.000,-997204716.959
12889.000,-997204796.083
12890.000,-997204796.083
12891.000,-997204875.206
12892.000,-997204796.083
12893.000,-997204796.083
12894.000,-997204716.959
12895.000,-997204716.959
12896.000,-997204716.959
12897.000,-997204716.959
12898.000,-997204796.083
12899.000,-997204796.083
12900.000,-997204796.083
12901.000,-997204796.083
12902.000,-997204796.083
12903.000,-997204716.959
12904.000,-997204716.959
12905.000,-997204716.959
12906.000,-997204796.083
12907.000,-997204796.083
12908.000,-997204796.083
12909.000,-997204796.083
12910.000,-997204796.083
12911.000,-997204796.083
12912.000,-997204716.959
12913.000,-997204796.083
12914.000,-997204796.083
12915.000,-997204796.083
12916.000,-997204796.083
12917.000,-997204796.083
12918.000,-997204796.083
12919.000,-997204796.083
12920.000,-997204796.083
12921.000,-997204796.083
12922.000,-997204796.083
12923.000,-997204796.083
12924.000,-997204796.083
12925.000,-997204796.083
12926.000,-997204796.083
12927.000,-997204796.083
12928.000,-997204716.959
12929.000,-997204796.083
12930.000,-997204796.083
12931.000,-997204796.083
12932.000,-997204796.083
12933.000,-997204796.083
12934.000,-997204796.083
12935.000,-997204796.083
12936.000,-997204716.959
12937.000,-997204716.959
12938.000,-997204796.083
12939.000,-997204796.083
12940.000,-997204796.083
12941.000,-997204796.083
12942.000,-997204796.083
12943.000,-997204796.083
12944.000,-997204716.959
12945.000,-997204716.959
12946.000,-997204716.959
12947.000,-997204796.083
12948.000,-997204796.083
12949.000,-997204796.083
12950.000,-997204796.083
12951.000,-997204796.083
12952.000,-997204716.959
12953.000,-997204716.959
12954.000,-997204716.959
12955.000,-997204796.083
12956.000,-997204796.083
12957.000,-997204796.083
12958.000,-997204796.083
12959.000,-997204796.083
12960.000,-997204796.083
12961.000,-997204716.959
12962.000,-997204716.959
12963.000,-997204796.083
12964.000,-997204796.083
12965.000,-997204796.083
12966.000,-997204796.083
12967.000,-997204796.083
12968.000,-997204796.083
12969.000,-997204796.083
12970.000,-997204716.959
12971.000,-997204716.959
12972.000,-997204796.083
12973.000,-997204796.083
12974.000,-997204796.083
12975.000,-997204796.083
12976.000,-997204796.083
12977.000,-997204796.083
12978.000,-997204716.959
12979.000,-997204716.959
12980.000,-997204796.083
12981.000,-997204796.083
12982.000,-997204796.083
12983.000,-997204796.083
12984.000,-997204796.083
12985.000,-997204796.083
12986.000,-997204716.959
12987.000,-997204716.959
12988.000,-997204796.083
12989.000,-997204796.083
12990.000,-997204796.083
12991.000,-997204796.083
12992.000,-997204796.083
12993.000,-997204796.083
12994.000,-997204716.959
12995.000,-997204716.959
12996.000,-997204796.083
12997.000,-997204796.083
12998.000,-997204796.083
12999.000,-997204796.083
13000.000,-997204796.083
13001.000,-997204796.083
13002.000,-997204716.959
13003.000,-997204716.959
13004.000,-997204716.959
13005.000,-997204796.083
13006.000,-997204796.083
13007.000,-997204796.083
13008.000,-997204796.083
13009.000,-997204796.083
13010.000,-997204796.083
13011.000,-997204716.959
13012.000,-997204716.959
13013.000,-997204716.959
13014.000,-997204796.083
13015.000,-997204796.083
13016.000,-997204558.711
13017.000,-997204558.711
13018.000,-997204479.587
13019.000,-997204479.587
13020.000,-997204400.463
13021.000,-997204400.463
13022.000,-997204479.587
13023.000,-997204479.587
13024.000,-997204479.587
13025.000,-997204479.587
13026.000,-997204479.587
13027.000,-997204400.463
13028.000,-997204400.463
13029.000,-997204400.463
13030.000,-997204400.463
13031.000,-997204479.587
13032.000,-997204479.587
13033.000,-997204479.587
13034.000,-997204479.587
13035.000,-997204479.587
13036.000,-997204400.463
13037.000,-997204400.463
13038.000,-997204400.463
13039.000,-997204479.587
13040.000,-997204479.587
13041.000,-997204479.587
13042.000,-997204479.587
13043.000,-997204400.463
13044.000,-997204400.463
13045.000,-997204400.463
13046.000,-997204400.463
13047.000,-997204479.587
13048.000,-997204479.587
13049.000,-997204479.587
13050.000,-997204479.587
13051.000,-997204400.463
13052.000,-997204400.463
13053.000,-997204400.463
13054.000,-997204400.463
13055.000,-997204400.463
13056.000,-997204479.587
13057.000,-997204479.587
13058.000,-997204479.587
13059.000,-997204479.587
13060.000,-997204400.463
13061.000,-997204400.463
13062.000,-997204400.463
13063.000,-997204400.463
13064.000,-997204479.587
13065.000,-997204479.587
13066.000,-997204479.587
13067.000,-997204479.587
13068.000,-997204400.463
13069.000,-997204400.463
13070.000,-997204400.463
13071.000,-997204400.463
13072.000,-997204400.463
13073.000,-997204479.587
13074.000,-997204479.587
13075.000,-997204479.587
13076.000,-997204400.463
13077.000,-997204400.463
13078.000,-997204400.463
13079.000,-997204400.463
13080.000,-997204400.463
13081.000,-997204479.587
13082.000,-997204479.587
13083.000,-997204479.587
13084.000,-997204479.587
13085.000,-997204400.463
13086.000,-997204400.463
13087.000,-997204400.463
13088.000,-997204400.463
13089.000,-997204400.463
13090.000,-997204479.587
13091.000,-997204479.587
13092.000,-997204479.587
13093.000,-997204400.463
13094.000,-997204400.463
13095.000,-997204321.339
13096.000,-997204400.463
13097.000,-997204400.463
13098.000,-997204479.587
13099.000,-997204479.587
13100.000,-997204479.587
13101.000,-997204400.463
13102.000,-997204400.463
13103.000,-997204321.339
13104.000,-997204400.463
13105.000,-997204400.463
13106.000,-997204479.587
13107.000,-997204479.587
13108.000,-997204479.587
13109.000,-997204479.587
13110.000,-997204400.463
13111.000,-997204321.339
13112.000,-997204321.339
13113.000,-997204400.463
13114.000,-997204400.463
13115.000,-997204479.587
13116.000,-997204479.587
13117.000,-997204479.587
13118.000,-997204400.463
13119.000,-997204400.463
13120.000,-997204321.339
13121.000,-997204321.339
13122.000,-997204400.463
13123.000,-997204479.587
13124.000,-997204479.587
13125.000,-997204479.587
13126.000,-997204400.463
13127.000,-997204400.463
13128.000,-997204321.339
13129.000,-997204321.339
13130.000,-997204400.463
13131.000,-997204400.463
13132.000,-997204479.587
13133.000,-997204479.587
13134.000,-997204479.587
13135.000,-997204400.463
13136.000,-997204400.463
13137.000,-997204321.339
13138.000,-997204400.463
13139.000,-997204400.463
13140.000,-997204479.587
13141.000,-997204479.587
13142.000,-997204479.587
13143.000,-997204400.463
13144.000,-997204400.463
13145.000,-997204321.339
13146.000,-997204400.463
13147.000,-997204400.463
13148.000,-997204400.463
13149.000,-997204479.587
13150.000,-997204479.587
13151.000,-997204400.463
13152.000,-997204400.463
13153.000,-997204321.339
13154.000,-997204321.339
13155.000,-997204400.463
13156.000,-997204400.463
13157.000,-997204479.587
13158.000,-997204479.587
13159.000,-997204400.463
13160.000,-997204400.463
13161.000,-997204400.463
13162.000,-997204321.339
13163.000,-997204400.463
13164.000,-997204400.463
13165.000,-997204479.587
13166.000,-997204479.587
13167.000,-997204479.587
13168.000,-997204400.463
13169.000,-997204400.463
13170.000,-997204321.339
13171.000,-997204400.463
13172.000,-997204400.463
13173.000,-997204400.463
13174.000,-997204479.587
13175.000,-997204479.587
13176.000,-997204400.463
13177.000,-997204400.463
13178.000,-997204321.339
13179.000,-997204400.463
13180.000,-997204400.463
13181.000,-997204400.463
13182.000,-997204479.587
13183.000,-997204479.587
13184.000,-997204400.463
13185.000,-997204400.463
13186.000,-997204321.339
13187.000,-997204321.339
13188.000,-997204400.463
13189.000,-997204400.463
13190.000,-997204479.587
13191.000,-997204479.587
13192.000,-997204400.463
13193.000,-997204400.463
13194.000,-997204321.339
13195.000,-997204321.339
13196.000,-997204321.339
13197.000,-997204400.463
13198.000,-997204479.587
13199.000,-997204479.587
13200.000,-997204479.587
13201.000,-997204400.463
13202.000,-997204400.463
13203.000,-997204321.339
13204.000,-997204321.339
13205.000,-997204400.463
13206.000,-997204400.463
13207.000,-997204479.587
13208.000,-997204479.587
13209.000,-997204479.587
13210.000,-997204400.463
13211.000,-997204321.339
13212.000,-997204321.339
13213.000,-997204400.463
13214.000,-997204400.463
13215.000,-997204479.587
13216.000,-997204479.587
13217.000,-997204479.587
13218.000,-997204400.463
13219.000,-997204400.463
13220.000,-997204321.339
13221.000,-997204321.339
13222.000,-997204400.463
13223.000,-997204400.463
13224.000,-997204479.587
13225.000,-997204479.587
13226.000,-997204400.463
13227.000,-997204400.463
13228.000,-997204321.339
13229.000,-997204321.339
13230.000,-997204400.463
13231.000,-997204400.463
13232.000,-997204479.587
13233.000,-997204479.587
13234.000,-997204400.463
13235.000,-997204400.463
13236.000,-997204321.339
13237.000,-997204321.339
13238.000,-997204400.463
13239.000,-997204400.463
13240.000,-997204479.587
13241.000,-997204479.587
13242.000,-997204400.463
13243.000,-997204400.463
13244.000,-997204400.463
13245.000,-997204321.339
13246.000,-997204321.339
13247.000,-997204400.463
13248.000,-997204400.463
13249.000,-997204479.587
13250.000,-997204479.587
13251.000,-997204400.463
13252.000,-997204400.463
13253.000,-997204321.339
13254.000,-997204321.339
13255.000,-997204400.463
13256.000,-997204400.463
13257.000,-997204479.587
13258.000,-997204479.587
13259.000,-997204400.463
13260.000,-997204400.463
13261.000,-997204321.339
13262.000,-997204321.339
13263.000,-997204400.463
13264.000,-997204400.463
13265.000,-997204400.463
13266.000,-997204479.587
13267.000,-997204400.463
13268.000,-997204400.463
13269.000,-997204400.463
13270.000,-997204321.339
13271.000,-997204321.339
13272.000,-997204400.463
13273.000,-997204400.463
13274.000,-997204479.587
13275.000,-997204479.587
13276.000,-997204400.463
13277.000,-997204400.463
13278.000,-997204321.339
13279.000,-997204321.339
13280.000,-997204400.463
13281.000,-997204400.463
13282.000,-997204479.587
13283.000,-997204479.587
13284.000,-997204400.463
13285.000,-997204400.463
13286.000,-997204400.463
13287.000,-997204321.339
13288.000,-997204400.463
13289.000,-997204400.463
13290.000,-997204400.463
13291.000,-997204400.463
13292.000,-997204400.463
13293.000,-997204400.463
13294.000,-997204400.463
13295.000,-997204321.339
13296.000,-997204400.463
13297.000,-997204400.463
13298.000,-997204400.463
13299.000,-997204479.587
13300.000,-997204400.463
13301.000,-997204400.463
13302.000,-997204321.339
13303.000,-997204321.339
13304.000,-997204321.339
13305.000,-997204400.463
13306.000,-997204400.463
13307.000,-997204479.587
13308.000,-997204479.587
13309.000,-997204400.463
13310.000,-997204400.463
13311.000,-997204321.339
13312.000,-997204321.339
13313.000,-997204400.463
13314.000,-997204400.463
13315.000,-997204479.587
13316.000,-997204479.587
13317.000,-997204400.463
13318.000,-997204400.463
13319.000,-997204321.339
13320.000,-997204321.339
13321.000,-997204321.339
13322.000,-997204400.463
13323.000,-997204400.463
13324.000,-997204479.587
13325.000,-997204479.587
13326.000,-997204400.463
13327.000,-997204400.463
13328.000,-997204321.339
13329.000,-997204321.339
13330.000,-997204400.463
13331.000,-997204400.463
13332.000,-997204479.587
13333.000,-997204479.587
13334.000,-997204400.463
13335.000,-997204400.463
13336.000,-997204321.339
13337.000,-997204321.339
13338.000,-997204321.339
13339.000,-997204400.463
13340.000,-997204400.463
13341.000,-997204479.587
13342.000,-997204400.463
13343.000,-997204400.463
13344.000,-997204400.463
13345.000,-997204321.339
13346.000,-997204400.463
13347.000,-997204400.463
13348.000,-997204400.463
13349.000,-997204400.463
13350.000,-997204400.463
13351.000,-997204400.463
13352.000,-997204400.463
13353.000,-997204321.339
13354.000,-997204400.463
13355.000,-997204400.463
13356.000,-997204400.463
13357.000,-997204400.463
13358.000,-997204400.463
13359.000,-997204400.463
13360.000,-997204400.463
13361.000,-997204321.339
13362.000,-997204321.339
13363.000,-997204400.463
13364.000,-997204400.463
13365.000,-997204479.587
13366.000,-997204479.587
13367.000,-997204400.463
13368.000,-997204400.463
13369.000,-997204321.339
13370.000,-997204321.339
13371.000,-997204321.339
13372.000,-997204400.463
13373.000,-997204400.463
13374.000,-997204479.587
13375.000,-997204400.463
13376.000,-997204400.463
13377.000,-997204321.339
13378.000,-997204321.339
13379.000,-997204321.339
13380.000,-997204400.463
13381.000,-997204400.463
13382.000,-997204479.587
13383.000,-997204479.587
13384.000,-997204400.463
13385.000,-997204400.463
13386.000,-997204321.339
13387.000,-997204321.339
13388.000,-997204321.339
13389.000,-997204400.463
13390.000,-997204400.463
13391.000,-997204479.587
13392.000,-997204400.463
13393.000,-997204400.463
13394.000,-997204400.463
13395.000,-997204321.339
13396.000,-997204321.339
13397.000,-997204400.463
13398.000,-997204400.463
13399.000,-997204400.463
13400.000,-997204400.463
13401.000,-997204400.463
13402.000,-997204400.463
13403.000,-997204400.463
13404.000,-997204400.463
13405.000,-997204400.463
13406.000,-997204400.463
13407.000,-997204400.463
13408.000,-997204400.463
13409.000,-997204400.463
13410.000,-997204400.463
13411.000,-997204400.463
13412.000,-997204400.463
13413.000,-997204400.463
13414.000,-997204400.463
13415.000,-997204400.463
13416.000,-997204400.463
13417.000,-997204400.463
13418.000,-997204400.463
13419.000,-997204321.339
13420.000,-997204321.339
13421.000,-997204400.463
13422.000,-997204400.463
13423.000,-997204479.587
13424.000,-997204400.463
13425.000,-997204400.463
13426.000,-997204400.463
13427.000,-997204321.339
13428.000,-997204321.339
13429.000,-997204400.463
13430.000,-997204400.463
13431.000,-997204479.587
13432.000,-997204479.587
13433.000,-997204400.463
13434.000,-997204400.463
13435.000,-997204321.339
13436.000,-997204321.339
13437.000,-997204321.339
13438.000,-997204400.463
13439.000,-997204400.463
13440.000,-997204479.587
13441.000,-997204479.587
13442.000,-997204400.463
13443.000,-997204400.463
13444.000,-997204321.339
13445.000,-997204321.339
13446.000,-997204321.339
13447.000,-997204400.463
13448.000,-997204400.463
13449.000,-997204479.587
13450.000,-997204400.463
13451.000,-997204400.463
13452.000,-997204321.339
13453.000,-997204321.339
13454.000,-997204321.339
13455.000,-997204400.463
13456.000,-997204400.463
13457.000,-997204400.463
13458.000,-997204400.463
13459.000,-997204400.463
13460.000,-997204400.463
13461.000,-997204321.339
13462.000,-997204321.339
13463.000,-997204400.463
13464.000,-997204400.463
13465.000,-997204400.463
13466.000,-997204479.587
13467.000,-997204400.463
13468.000,-997204400.463
13469.000,-997204321.339
13470.000,-997204321.339
13471.000,-997204400.463
13472.000,-997204400.463
13473.000,-997204400.463
13474.000,-997204479.587
13475.000,-997204400.463
13476.000,-997204400.463
13477.000,-997204321.339
13478.000,-997204321.339
13479.000,-997204321.339
13480.000,-997204400.463
13481.000,-997204400.463
13482.000,-997204479.587
13483.000,-997204400.463
13484.000,-997204400.463
13485.000,-997204400.463
13486.000,-997204321.339
13487.000,-997204321.339
13488.000,-997204400.463
13489.000,-997204400.463
13490.000,-997204479.587
13491.000,-997204479.587
13492.000,-997204400.463
13493.000,-997204400.463
13494.000,-997204321.339
13495.000,-997204321.339
13496.000,-997204321.339
13497.000,-997204400.463
13498.000,-997204400.463
13499.000,-997204479.587
13500.000,-997204400.463
13501.000,-997204400.463
13502.000,-997204321.339
13503.000,-997204321.339
13504.000,-997204321.339
13505.000,-997204400.463
13506.000,-997204400.463
13507.000,-997204400.463
13508.000,-997204400.463
13509.000,-997204400.463
13510.000,-997204400.463
13511.000,-997204321.339
13512.000,-997204321.339
13513.000,-997204400.463
13514.000,-997204400.463
13515.000,-997204400.463
13516.000,-997204716.959
13517.000,-997204716.959
13518.000,-997204637.835
13519.000,-997204637.835
13520.000,-997204637.835
13521.000,-997204637.835
13522.000,-997204716.959
13523.000,-997204716.959
13524.000,-997204716.959
13525.000,-997204716.959
13526.000,-997204716.959
13527.000,-997204716.959
13528.000,-997204637.835
13529.000,-997204716.959
13530.000,-997204716.959
13531.000,-997204716.959
13532.000,-997204796.083
13533.000,-997204796.083
13534.000,-997204716.959
13535.000,-997204716.959
13536.000,-997204637.835
13537.000,-997204716.959
13538.000,-997204716.959
13539.000,-997204796.083
13540.000,-997204796.083
13541.000,-997204796.083
13542.000,-997204716.959
13543.000,-997204716.959
13544.000,-997204637.835
13545.000,-997204637.835
13546.000,-997204716.959
13547.000,-997204716.959
13548.000,-997204796.083
13549.000,-997204796.083
13550.000,-997204796.083
13551.000,-997204716.959
13552.000,-997204716.959
13553.000,-997204637.835
13554.000,-997204716.959
13555.000,-997204716.959
13556.000,-997204796.083
13557.000,-997204796.083
13558.000,-997204796.083
13559.000,-997204796.083
13560.000,-997204716.959
13561.000,-997204716.959
13562.000,-997204637.835
13563.000,-997204716.959
13564.000,-997204716.959
13565.000,-997204796.083
13566.000,-997204796.083
13567.000,-997204796.083
13568.000,-997204716.959
13569.000,-997204716.959
13570.000,-997204716.959
13571.000,-997204716.959
13572.000,-997204716.959
13573.000,-997204796.083
13574.000,-997204796.083
13575.000,-997204796.083
13576.000,-997204796.083
13577.000,-997204716.959
13578.000,-997204716.959
13579.000,-997204716.959
13580.000,-997204716.959
13581.000,-997204796.083
13582.000,-997204796.083
13583.000,-997204796.083
13584.000,-997204796.083
13585.000,-997204716.959
13586.000,-997204716.959
13587.000,-997204716.959
13588.000,-997204716.959
13589.000,-997204796.083
13590.000,-997204796.083
13591.000,-997204796.083
13592.000,-997204796.083
13593.000,-997204716.959
13594.000,-997204716.959
13595.000,-997204716.959
13596.000,-997204716.959
13597.000,-997204796.083
13598.000,-997204796.083
13599.000,-997204796.083
13600.000,-997204796.083
13601.000,-997204716.959
13602.000,-997204716.959
13603.000,-997204716.959
13604.000,-997204716.959
13605.000,-997204716.959
13606.000,-997204796.083
13607.000,-997204796.083
13608.000,-997204796.083
13609.000,-997204796.083
13610.000,-997204716.959
13611.000,-997204716.959
13612.000,-997204716.959
13613.000,-997204716.959
13614.000,-997204796.083
13615.000,-997204796.083
13616.000,-997204796.083
13617.000,-997204796.083
13618.000,-997204796.083
13619.000,-997204716.959
13620.000,-997204716.959
13621.000,-997204716.959
13622.000,-997204716.959
13623.000,-997204796.083
13624.000,-997204796.083
13625.000,-997204796.083
13626.000,-997204796.083
13627.000,-997204716.959
13628.000,-997204716.959
13629.000,-997204716.959
13630.000,-997204716.959
13631.000,-997204796.083
13632.000,-997204796.083
13633.000,-997204796.083
13634.000,-997204796.083
13635.000,-997204716.959
13636.000,-997204716.959
13637.000,-997204716.959
13638.000,-997204716.959
13639.000,-997204796.083
13640.000,-997204796.083
13641.000,-997204796.083
13642.000,-997204796.083
13643.000,-997204716.959
13644.000,-997204716.959
13645.000,-997204716.959
13646.000,-997204716.959
13647.000,-997204796.083
13648.000,-997204796.083
13649.000,-997204796.083
13650.000,-997204796.083
13651.000,-997204716.959
13652.000,-997204716.959
13653.000,-997204716.959
13654.000,-997204716.959
13655.000,-997204796.083
13656.000,-997204796.083
13657.000,-997204796.083
13658.000,-997204796.083
13659.000,-997204796.083
13660.000,-997204716.959
13661.000,-997204716.959
13662.000,-997204716.959
13663.000,-997204716.959
13664.000,-997204796.083
13665.000,-997204796.083
13666.000,-997204796.083
13667.000,-997204796.083
13668.000,-997204716.959
13669.000,-997204716.959
13670.000,-997204716.959
13671.000,-997204716.959
13672.000,-997204796.083
13673.000,-997204796.083
13674.000,-997204796.083
13675.000,-997204796.083
13676.000,-997204796.083
13677.000,-997204716.959
13678.000,-997204716.959
13679.000,-997204716.959
13680.000,-997204716.959
13681.000,-997204796.083
13682.000,-997204796.083
13683.000,-997204796.083
13684.000,-997204796.083
13685.000,-997204796.083
13686.000,-997204716.959
13687.000,-997204716.959
13688.000,-997204716.959
13689.000,-997204796.083
13690.000,-997204796.083
13691.000,-997204796.083
13692.000,-997204796.083
13693.000,-997204796.083
13694.000,-997204716.959
13695.000,-997204716.959
13696.000,-997204716.959
13697.000,-997204716.959
13698.000,-997204796.083
13699.000,-997204796.083
13700.000,-997204796.083
13701.000,-997204796.083
13702.000,-997204716.959
13703.000,-997204716.959
13704.000,-997204716.959
13705.000,-997204796.083
13706.000,-997204796.083
13707.000,-997204796.083
13708.000,-997204796.083
13709.000,-997204796.083
13710.000,-997204716.959
13711.000,-997204716.959
13712.000,-997204716.959
13713.000,-997204796.083
13714.000,-997204796.083
13715.000,-997204796.083
13716.000,-997204796.083
13717.000,-997204796.083
13718.000,-997204716.959
13719.000,-997204716.959
13720.000,-997204716.959
13721.000,-997204716.959
13722.000,-997204796.083
13723.000,-997204796.083
13724.000,-997204796.083
13725.000,-997204796.083
13726.000,-997204796.083
13727.000,-997204716.959
13728.000,-997204716.959
13729.000,-997204716.959
13730.000,-997204796.083
13731.000,-997204796.083
13732.000,-997204796.083
13733.000,-997204796.083
13734.000,-997204796.083
13735.000,-997204716.959
13736.000,-997204716.959
13737.000,-997204716.959
13738.000,-997204716.959
13739.000,-997204796.083
13740.000,-997204796.083
13741.000,-997204796.083
13742.000,-997204796.083
13743.000,-997204796.083
13744.000,-997204716.959
13745.000,-997204716.959
13746.000,-997204716.959
13747.000,-997204716.959
13748.000,-997204796.083
13749.000,-997204796.083
13750.000,-997204796.083
13751.000,-997204796.083
13752.000,-997204796.083
13753.000,-997204716.959
13754.000,-997204716.959
13755.000,-997204716.959
13756.000,-997204796.083
13757.000,-997204796.083
13758.000,-997204796.083
13759.000,-997204796.083
13760.000,-997204796.083
13761.000,-997204716.959
13762.000,-997204716.959
13763.000,-997204796.083
13764.000,-997204796.083
13765.000,-997204796.083
13766.000,-997204796.083
13767.000,-997204796.083
13768.000,-997204796.083
13769.000,-997204716.959
13770.000,-997204716.959
13771.000,-997204796.083
13772.000,-997204796.083
13773.000,-997204796.083
13774.000,-997204796.083
13775.000,-997204796.083
13776.000,-997204796.083
13777.000,-997204716.959
13778.000,-997204716.959
13779.000,-997204716.959
13780.000,-997204796.083
13781.000,-997204796.083
13782.000,-997204796.083
13783.000,-997204796.083
13784.000,-997204796.083
13785.000,-997204716.959
13786.000,-997204716.959
13787.000,-997204716.959
13788.000,-997204716.959
13789.000,-997204796.083
13790.000,-997204796.083
13791.000,-997204796.083
13792.000,-997204796.083
13793.000,-997204796.083
13794.000,-997204716.959
13795.000,-997204716.959
13796.000,-997204716.959
13797.000,-997204796.083
13798.000,-997204796.083
13799.000,-997204796.083
13800.000,-997204796.083
13801.000,-997204796.083
13802.000,-997204796.083
13803.000,-997204716.959
13804.000,-997204716.959
13805.000,-997204716.959
13806.000,-997204796.083
13807.000,-997204796.083
13808.000,-997204796.083
13809.000,-997204796.083
13810.000,-997204796.083
13811.000,-997204716.959
13812.000,-997204716.959
13813.000,-997204716.959
13814.000,-997204796.083
13815.000,-997204796.083
13816.000,-997204796.083
13817.000,-997204796.083
13818.000,-997204796.083
13819.000,-997204716.959
13820.000,-997204716.959
13821.000,-997204716.959
13822.000,-997204796.083
13823.000,-997204796.083
13824.000,-997204796.083
13825.000,-997204796.083
13826.000,-997204796.083
13827.000,-997204796.083
13828.000,-997204716.959
13829.000,-997204716.959
13830.000,-997204796.083
13831.000,-997204796.083
13832.000,-997204796.083
13833.000,-997204796.083
13834.000,-997204796.083
13835.000,-997204796.083
13836.000,-997204716.959
13837.000,-997204716.959
13838.000,-997204716.959
13839.000,-997204796.083
13840.000,-997204796.083
13841.000,-997204796.083
13842.000,-997204796.083
13843.000,-997204796.083
13844.000,-997204716.959
13845.000,-997204716.959
13846.000,-997204716.959
13847.000,-997204796.083
13848.000,-997204796.083
13849.000,-997204796.083
13850.000,-997204796.083
13851.000,-997204796.083
13852.000,-997204716.959
13853.000,-997204716.959
13854.000,-997204716.959
13855.000,-997204796.083
13856.000,-997204796.083
13857.000,-997204796.083
13858.000,-997204796.083
13859.000,-997204796.083
13860.000,-997204796.083
13861.000,-997204716.959
13862.000,-997204716.959
13863.000,-997204796.083
13864.000,-997204796.083
13865.000,-997204796.083
13866.000,-997204796.083
13867.000,-997204796.083
13868.000,-997204796.083
13869.000,-997204716.959
13870.000,-997204716.959
13871.000,-997204716.959
13872.000,-997204796.083
13873.000,-997204796.083
13874.000,-997204796.083
13875.000,-997204796.083
13876.000,-997204796.083
13877.000,-997204716.959
13878.000,-997204716.959
13879.000,-997204716.959
13880.000,-997204796.083
13881.000,-997204796.083
13882.000,-997204796.083
13883.000,-997204796.083
13884.000,-997204796.083
13885.000,-997204796.083
13886.000,-997204716.959
13887.000,-997204716.959
13888.000,-997204796.083
13889.000,-997204796.083
13890.000,-997204796.083
13891.000,-997204796.083
13892.000,-997204796.083
13893.000,-997204796.083
13894.000,-997204716.959
13895.000,-997204716.959
13896.000,-997204796.083
13897.000,-997204796.083
13898.000,-997204796.083
13899.000,-997204796.083
13900.000,-997204796.083
13901.000,-997204796.083
13902.000,-997204716.959
13903.000,-997204716.959
13904.000,-997204716.959
13905.000,-997204796.083
13906.000,-997204796.083
13907.000,-997204796.083
13908.000,-997204796.083
13909.000,-997204796.083
13910.000,-997204716.959
13911.000,-997204716.959
13912.000,-997204716.959
13913.000,-997204716.959
13914.000,-997204796.083
13915.000,-997204796.083
13916.000,-997204796.083
13917.000,-997204796.083
13918.000,-997204796.083
13919.000,-997204716.959
13920.000,-997204716.959
13921.000,-997204716.959
13922.000,-997204796.083
13923.000,-997204796.083
13924.000,-997204796.083
13925.000,-997204796.083
13926.000,-997204796.083
13927.000,-997204716.959
13928.000,-997204716.959
13929.000,-997204716.959
13930.000,-997204796.083
13931.000,-997204796.083
13932.000,-997204796.083
13933.000,-997204796.083
13934.000,-997204796.083
13935.000,-997204796.083
13936.000,-997204716.959
13937.000,-997204716.959
13938.000,-997204796.083
13939.000,-997204796.083
13940.000,-997204796.083
13941.000,-997204796.083
13942.000,-997204796.083
13943.000,-997204796.083
13944.000,-997204716.959
13945.000,-997204716.959
13946.000,-997204716.959
13947.000,-997204796.083
13948.000,-997204796.083
13949.000,-997204796.083
13950.000,-997204796.083
13951.000,-997204796.083
13952.000,-997204716.959
13953.000,-997204716.959
13954.000,-997204716.959
13955.000,-997204796.083
13956.000,-997204796.083
13957.000,-997204796.083
13958.000,-997204796.083
13959.000,-997204796.083
13960.000,-997204796.083
13961.000,-997204716.959
13962.000,-997204716.959
13963.000,-997204716.959
13964.000,-997204796.083
13965.000,-997204796.083
13966.000,-997204796.083
13967.000,-997204796.083
13968.000,-997204796.083
13969.000,-997204716.959
13970.000,-997204716.959
13971.000,-997204716.959
13972.000,-997204796.083
13973.000,-997204796.083
13974.000,-997204796.083
13975.000,-997204796.083
13976.000,-997204796.083
13977.000,-997204716.959
13978.000,-997204716.959
13979.000,-997204716.959
13980.000,-997204796.083
13981.000,-997204796.083
13982.000,-997204796.083
13983.000,-997204796.083
13984.000,-997204796.083
13985.000,-997204796.083
13986.000,-997204716.959
13987.000,-997204716.959
13988.000,-997204716.959
13989.000,-997204796.083
13990.000,-997204796.083
13991.000,-997204796.083
13992.000,-997204796.083
13993.000,-997204796.083
13994.000,-997204716.959
13995.000,-997204716.959
13996.000,-997204716.959
13997.000,-997204796.083
13998.000,-997204796.083
13999.000,-997204796.083
14000.000,-997204796.083
14001.000,-997204796.083
14002.000,-997204796.083
14003.000,-997204716.959
14004.000,-997204716.959
14005.000,-997204796.083
14006.000,-997204796.083
14007.000,-997204796.083
14008.000,-997204796.083
14009.000,-997204796.083
14010.000,-997204796.083
14011.000,-997204716.959
14012.000,-997204716.959
14013.000,-997204796.083
14014.000,-997204796.083
14015.000,-997204796.083
14016.000,-997204558.711
14017.000,-997204558.711
14018.000,-997204479.587
14019.000,-997204479.587
14020.000,-997204400.463
14021.000,-997204479.587
14022.000,-997204479.587
14023.000,-997204479.587
14024.000,-997204479.587
14025.000,-997204479.587
14026.000,-997204479.587
14027.000,-997204400.463
14028.000,-997204400.463
14029.000,-997204400.463
14030.000,-997204400.463
14031.000,-997204479.587
14032.000,-997204479.587
14033.000,-997204479.587
14034.000,-997204479.587
14035.000,-997204400.463
14036.000,-997204400.463
14037.000,-997204400.463
14038.000,-997204400.463
14039.000,-997204479.587
14040.000,-997204479.587
14041.000,-997204479.587
14042.000,-997204479.587
14043.000,-997204400.463
14044.000,-997204400.463
14045.000,-997204400.463
14046.000,-997204400.463
14047.000,-997204400.463
14048.000,-997204479.587
14049.000,-997204479.587
14050.000,-997204479.587
14051.000,-997204479.587
14052.000,-997204400.463
14053.000,-997204400.463
14054.000,-997204400.463
14055.000,-997204400.463
14056.000,-997204400.463
14057.000,-997204479.587
14058.000,-997204479.587
14059.000,-997204479.587
14060.000,-997204400.463
14061.000,-997204400.463
14062.000,-997204400.463
14063.000,-997204400.463
14064.000,-997204400.463
14065.000,-997204400.463
14066.000,-997204479.587
14067.000,-997204479.587
14068.000,-997204400.463
14069.000,-997204400.463
14070.000,-997204400.463
14071.000,-997204400.463
14072.000,-997204400.463
14073.000,-997204400.463
14074.000,-997204479.587
14075.000,-997204479.587
14076.000,-997204400.463
14077.000,-997204400.463
14078.000,-997204400.463
14079.000,-997204400.463
14080.000,-997204400.463
14081.000,-997204400.463
14082.000,-997204479.587
14083.000,-997204479.587
14084.000,-997204400.463
14085.000,-997204400.463
14086.000,-997204400.463
14087.000,-997204400.463
14088.000,-997204400.463
14089.000,-997204400.463
14090.000,-997204479.587
14091.000,-997204479.587
14092.000,-997204479.587
14093.000,-997204400.463
14094.000,-997204400.463
14095.000,-997204400.463
14096.000,-997204400.463
14097.000,-997204400.463
14098.000,-997204479.587
14099.000,-997204479.587
14100.000,-997204479.587
14101.000,-997204400.463
14102.000,-997204400.463
14103.000,-997204400.463
14104.000,-997204400.463
14105.000,-997204400.463
14106.000,-997204400.463
14107.000,-997204479.587
14108.000,-997204479.587
14109.000,-997204400.463
14110.000,-997204400.463
14111.000,-997204400.463
14112.000,-997204400.463
14113.000,-997204400.463
14114.000,-997204400.463
14115.000,-997204400.463
14116.000,-997204479.587
14117.000,-997204400.463
14118.000,-997204400.463
14119.000,-997204400.463
14120.000,-997204400.463
14121.000,-997204400.463
14122.000,-997204400.463
14123.000,-997204400.463
14124.000,-997204479.587
14125.000,-997204479.587
14126.000,-997204400.463
14127.000,-997204400.463
14128.000,-997204400.463
14129.000,-997204400.463
14130.000,-997204400.463
14131.000,-997204400.463
14132.000,-997204400.463
14133.000,-997204400.463
14134.000,-997204400.463
14135.000,-997204400.463
14136.000,-997204400.463
14137.000,-997204400.463
14138.000,-997204400.463
14139.000,-997204400.463
14140.000,-997204400.463
14141.000,-997204479.587
14142.000,-997204400.463
14143.000,-997204400.463
14144.000,-997204400.463
14145.000,-997204321.339
14146.000,-997204400.463
14147.000,-997204400.463
14148.000,-997204400.463
14149.000,-997204479.587
14150.000,-997204479.587
14151.000,-997204400.463
14152.000,-997204400.463
14153.000,-997204321.339
14154.000,-997204321.339
14155.000,-997204400.463
14156.000,-997204400.463
14157.000,-997204479.587
14158.000,-997204479.587
14159.000,-997204400.463
14160.000,-997204400.463
14161.000,-997204321.339
14162.000,-997204321.339
14163.000,-997204400.463
14164.000,-997204400.463
14165.000,-997204400.463
14166.000,-997204479.587
14167.000,-997204479.587
14168.000,-997204400.463
14169.000,-997204400.463
14170.000,-997204321.339
14171.000,-997204321.339
14172.000,-997204400.463
14173.000,-997204400.463
14174.000,-997204479.587
14175.000,-997204479.587
14176.000,-997204400.463
14177.000,-997204400.463
14178.000,-997204321.339
14179.000,-997204321.339
14180.000,-997204321.339
14181.000,-997204400.463
14182.000,-997204400.463
14183.000,-997204479.587
14184.000,-997204400.463
14185.000,-997204400.463
14186.000,-997204400.463
14187.000,-997204400.463
14188.000,-997204321.339
14189.000,-997204400.463
14190.000,-997204400.463
14191.000,-997204400.463
14192.000,-997204400.463
14193.000,-997204400.463
14194.000,-997204400.463
14195.000,-997204400.463
14196.000,-997204400.463
14197.000,-997204400.463
14198.000,-997204400.463
14199.000,-997204400.463
14200.000,-997204400.463
14201.000,-997204400.463
14202.000,-997204400.463
14203.000,-997204400.463
14204.000,-997204400.463
14205.000,-997204400.463
14206.000,-997204400.463
14207.000,-997204400.463
14208.000,-997204400.463
14209.000,-997204400.463
14210.000,-997204400.463
14211.000,-997204321.339
14212.000,-997204321.339
14213.000,-997204400.463
14214.000,-997204400.463
14215.000,-997204400.463
14216.000,-997204479.587
14217.000,-997204400.463
14218.000,-997204400.463
14219.000,-997204321.339
14220.000,-997204321.339
14221.000,-997204321.339
14222.000,-997204400.463
14223.000,-997204400.463
14224.000,-997204479.587
14225.000,-997204479.587
14226.000,-997204400.463
14227.000,-997204400.463
14228.000,-997204321.339
14229.000,-997204321.339
14230.000,-997204400.463
14231.000,-997204400.463
14232.000,-997204479.587
14233.000,-997204479.587
14234.000,-997204400.463
14235.000,-997204400.463
14236.000,-997204321.339
14237.000,-997204321.339
14238.000,-997204321.339
14239.000,-997204400.463
14240.000,-997204400.463
14241.000,-997204479.587
14242.000,-997204400.463
14243.000,-997204400.463
14244.000,-997204400.463
14245.000,-997204321.339
14246.000,-997204321.339
14247.000,-997204400.463
14248.000,-997204400.463
14249.000,-997204400.463
14250.000,-997204400.463
14251.000,-997204400.463
14252.000,-997204400.463
14253.000,-997204400.463
14254.000,-997204321.339
14255.000,-997204400.463
14256.000,-997204400.463
14257.000,-997204400.463
14258.000,-997204400.463
14259.000,-997204400.463
14260.000,-997204400.463
14261.000,-997204321.339
14262.000,-997204321.339
14263.000,-997204400.463
14264.000,-997204400.463
14265.000,-997204400.463
14266.000,-997204400.463
14267.000,-997204400.463
14268.000,-997204400.463
14269.000,-997204321.339
14270.000,-997204321.339
14271.000,-997204321.339
14272.000,-997204400.463
14273.000,-997204400.463
14274.000,-997204479.587
14275.000,-997204400.463
14276.000,-997204400.463
14277.000,-997204400.463
14278.000,-997204321.339
14279.000,-997204321.339
14280.000,-997204400.463
14281.000,-997204400.463
14282.000,-997204400.463
14283.000,-997204479.587
14284.000,-997204400.463
14285.000,-997204400.463
14286.000,-997204321.339
14287.000,-997204321.339
14288.000,-997204321.339
14289.000,-997204400.463
14290.000,-997204400.463
14291.000,-997204479.587
14292.000,-997204400.463
14293.000,-997204400.463
14294.000,-997204400.463
14295.000,-997204321.339
14296.000,-997204321.339
14297.000,-997204400.463
14298.000,-997204400.463
14299.000,-997204400.463
14300.000,-997204400.463
14301.000,-997204400.463
14302.000,-997204400.463
14303.000,-997204400.463
14304.000,-997204321.339
14305.000,-997204400.463
14306.000,-997204400.463
14307.000,-997204400.463
14308.000,-997204400.463
14309.000,-997204400.463
14310.000,-997204400.463
14311.000,-997204400.463
14312.000,-997204321.339
14313.000,-997204400.463
14314.000,-997204400.463
14315.000,-997204400.463
14316.000,-997204400.463
14317.000,-997204400.463
14318.000,-997204400.463
14319.000,-997204400.463
14320.000,-997204321.339
14321.000,-997204400.463
14322.000,-997204400.463
14323.000,-997204400.463
14324.000,-997204400.463
14325.000,-997204400.463
14326.000,-997204400.463
14327.000,-997204400.463
14328.000,-997204321.339
14329.000,-997204321.339
14330.000,-997204400.463
14331.000,-997204400.463
14332.000,-997204400.463
14333.000,-997204400.463
14334.000,-997204400.463
14335.000,-997204400.463
14336.000,-997204321.339
14337.000,-997204321.339
14338.000,-997204400.463
14339.000,-997204400.463
14340.000,-997204400.463
14341.000,-997204479.587
14342.000,-997204400.463
14343.000,-997204400.463
14344.000,-997204321.339
14345.000,-997204321.339
14346.000,-997204321.339
14347.000,-997204400.463
14348.000,-997204400.463
14349.000,-997204479.587
14350.000,-997204400.463
14351.000,-997204400.463
14352.000,-997204400.463
14353.000,-997204321.339
14354.000,-997204321.339
14355.000,-997204400.463
14356.000,-997204400.463
14357.000,-997204400.463
14358.000,-997204400.463
14359.000,-997204400.463
14360.000,-997204400.463
14361.000,-997204321.339
14362.000,-997204321.339
14363.000,-997204321.339
14364.000,-997204400.463
14365.000,-997204400.463
14366.000,-997204479.587
14367.000,-997204400.463
14368.000,-997204400.463
14369.000,-997204321.339
14370.000,-997204321.339
14371.000,-997204321.339
14372.000,-997204400.463
14373.000,-997204400.463
14374.000,-997204400.463
14375.000,-997204400.463
14376.000,-997204400.463
14377.000,-997204400.463
14378.000,-997204321.339
14379.000,-997204321.339
14380.000,-997204400.463
14381.000,-997204400.463
14382.000,-997204479.587
14383.000,-997204400.463
14384.000,-997204400.463
14385.000,-997204400.463
14386.000,-997204321.339
14387.000,-997204321.339
14388.000,-997204400.463
14389.000,-997204400.463
14390.000,-997204479.587
14391.000,-997204479.587
14392.000,-997204400.463
14393.000,-997204400.463
14394.000,-997204321.339
14395.000,-997204321.339
14396.000,-997204321.339
14397.000,-997204400.463
14398.000,-997204400.463
14399.000,-997204479.587
14400.000,-997204479.587
14401.000,-997204400.463
14402.000,-997204400.463
14403.000,-997204321.339
14404.000,-997204321.339
14405.000,-997204321.339
14406.000,-997204400.463
14407.000,-997204479.587
14408.000,-997204479.587
14409.000,-997204400.463
14410.000,-997204400.463
14411.000,-997204321.339
14412.000,-997204321.339
14413.000,-997204321.339
14414.000,-997204400.463
14415.000,-997204400.463
14416.000,-997204479.587
14417.000,-997204400.463
14418.000,-997204400.463
14419.000,-997204400.463
14420.000,-997204321.339
14421.000,-997204321.339
14422.000,-997204400.463
14423.000,-997204400.463
14424.000,-997204400.463
14425.000,-997204400.463
14426.000,-997204400.463
14427.000,-997204400.463
14428.000,-997204321.339
14429.000,-997204321.339
14430.000,-997204400.463
14431.000,-997204400.463
14432.000,-997204400.463
14433.000,-997204400.463
14434.000,-997204400.463
14435.000,-997204400.463
14436.000,-997204321.339
14437.000,-997204321.339
14438.000,-997204400.463
14439.000,-997204400.463
14440.000,-997204400.463
14441.000,-997204479.587
14442.000,-997204400.463
14443.000,-997204400.463
14444.000,-997204321.339
14445.000,-997204321.339
14446.000,-997204321.339
14447.000,-997204400.463
14448.000,-997204400.463
14449.000,-997204479.587
14450.000,-997204479.587
14451.000,-997204400.463
14452.000,-997204321.339
14453.000,-997204321.339
14454.000,-997204321.339
14455.000,-997204400.463
14456.000,-997204400.463
14457.000,-997204479.587
14458.000,-997204479.587
14459.000,-997204400.463
14460.000,-997204400.463
14461.000,-997204321.339
14462.000,-997204321.339
14463.000,-997204321.339
14464.000,-997204400.463
14465.000,-997204400.463
14466.000,-997204479.587
14467.000,-997204479.587
14468.000,-997204400.463
14469.000,-997204321.339
14470.000,-997204321.339
14471.000,-997204321.339
14472.000,-997204400.463
14473.000,-997204400.463
14474.000,-997204479.587
14475.000,-997204400.463
14476.000,-997204400.463
14477.000,-997204400.463
14478.000,-997204321.339
14479.000,-997204321.339
14480.000,-997204321.339
14481.000,-997204400.463
14482.000,-997204400.463
14483.000,-997204400.463
14484.000,-997204400.463
14485.000,-997204400.463
14486.000,-997204321.339
14487.000,-997204321.339
14488.000,-997204321.339
14489.000,-997204400.463
14490.000,-997204400.463
14491.000,-997204479.587
14492.000,-997204400.463
14493.000,-997204400.463
14494.000,-997204321.339
14495.000,-997204321.339
14496.000,-997204321.339
14497.000,-997204400.463
14498.000,-997204400.463
14499.000,-997204479.587
14500.000,-997204400.463
14501.000,-997204400.463
14502.000,-997204321.339
14503.000,-997204321.339
14504.000,-997204321.339
14505.000,-997204400.463
14506.000,-997204400.463
14507.000,-997204479.587
14508.000,-997204479.587
14509.000,-997204400.463
14510.000,-997204400.463
14511.000,-997204321.339
14512.000,-997204321.339
14513.000,-997204321.339
14514.000,-997204400.463
14515.000,-997204400.463
14516.000,-997204796.083
14517.000,-997204716.959
14518.000,-997204637.835
14519.000,-997204637.835
14520.000,-997204637.835
14521.000,-997204637.835
14522.000,-997204637.835
14523.000,-997204716.959
14524.000,-997204796.083
14525.000,-997204796.083
14526.000,-997204716.959
14527.000,-997204716.959
14528.000,-997204637.835
14529.000,-997204637.835
14530.000,-997204716.959
14531.000,-997204716.959
14532.000,-997204796.083
14533.000,-997204796.083
14534.000,-997204796.083
14535.000,-997204716.959
14536.000,-997204716.959
14537.000,-997204637.835
14538.000,-997204637.835
14539.000,-997204716.959
14540.000,-997204796.083
14541.000,-997204796.083
14542.000,-997204796.083
14543.000,-997204716.959
14544.000,-997204716.959
14545.000,-997204716.959
14546.000,-997204716.959
14547.000,-997204716.959
14548.000,-997204716.959
14549.000,-997204796.083
14550.000,-997204796.083
14551.000,-997204716.959
14552.000,-997204716.959
14553.000,-997204716.959
14554.000,-997204716.959
14555.000,-997204716.959
14556.000,-997204796.083
14557.000,-997204796.083
14558.000,-997204796.083
14559.000,-997204796.083
14560.000,-997204716.959
14561.000,-997204716.959
14562.000,-997204716.959
14563.000,-997204716.959
14564.000,-997204796.083
14565.000,-997204796.083
14566.000,-997204796.083
14567.000,-997204796.083
14568.000,-997204716.959
14569.000,-997204716.959
14570.000,-997204716.959
14571.000,-997204716.959
14572.000,-997204716.959
14573.000,-997204796.083
14574.000,-997204796.083
14575.000,-997204796.083
14576.000,-997204796.083
14577.000,-997204716.959
14578.000,-997204716.959
14579.000,-997204716.959
14580.000,-997204716.959
14581.000,-997204796.083
14582.000,-997204796.083
14583.000,-997204796.083
14584.000,-997204796.083
14585.000,-997204716.959
14586.000,-997204716.959
14587.000,-997204716.959
14588.000,-997204716.959
14589.000,-997204716.959
14590.000,-997204796.083
14591.000,-997204796.083
14592.000,-997204796.083
14593.000,-997204796.083
14594.000,-997204716.959
14595.000,-997204716.959
14596.000,-997204716.959
14597.000,-997204716.959
14598.000,-997204796.083
14599.000,-997204796.083
14600.000,-997204796.083
14601.000,-997204796.083
14602.000,-997204716.959
14603.000,-997204716.959
14604.000,-997204716.959
14605.000,-997204716.959
14606.000,-997204796.083
14607.000,-997204796.083
14608.000,-997204796.083
14609.000,-997204796.083
14610.000,-997204716.959
14611.000,-997204716.959
14612.000,-997204716.959
14613.000,-997204716.959
14614.000,-997204796.083
14615.000,-997204796.083
14616.000,-997204796.083
14617.000,-997204796.083
14618.000,-997204716.959
14619.000,-997204716.959
14620.000,-997204716.959
14621.000,-997204716.959
14622.000,-997204716.959
14623.000,-997204796.083
14624.000,-997204796.083
14625.000,-997204796.083
14626.000,-997204796.083
14627.000,-997204716.959
14628.000,-997204716.959
14629.000,-997204716.959
14630.000,-997204716.959
14631.000,-997204796.083
14632.000,-997204796.083
14633.000,-997204796.083
14634.000,-997204796.083
14635.000,-997204716.959
14636.000,-997204716.959
14637.000,-997204716.959
14638.000,-997204716.959
14639.000,-997204796.083
14640.000,-997204796.083
14641.000,-997204796.083
14642.000,-997204796.083
14643.000,-997204796.083
14644.000,-997204716.959
14645.000,-997204716.959
14646.000,-997204716.959
14647.000,-997204716.959
14648.000,-997204796.083
14649.000,-997204796.083
14650.000,-997204796.083
14651.000,-997204796.083
14652.000,-997204716.959
14653.000,-997204716.959
14654.000,-997204716.959
14655.000,-997204716.959
14656.000,-997204796.083
14657.000,-997204796.083
14658.000,-997204796.083
14659.000,-997204796.083
14660.000,-997204716.959
14661.000,-997204716.959
14662.000,-997204716.959
14663.000,-997204716.959
14664.000,-997204796.083
14665.000,-997204796.083
14666.000,-997204796.083
14667.000,-997204796.083
14668.000,-997204796.083
14669.000,-997204716.959
14670.000,-997204716.959
14671.000,-997204716.959
14672.000,-997204716.959
14673.000,-997204796.083
14674.000,-997204796.083
14675.000,-997204796.083
14676.000,-997204796.083
14677.000,-997204716.959
14678.000,-997204716.959
14679.000,-997204716.959
14680.000,-997204716.959
14681.000,-997204796.083
14682.000,-997204796.083
14683.000,-997204796.083
14684.000,-997204796.083
14685.000,-997204716.959
14686.000,-997204716.959
14687.000,-997204716.959
14688.000,-997204716.959
14689.000,-997204796.083
14690.000,-997204796.083
14691.000,-997204796.083
14692.000,-997204796.083
14693.000,-997204796.083
14694.000,-997204716.959
14695.000,-997204716.959
14696.000,-997204716.959
14697.000,-997204796.083
14698.000,-997204796.083
14699.000,-997204796.083
14700.000,-997204796.083
14701.000,-997204796.083
14702.000,-997204716.959
14703.000,-997204716.959
14704.000,-997204716.959
14705.000,-997204796.083
14706.000,-997204796.083
14707.000,-997204796.083
14708.000,-997204796.083
14709.000,-997204796.083
14710.000,-997204716.959
14711.000,-997204716.959
14712.000,-997204716.959
14713.000,-997204716.959
14714.000,-997204796.083
14715.000,-997204796.083
14716.000,-997204796.083
14717.000,-997204796.083
14718.000,-997204796.083
14719.000,-997204716.959
14720.000,-997204716.959
14721.000,-997204716.959
14722.000,-997204796.083
14723.000,-997204796.083
14724.000,-997204796.083
14725.000,-997204796.083
14726.000,-997204796.083
14727.000,-997204716.959
14728.000,-997204716.959
14729.000,-997204716.959
14730.000,-997204716.959
14731.000,-997204796.083
14732.000,-997204796.083
14733.000,-997204796.083
14734.000,-997204796.083
14735.000,-997204716.959
14736.000,-997204716.959
14737.000,-997204716.959
14738.000,-997204716.959
14739.000,-997204796.083
14740.000,-997204796.083
14741.000,-997204796.083
14742.000,-997204796.083
14743.000,-997204796.083
14744.000,-997204716.959
14745.000,-997204716.959
14746.000,-997204716.959
14747.000,-997204796.083
14748.000,-997204796.083
14749.000,-997204796.083
14750.000,-997204796.083
14751.000,-997204796.083
14752.000,-997204716.959
14753.000,-997204716.959
14754.000,-997204716.959
14755.000,-997204716.959
14756.000,-997204796.083
14757.000,-997204796.083
14758.000,-997204796.083
14759.000,-997204796.083
14760.000,-997204796.083
14761.000,-997204716.959
14762.000,-997204716.959
14763.000,-997204716.959
14764.000,-997204796.083
14765.000,-997204796.083
14766.000,-997204796.083
14767.000,-997204796.083
14768.000,-997204796.083
14769.000,-997204716.959
14770.000,-997204716.959
14771.000,-997204716.959
14772.000,-997204796.083
14773.000,-997204796.083
14774.000,-997204796.083
14775.000,-997204796.083
14776.000,-997204796.083
14777.000,-997204716.959
14778.000,-997204716.959
14779.000,-997204716.959
14780.000,-997204796.083
14781.000,-997204796.083
14782.000,-997204796.083
14783.000,-997204796.083
14784.000,-997204796.083
14785.000,-997204716.959
14786.000,-997204716.959
14787.000,-997204716.959
14788.000,-997204796.083
14789.000,-997204796.083
14790.000,-997204796.083
14791.000,-997204796.083
14792.000,-997204796.083
14793.000,-997204716.959
14794.000,-997204716.959
14795.000,-997204716.959
14796.000,-997204716.959
14797.000,-997204796.083
14798.000,-997204796.083
14799.000,-997204796.083
14800.000,-997204796.083
14801.000,-997204796.083
14802.000,-997204716.959
14803.000,-997204716.959
14804.000,-997204716.959
14805.000,-997204796.083
14806.000,-997204796.083
14807.000,-997204796.083
14808.000,-997204796.083
14809.000,-997204796.083
14810.000,-997204716.959
14811.000,-997204716.959
14812.000,-997204716.959
14813.000,-997204796.083
14814.000,-997204796.083
14815.000,-997204796.083
14816.000,-997204796.083
14817.000,-997204796.083
14818.000,-997204796.083
14819.000,-997204716.959
14820.000,-997204716.959
14821.000,-997204716.959
14822.000,-997204796.083
14823.000,-997204796.083
14824.000,-997204796.083
14825.000,-997204796.083
14826.000,-997204796.083
14827.000,-997204716.959
14828.000,-997204716.959
14829.000,-997204716.959
14830.000,-997204796.083
14831.000,-997204796.083
14832.000,-997204796.083
14833.000,-997204796.083
14834.000,-997204796.083
14835.000,-997204716.959
14836.000,-997204716.959
14837.000,-997204716.959
14838.000,-997204716.959
14839.000,-997204796.083
14840.000,-997204796.083
14841.000,-997204796.083
14842.000,-997204796.083
14843.000,-997204796.083
14844.000,-997204716.959
14845.000,-997204716.959
14846.000,-997204716.959
14847.000,-997204796.083
14848.000,-997204796.083
14849.000,-997204796.083
14850.000,-997204796.083
14851.000,-997204796.083
14852.000,-997204716.959
14853.000,-997204716.959
14854.000,-997204716.959
14855.000,-997204796.083
14856.000,-997204796.083
14857.000,-997204796.083
14858.000,-997204796.083
14859.000,-997204796.083
14860.000,-997204716.959
14861.000,-997204716.959
14862.000,-997204716.959
14863.000,-997204716.959
14864.000,-997204796.083
14865.000,-997204796.083
14866.000,-997204796.083
14867.000,-997204796.083
14868.000,-997204796.083
14869.000,-997204716.959
14870.000,-997204716.959
14871.000,-997204716.959
14872.000,-997204796.083
14873.000,-997204796.083
14874.000,-997204796.083
14875.000,-997204796.083
14876.000,-997204796.083
14877.000,-997204716.959
14878.000,-997204716.959
14879.000,-997204716.959
14880.000,-997204796.083
14881.000,-997204796.083
14882.000,-997204875.206
14883.000,-997204796.083
14884.000,-997204796.083
14885.000,-997204716.959
14886.000,-997204716.959
14887.000,-997204716.959
14888.000,-997204716.959
14889.000,-997204796.083
14890.000,-997204796.083
14891.000,-997204796.083
14892.000,-997204796.083
14893.000,-997204796.083
14894.000,-997204716.959
14895.000,-997204716.959
14896.000,-997204716.959
14897.000,-997204796.083
14898.000,-997204796.083
14899.000,-997204796.083
14900.000,-997204796.083
14901.000,-997204796.083
14902.000,-997204796.083
14903.000,-997204716.959
14904.000,-997204716.959
14905.000,-997204796.083
14906.000,-997204796.083
14907.000,-997204796.083
14908.000,-997204796.083
14909.000,-997204796.083
14910.000,-997204796.083
14911.000,-997204716.959
14912.000,-997204716.959
14913.000,-997204796.083
14914.000,-997204796.083
14915.000,-997204796.083
14916.000,-997204796.083
14917.000,-997204796.083
14918.000,-997204796.083
14919.000,-997204716.959
14920.000,-997204716.959
14921.000,-997204796.083
14922.000,-997204796.083
14923.000,-997204796.083
14924.000,-997204796.083
14925.000,-997204796.083
14926.000,-997204796.083
14927.000,-997204716.959
14928.000,-997204716.959
14929.000,-997204716.959
14930.000,-997204796.083
14931.000,-997204796.083
14932.000,-997204796.083
14933.000,-997204796.083
14934.000,-997204796.083
14935.000,-997204716.959
14936.000,-997204716.959
14937.000,-997204716.959
14938.000,-997204796.083
14939.000,-997204796.083
14940.000,-997204875.206
14941.000,-997204875.206
14942.000,-997204796.083
14943.000,-997204796.083
14944.000,-997204716.959
14945.000,-997204716.959
14946.000,-997204716.959
14947.000,-997204796.083
14948.000,-997204796.083
14949.000,-997204875.206
14950.000,-997204796.083
14951.000,-997204796.083
14952.000,-997204716.959
14953.000,-997204716.959
14954.000,-997204716.959
14955.000,-997204716.959
14956.000,-997204796.083
14957.000,-997204796.083
14958.000,-997204875.206
14959.000,-997204796.083
14960.000,-997204796.083
14961.000,-997204716.959
14962.000,-997204716.959
14963.000,-997204716.959
14964.000,-997204796.083
14965.000,-997204796.083
14966.000,-997204796.083
14967.000,-997204796.083
14968.000,-997204796.083
14969.000,-997204796.083
14970.000,-997204716.959
14971.000,-997204716.959
14972.000,-997204796.083
14973.000,-997204796.083
14974.000,-997204796.083
14975.000,-997204796.083
14976.000,-997204796.083
14977.000,-997204796.083
14978.000,-997204716.959
14979.000,-997204716.959
14980.000,-997204796.083
14981.000,-997204796.083
14982.000,-997204796.083
14983.000,-997204796.083
14984.000,-997204796.083
14985.000,-997204796.083
14986.000,-997204716.959
14987.000,-997204716.959
14988.000,-997204796.083
14989.000,-997204796.083
14990.000,-997204796.083
14991.000,-997204796.083
14992.000,-997204796.083
14993.000,-997204796.083
14994.000,-997204716.959
14995.000,-997204716.959
14996.000,-997204716.959
14997.000,-997204796.083
14998.000,-997204796.083
14999.000,-997204796.083
15000.000,-997204796.083
15001.000,-997204796.083
15002.000,-997204716.959
15003.000,-997204716.959
15004.000,-997204716.959
15005.000,-997204796.083
15006.000,-997204796.083
15007.000,-997204796.083
15008.000,-997204796.083
15009.000,-997204796.083
15010.000,-997204796.083
15011.000,-997204716.959
15012.000,-997204716.959
15013.000,-997204716.959
15014.000,-997204796.083
15015.000,-997204796.083
15016.000,-997204558.711
15017.000,-997204558.711
15018.000,-997204479.587
15019.000,-997204479.587
15020.000,-997204400.463
15021.000,-997204400.463
15022.000,-997204479.587
15023.000,-997204479.587
15024.000,-997204479.587
15025.000,-997204479.587
15026.000,-997204479.587
15027.000,-997204479.587
15028.000,-997204400.463
15029.000,-997204400.463
15030.000,-997204400.463
15031.000,-997204479.587
15032.000,-997204479.587
15033.000,-997204479.587
15034.000,-997204479.587
15035.000,-997204479.587
15036.000,-997204400.463
15037.000,-997204400.463
15038.000,-997204400.463
15039.000,-997204479.587
15040.000,-997204479.587
15041.000,-997204479.587
15042.000,-997204479.587
15043.000,-997204400.463
15044.000,-997204400.463
15045.000,-997204400.463
15046.000,-997204400.463
15047.000,-997204479.587
15048.000,-997204479.587
15049.000,-997204479.587
15050.000,-997204479.587
15051.000,-997204400.463
15052.000,-997204400.463
15053.000,-997204400.463
15054.000,-997204400.463
15055.000,-997204400.463
15056.000,-997204479.587
15057.000,-997204479.587
15058.000,-997204479.587
15059.000,-997204400.463
15060.000,-997204400.463
15061.000,-997204400.463
15062.000,-997204400.463
15063.000,-997204400.463
15064.000,-997204479.587
15065.000,-997204479.587
15066.000,-997204479.587
15067.000,-997204479.587
15068.000,-997204400.463
15069.000,-997204400.463
15070.000,-997204321.339
15071.000,-997204400.463
15072.000,-997204400.463
15073.000,-997204479.587
15074.000,-997204479.587
15075.000,-997204479.587
15076.000,-997204479.587
15077.000,-997204400.463
15078.000,-997204400.463
15079.000,-997204400.463
15080.000,-997204400.463
15081.000,-997204400.463
15082.000,-997204479.587
15083.000,-997204479.587
15084.000,-997204479.587
15085.000,-997204400.463
15086.000,-997204400.463
15087.000,-997204400.463
15088.000,-997204400.463
15089.000,-997204400.463
15090.000,-997204400.463
15091.000,-997204479.587
15092.000,-997204400.463
15093.000,-997204400.463
15094.000,-997204400.463
15095.000,-997204400.463
15096.000,-997204400.463
15097.000,-997204400.463
15098.000,-997204400.463
15099.000,-997204400.463
15100.000,-997204400.463
15101.000,-997204400.463
15102.000,-997204400.463
15103.000,-997204400.463
15104.000,-997204400.463
15105.000,-997204400.463
15106.000,-997204400.463
15107.000,-997204479.587
15108.000,-997204400.463
15109.000,-997204400.463
15110.000,-997204400.463
15111.000,-997204400.463
15112.000,-997204400.463
15113.000,-997204400.463
15114.000,-997204400.463
15115.000,-997204479.587
15116.000,-997204479.587
15117.000,-997204400.463
15118.000,-997204400.463
15119.000,-997204400.463
15120.000,-997204321.339
15121.000,-997204400.463
15122.000,-997204400.463
15123.000,-997204400.463
15124.000,-997204479.587
15125.000,-997204479.587
15126.000,-997204400.463
15127.000,-997204400.463
15128.000,-997204400.463
15129.000,-997204400.463
15130.000,-997204400.463
15131.000,-997204400.463
15132.000,-997204400.463
15133.000,-997204479.587
15134.000,-997204400.463
15135.000,-997204400.463
15136.000,-997204400.463
15137.000,-997204400.463
15138.000,-997204400.463
15139.000,-997204400.463
15140.000,-997204400.463
15141.000,-997204400.463
15142.000,-997204400.463
15143.000,-997204400.463
15144.000,-997204400.463
15145.000,-997204400.463
15146.000,-997204400.463
15147.000,-997204400.463
15148.000,-997204400.463
15149.000,-997204400.463
15150.000,-997204400.463
15151.000,-997204400.463
15152.000,-997204400.463
15153.000,-997204400.463
15154.000,-997204400.463
15155.000,-997204400.463
15156.000,-997204400.463
15157.000,-997204400.463
15158.000,-997204400.463
15159.000,-997204400.463
15160.000,-997204400.463
15161.000,-997204400.463
15162.000,-997204400.463
15163.000,-997204400.463
15164.000,-997204400.463
15165.000,-997204400.463
15166.000,-997204400.463
15167.000,-997204400.463
15168.000,-997204400.463
15169.000,-997204400.463
15170.000,-997204321.339
15171.000,-997204400.463
15172.000,-997204400.463
15173.000,-997204400.463
15174.000,-997204479.587
15175.000,-997204400.463
15176.000,-997204400.463
15177.000,-997204400.463
15178.000,-997204321.339
15179.000,-997204400.463
15180.000,-997204400.463
15181.000,-997204400.463
15182.000,-997204479.587
15183.000,-997204479.587
15184.000,-997204400.463
15185.000,-997204400.463
15186.000,-997204400.463
15187.000,-997204321.339
15188.000,-997204400.463
15189.000,-997204400.463
15190.000,-997204400.463
15191.000,-997204479.587
15192.000,-997204400.463
15193.000,-997204400.463
15194.000,-997204400.463
15195.000,-997204400.463
15196.000,-997204400.463
15197.000,-997204400.463
15198.000,-997204400.463
15199.000,-997204400.463
15200.000,-997204400.463
15201.000,-997204400.463
15202.000,-997204400.463
15203.000,-997204400.463
15204.000,-997204400.463
15205.000,-997204400.463
15206.000,-997204400.463
15207.000,-997204400.463
15208.000,-997204400.463
15209.000,-997204400.463
15210.000,-997204400.463
15211.000,-997204400.463
15212.000,-997204400.463
15213.000,-997204400.463
15214.000,-997204400.463
15215.000,-997204400.463
15216.000,-997204400.463
15217.000,-997204400.463
15218.000,-997204400.463
15219.000,-997204400.463
15220.000,-997204400.463
15221.000,-997204400.463
15222.000,-997204400.463
15223.000,-997204400.463
15224.000,-997204400.463
15225.000,-997204400.463
15226.000,-997204400.463
15227.000,-997204400.463
15228.000,-997204400.463
15229.000,-997204400.463
15230.000,-997204400.463
15231.000,-997204400.463
15232.000,-997204400.463
15233.000,-997204400.463
15234.000,-997204400.463
15235.000,-997204400.463
15236.000,-997204321.339
15237.000,-997204321.339
15238.000,-997204400.463
15239.000,-997204400.463
15240.000,-997204400.463
15241.000,-997204400.463
15242.000,-997204400.463
15243.000,-997204400.463
15244.000,-997204400.463
15245.000,-997204321.339
15246.000,-997204321.339
15247.000,-997204400.463
15248.000,-997204400.463
15249.000,-997204400.463
15250.000,-997204400.463
15251.000,-997204400.463
15252.000,-997204400.463
15253.000,-997204400.463
15254.000,-997204321.339
15255.000,-997204400.463
15256.000,-997204400.463
15257.000,-997204400.463
15258.000,-997204400.463
15259.000,-997204400.463
15260.000,-997204400.463
15261.000,-997204400.463
15262.000,-997204400.463
15263.000,-997204400.463
15264.000,-997204400.463
15265.000,-997204400.463
15266.000,-997204400.463
15267.000,-997204400.463
15268.000,-997204400.463
15269.000,-997204400.463
15270.000,-997204400.463
15271.000,-997204400.463
15272.000,-997204400.463
15273.000,-997204400.463
15274.000,-997204400.463
15275.000,-997204400.463
15276.000,-997204400.463
15277.000,-997204400.463
15278.000,-997204400.463
15279.000,-997204400.463
15280.000,-997204400.463
15281.000,-997204400.463
15282.000,-997204400.463
15283.000,-997204400.463
15284.000,-997204400.463
15285.000,-997204400.463
15286.000,-997204321.339
15287.000,-997204400.463
15288.000,-997204400.463
15289.000,-997204400.463
15290.000,-997204479.587
15291.000,-997204479.587
15292.000,-997204400.463
15293.000,-997204400.463
15294.000,-997204321.339
15295.000,-997204321.339
15296.000,-997204321.339
15297.000,-997204400.463
15298.000,-997204400.463
15299.000,-997204479.587
15300.000,-997204479.587
15301.000,-997204400.463
15302.000,-997204400.463
15303.000,-997204321.339
15304.000,-997204321.339
15305.000,-997204400.463
15306.000,-997204400.463
15307.000,-997204400.463
15308.000,-997204479.587
15309.000,-997204400.463
15310.000,-997204400.463
15311.000,-997204321.339
15312.000,-997204321.339
15313.000,-997204321.339
15314.000,-997204400.463
15315.000,-997204400.463
15316.000,-997204479.587
15317.000,-997204400.463
15318.000,-997204400.463
15319.000,-997204400.463
15320.000,-997204321.339
15321.000,-997204321.339
15322.000,-997204400.463
15323.000,-997204400.463
15324.000,-997204400.463
15325.000,-997204400.463
15326.000,-997204400.463
15327.000,-997204400.463
15328.000,-997204321.339
15329.000,-997204321.339
15330.000,-997204400.463
15331.000,-997204400.463
15332.000,-997204400.463
15333.000,-997204400.463
15334.000,-997204400.463
15335.000,-997204400.463
15336.000,-997204400.463
15337.000,-997204321.339
15338.000,-997204400.463
15339.000,-997204400.463
15340.000,-997204400.463
15341.000,-997204400.463
15342.000,-997204400.463
15343.000,-997204400.463
15344.000,-997204400.463
15345.000,-997204321.339
15346.000,-997204321.339
15347.000,-997204400.463
15348.000,-997204400.463
15349.000,-997204400.463
15350.000,-997204400.463
15351.000,-997204400.463
15352.000,-997204400.463
15353.000,-997204321.339
15354.000,-997204321.339
15355.000,-997204400.463
15356.000,-997204400.463
15357.000,-997204400.463
15358.000,-997204400.463
15359.000,-997204400.463
15360.000,-997204400.463
15361.000,-997204321.339
15362.000,-997204321.339
15363.000,-997204321.339
15364.000,-997204400.463
15365.000,-997204400.463
15366.000,-997204479.587
15367.000,-997204400.463
15368.000,-997204400.463
15369.000,-997204321.339
15370.000,-997204321.339
15371.000,-997204321.339
15372.000,-997204400.463
15373.000,-997204400.463
15374.000,-997204479.587
15375.000,-997204479.587
15376.000,-997204400.463
15377.000,-997204400.463
15378.000,-997204321.339
15379.000,-997204321.339
15380.000,-997204321.339
15381.000,-997204400.463
15382.000,-997204400.463
15383.000,-997204479.587
15384.000,-997204400.463
15385.000,-997204400.463
15386.000,-997204400.463
15387.000,-997204321.339
15388.000,-997204321.339
15389.000,-997204400.463
15390.000,-997204400.463
15391.000,-997204400.463
15392.000,-997204400.463
15393.000,-997204400.463
15394.000,-997204400.463
15395.000,-997204321.339
15396.000,-997204321.339
15397.000,-997204400.463
15398.000,-997204400.463
15399.000,-997204400.463
15400.000,-997204400.463
15401.000,-997204400.463
15402.000,-997204400.463
15403.000,-997204321.339
15404.000,-997204321.339
15405.000,-997204400.463
15406.000,-997204400.463
15407.000,-997204400.463
15408.000,-997204400.463
15409.000,-997204400.463
15410.000,-997204400.463
15411.000,-997204321.339
15412.000,-997204321.339
15413.000,-997204400.463
15414.000,-997204400.463
15415.000,-997204400.463
15416.000,-997204400.463
15417.000,-997204400.463
15418.000,-997204400.463
15419.000,-997204321.339
15420.000,-997204321.339
15421.000,-997204321.339
15422.000,-997204400.463
15423.000,-997204400.463
15424.000,-997204479.587
15425.000,-997204479.587
15426.000,-997204400.463
15427.000,-997204400.463
15428.000,-997204321.339
15429.000,-997204321.339
15430.000,-997204321.339
15431.000,-997204400.463
15432.000,-997204479.587
15433.000,-997204479.587
15434.000,-997204400.463
15435.000,-997204400.463
15436.000,-997204321.339
15437.000,-997204321.339
15438.000,-997204321.339
15439.000,-997204400.463
15440.000,-997204400.463
15441.000,-997204479.587
15442.000,-997204479.587
15443.000,-997204400.463
15444.000,-997204400.463
15445.000,-997204321.339
15446.000,-997204321.339
15447.000,-997204321.339
15448.000,-997204400.463
15449.000,-997204400.463
15450.000,-997204400.463
15451.000,-997204400.463
15452.000,-997204400.463
15453.000,-997204321.339
15454.000,-997204321.339
15455.000,-997204321.339
15456.000,-997204400.463
15457.000,-997204400.463
15458.000,-997204400.463
15459.000,-997204400.463
15460.000,-997204400.463
15461.000,-997204400.463
15462.000,-997204321.339
15463.000,-997204321.339
15464.000,-997204400.463
15465.000,-997204400.463
15466.000,-997204400.463
15467.000,-997204400.463
15468.000,-997204400.463
15469.000,-997204400.463
15470.000,-997204321.339
15471.000,-997204321.339
15472.000,-997204400.463
15473.000,-997204400.463
15474.000,-997204400.463
15475.000,-997204400.463
15476.000,-997204400.463
15477.000,-997204400.463
15478.000,-997204321.339
15479.000,-997204321.339
15480.000,-997204321.339
15481.000,-997204400.463
15482.000,-997204400.463
15483.000,-997204400.463
15484.000,-997204400.463
15485.000,-997204400.463
15486.000,-997204321.339
15487.000,-997204321.339
15488.000,-997204321.339
15489.000,-997204400.463
15490.000,-997204400.463
15491.000,-997204400.463
15492.000,-997204400.463
15493.000,-997204400.463
15494.000,-997204400.463
15495.000,-997204321.339
15496.000,-997204321.339
15497.000,-997204400.463
15498.000,-997204400.463
15499.000,-997204400.463
15500.000,-997204400.463
15501.000,-997204400.463
15502.000,-997204400.463
15503.000,-997204321.339
15504.000,-997204321.339
15505.000,-997204400.463
15506.000,-997204400.463
15507.000,-997204400.463
15508.000,-997204400.463
15509.000,-997204400.463
15510.000,-997204400.463
15511.000,-997204321.339
15512.000,-997204321.339
15513.000,-997204321.339
15514.000,-997204400.463
15515.000,-997204400.463
15516.000,-997204716.959
15517.000,-997204716.959
15518.000,-997204637.835
15519.000,-997204637.835
15520.000,-997204637.835
15521.000,-997204637.835
15522.000,-997204637.835
15523.000,-997204716.959
15524.000,-997204716.959
15525.000,-997204716.959
15526.000,-997204716.959
15527.000,-997204716.959
15528.000,-997204637.835
15529.000,-997204637.835
15530.000,-997204716.959
15531.000,-997204716.959
15532.000,-997204796.083
15533.000,-997204796.083
15534.000,-997204716.959
15535.000,-997204716.959
15536.000,-997204716.959
15537.000,-997204637.835
15538.000,-997204716.959
15539.000,-997204716.959
15540.000,-997204796.083
15541.000,-997204796.083
15542.000,-997204796.083
15543.000,-997204716.959
15544.000,-997204716.959
15545.000,-997204716.959
15546.000,-997204716.959
15547.000,-997204716.959
15548.000,-997204716.959
15549.000,-997204796.083
15550.000,-997204796.083
15551.000,-997204716.959
15552.000,-997204716.959
15553.000,-997204716.959
15554.000,-997204716.959
15555.000,-997204716.959
15556.000,-997204716.959
15557.000,-997204796.083
15558.000,-997204796.083
15559.000,-997204796.083
15560.000,-997204716.959
15561.000,-997204716.959
15562.000,-997204716.959
15563.000,-997204716.959
15564.000,-997204716.959
15565.000,-997204796.083
15566.000,-997204796.083
15567.000,-997204796.083
15568.000,-997204716.959
15569.000,-997204716.959
15570.000,-997204716.959
15571.000,-997204716.959
15572.000,-997204716.959
15573.000,-997204796.083
15574.000,-997204796.083
15575.000,-997204796.083
15576.000,-997204796.083
15577.000,-997204716.959
15578.000,-997204716.959
15579.000,-997204716.959
15580.000,-997204716.959
15581.000,-997204716.959
15582.000,-997204796.083
15583.000,-997204796.083
15584.000,-997204796.083
15585.000,-997204716.959
15586.000,-997204716.959
15587.000,-997204716.959
15588.000,-997204716.959
15589.000,-997204716.959
15590.000,-997204796.083
15591.000,-997204796.083
15592.000,-997204796.083
15593.000,-997204716.959
15594.000,-997204716.959
15595.000,-997204716.959
15596.000,-997204716.959
15597.000,-997204716.959
15598.000,-997204796.083
15599.000,-997204796.083
15600.000,-997204796.083
15601.000,-997204796.083
15602.000,-997204716.959
15603.000,-997204716.959
15604.000,-997204716.959
15605.000,-997204716.959
15606.000,-997204796.083
15607.000,-997204796.083
15608.000,-997204796.083
15609.000,-997204796.083
15610.000,-997204716.959
15611.000,-997204716.959
15612.000,-997204716.959
15613.000,-997204716.959
15614.000,-997204716.959
15615.000,-997204796.083
15616.000,-997204796.083
15617.000,-997204796.083
15618.000,-997204796.083
15619.000,-997204716.959
15620.000,-997204716.959
15621.000,-997204716.959
15622.000,-997204716.959
15623.000,-997204796.083
15624.000,-997204796.083
15625.000,-997204796.083
15626.000,-997204796.083
15627.000,-997204716.959
15628.000,-997204716.959
15629.000,-997204716.959
15630.000,-997204716.959
15631.000,-997204796.083
15632.000,-997204796.083
15633.000,-997204796.083
15634.000,-997204796.083
15635.000,-997204716.959
15636.000,-997204716.959
15637.000,-997204716.959
15638.000,-997204716.959
15639.000,-997204796.083
15640.000,-997204796.083
15641.000,-997204796.083
15642.000,-997204796.083
15643.000,-997204796.083
15644.000,-997204716.959
15645.000,-997204716.959
15646.000,-997204716.959
15647.000,-997204716.959
15648.000,-997204796.083
15649.000,-997204796.083
15650.000,-997204796.083
15651.000,-997204796.083
15652.000,-997204716.959
15653.000,-997204716.959
15654.000,-997204716.959
15655.000,-997204716.959
15656.000,-997204796.083
15657.000,-997204796.083
15658.000,-997204796.083
15659.000,-997204796.083
15660.000,-997204796.083
15661.000,-997204716.959
15662.000,-997204716.959
15663.000,-997204716.959
15664.000,-997204796.083
15665.000,-997204796.083
15666.000,-997204796.083
15667.000,-997204796.083
15668.000,-997204796.083
15669.000,-997204716.959
15670.000,-997204716.959
15671.000,-997204716.959
15672.000,-997204716.959
15673.000,-997204796.083
15674.000,-997204796.083
15675.000,-997204796.083
15676.000,-997204796.083
15677.000,-997204716.959
15678.000,-997204716.959
15679.000,-997204716.959
15680.000,-997204716.959
15681.000,-997204796.083
15682.000,-997204796.083
15683.000,-997204796.083
15684.000,-997204796.083
15685.000,-997204796.083
15686.000,-997204716.959
15687.000,-997204716.959
15688.000,-997204716.959
15689.000,-997204796.083
15690.000,-997204796.083
15691.000,-997204796.083
15692.000,-997204796.083
15693.000,-997204796.083
15694.000,-997204716.959
15695.000,-997204716.959
15696.000,-997204716.959
15697.000,-997204716.959
15698.000,-997204796.083
15699.000,-997204796.083
15700.000,-997204796.083
15701.000,-997204796.083
15702.000,-997204716.959
15703.000,-997204716.959
15704.000,-997204716.959
15705.000,-997204716.959
15706.000,-997204796.083
15707.000,-997204796.083
15708.000,-997204796.083
15709.000,-997204796.083
15710.000,-997204796.083
15711.000,-997204716.959
15712.000,-997204716.959
15713.000,-997204716.959
15714.000,-997204796.083
15715.000,-997204796.083
15716.000,-997204796.083
15717.000,-997204796.083
15718.000,-997204796.083
15719.000,-997204716.959
15720.000,-997204716.959
15721.000,-997204716.959
15722.000,-997204796.083
15723.000,-997204796.083
15724.000,-997204796.083
15725.000,-997204796.083
15726.000,-997204796.083
15727.000,-997204716.959
15728.000,-997204716.959
15729.000,-997204716.959
15730.000,-997204716.959
15731.000,-997204796.083
15732.000,-997204796.083
15733.000,-997204796.083
15734.000,-997204796.083
15735.000,-997204716.959
15736.000,-997204716.959
15737.000,-997204716.959
15738.000,-997204716.959
15739.000,-997204796.083
15740.000,-997204796.083
15741.000,-997204796.083
15742.000,-997204796.083
15743.000,-997204796.083
15744.000,-997204716.959
15745.000,-997204716.959
15746.000,-997204716.959
15747.000,-997204716.959
15748.000,-997204796.083
15749.000,-997204796.083
15750.000,-997204796.083
15751.000,-997204796.083
15752.000,-997204796.083
15753.000,-997204716.959
15754.000,-997204716.959
15755.000,-997204716.959
15756.000,-997204796.083
15757.000,-997204796.083
15758.000,-997204796.083
15759.000,-997204796.083
15760.000,-997204716.959
15761.000,-997204716.959
15762.000,-997204716.959
15763.000,-997204716.959
15764.000,-997204796.083
15765.000,-997204796.083
15766.000,-997204796.083
15767.000,-997204796.083
15768.000,-997204716.959
15769.000,-997204716.959
15770.000,-997204716.959
15771.000,-997204716.959
15772.000,-997204796.083
15773.000,-997204796.083
15774.000,-997204796.083
15775.000,-997204796.083
15776.000,-997204796.083
15777.000,-997204716.959
15778.000,-997204716.959
15779.000,-997204716.959
15780.000,-997204796.083
15781.000,-997204796.083
15782.000,-997204875.206
15783.000,-997204875.206
15784.000,-997204796.083
15785.000,-997204716.959
15786.000,-997204716.959
15787.000,-997204716.959
15788.000,-997204716.959
15789.000,-997204796.083
15790.000,-997204796.083
15791.000,-997204875.206
15792.000,-997204796.083
15793.000,-997204796.083
15794.000,-997204716.959
15795.000,-997204716.959
15796.000,-997204716.959
15797.000,-997204716.959
15798.000,-997204796.083
15799.000,-997204875.206
15800.000,-997204875.206
15801.000,-997204796.083
15802.000,-997204796.083
15803.000,-997204716.959
15804.000,-997204716.959
15805.000,-997204716.959
15806.000,-997204796.083
15807.000,-997204796.083
15808.000,-997204796.083
15809.000,-997204796.083
15810.000,-997204796.083
15811.000,-997204716.959
15812.000,-997204716.959
15813.000,-997204716.959
15814.000,-997204796.083
15815.000,-997204796.083
15816.000,-997204796.083
15817.000,-997204796.083
15818.000,-997204796.083
15819.000,-997204716.959
15820.000,-997204716.959
15821.000,-997204716.959
15822.000,-997204796.083
15823.000,-997204796.083
15824.000,-997204796.083
15825.000,-997204796.083
15826.000,-997204796.083
15827.000,-997204716.959
15828.000,-997204716.959
15829.000,-997204716.959
15830.000,-997204796.083
15831.000,-997204796.083
15832.000,-997204796.083
15833.000,-997204796.083
15834.000,-997204796.083
15835.000,-997204716.959
15836.000,-997204716.959
15837.000,-997204716.959
15838.000,-997204716.959
15839.000,-997204796.083
15840.000,-997204796.083
15841.000,-997204875.206
15842.000,-997204796.083
15843.000,-997204796.083
15844.000,-997204716.959
15845.000,-997204716.959
15846.000,-997204716.959
15847.000,-997204796.083
15848.000,-997204796.083
15849.000,-997204875.206
15850.000,-997204796.083
15851.000,-997204796.083
15852.000,-997204716.959
15853.000,-997204716.959
15854.000,-997204716.959
15855.000,-997204716.959
15856.000,-997204796.083
15857.000,-997204796.083
15858.000,-997204875.206
15859.000,-997204796.083
15860.000,-997204796.083
15861.000,-997204716.959
15862.000,-997204716.959
15863.000,-997204716.959
15864.000,-997204796.083
15865.000,-997204796.083
15866.000,-997204875.206
15867.000,-997204796.083
15868.000,-997204796.083
15869.000,-997204716.959
15870.000,-997204716.959
15871.000,-997204716.959
15872.000,-997204716.959
15873.000,-997204796.083
15874.000,-997204796.083
15875.000,-997204796.083
15876.000,-997204796.083
15877.000,-997204796.083
15878.000,-997204716.959
15879.000,-997204716.959
15880.000,-997204716.959
15881.000,-997204796.083
15882.000,-997204796.083
15883.000,-997204796.083
15884.000,-997204796.083
15885.000,-997204796.083
15886.000,-997204716.959
15887.000,-997204716.959
15888.000,-997204716.959
15889.000,-997204796.083
15890.000,-997204796.083
15891.000,-997204796.083
15892.000,-997204796.083
15893.000,-997204796.083
15894.000,-997204716.959
15895.000,-997204716.959
15896.000,-997204716.959
15897.000,-997204796.083
15898.000,-997204796.083
15899.000,-997204796.083
15900.000,-997204796.083
15901.000,-997204796.083
15902.000,-997204716.959
15903.000,-997204716.959
15904.000,-997204716.959
15905.000,-997204716.959
15906.000,-997204796.083
15907.000,-997204875.206
15908.000,-997204875.206
15909.000,-997204796.083
15910.000,-997204796.083
15911.000,-997204716.959
15912.000,-997204716.959
15913.000,-997204716.959
15914.000,-997204796.083
15915.000,-997204796.083
15916.000,-997204875.206
15917.000,-997204796.083
15918.000,-997204796.083
15919.000,-997204716.959
15920.000,-997204716.959
15921.000,-997204716.959
15922.000,-997204716.959
15923.000,-997204796.083
15924.000,-997204796.083
15925.000,-997204796.083
15926.000,-997204796.083
15927.000,-997204796.083
15928.000,-997204716.959
15929.000,-997204716.959
15930.000,-997204716.959
15931.000,-997204796.083
15932.000,-997204796.083
15933.000,-997204796.083
15934.000,-997204796.083
15935.000,-997204796.083
15936.000,-997204716.959
15937.000,-997204716.959
15938.000,-997204716.959
15939.000,-997204796.083
15940.000,-997204796.083
15941.000,-997204796.083
15942.000,-997204796.083
15943.000,-997204796.083
15944.000,-997204716.959
15945.000,-997204716.959
15946.000,-997204716.959
15947.000,-997204796.083
15948.000,-997204796.083
15949.000,-997204796.083
15950.000,-997204796.083
15951.000,-997204796.083
15952.000,-997204716.959
15953.000,-997204716.959
15954.000,-997204716.959
15955.000,-997204796.083
15956.000,-997204796.083
15957.000,-997204796.083
15958.000,-997204796.083
15959.000,-997204796.083
15960.000,-997204796.083
15961.000,-997204716.959
15962.000,-997204716.959
15963.000,-997204716.959
15964.000,-997204796.083
15965.000,-997204796.083
15966.000,-997204875.206
15967.000,-997204796.083
15968.000,-997204796.083
15969.000,-997204716.959
15970.000,-997204716.959
15971.000,-997204716.959
15972.000,-997204796.083
15973.000,-997204796.083
15974.000,-997204796.083
15975.000,-997204796.083
15976.000,-997204796.083
15977.000,-997204796.083
15978.000,-997204716.959
15979.000,-997204716.959
15980.000,-997204716.959
15981.000,-997204796.083
15982.000,-997204796.083
15983.000,-997204796.083
15984.000,-997204796.083
15985.000,-997204796.083
15986.000,-997204716.959
15987.000,-997204716.959
15988.000,-997204716.959
15989.000,-997204796.083
15990.000,-997204796.083
15991.000,-997204796.083
15992.000,-997204796.083
15993.000,-997204796.083
15994.000,-997204716.959
15995.000,-997204716.959
15996.000,-997204716.959
15997.000,-997204796.083
15998.000,-997204796.083
15999.000,-997204796.083
16000.000,-997204796.083
16001.000,-997204796.083
16002.000,-997204716.959
16003.000,-997204716.959
16004.000,-997204716.959
16005.000,-997204796.083
16006.000,-997204796.083
16007.000,-997204875.206
16008.000,-997204796.083
16009.000,-997204796.083
16010.000,-997204716.959
16011.000,-997204716.959
16012.000,-997204716.959
16013.000,-997204716.959
16014.000,-997204796.083
16015.000,-997204796.083
16016.000,-997204558.711
16017.000,-997204479.587
16018.000,-997204479.587
16019.000,-997204479.587
16020.000,-997204400.463
16021.000,-997204400.463
16022.000,-997204479.587
16023.000,-997204479.587
16024.000,-997204479.587
16025.000,-997204479.587
16026.000,-997204479.587
16027.000,-997204400.463
16028.000,-997204400.463
16029.000,-997204400.463
16030.000,-997204400.463
16031.000,-997204479.587
16032.000,-997204479.587
16033.000,-997204479.587
16034.000,-997204479.587
16035.000,-997204400.463
16036.000,-997204400.463
16037.000,-997204400.463
16038.000,-997204400.463
16039.000,-997204400.463
16040.000,-997204479.587
16041.000,-997204479.587
16042.000,-997204479.587
16043.000,-997204479.587
16044.000,-997204400.463
16045.000,-997204400.463
16046.000,-997204400.463
16047.000,-997204400.463
16048.000,-997204479.587
16049.000,-997204479.587
16050.000,-997204479.587
16051.000,-997204479.587
16052.000,-997204400.463
16053.000,-997204400.463
16054.000,-997204400.463
16055.000,-997204400.463
16056.000,-997204400.463
16057.000,-997204479.587
16058.000,-997204479.587
16059.000,-997204479.587
16060.000,-997204400.463
16061.000,-997204400.463
16062.000,-997204400.463
16063.000,-997204400.463
16064.000,-997204400.463
16065.000,-997204479.587
16066.000,-997204479.587
16067.000,-997204400.463
16068.000,-997204400.463
16069.000,-997204400.463
16070.000,-997204400.463
16071.000,-997204400.463
16072.000,-997204400.463
16073.000,-997204479.587
16074.000,-997204479.587
16075.000,-997204479.587
16076.000,-997204400.463
16077.000,-997204400.463
16078.000,-997204400.463
16079.000,-997204400.463
16080.000,-997204400.463
16081.000,-997204479.587
16082.000,-997204479.587
16083.000,-997204479.587
16084.000,-997204400.463
16085.000,-997204400.463
16086.000,-997204321.339
16087.000,-997204321.339
16088.000,-997204400.463
16089.000,-997204400.463
16090.000,-997204479.587
16091.000,-997204479.587
16092.000,-997204479.587
16093.000,-997204400.463
16094.000,-997204400.463
16095.000,-997204321.339
16096.000,-997204400.463
16097.000,-997204400.463
16098.000,-997204400.463
16099.000,-997204479.587
16100.000,-997204479.587
16101.000,-997204400.463
16102.000,-997204400.463
16103.000,-997204400.463
16104.000,-997204400.463
16105.000,-997204400.463
16106.000,-997204400.463
16107.000,-997204479.587
16108.000,-997204479.587
16109.000,-997204400.463
16110.000,-997204400.463
16111.000,-997204400.463
16112.000,-997204400.463
16113.000,-997204400.463
16114.000,-997204400.463
16115.000,-997204479.587
16116.000,-997204479.587
16117.000,-997204400.463
16118.000,-997204400.463
16119.000,-997204400.463
16120.000,-997204400.463
16121.000,-997204400.463
16122.000,-997204400.463
16123.000,-997204479.587
16124.000,-997204479.587
16125.000,-997204400.463
16126.000,-997204400.463
16127.000,-997204400.463
16128.000,-997204321.339
16129.000,-997204400.463
16130.000,-997204400.463
16131.000,-997204479.587
16132.000,-997204479.587
16133.000,-997204479.587
16134.000,-997204400.463
16135.000,-997204400.463
16136.000,-997204321.339
16137.000,-997204321.339
16138.000,-997204400.463
16139.000,-997204400.463
16140.000,-997204479.587
16141.000,-997204479.587
16142.000,-997204479.587
16143.000,-997204400.463
16144.000,-997204321.339
16145.000,-997204321.339
16146.000,-997204321.339
16147.000,-997204400.463
16148.000,-997204479.587
16149.000,-997204479.587
16150.000,-997204479.587
16151.000,-997204400.463
16152.000,-997204400.463
16153.000,-997204321.339
16154.000,-997204321.339
16155.000,-997204400.463
16156.000,-997204400.463
16157.000,-997204400.463
16158.000,-997204479.587
16159.000,-997204400.463
16160.000,-997204400.463
16161.000,-997204400.463
16162.000,-997204400.463
16163.000,-997204400.463
16164.000,-997204400.463
16165.000,-997204400.463
16166.000,-997204400.463
16167.000,-997204400.463
16168.000,-997204400.463
16169.000,-997204400.463
16170.000,-997204400.463
16171.000,-997204400.463
16172.000,-997204400.463
16173.000,-997204400.463
16174.000,-997204400.463
16175.000,-997204400.463
16176.000,-997204400.463
16177.000,-997204400.463
16178.000,-997204400.463
16179.000,-997204400.463
16180.000,-997204400.463
16181.000,-997204400.463
16182.000,-997204400.463
16183.000,-997204400.463
16184.000,-997204400.463
16185.000,-997204400.463
16186.000,-997204400.463
16187.000,-997204400.463
16188.000,-997204400.463
16189.000,-997204400.463
16190.000,-997204479.587
16191.000,-997204400.463
16192.000,-997204400.463
16193.000,-997204400.463
16194.000,-997204321.339
16195.000,-997204321.339
16196.000,-997204400.463
16197.000,-997204400.463
16198.000,-997204479.587
16199.000,-997204479.587
16200.000,-997204400.463
16201.000,-997204400.463
16202.000,-997204321.339
16203.000,-997204321.339
16204.000,-997204321.339
16205.000,-997204400.463
16206.000,-997204400.463
16207.000,-997204479.587
16208.000,-997204479.587
16209.000,-997204400.463
16210.000,-997204400.463
16211.000,-997204321.339
16212.000,-997204321.339
16213.000,-997204400.463
16214.000,-997204400.463
16215.000,-997204479.587
16216.000,-997204479.587
16217.000,-997204400.463
16218.000,-997204400.463
16219.000,-997204400.463
16220.000,-997204321.339
16221.000,-997204400.463
16222.000,-997204400.463
16223.000,-997204400.463
16224.000,-997204479.587
16225.000,-997204400.463
16226.000,-997204400.463
16227.000,-997204400.463
16228.000,-997204321.339
16229.000,-997204321.339
16230.000,-997204400.463
16231.000,-997204400.463
16232.000,-997204400.463
16233.000,-997204400.463
16234.000,-997204400.463
16235.000,-997204400.463
16236.000,-997204400.463
16237.000,-997204400.463
16238.000,-997204400.463
16239.000,-997204400.463
16240.000,-997204400.463
16241.000,-997204400.463
16242.000,-997204400.463
16243.000,-997204400.463
16244.000,-997204321.339
16245.000,-997204321.339
16246.000,-997204400.463
16247.000,-997204400.463
16248.000,-997204400.463
16249.000,-997204479.587
16250.000,-997204400.463
16251.000,-997204400.463
16252.000,-997204321.339
16253.000,-997204321.339
16254.000,-997204321.339
16255.000,-997204400.463
16256.000,-997204400.463
16257.000,-997204479.587
16258.000,-997204400.463
16259.000,-997204400.463
16260.000,-997204400.463
16261.000,-997204321.339
16262.000,-997204321.339
16263.000,-997204400.463
16264.000,-997204400.463
16265.000,-997204479.587
16266.000,-997204479.587
16267.000,-997204400.463
16268.000,-997204400.463
16269.000,-997204321.339
16270.000,-997204321.339
16271.000,-997204321.339
16272.000,-997204400.463
16273.000,-997204400.463
16274.000,-997204479.587
16275.000,-997204479.587
16276.000,-997204400.463
16277.000,-997204400.463
16278.000,-997204321.339
16279.000,-997204321.339
16280.000,-997204400.463
16281.000,-997204400.463
16282.000,-997204479.587
16283.000,-997204479.587
16284.000,-997204400.463
16285.000,-997204400.463
16286.000,-997204321.339
16287.000,-997204321.339
16288.000,-997204400.463
16289.000,-997204400.463
16290.000,-997204400.463
16291.000,-997204400.463
16292.000,-997204400.463
16293.000,-997204400.463
16294.000,-997204321.339
16295.000,-997204321.339
16296.000,-997204321.339
16297.000,-997204400.463
16298.000,-997204400.463
16299.000,-997204400.463
16300.000,-997204400.463
16301.000,-997204400.463
16302.000,-997204400.463
16303.000,-997204321.339
16304.000,-997204321.339
16305.000,-997204400.463
16306.000,-997204400.463
16307.000,-997204400.463
16308.000,-997204400.463
16309.000,-997204400.463
16310.000,-997204400.463
16311.000,-997204321.339
16312.000,-997204321.339
16313.000,-997204400.463
16314.000,-997204400.463
16315.000,-997204400.463
16316.000,-997204479.587
16317.000,-997204400.463
16318.000,-997204400.463
16319.000,-997204400.463
16320.000,-997204321.339
16321.000,-997204321.339
16322.000,-997204400.463
16323.000,-997204400.463
16324.000,-997204479.587
16325.000,-997204400.463
16326.000,-997204400.463
16327.000,-997204400.463
16328.000,-997204321.339
16329.000,-997204321.339
16330.000,-997204400.463
16331.000,-997204400.463
16332.000,-997204400.463
16333.000,-997204400.463
16334.000,-997204400.463
16335.000,-997204400.463
16336.000,-997204321.339
16337.000,-997204321.339
16338.000,-997204400.463
16339.000,-997204400.463
16340.000,-997204400.463
16341.000,-997204400.463
16342.000,-997204400.463
16343.000,-997204400.463
16344.000,-997204321.339
16345.000,-997204321.339
16346.000,-997204321.339
16347.000,-997204400.463
16348.000,-997204400.463
16349.000,-997204400.463
16350.000,-997204400.463
16351.000,-997204400.463
16352.000,-997204400.463
16353.000,-997204321.339
16354.000,-997204321.339
16355.000,-997204400.463
16356.000,-997204400.463
16357.000,-997204400.463
16358.000,-997204479.587
16359.000,-997204400.463
16360.000,-997204400.463
16361.000,-997204321.339
16362.000,-997204321.339
16363.000,-997204321.339
16364.000,-997204400.463
16365.000,-997204400.463
16366.000,-997204479.587
16367.000,-997204400.463
16368.000,-997204400.463
16369.000,-997204400.463
16370.000,-997204321.339
16371.000,-997204321.339
16372.000,-997204400.463
16373.000,-997204400.463
16374.000,-997204400.463
16375.000,-997204400.463
16376.000,-997204400.463
16377.000,-997204400.463
16378.000,-997204321.339
16379.000,-997204321.339
16380.000,-997204400.463
16381.000,-997204400.463
16382.000,-997204400.463
16383.000,-997204400.463
16384.000,-997204400.463
16385.000,-997204400.463
16386.000,-997204321.339
16387.000,-997204321.339
16388.000,-997204321.339
16389.000,-997204400.463
16390.000,-997204400.463
16391.000,-997204400.463
16392.000,-997204400.463
16393.000,-997204400.463
16394.000,-997204400.463
16395.000,-997204321.339
16396.000,-997204321.339
16397.000,-997204400.463
16398.000,-997204400.463
16399.000,-997204400.463
16400.000,-997204400.463
16401.000,-997204400.463
16402.000,-997204400.463
16403.000,-997204321.339
16404.000,-997204321.339
16405.000,-997204400.463
16406.000,-997204400.463
16407.000,-997204400.463
16408.000,-997204400.463
16409.000,-997204400.463
16410.000,-997204400.463
16411.000,-997204321.339
16412.000,-997204321.339
16413.000,-997204321.339
16414.000,-997204400.463
16415.000,-997204400.463
16416.000,-997204400.463
16417.000,-997204400.463
16418.000,-997204400.463
16419.000,-997204400.463
16420.000,-997204321.339
16421.000,-997204321.339
16422.000,-997204400.463
16423.000,-997204400.463
16424.000,-997204400.463
16425.000,-997204400.463
16426.000,-997204400.463
16427.000,-997204400.463
16428.000,-997204400.463
16429.000,-997204400.463
16430.000,-997204400.463
16431.000,-997204400.463
16432.000,-997204400.463
16433.000,-997204400.463
16434.000,-997204400.463
16435.000,-997204400.463
16436.000,-997204400.463
16437.000,-997204321.339
16438.000,-997204400.463
16439.000,-997204400.463
16440.000,-997204400.463
16441.000,-997204400.463
16442.000,-997204400.463
16443.000,-997204400.463
16444.000,-997204400.463
16445.000,-997204321.339
16446.000,-997204321.339
16447.000,-997204400.463
16448.000,-997204400.463
16449.000,-997204400.463
16450.000,-997204400.463
16451.000,-997204400.463
16452.000,-997204400.463
16453.000,-997204321.339
16454.000,-997204321.339
16455.000,-997204400.463
16456.000,-997204400.463
16457.000,-997204400.463
16458.000,-997204400.463
16459.000,-997204400.463
16460.000,-997204400.463
16461.000,-997204321.339
16462.000,-997204321.339
16463.000,-997204321.339
16464.000,-997204400.463
16465.000,-997204400.463
16466.000,-997204400.463
16467.000,-997204400.463
16468.000,-997204400.463
16469.000,-997204400.463
16470.000,-997204321.339
16471.000,-997204321.339
16472.000,-997204400.463
16473.000,-997204400.463
16474.000,-997204400.463
16475.000,-997204400.463
16476.000,-997204400.463
16477.000,-997204400.463
16478.000,-997204321.339
16479.000,-997204321.339
16480.000,-997204400.463
16481.000,-997204400.463
16482.000,-997204400.463
16483.000,-997204400.463
16484.000,-997204400.463
16485.000,-997204400.463
16486.000,-997204321.339
16487.000,-997204321.339
16488.000,-997204400.463
16489.000,-997204400.463
16490.000,-997204400.463
16491.000,-997204400.463
16492.000,-997204400.463
16493.000,-997204400.463
16494.000,-997204400.463
16495.000,-997204321.339
16496.000,-997204321.339
16497.000,-997204400.463
16498.000,-997204400.463
16499.000,-997204400.463
16500.000,-997204400.463
16501.000,-997204400.463
16502.000,-997204400.463
16503.000,-997204321.339
16504.000,-997204321.339
16505.000,-997204400.463
16506.000,-997204400.463
16507.000,-997204400.463
16508.000,-997204400.463
16509.000,-997204400.463
16510.000,-997204400.463
16511.000,-997204321.339
16512.000,-997204321.339
16513.000,-997204321.339
16514.000,-997204400.463
16515.000,-997204400.463
16516.000,-997204716.959
16517.000,-997204716.959
16518.000,-997204637.835
16519.000,-997204637.835
16520.000,-997204637.835
16521.000,-997204637.835
16522.000,-997204637.835
16523.000,-997204716.959
16524.000,-997204716.959
16525.000,-997204716.959
16526.000,-997204716.959
16527.000,-997204716.959
16528.000,-997204716.959
16529.000,-997204637.835
16530.000,-997204716.959
16531.000,-997204716.959
16532.000,-997204716.959
16533.000,-997204716.959
16534.000,-997204716.959
16535.000,-997204716.959
16536.000,-997204716.959
16537.000,-997204716.959
16538.000,-997204716.959
16539.000,-997204716.959
16540.000,-997204716.959
16541.000,-997204716.959
16542.000,-997204796.083
16543.000,-997204716.959
16544.000,-997204716.959
16545.000,-997204716.959
16546.000,-997204716.959
16547.000,-997204716.959
16548.000,-997204716.959
16549.000,-997204796.083
16550.000,-997204796.083
16551.000,-997204716.959
16552.000,-997204716.959
16553.000,-997204716.959
16554.000,-997204716.959
16555.000,-997204716.959
16556.000,-997204716.959
16557.000,-997204796.083
16558.000,-997204796.083
16559.000,-997204716.959
16560.000,-997204716.959
16561.000,-997204716.959
16562.000,-997204716.959
16563.000,-997204716.959
16564.000,-997204716.959
16565.000,-997204796.083
16566.000,-997204796.083
16567.000,-997204796.083
16568.000,-997204716.959
16569.000,-997204716.959
16570.000,-997204716.959
16571.000,-997204716.959
16572.000,-997204716.959
16573.000,-997204796.083
16574.000,-997204796.083
16575.000,-997204796.083
16576.000,-997204796.083
16577.000,-997204716.959
16578.000,-997204716.959
16579.000,-997204716.959
16580.000,-997204716.959
16581.000,-997204796.083
16582.000,-997204796.083
16583.000,-997204796.083
16584.000,-997204796.083
16585.000,-997204716.959
16586.000,-997204716.959
16587.000,-997204716.959
16588.000,-997204716.959
16589.000,-997204716.959
16590.000,-997204796.083
16591.000,-997204796.083
16592.000,-997204796.083
16593.000,-997204796.083
16594.000,-997204716.959
16595.000,-997204716.959
16596.000,-997204716.959
16597.000,-997204716.959
16598.000,-997204796.083
16599.000,-997204796.083
16600.000,-997204796.083
16601.000,-997204796.083
16602.000,-997204716.959
16603.000,-997204716.959
16604.000,-997204716.959
16605.000,-997204716.959
16606.000,-997204716.959
16607.000,-997204796.083
16608.000,-997204796.083
16609.000,-997204796.083
16610.000,-997204716.959
16611.000,-997204716.959
16612.000,-997204716.959
16613.000,-997204716.959
16614.000,-997204796.083
16615.000,-997204796.083
16616.000,-997204796.083
16617.000,-997204796.083
16618.000,-997204716.959
16619.000,-997204716.959
16620.000,-997204716.959
16621.000,-997204716.959
16622.000,-997204796.083
16623.000,-997204796.083
16624.000,-997204796.083
16625.000,-997204796.083
16626.000,-997204796.083
16627.000,-997204716.959
16628.000,-997204716.959
16629.000,-997204716.959
16630.000,-997204716.959
16631.000,-997204796.083
16632.000,-997204796.083
16633.000,-997204796.083
16634.000,-997204796.083
16635.000,-997204796.083
16636.000,-997204716.959
16637.000,-997204716.959
16638.000,-997204716.959
16639.000,-997204716.959
16640.000,-997204796.083
16641.000,-997204796.083
16642.000,-997204796.083
16643.000,-997204796.083
16644.000,-997204716.959
16645.000,-997204716.959
16646.000,-997204716.959
16647.000,-997204716.959
16648.000,-997204796.083
16649.000,-997204796.083
16650.000,-997204796.083
16651.000,-997204796.083
16652.000,-997204796.083
16653.000,-997204716.959
16654.000,-997204716.959
16655.000,-997204716.959
16656.000,-997204716.959
16657.000,-997204796.083
16658.000,-997204796.083
16659.000,-997204796.083
16660.000,-997204796.083
16661.000,-997204716.959
16662.000,-997204716.959
16663.000,-997204716.959
16664.000,-997204796.083
16665.000,-997204796.083
16666.000,-997204796.083
16667.000,-997204796.083
16668.000,-997204796.083
16669.000,-997204716.959
16670.000,-997204716.959
16671.000,-997204716.959
16672.000,-997204796.083
16673.000,-997204796.083
16674.000,-997204796.083
16675.000,-997204796.083
16676.000,-997204796.083
16677.000,-997204716.959
16678.000,-997204716.959
16679.000,-997204716.959
16680.000,-997204796.083
16681.000,-997204796.083
16682.000,-997204796.083
16683.000,-997204796.083
16684.000,-997204796.083
16685.000,-997204716.959
16686.000,-997204716.959
16687.000,-997204716.959
16688.000,-997204716.959
16689.000,-997204796.083
16690.000,-997204796.083
16691.000,-997204796.083
16692.000,-997204796.083
16693.000,-997204796.083
16694.000,-997204716.959
16695.000,-997204716.959
16696.000,-997204716.959
16697.000,-997204796.083
16698.000,-997204796.083
16699.000,-997204796.083
16700.000,-997204796.083
16701.000,-997204796.083
16702.000,-997204716.959
16703.000,-997204716.959
16704.000,-997204716.959
16705.000,-997204716.959
16706.000,-997204796.083
16707.000,-997204796.083
16708.000,-997204796.083
16709.000,-997204796.083
16710.000,-997204796.083
16711.000,-997204716.959
16712.000,-997204716.959
16713.000,-997204716.959
16714.000,-997204716.959
16715.000,-997204796.083
16716.000,-997204796.083
16717.000,-997204796.083
16718.000,-997204796.083
16719.000,-997204716.959
16720.000,-997204716.959
16721.000,-997204716.959
16722.000,-997204716.959
16723.000,-997204796.083
16724.000,-997204796.083
16725.000,-997204796.083
16726.000,-997204796.083
16727.000,-997204796.083
16728.000,-997204716.959
16729.000,-997204716.959
16730.000,-997204716.959
16731.000,-997204796.083
16732.000,-997204796.083
16733.000,-997204796.083
16734.000,-997204796.083
16735.000,-997204796.083
16736.000,-997204716.959
16737.000,-997204716.959
16738.000,-997204716.959
16739.000,-997204796.083
16740.000,-997204796.083
16741.000,-997204796.083
16742.000,-997204796.083
16743.000,-997204796.083
16744.000,-997204716.959
16745.000,-997204716.959
16746.000,-997204716.959
16747.000,-997204796.083
16748.000,-997204796.083
16749.000,-997204796.083
16750.000,-997204796.083
16751.000,-997204796.083
16752.000,-997204716.959
16753.000,-997204716.959
16754.000,-997204716.959
16755.000,-997204716.959
16756.000,-997204796.083
16757.000,-997204796.083
16758.000,-997204796.083
16759.000,-997204796.083
16760.000,-997204796.083
16761.000,-997204716.959
16762.000,-997204716.959
16763.000,-997204716.959
16764.000,-997204796.083
16765.000,-997204796.083
16766.000,-997204875.206
16767.000,-997204796.083
16768.000,-997204796.083
16769.000,-997204716.959
16770.000,-997204716.959
16771.000,-997204716.959
16772.000,-997204716.959
16773.000,-997204796.083
16774.000,-997204796.083
16775.000,-997204796.083
16776.000,-997204796.083
16777.000,-997204796.083
16778.000,-997204716.959
16779.000,-997204716.959
16780.000,-997204716.959
16781.000,-997204796.083
16782.000,-997204796.083
16783.000,-997204796.083
16784.000,-997204796.083
16785.000,-997204796.083
16786.000,-997204716.959
16787.000,-997204716.959
16788.000,-997204716.959
16789.000,-997204796.083
16790.000,-997204796.083
16791.000,-997204796.083
16792.000,-997204796.083
16793.000,-997204796.083
16794.000,-997204716.959
16795.000,-997204716.959
16796.000,-997204716.959
16797.000,-997204796.083
16798.000,-997204796.083
16799.000,-997204796.083
16800.000,-997204796.083
16801.000,-997204796.083
16802.000,-997204716.959
16803.000,-997204716.959
16804.000,-997204716.959
16805.000,-997204716.959
16806.000,-997204796.083
16807.000,-997204796.083
16808.000,-997204796.083
16809.000,-997204796.083
16810.000,-997204796.083
16811.000,-997204716.959
16812.000,-997204716.959
16813.000,-997204716.959
16814.000,-997204796.083
16815.000,-997204796.083
16816.000,-997204875.206
16817.000,-997204796.083
16818.000,-997204796.083
16819.000,-997204716.959
16820.000,-997204716.959
16821.000,-997204716.959
16822.000,-997204716.959
16823.000,-997204796.083
16824.000,-997204796.083
16825.000,-997204875.206
16826.000,-997204796.083
16827.000,-997204796.083
16828.000,-997204716.959
16829.000,-997204716.959
16830.000,-997204716.959
16831.000,-997204796.083
16832.000,-997204796.083
16833.000,-997204796.083
16834.000,-997204796.083
16835.000,-997204796.083
16836.000,-997204716.959
16837.000,-997204716.959
16838.000,-997204716.959
16839.000,-997204796.083
16840.000,-997204796.083
16841.000,-997204796.083
16842.000,-997204796.083
16843.000,-997204796.083
16844.000,-997204796.083
16845.000,-997204716.959
16846.000,-997204716.959
16847.000,-997204716.959
16848.000,-997204796.083
16849.000,-997204796.083
16850.000,-997204796.083
16851.000,-997204796.083
16852.000,-997204796.083
16853.000,-997204716.959
16854.000,-997204716.959
16855.000,-997204716.959
16856.000,-997204796.083
16857.000,-997204796.083
16858.000,-997204796.083
16859.000,-997204796.083
16860.000,-997204796.083
16861.000,-997204716.959
16862.000,-997204716.959
16863.000,-997204716.959
16864.000,-997204796.083
16865.000,-997204796.083
16866.000,-997204796.083
16867.000,-997204796.083
16868.000,-997204796.083
16869.000,-997204716.959
16870.000,-997204716.959
16871.000,-997204716.959
16872.000,-997204716.959
16873.000,-997204796.083
16874.000,-997204796.083
16875.000,-997204796.083
16876.000,-997204796.083
16877.000,-997204796.083
16878.000,-997204716.959
16879.000,-997204716.959
16880.000,-997204716.959
16881.000,-997204796.083
16882.000,-997204796.083
16883.000,-997204796.083
16884.000,-997204796.083
16885.000,-997204796.083
16886.000,-997204716.959
16887.000,-997204716.959
16888.000,-997204716.959
16889.000,-997204796.083
16890.000,-997204796.083
16891.000,-997204796.083
16892.000,-997204796.083
16893.000,-997204796.083
16894.000,-997204796.083
16895.000,-997204716.959
16896.000,-997204716.959
16897.000,-997204716.959
16898.000,-997204796.083
16899.000,-997204796.083
16900.000,-997204796.083
16901.000,-997204796.083
16902.000,-997204796.083
16903.000,-997204716.959
16904.000,-997204716.959
16905.000,-997204716.959
16906.000,-997204796.083
16907.000,-997204796.083
16908.000,-997204796.083
16909.000,-997204796.083
16910.000,-997204796.083
16911.000,-997204716.959
16912.000,-997204716.959
16913.000,-997204716.959
16914.000,-997204796.083
16915.000,-997204796.083
16916.000,-997204796.083
16917.000,-997204796.083
16918.000,-997204796.083
16919.000,-997204716.959
16920.000,-997204716.959
16921.000,-997204716.959
16922.000,-997204796.083
16923.000,-997204796.083
16924.000,-997204796.083
16925.000,-997204796.083
16926.000,-997204796.083
16927.000,-997204716.959
16928.000,-997204716.959
16929.000,-997204716.959
16930.000,-997204716.959
16931.000,-997204796.083
16932.000,-997204796.083
16933.000,-997204875.206
16934.000,-997204796.083
16935.000,-997204796.083
16936.000,-997204716.959
16937.000,-997204716.959
16938.000,-997204716.959
16939.000,-997204796.083
16940.000,-997204796.083
16941.000,-997204796.083
16942.000,-997204796.083
16943.000,-997204796.083
16944.000,-997204796.083
16945.000,-997204716.959
16946.000,-997204716.959
16947.000,-997204716.959
16948.000,-997204796.083
16949.000,-997204796.083
16950.000,-997204796.083
16951.000,-997204796.083
16952.000,-997204796.083
16953.000,-997204716.959
16954.000,-997204716.959
16955.000,-997204716.959
16956.000,-997204796.083
16957.000,-997204796.083
16958.000,-997204796.083
16959.000,-997204796.083
16960.000,-997204796.083
16961.000,-997204716.959
16962.000,-997204716.959
16963.000,-997204716.959
16964.000,-997204796.083
16965.000,-997204796.083
16966.000,-997204796.083
16967.000,-997204796.083
16968.000,-997204796.083
16969.000,-997204716.959
16970.000,-997204716.959
16971.000,-997204716.959
16972.000,-997204796.083
16973.000,-997204796.083
16974.000,-997204796.083
16975.000,-997204796.083
16976.000,-997204796.083
16977.000,-997204716.959
16978.000,-997204716.959
16979.000,-997204716.959
16980.000,-997204716.959
16981.000,-997204796.083
16982.000,-997204875.206
16983.000,-997204875.206
16984.000,-997204796.083
16985.000,-997204796.083
16986.000,-997204716.959
16987.000,-997204716.959
16988.000,-997204716.959
16989.000,-997204796.083
16990.000,-997204796.083
16991.000,-997204875.206
16992.000,-997204875.206
16993.000,-997204796.083
16994.000,-997204796.083
16995.000,-997204716.959
16996.000,-997204716.959
16997.000,-997204716.959
16998.000,-997204796.083
16999.000,-997204796.083
17000.000,-997204796.083
17001.000,-997204796.083
17002.000,-997204796.083
17003.000,-997204716.959
17004.000,-997204716.959
17005.000,-997204716.959
17006.000,-997204796.083
17007.000,-997204796.083
17008.000,-997204796.083
17009.000,-997204796.083
17010.000,-997204796.083
17011.000,-997204796.083
17012.000,-997204716.959
17013.000,-997204716.959
17014.000,-997204796.083
17015.000,-997204796.083
17016.000,-997204479.587
17017.000,-997204479.587
17018.000,-997204479.587
17019.000,-997204479.587
17020.000,-997204400.463
17021.000,-997204479.587
17022.000,-997204479.587
17023.000,-997204479.587
17024.000,-997204479.587
17025.000,-997204479.587
17026.000,-997204479.587
17027.000,-997204400.463
17028.000,-997204400.463
17029.000,-997204400.463
17030.000,-997204400.463
17031.000,-997204479.587
17032.000,-997204479.587
17033.000,-997204479.587
17034.000,-997204479.587
17035.000,-997204400.463
17036.000,-997204400.463
17037.000,-997204400.463
17038.000,-997204400.463
17039.000,-997204479.587
17040.000,-997204479.587
17041.000,-997204479.587
17042.000,-997204479.587
17043.000,-997204400.463
17044.000,-997204400.463
17045.000,-997204400.463
17046.000,-997204400.463
17047.000,-997204400.463
17048.000,-997204479.587
17049.000,-997204479.587
17050.000,-997204479.587
17051.000,-997204479.587
17052.000,-997204400.463
17053.000,-997204400.463
17054.000,-997204400.463
17055.000,-997204400.463
17056.000,-997204479.587
17057.000,-997204479.587
17058.000,-997204479.587
17059.000,-997204479.587
17060.000,-997204400.463
17061.000,-997204400.463
17062.000,-997204400.463
17063.000,-997204400.463
17064.000,-997204400.463
17065.000,-997204479.587
17066.000,-997204479.587
17067.000,-997204479.587
17068.000,-997204400.463
17069.000,-997204400.463
17070.000,-997204321.339
17071.000,-997204400.463
17072.000,-997204400.463
17073.000,-997204400.463
17074.000,-997204479.587
17075.000,-997204479.587
17076.000,-997204479.587
17077.000,-997204400.463
17078.000,-997204400.463
17079.000,-997204400.463
17080.000,-997204400.463
17081.000,-997204400.463
17082.000,-997204479.587
17083.000,-997204479.587
17084.000,-997204479.587
17085.000,-997204400.463
17086.000,-997204400.463
17087.000,-997204400.463
17088.000,-997204400.463
17089.000,-997204400.463
17090.000,-997204479.587
17091.000,-997204479.587
17092.000,-997204479.587
17093.000,-997204400.463
17094.000,-997204400.463
17095.000,-997204400.463
17096.000,-997204400.463
17097.000,-997204400.463
17098.000,-997204479.587
17099.000,-997204479.587
17100.000,-997204479.587
17101.000,-997204400.463
17102.000,-997204400.463
17103.000,-997204400.463
17104.000,-997204400.463
17105.000,-997204400.463
17106.000,-997204400.463
17107.000,-997204479.587
17108.000,-997204479.587
17109.000,-997204400.463
17110.000,-997204400.463
17111.000,-997204400.463
17112.000,-997204321.339
17113.000,-997204400.463
17114.000,-997204400.463
17115.000,-997204479.587
17116.000,-997204479.587
17117.000,-997204479.587
17118.000,-997204400.463
17119.000,-997204400.463
17120.000,-997204321.339
17121.000,-997204321.339
17122.000,-997204400.463
17123.000,-997204400.463
17124.000,-997204479.587
17125.000,-997204479.587
17126.000,-997204400.463
17127.000,-997204400.463
17128.000,-997204321.339
17129.000,-997204321.339
17130.000,-997204400.463
17131.000,-997204400.463
17132.000,-997204479.587
17133.000,-997204479.587
17134.000,-997204400.463
17135.000,-997204400.463
17136.000,-997204400.463
17137.000,-997204321.339
17138.000,-997204400.463
17139.000,-997204400.463
17140.000,-997204479.587
17141.000,-997204479.587
17142.000,-997204400.463
17143.000,-997204400.463
17144.000,-997204400.463
17145.000,-997204321.339
17146.000,-997204400.463
17147.000,-997204400.463
17148.000,-997204479.587
17149.000,-997204479.587
17150.000,-997204479.587
17151.000,-997204400.463
17152.000,-997204400.463
17153.000,-997204321.339
17154.000,-997204321.339
17155.000,-997204400.463
17156.000,-997204400.463
17157.000,-997204479.587
17158.000,-997204479.587
17159.000,-997204400.463
17160.000,-997204400.463
17161.000,-997204321.339
17162.000,-997204321.339
17163.000,-997204400.463
17164.000,-997204400.463
17165.000,-997204479.587
17166.000,-997204479.587
17167.000,-997204400.463
17168.000,-997204400.463
17169.000,-997204321.339
17170.000,-997204321.339
17171.000,-997204321.339
17172.000,-997204400.463
17173.000,-997204479.587
17174.000,-997204479.587
17175.000,-997204479.587
17176.000,-997204400.463
17177.000,-997204400.463
17178.000,-997204321.339
17179.000,-997204321.339
17180.000,-997204400.463
17181.000,-997204400.463
17182.000,-997204479.587
17183.000,-997204479.587
17184.000,-997204400.463
17185.000,-997204400.463
17186.000,-997204321.339
17187.000,-997204321.339
17188.000,-997204321.339
17189.000,-997204400.463
17190.000,-997204479.587
17191.000,-997204479.587
17192.000,-997204479.587
17193.000,-997204400.463
17194.000,-997204321.339
17195.000,-997204321.339
17196.000,-997204321.339
17197.000,-997204400.463
17198.000,-997204400.463
17199.000,-997204479.587
17200.000,-997204479.587
17201.000,-997204400.463
17202.000,-997204400.463
17203.000,-997204321.339
17204.000,-997204321.339
17205.000,-997204400.463
17206.000,-997204400.463
17207.000,-997204479.587
17208.000,-997204479.587
17209.000,-997204400.463
17210.000,-997204400.463
17211.000,-997204321.339
17212.000,-997204321.339
17213.000,-997204321.339
17214.000,-997204400.463
17215.000,-997204400.463
17216.000,-997204479.587
17217.000,-997204400.463
17218.000,-997204400.463
17219.000,-997204400.463
17220.000,-997204321.339
17221.000,-997204321.339
17222.000,-997204400.463
17223.000,-997204400.463
17224.000,-997204479.587
17225.000,-997204479.587
17226.000,-997204400.463
17227.000,-997204400.463
17228.000,-997204321.339
17229.000,-997204321.339
17230.000,-997204400.463
17231.000,-997204400.463
17232.000,-997204479.587
17233.000,-997204479.587
17234.000,-997204400.463
17235.000,-997204400.463
17236.000,-997204321.339
17237.000,-997204321.339
17238.000,-997204400.463
17239.000,-997204400.463
17240.000,-997204479.587
17241.000,-997204479.587
17242.000,-997204400.463
17243.000,-997204400.463
17244.000,-997204321.339
17245.000,-997204321.339
17246.000,-997204321.339
17247.000,-997204400.463
17248.000,-997204400.463
17249.000,-997204479.587
17250.000,-997204479.587
17251.000,-997204400.463
17252.000,-997204400.463
17253.000,-997204321.339
17254.000,-997204321.339
17255.000,-997204400.463
17256.000,-997204400.463
17257.000,-997204479.587
17258.000,-997204479.587
17259.000,-997204400.463
17260.000,-997204400.463
17261.000,-997204321.339
17262.000,-997204321.339
17263.000,-997204321.339
17264.000,-997204400.463
17265.000,-997204400.463
17266.000,-997204479.587
17267.000,-997204400.463
17268.000,-997204400.463
17269.000,-997204400.463
17270.000,-997204321.339
17271.000,-997204321.339
17272.000,-997204400.463
17273.000,-997204400.463
17274.000,-997204400.463
17275.000,-997204400.463
17276.000,-997204400.463
17277.000,-997204400.463
17278.000,-997204321.339
17279.000,-997204321.339
17280.000,-997204400.463
17281.000,-997204400.463
17282.000,-997204400.463
17283.000,-997204400.463
17284.000,-997204400.463
17285.000,-997204400.463
17286.000,-997204321.339
17287.000,-997204321.339
17288.000,-997204400.463
17289.000,-997204400.463
17290.000,-997204479.587
17291.000,-997204479.587
17292.000,-997204400.463
17293.000,-997204400.463
17294.000,-997204321.339
17295.000,-997204321.339
17296.000,-997204321.339
17297.000,-997204400.463
17298.000,-997204400.463
17299.000,-997204479.587
17300.000,-997204479.587
17301.000,-997204400.463
17302.000,-997204400.463
17303.000,-997204321.339
17304.000,-997204321.339
17305.000,-997204400.463
17306.000,-997204400.463
17307.000,-997204479.587
17308.000,-997204479.587
17309.000,-997204400.463
17310.000,-997204400.463
17311.000,-997204321.339
17312.000,-997204321.339
17313.000,-997204321.339
17314.000,-997204400.463
17315.000,-997204400.463
17316.000,-997204479.587
17317.000,-997204400.463
17318.000,-997204400.463
17319.000,-997204400.463
17320.000,-997204321.339
17321.000,-997204321.339
17322.000,-997204400.463
17323.000,-997204400.463
17324.000,-997204400.463
17325.000,-997204400.463
17326.000,-997204400.463
17327.000,-997204400.463
17328.000,-997204321.339
17329.000,-997204321.339
17330.000,-997204400.463
17331.000,-997204400.463
17332.000,-997204400.463
17333.000,-997204400.463
17334.000,-997204400.463
17335.000,-997204400.463
17336.000,-997204321.339
17337.000,-997204321.339
17338.000,-997204400.463
17339.000,-997204400.463
17340.000,-997204400.463
17341.000,-997204479.587
17342.000,-997204400.463
17343.000,-997204400.463
17344.000,-997204321.339
17345.000,-997204321.339
17346.000,-997204321.339
17347.000,-997204400.463
17348.000,-997204400.463
17349.000,-997204400.463
17350.000,-997204400.463
17351.000,-997204400.463
17352.000,-997204400.463
17353.000,-997204321.339
17354.000,-997204321.339
17355.000,-997204400.463
17356.000,-997204400.463
17357.000,-997204400.463
17358.000,-997204400.463
17359.000,-997204400.463
17360.000,-997204400.463
17361.000,-997204321.339
17362.000,-997204321.339
17363.000,-997204321.339
17364.000,-997204400.463
17365.000,-997204400.463
17366.000,-997204400.463
17367.000,-997204400.463
17368.000,-997204400.463
17369.000,-997204400.463
17370.000,-997204321.339
17371.000,-997204321.339
17372.000,-997204400.463
17373.000,-997204400.463
17374.000,-997204400.463
17375.000,-997204400.463
17376.000,-997204400.463
17377.000,-997204400.463
17378.000,-997204321.339
17379.000,-997204321.339
17380.000,-997204400.463
17381.000,-997204400.463
17382.000,-997204400.463
17383.000,-997204400.463
17384.000,-997204400.463
17385.000,-997204400.463
17386.000,-997204321.339
17387.000,-997204321.339
17388.000,-997204400.463
17389.000,-997204400.463
17390.000,-997204400.463
17391.000,-997204400.463
17392.000,-997204400.463
17393.000,-997204400.463
17394.000,-997204321.339
17395.000,-997204321.339
17396.000,-997204321.339
17397.000,-997204400.463
17398.000,-997204400.463
17399.000,-997204400.463
17400.000,-997204400.463
17401.000,-997204400.463
17402.000,-997204321.339
17403.000,-997204321.339
17404.000,-997204321.339
17405.000,-997204400.463
17406.000,-997204400.463
17407.000,-997204479.587
17408.000,-997204400.463
17409.000,-997204400.463
17410.000,-997204400.463
17411.000,-997204321.339
17412.000,-997204321.339
17413.000,-997204400.463
17414.000,-997204400.463
17415.000,-997204400.463
17416.000,-997204479.587
17417.000,-997204400.463
17418.000,-997204400.463
17419.000,-997204321.339
17420.000,-997204321.339
17421.000,-997204321.339
17422.000,-997204400.463
17423.000,-997204400.463
17424.000,-997204479.587
17425.000,-997204400.463
17426.000,-997204400.463
17427.000,-997204400.463
17428.000,-997204321.339
17429.000,-997204321.339
17430.000,-997204321.339
17431.000,-997204400.463
17432.000,-997204400.463
17433.000,-997204400.463
17434.000,-997204400.463
17435.000,-997204400.463
17436.000,-997204321.339
17437.000,-997204321.339
17438.000,-997204321.339
17439.000,-997204400.463
17440.000,-997204400.463
17441.000,-997204400.463
17442.000,-997204400.463
17443.000,-997204400.463
17444.000,-997204400.463
17445.000,-997204321.339
17446.000,-997204321.339
17447.000,-997204400.463
17448.000,-997204400.463
17449.000,-997204400.463
17450.000,-997204400.463
17451.000,-997204400.463
17452.000,-997204400.463
17453.000,-997204321.339
17454.000,-997204400.463
17455.000,-997204400.463
17456.000,-997204400.463
17457.000,-997204400.463
17458.000,-997204400.463
17459.000,-997204400.463
17460.000,-997204400.463
17461.000,-997204321.339
17462.000,-997204321.339
17463.000,-997204400.463
17464.000,-997204400.463
17465.000,-997204400.463
17466.000,-997204400.463
17467.000,-997204400.463
17468.000,-997204400.463
17469.000,-997204321.339
17470.000,-997204321.339
17471.000,-997204321.339
17472.000,-997204400.463
17473.000,-997204400.463
17474.000,-997204479.587
17475.000,-997204400.463
17476.000,-997204400.463
17477.000,-997204321.339
17478.000,-997204321.339
17479.000,-997204321.339
17480.000,-997204400.463
17481.000,-997204400.463
17482.000,-997204400.463
17483.000,-997204479.587
17484.000,-997204400.463
17485.000,-997204400.463
17486.000,-997204321.339
17487.000,-997204321.339
17488.000,-997204321.339
17489.000,-997204400.463
17490.000,-997204400.463
17491.000,-997204400.463
17492.000,-997204400.463
17493.000,-997204400.463
17494.000,-997204400.463
17495.000,-997204321.339
17496.000,-997204321.339
17497.000,-997204400.463
17498.000,-997204400.463
17499.000,-997204400.463
17500.000,-997204400.463
17501.000,-997204400.463
17502.000,-997204400.463
17503.000,-997204321.339
17504.000,-997204321.339
17505.000,-997204400.463
17506.000,-997204400.463
17507.000,-997204400.463
17508.000,-997204400.463
17509.000,-997204400.463
17510.000,-997204400.463
17511.000,-997204321.339
17512.000,-997204321.339
17513.000,-997204400.463
17514.000,-997204400.463
17515.000,-997204400.463
17516.000,-997204716.959
17517.000,-997204716.959
17518.000,-997204637.835
17519.000,-997204637.835
17520.000,-997204637.835
17521.000,-997204637.835
17522.000,-997204716.959
17523.000,-997204716.959
17524.000,-997204716.959
17525.000,-997204716.959
17526.000,-997204716.959
17527.000,-997204637.835
17528.000,-997204637.835
17529.000,-997204637.835
17530.000,-997204716.959
17531.000,-997204716.959
17532.000,-997204796.083
17533.000,-997204796.083
17534.000,-997204716.959
17535.000,-997204716.959
17536.000,-997204637.835
17537.000,-997204637.835
17538.000,-997204716.959
17539.000,-997204716.959
17540.000,-997204796.083
17541.000,-997204796.083
17542.000,-997204796.083
17543.000,-997204716.959
17544.000,-997204716.959
17545.000,-997204637.835
17546.000,-997204716.959
17547.000,-997204716.959
17548.000,-997204796.083
17549.000,-997204796.083
17550.000,-997204796.083
17551.000,-997204796.083
17552.000,-997204716.959
17553.000,-997204716.959
17554.000,-997204716.959
17555.000,-997204716.959
17556.000,-997204716.959
17557.000,-997204796.083
17558.000,-997204796.083
17559.000,-997204796.083
17560.000,-997204716.959
17561.000,-997204716.959
17562.000,-997204716.959
17563.000,-997204716.959
17564.000,-997204716.959
17565.000,-997204796.083
17566.000,-997204796.083
17567.000,-997204796.083
17568.000,-997204716.959
17569.000,-997204716.959
17570.000,-997204716.959
17571.000,-997204716.959
17572.000,-997204716.959
17573.000,-997204796.083
17574.000,-997204796.083
17575.000,-997204716.959
17576.000,-997204716.959
17577.000,-997204716.959
17578.000,-997204716.959
17579.000,-997204716.959
17580.000,-997204716.959
17581.000,-997204796.083
17582.000,-997204796.083
17583.000,-997204796.083
17584.000,-997204716.959
17585.000,-997204716.959
17586.000,-997204716.959
17587.000,-997204716.959
17588.000,-997204716.959
17589.000,-997204796.083
17590.000,-997204796.083
17591.000,-997204796.083
17592.000,-997204796.083
17593.000,-997204716.959
17594.000,-997204716.959
17595.000,-997204716.959
17596.000,-997204716.959
17597.000,-997204796.083
17598.000,-997204796.083
17599.000,-997204796.083
17600.000,-997204796.083
17601.000,-997204796.083
17602.000,-997204716.959
17603.000,-997204716.959
17604.000,-997204716.959
17605.000,-997204716.959
17606.000,-997204796.083
17607.000,-997204796.083
17608.000,-997204796.083
17609.000,-997204796.083
17610.000,-997204716.959
17611.000,-997204716.959
17612.000,-997204716.959
17613.000,-997204716.959
17614.000,-997204716.959
17615.000,-997204796.083
17616.000,-997204796.083
17617.000,-997204796.083
17618.000,-997204796.083
17619.000,-997204716.959
17620.000,-997204716.959
17621.000,-997204716.959
17622.000,-997204716.959
17623.000,-997204796.083
17624.000,-997204796.083
17625.000,-997204796.083
17626.000,-997204796.083
17627.000,-997204716.959
17628.000,-997204716.959
17629.000,-997204716.959
17630.000,-997204716.959
17631.000,-997204796.083
17632.000,-997204796.083
17633.000,-997204796.083
17634.000,-997204796.083
17635.000,-997204716.959
17636.000,-997204716.959
17637.000,-997204716.959
17638.000,-997204716.959
17639.000,-997204796.083
17640.000,-997204796.083
17641.000,-997204796.083
17642.000,-997204796.083
17643.000,-997204716.959
17644.000,-997204716.959
17645.000,-997204716.959
17646.000,-997204716.959
17647.000,-997204796.083
17648.000,-997204796.083
17649.000,-997204796.083
17650.000,-997204796.083
17651.000,-997204716.959
17652.000,-997204716.959
17653.000,-997204716.959
17654.000,-997204716.959
17655.000,-997204716.959
17656.000,-997204796.083
17657.000,-997204796.083
17658.000,-997204796.083
17659.000,-997204796.083
17660.000,-997204716.959
17661.000,-997204716.959
17662.000,-997204716.959
17663.000,-997204716.959
17664.000,-997204796.083
17665.000,-997204796.083
17666.000,-997204796.083
17667.000,-997204796.083
17668.000,-997204796.083
17669.000,-997204716.959
17670.000,-997204716.959
17671.000,-997204716.959
17672.000,-997204716.959
17673.000,-997204796.083
17674.000,-997204796.083
17675.000,-997204796.083
17676.000,-997204796.083
17677.000,-997204796.083
17678.000,-997204716.959
17679.000,-997204716.959
17680.000,-997204716.959
17681.000,-997204796.083
17682.000,-997204796.083
17683.000,-997204796.083
17684.000,-997204796.083
17685.000,-997204796.083
17686.000,-997204716.959
17687.000,-997204716.959
17688.000,-997204716.959
17689.000,-997204796.083
17690.000,-997204796.083
17691.000,-997204796.083
17692.000,-997204796.083
17693.000,-997204796.083
17694.000,-997204716.959
17695.000,-997204716.959
17696.000,-997204716.959
17697.000,-997204716.959
17698.000,-997204796.083
17699.000,-997204796.083
17700.000,-997204796.083
17701.000,-997204796.083
17702.000,-997204716.959
17703.000,-997204716.959
17704.000,-997204716.959
17705.000,-997204716.959
17706.000,-997204796.083
17707.000,-997204796.083
17708.000,-997204796.083
17709.000,-997204796.083
17710.000,-997204796.083
17711.000,-997204716.959
17712.000,-997204716.959
17713.000,-997204716.959
17714.000,-997204796.083
17715.000,-997204796.083
17716.000,-997204796.083
17717.000,-997204796.083
17718.000,-997204796.083
17719.000,-997204716.959
17720.000,-997204716.959
17721.000,-997204716.959
17722.000,-997204716.959
17723.000,-997204796.083
17724.000,-997204796.083
17725.000,-997204796.083
17726.000,-997204796.083
17727.000,-997204716.959
17728.000,-997204716.959
17729.000,-997204716.959
17730.000,-997204716.959
17731.000,-997204796.083
17732.000,-997204796.083
17733.000,-997204796.083
17734.000,-997204796.083
17735.000,-997204796.083
17736.000,-997204716.959
17737.000,-997204716.959
17738.000,-997204716.959
17739.000,-997204796.083
17740.000,-997204796.083
17741.000,-997204796.083
17742.000,-997204796.083
17743.000,-997204796.083
17744.000,-997204716.959
17745.000,-997204716.959
17746.000,-997204716.959
17747.000,-997204796.083
17748.000,-997204796.083
17749.000,-997204796.083
17750.000,-997204796.083
17751.000,-997204796.083
17752.000,-997204716.959
17753.000,-997204716.959
17754.000,-997204716.959
17755.000,-997204716.959
17756.000,-997204796.083
17757.000,-997204796.083
17758.000,-997204796.083
17759.000,-997204796.083
17760.000,-997204796.083
17761.000,-997204716.959
17762.000,-997204716.959
17763.000,-997204716.959
17764.000,-997204796.083
17765.000,-997204796.083
17766.000,-997204796.083
17767.000,-997204796.083
17768.000,-997204796.083
17769.000,-997204716.959
17770.000,-997204716.959
17771.000,-997204716.959
17772.000,-997204716.959
17773.000,-997204796.083
17774.000,-997204796.083
17775.000,-997204796.083
17776.000,-997204796.083
17777.000,-997204716.959
17778.000,-997204716.959
17779.000,-997204716.959
17780.000,-997204716.959
17781.000,-997204796.083
17782.000,-997204796.083
17783.000,-997204796.083
17784.000,-997204796.083
17785.000,-997204796.083
17786.000,-997204716.959
17787.000,-997204716.959
17788.000,-997204716.959
17789.000,-997204716.959
17790.000,-997204796.083
17791.000,-997204796.083
17792.000,-997204796.083
17793.000,-997204796.083
17794.000,-997204796.083
17795.000,-997204716.959
17796.000,-997204716.959
17797.000,-997204716.959
17798.000,-997204796.083
17799.000,-997204796.083
17800.000,-997204796.083
17801.000,-997204796.083
17802.000,-997204796.083
17803.000,-997204716.959
17804.000,-997204716.959
17805.000,-997204716.959
17806.000,-997204796.083
17807.000,-997204796.083
17808.000,-997204796.083
17809.000,-997204796.083
17810.000,-997204796.083
17811.000,-997204716.959
17812.000,-997204716.959
17813.000,-997204716.959
17814.000,-997204796.083
17815.000,-997204796.083
17816.000,-997204796.083
17817.000,-997204796.083
17818.000,-997204796.083
17819.000,-997204716.959
17820.000,-997204716.959
17821.000,-997204716.959
17822.000,-997204796.083
17823.000,-997204796.083
17824.000,-997204796.083
17825.000,-997204796.083
17826.000,-997204796.083
17827.000,-997204796.083
17828.000,-997204716.959
17829.000,-997204716.959
17830.000,-997204716.959
17831.000,-997204796.083
17832.000,-997204796.083
17833.000,-997204796.083
17834.000,-997204796.083
17835.000,-997204796.083
17836.000,-997204716.959
17837.000,-997204716.959
17838.000,-997204716.959
17839.000,-997204796.083
17840.000,-997204796.083
17841.000,-997204796.083
17842.000,-997204796.083
17843.000,-997204796.083
17844.000,-997204796.083
17845.000,-997204716.959
17846.000,-997204716.959
17847.000,-997204716.959
17848.000,-997204796.083
17849.000,-997204796.083
17850.000,-997204796.083
17851.000,-997204796.083
17852.000,-997204796.083
17853.000,-997204716.959
17854.000,-997204716.959
17855.000,-997204716.959
17856.000,-997204796.083
17857.000,-997204796.083
17858.000,-997204796.083
17859.000,-997204796.083
17860.000,-997204796.083
17861.000,-997204716.959
17862.000,-997204716.959
17863.000,-997204716.959
17864.000,-997204796.083
17865.000,-997204796.083
17866.000,-997204796.083
17867.000,-997204796.083
17868.000,-997204796.083
17869.000,-997204716.959
17870.000,-997204716.959
17871.000,-997204716.959
17872.000,-997204796.083
17873.000,-997204796.083
17874.000,-997204796.083
17875.000,-997204796.083
17876.000,-997204796.083
17877.000,-997204716.959
17878.000,-997204716.959
17879.000,-997204716.959
17880.000,-997204716.959
17881.000,-997204796.083
17882.000,-997204796.083
17883.000,-997204796.083
17884.000,-997204796.083
17885.000,-997204796.083
17886.000,-997204716.959
17887.000,-997204716.959
17888.000,-997204716.959
17889.000,-997204796.083
17890.000,-997204796.083
17891.000,-997204796.083
17892.000,-997204796.083
17893.000,-997204796.083
17894.000,-997204716.959
17895.000,-997204716.959
17896.000,-997204716.959
17897.000,-997204716.959
17898.000,-997204796.083
17899.000,-997204796.083
17900.000,-997204796.083
17901.000,-997204796.083
17902.000,-997204796.083
17903.000,-997204716.959
17904.000,-997204716.959
17905.000,-997204716.959
17906.000,-997204796.083
17907.000,-997204796.083
17908.000,-997204796.083
17909.000,-997204796.083
17910.000,-997204796.083
17911.000,-997204716.959
17912.000,-997204716.959
17913.000,-997204716.959
17914.000,-997204796.083
17915.000,-997204796.083
17916.000,-997204796.083
17917.000,-997204796.083
17918.000,-997204796.083
17919.000,-997204796.083
17920.000,-997204716.959
17921.000,-997204716.959
17922.000,-997204716.959
17923.000,-997204796.083
17924.000,-997204796.083
17925.000,-997204796.083
17926.000,-997204796.083
17927.000,-997204796.083
17928.000,-997204716.959
17929.000,-997204716.959
17930.000,-997204716.959
17931.000,-997204796.083
17932.000,-997204796.083
17933.000,-997204796.083
17934.000,-997204796.083
17935.000,-997204796.083
17936.000,-997204716.959
17937.000,-997204716.959
17938.000,-997204716.959
17939.000,-997204796.083
17940.000,-997204796.083
17941.000,-997204796.083
17942.000,-997204796.083
17943.000,-997204796.083
17944.000,-997204716.959
17945.000,-997204716.959
17946.000,-997204716.959
17947.000,-997204796.083
17948.000,-997204796.083
17949.000,-997204796.083
17950.000,-997204796.083
17951.000,-997204796.083
17952.000,-997204796.083
17953.000,-997204716.959
17954.000,-997204716.959
17955.000,-997204796.083
17956.000,-997204796.083
17957.000,-997204796.083
17958.000,-997204796.083
17959.000,-997204796.083
17960.000,-997204796.083
17961.000,-997204716.959
17962.000,-997204716.959
17963.000,-997204716.959
17964.000,-997204796.083
17965.000,-997204796.083
17966.000,-997204796.083
17967.000,-997204796.083
17968.000,-997204796.083
17969.000,-997204716.959
17970.000,-997204716.959
17971.000,-997204716.959
17972.000,-997204716.959
17973.000,-997204796.083
17974.000,-997204796.083
17975.000,-997204796.083
17976.000,-997204796.083
17977.000,-997204796.083
17978.000,-997204716.959
17979.000,-997204716.959
17980.000,-997204716.959
17981.000,-997204796.083
17982.000,-997204796.083
17983.000,-997204796.083
17984.000,-997204796.083
17985.000,-997204796.083
17986.000,-997204716.959
17987.000,-997204716.959
17988.000,-997204716.959
17989.000,-997204796.083
17990.000,-997204796.083
17991.000,-997204796.083
17992.000,-997204796.083
17993.000,-997204796.083
17994.000,-997204716.959
17995.000,-997204716.959
17996.000,-997204716.959
17997.000,-997204796.083
17998.000,-997204796.083
17999.000,-997204796.083
18000.000,-997204796.083
18001.000,-997204796.083
18002.000,-997204716.959
18003.000,-997204716.959
18004.000,-997204716.959
18005.000,-997204796.083
18006.000,-997204796.083
18007.000,-997204796.083
18008.000,-997204796.083
18009.000,-997204796.083
18010.000,-997204796.083
18011.000,-997204716.959
18012.000,-997204716.959
18013.000,-997204716.959
18014.000,-997204796.083
18015.000,-997204796.083
18016.000,-997204479.587
18017.000,-997204479.587
18018.000,-997204479.587
18019.000,-997204479.587
18020.000,-997204400.463
18021.000,-997204400.463
18022.000,-997204479.587
18023.000,-997204479.587
18024.000,-997204479.587
18025.000,-997204479.587
18026.000,-997204479.587
18027.000,-997204479.587
18028.000,-997204400.463
18029.000,-997204400.463
18030.000,-997204400.463
18031.000,-997204479.587
18032.000,-997204479.587
18033.000,-997204479.587
18034.000,-997204479.587
18035.000,-997204479.587
18036.000,-997204400.463
18037.000,-997204400.463
18038.000,-997204400.463
18039.000,-997204400.463
18040.000,-997204479.587
18041.000,-997204479.587
18042.000,-997204479.587
18043.000,-997204479.587
18044.000,-997204400.463
18045.000,-997204400.463
18046.000,-997204400.463
18047.000,-997204400.463
18048.000,-997204400.463
18049.000,-997204479.587
18050.000,-997204479.587
18051.000,-997204479.587
18052.000,-997204400.463
18053.000,-997204400.463
18054.000,-997204400.463
18055.000,-997204400.463
18056.000,-997204400.463
18057.000,-997204479.587
18058.000,-997204479.587
18059.000,-997204479.587
18060.000,-997204400.463
18061.000,-997204400.463
18062.000,-997204400.463
18063.000,-997204400.463
18064.000,-997204400.463
18065.000,-997204479.587
18066.000,-997204479.587
18067.000,-997204479.587
18068.000,-997204400.463
18069.000,-997204400.463
18070.000,-997204400.463
18071.000,-997204400.463
18072.000,-997204400.463
18073.000,-997204479.587
18074.000,-997204479.587
18075.000,-997204479.587
18076.000,-997204400.463
18077.000,-997204400.463
18078.000,-997204400.463
18079.000,-997204400.463
18080.000,-997204400.463
18081.000,-997204479.587
18082.000,-997204479.587
18083.000,-997204479.587
18084.000,-997204400.463
18085.000,-997204400.463
18086.000,-997204321.339
18087.000,-997204321.339
18088.000,-997204400.463
18089.000,-997204400.463
18090.000,-997204479.587
18091.000,-997204479.587
18092.000,-997204479.587
18093.000,-997204400.463
18094.000,-997204400.463
18095.000,-997204321.339
18096.000,-997204321.339
18097.000,-997204400.463
18098.000,-997204479.587
18099.000,-997204479.587
18100.000,-997204479.587
18101.000,-997204479.587
18102.000,-997204400.463
18103.000,-997204321.339
18104.000,-997204321.339
18105.000,-997204400.463
18106.000,-997204400.463
18107.000,-997204479.587
18108.000,-997204479.587
18109.000,-997204479.587
18110.000,-997204400.463
18111.000,-997204400.463
18112.000,-997204321.339
18113.000,-997204321.339
18114.000,-997204400.463
18115.000,-997204400.463
18116.000,-997204479.587
18117.000,-997204479.587
18118.000,-997204400.463
18119.000,-997204400.463
18120.000,-997204400.463
18121.000,-997204400.463
18122.000,-997204400.463
18123.000,-997204400.463
18124.000,-997204479.587
18125.000,-997204479.587
18126.000,-997204400.463
18127.000,-997204400.463
18128.000,-997204321.339
18129.000,-997204321.339
18130.000,-997204400.463
18131.000,-997204400.463
18132.000,-997204479.587
18133.000,-997204479.587
18134.000,-997204400.463
18135.000,-997204400.463
18136.000,-997204321.339
18137.000,-997204321.339
18138.000,-997204400.463
18139.000,-997204400.463
18140.000,-997204479.587
18141.000,-997204479.587
18142.000,-997204479.587
18143.000,-997204400.463
18144.000,-997204400.463
18145.000,-997204321.339
18146.000,-997204321.339
18147.000,-997204400.463
18148.000,-997204400.463
18149.000,-997204479.587
18150.000,-997204479.587
18151.000,-997204400.463
18152.000,-997204400.463
18153.000,-997204321.339
18154.000,-997204321.339
18155.000,-997204321.339
18156.000,-997204400.463
18157.000,-997204479.587
18158.000,-997204479.587
18159.000,-997204479.587
18160.000,-997204400.463
18161.000,-997204400.463
18162.000,-997204321.339
18163.000,-997204321.339
18164.000,-997204400.463
18165.000,-997204400.463
18166.000,-997204479.587
18167.000,-997204479.587
18168.000,-997204400.463
18169.000,-997204400.463
18170.000,-997204321.339
18171.000,-997204321.339
18172.000,-997204400.463
18173.000,-997204400.463
18174.000,-997204400.463
18175.000,-997204479.587
18176.000,-997204400.463
18177.000,-997204400.463
18178.000,-997204400.463
18179.000,-997204321.339
18180.000,-997204400.463
18181.000,-997204400.463
18182.000,-997204400.463
18183.000,-997204479.587
