Time_ms,Absolute_Displacement_nm
0.000,-238861667.942
1.000,-238861430.570
2.000,-238861034.950
3.000,-238861114.074
4.000,-238861509.694
5.000,-238861667.942
6.000,-238861430.570
7.000,-238861034.950
8.000,-238861114.074
9.000,-238861430.570
10.000,-238861667.942
11.000,-238861430.570
12.000,-238861114.074
13.000,-238861114.074
14.000,-238861430.570
15.000,-238861667.942
16.000,-238861430.570
17.000,-238861034.950
18.000,-238861114.074
19.000,-238861509.694
20.000,-238861667.942
21.000,-238861430.570
22.000,-238861034.950
23.000,-238861114.074
24.000,-238861430.570
25.000,-238861667.942
26.000,-238861430.570
27.000,-238861114.074
28.000,-238861114.074
29.000,-238861509.694
30.000,-238861667.942
31.000,-238861430.570
32.000,-238861034.950
33.000,-238861114.074
34.000,-238861430.570
35.000,-238861667.942
36.000,-238861430.570
37.000,-238861114.074
38.000,-238861114.074
39.000,-238861430.570
40.000,-238861588.818
41.000,-238861351.446
42.000,-238861034.950
43.000,-238861114.074
44.000,-238861509.694
45.000,-238861667.942
46.000,-238861430.570
47.000,-238861034.950
48.000,-238861034.950
49.000,-238861430.570
50.000,-238861667.942
51.000,-238861430.570
52.000,-238861114.074
53.000,-238861114.074
54.000,-238861509.694
55.000,-238861667.942
56.000,-238861430.570
57.000,-238861034.950
58.000,-238861114.074
59.000,-238861430.570
60.000,-238861667.942
61.000,-238861430.570
62.000,-238861114.074
63.000,-238861114.074
64.000,-238861430.570
65.000,-238861667.942
66.000,-238861430.570
67.000,-238861034.950
68.000,-238861114.074
69.000,-238861509.694
70.000,-238861667.942
71.000,-238861430.570
72.000,-238861034.950
73.000,-238861114.074
74.000,-238861430.570
75.000,-238861667.942
76.000,-238861430.570
77.000,-238861114.074
78.000,-238861114.074
79.000,-238861509.694
80.000,-238861667.942
81.000,-238861430.570
82.000,-238861034.950
83.000,-238861114.074
84.000,-238861430.570
85.000,-238861667.942
86.000,-238861430.570
87.000,-238861114.074
88.000,-238861114.074
89.000,-238861430.570
90.000,-238861667.942
91.000,-238861430.570
92.000,-238861114.074
93.000,-238861114.074
94.000,-238861509.694
95.000,-238861667.942
96.000,-238861430.570
97.000,-238861034.950
98.000,-238861114.074
99.000,-238861430.570
100.000,-238861667.942
101.000,-238861430.570
102.000,-238861034.950
103.000,-238861114.074
104.000,-238861430.570
105.000,-238861588.818
106.000,-238861430.570
107.000,-238861034.950
108.000,-238861114.074
109.000,-238861509.694
110.000,-238861667.942
111.000,-238861430.570
112.000,-238861034.950
113.000,-238861114.074
114.000,-238861430.570
115.000,-238861667.942
116.000,-238861430.570
117.000,-238861114.074
118.000,-238861114.074
119.000,-238861509.694
120.000,-238861667.942
121.000,-238861430.570
122.000,-238861034.950
123.000,-238861034.950
124.000,-238861430.570
125.000,-238861667.942
126.000,-238861430.570
127.000,-238861114.074
128.000,-238861114.074
129.000,-238861430.570
130.000,-238861667.942
131.000,-238861351.446
132.000,-238861034.950
133.000,-238861034.950
134.000,-238861430.570
135.000,-238861747.066
136.000,-238861430.570
137.000,-238861034.950
138.000,-238861114.074
139.000,-238861430.570
140.000,-238861588.818
141.000,-238861430.570
142.000,-238861114.074
143.000,-238861114.074
144.000,-238861509.694
145.000,-238861667.942
146.000,-238861430.570
147.000,-238861034.950
148.000,-238861034.950
149.000,-238861351.446
150.000,-238861588.818
151.000,-238861430.570
152.000,-238861114.074
153.000,-238861193.198
154.000,-238861509.694
155.000,-238861667.942
156.000,-238861351.446
157.000,-238861034.950
158.000,-238861034.950
159.000,-238861430.570
160.000,-238861667.942
161.000,-238861509.694
162.000,-238861114.074
163.000,-238861114.074
164.000,-238861430.570
165.000,-238861588.818
166.000,-238861351.446
167.000,-238861034.950
168.000,-238861034.950
169.000,-238861509.694
170.000,-238861747.066
171.000,-238861430.570
172.000,-238861114.074
173.000,-238861114.074
174.000,-238861430.570
175.000,-238861588.818
176.000,-238861351.446
177.000,-238861114.074
178.000,-238861114.074
179.000,-238861509.694
180.000,-238861667.942
181.000,-238861430.570
182.000,-238861034.950
183.000,-238861034.950
184.000,-238861430.570
185.000,-238861588.818
186.000,-238861430.570
187.000,-238861114.074
188.000,-238861114.074
189.000,-238861509.694
190.000,-238861667.942
191.000,-238861430.570
192.000,-238861034.950
193.000,-238861034.950
194.000,-238861430.570
195.000,-238861667.942
196.000,-238861430.570
197.000,-238861114.074
198.000,-238861114.074
199.000,-238861430.570
200.000,-238861667.942
201.000,-238861430.570
202.000,-238861034.950
203.000,-238861034.950
204.000,-238861430.570
205.000,-238861667.942
206.000,-238861430.570
207.000,-238861034.950
208.000,-238861114.074
209.000,-238861509.694
210.000,-238861667.942
211.000,-238861430.570
212.000,-238861034.950
213.000,-238861034.950
214.000,-238861430.570
215.000,-238861667.942
216.000,-238861430.570
217.000,-238861114.074
218.000,-238861114.074
219.000,-238861430.570
220.000,-238861667.942
221.000,-238861430.570
222.000,-238861034.950
223.000,-238861114.074
224.000,-238861509.694
225.000,-238861667.942
226.000,-238861430.570
227.000,-238861114.074
228.000,-238861114.074
229.000,-238861430.570
230.000,-238861588.818
231.000,-238861351.446
232.000,-238861034.950
233.000,-238861114.074
234.000,-238861509.694
235.000,-238861747.066
236.000,-238861509.694
237.000,-238861114.074
238.000,-238861114.074
239.000,-238861430.570
240.000,-238861588.818
241.000,-238861351.446
242.000,-238861034.950
243.000,-238861114.074
244.000,-238861509.694
245.000,-238861747.066
246.000,-238861430.570
247.000,-238861034.950
248.000,-238861034.950
249.000,-238861430.570
250.000,-238861588.818
251.000,-238861430.570
252.000,-238861114.074
253.000,-238861193.198
254.000,-238861509.694
255.000,-238861667.942
256.000,-238861430.570
257.000,-238861034.950
258.000,-238861034.950
259.000,-238861430.570
260.000,-238861667.942
261.000,-238861430.570
262.000,-238861114.074
263.000,-238861114.074
264.000,-238861509.694
265.000,-238861667.942
266.000,-238861351.446
267.000,-238861034.950
268.000,-238861114.074
269.000,-238861430.570
270.000,-238861667.942
271.000,-238861430.570
272.000,-238861114.074
273.000,-238861114.074
274.000,-238861430.570
275.000,-238861667.942
276.000,-238861430.570
277.000,-238861034.950
278.000,-238861114.074
279.000,-238861509.694
280.000,-238861667.942
281.000,-238861430.570
282.000,-238861114.074
283.000,-238861114.074
284.000,-238861430.570
285.000,-238861667.942
286.000,-238861430.570
287.000,-238861034.950
288.000,-238861114.074
289.000,-238861430.570
290.000,-238861667.942
291.000,-238861430.570
292.000,-238861114.074
293.000,-238861114.074
294.000,-238861509.694
295.000,-238861667.942
296.000,-238861430.570
297.000,-238861034.950
298.000,-238861114.074
299.000,-238861430.570
300.000,-238861667.942
301.000,-238861430.570
302.000,-238861114.074
303.000,-238861114.074
304.000,-238861430.570
305.000,-238861588.818
306.000,-238861351.446
307.000,-238861034.950
308.000,-238861114.074
309.000,-238861509.694
310.000,-238861667.942
311.000,-238861430.570
312.000,-238861114.074
313.000,-238861034.950
314.000,-238861430.570
315.000,-238861588.818
316.000,-238861430.570
317.000,-238861114.074
318.000,-238861114.074
319.000,-238861509.694
320.000,-238861667.942
321.000,-238861430.570
322.000,-238861034.950
323.000,-238861034.950
324.000,-238861430.570
325.000,-238861667.942
326.000,-238861430.570
327.000,-238861114.074
328.000,-238861114.074
329.000,-238861509.694
330.000,-238861667.942
331.000,-238861430.570
332.000,-238861034.950
333.000,-238861034.950
334.000,-238861430.570
335.000,-238861667.942
336.000,-238861430.570
337.000,-238861114.074
338.000,-238861114.074
339.000,-238861430.570
340.000,-238861588.818
341.000,-238861351.446
342.000,-238861034.950
343.000,-238861114.074
344.000,-238861509.694
345.000,-238861667.942
346.000,-238861430.570
347.000,-238861034.950
348.000,-238861034.950
349.000,-238861430.570
350.000,-238861667.942
351.000,-238861430.570
352.000,-238861114.074
353.000,-238861114.074
354.000,-238861509.694
355.000,-238861667.942
356.000,-238861430.570
357.000,-238861034.950
358.000,-238861114.074
359.000,-238861430.570
360.000,-238861667.942
361.000,-238861430.570
362.000,-238861114.074
363.000,-238861114.074
364.000,-238861430.570
365.000,-238861667.942
366.000,-238861430.570
367.000,-238861034.950
368.000,-238861114.074
369.000,-238861430.570
370.000,-238861667.942
371.000,-238861430.570
372.000,-238861034.950
373.000,-238861114.074
374.000,-238861430.570
375.000,-238861667.942
376.000,-238861430.570
377.000,-238861114.074
378.000,-238861114.074
379.000,-238861430.570
380.000,-238861667.942
381.000,-238861430.570
382.000,-238861034.950
383.000,-238861114.074
384.000,-238861430.570
385.000,-238861667.942
386.000,-238861430.570
387.000,-238861034.950
388.000,-238861034.950
389.000,-238861430.570
390.000,-238861667.942
391.000,-238861430.570
392.000,-238861114.074
393.000,-238861114.074
394.000,-238861509.694
395.000,-238861667.942
396.000,-238861430.570
397.000,-238861034.950
398.000,-238861034.950
399.000,-238861430.570
400.000,-238861667.942
401.000,-238861430.570
402.000,-238861114.074
403.000,-238861114.074
404.000,-238861430.570
405.000,-238861667.942
406.000,-238861351.446
407.000,-238861034.950
408.000,-238861114.074
409.000,-238861430.570
410.000,-238861667.942
411.000,-238861430.570
412.000,-238861114.074
413.000,-238861114.074
414.000,-238861430.570
415.000,-238861588.818
416.000,-238861430.570
417.000,-238861034.950
418.000,-238861114.074
419.000,-238861509.694
420.000,-238861667.942
421.000,-238861430.570
422.000,-238861034.950
423.000,-238861034.950
424.000,-238861430.570
425.000,-238861667.942
426.000,-238861430.570
427.000,-238861114.074
428.000,-238861114.074
429.000,-238861509.694
430.000,-238861667.942
431.000,-238861430.570
432.000,-238861034.950
433.000,-238861114.074
434.000,-238861430.570
435.000,-238861667.942
436.000,-238861430.570
437.000,-238861114.074
438.000,-238861114.074
439.000,-238861430.570
440.000,-238861667.942
441.000,-238861430.570
442.000,-238861034.950
443.000,-238861114.074
444.000,-238861509.694
445.000,-238861667.942
446.000,-238861430.570
447.000,-238861034.950
448.000,-238861114.074
449.000,-238861430.570
450.000,-238861667.942
451.000,-238861430.570
452.000,-238861114.074
453.000,-238861114.074
454.000,-238861430.570
455.000,-238861667.942
456.000,-238861430.570
457.000,-238861034.950
458.000,-238861114.074
459.000,-238861430.570
460.000,-238861667.942
461.000,-238861430.570
462.000,-238861114.074
463.000,-238861114.074
464.000,-238861430.570
465.000,-238861667.942
466.000,-238861430.570
467.000,-238861114.074
468.000,-238861114.074
469.000,-238861509.694
470.000,-238861667.942
471.000,-238861430.570
472.000,-238861034.950
473.000,-238861114.074
474.000,-238861430.570
475.000,-238861667.942
476.000,-238861430.570
477.000,-238861114.074
478.000,-238861114.074
479.000,-238861509.694
480.000,-238861667.942
481.000,-238861430.570
482.000,-238861034.950
483.000,-238861114.074
484.000,-238861430.570
485.000,-238861667.942
486.000,-238861430.570
487.000,-238861114.074
488.000,-238861114.074
489.000,-238861430.570
490.000,-238861667.942
491.000,-238861430.570
492.000,-238861114.074
493.000,-238861114.074
494.000,-238861509.694
495.000,-238861667.942
496.000,-238861430.570
497.000,-238861034.950
498.000,-238861114.074
499.000,-238861430.570
500.000,-238861667.942
501.000,-238861430.570
502.000,-238861114.074
503.000,-238861114.074
504.000,-238861509.694
505.000,-238861667.942
506.000,-238861430.570
507.000,-238861034.950
508.000,-238861114.074
509.000,-238861430.570
510.000,-238861667.942
511.000,-238861430.570
512.000,-238861114.074
513.000,-238861114.074
514.000,-238861430.570
515.000,-238861667.942
516.000,-238861430.570
517.000,-238861034.950
518.000,-238861114.074
519.000,-238861509.694
520.000,-238861667.942
521.000,-238861430.570
522.000,-238861114.074
523.000,-238861114.074
524.000,-238861430.570
525.000,-238861667.942
526.000,-238861430.570
527.000,-238861114.074
528.000,-238861114.074
529.000,-238861509.694
530.000,-238861667.942
531.000,-238861430.570
532.000,-238861034.950
533.000,-238861114.074
534.000,-238861430.570
535.000,-238861667.942
536.000,-238861430.570
537.000,-238861114.074
538.000,-238861114.074
539.000,-238861430.570
540.000,-238861667.942
541.000,-238861430.570
542.000,-238861034.950
543.000,-238861114.074
544.000,-238861430.570
545.000,-238861667.942
546.000,-238861430.570
547.000,-238861034.950
548.000,-238861114.074
549.000,-238861430.570
550.000,-238861667.942
551.000,-238861430.570
552.000,-238861114.074
553.000,-238861114.074
554.000,-238861430.570
555.000,-238861667.942
556.000,-238861430.570
557.000,-238861034.950
558.000,-238861114.074
559.000,-238861430.570
560.000,-238861667.942
561.000,-238861430.570
562.000,-238861114.074
563.000,-238861114.074
564.000,-238861430.570
565.000,-238861667.942
566.000,-238861430.570
567.000,-238861034.950
568.000,-238861114.074
569.000,-238861509.694
570.000,-238861667.942
571.000,-238861430.570
572.000,-238861034.950
573.000,-238861034.950
574.000,-238861430.570
575.000,-238861667.942
576.000,-238861430.570
577.000,-238861114.074
578.000,-238861114.074
579.000,-238861430.570
580.000,-238861667.942
581.000,-238861430.570
582.000,-238861034.950
583.000,-238861114.074
584.000,-238861430.570
585.000,-238861667.942
586.000,-238861430.570
587.000,-238861114.074
588.000,-238861114.074
589.000,-238861430.570
590.000,-238861667.942
591.000,-238861430.570
592.000,-238861034.950
593.000,-238861114.074
594.000,-238861430.570
595.000,-238861667.942
596.000,-238861430.570
597.000,-238861034.950
598.000,-238861114.074
599.000,-238861430.570
600.000,-238861667.942
601.000,-238861430.570
602.000,-238861114.074
603.000,-238861114.074
604.000,-238861430.570
605.000,-238861667.942
606.000,-238861430.570
607.000,-238861034.950
608.000,-238861114.074
609.000,-238861430.570
610.000,-238861667.942
611.000,-238861430.570
612.000,-238861114.074
613.000,-238861114.074
614.000,-238861430.570
615.000,-238861667.942
616.000,-238861430.570
617.000,-238861034.950
618.000,-238861114.074
619.000,-238861430.570
620.000,-238861667.942
621.000,-238861430.570
622.000,-238861034.950
623.000,-238861114.074
624.000,-238861430.570
625.000,-238861667.942
626.000,-238861430.570
627.000,-238861114.074
628.000,-238861114.074
629.000,-238861430.570
630.000,-238861667.942
631.000,-238861430.570
632.000,-238861034.950
633.000,-238861114.074
634.000,-238861430.570
635.000,-238861667.942
636.000,-238861430.570
637.000,-238861114.074
638.000,-238861114.074
639.000,-238861430.570
640.000,-238861667.942
641.000,-238861430.570
642.000,-238861034.950
643.000,-238861114.074
644.000,-238861430.570
645.000,-238861667.942
646.000,-238861430.570
647.000,-238861034.950
648.000,-238861114.074
649.000,-238861430.570
650.000,-238861667.942
651.000,-238861430.570
652.000,-238861114.074
653.000,-238861114.074
654.000,-238861430.570
655.000,-238861667.942
656.000,-238861430.570
657.000,-238861034.950
658.000,-238861114.074
659.000,-238861430.570
660.000,-238861667.942
661.000,-238861430.570
662.000,-238861114.074
663.000,-238861114.074
664.000,-238861430.570
665.000,-238861667.942
666.000,-238861430.570
667.000,-238861114.074
668.000,-238861114.074
669.000,-238861509.694
670.000,-238861667.942
671.000,-238861430.570
672.000,-238861034.950
673.000,-238861114.074
674.000,-238861430.570
675.000,-238861667.942
676.000,-238861430.570
677.000,-238861114.074
678.000,-238861114.074
679.000,-238861430.570
680.000,-238861667.942
681.000,-238861430.570
682.000,-238861034.950
683.000,-238861114.074
684.000,-238861430.570
685.000,-238861667.942
686.000,-238861430.570
687.000,-238861114.074
688.000,-238861114.074
689.000,-238861430.570
690.000,-238861667.942
691.000,-238861430.570
692.000,-238861114.074
693.000,-238861114.074
694.000,-238861509.694
695.000,-238861667.942
696.000,-238861430.570
697.000,-238861114.074
698.000,-238861114.074
699.000,-238861430.570
700.000,-238861667.942
701.000,-238861430.570
702.000,-238861114.074
703.000,-238861114.074
704.000,-238861509.694
705.000,-238861667.942
706.000,-238861430.570
707.000,-238861034.950
708.000,-238861114.074
709.000,-238861430.570
710.000,-238861667.942
711.000,-238861430.570
712.000,-238861114.074
713.000,-238861114.074
714.000,-238861430.570
715.000,-238861667.942
716.000,-238861430.570
717.000,-238861114.074
718.000,-238861114.074
719.000,-238861430.570
720.000,-238861667.942
721.000,-238861430.570
722.000,-238861034.950
723.000,-238861114.074
724.000,-238861430.570
725.000,-238861667.942
726.000,-238861430.570
727.000,-238861114.074
728.000,-238861114.074
729.000,-238861430.570
730.000,-238861667.942
731.000,-238861430.570
732.000,-238861034.950
733.000,-238861114.074
734.000,-238861430.570
735.000,-238861667.942
736.000,-238861430.570
737.000,-238861114.074
738.000,-238861114.074
739.000,-238861430.570
740.000,-238861667.942
741.000,-238861430.570
742.000,-238861034.950
743.000,-238861114.074
744.000,-238861430.570
745.000,-238861667.942
746.000,-238861430.570
747.000,-238861034.950
748.000,-238861114.074
749.000,-238861430.570
750.000,-238861667.942
751.000,-238861430.570
752.000,-238861114.074
753.000,-238861114.074
754.000,-238861430.570
755.000,-238861667.942
756.000,-238861430.570
757.000,-238861034.950
758.000,-238861114.074
759.000,-238861430.570
760.000,-238861667.942
761.000,-238861430.570
762.000,-238861114.074
763.000,-238861114.074
764.000,-238861430.570
765.000,-238861667.942
766.000,-238861430.570
767.000,-238861034.950
768.000,-238861114.074
769.000,-238861430.570
770.000,-238861667.942
771.000,-238861430.570
772.000,-238861034.950
773.000,-238861034.950
774.000,-238861430.570
775.000,-238861667.942
776.000,-238861430.570
777.000,-238861114.074
778.000,-238861114.074
779.000,-238861430.570
780.000,-238861667.942
781.000,-238861430.570
782.000,-238861034.950
783.000,-238861114.074
784.000,-238861430.570
785.000,-238861667.942
786.000,-238861430.570
787.000,-238861114.074
788.000,-238861114.074
789.000,-238861430.570
790.000,-238861588.818
791.000,-238861430.570
792.000,-238861034.950
793.000,-238861114.074
794.000,-238861509.694
795.000,-238861667.942
796.000,-238861430.570
797.000,-238861034.950
798.000,-238861034.950
799.000,-238861430.570
800.000,-238861667.942
801.000,-238861430.570
802.000,-238861114.074
803.000,-238861114.074
804.000,-238861509.694
805.000,-238861667.942
806.000,-238861430.570
807.000,-238861034.950
808.000,-238861034.950
809.000,-238861430.570
810.000,-238861667.942
811.000,-238861430.570
812.000,-238861114.074
813.000,-238861114.074
814.000,-238861430.570
815.000,-238861667.942
816.000,-238861351.446
817.000,-238861034.950
818.000,-238861114.074
819.000,-238861430.570
820.000,-238861667.942
821.000,-238861430.570
822.000,-238861114.074
823.000,-238861114.074
824.000,-238861430.570
825.000,-238861667.942
826.000,-238861430.570
827.000,-238861034.950
828.000,-238861114.074
829.000,-238861430.570
830.000,-238861667.942
831.000,-238861430.570
832.000,-238861034.950
833.000,-238861034.950
834.000,-238861430.570
835.000,-238861667.942
836.000,-238861430.570
837.000,-238861114.074
838.000,-238861114.074
839.000,-238861430.570
840.000,-238861667.942
841.000,-238861430.570
842.000,-238861034.950
843.000,-238861114.074
844.000,-238861430.570
845.000,-238861667.942
846.000,-238861430.570
847.000,-238861034.950
848.000,-238861114.074
849.000,-238861430.570
850.000,-238861667.942
851.000,-238861430.570
852.000,-238861034.950
853.000,-238861114.074
854.000,-238861430.570
855.000,-238861667.942
856.000,-238861430.570
857.000,-238861034.950
858.000,-238861114.074
859.000,-238861430.570
860.000,-238861667.942
861.000,-238861430.570
862.000,-238861114.074
863.000,-238861114.074
864.000,-238861430.570
865.000,-238861667.942
866.000,-238861430.570
867.000,-238861114.074
868.000,-238861114.074
869.000,-238861430.570
870.000,-238861667.942
871.000,-238861430.570
872.000,-238861034.950
873.000,-238861034.950
874.000,-238861430.570
875.000,-238861667.942
876.000,-238861430.570
877.000,-238861114.074
878.000,-238861114.074
879.000,-238861430.570
880.000,-238861667.942
881.000,-238861430.570
882.000,-238861034.950
883.000,-238861114.074
884.000,-238861430.570
885.000,-238861667.942
886.000,-238861430.570
887.000,-238861114.074
888.000,-238861114.074
889.000,-238861430.570
890.000,-238861667.942
891.000,-238861430.570
892.000,-238861034.950
893.000,-238861114.074
894.000,-238861509.694
895.000,-238861667.942
896.000,-238861430.570
897.000,-238861114.074
898.000,-238861114.074
899.000,-238861430.570
900.000,-238861667.942
901.000,-238861430.570
902.000,-238861114.074
903.000,-238861114.074
904.000,-238861430.570
905.000,-238861667.942
906.000,-238861430.570
907.000,-238861034.950
908.000,-238861034.950
909.000,-238861430.570
910.000,-238861667.942
911.000,-238861430.570
912.000,-238861114.074
913.000,-238861114.074
914.000,-238861430.570
915.000,-238861667.942
916.000,-238861430.570
917.000,-238861034.950
918.000,-238861114.074
919.000,-238861430.570
920.000,-238861667.942
921.000,-238861430.570
922.000,-238861114.074
923.000,-238861114.074
924.000,-238861430.570
925.000,-238861667.942
926.000,-238861430.570
927.000,-238861114.074
928.000,-238861114.074
929.000,-238861430.570
930.000,-238861667.942
931.000,-238861430.570
932.000,-238861034.950
933.000,-238861114.074
934.000,-238861430.570
935.000,-238861667.942
936.000,-238861430.570
937.000,-238861114.074
938.000,-238861114.074
939.000,-238861430.570
940.000,-238861667.942
941.000,-238861430.570
942.000,-238861114.074
943.000,-238861114.074
944.000,-238861430.570
945.000,-238861667.942
946.000,-238861430.570
947.000,-238861114.074
948.000,-238861114.074
949.000,-238861430.570
950.000,-238861667.942
951.000,-238861430.570
952.000,-238861114.074
953.000,-238861114.074
954.000,-238861430.570
955.000,-238861667.942
956.000,-238861430.570
957.000,-238861034.950
958.000,-238861114.074
959.000,-238861430.570
960.000,-238861667.942
961.000,-238861430.570
962.000,-238861114.074
963.000,-238861114.074
964.000,-238861430.570
965.000,-238861667.942
966.000,-238861430.570
967.000,-238861114.074
968.000,-238861114.074
969.000,-238861430.570
970.000,-238861667.942
971.000,-238861430.570
972.000,-238861034.950
973.000,-238861034.950
974.000,-238861430.570
975.000,-238861667.942
976.000,-238861430.570
977.000,-238861114.074
978.000,-238861114.074
979.000,-238861430.570
980.000,-238861667.942
981.000,-238861430.570
982.000,-238861034.950
983.000,-238861114.074
984.000,-238861430.570
985.000,-238861667.942
986.000,-238861430.570
987.000,-238861114.074
988.000,-238861114.074
989.000,-238861430.570
990.000,-238861667.942
991.000,-238861430.570
992.000,-238861034.950
993.000,-238861114.074
994.000,-238861430.570
995.000,-238861667.942
996.000,-238861430.570
997.000,-238861034.950
998.000,-238861034.950
999.000,-238861430.570
1000.000,-238861667.942
1001.000,-238861430.570
1002.000,-238861114.074
1003.000,-238861114.074
1004.000,-238861430.570
1005.000,-238861667.942
1006.000,-238861430.570
1007.000,-238861034.950
1008.000,-238861034.950
1009.000,-238861430.570
1010.000,-238861667.942
1011.000,-238861430.570
1012.000,-238861114.074
1013.000,-238861114.074
1014.000,-238861430.570
1015.000,-238861667.942
1016.000,-238861430.570
1017.000,-238861034.950
1018.000,-238861114.074
1019.000,-238861430.570
1020.000,-238861667.942
1021.000,-238861430.570
1022.000,-238861034.950
1023.000,-238861034.950
1024.000,-238861430.570
1025.000,-238861667.942
1026.000,-238861430.570
1027.000,-238861114.074
1028.000,-238861114.074
1029.000,-238861430.570
1030.000,-238861667.942
1031.000,-238861430.570
1032.000,-238861034.950
1033.000,-238861034.950
1034.000,-238861430.570
1035.000,-238861667.942
1036.000,-238861430.570
1037.000,-238861114.074
1038.000,-238861114.074
1039.000,-238861430.570
1040.000,-238861667.942
1041.000,-238861430.570
1042.000,-238861034.950
1043.000,-238861114.074
1044.000,-238861430.570
1045.000,-238861667.942
1046.000,-238861430.570
1047.000,-238861114.074
1048.000,-238861034.950
1049.000,-238861430.570
1050.000,-238861667.942
1051.000,-238861430.570
1052.000,-238861114.074
1053.000,-238861114.074
1054.000,-238861430.570
1055.000,-238861667.942
1056.000,-238861430.570
1057.000,-238861034.950
1058.000,-238861034.950
1059.000,-238861430.570
1060.000,-238861667.942
1061.000,-238861430.570
1062.000,-238861114.074
1063.000,-238861114.074
1064.000,-238861430.570
1065.000,-238861667.942
1066.000,-238861430.570
1067.000,-238861034.950
1068.000,-238861114.074
1069.000,-238861430.570
1070.000,-238861667.942
1071.000,-238861430.570
1072.000,-238861114.074
1073.000,-238861114.074
1074.000,-238861430.570
1075.000,-238861667.942
1076.000,-238861430.570
1077.000,-238861114.074
1078.000,-238861114.074
1079.000,-238861430.570
1080.000,-238861667.942
1081.000,-238861430.570
1082.000,-238861034.950
1083.000,-238861034.950
1084.000,-238861430.570
1085.000,-238861667.942
1086.000,-238861430.570
1087.000,-238861114.074
1088.000,-238861114.074
1089.000,-238861430.570
1090.000,-238861667.942
1091.000,-238861430.570
1092.000,-238861034.950
1093.000,-238861114.074
1094.000,-238861430.570
1095.000,-238861667.942
1096.000,-238861430.570
1097.000,-238861114.074
1098.000,-238861114.074
1099.000,-238861430.570
1100.000,-238861667.942
1101.000,-238861430.570
1102.000,-238861114.074
1103.000,-238861114.074
1104.000,-238861509.694
1105.000,-238861667.942
1106.000,-238861430.570
1107.000,-238861034.950
1108.000,-238861034.950
1109.000,-238861430.570
1110.000,-238861667.942
1111.000,-238861430.570
1112.000,-238861114.074
1113.000,-238861114.074
1114.000,-238861430.570
1115.000,-238861667.942
1116.000,-238861430.570
1117.000,-238861034.950
1118.000,-238861114.074
1119.000,-238861430.570
1120.000,-238861667.942
1121.000,-238861430.570
1122.000,-238861114.074
1123.000,-238861114.074
1124.000,-238861430.570
1125.000,-238861667.942
1126.000,-238861430.570
1127.000,-238861114.074
1128.000,-238861114.074
1129.000,-238861430.570
1130.000,-238861667.942
1131.000,-238861430.570
1132.000,-238861034.950
1133.000,-238861114.074
1134.000,-238861430.570
1135.000,-238861667.942
1136.000,-238861430.570
1137.000,-238861114.074
1138.000,-238861114.074
1139.000,-238861430.570
1140.000,-238861667.942
1141.000,-238861430.570
1142.000,-238861034.950
1143.000,-238861114.074
1144.000,-238861430.570
1145.000,-238861667.942
1146.000,-238861430.570
1147.000,-238861114.074
1148.000,-238861114.074
1149.000,-238861430.570
1150.000,-238861667.942
1151.000,-238861430.570
1152.000,-238861114.074
1153.000,-238861114.074
1154.000,-238861430.570
1155.000,-238861667.942
1156.000,-238861430.570
1157.000,-238861034.950
1158.000,-238861034.950
1159.000,-238861430.570
1160.000,-238861667.942
1161.000,-238861430.570
1162.000,-238861114.074
1163.000,-238861114.074
1164.000,-238861430.570
1165.000,-238861667.942
1166.000,-238861430.570
1167.000,-238861114.074
1168.000,-238861114.074
1169.000,-238861430.570
1170.000,-238861667.942
1171.000,-238861430.570
1172.000,-238861114.074
1173.000,-238861114.074
1174.000,-238861430.570
1175.000,-238861667.942
1176.000,-238861430.570
1177.000,-238861114.074
1178.000,-238861114.074
1179.000,-238861430.570
1180.000,-238861667.942
1181.000,-238861430.570
1182.000,-238861034.950
1183.000,-238861034.950
1184.000,-238861430.570
1185.000,-238861667.942
1186.000,-238861430.570
1187.000,-238861114.074
1188.000,-238861114.074
1189.000,-238861430.570
1190.000,-238861667.942
1191.000,-238861430.570
1192.000,-238861034.950
1193.000,-238861114.074
1194.000,-238861430.570
1195.000,-238861667.942
1196.000,-238861430.570
1197.000,-238861114.074
1198.000,-238861034.950
1199.000,-238861430.570
1200.000,-238861667.942
1201.000,-238861430.570
1202.000,-238861114.074
1203.000,-238861114.074
1204.000,-238861430.570
1205.000,-238861667.942
1206.000,-238861430.570
1207.000,-238861034.950
1208.000,-238861034.950
1209.000,-238861430.570
1210.000,-238861667.942
1211.000,-238861430.570
1212.000,-238861114.074
1213.000,-238861114.074
1214.000,-238861430.570
1215.000,-238861667.942
1216.000,-238861430.570
1217.000,-238861034.950
1218.000,-238861114.074
1219.000,-238861430.570
1220.000,-238861667.942
1221.000,-238861430.570
1222.000,-238861114.074
1223.000,-238861114.074
1224.000,-238861430.570
1225.000,-238861667.942
1226.000,-238861430.570
1227.000,-238861114.074
1228.000,-238861114.074
1229.000,-238861430.570
1230.000,-238861667.942
1231.000,-238861430.570
1232.000,-238861034.950
1233.000,-238861114.074
1234.000,-238861430.570
1235.000,-238861667.942
1236.000,-238861430.570
1237.000,-238861114.074
1238.000,-238861114.074
1239.000,-238861430.570
1240.000,-238861667.942
1241.000,-238861430.570
1242.000,-238861114.074
1243.000,-238861114.074
1244.000,-238861509.694
1245.000,-238861667.942
1246.000,-238861430.570
1247.000,-238861034.950
1248.000,-238861034.950
1249.000,-238861430.570
1250.000,-238861667.942
1251.000,-238861430.570
1252.000,-238861114.074
1253.000,-238861114.074
1254.000,-238861430.570
1255.000,-238861667.942
1256.000,-238861430.570
1257.000,-238861034.950
1258.000,-238861034.950
1259.000,-238861430.570
1260.000,-238861667.942
1261.000,-238861430.570
1262.000,-238861114.074
1263.000,-238861114.074
1264.000,-238861430.570
1265.000,-238861667.942
1266.000,-238861430.570
1267.000,-238861034.950
1268.000,-238861114.074
1269.000,-238861509.694
1270.000,-238861667.942
1271.000,-238861430.570
1272.000,-238861114.074
1273.000,-238861034.950
1274.000,-238861430.570
1275.000,-238861667.942
1276.000,-238861430.570
1277.000,-238861114.074
1278.000,-238861114.074
1279.000,-238861430.570
1280.000,-238861667.942
1281.000,-238861430.570
1282.000,-238861034.950
1283.000,-238861034.950
1284.000,-238861430.570
1285.000,-238861667.942
1286.000,-238861430.570
1287.000,-238861114.074
1288.000,-238861114.074
1289.000,-238861430.570
1290.000,-238861667.942
1291.000,-238861430.570
1292.000,-238861114.074
1293.000,-238861114.074
1294.000,-238861430.570
1295.000,-238861667.942
1296.000,-238861430.570
1297.000,-238861114.074
1298.000,-238861034.950
1299.000,-238861430.570
1300.000,-238861667.942
1301.000,-238861430.570
1302.000,-238861114.074
1303.000,-238861114.074
1304.000,-238861430.570
1305.000,-238861667.942
1306.000,-238861430.570
1307.000,-238861034.950
1308.000,-238861034.950
1309.000,-238861430.570
1310.000,-238861667.942
1311.000,-238861430.570
1312.000,-238861114.074
1313.000,-238861114.074
1314.000,-238861430.570
1315.000,-238861667.942
1316.000,-238861430.570
1317.000,-238861034.950
1318.000,-238861114.074
1319.000,-238861430.570
1320.000,-238861667.942
1321.000,-238861430.570
1322.000,-238861114.074
1323.000,-238861034.950
1324.000,-238861430.570
1325.000,-238861667.942
1326.000,-238861430.570
1327.000,-238861114.074
1328.000,-238861114.074
1329.000,-238861430.570
1330.000,-238861667.942
1331.000,-238861430.570
1332.000,-238861034.950
1333.000,-238861034.950
1334.000,-238861430.570
1335.000,-238861667.942
1336.000,-238861430.570
1337.000,-238861114.074
1338.000,-238861114.074
1339.000,-238861430.570
1340.000,-238861667.942
1341.000,-238861430.570
1342.000,-238861114.074
1343.000,-238861114.074
1344.000,-238861430.570
1345.000,-238861667.942
1346.000,-238861430.570
1347.000,-238861114.074
1348.000,-238861114.074
1349.000,-238861430.570
1350.000,-238861667.942
1351.000,-238861430.570
1352.000,-238861114.074
1353.000,-238861114.074
1354.000,-238861430.570
1355.000,-238861667.942
1356.000,-238861430.570
1357.000,-238861034.950
1358.000,-238861034.950
1359.000,-238861430.570
1360.000,-238861667.942
1361.000,-238861430.570
1362.000,-238861114.074
1363.000,-238861114.074
1364.000,-238861430.570
1365.000,-238861667.942
1366.000,-238861430.570
1367.000,-238861034.950
1368.000,-238861114.074
1369.000,-238861430.570
1370.000,-238861667.942
1371.000,-238861430.570
1372.000,-238861114.074
1373.000,-238861034.950
1374.000,-238861430.570
1375.000,-238861667.942
1376.000,-238861430.570
1377.000,-238861114.074
1378.000,-238861114.074
1379.000,-238861430.570
1380.000,-238861667.942
1381.000,-238861430.570
1382.000,-238861034.950
1383.000,-238861034.950
1384.000,-238861430.570
1385.000,-238861667.942
1386.000,-238861430.570
1387.000,-238861114.074
1388.000,-238861114.074
1389.000,-238861430.570
1390.000,-238861667.942
1391.000,-238861430.570
1392.000,-238861034.950
1393.000,-238861114.074
1394.000,-238861430.570
1395.000,-238861667.942
1396.000,-238861430.570
1397.000,-238861114.074
1398.000,-238861114.074
1399.000,-238861430.570
1400.000,-238861667.942
1401.000,-238861430.570
1402.000,-238861114.074
1403.000,-238861114.074
1404.000,-238861430.570
1405.000,-238861667.942
1406.000,-238861430.570
1407.000,-238861034.950
1408.000,-238861114.074
1409.000,-238861430.570
1410.000,-238861667.942
1411.000,-238861430.570
1412.000,-238861114.074
1413.000,-238861114.074
1414.000,-238861430.570
1415.000,-238861667.942
1416.000,-238861430.570
1417.000,-238861114.074
1418.000,-238861114.074
1419.000,-238861430.570
1420.000,-238861667.942
1421.000,-238861430.570
1422.000,-238861034.950
1423.000,-238861034.950
1424.000,-238861430.570
1425.000,-238861667.942
1426.000,-238861430.570
1427.000,-238861114.074
1428.000,-238861114.074
1429.000,-238861430.570
1430.000,-238861667.942
1431.000,-238861430.570
1432.000,-238861034.950
1433.000,-238861034.950
1434.000,-238861430.570
1435.000,-238861667.942
1436.000,-238861430.570
1437.000,-238861114.074
1438.000,-238861114.074
1439.000,-238861430.570
1440.000,-238861667.942
1441.000,-238861430.570
1442.000,-238861114.074
1443.000,-238861114.074
1444.000,-238861430.570
1445.000,-238861667.942
1446.000,-238861430.570
1447.000,-238861114.074
1448.000,-238861034.950
1449.000,-238861430.570
1450.000,-238861667.942
1451.000,-238861430.570
1452.000,-238861114.074
1453.000,-238861114.074
1454.000,-238861430.570
1455.000,-238861667.942
1456.000,-238861430.570
1457.000,-238861034.950
1458.000,-238861034.950
1459.000,-238861430.570
1460.000,-238861667.942
1461.000,-238861430.570
1462.000,-238861114.074
1463.000,-238861114.074
1464.000,-238861430.570
1465.000,-238861667.942
1466.000,-238861430.570
1467.000,-238861034.950
1468.000,-238861114.074
1469.000,-238861430.570
1470.000,-238861667.942
1471.000,-238861430.570
1472.000,-238861114.074
1473.000,-238861034.950
1474.000,-238861430.570
1475.000,-238861667.942
1476.000,-238861430.570
1477.000,-238861114.074
1478.000,-238861114.074
1479.000,-238861430.570
1480.000,-238861667.942
1481.000,-238861430.570
1482.000,-238861034.950
1483.000,-238861034.950
1484.000,-238861430.570
1485.000,-238861667.942
1486.000,-238861430.570
1487.000,-238861114.074
1488.000,-238861114.074
1489.000,-238861430.570
1490.000,-238861667.942
1491.000,-238861430.570
1492.000,-238861114.074
1493.000,-238861114.074
1494.000,-238861430.570
1495.000,-238861667.942
1496.000,-238861430.570
1497.000,-238861114.074
1498.000,-238861034.950
1499.000,-238861430.570
1500.000,-238861667.942
1501.000,-238861430.570
1502.000,-238861114.074
1503.000,-238861114.074
1504.000,-238861430.570
1505.000,-238861667.942
1506.000,-238861430.570
1507.000,-238861034.950
1508.000,-238861114.074
1509.000,-238861430.570
1510.000,-238861667.942
1511.000,-238861430.570
1512.000,-238861114.074
1513.000,-238861114.074
1514.000,-238861430.570
1515.000,-238861667.942
1516.000,-238861430.570
1517.000,-238861114.074
1518.000,-238861114.074
1519.000,-238861430.570
1520.000,-238861667.942
1521.000,-238861430.570
1522.000,-238861114.074
1523.000,-238861034.950
1524.000,-238861430.570
1525.000,-238861667.942
1526.000,-238861430.570
1527.000,-238861114.074
1528.000,-238861114.074
1529.000,-238861430.570
1530.000,-238861667.942
1531.000,-238861430.570
1532.000,-238861034.950
1533.000,-238861034.950
1534.000,-238861430.570
1535.000,-238861667.942
1536.000,-238861430.570
1537.000,-238861114.074
1538.000,-238861114.074
1539.000,-238861430.570
1540.000,-238861667.942
1541.000,-238861430.570
1542.000,-238861114.074
1543.000,-238861114.074
1544.000,-238861509.694
1545.000,-238861667.942
1546.000,-238861430.570
1547.000,-238861114.074
1548.000,-238861034.950
1549.000,-238861430.570
1550.000,-238861667.942
1551.000,-238861430.570
1552.000,-238861114.074
1553.000,-238861114.074
1554.000,-238861430.570
1555.000,-238861667.942
1556.000,-238861430.570
1557.000,-238861034.950
1558.000,-238861034.950
1559.000,-238861430.570
1560.000,-238861667.942
1561.000,-238861430.570
1562.000,-238861114.074
1563.000,-238861114.074
1564.000,-238861430.570
1565.000,-238861667.942
1566.000,-238861430.570
1567.000,-238861114.074
1568.000,-238861114.074
1569.000,-238861430.570
1570.000,-238861667.942
1571.000,-238861430.570
1572.000,-238861114.074
1573.000,-238861034.950
1574.000,-238861430.570
1575.000,-238861667.942
1576.000,-238861430.570
1577.000,-238861114.074
1578.000,-238861114.074
1579.000,-238861430.570
1580.000,-238861667.942
1581.000,-238861430.570
1582.000,-238861034.950
1583.000,-238861034.950
1584.000,-238861430.570
1585.000,-238861667.942
1586.000,-238861430.570
1587.000,-238861114.074
1588.000,-238861114.074
1589.000,-238861430.570
1590.000,-238861667.942
1591.000,-238861430.570
1592.000,-238861114.074
1593.000,-238861114.074
1594.000,-238861430.570
1595.000,-238861667.942
1596.000,-238861430.570
1597.000,-238861114.074
1598.000,-238861034.950
1599.000,-238861430.570
1600.000,-238861667.942
1601.000,-238861430.570
1602.000,-238861114.074
1603.000,-238861114.074
1604.000,-238861430.570
1605.000,-238861667.942
1606.000,-238861430.570
1607.000,-238861034.950
1608.000,-238861034.950
1609.000,-238861430.570
1610.000,-238861667.942
1611.000,-238861430.570
1612.000,-238861114.074
1613.000,-238861114.074
1614.000,-238861430.570
1615.000,-238861667.942
1616.000,-238861430.570
1617.000,-238861114.074
1618.000,-238861114.074
1619.000,-238861430.570
1620.000,-238861667.942
1621.000,-238861430.570
1622.000,-238861114.074
1623.000,-238861034.950
1624.000,-238861430.570
1625.000,-238861667.942
1626.000,-238861430.570
1627.000,-238861114.074
1628.000,-238861114.074
1629.000,-238861430.570
1630.000,-238861667.942
1631.000,-238861430.570
1632.000,-238861034.950
1633.000,-238861034.950
1634.000,-238861430.570
1635.000,-238861667.942
1636.000,-238861430.570
1637.000,-238861114.074
1638.000,-238861114.074
1639.000,-238861430.570
1640.000,-238861667.942
1641.000,-238861430.570
1642.000,-238861114.074
1643.000,-238861114.074
1644.000,-238861430.570
1645.000,-238861667.942
1646.000,-238861430.570
1647.000,-238861114.074
1648.000,-238861034.950
1649.000,-238861430.570
1650.000,-238861667.942
1651.000,-238861430.570
1652.000,-238861114.074
1653.000,-238861114.074
1654.000,-238861430.570
1655.000,-238861667.942
1656.000,-238861430.570
1657.000,-238861034.950
1658.000,-238861034.950
1659.000,-238861430.570
1660.000,-238861667.942
1661.000,-238861430.570
1662.000,-238861114.074
1663.000,-238861114.074
1664.000,-238861430.570
1665.000,-238861667.942
1666.000,-238861430.570
1667.000,-238861114.074
1668.000,-238861114.074
1669.000,-238861430.570
1670.000,-238861667.942
1671.000,-238861430.570
1672.000,-238861114.074
1673.000,-238861114.074
1674.000,-238861430.570
1675.000,-238861667.942
1676.000,-238861430.570
1677.000,-238861114.074
1678.000,-238861114.074
1679.000,-238861430.570
1680.000,-238861667.942
1681.000,-238861430.570
1682.000,-238861114.074
1683.000,-238861114.074
1684.000,-238861430.570
1685.000,-238861667.942
1686.000,-238861430.570
1687.000,-238861114.074
1688.000,-238861114.074
1689.000,-238861430.570
1690.000,-238861667.942
1691.000,-238861430.570
1692.000,-238861114.074
1693.000,-238861114.074
1694.000,-238861430.570
1695.000,-238861667.942
1696.000,-238861430.570
1697.000,-238861114.074
1698.000,-238861114.074
1699.000,-238861430.570
1700.000,-238861667.942
1701.000,-238861430.570
1702.000,-238861114.074
1703.000,-238861114.074
1704.000,-238861430.570
1705.000,-238861667.942
1706.000,-238861430.570
1707.000,-238861114.074
1708.000,-238861114.074
1709.000,-238861430.570
1710.000,-238861667.942
1711.000,-238861430.570
1712.000,-238861114.074
1713.000,-238861114.074
1714.000,-238861430.570
1715.000,-238861667.942
1716.000,-238861430.570
1717.000,-238861114.074
1718.000,-238861114.074
1719.000,-238861430.570
1720.000,-238861667.942
1721.000,-238861430.570
1722.000,-238861114.074
1723.000,-238861034.950
1724.000,-238861430.570
1725.000,-238861667.942
1726.000,-238861430.570
1727.000,-238861114.074
1728.000,-238861114.074
1729.000,-238861430.570
1730.000,-238861667.942
1731.000,-238861430.570
1732.000,-238861034.950
1733.000,-238861034.950
1734.000,-238861430.570
1735.000,-238861667.942
1736.000,-238861430.570
1737.000,-238861114.074
1738.000,-238861114.074
1739.000,-238861430.570
1740.000,-238861667.942
1741.000,-238861430.570
1742.000,-238861114.074
1743.000,-238861114.074
1744.000,-238861430.570
1745.000,-238861667.942
1746.000,-238861430.570
1747.000,-238861114.074
1748.000,-238861114.074
1749.000,-238861430.570
1750.000,-238861667.942
1751.000,-238861430.570
1752.000,-238861114.074
1753.000,-238861114.074
1754.000,-238861430.570
1755.000,-238861667.942
1756.000,-238861430.570
1757.000,-238861114.074
1758.000,-238861114.074
1759.000,-238861430.570
1760.000,-238861667.942
1761.000,-238861430.570
1762.000,-238861114.074
1763.000,-238861114.074
1764.000,-238861430.570
1765.000,-238861667.942
1766.000,-238861430.570
1767.000,-238861114.074
1768.000,-238861114.074
1769.000,-238861430.570
1770.000,-238861667.942
1771.000,-238861430.570
1772.000,-238861114.074
1773.000,-238861114.074
1774.000,-238861430.570
1775.000,-238861667.942
1776.000,-238861430.570
1777.000,-238861114.074
1778.000,-238861114.074
1779.000,-238861430.570
1780.000,-238861667.942
1781.000,-238861430.570
1782.000,-238861114.074
1783.000,-238861114.074
1784.000,-238861430.570
1785.000,-238861667.942
1786.000,-238861430.570
1787.000,-238861114.074
1788.000,-238861114.074
1789.000,-238861430.570
1790.000,-238861667.942
1791.000,-238861430.570
1792.000,-238861114.074
1793.000,-238861114.074
1794.000,-238861430.570
1795.000,-238861667.942
1796.000,-238861430.570
1797.000,-238861114.074
1798.000,-238861034.950
1799.000,-238861430.570
1800.000,-238861667.942
1801.000,-238861430.570
1802.000,-238861114.074
1803.000,-238861114.074
1804.000,-238861430.570
1805.000,-238861667.942
1806.000,-238861430.570
1807.000,-238861114.074
1808.000,-238861114.074
1809.000,-238861430.570
1810.000,-238861667.942
1811.000,-238861509.694
1812.000,-238861114.074
1813.000,-238861114.074
1814.000,-238861430.570
1815.000,-238861667.942
1816.000,-238861430.570
1817.000,-238861114.074
1818.000,-238861114.074
1819.000,-238861430.570
1820.000,-238861667.942
1821.000,-238861430.570
1822.000,-238861114.074
1823.000,-238861114.074
1824.000,-238861430.570
1825.000,-238861667.942
1826.000,-238861430.570
1827.000,-238861114.074
1828.000,-238861114.074
1829.000,-238861430.570
1830.000,-238861667.942
1831.000,-238861430.570
1832.000,-238861114.074
1833.000,-238861114.074
1834.000,-238861430.570
1835.000,-238861667.942
1836.000,-238861430.570
1837.000,-238861114.074
1838.000,-238861114.074
1839.000,-238861430.570
1840.000,-238861667.942
1841.000,-238861430.570
1842.000,-238861114.074
1843.000,-238861114.074
1844.000,-238861430.570
1845.000,-238861667.942
1846.000,-238861430.570
1847.000,-238861114.074
1848.000,-238861034.950
1849.000,-238861430.570
1850.000,-238861667.942
1851.000,-238861430.570
1852.000,-238861114.074
1853.000,-238861114.074
1854.000,-238861430.570
1855.000,-238861667.942
1856.000,-238861430.570
1857.000,-238861114.074
1858.000,-238861114.074
1859.000,-238861430.570
1860.000,-238861667.942
1861.000,-238861430.570
1862.000,-238861114.074
1863.000,-238861114.074
1864.000,-238861430.570
1865.000,-238861667.942
1866.000,-238861430.570
1867.000,-238861114.074
1868.000,-238861114.074
1869.000,-238861430.570
1870.000,-238861667.942
1871.000,-238861430.570
1872.000,-238861114.074
1873.000,-238861114.074
1874.000,-238861430.570
1875.000,-238861667.942
1876.000,-238861430.570
1877.000,-238861114.074
1878.000,-238861114.074
1879.000,-238861430.570
1880.000,-238861667.942
1881.000,-238861430.570
1882.000,-238861114.074
1883.000,-238861114.074
1884.000,-238861430.570
1885.000,-238861667.942
1886.000,-238861430.570
1887.000,-238861114.074
1888.000,-238861114.074
1889.000,-238861430.570
1890.000,-238861667.942
1891.000,-238861430.570
1892.000,-238861114.074
1893.000,-238861114.074
1894.000,-238861430.570
1895.000,-238861667.942
1896.000,-238861430.570
1897.000,-238861114.074
1898.000,-238861034.950
1899.000,-238861430.570
1900.000,-238861667.942
1901.000,-238861430.570
1902.000,-238861114.074
1903.000,-238861114.074
1904.000,-238861430.570
1905.000,-238861667.942
1906.000,-238861430.570
1907.000,-238861034.950
1908.000,-238861034.950
1909.000,-238861430.570
1910.000,-238861667.942
1911.000,-238861430.570
1912.000,-238861114.074
1913.000,-238861114.074
1914.000,-238861430.570
1915.000,-238861667.942
1916.000,-238861430.570
1917.000,-238861114.074
1918.000,-238861114.074
1919.000,-238861430.570
1920.000,-238861667.942
1921.000,-238861430.570
1922.000,-238861114.074
1923.000,-238861034.950
1924.000,-238861430.570
1925.000,-238861667.942
1926.000,-238861430.570
1927.000,-238861114.074
1928.000,-238861114.074
1929.000,-238861430.570
1930.000,-238861667.942
1931.000,-238861430.570
1932.000,-238861034.950
1933.000,-238861034.950
1934.000,-238861430.570
1935.000,-238861667.942
1936.000,-238861430.570
1937.000,-238861114.074
1938.000,-238861114.074
1939.000,-238861430.570
1940.000,-238861667.942
1941.000,-238861430.570
1942.000,-238861114.074
1943.000,-238861114.074
1944.000,-238861430.570
1945.000,-238861667.942
1946.000,-238861430.570
1947.000,-238861114.074
1948.000,-238861114.074
1949.000,-238861430.570
1950.000,-238861667.942
1951.000,-238861430.570
1952.000,-238861114.074
1953.000,-238861114.074
1954.000,-238861430.570
1955.000,-238861667.942
1956.000,-238861430.570
1957.000,-238861114.074
1958.000,-238861034.950
1959.000,-238861430.570
1960.000,-238861667.942
1961.000,-238861430.570
1962.000,-238861114.074
1963.000,-238861114.074
1964.000,-238861430.570
1965.000,-238861667.942
1966.000,-238861430.570
1967.000,-238861114.074
1968.000,-238861114.074
1969.000,-238861430.570
1970.000,-238861667.942
1971.000,-238861430.570
1972.000,-238861114.074
1973.000,-238861114.074
1974.000,-238861430.570
1975.000,-238861667.942
1976.000,-238861430.570
1977.000,-238861114.074
1978.000,-238861114.074
1979.000,-238861430.570
1980.000,-238861667.942
1981.000,-238861430.570
1982.000,-238861114.074
1983.000,-238861034.950
1984.000,-238861430.570
1985.000,-238861667.942
1986.000,-238861430.570
1987.000,-238861114.074
1988.000,-238861114.074
1989.000,-238861430.570
1990.000,-238861667.942
1991.000,-238861430.570
1992.000,-238861114.074
1993.000,-238861114.074
1994.000,-238861430.570
1995.000,-238861667.942
1996.000,-238861430.570
1997.000,-238861114.074
1998.000,-238861114.074
1999.000,-238861430.570
2000.000,-238861667.942
2001.000,-238861430.570
2002.000,-238861114.074
2003.000,-238861114.074
2004.000,-238861430.570
2005.000,-238861667.942
2006.000,-238861430.570
2007.000,-238861114.074
2008.000,-238861034.950
2009.000,-238861430.570
2010.000,-238861667.942
2011.000,-238861430.570
2012.000,-238861114.074
2013.000,-238861114.074
2014.000,-238861430.570
2015.000,-238861667.942
2016.000,-238861430.570
2017.000,-238861114.074
2018.000,-238861114.074
2019.000,-238861430.570
2020.000,-238861667.942
2021.000,-238861430.570
2022.000,-238861114.074
2023.000,-238861114.074
2024.000,-238861430.570
2025.000,-238861667.942
2026.000,-238861430.570
2027.000,-238861114.074
2028.000,-238861114.074
2029.000,-238861430.570
2030.000,-238861667.942
2031.000,-238861430.570
2032.000,-238861114.074
2033.000,-238861114.074
2034.000,-238861430.570
2035.000,-238861667.942
2036.000,-238861430.570
2037.000,-238861114.074
2038.000,-238861114.074
2039.000,-238861430.570
2040.000,-238861667.942
2041.000,-238861430.570
2042.000,-238861114.074
2043.000,-238861114.074
2044.000,-238861430.570
2045.000,-238861667.942
2046.000,-238861430.570
2047.000,-238861114.074
2048.000,-238861034.950
2049.000,-238861430.570
2050.000,-238861667.942
2051.000,-238861430.570
2052.000,-238861114.074
2053.000,-238861114.074
2054.000,-238861430.570
2055.000,-238861667.942
2056.000,-238861430.570
2057.000,-238861034.950
2058.000,-238861034.950
2059.000,-238861430.570
2060.000,-238861667.942
2061.000,-238861509.694
2062.000,-238861114.074
2063.000,-238861114.074
2064.000,-238861430.570
2065.000,-238861667.942
2066.000,-238861430.570
2067.000,-238861114.074
2068.000,-238861114.074
2069.000,-238861430.570
2070.000,-238861667.942
2071.000,-238861509.694
2072.000,-238861114.074
2073.000,-238861114.074
2074.000,-238861430.570
2075.000,-238861667.942
2076.000,-238861430.570
2077.000,-238861114.074
2078.000,-238861114.074
2079.000,-238861430.570
2080.000,-238861667.942
2081.000,-238861430.570
2082.000,-238861114.074
2083.000,-238861034.950
2084.000,-238861430.570
2085.000,-238861667.942
2086.000,-238861430.570
2087.000,-238861114.074
2088.000,-238861114.074
2089.000,-238861430.570
2090.000,-238861667.942
2091.000,-238861430.570
2092.000,-238861114.074
2093.000,-238861114.074
2094.000,-238861430.570
2095.000,-238861667.942
2096.000,-238861430.570
2097.000,-238861114.074
2098.000,-238861114.074
2099.000,-238861430.570
2100.000,-238861667.942
2101.000,-238861430.570
2102.000,-238861114.074
2103.000,-238861114.074
2104.000,-238861430.570
2105.000,-238861667.942
2106.000,-238861430.570
2107.000,-238861114.074
2108.000,-238861114.074
2109.000,-238861430.570
2110.000,-238861667.942
2111.000,-238861430.570
2112.000,-238861114.074
2113.000,-238861114.074
2114.000,-238861430.570
2115.000,-238861667.942
2116.000,-238861430.570
2117.000,-238861114.074
2118.000,-238861114.074
2119.000,-238861430.570
2120.000,-238861667.942
2121.000,-238861430.570
2122.000,-238861114.074
2123.000,-238861034.950
2124.000,-238861430.570
2125.000,-238861667.942
2126.000,-238861430.570
2127.000,-238861114.074
2128.000,-238861114.074
2129.000,-238861430.570
2130.000,-238861667.942
2131.000,-238861430.570
2132.000,-238861114.074
2133.000,-238861034.950
2134.000,-238861430.570
2135.000,-238861667.942
2136.000,-238861509.694
2137.000,-238861114.074
2138.000,-238861114.074
2139.000,-238861430.570
2140.000,-238861667.942
2141.000,-238861430.570
2142.000,-238861114.074
2143.000,-238861114.074
2144.000,-238861430.570
2145.000,-238861667.942
2146.000,-238861509.694
2147.000,-238861114.074
2148.000,-238861114.074
2149.000,-238861430.570
2150.000,-238861667.942
2151.000,-238861430.570
2152.000,-238861114.074
2153.000,-238861114.074
2154.000,-238861430.570
2155.000,-238861667.942
2156.000,-238861430.570
2157.000,-238861114.074
2158.000,-238861034.950
2159.000,-238861430.570
2160.000,-238861667.942
2161.000,-238861430.570
2162.000,-238861114.074
2163.000,-238861114.074
2164.000,-238861430.570
2165.000,-238861667.942
2166.000,-238861430.570
2167.000,-238861114.074
2168.000,-238861114.074
2169.000,-238861430.570
2170.000,-238861667.942
2171.000,-238861509.694
2172.000,-238861114.074
2173.000,-238861114.074
2174.000,-238861430.570
2175.000,-238861667.942
2176.000,-238861430.570
2177.000,-238861114.074
2178.000,-238861114.074
2179.000,-238861430.570
2180.000,-238861667.942
2181.000,-238861430.570
2182.000,-238861114.074
2183.000,-238861034.950
2184.000,-238861430.570
2185.000,-238861667.942
2186.000,-238861430.570
2187.000,-238861114.074
2188.000,-238861114.074
2189.000,-238861430.570
2190.000,-238861667.942
2191.000,-238861430.570
2192.000,-238861114.074
2193.000,-238861114.074
2194.000,-238861430.570
2195.000,-238861667.942
2196.000,-238861430.570
2197.000,-238861114.074
2198.000,-238861114.074
2199.000,-238861430.570
2200.000,-238861667.942
2201.000,-238861430.570
2202.000,-238861114.074
2203.000,-238861114.074
2204.000,-238861430.570
2205.000,-238861667.942
2206.000,-238861430.570
2207.000,-238861114.074
2208.000,-238861034.950
2209.000,-238861430.570
2210.000,-238861667.942
2211.000,-238861430.570
2212.000,-238861114.074
2213.000,-238861114.074
2214.000,-238861430.570
2215.000,-238861667.942
2216.000,-238861430.570
2217.000,-238861114.074
2218.000,-238861114.074
2219.000,-238861430.570
2220.000,-238861667.942
2221.000,-238861509.694
2222.000,-238861114.074
2223.000,-238861114.074
2224.000,-238861430.570
2225.000,-238861667.942
2226.000,-238861430.570
2227.000,-238861114.074
2228.000,-238861114.074
2229.000,-238861430.570
2230.000,-238861667.942
2231.000,-238861430.570
2232.000,-238861114.074
2233.000,-238861034.950
2234.000,-238861430.570
2235.000,-238861667.942
2236.000,-238861430.570
2237.000,-238861114.074
2238.000,-238861114.074
2239.000,-238861430.570
2240.000,-238861667.942
2241.000,-238861430.570
2242.000,-238861114.074
2243.000,-238861114.074
2244.000,-238861430.570
2245.000,-238861667.942
2246.000,-238861430.570
2247.000,-238861114.074
2248.000,-238861114.074
2249.000,-238861430.570
2250.000,-238861667.942
2251.000,-238861430.570
2252.000,-238861114.074
2253.000,-238861114.074
2254.000,-238861430.570
2255.000,-238861667.942
2256.000,-238861430.570
2257.000,-238861114.074
2258.000,-238861034.950
2259.000,-238861430.570
2260.000,-238861667.942
2261.000,-238861509.694
2262.000,-238861114.074
2263.000,-238861114.074
2264.000,-238861430.570
2265.000,-238861667.942
2266.000,-238861430.570
2267.000,-238861114.074
2268.000,-238861114.074
2269.000,-238861430.570
2270.000,-238861667.942
2271.000,-238861509.694
2272.000,-238861114.074
2273.000,-238861034.950
2274.000,-238861430.570
2275.000,-238861667.942
2276.000,-238861430.570
2277.000,-238861114.074
2278.000,-238861114.074
2279.000,-238861430.570
2280.000,-238861667.942
2281.000,-238861430.570
2282.000,-238861114.074
2283.000,-238861034.950
2284.000,-238861430.570
2285.000,-238861667.942
2286.000,-238861509.694
2287.000,-238861114.074
2288.000,-238861114.074
2289.000,-238861430.570
2290.000,-238861667.942
2291.000,-238861430.570
2292.000,-238861114.074
2293.000,-238861114.074
2294.000,-238861430.570
2295.000,-238861667.942
2296.000,-238861430.570
2297.000,-238861114.074
2298.000,-238861034.950
2299.000,-238861430.570
2300.000,-238861667.942
2301.000,-238861430.570
2302.000,-238861114.074
2303.000,-238861114.074
2304.000,-238861430.570
2305.000,-238861667.942
2306.000,-238861430.570
2307.000,-238861114.074
2308.000,-238861034.950
2309.000,-238861430.570
2310.000,-238861667.942
2311.000,-238861509.694
2312.000,-238861114.074
2313.000,-238861114.074
2314.000,-238861430.570
2315.000,-238861667.942
2316.000,-238861430.570
2317.000,-238861114.074
2318.000,-238861114.074
2319.000,-238861430.570
2320.000,-238861667.942
2321.000,-238861509.694
2322.000,-238861114.074
2323.000,-238861114.074
2324.000,-238861430.570
2325.000,-238861667.942
2326.000,-238861430.570
2327.000,-238861114.074
2328.000,-238861114.074
2329.000,-238861430.570
2330.000,-238861667.942
2331.000,-238861430.570
2332.000,-238861114.074
2333.000,-238861034.950
2334.000,-238861430.570
2335.000,-238861667.942
2336.000,-238861430.570
2337.000,-238861114.074
2338.000,-238861114.074
2339.000,-238861430.570
2340.000,-238861667.942
2341.000,-238861430.570
2342.000,-238861114.074
2343.000,-238861114.074
2344.000,-238861430.570
2345.000,-238861667.942
2346.000,-238861430.570
2347.000,-238861114.074
2348.000,-238861034.950
2349.000,-238861430.570
2350.000,-238861667.942
2351.000,-238861430.570
2352.000,-238861114.074
2353.000,-238861114.074
2354.000,-238861430.570
2355.000,-238861667.942
2356.000,-238861430.570
2357.000,-238861034.950
2358.000,-238861034.950
2359.000,-238861430.570
2360.000,-238861667.942
2361.000,-238861509.694
2362.000,-238861114.074
2363.000,-238861114.074
2364.000,-238861430.570
2365.000,-238861667.942
2366.000,-238861430.570
2367.000,-238861114.074
2368.000,-238861114.074
2369.000,-238861430.570
2370.000,-238861667.942
2371.000,-238861509.694
2372.000,-238861114.074
2373.000,-238861034.950
2374.000,-238861430.570
2375.000,-238861667.942
2376.000,-238861430.570
2377.000,-238861114.074
2378.000,-238861114.074
2379.000,-238861430.570
2380.000,-238861667.942
2381.000,-238861430.570
2382.000,-238861034.950
2383.000,-238861034.950
2384.000,-238861430.570
2385.000,-238861667.942
2386.000,-238861509.694
2387.000,-238861114.074
2388.000,-238861114.074
2389.000,-238861430.570
2390.000,-238861667.942
2391.000,-238861430.570
2392.000,-238861034.950
2393.000,-238861114.074
2394.000,-238861430.570
2395.000,-238861667.942
2396.000,-238861509.694
2397.000,-238861114.074
2398.000,-238861034.950
2399.000,-238861430.570
2400.000,-238861667.942
2401.000,-238861430.570
2402.000,-238861114.074
2403.000,-238861114.074
2404.000,-238861430.570
2405.000,-238861667.942
2406.000,-238861430.570
2407.000,-238861114.074
2408.000,-238861034.950
2409.000,-238861430.570
2410.000,-238861667.942
2411.000,-238861509.694
2412.000,-238861114.074
2413.000,-238861114.074
2414.000,-238861430.570
2415.000,-238861667.942
2416.000,-238861430.570
2417.000,-238861114.074
2418.000,-238861114.074
2419.000,-238861430.570
2420.000,-238861667.942
2421.000,-238861509.694
2422.000,-238861114.074
2423.000,-238861034.950
2424.000,-238861430.570
2425.000,-238861667.942
2426.000,-238861430.570
2427.000,-238861114.074
2428.000,-238861114.074
2429.000,-238861430.570
2430.000,-238861667.942
2431.000,-238861430.570
2432.000,-238861114.074
2433.000,-238861034.950
2434.000,-238861430.570
2435.000,-238861667.942
2436.000,-238861509.694
2437.000,-238861114.074
2438.000,-238861114.074
2439.000,-238861430.570
2440.000,-238861667.942
2441.000,-238861430.570
2442.000,-238861114.074
2443.000,-238861114.074
2444.000,-238861430.570
2445.000,-238861667.942
2446.000,-238861509.694
2447.000,-238861114.074
2448.000,-238861034.950
2449.000,-238861430.570
2450.000,-238861667.942
2451.000,-238861430.570
2452.000,-238861114.074
2453.000,-238861114.074
2454.000,-238861430.570
2455.000,-238861667.942
2456.000,-238861430.570
2457.000,-238861114.074
2458.000,-238861034.950
2459.000,-238861430.570
2460.000,-238861667.942
2461.000,-238861509.694
2462.000,-238861114.074
2463.000,-238861114.074
2464.000,-238861430.570
2465.000,-238861667.942
2466.000,-238861430.570
2467.000,-238861114.074
2468.000,-238861114.074
2469.000,-238861430.570
2470.000,-238861667.942
2471.000,-238861509.694
2472.000,-238861114.074
2473.000,-238861034.950
2474.000,-238861430.570
2475.000,-238861667.942
2476.000,-238861430.570
2477.000,-238861114.074
2478.000,-238861114.074
2479.000,-238861430.570
2480.000,-238861667.942
2481.000,-238861430.570
2482.000,-238861114.074
2483.000,-238861034.950
2484.000,-238861430.570
2485.000,-238861667.942
2486.000,-238861509.694
2487.000,-238861114.074
2488.000,-238861114.074
2489.000,-238861430.570
2490.000,-238861667.942
2491.000,-238861430.570
2492.000,-238861114.074
2493.000,-238861114.074
2494.000,-238861430.570
2495.000,-238861667.942
2496.000,-238861509.694
2497.000,-238861114.074
2498.000,-238861034.950
2499.000,-238861430.570
2500.000,-238861667.942
2501.000,-238861430.570
2502.000,-238861114.074
2503.000,-238861114.074
2504.000,-238861430.570
2505.000,-238861667.942
2506.000,-238861430.570
2507.000,-238861114.074
2508.000,-238861034.950
2509.000,-238861430.570
2510.000,-238861667.942
2511.000,-238861509.694
2512.000,-238861114.074
2513.000,-238861114.074
2514.000,-238861430.570
2515.000,-238861667.942
2516.000,-238861430.570
2517.000,-238861114.074
2518.000,-238861114.074
2519.000,-238861430.570
2520.000,-238861667.942
2521.000,-238861430.570
2522.000,-238861114.074
2523.000,-238861034.950
2524.000,-238861430.570
2525.000,-238861667.942
2526.000,-238861430.570
2527.000,-238861114.074
2528.000,-238861114.074
2529.000,-238861430.570
2530.000,-238861667.942
2531.000,-238861430.570
2532.000,-238861114.074
2533.000,-238861034.950
2534.000,-238861430.570
2535.000,-238861667.942
2536.000,-238861509.694
2537.000,-238861114.074
2538.000,-238861114.074
2539.000,-238861430.570
2540.000,-238861667.942
2541.000,-238861430.570
2542.000,-238861114.074
2543.000,-238861114.074
2544.000,-238861430.570
2545.000,-238861667.942
2546.000,-238861509.694
2547.000,-238861114.074
2548.000,-238861034.950
2549.000,-238861430.570
2550.000,-238861667.942
2551.000,-238861430.570
2552.000,-238861114.074
2553.000,-238861114.074
2554.000,-238861430.570
2555.000,-238861667.942
2556.000,-238861430.570
2557.000,-238861114.074
2558.000,-238861034.950
2559.000,-238861430.570
2560.000,-238861667.942
2561.000,-238861509.694
2562.000,-238861114.074
2563.000,-238861114.074
2564.000,-238861430.570
2565.000,-238861667.942
2566.000,-238861430.570
2567.000,-238861114.074
2568.000,-238861114.074
2569.000,-238861430.570
2570.000,-238861667.942
2571.000,-238861430.570
2572.000,-238861114.074
2573.000,-238861114.074
2574.000,-238861430.570
2575.000,-238861667.942
2576.000,-238861430.570
2577.000,-238861114.074
2578.000,-238861114.074
2579.000,-238861430.570
2580.000,-238861667.942
2581.000,-238861430.570
2582.000,-238861114.074
2583.000,-238861114.074
2584.000,-238861430.570
2585.000,-238861667.942
2586.000,-238861430.570
2587.000,-238861114.074
2588.000,-238861114.074
2589.000,-238861430.570
2590.000,-238861667.942
2591.000,-238861430.570
2592.000,-238861114.074
2593.000,-238861114.074
2594.000,-238861430.570
2595.000,-238861667.942
2596.000,-238861509.694
2597.000,-238861114.074
2598.000,-238861114.074
2599.000,-238861430.570
2600.000,-238861667.942
2601.000,-238861430.570
2602.000,-238861114.074
2603.000,-238861114.074
2604.000,-238861430.570
2605.000,-238861667.942
2606.000,-238861430.570
2607.000,-238861114.074
2608.000,-238861034.950
2609.000,-238861430.570
2610.000,-238861667.942
2611.000,-238861509.694
2612.000,-238861114.074
2613.000,-238861114.074
2614.000,-238861430.570
2615.000,-238861667.942
2616.000,-238861430.570
2617.000,-238861114.074
2618.000,-238861034.950
2619.000,-238861430.570
2620.000,-238861667.942
2621.000,-238861509.694
2622.000,-238861114.074
2623.000,-238861034.950
2624.000,-238861430.570
2625.000,-238861667.942
2626.000,-238861430.570
2627.000,-238861114.074
2628.000,-238861114.074
2629.000,-238861430.570
2630.000,-238861667.942
2631.000,-238861430.570
2632.000,-238861034.950
2633.000,-238861034.950
2634.000,-238861430.570
2635.000,-238861667.942
2636.000,-238861509.694
2637.000,-238861114.074
2638.000,-238861114.074
2639.000,-238861430.570
2640.000,-238861667.942
2641.000,-238861430.570
2642.000,-238861034.950
2643.000,-238861034.950
2644.000,-238861430.570
2645.000,-238861667.942
2646.000,-238861509.694
2647.000,-238861114.074
2648.000,-238861034.950
2649.000,-238861430.570
2650.000,-238861667.942
2651.000,-238861430.570
2652.000,-238861114.074
2653.000,-238861114.074
2654.000,-238861430.570
2655.000,-238861667.942
2656.000,-238861430.570
2657.000,-238861114.074
2658.000,-238861034.950
2659.000,-238861430.570
2660.000,-238861667.942
2661.000,-238861509.694
2662.000,-238861114.074
2663.000,-238861114.074
2664.000,-238861430.570
2665.000,-238861667.942
2666.000,-238861430.570
2667.000,-238861114.074
2668.000,-238861114.074
2669.000,-238861430.570
2670.000,-238861667.942
2671.000,-238861509.694
2672.000,-238861114.074
2673.000,-238861034.950
2674.000,-238861430.570
2675.000,-238861667.942
2676.000,-238861430.570
2677.000,-238861114.074
2678.000,-238861114.074
2679.000,-238861430.570
2680.000,-238861667.942
2681.000,-238861430.570
2682.000,-238861114.074
2683.000,-238861034.950
2684.000,-238861430.570
2685.000,-238861667.942
2686.000,-238861509.694
2687.000,-238861114.074
2688.000,-238861114.074
2689.000,-238861430.570
2690.000,-238861667.942
2691.000,-238861430.570
2692.000,-238861114.074
2693.000,-238861114.074
2694.000,-238861430.570
2695.000,-238861667.942
2696.000,-238861509.694
2697.000,-238861114.074
2698.000,-238861034.950
2699.000,-238861430.570
2700.000,-238861667.942
2701.000,-238861430.570
2702.000,-238861114.074
2703.000,-238861114.074
2704.000,-238861430.570
2705.000,-238861667.942
2706.000,-238861430.570
2707.000,-238861114.074
2708.000,-238861034.950
2709.000,-238861430.570
2710.000,-238861667.942
2711.000,-238861509.694
2712.000,-238861114.074
2713.000,-238861114.074
2714.000,-238861430.570
2715.000,-238861667.942
2716.000,-238861430.570
2717.000,-238861114.074
2718.000,-238861114.074
2719.000,-238861430.570
2720.000,-238861667.942
2721.000,-238861509.694
2722.000,-238861114.074
2723.000,-238861034.950
2724.000,-238861430.570
2725.000,-238861667.942
2726.000,-238861430.570
2727.000,-238861114.074
2728.000,-238861114.074
2729.000,-238861430.570
2730.000,-238861667.942
2731.000,-238861430.570
2732.000,-238861114.074
2733.000,-238861034.950
2734.000,-238861430.570
2735.000,-238861667.942
2736.000,-238861509.694
2737.000,-238861114.074
2738.000,-238861114.074
2739.000,-238861430.570
2740.000,-238861667.942
2741.000,-238861430.570
2742.000,-238861114.074
2743.000,-238861114.074
2744.000,-238861430.570
2745.000,-238861667.942
2746.000,-238861509.694
2747.000,-238861114.074
2748.000,-238861034.950
2749.000,-238861430.570
2750.000,-238861667.942
2751.000,-238861430.570
2752.000,-238861114.074
2753.000,-238861114.074
2754.000,-238861430.570
2755.000,-238861667.942
2756.000,-238861430.570
2757.000,-238861114.074
2758.000,-238861034.950
2759.000,-238861430.570
2760.000,-238861667.942
2761.000,-238861509.694
2762.000,-238861114.074
2763.000,-238861114.074
2764.000,-238861430.570
2765.000,-238861667.942
2766.000,-238861430.570
2767.000,-238861114.074
2768.000,-238861114.074
2769.000,-238861430.570
2770.000,-238861667.942
2771.000,-238861430.570
2772.000,-238861114.074
2773.000,-238861034.950
2774.000,-238861430.570
2775.000,-238861667.942
2776.000,-238861430.570
2777.000,-238861114.074
2778.000,-238861114.074
2779.000,-238861430.570
2780.000,-238861667.942
2781.000,-238861430.570
2782.000,-238861114.074
2783.000,-238861034.950
2784.000,-238861430.570
2785.000,-238861667.942
2786.000,-238861509.694
2787.000,-238861114.074
2788.000,-238861114.074
2789.000,-238861430.570
2790.000,-238861667.942
2791.000,-238861430.570
2792.000,-238861114.074
2793.000,-238861034.950
2794.000,-238861430.570
2795.000,-238861667.942
2796.000,-238861509.694
2797.000,-238861114.074
2798.000,-238861034.950
2799.000,-238861430.570
2800.000,-238861667.942
2801.000,-238861430.570
2802.000,-238861114.074
2803.000,-238861114.074
2804.000,-238861430.570
2805.000,-238861667.942
2806.000,-238861430.570
2807.000,-238861114.074
2808.000,-238861034.950
2809.000,-238861430.570
2810.000,-238861667.942
2811.000,-238861430.570
2812.000,-238861114.074
2813.000,-238861114.074
2814.000,-238861430.570
2815.000,-238861667.942
2816.000,-238861430.570
2817.000,-238861114.074
2818.000,-238861114.074
2819.000,-238861430.570
2820.000,-238861667.942
2821.000,-238861430.570
2822.000,-238861114.074
2823.000,-238861034.950
2824.000,-238861430.570
2825.000,-238861667.942
2826.000,-238861430.570
2827.000,-238861114.074
2828.000,-238861114.074
2829.000,-238861430.570
2830.000,-238861667.942
2831.000,-238861430.570
2832.000,-238861034.950
2833.000,-238861034.950
2834.000,-238861430.570
2835.000,-238861667.942
2836.000,-238861509.694
2837.000,-238861114.074
2838.000,-238861114.074
2839.000,-238861430.570
2840.000,-238861667.942
2841.000,-238861430.570
2842.000,-238861114.074
2843.000,-238861114.074
2844.000,-238861430.570
2845.000,-238861667.942
2846.000,-238861509.694
2847.000,-238861114.074
2848.000,-238861034.950
2849.000,-238861351.446
2850.000,-238861667.942
2851.000,-238861430.570
2852.000,-238861114.074
2853.000,-238861114.074
2854.000,-238861430.570
2855.000,-238861667.942
2856.000,-238861430.570
2857.000,-238861034.950
2858.000,-238861034.950
2859.000,-238861430.570
2860.000,-238861667.942
2861.000,-238861509.694
2862.000,-238861114.074
2863.000,-238861114.074
2864.000,-238861430.570
2865.000,-238861667.942
2866.000,-238861430.570
2867.000,-238861114.074
2868.000,-238861114.074
2869.000,-238861430.570
2870.000,-238861667.942
2871.000,-238861509.694
2872.000,-238861114.074
2873.000,-238861034.950
2874.000,-238861430.570
2875.000,-238861667.942
2876.000,-238861430.570
2877.000,-238861114.074
2878.000,-238861114.074
2879.000,-238861430.570
2880.000,-238861667.942
2881.000,-238861430.570
2882.000,-238861114.074
2883.000,-238861034.950
2884.000,-238861430.570
2885.000,-238861667.942
2886.000,-238861509.694
2887.000,-238861114.074
2888.000,-238861114.074
2889.000,-238861430.570
2890.000,-238861667.942
2891.000,-238861430.570
2892.000,-238861114.074
2893.000,-238861114.074
2894.000,-238861430.570
2895.000,-238861667.942
2896.000,-238861509.694
2897.000,-238861114.074
2898.000,-238861034.950
2899.000,-238861430.570
2900.000,-238861667.942
2901.000,-238861509.694
2902.000,-238861114.074
2903.000,-238861114.074
2904.000,-238861430.570
2905.000,-238861667.942
2906.000,-238861430.570
2907.000,-238861114.074
2908.000,-238861034.950
2909.000,-238861430.570
2910.000,-238861667.942
2911.000,-238861509.694
2912.000,-238861114.074
2913.000,-238861114.074
2914.000,-238861430.570
2915.000,-238861667.942
2916.000,-238861430.570
2917.000,-238861114.074
2918.000,-238861114.074
2919.000,-238861430.570
2920.000,-238861667.942
2921.000,-238861509.694
2922.000,-238861114.074
2923.000,-238861034.950
2924.000,-238861430.570
2925.000,-238861667.942
2926.000,-238861509.694
2927.000,-238861114.074
2928.000,-238861114.074
2929.000,-238861430.570
2930.000,-238861667.942
2931.000,-238861430.570
2932.000,-238861114.074
2933.000,-238861034.950
2934.000,-238861430.570
2935.000,-238861667.942
2936.000,-238861509.694
2937.000,-238861114.074
2938.000,-238861114.074
2939.000,-238861430.570
2940.000,-238861667.942
2941.000,-238861430.570
2942.000,-238861114.074
2943.000,-238861114.074
2944.000,-238861430.570
2945.000,-238861667.942
2946.000,-238861509.694
2947.000,-238861114.074
2948.000,-238861034.950
2949.000,-238861430.570
2950.000,-238861667.942
2951.000,-238861430.570
2952.000,-238861114.074
2953.000,-238861114.074
2954.000,-238861430.570
2955.000,-238861667.942
2956.000,-238861430.570
2957.000,-238861114.074
2958.000,-238861034.950
2959.000,-238861430.570
2960.000,-238861667.942
2961.000,-238861509.694
2962.000,-238861114.074
2963.000,-238861114.074
2964.000,-238861430.570
2965.000,-238861667.942
2966.000,-238861430.570
2967.000,-238861114.074
2968.000,-238861114.074
2969.000,-238861430.570
2970.000,-238861667.942
2971.000,-238861509.694
2972.000,-238861114.074
2973.000,-238861034.950
2974.000,-238861430.570
2975.000,-238861667.942
2976.000,-238861509.694
2977.000,-238861114.074
2978.000,-238861114.074
2979.000,-238861430.570
2980.000,-238861667.942
2981.000,-238861430.570
2982.000,-238861114.074
2983.000,-238861034.950
2984.000,-238861430.570
2985.000,-238861667.942
2986.000,-238861509.694
2987.000,-238861114.074
2988.000,-238861114.074
2989.000,-238861430.570
2990.000,-238861667.942
2991.000,-238861430.570
2992.000,-238861114.074
2993.000,-238861114.074
2994.000,-238861430.570
2995.000,-238861667.942
2996.000,-238861509.694
2997.000,-238861114.074
2998.000,-238861034.950
2999.000,-238861430.570
3000.000,-238861667.942
3001.000,-238861430.570
3002.000,-238861114.074
3003.000,-238861114.074
3004.000,-238861430.570
3005.000,-238861667.942
3006.000,-238861430.570
3007.000,-238861114.074
3008.000,-238861034.950
3009.000,-238861430.570
3010.000,-238861667.942
3011.000,-238861509.694
3012.000,-238861114.074
3013.000,-238861114.074
3014.000,-238861430.570
3015.000,-238861667.942
3016.000,-238861430.570
3017.000,-238861114.074
3018.000,-238861034.950
3019.000,-238861430.570
3020.000,-238861667.942
3021.000,-238861509.694
3022.000,-238861114.074
3023.000,-238861034.950
3024.000,-238861430.570
3025.000,-238861667.942
3026.000,-238861430.570
3027.000,-238861114.074
3028.000,-238861114.074
3029.000,-238861430.570
3030.000,-238861667.942
3031.000,-238861430.570
3032.000,-238861114.074
3033.000,-238861034.950
3034.000,-238861430.570
3035.000,-238861667.942
3036.000,-238861509.694
3037.000,-238861114.074
3038.000,-238861034.950
3039.000,-238861430.570
3040.000,-238861667.942
3041.000,-238861430.570
3042.000,-238861114.074
3043.000,-238861114.074
3044.000,-238861430.570
3045.000,-238861667.942
3046.000,-238861509.694
3047.000,-238861114.074
3048.000,-238861034.950
3049.000,-238861430.570
3050.000,-238861667.942
3051.000,-238861430.570
3052.000,-238861114.074
3053.000,-238861114.074
3054.000,-238861430.570
3055.000,-238861667.942
3056.000,-238861430.570
3057.000,-238861114.074
3058.000,-238861034.950
3059.000,-238861430.570
3060.000,-238861667.942
3061.000,-238861509.694
3062.000,-238861114.074
3063.000,-238861114.074
3064.000,-238861430.570
3065.000,-238861667.942
3066.000,-238861430.570
3067.000,-238861114.074
3068.000,-238861034.950
3069.000,-238861430.570
3070.000,-238861667.942
3071.000,-238861509.694
3072.000,-238861114.074
3073.000,-238861034.950
3074.000,-238861430.570
3075.000,-238861667.942
3076.000,-238861430.570
3077.000,-238861114.074
3078.000,-238861114.074
3079.000,-238861430.570
3080.000,-238861667.942
3081.000,-238861430.570
3082.000,-238861114.074
3083.000,-238861034.950
3084.000,-238861430.570
3085.000,-238861667.942
3086.000,-238861430.570
3087.000,-238861114.074
3088.000,-238861114.074
3089.000,-238861430.570
3090.000,-238861667.942
3091.000,-238861430.570
3092.000,-238861114.074
3093.000,-238861034.950
3094.000,-238861430.570
3095.000,-238861667.942
3096.000,-238861430.570
3097.000,-238861114.074
3098.000,-238861034.950
3099.000,-238861430.570
3100.000,-238861667.942
3101.000,-238861430.570
3102.000,-238861114.074
3103.000,-238861114.074
3104.000,-238861430.570
3105.000,-238861667.942
3106.000,-238861430.570
3107.000,-238861114.074
3108.000,-238861034.950
3109.000,-238861430.570
3110.000,-238861667.942
3111.000,-238861509.694
3112.000,-238861114.074
3113.000,-238861114.074
3114.000,-238861430.570
3115.000,-238861667.942
3116.000,-238861430.570
3117.000,-238861114.074
3118.000,-238861114.074
3119.000,-238861430.570
3120.000,-238861667.942
3121.000,-238861509.694
3122.000,-238861114.074
3123.000,-238861034.950
3124.000,-238861430.570
3125.000,-238861667.942
3126.000,-238861430.570
3127.000,-238861114.074
3128.000,-238861114.074
3129.000,-238861430.570
3130.000,-238861667.942
3131.000,-238861430.570
3132.000,-238861114.074
3133.000,-238861034.950
3134.000,-238861430.570
3135.000,-238861667.942
3136.000,-238861509.694
3137.000,-238861114.074
3138.000,-238861114.074
3139.000,-238861430.570
3140.000,-238861667.942
3141.000,-238861430.570
3142.000,-238861114.074
3143.000,-238861114.074
3144.000,-238861430.570
3145.000,-238861667.942
3146.000,-238861509.694
3147.000,-238861114.074
3148.000,-238861034.950
3149.000,-238861430.570
3150.000,-238861667.942
3151.000,-238861509.694
3152.000,-238861114.074
3153.000,-238861114.074
3154.000,-238861430.570
3155.000,-238861667.942
3156.000,-238861430.570
3157.000,-238861114.074
3158.000,-238861034.950
3159.000,-238861430.570
3160.000,-238861667.942
3161.000,-238861509.694
3162.000,-238861114.074
3163.000,-238861114.074
3164.000,-238861430.570
3165.000,-238861667.942
3166.000,-238861430.570
3167.000,-238861114.074
3168.000,-238861114.074
3169.000,-238861430.570
3170.000,-238861667.942
3171.000,-238861509.694
3172.000,-238861114.074
3173.000,-238861034.950
3174.000,-238861351.446
3175.000,-238861667.942
3176.000,-238861509.694
3177.000,-238861114.074
3178.000,-238861114.074
3179.000,-238861430.570
3180.000,-238861667.942
3181.000,-238861430.570
3182.000,-238861114.074
3183.000,-238861034.950
3184.000,-238861430.570
3185.000,-238861667.942
3186.000,-238861509.694
3187.000,-238861114.074
3188.000,-238861114.074
3189.000,-238861430.570
3190.000,-238861667.942
3191.000,-238861430.570
3192.000,-238861114.074
3193.000,-238861114.074
3194.000,-238861430.570
3195.000,-238861667.942
3196.000,-238861509.694
3197.000,-238861114.074
3198.000,-238861034.950
3199.000,-238861430.570
3200.000,-238861667.942
3201.000,-238861430.570
3202.000,-238861114.074
3203.000,-238861114.074
3204.000,-238861430.570
3205.000,-238861667.942
3206.000,-238861509.694
3207.000,-238861114.074
3208.000,-238861034.950
3209.000,-238861430.570
3210.000,-238861667.942
3211.000,-238861430.570
3212.000,-238861114.074
3213.000,-238861114.074
3214.000,-238861430.570
3215.000,-238861667.942
3216.000,-238861509.694
3217.000,-238861114.074
3218.000,-238861034.950
3219.000,-238861430.570
3220.000,-238861667.942
3221.000,-238861430.570
3222.000,-238861114.074
3223.000,-238861034.950
3224.000,-238861430.570
3225.000,-238861667.942
3226.000,-238861509.694
3227.000,-238861114.074
3228.000,-238861034.950
3229.000,-238861430.570
3230.000,-238861667.942
3231.000,-238861430.570
3232.000,-238861114.074
3233.000,-238861114.074
3234.000,-238861430.570
3235.000,-238861667.942
3236.000,-238861509.694
3237.000,-238861114.074
3238.000,-238861034.950
3239.000,-238861430.570
3240.000,-238861667.942
3241.000,-238861430.570
3242.000,-238861114.074
3243.000,-238861114.074
3244.000,-238861430.570
3245.000,-238861667.942
3246.000,-238861509.694
3247.000,-238861114.074
3248.000,-238861034.950
3249.000,-238861430.570
3250.000,-238861667.942
3251.000,-238861509.694
3252.000,-238861114.074
3253.000,-238861114.074
3254.000,-238861430.570
3255.000,-238861667.942
3256.000,-238861430.570
3257.000,-238861114.074
3258.000,-238861034.950
3259.000,-238861430.570
3260.000,-238861667.942
3261.000,-238861509.694
3262.000,-238861114.074
3263.000,-238861114.074
3264.000,-238861430.570
3265.000,-238861667.942
3266.000,-238861430.570
3267.000,-238861114.074
3268.000,-238861034.950
3269.000,-238861430.570
3270.000,-238861667.942
3271.000,-238861509.694
3272.000,-238861114.074
3273.000,-238861034.950
3274.000,-238861430.570
3275.000,-238861667.942
3276.000,-238861430.570
3277.000,-238861114.074
3278.000,-238861114.074
3279.000,-238861430.570
3280.000,-238861667.942
3281.000,-238861509.694
3282.000,-238861114.074
3283.000,-238861034.950
3284.000,-238861430.570
3285.000,-238861667.942
3286.000,-238861430.570
3287.000,-238861114.074
3288.000,-238861114.074
3289.000,-238861430.570
3290.000,-238861667.942
3291.000,-238861430.570
3292.000,-238861114.074
3293.000,-238861034.950
3294.000,-238861430.570
3295.000,-238861667.942
3296.000,-238861509.694
3297.000,-238861114.074
3298.000,-238861114.074
3299.000,-238861430.570
3300.000,-238861667.942
3301.000,-238861430.570
3302.000,-238861114.074
3303.000,-238861114.074
3304.000,-238861430.570
3305.000,-238861667.942
3306.000,-238861509.694
3307.000,-238861114.074
3308.000,-238861034.950
3309.000,-238861430.570
3310.000,-238861667.942
3311.000,-238861509.694
3312.000,-238861114.074
3313.000,-238861114.074
3314.000,-238861430.570
3315.000,-238861667.942
3316.000,-238861430.570
3317.000,-238861114.074
3318.000,-238861034.950
3319.000,-238861430.570
3320.000,-238861667.942
3321.000,-238861509.694
3322.000,-238861114.074
3323.000,-238861034.950
3324.000,-238861430.570
3325.000,-238861667.942
3326.000,-238861430.570
3327.000,-238861114.074
3328.000,-238861114.074
3329.000,-238861430.570
3330.000,-238861667.942
3331.000,-238861430.570
3332.000,-238861114.074
3333.000,-238861034.950
3334.000,-238861430.570
3335.000,-238861667.942
3336.000,-238861509.694
3337.000,-238861114.074
3338.000,-238861114.074
3339.000,-238861430.570
3340.000,-238861667.942
3341.000,-238861430.570
3342.000,-238861114.074
3343.000,-238861034.950
3344.000,-238861430.570
3345.000,-238861667.942
3346.000,-238861509.694
3347.000,-238861114.074
3348.000,-238861034.950
3349.000,-238861430.570
3350.000,-238861667.942
3351.000,-238861430.570
3352.000,-238861114.074
3353.000,-238861114.074
3354.000,-238861430.570
3355.000,-238861667.942
3356.000,-238861509.694
3357.000,-238861114.074
3358.000,-238861034.950
3359.000,-238861430.570
3360.000,-238861667.942
3361.000,-238861509.694
3362.000,-238861114.074
3363.000,-238861114.074
3364.000,-238861430.570
3365.000,-238861667.942
3366.000,-238861430.570
3367.000,-238861114.074
3368.000,-238861034.950
3369.000,-238861430.570
3370.000,-238861667.942
3371.000,-238861509.694
3372.000,-238861114.074
3373.000,-238861034.950
3374.000,-238861430.570
3375.000,-238861667.942
3376.000,-238861430.570
3377.000,-238861114.074
3378.000,-238861114.074
3379.000,-238861430.570
3380.000,-238861667.942
3381.000,-238861509.694
3382.000,-238861114.074
3383.000,-238861034.950
3384.000,-238861430.570
3385.000,-238861667.942
3386.000,-238861509.694
3387.000,-238861114.074
3388.000,-238861114.074
3389.000,-238861430.570
3390.000,-238861667.942
3391.000,-238861430.570
3392.000,-238861114.074
3393.000,-238861034.950
3394.000,-238861430.570
3395.000,-238861667.942
3396.000,-238861509.694
3397.000,-238861114.074
3398.000,-238861114.074
3399.000,-238861430.570
3400.000,-238861667.942
3401.000,-238861430.570
3402.000,-238861114.074
3403.000,-238861114.074
3404.000,-238861430.570
3405.000,-238861667.942
3406.000,-238861509.694
3407.000,-238861114.074
3408.000,-238861034.950
3409.000,-238861430.570
3410.000,-238861667.942
3411.000,-238861509.694
3412.000,-238861114.074
3413.000,-238861114.074
3414.000,-238861430.570
3415.000,-238861667.942
3416.000,-238861430.570
3417.000,-238861114.074
3418.000,-238861034.950
3419.000,-238861430.570
3420.000,-238861667.942
3421.000,-238861509.694
3422.000,-238861114.074
3423.000,-238861114.074
3424.000,-238861430.570
3425.000,-238861667.942
3426.000,-238861430.570
3427.000,-238861114.074
3428.000,-238861114.074
3429.000,-238861430.570
3430.000,-238861667.942
3431.000,-238861430.570
3432.000,-238861114.074
3433.000,-238861034.950
3434.000,-238861430.570
3435.000,-238861667.942
3436.000,-238861509.694
3437.000,-238861114.074
3438.000,-238861114.074
3439.000,-238861430.570
3440.000,-238861667.942
3441.000,-238861430.570
3442.000,-238861114.074
3443.000,-238861034.950
3444.000,-238861430.570
3445.000,-238861667.942
3446.000,-238861509.694
3447.000,-238861114.074
3448.000,-238861034.950
3449.000,-238861430.570
3450.000,-238861667.942
3451.000,-238861430.570
3452.000,-238861114.074
3453.000,-238861114.074
3454.000,-238861430.570
3455.000,-238861667.942
3456.000,-238861509.694
3457.000,-238861114.074
3458.000,-238861034.950
3459.000,-238861430.570
3460.000,-238861667.942
3461.000,-238861509.694
3462.000,-238861114.074
3463.000,-238861114.074
3464.000,-238861430.570
3465.000,-238861667.942
3466.000,-238861430.570
3467.000,-238861114.074
3468.000,-238861034.950
3469.000,-238861430.570
3470.000,-238861667.942
3471.000,-238861509.694
3472.000,-238861114.074
3473.000,-238861034.950
3474.000,-238861351.446
3475.000,-238861667.942
3476.000,-238861509.694
3477.000,-238861114.074
3478.000,-238861034.950
3479.000,-238861509.694
3480.000,-238861667.942
3481.000,-238861430.570
3482.000,-238861114.074
3483.000,-238861034.950
3484.000,-238861351.446
3485.000,-238861667.942
3486.000,-238861509.694
3487.000,-238861193.198
3488.000,-238861114.074
3489.000,-238861351.446
3490.000,-238861588.818
3491.000,-238861509.694
3492.000,-238861034.950
3493.000,-238861034.950
3494.000,-238861509.694
3495.000,-238861667.942
3496.000,-238861509.694
3497.000,-238861193.198
3498.000,-238861034.950
3499.000,-238861351.446
3500.000,-238861588.818
3501.000,-238861430.570
3502.000,-238861114.074
3503.000,-238861114.074
3504.000,-238861430.570
3505.000,-238861747.066
3506.000,-238861509.694
3507.000,-238861114.074
3508.000,-238861034.950
3509.000,-238861351.446
3510.000,-238861588.818
3511.000,-238861430.570
3512.000,-238861114.074
3513.000,-238861114.074
3514.000,-238861509.694
3515.000,-238861667.942
3516.000,-238861509.694
3517.000,-238861114.074
3518.000,-238860955.827
3519.000,-238861351.446
3520.000,-238861667.942
3521.000,-238861509.694
3522.000,-238861114.074
3523.000,-238861114.074
3524.000,-238861430.570
3525.000,-238861667.942
3526.000,-238861430.570
3527.000,-238861114.074
3528.000,-238861034.950
3529.000,-238861430.570
3530.000,-238861667.942
3531.000,-238861509.694
3532.000,-238861114.074
3533.000,-238861114.074
3534.000,-238861430.570
3535.000,-238861667.942
3536.000,-238861430.570
3537.000,-238861114.074
3538.000,-238861034.950
3539.000,-238861351.446
3540.000,-238861667.942
3541.000,-238861509.694
3542.000,-238861114.074
3543.000,-238861114.074
3544.000,-238861430.570
3545.000,-238861667.942
3546.000,-238861430.570
3547.000,-238861114.074
3548.000,-238861034.950
3549.000,-238861430.570
3550.000,-238861667.942
3551.000,-238861509.694
3552.000,-238861114.074
3553.000,-238861114.074
3554.000,-238861430.570
3555.000,-238861667.942
3556.000,-238861430.570
3557.000,-238861114.074
3558.000,-238861034.950
3559.000,-238861430.570
3560.000,-238861667.942
3561.000,-238861509.694
3562.000,-238861114.074
3563.000,-238861114.074
3564.000,-238861430.570
3565.000,-238861588.818
3566.000,-238861430.570
3567.000,-238861114.074
3568.000,-238861114.074
3569.000,-238861430.570
3570.000,-238861747.066
3571.000,-238861509.694
3572.000,-238861114.074
3573.000,-238861034.950
3574.000,-238861351.446
3575.000,-238861588.818
3576.000,-238861430.570
3577.000,-238861114.074
3578.000,-238861114.074
3579.000,-238861430.570
3580.000,-238861667.942
3581.000,-238861430.570
3582.000,-238861034.950
3583.000,-238861034.950
3584.000,-238861351.446
3585.000,-238861667.942
3586.000,-238861509.694
3587.000,-238861193.198
3588.000,-238861114.074
3589.000,-238861430.570
3590.000,-238861667.942
3591.000,-238861430.570
3592.000,-238861034.950
3593.000,-238861034.950
3594.000,-238861430.570
3595.000,-238861667.942
3596.000,-238861509.694
3597.000,-238861193.198
3598.000,-238861114.074
3599.000,-238861430.570
3600.000,-238861588.818
3601.000,-238861430.570
3602.000,-238861114.074
3603.000,-238861034.950
3604.000,-238861430.570
3605.000,-238861667.942
3606.000,-238861509.694
3607.000,-238861114.074
3608.000,-238861034.950
3609.000,-238861351.446
3610.000,-238861667.942
3611.000,-238861430.570
3612.000,-238861114.074
3613.000,-238861114.074
3614.000,-238861430.570
3615.000,-238861667.942
3616.000,-238861509.694
3617.000,-238861114.074
3618.000,-238861034.950
3619.000,-238861430.570
3620.000,-238861667.942
3621.000,-238861509.694
3622.000,-238861114.074
3623.000,-238861114.074
3624.000,-238861430.570
3625.000,-238861667.942
3626.000,-238861509.694
3627.000,-238861114.074
3628.000,-238861034.950
3629.000,-238861430.570
3630.000,-238861667.942
3631.000,-238861430.570
3632.000,-238861114.074
3633.000,-238861114.074
3634.000,-238861430.570
3635.000,-238861667.942
3636.000,-238861509.694
3637.000,-238861114.074
3638.000,-238861034.950
3639.000,-238861351.446
3640.000,-238861588.818
3641.000,-238861430.570
3642.000,-238861114.074
3643.000,-238861114.074
3644.000,-238861430.570
3645.000,-238861667.942
3646.000,-238861509.694
3647.000,-238861114.074
3648.000,-238861034.950
3649.000,-238861351.446
3650.000,-238861667.942
3651.000,-238861509.694
3652.000,-238861114.074
3653.000,-238861114.074
3654.000,-238861430.570
3655.000,-238861667.942
3656.000,-238861430.570
3657.000,-238861114.074
3658.000,-238861034.950
3659.000,-238861351.446
3660.000,-238861667.942
3661.000,-238861509.694
3662.000,-238861114.074
3663.000,-238861114.074
3664.000,-238861430.570
3665.000,-238861667.942
3666.000,-238861430.570
3667.000,-238861114.074
3668.000,-238861034.950
3669.000,-238861430.570
3670.000,-238861667.942
3671.000,-238861509.694
3672.000,-238861114.074
3673.000,-238861034.950
3674.000,-238861351.446
3675.000,-238861588.818
3676.000,-238861430.570
3677.000,-238861114.074
3678.000,-238861114.074
3679.000,-238861430.570
3680.000,-238861667.942
3681.000,-238861509.694
3682.000,-238861114.074
3683.000,-238861034.950
3684.000,-238861351.446
3685.000,-238861667.942
3686.000,-238861509.694
3687.000,-238861114.074
3688.000,-238861114.074
3689.000,-238861430.570
3690.000,-238861667.942
3691.000,-238861430.570
3692.000,-238861114.074
3693.000,-238861034.950
3694.000,-238861430.570
3695.000,-238861667.942
3696.000,-238861509.694
3697.000,-238861114.074
3698.000,-238861034.950
3699.000,-238861430.570
3700.000,-238861667.942
3701.000,-238861430.570
3702.000,-238861114.074
3703.000,-238861114.074
3704.000,-238861430.570
3705.000,-238861667.942
3706.000,-238861509.694
3707.000,-238861114.074
3708.000,-238861034.950
3709.000,-238861430.570
3710.000,-238861667.942
3711.000,-238861509.694
3712.000,-238861114.074
3713.000,-238861034.950
3714.000,-238861430.570
3715.000,-238861667.942
3716.000,-238861430.570
3717.000,-238861114.074
3718.000,-238861114.074
3719.000,-238861430.570
3720.000,-238861667.942
3721.000,-238861509.694
3722.000,-238861114.074
3723.000,-238861034.950
3724.000,-238861351.446
3725.000,-238861667.942
3726.000,-238861509.694
3727.000,-238861114.074
3728.000,-238861114.074
3729.000,-238861430.570
3730.000,-238861667.942
3731.000,-238861430.570
3732.000,-238861114.074
3733.000,-238861034.950
3734.000,-238861430.570
3735.000,-238861667.942
3736.000,-238861509.694
3737.000,-238861114.074
3738.000,-238861114.074
3739.000,-238861351.446
3740.000,-238861588.818
3741.000,-238861430.570
3742.000,-238861114.074
3743.000,-238861034.950
3744.000,-238861430.570
3745.000,-238861667.942
3746.000,-238861509.694
3747.000,-238861114.074
3748.000,-238861034.950
3749.000,-238861351.446
3750.000,-238861588.818
3751.000,-238861430.570
3752.000,-238861114.074
3753.000,-238861114.074
3754.000,-238861430.570
3755.000,-238861667.942
3756.000,-238861430.570
3757.000,-238861114.074
3758.000,-238861034.950
3759.000,-238861351.446
3760.000,-238861667.942
3761.000,-238861509.694
3762.000,-238861114.074
3763.000,-238861114.074
3764.000,-238861430.570
3765.000,-238861667.942
3766.000,-238861430.570
3767.000,-238861114.074
3768.000,-238861034.950
3769.000,-238861430.570
3770.000,-238861667.942
3771.000,-238861509.694
3772.000,-238861114.074
3773.000,-238861034.950
3774.000,-238861351.446
3775.000,-238861667.942
3776.000,-238861430.570
3777.000,-238861114.074
3778.000,-238861114.074
3779.000,-238861430.570
3780.000,-238861667.942
3781.000,-238861509.694
3782.000,-238861114.074
3783.000,-238861034.950
3784.000,-238861351.446
3785.000,-238861667.942
3786.000,-238861509.694
3787.000,-238861114.074
3788.000,-238861114.074
3789.000,-238861430.570
3790.000,-238861667.942
3791.000,-238861430.570
3792.000,-238861114.074
3793.000,-238861034.950
3794.000,-238861430.570
3795.000,-238861667.942
3796.000,-238861430.570
3797.000,-238861114.074
3798.000,-238861114.074
3799.000,-238861351.446
3800.000,-238861588.818
3801.000,-238861509.694
3802.000,-238861114.074
3803.000,-238861114.074
3804.000,-238861430.570
3805.000,-238861667.942
3806.000,-238861509.694
3807.000,-238861114.074
3808.000,-238861034.950
3809.000,-238861430.570
3810.000,-238861667.942
3811.000,-238861509.694
3812.000,-238861114.074
3813.000,-238861114.074
3814.000,-238861430.570
3815.000,-238861667.942
3816.000,-238861430.570
3817.000,-238861114.074
3818.000,-238861034.950
3819.000,-238861430.570
3820.000,-238861667.942
3821.000,-238861509.694
3822.000,-238861114.074
3823.000,-238861034.950
3824.000,-238861430.570
3825.000,-238861667.942
3826.000,-238861430.570
3827.000,-238861114.074
3828.000,-238861034.950
3829.000,-238861430.570
3830.000,-238861667.942
3831.000,-238861509.694
3832.000,-238861114.074
3833.000,-238861034.950
3834.000,-238861351.446
3835.000,-238861667.942
3836.000,-238861509.694
3837.000,-238861114.074
3838.000,-238861114.074
3839.000,-238861430.570
3840.000,-238861667.942
3841.000,-238861430.570
3842.000,-238861114.074
3843.000,-238861034.950
3844.000,-238861430.570
3845.000,-238861667.942
3846.000,-238861509.694
3847.000,-238861114.074
3848.000,-238861114.074
3849.000,-238861351.446
3850.000,-238861667.942
3851.000,-238861509.694
3852.000,-238861114.074
3853.000,-238861034.950
3854.000,-238861430.570
3855.000,-238861667.942
3856.000,-238861430.570
3857.000,-238861114.074
3858.000,-238861114.074
3859.000,-238861430.570
3860.000,-238861667.942
3861.000,-238861509.694
3862.000,-238861114.074
3863.000,-238861034.950
3864.000,-238861351.446
3865.000,-238861667.942
3866.000,-238861430.570
3867.000,-238861114.074
3868.000,-238861114.074
3869.000,-238861430.570
3870.000,-238861667.942
3871.000,-238861509.694
3872.000,-238861114.074
3873.000,-238861034.950
3874.000,-238861430.570
3875.000,-238861667.942
3876.000,-238861509.694
3877.000,-238861114.074
3878.000,-238861114.074
3879.000,-238861430.570
3880.000,-238861667.942
3881.000,-238861430.570
3882.000,-238861114.074
3883.000,-238861034.950
3884.000,-238861430.570
3885.000,-238861667.942
3886.000,-238861509.694
3887.000,-238861114.074
3888.000,-238861034.950
3889.000,-238861351.446
3890.000,-238861588.818
3891.000,-238861430.570
3892.000,-238861114.074
3893.000,-238861114.074
3894.000,-238861430.570
3895.000,-238861667.942
3896.000,-238861509.694
3897.000,-238861114.074
3898.000,-238861034.950
3899.000,-238861351.446
3900.000,-238861588.818
3901.000,-238861509.694
3902.000,-238861114.074
3903.000,-238861114.074
3904.000,-238861430.570
3905.000,-238861667.942
3906.000,-238861430.570
3907.000,-238861034.950
3908.000,-238861034.950
3909.000,-238861351.446
3910.000,-238861667.942
3911.000,-238861509.694
3912.000,-238861114.074
3913.000,-238861114.074
3914.000,-238861430.570
3915.000,-238861588.818
3916.000,-238861430.570
3917.000,-238861034.950
3918.000,-238861034.950
3919.000,-238861430.570
3920.000,-238861667.942
3921.000,-238861509.694
3922.000,-238861114.074
3923.000,-238861034.950
3924.000,-238861351.446
3925.000,-238861588.818
3926.000,-238861430.570
3927.000,-238861114.074
3928.000,-238861114.074
3929.000,-238861430.570
3930.000,-238861667.942
3931.000,-238861509.694
3932.000,-238861114.074
3933.000,-238861034.950
3934.000,-238861351.446
3935.000,-238861588.818
3936.000,-238861509.694
3937.000,-238861114.074
3938.000,-238861114.074
3939.000,-238861430.570
3940.000,-238861667.942
3941.000,-238861430.570
3942.000,-238861114.074
3943.000,-238861034.950
3944.000,-238861351.446
3945.000,-238861667.942
3946.000,-238861509.694
3947.000,-238861114.074
3948.000,-238861114.074
3949.000,-238861430.570
3950.000,-238861667.942
3951.000,-238861430.570
3952.000,-238861114.074
3953.000,-238861034.950
3954.000,-238861430.570
3955.000,-238861667.942
3956.000,-238861509.694
3957.000,-238861114.074
3958.000,-238861034.950
3959.000,-238861430.570
3960.000,-238861667.942
3961.000,-238861430.570
3962.000,-238861114.074
3963.000,-238861034.950
3964.000,-238861430.570
3965.000,-238861667.942
3966.000,-238861509.694
3967.000,-238861114.074
3968.000,-238861114.074
3969.000,-238861430.570
3970.000,-238861667.942
3971.000,-238861509.694
3972.000,-238861114.074
3973.000,-238861034.950
3974.000,-238861430.570
3975.000,-238861667.942
3976.000,-238861509.694
3977.000,-238861114.074
3978.000,-238861114.074
3979.000,-238861430.570
3980.000,-238861667.942
3981.000,-238861430.570
3982.000,-238861114.074
3983.000,-238861034.950
3984.000,-238861430.570
3985.000,-238861667.942
3986.000,-238861509.694
3987.000,-238861114.074
3988.000,-238861034.950
3989.000,-238861351.446
3990.000,-238861588.818
3991.000,-238861430.570
3992.000,-238861114.074
3993.000,-238861114.074
3994.000,-238861430.570
3995.000,-238861667.942
3996.000,-238861509.694
3997.000,-238861114.074
3998.000,-238861034.950
3999.000,-238861351.446
4000.000,-238861667.942
4001.000,-238861509.694
4002.000,-238861114.074
4003.000,-238861114.074
4004.000,-238861430.570
4005.000,-238861667.942
4006.000,-238861430.570
4007.000,-238861034.950
4008.000,-238861034.950
4009.000,-238861351.446
4010.000,-238861667.942
4011.000,-238861509.694
4012.000,-238861114.074
4013.000,-238861114.074
4014.000,-238861430.570
4015.000,-238861667.942
4016.000,-238861430.570
4017.000,-238861114.074
4018.000,-238861034.950
4019.000,-238861430.570
4020.000,-238861667.942
4021.000,-238861509.694
4022.000,-238861114.074
4023.000,-238861034.950
4024.000,-238861351.446
4025.000,-238861588.818
4026.000,-238861430.570
4027.000,-238861114.074
4028.000,-238861114.074
4029.000,-238861430.570
4030.000,-238861667.942
4031.000,-238861509.694
4032.000,-238861114.074
4033.000,-238861034.950
4034.000,-238861351.446
4035.000,-238861667.942
4036.000,-238861509.694
4037.000,-238861114.074
4038.000,-238861114.074
4039.000,-238861430.570
4040.000,-238861667.942
4041.000,-238861430.570
4042.000,-238861114.074
4043.000,-238861034.950
4044.000,-238861430.570
4045.000,-238861667.942
4046.000,-238861509.694
4047.000,-238861114.074
4048.000,-238861034.950
4049.000,-238861430.570
4050.000,-238861667.942
4051.000,-238861430.570
4052.000,-238861114.074
4053.000,-238861034.950
4054.000,-238861430.570
4055.000,-238861667.942
4056.000,-238861509.694
4057.000,-238861114.074
4058.000,-238861034.950
4059.000,-238861430.570
4060.000,-238861667.942
4061.000,-238861509.694
4062.000,-238861114.074
4063.000,-238861034.950
4064.000,-238861430.570
4065.000,-238861667.942
4066.000,-238861509.694
4067.000,-238861114.074
4068.000,-238861034.950
4069.000,-238861430.570
4070.000,-238861667.942
4071.000,-238861509.694
4072.000,-238861114.074
4073.000,-238861034.950
4074.000,-238861430.570
4075.000,-238861667.942
4076.000,-238861509.694
4077.000,-238861114.074
4078.000,-238861114.074
4079.000,-238861430.570
4080.000,-238861667.942
4081.000,-238861430.570
4082.000,-238861114.074
4083.000,-238861034.950
4084.000,-238861430.570
4085.000,-238861667.942
4086.000,-238861509.694
4087.000,-238861114.074
4088.000,-238861034.950
4089.000,-238861430.570
4090.000,-238861667.942
4091.000,-238861430.570
4092.000,-238861114.074
4093.000,-238861034.950
4094.000,-238861430.570
4095.000,-238861667.942
4096.000,-238861509.694
4097.000,-238861114.074
4098.000,-238861034.950
4099.000,-238861351.446
4100.000,-238861667.942
4101.000,-238861430.570
4102.000,-238861114.074
4103.000,-238861114.074
4104.000,-238861430.570
4105.000,-238861667.942
4106.000,-238861509.694
4107.000,-238861114.074
4108.000,-238861034.950
4109.000,-238861351.446
4110.000,-238861667.942
4111.000,-238861509.694
4112.000,-238861114.074
4113.000,-238861114.074
4114.000,-238861430.570
4115.000,-238861667.942
4116.000,-238861430.570
4117.000,-238861114.074
4118.000,-238861034.950
4119.000,-238861430.570
4120.000,-238861667.942
4121.000,-238861509.694
4122.000,-238861114.074
4123.000,-238861034.950
4124.000,-238861351.446
4125.000,-238861667.942
4126.000,-238861509.694
4127.000,-238861114.074
4128.000,-238861114.074
4129.000,-238861430.570
4130.000,-238861667.942
4131.000,-238861509.694
4132.000,-238861114.074
4133.000,-238861034.950
4134.000,-238861351.446
4135.000,-238861667.942
4136.000,-238861509.694
4137.000,-238861114.074
4138.000,-238861034.950
4139.000,-238861430.570
4140.000,-238861667.942
4141.000,-238861430.570
4142.000,-238861114.074
4143.000,-238861034.950
4144.000,-238861430.570
4145.000,-238861667.942
4146.000,-238861509.694
4147.000,-238861114.074
4148.000,-238861034.950
4149.000,-238861351.446
4150.000,-238861667.942
4151.000,-238861509.694
4152.000,-238861114.074
4153.000,-238861034.950
4154.000,-238861430.570
4155.000,-238861667.942
4156.000,-238861430.570
4157.000,-238861114.074
4158.000,-238861034.950
4159.000,-238861430.570
4160.000,-238861667.942
4161.000,-238861509.694
4162.000,-238861114.074
4163.000,-238861034.950
4164.000,-238861351.446
4165.000,-238861667.942
4166.000,-238861430.570
4167.000,-238861114.074
4168.000,-238861034.950
4169.000,-238861430.570
4170.000,-238861667.942
4171.000,-238861509.694
4172.000,-238861114.074
4173.000,-238861034.950
4174.000,-238861351.446
4175.000,-238861667.942
4176.000,-238861509.694
4177.000,-238861114.074
4178.000,-238861034.950
4179.000,-238861430.570
4180.000,-238861667.942
4181.000,-238861509.694
4182.000,-238861114.074
4183.000,-238861034.950
4184.000,-238861430.570
4185.000,-238861667.942
4186.000,-238861509.694
4187.000,-238861114.074
4188.000,-238861034.950
4189.000,-238861351.446
4190.000,-238861667.942
4191.000,-238861430.570
4192.000,-238861114.074
4193.000,-238861034.950
4194.000,-238861430.570
4195.000,-238861667.942
4196.000,-238861509.694
4197.000,-238861114.074
4198.000,-238861034.950
4199.000,-238861351.446
4200.000,-238861667.942
4201.000,-238861509.694
4202.000,-238861114.074
4203.000,-238861034.950
4204.000,-238861430.570
4205.000,-238861667.942
4206.000,-238861509.694
4207.000,-238861114.074
4208.000,-238861034.950
4209.000,-238861430.570
4210.000,-238861667.942
4211.000,-238861509.694
4212.000,-238861114.074
4213.000,-238861034.950
4214.000,-238861430.570
4215.000,-238861667.942
4216.000,-238861430.570
4217.000,-238861114.074
4218.000,-238861034.950
4219.000,-238861430.570
4220.000,-238861667.942
4221.000,-238861509.694
4222.000,-238861114.074
4223.000,-238861034.950
4224.000,-238861351.446
4225.000,-238861667.942
4226.000,-238861509.694
4227.000,-238861114.074
4228.000,-238861114.074
4229.000,-238861430.570
4230.000,-238861667.942
4231.000,-238861509.694
4232.000,-238861114.074
4233.000,-238861034.950
4234.000,-238861430.570
4235.000,-238861667.942
4236.000,-238861509.694
4237.000,-238861114.074
4238.000,-238861034.950
4239.000,-238861430.570
4240.000,-238861667.942
4241.000,-238861430.570
4242.000,-238861114.074
4243.000,-238861034.950
4244.000,-238861430.570
4245.000,-238861667.942
4246.000,-238861509.694
4247.000,-238861114.074
4248.000,-238861034.950
4249.000,-238861351.446
4250.000,-238861667.942
4251.000,-238861509.694
4252.000,-238861114.074
4253.000,-238861034.950
4254.000,-238861430.570
4255.000,-238861667.942
4256.000,-238861509.694
4257.000,-238861114.074
4258.000,-238861034.950
4259.000,-238861351.446
4260.000,-238861667.942
4261.000,-238861509.694
4262.000,-238861114.074
4263.000,-238861034.950
4264.000,-238861430.570
4265.000,-238861667.942
4266.000,-238861430.570
4267.000,-238861114.074
4268.000,-238861034.950
4269.000,-238861430.570
4270.000,-238861667.942
4271.000,-238861509.694
4272.000,-238861114.074
4273.000,-238861034.950
4274.000,-238861351.446
4275.000,-238861667.942
4276.000,-238861509.694
4277.000,-238861114.074
4278.000,-238861114.074
4279.000,-238861430.570
4280.000,-238861667.942
4281.000,-238861509.694
4282.000,-238861114.074
4283.000,-238861034.950
4284.000,-238861351.446
4285.000,-238861667.942
4286.000,-238861509.694
4287.000,-238861114.074
4288.000,-238861034.950
4289.000,-238861430.570
4290.000,-238861667.942
4291.000,-238861430.570
4292.000,-238861114.074
4293.000,-238861034.950
4294.000,-238861430.570
4295.000,-238861667.942
4296.000,-238861509.694
4297.000,-238861114.074
4298.000,-238861034.950
4299.000,-238861351.446
4300.000,-238861667.942
4301.000,-238861509.694
4302.000,-238861114.074
4303.000,-238861114.074
4304.000,-238861430.570
4305.000,-238861667.942
4306.000,-238861509.694
4307.000,-238861114.074
4308.000,-238861034.950
4309.000,-238861351.446
4310.000,-238861667.942
4311.000,-238861509.694
4312.000,-238861114.074
4313.000,-238861114.074
4314.000,-238861430.570
4315.000,-238861667.942
4316.000,-238861430.570
4317.000,-238861114.074
4318.000,-238861034.950
4319.000,-238861430.570
4320.000,-238861667.942
4321.000,-238861509.694
4322.000,-238861114.074
4323.000,-238861034.950
4324.000,-238861351.446
4325.000,-238861667.942
4326.000,-238861430.570
4327.000,-238861114.074
4328.000,-238861114.074
4329.000,-238861430.570
4330.000,-238861667.942
4331.000,-238861509.694
4332.000,-238861114.074
4333.000,-238861034.950
4334.000,-238861351.446
4335.000,-238861667.942
4336.000,-238861509.694
4337.000,-238861114.074
4338.000,-238861114.074
4339.000,-238861430.570
4340.000,-238861667.942
4341.000,-238861430.570
4342.000,-238861114.074
4343.000,-238861034.950
4344.000,-238861430.570
4345.000,-238861667.942
4346.000,-238861509.694
4347.000,-238861114.074
4348.000,-238861034.950
4349.000,-238861351.446
4350.000,-238861667.942
4351.000,-238861509.694
4352.000,-238861114.074
4353.000,-238861034.950
4354.000,-238861430.570
4355.000,-238861667.942
4356.000,-238861509.694
4357.000,-238861114.074
4358.000,-238861034.950
4359.000,-238861351.446
4360.000,-238861667.942
4361.000,-238861509.694
4362.000,-238861114.074
4363.000,-238861034.950
4364.000,-238861430.570
4365.000,-238861667.942
4366.000,-238861509.694
4367.000,-238861114.074
4368.000,-238861034.950
4369.000,-238861430.570
4370.000,-238861667.942
4371.000,-238861509.694
4372.000,-238861114.074
4373.000,-238861034.950
4374.000,-238861351.446
4375.000,-238861667.942
4376.000,-238861509.694
4377.000,-238861114.074
4378.000,-238861034.950
4379.000,-238861430.570
4380.000,-238861667.942
4381.000,-238861509.694
4382.000,-238861114.074
4383.000,-238861034.950
4384.000,-238861351.446
4385.000,-238861667.942
4386.000,-238861509.694
4387.000,-238861114.074
4388.000,-238861114.074
4389.000,-238861430.570
4390.000,-238861667.942
4391.000,-238861430.570
4392.000,-238861114.074
4393.000,-238861034.950
4394.000,-238861430.570
4395.000,-238861667.942
4396.000,-238861509.694
4397.000,-238861114.074
4398.000,-238861034.950
4399.000,-238861351.446
4400.000,-238861667.942
4401.000,-238861509.694
4402.000,-238861114.074
4403.000,-238861034.950
4404.000,-238861430.570
4405.000,-238861667.942
4406.000,-238861509.694
4407.000,-238861114.074
4408.000,-238861034.950
4409.000,-238861351.446
4410.000,-238861667.942
4411.000,-238861509.694
4412.000,-238861114.074
4413.000,-238861114.074
4414.000,-238861430.570
4415.000,-238861667.942
4416.000,-238861430.570
4417.000,-238861114.074
4418.000,-238861034.950
4419.000,-238861430.570
4420.000,-238861667.942
4421.000,-238861509.694
4422.000,-238861114.074
4423.000,-238861034.950
4424.000,-238861351.446
4425.000,-238861667.942
4426.000,-238861430.570
4427.000,-238861114.074
4428.000,-238861034.950
4429.000,-238861430.570
4430.000,-238861667.942
4431.000,-238861509.694
4432.000,-238861114.074
4433.000,-238861034.950
4434.000,-238861351.446
4435.000,-238861667.942
4436.000,-238861509.694
4437.000,-238861114.074
4438.000,-238861114.074
4439.000,-238861430.570
4440.000,-238861667.942
4441.000,-238861509.694
4442.000,-238861114.074
4443.000,-238861034.950
4444.000,-238861430.570
4445.000,-238861667.942
4446.000,-238861509.694
4447.000,-238861114.074
4448.000,-238861034.950
4449.000,-238861430.570
4450.000,-238861667.942
4451.000,-238861509.694
4452.000,-238861114.074
4453.000,-238861034.950
4454.000,-238861430.570
4455.000,-238861667.942
4456.000,-238861509.694
4457.000,-238861114.074
4458.000,-238861034.950
4459.000,-238861430.570
4460.000,-238861667.942
4461.000,-238861509.694
4462.000,-238861114.074
4463.000,-238861034.950
4464.000,-238861430.570
4465.000,-238861667.942
4466.000,-238861509.694
4467.000,-238861114.074
4468.000,-238861034.950
4469.000,-238861430.570
4470.000,-238861667.942
4471.000,-238861509.694
4472.000,-238861114.074
4473.000,-238861034.950
4474.000,-238861351.446
4475.000,-238861667.942
4476.000,-238861509.694
4477.000,-238861114.074
4478.000,-238861034.950
4479.000,-238861430.570
4480.000,-238861667.942
4481.000,-238861509.694
4482.000,-238861114.074
4483.000,-238861034.950
4484.000,-238861351.446
4485.000,-238861667.942
4486.000,-238861509.694
4487.000,-238861114.074
4488.000,-238861114.074
4489.000,-238861430.570
4490.000,-238861667.942
4491.000,-238861509.694
4492.000,-238861114.074
4493.000,-238861034.950
4494.000,-238861430.570
4495.000,-238861667.942
4496.000,-238861509.694
4497.000,-238861114.074
4498.000,-238861034.950
4499.000,-238861351.446
4500.000,-238861667.942
4501.000,-238861430.570
4502.000,-238861114.074
4503.000,-238861114.074
4504.000,-238861430.570
4505.000,-238861667.942
4506.000,-238861509.694
4507.000,-238861114.074
4508.000,-238861034.950
4509.000,-238861351.446
4510.000,-238861667.942
4511.000,-238861509.694
4512.000,-238861114.074
4513.000,-238861114.074
4514.000,-238861430.570
4515.000,-238861667.942
4516.000,-238861430.570
4517.000,-238861114.074
4518.000,-238861034.950
4519.000,-238861430.570
4520.000,-238861667.942
4521.000,-238861509.694
4522.000,-238861114.074
4523.000,-238861034.950
4524.000,-238861351.446
4525.000,-238861588.818
4526.000,-238861430.570
4527.000,-238861114.074
4528.000,-238861034.950
4529.000,-238861430.570
4530.000,-238861667.942
4531.000,-238861509.694
4532.000,-238861114.074
4533.000,-238861034.950
4534.000,-238861351.446
4535.000,-238861667.942
4536.000,-238861509.694
4537.000,-238861114.074
4538.000,-238861114.074
4539.000,-238861430.570
4540.000,-238861667.942
4541.000,-238861509.694
4542.000,-238861114.074
4543.000,-238861034.950
4544.000,-238861351.446
4545.000,-238861667.942
4546.000,-238861509.694
4547.000,-238861114.074
4548.000,-238861114.074
4549.000,-238861430.570
4550.000,-238861667.942
4551.000,-238861430.570
4552.000,-238861114.074
4553.000,-238861034.950
4554.000,-238861430.570
4555.000,-238861667.942
4556.000,-238861509.694
4557.000,-238861114.074
4558.000,-238861034.950
4559.000,-238861351.446
4560.000,-238861667.942
4561.000,-238861509.694
4562.000,-238861114.074
4563.000,-238861034.950
4564.000,-238861430.570
4565.000,-238861667.942
4566.000,-238861509.694
4567.000,-238861114.074
4568.000,-238861034.950
4569.000,-238861430.570
4570.000,-238861667.942
4571.000,-238861509.694
4572.000,-238861114.074
4573.000,-238861034.950
4574.000,-238861351.446
4575.000,-238861667.942
4576.000,-238861509.694
4577.000,-238861114.074
4578.000,-238861034.950
4579.000,-238861430.570
4580.000,-238861667.942
4581.000,-238861509.694
4582.000,-238861114.074
4583.000,-238861034.950
4584.000,-238861351.446
4585.000,-238861667.942
4586.000,-238861509.694
4587.000,-238861114.074
4588.000,-238861034.950
4589.000,-238861351.446
4590.000,-238861667.942
4591.000,-238861430.570
4592.000,-238861114.074
4593.000,-238861034.950
4594.000,-238861430.570
4595.000,-238861667.942
4596.000,-238861509.694
4597.000,-238861114.074
4598.000,-238861034.950
4599.000,-238861351.446
4600.000,-238861588.818
4601.000,-238861509.694
4602.000,-238861114.074
4603.000,-238861114.074
4604.000,-238861430.570
4605.000,-238861667.942
4606.000,-238861509.694
4607.000,-238861114.074
4608.000,-238861034.950
4609.000,-238861351.446
4610.000,-238861667.942
4611.000,-238861509.694
4612.000,-238861114.074
4613.000,-238861114.074
4614.000,-238861430.570
4615.000,-238861667.942
4616.000,-238861509.694
4617.000,-238861114.074
4618.000,-238861034.950
4619.000,-238861430.570
4620.000,-238861667.942
4621.000,-238861509.694
4622.000,-238861114.074
4623.000,-238861034.950
4624.000,-238861351.446
4625.000,-238861667.942
4626.000,-238861430.570
4627.000,-238861114.074
4628.000,-238861034.950
4629.000,-238861430.570
4630.000,-238861667.942
4631.000,-238861509.694
4632.000,-238861114.074
4633.000,-238861034.950
4634.000,-238861351.446
4635.000,-238861667.942
4636.000,-238861509.694
4637.000,-238861114.074
4638.000,-238861114.074
4639.000,-238861430.570
4640.000,-238861667.942
4641.000,-238861509.694
4642.000,-238861114.074
4643.000,-238861034.950
4644.000,-238861430.570
4645.000,-238861667.942
4646.000,-238861509.694
4647.000,-238861114.074
4648.000,-238861034.950
4649.000,-238861351.446
4650.000,-238861667.942
4651.000,-238861509.694
4652.000,-238861114.074
4653.000,-238861034.950
4654.000,-238861430.570
4655.000,-238861667.942
4656.000,-238861509.694
4657.000,-238861114.074
4658.000,-238861034.950
4659.000,-238861351.446
4660.000,-238861667.942
4661.000,-238861509.694
4662.000,-238861114.074
4663.000,-238861114.074
4664.000,-238861430.570
4665.000,-238861667.942
4666.000,-238861509.694
4667.000,-238861114.074
4668.000,-238861034.950
4669.000,-238861351.446
4670.000,-238861667.942
4671.000,-238861509.694
4672.000,-238861114.074
4673.000,-238861034.950
4674.000,-238861430.570
4675.000,-238861667.942
4676.000,-238861509.694
4677.000,-238861114.074
4678.000,-238861114.074
4679.000,-238861430.570
4680.000,-238861667.942
4681.000,-238861509.694
4682.000,-238861114.074
4683.000,-238861034.950
4684.000,-238861430.570
4685.000,-238861667.942
4686.000,-238861509.694
4687.000,-238861114.074
4688.000,-238861034.950
4689.000,-238861430.570
4690.000,-238861667.942
4691.000,-238861509.694
4692.000,-238861114.074
4693.000,-238861034.950
4694.000,-238861430.570
4695.000,-238861667.942
4696.000,-238861509.694
4697.000,-238861114.074
4698.000,-238861034.950
4699.000,-238861351.446
4700.000,-238861667.942
4701.000,-238861509.694
4702.000,-238861114.074
4703.000,-238861114.074
4704.000,-238861430.570
4705.000,-238861667.942
4706.000,-238861509.694
4707.000,-238861114.074
4708.000,-238861034.950
4709.000,-238861351.446
4710.000,-238861667.942
4711.000,-238861509.694
4712.000,-238861193.198
4713.000,-238861114.074
4714.000,-238861430.570
4715.000,-238861667.942
4716.000,-238861509.694
4717.000,-238861114.074
4718.000,-238861034.950
4719.000,-238861351.446
4720.000,-238861667.942
4721.000,-238861509.694
4722.000,-238861114.074
4723.000,-238861034.950
4724.000,-238861351.446
4725.000,-238861667.942
4726.000,-238861509.694
4727.000,-238861114.074
4728.000,-238861034.950
4729.000,-238861430.570
4730.000,-238861667.942
4731.000,-238861509.694
4732.000,-238861114.074
4733.000,-238861034.950
4734.000,-238861351.446
4735.000,-238861667.942
4736.000,-238861509.694
4737.000,-238861114.074
4738.000,-238861114.074
4739.000,-238861430.570
4740.000,-238861667.942
4741.000,-238861509.694
4742.000,-238861114.074
4743.000,-238861034.950
4744.000,-238861351.446
4745.000,-238861667.942
4746.000,-238861509.694
4747.000,-238861114.074
4748.000,-238861034.950
4749.000,-238861351.446
4750.000,-238861667.942
4751.000,-238861509.694
4752.000,-238861114.074
4753.000,-238861034.950
4754.000,-238861430.570
4755.000,-238861667.942
4756.000,-238861509.694
4757.000,-238861114.074
4758.000,-238861034.950
4759.000,-238861351.446
4760.000,-238861667.942
4761.000,-238861509.694
4762.000,-238861114.074
4763.000,-238861034.950
4764.000,-238861430.570
4765.000,-238861667.942
4766.000,-238861430.570
4767.000,-238861114.074
4768.000,-238861034.950
4769.000,-238861430.570
4770.000,-238861667.942
4771.000,-238861509.694
4772.000,-238861114.074
4773.000,-238861034.950
4774.000,-238861351.446
4775.000,-238861667.942
4776.000,-238861509.694
4777.000,-238861114.074
4778.000,-238861034.950
4779.000,-238861430.570
4780.000,-238861667.942
4781.000,-238861509.694
4782.000,-238861114.074
4783.000,-238861034.950
4784.000,-238861351.446
4785.000,-238861667.942
4786.000,-238861509.694
4787.000,-238861114.074
4788.000,-238861114.074
4789.000,-238861430.570
4790.000,-238861667.942
4791.000,-238861430.570
4792.000,-238861114.074
4793.000,-238861034.950
4794.000,-238861430.570
4795.000,-238861667.942
4796.000,-238861509.694
4797.000,-238861114.074
4798.000,-238861034.950
4799.000,-238861351.446
4800.000,-238861667.942
4801.000,-238861509.694
4802.000,-238861114.074
4803.000,-238861034.950
4804.000,-238861430.570
4805.000,-238861667.942
4806.000,-238861509.694
4807.000,-238861114.074
4808.000,-238861034.950
4809.000,-238861351.446
4810.000,-238861667.942
4811.000,-238861509.694
4812.000,-238861114.074
4813.000,-238861114.074
4814.000,-238861430.570
4815.000,-238861667.942
4816.000,-238861430.570
4817.000,-238861114.074
4818.000,-238861034.950
4819.000,-238861430.570
4820.000,-238861667.942
4821.000,-238861509.694
4822.000,-238861114.074
4823.000,-238861034.950
4824.000,-238861351.446
4825.000,-238861667.942
4826.000,-238861430.570
4827.000,-238861114.074
4828.000,-238861034.950
4829.000,-238861430.570
4830.000,-238861667.942
4831.000,-238861509.694
4832.000,-238861114.074
4833.000,-238861034.950
4834.000,-238861351.446
4835.000,-238861667.942
4836.000,-238861509.694
4837.000,-238861114.074
4838.000,-238861114.074
4839.000,-238861430.570
4840.000,-238861667.942
4841.000,-238861509.694
4842.000,-238861114.074
4843.000,-238861034.950
4844.000,-238861430.570
4845.000,-238861667.942
4846.000,-238861509.694
4847.000,-238861114.074
4848.000,-238861034.950
4849.000,-238861351.446
4850.000,-238861667.942
4851.000,-238861509.694
4852.000,-238861114.074
4853.000,-238861034.950
4854.000,-238861430.570
4855.000,-238861667.942
4856.000,-238861509.694
4857.000,-238861114.074
4858.000,-238861034.950
4859.000,-238861351.446
4860.000,-238861667.942
4861.000,-238861509.694
4862.000,-238861114.074
4863.000,-238861114.074
4864.000,-238861430.570
4865.000,-238861667.942
4866.000,-238861509.694
4867.000,-238861114.074
4868.000,-238861034.950
4869.000,-238861430.570
4870.000,-238861667.942
4871.000,-238861509.694
4872.000,-238861114.074
4873.000,-238861034.950
4874.000,-238861351.446
4875.000,-238861667.942
4876.000,-238861509.694
4877.000,-238861114.074
4878.000,-238861114.074
4879.000,-238861430.570
4880.000,-238861667.942
4881.000,-238861509.694
4882.000,-238861114.074
4883.000,-238861034.950
4884.000,-238861351.446
4885.000,-238861667.942
4886.000,-238861509.694
4887.000,-238861114.074
4888.000,-238861114.074
4889.000,-238861430.570
4890.000,-238861667.942
4891.000,-238861509.694
4892.000,-238861114.074
4893.000,-238861034.950
4894.000,-238861430.570
4895.000,-238861667.942
4896.000,-238861509.694
4897.000,-238861114.074
4898.000,-238861034.950
4899.000,-238861351.446
4900.000,-238861667.942
4901.000,-238861509.694
4902.000,-238861114.074
4903.000,-238861114.074
4904.000,-238861430.570
4905.000,-238861667.942
4906.000,-238861509.694
4907.000,-238861114.074
4908.000,-238861034.950
4909.000,-238861351.446
4910.000,-238861667.942
4911.000,-238861509.694
4912.000,-238861114.074
4913.000,-238861114.074
4914.000,-238861430.570
4915.000,-238861667.942
4916.000,-238861509.694
4917.000,-238861114.074
4918.000,-238861034.950
4919.000,-238861430.570
4920.000,-238861667.942
4921.000,-238861509.694
4922.000,-238861114.074
4923.000,-238861034.950
4924.000,-238861351.446
4925.000,-238861667.942
4926.000,-238861509.694
4927.000,-238861114.074
4928.000,-238861114.074
4929.000,-238861430.570
4930.000,-238861667.942
4931.000,-238861509.694
4932.000,-238861114.074
4933.000,-238861034.950
4934.000,-238861351.446
4935.000,-238861667.942
4936.000,-238861509.694
4937.000,-238861193.198
4938.000,-238861114.074
4939.000,-238861430.570
4940.000,-238861667.942
4941.000,-238861509.694
4942.000,-238861114.074
4943.000,-238861034.950
4944.000,-238861430.570
4945.000,-238861667.942
4946.000,-238861509.694
4947.000,-238861114.074
4948.000,-238861034.950
4949.000,-238861351.446
4950.000,-238861667.942
4951.000,-238861509.694
4952.000,-238861114.074
4953.000,-238861114.074
4954.000,-238861430.570
4955.000,-238861667.942
4956.000,-238861509.694
4957.000,-238861114.074
4958.000,-238861034.950
4959.000,-238861351.446
4960.000,-238861667.942
4961.000,-238861509.694
4962.000,-238861114.074
4963.000,-238861114.074
4964.000,-238861430.570
4965.000,-238861667.942
4966.000,-238861509.694
4967.000,-238861114.074
4968.000,-238861034.950
4969.000,-238861351.446
4970.000,-238861667.942
4971.000,-238861509.694
4972.000,-238861114.074
4973.000,-238861034.950
4974.000,-238861351.446
4975.000,-238861667.942
4976.000,-238861509.694
4977.000,-238861114.074
4978.000,-238861034.950
4979.000,-238861430.570
4980.000,-238861667.942
4981.000,-238861509.694
4982.000,-238861114.074
4983.000,-238861034.950
4984.000,-238861351.446
4985.000,-238861667.942
4986.000,-238861509.694
4987.000,-238861114.074
4988.000,-238861114.074
4989.000,-238861430.570
4990.000,-238861667.942
4991.000,-238861509.694
4992.000,-238861114.074
4993.000,-238861034.950
4994.000,-238861430.570
4995.000,-238861667.942
4996.000,-238861509.694
4997.000,-238861114.074
4998.000,-238861034.950
4999.000,-238861351.446
5000.000,-238861667.942
5001.000,-238861509.694
5002.000,-238861114.074
5003.000,-238861114.074
5004.000,-238861430.570
5005.000,-238861667.942
5006.000,-238861509.694
5007.000,-238861114.074
5008.000,-238861034.950
5009.000,-238861351.446
5010.000,-238861667.942
5011.000,-238861509.694
5012.000,-238861114.074
5013.000,-238861114.074
5014.000,-238861430.570
5015.000,-238861667.942
5016.000,-238861509.694
5017.000,-238861114.074
5018.000,-238861034.950
5019.000,-238861430.570
5020.000,-238861667.942
5021.000,-238861509.694
5022.000,-238861114.074
5023.000,-238861034.950
5024.000,-238861351.446
5025.000,-238861667.942
5026.000,-238861509.694
5027.000,-238861114.074
5028.000,-238861034.950
5029.000,-238861430.570
5030.000,-238861667.942
5031.000,-238861509.694
5032.000,-238861114.074
5033.000,-238861034.950
5034.000,-238861351.446
5035.000,-238861667.942
5036.000,-238861509.694
5037.000,-238861193.198
5038.000,-238861114.074
5039.000,-238861351.446
5040.000,-238861667.942
5041.000,-238861509.694
5042.000,-238861114.074
5043.000,-238861034.950
5044.000,-238861430.570
5045.000,-238861667.942
5046.000,-238861509.694
5047.000,-238861114.074
5048.000,-238861034.950
5049.000,-238861351.446
5050.000,-238861667.942
5051.000,-238861509.694
5052.000,-238861114.074
5053.000,-238861114.074
5054.000,-238861430.570
5055.000,-238861667.942
5056.000,-238861509.694
5057.000,-238861114.074
5058.000,-238861034.950
5059.000,-238861351.446
5060.000,-238861667.942
5061.000,-238861509.694
5062.000,-238861193.198
5063.000,-238861114.074
5064.000,-238861430.570
5065.000,-238861667.942
5066.000,-238861509.694
5067.000,-238861114.074
5068.000,-238861034.950
5069.000,-238861430.570
5070.000,-238861667.942
5071.000,-238861509.694
5072.000,-238861114.074
5073.000,-238861034.950
5074.000,-238861351.446
5075.000,-238861667.942
5076.000,-238861509.694
5077.000,-238861114.074
5078.000,-238861034.950
5079.000,-238861430.570
5080.000,-238861667.942
5081.000,-238861509.694
5082.000,-238861114.074
5083.000,-238861034.950
5084.000,-238861351.446
5085.000,-238861667.942
5086.000,-238861509.694
5087.000,-238861114.074
5088.000,-238861114.074
5089.000,-238861430.570
5090.000,-238861667.942
5091.000,-238861509.694
5092.000,-238861114.074
5093.000,-238861034.950
5094.000,-238861430.570
5095.000,-238861667.942
5096.000,-238861509.694
5097.000,-238861114.074
5098.000,-238861034.950
5099.000,-238861351.446
5100.000,-238861667.942
5101.000,-238861509.694
5102.000,-238861114.074
5103.000,-238861114.074
5104.000,-238861430.570
5105.000,-238861667.942
5106.000,-238861509.694
5107.000,-238861114.074
5108.000,-238861034.950
5109.000,-238861351.446
5110.000,-238861667.942
5111.000,-238861509.694
5112.000,-238861114.074
5113.000,-238861114.074
5114.000,-238861430.570
5115.000,-238861667.942
5116.000,-238861509.694
5117.000,-238861114.074
5118.000,-238861034.950
5119.000,-238861430.570
5120.000,-238861667.942
5121.000,-238861509.694
5122.000,-238861114.074
5123.000,-238861034.950
5124.000,-238861351.446
5125.000,-238861667.942
5126.000,-238861509.694
5127.000,-238861114.074
5128.000,-238861114.074
5129.000,-238861430.570
5130.000,-238861667.942
5131.000,-238861509.694
5132.000,-238861114.074
5133.000,-238861034.950
5134.000,-238861351.446
5135.000,-238861667.942
5136.000,-238861509.694
5137.000,-238861193.198
5138.000,-238861114.074
5139.000,-238861430.570
5140.000,-238861667.942
5141.000,-238861509.694
5142.000,-238861114.074
5143.000,-238861034.950
5144.000,-238861430.570
5145.000,-238861667.942
5146.000,-238861509.694
5147.000,-238861114.074
5148.000,-238861034.950
5149.000,-238861351.446
5150.000,-238861667.942
5151.000,-238861509.694
5152.000,-238861114.074
5153.000,-238861114.074
5154.000,-238861430.570
5155.000,-238861667.942
5156.000,-238861509.694
5157.000,-238861114.074
5158.000,-238861034.950
5159.000,-238861351.446
5160.000,-238861667.942
5161.000,-238861509.694
5162.000,-238861193.198
5163.000,-238861114.074
5164.000,-238861430.570
5165.000,-238861667.942
5166.000,-238861509.694
5167.000,-238861114.074
5168.000,-238861034.950
5169.000,-238861351.446
5170.000,-238861667.942
5171.000,-238861509.694
5172.000,-238861114.074
5173.000,-238861034.950
5174.000,-238861351.446
5175.000,-238861667.942
5176.000,-238861509.694
5177.000,-238861114.074
5178.000,-238861034.950
5179.000,-238861430.570
5180.000,-238861667.942
5181.000,-238861509.694
5182.000,-238861114.074
5183.000,-238861034.950
5184.000,-238861351.446
5185.000,-238861667.942
5186.000,-238861509.694
5187.000,-238861114.074
5188.000,-238861034.950
5189.000,-238861351.446
5190.000,-238861667.942
5191.000,-238861509.694
5192.000,-238861114.074
5193.000,-238861034.950
5194.000,-238861430.570
5195.000,-238861667.942
5196.000,-238861509.694
5197.000,-238861114.074
5198.000,-238861034.950
5199.000,-238861351.446
5200.000,-238861667.942
5201.000,-238861509.694
5202.000,-238861114.074
5203.000,-238861114.074
5204.000,-238861430.570
5205.000,-238861667.942
5206.000,-238861509.694
5207.000,-238861114.074
5208.000,-238861034.950
5209.000,-238861351.446
5210.000,-238861667.942
5211.000,-238861509.694
5212.000,-238861114.074
5213.000,-238861114.074
5214.000,-238861430.570
5215.000,-238861667.942
5216.000,-238861509.694
5217.000,-238861114.074
5218.000,-238861034.950
5219.000,-238861430.570
5220.000,-238861667.942
5221.000,-238861509.694
5222.000,-238861114.074
5223.000,-238861034.950
5224.000,-238861351.446
5225.000,-238861667.942
5226.000,-238861509.694
5227.000,-238861114.074
5228.000,-238861114.074
5229.000,-238861430.570
5230.000,-238861667.942
5231.000,-238861509.694
5232.000,-238861114.074
5233.000,-238861034.950
5234.000,-238861351.446
5235.000,-238861667.942
5236.000,-238861509.694
5237.000,-238861114.074
5238.000,-238861114.074
5239.000,-238861430.570
5240.000,-238861667.942
5241.000,-238861509.694
5242.000,-238861114.074
5243.000,-238861034.950
5244.000,-238861351.446
5245.000,-238861667.942
5246.000,-238861509.694
5247.000,-238861114.074
5248.000,-238861034.950
5249.000,-238861351.446
5250.000,-238861667.942
5251.000,-238861509.694
5252.000,-238861114.074
5253.000,-238861114.074
5254.000,-238861430.570
5255.000,-238861667.942
5256.000,-238861509.694
5257.000,-238861114.074
5258.000,-238861034.950
5259.000,-238861351.446
5260.000,-238861667.942
5261.000,-238861509.694
5262.000,-238861193.198
5263.000,-238861114.074
5264.000,-238861430.570
5265.000,-238861667.942
5266.000,-238861509.694
5267.000,-238861114.074
5268.000,-238861034.950
5269.000,-238861430.570
5270.000,-238861667.942
5271.000,-238861509.694
5272.000,-238861114.074
5273.000,-238861034.950
5274.000,-238861351.446
5275.000,-238861667.942
5276.000,-238861509.694
5277.000,-238861114.074
5278.000,-238861114.074
5279.000,-238861430.570
5280.000,-238861667.942
5281.000,-238861509.694
5282.000,-238861114.074
5283.000,-238861034.950
5284.000,-238861351.446
5285.000,-238861667.942
5286.000,-238861509.694
5287.000,-238861193.198
5288.000,-238861114.074
5289.000,-238861430.570
5290.000,-238861667.942
5291.000,-238861509.694
5292.000,-238861114.074
5293.000,-238861034.950
5294.000,-238861430.570
5295.000,-238861667.942
5296.000,-238861509.694
5297.000,-238861114.074
5298.000,-238861034.950
5299.000,-238861351.446
5300.000,-238861667.942
5301.000,-238861509.694
5302.000,-238861114.074
5303.000,-238861114.074
5304.000,-238861430.570
5305.000,-238861667.942
5306.000,-238861509.694
5307.000,-238861114.074
5308.000,-238861034.950
5309.000,-238861351.446
5310.000,-238861667.942
5311.000,-238861509.694
5312.000,-238861193.198
5313.000,-238861114.074
5314.000,-238861430.570
5315.000,-238861667.942
5316.000,-238861509.694
5317.000,-238861114.074
5318.000,-238861034.950
5319.000,-238861351.446
5320.000,-238861667.942
5321.000,-238861509.694
5322.000,-238861114.074
5323.000,-238861034.950
5324.000,-238861351.446
5325.000,-238861667.942
5326.000,-238861509.694
5327.000,-238861114.074
5328.000,-238861034.950
5329.000,-238861430.570
5330.000,-238861667.942
5331.000,-238861509.694
5332.000,-238861114.074
5333.000,-238861034.950
5334.000,-238861351.446
5335.000,-238861667.942
5336.000,-238861509.694
5337.000,-238861193.198
5338.000,-238861034.950
5339.000,-238861351.446
5340.000,-238861667.942
5341.000,-238861509.694
5342.000,-238861114.074
5343.000,-238861034.950
5344.000,-238861430.570
5345.000,-238861667.942
5346.000,-238861509.694
5347.000,-238861114.074
5348.000,-238861034.950
5349.000,-238861351.446
5350.000,-238861667.942
5351.000,-238861509.694
5352.000,-238861114.074
5353.000,-238861114.074
5354.000,-238861430.570
5355.000,-238861667.942
5356.000,-238861509.694
5357.000,-238861114.074
5358.000,-238861034.950
5359.000,-238861351.446
5360.000,-238861667.942
5361.000,-238861509.694
5362.000,-238861193.198
5363.000,-238861114.074
5364.000,-238861430.570
5365.000,-238861667.942
5366.000,-238861509.694
5367.000,-238861114.074
5368.000,-238861034.950
5369.000,-238861430.570
5370.000,-238861667.942
5371.000,-238861509.694
5372.000,-238861193.198
5373.000,-238861034.950
5374.000,-238861351.446
5375.000,-238861667.942
5376.000,-238861509.694
5377.000,-238861114.074
5378.000,-238861034.950
5379.000,-238861430.570
5380.000,-238861667.942
5381.000,-238861509.694
5382.000,-238861114.074
5383.000,-238861034.950
5384.000,-238861351.446
5385.000,-238861667.942
5386.000,-238861509.694
5387.000,-238861114.074
5388.000,-238861034.950
5389.000,-238861430.570
5390.000,-238861667.942
5391.000,-238861509.694
5392.000,-238861114.074
5393.000,-238861034.950
5394.000,-238861351.446
5395.000,-238861667.942
5396.000,-238861509.694
5397.000,-238861114.074
5398.000,-238861034.950
5399.000,-238861351.446
5400.000,-238861667.942
5401.000,-238861509.694
5402.000,-238861114.074
5403.000,-238861034.950
5404.000,-238861430.570
5405.000,-238861667.942
5406.000,-238861509.694
5407.000,-238861114.074
5408.000,-238861034.950
5409.000,-238861351.446
5410.000,-238861667.942
5411.000,-238861509.694
5412.000,-238861193.198
5413.000,-238861034.950
5414.000,-238861351.446
5415.000,-238861667.942
5416.000,-238861509.694
5417.000,-238861114.074
5418.000,-238861034.950
5419.000,-238861430.570
5420.000,-238861667.942
5421.000,-238861509.694
5422.000,-238861114.074
5423.000,-238861034.950
5424.000,-238861351.446
5425.000,-238861667.942
5426.000,-238861509.694
5427.000,-238861114.074
5428.000,-238861034.950
5429.000,-238861430.570
5430.000,-238861667.942
5431.000,-238861509.694
5432.000,-238861114.074
5433.000,-238861034.950
5434.000,-238861351.446
5435.000,-238861667.942
5436.000,-238861509.694
5437.000,-238861193.198
5438.000,-238861114.074
5439.000,-238861351.446
5440.000,-238861667.942
5441.000,-238861509.694
5442.000,-238861114.074
5443.000,-238861034.950
5444.000,-238861351.446
5445.000,-238861667.942
5446.000,-238861509.694
5447.000,-238861114.074
5448.000,-238861034.950
5449.000,-238861351.446
5450.000,-238861667.942
5451.000,-238861509.694
5452.000,-238861114.074
5453.000,-238861034.950
5454.000,-238861430.570
5455.000,-238861667.942
5456.000,-238861509.694
5457.000,-238861114.074
5458.000,-238861034.950
5459.000,-238861351.446
5460.000,-238861667.942
5461.000,-238861509.694
5462.000,-238861114.074
5463.000,-238861034.950
5464.000,-238861430.570
5465.000,-238861667.942
5466.000,-238861509.694
5467.000,-238861114.074
5468.000,-238861034.950
5469.000,-238861351.446
5470.000,-238861667.942
5471.000,-238861509.694
5472.000,-238861114.074
5473.000,-238861034.950
5474.000,-238861351.446
5475.000,-238861667.942
5476.000,-238861509.694
5477.000,-238861114.074
5478.000,-238861034.950
5479.000,-238861351.446
5480.000,-238861667.942
5481.000,-238861509.694
5482.000,-238861114.074
5483.000,-238861034.950
5484.000,-238861351.446
5485.000,-238861667.942
5486.000,-238861509.694
5487.000,-238861114.074
5488.000,-238861034.950
5489.000,-238861351.446
5490.000,-238861667.942
5491.000,-238861509.694
5492.000,-238861114.074
5493.000,-238861034.950
5494.000,-238861351.446
5495.000,-238861667.942
5496.000,-238861509.694
5497.000,-238861114.074
5498.000,-238861034.950
5499.000,-238861351.446
5500.000,-238861667.942
5501.000,-238861509.694
5502.000,-238861114.074
5503.000,-238861034.950
5504.000,-238861351.446
5505.000,-238861667.942
5506.000,-238861509.694
5507.000,-238861114.074
5508.000,-238861034.950
5509.000,-238861351.446
5510.000,-238861667.942
5511.000,-238861509.694
5512.000,-238861114.074
5513.000,-238861034.950
5514.000,-238861351.446
5515.000,-238861667.942
5516.000,-238861509.694
5517.000,-238861114.074
5518.000,-238861034.950
5519.000,-238861430.570
5520.000,-238861667.942
5521.000,-238861509.694
5522.000,-238861114.074
5523.000,-238861034.950
5524.000,-238861351.446
5525.000,-238861667.942
5526.000,-238861509.694
5527.000,-238861114.074
5528.000,-238861114.074
5529.000,-238861430.570
5530.000,-238861667.942
5531.000,-238861509.694
5532.000,-238861114.074
5533.000,-238861034.950
5534.000,-238861351.446
5535.000,-238861667.942
5536.000,-238861509.694
5537.000,-238861193.198
5538.000,-238861114.074
5539.000,-238861430.570
5540.000,-238861667.942
5541.000,-238861509.694
5542.000,-238861114.074
5543.000,-238861034.950
5544.000,-238861351.446
5545.000,-238861667.942
5546.000,-238861509.694
5547.000,-238861114.074
5548.000,-238861034.950
5549.000,-238861351.446
5550.000,-238861667.942
5551.000,-238861509.694
5552.000,-238861114.074
5553.000,-238861034.950
5554.000,-238861430.570
5555.000,-238861667.942
5556.000,-238861509.694
5557.000,-238861114.074
5558.000,-238861034.950
5559.000,-238861351.446
5560.000,-238861667.942
5561.000,-238861509.694
5562.000,-238861114.074
5563.000,-238861034.950
5564.000,-238861430.570
5565.000,-238861667.942
5566.000,-238861509.694
5567.000,-238861114.074
5568.000,-238861034.950
5569.000,-238861351.446
5570.000,-238861667.942
5571.000,-238861509.694
5572.000,-238861114.074
5573.000,-238861034.950
5574.000,-238861351.446
5575.000,-238861667.942
5576.000,-238861509.694
5577.000,-238861114.074
5578.000,-238861034.950
5579.000,-238861351.446
5580.000,-238861667.942
5581.000,-238861509.694
5582.000,-238861114.074
5583.000,-238861034.950
5584.000,-238861351.446
5585.000,-238861667.942
5586.000,-238861509.694
5587.000,-238861114.074
5588.000,-238861034.950
5589.000,-238861351.446
5590.000,-238861667.942
5591.000,-238861509.694
5592.000,-238861114.074
5593.000,-238861034.950
5594.000,-238861351.446
5595.000,-238861667.942
5596.000,-238861509.694
5597.000,-238861114.074
5598.000,-238861034.950
5599.000,-238861351.446
5600.000,-238861667.942
5601.000,-238861509.694
5602.000,-238861114.074
5603.000,-238861034.950
5604.000,-238861351.446
5605.000,-238861667.942
5606.000,-238861509.694
5607.000,-238861114.074
5608.000,-238861034.950
5609.000,-238861351.446
5610.000,-238861667.942
5611.000,-238861509.694
5612.000,-238861193.198
5613.000,-238861034.950
5614.000,-238861351.446
5615.000,-238861667.942
5616.000,-238861509.694
5617.000,-238861114.074
5618.000,-238861034.950
5619.000,-238861351.446
5620.000,-238861667.942
5621.000,-238861509.694
5622.000,-238861114.074
5623.000,-238861034.950
5624.000,-238861351.446
5625.000,-238861667.942
5626.000,-238861509.694
5627.000,-238861114.074
5628.000,-238861034.950
5629.000,-238861430.570
5630.000,-238861667.942
5631.000,-238861509.694
5632.000,-238861114.074
5633.000,-238861034.950
5634.000,-238861351.446
5635.000,-238861667.942
5636.000,-238861509.694
5637.000,-238861114.074
5638.000,-238861034.950
5639.000,-238861351.446
5640.000,-238861667.942
5641.000,-238861509.694
5642.000,-238861114.074
5643.000,-238861034.950
5644.000,-238861351.446
5645.000,-238861667.942
5646.000,-238861509.694
5647.000,-238861114.074
5648.000,-238861034.950
5649.000,-238861351.446
5650.000,-238861667.942
5651.000,-238861509.694
5652.000,-238861114.074
5653.000,-238861034.950
5654.000,-238861351.446
5655.000,-238861667.942
5656.000,-238861509.694
5657.000,-238861114.074
5658.000,-238861034.950
5659.000,-238861351.446
5660.000,-238861667.942
5661.000,-238861509.694
5662.000,-238861114.074
5663.000,-238861034.950
5664.000,-238861351.446
5665.000,-238861667.942
5666.000,-238861509.694
5667.000,-238861114.074
5668.000,-238861034.950
5669.000,-238861351.446
5670.000,-238861667.942
5671.000,-238861509.694
5672.000,-238861114.074
5673.000,-238861034.950
5674.000,-238861351.446
5675.000,-238861667.942
5676.000,-238861509.694
5677.000,-238861114.074
5678.000,-238861034.950
5679.000,-238861351.446
5680.000,-238861667.942
5681.000,-238861509.694
5682.000,-238861114.074
5683.000,-238861034.950
5684.000,-238861351.446
5685.000,-238861667.942
5686.000,-238861509.694
5687.000,-238861114.074
5688.000,-238861034.950
5689.000,-238861351.446
5690.000,-238861667.942
5691.000,-238861509.694
5692.000,-238861114.074
5693.000,-238861034.950
5694.000,-238861351.446
5695.000,-238861667.942
5696.000,-238861509.694
5697.000,-238861114.074
5698.000,-238861034.950
5699.000,-238861351.446
5700.000,-238861667.942
5701.000,-238861509.694
5702.000,-238861114.074
5703.000,-238861034.950
5704.000,-238861351.446
5705.000,-238861667.942
5706.000,-238861509.694
5707.000,-238861114.074
5708.000,-238861034.950
5709.000,-238861351.446
5710.000,-238861667.942
5711.000,-238861509.694
5712.000,-238861114.074
5713.000,-238861034.950
5714.000,-238861351.446
5715.000,-238861667.942
5716.000,-238861509.694
5717.000,-238861114.074
5718.000,-238861034.950
5719.000,-238861351.446
5720.000,-238861667.942
5721.000,-238861509.694
5722.000,-238861114.074
5723.000,-238861034.950
5724.000,-238861351.446
5725.000,-238861667.942
5726.000,-238861509.694
5727.000,-238861114.074
5728.000,-238861034.950
5729.000,-238861351.446
5730.000,-238861667.942
5731.000,-238861509.694
5732.000,-238861114.074
5733.000,-238861034.950
5734.000,-238861351.446
5735.000,-238861667.942
5736.000,-238861509.694
5737.000,-238861114.074
5738.000,-238861034.950
5739.000,-238861351.446
5740.000,-238861667.942
5741.000,-238861509.694
5742.000,-238861114.074
5743.000,-238861034.950
5744.000,-238861351.446
5745.000,-238861667.942
5746.000,-238861509.694
5747.000,-238861114.074
5748.000,-238861034.950
5749.000,-238861351.446
5750.000,-238861667.942
5751.000,-238861509.694
5752.000,-238861114.074
5753.000,-238861034.950
5754.000,-238861351.446
5755.000,-238861667.942
5756.000,-238861509.694
5757.000,-238861114.074
5758.000,-238861034.950
5759.000,-238861351.446
5760.000,-238861667.942
5761.000,-238861509.694
5762.000,-238861114.074
5763.000,-238861034.950
5764.000,-238861351.446
5765.000,-238861667.942
5766.000,-238861509.694
5767.000,-238861114.074
5768.000,-238861034.950
5769.000,-238861351.446
5770.000,-238861667.942
5771.000,-238861509.694
5772.000,-238861114.074
5773.000,-238861034.950
5774.000,-238861351.446
5775.000,-238861667.942
5776.000,-238861509.694
5777.000,-238861114.074
5778.000,-238861034.950
5779.000,-238861430.570
5780.000,-238861667.942
5781.000,-238861509.694
5782.000,-238861114.074
5783.000,-238861034.950
5784.000,-238861351.446
5785.000,-238861667.942
5786.000,-238861509.694
5787.000,-238861114.074
5788.000,-238861114.074
5789.000,-238861430.570
5790.000,-238861667.942
5791.000,-238861509.694
5792.000,-238861114.074
5793.000,-238861034.950
5794.000,-238861351.446
5795.000,-238861667.942
5796.000,-238861509.694
5797.000,-238861193.198
5798.000,-238861034.950
5799.000,-238861351.446
5800.000,-238861667.942
5801.000,-238861509.694
5802.000,-238861114.074
5803.000,-238861034.950
5804.000,-238861351.446
5805.000,-238861667.942
5806.000,-238861509.694
5807.000,-238861114.074
5808.000,-238861034.950
5809.000,-238861351.446
5810.000,-238861667.942
5811.000,-238861509.694
5812.000,-238861114.074
5813.000,-238861034.950
5814.000,-238861351.446
5815.000,-238861667.942
5816.000,-238861509.694
5817.000,-238861114.074
5818.000,-238861034.950
5819.000,-238861351.446
5820.000,-238861667.942
5821.000,-238861509.694
5822.000,-238861114.074
5823.000,-238861034.950
5824.000,-238861351.446
5825.000,-238861667.942
5826.000,-238861509.694
5827.000,-238861114.074
5828.000,-238861034.950
5829.000,-238861351.446
5830.000,-238861667.942
5831.000,-238861509.694
5832.000,-238861114.074
5833.000,-238861034.950
5834.000,-238861351.446
5835.000,-238861667.942
5836.000,-238861509.694
5837.000,-238861114.074
5838.000,-238861034.950
5839.000,-238861351.446
5840.000,-238861667.942
5841.000,-238861509.694
5842.000,-238861114.074
5843.000,-238861034.950
5844.000,-238861351.446
5845.000,-238861667.942
5846.000,-238861509.694
5847.000,-238861114.074
5848.000,-238861034.950
5849.000,-238861351.446
5850.000,-238861667.942
5851.000,-238861509.694
5852.000,-238861114.074
5853.000,-238861034.950
5854.000,-238861351.446
5855.000,-238861667.942
5856.000,-238861509.694
5857.000,-238861114.074
5858.000,-238861034.950
5859.000,-238861351.446
5860.000,-238861667.942
5861.000,-238861509.694
5862.000,-238861114.074
5863.000,-238861034.950
5864.000,-238861351.446
5865.000,-238861667.942
5866.000,-238861509.694
5867.000,-238861114.074
5868.000,-238861034.950
5869.000,-238861351.446
5870.000,-238861667.942
5871.000,-238861509.694
5872.000,-238861114.074
5873.000,-238861034.950
5874.000,-238861351.446
5875.000,-238861667.942
5876.000,-238861509.694
5877.000,-238861114.074
5878.000,-238861034.950
5879.000,-238861351.446
5880.000,-238861667.942
5881.000,-238861509.694
5882.000,-238861114.074
5883.000,-238861034.950
5884.000,-238861351.446
5885.000,-238861667.942
5886.000,-238861509.694
5887.000,-238861114.074
5888.000,-238861034.950
5889.000,-238861351.446
5890.000,-238861667.942
5891.000,-238861509.694
5892.000,-238861114.074
5893.000,-238861034.950
5894.000,-238861351.446
5895.000,-238861667.942
5896.000,-238861509.694
5897.000,-238861114.074
5898.000,-238861034.950
5899.000,-238861351.446
5900.000,-238861667.942
5901.000,-238861509.694
5902.000,-238861114.074
5903.000,-238861034.950
5904.000,-238861351.446
5905.000,-238861667.942
5906.000,-238861509.694
5907.000,-238861114.074
5908.000,-238861034.950
5909.000,-238861351.446
5910.000,-238861667.942
5911.000,-238861509.694
5912.000,-238861114.074
5913.000,-238861034.950
5914.000,-238861351.446
5915.000,-238861667.942
5916.000,-238861509.694
5917.000,-238861114.074
5918.000,-238861034.950
5919.000,-238861351.446
5920.000,-238861667.942
5921.000,-238861509.694
5922.000,-238861193.198
5923.000,-238861034.950
5924.000,-238861351.446
5925.000,-238861667.942
5926.000,-238861509.694
5927.000,-238861114.074
5928.000,-238861034.950
5929.000,-238861351.446
5930.000,-238861667.942
5931.000,-238861509.694
5932.000,-238861114.074
5933.000,-238861034.950
5934.000,-238861351.446
5935.000,-238861667.942
5936.000,-238861509.694
5937.000,-238861114.074
5938.000,-238861114.074
5939.000,-238861430.570
5940.000,-238861667.942
5941.000,-238861509.694
5942.000,-238861114.074
5943.000,-238861034.950
5944.000,-238861351.446
5945.000,-238861667.942
5946.000,-238861509.694
5947.000,-238861193.198
5948.000,-238861034.950
5949.000,-238861351.446
5950.000,-238861667.942
5951.000,-238861509.694
5952.000,-238861114.074
5953.000,-238861034.950
5954.000,-238861351.446
5955.000,-238861667.942
5956.000,-238861509.694
5957.000,-238861114.074
5958.000,-238861034.950
5959.000,-238861351.446
5960.000,-238861667.942
5961.000,-238861509.694
5962.000,-238861114.074
5963.000,-238861034.950
5964.000,-238861351.446
5965.000,-238861667.942
5966.000,-238861509.694
5967.000,-238861114.074
5968.000,-238861034.950
5969.000,-238861351.446
5970.000,-238861667.942
5971.000,-238861509.694
5972.000,-238861114.074
5973.000,-238861034.950
5974.000,-238861351.446
5975.000,-238861667.942
5976.000,-238861509.694
5977.000,-238861114.074
5978.000,-238861034.950
5979.000,-238861351.446
5980.000,-238861667.942
5981.000,-238861509.694
5982.000,-238861114.074
5983.000,-238861034.950
5984.000,-238861351.446
5985.000,-238861667.942
5986.000,-238861509.694
5987.000,-238861193.198
5988.000,-238861114.074
5989.000,-238861351.446
5990.000,-238861667.942
5991.000,-238861509.694
5992.000,-238861114.074
5993.000,-238861034.950
5994.000,-238861351.446
5995.000,-238861667.942
5996.000,-238861509.694
5997.000,-238861193.198
5998.000,-238861034.950
5999.000,-238861351.446
6000.000,-238861667.942
6001.000,-238861509.694
6002.000,-238861114.074
6003.000,-238861034.950
6004.000,-238861351.446
6005.000,-238861667.942
6006.000,-238861509.694
6007.000,-238861114.074
6008.000,-238861034.950
6009.000,-238861351.446
6010.000,-238861667.942
6011.000,-238861509.694
6012.000,-238861114.074
6013.000,-238861034.950
6014.000,-238861351.446
6015.000,-238861667.942
6016.000,-238861509.694
6017.000,-238861114.074
6018.000,-238861034.950
6019.000,-238861351.446
6020.000,-238861667.942
6021.000,-238861509.694
6022.000,-238861114.074
6023.000,-238861034.950
6024.000,-238861351.446
6025.000,-238861667.942
6026.000,-238861509.694
6027.000,-238861114.074
6028.000,-238861034.950
6029.000,-238861351.446
6030.000,-238861667.942
6031.000,-238861509.694
6032.000,-238861114.074
6033.000,-238861034.950
6034.000,-238861351.446
6035.000,-238861667.942
6036.000,-238861509.694
6037.000,-238861114.074
6038.000,-238861034.950
6039.000,-238861351.446
6040.000,-238861667.942
6041.000,-238861509.694
6042.000,-238861114.074
6043.000,-238861034.950
6044.000,-238861351.446
6045.000,-238861667.942
6046.000,-238861509.694
6047.000,-238861114.074
6048.000,-238861034.950
6049.000,-238861351.446
6050.000,-238861667.942
6051.000,-238861509.694
6052.000,-238861114.074
6053.000,-238861034.950
6054.000,-238861351.446
6055.000,-238861667.942
6056.000,-238861509.694
6057.000,-238861114.074
6058.000,-238861034.950
6059.000,-238861351.446
6060.000,-238861667.942
6061.000,-238861509.694
6062.000,-238861114.074
6063.000,-238861034.950
6064.000,-238861351.446
6065.000,-238861667.942
6066.000,-238861509.694
6067.000,-238861114.074
6068.000,-238861034.950
6069.000,-238861351.446
6070.000,-238861667.942
6071.000,-238861509.694
6072.000,-238861114.074
6073.000,-238861034.950
6074.000,-238861351.446
6075.000,-238861588.818
6076.000,-238861509.694
6077.000,-238861114.074
6078.000,-238861034.950
6079.000,-238861351.446
6080.000,-238861667.942
6081.000,-238861509.694
6082.000,-238861114.074
6083.000,-238861034.950
6084.000,-238861351.446
6085.000,-238861667.942
6086.000,-238861509.694
6087.000,-238861114.074
6088.000,-238861034.950
6089.000,-238861351.446
6090.000,-238861667.942
6091.000,-238861509.694
6092.000,-238861114.074
6093.000,-238861034.950
6094.000,-238861351.446
6095.000,-238861667.942
6096.000,-238861509.694
6097.000,-238861114.074
6098.000,-238861034.950
6099.000,-238861351.446
6100.000,-238861667.942
6101.000,-238861509.694
6102.000,-238861114.074
6103.000,-238861034.950
6104.000,-238861351.446
6105.000,-238861667.942
6106.000,-238861509.694
6107.000,-238861114.074
6108.000,-238861034.950
6109.000,-238861351.446
6110.000,-238861667.942
6111.000,-238861509.694
6112.000,-238861114.074
6113.000,-238861034.950
6114.000,-238861351.446
6115.000,-238861667.942
6116.000,-238861509.694
6117.000,-238861114.074
6118.000,-238861034.950
6119.000,-238861351.446
6120.000,-238861667.942
6121.000,-238861509.694
6122.000,-238861114.074
6123.000,-238861034.950
6124.000,-238861351.446
6125.000,-238861667.942
6126.000,-238861509.694
6127.000,-238861114.074
6128.000,-238861034.950
6129.000,-238861351.446
6130.000,-238861667.942
6131.000,-238861509.694
6132.000,-238861114.074
6133.000,-238861034.950
6134.000,-238861351.446
6135.000,-238861667.942
6136.000,-238861509.694
6137.000,-238861193.198
6138.000,-238861114.074
6139.000,-238861351.446
6140.000,-238861667.942
6141.000,-238861509.694
6142.000,-238861114.074
6143.000,-238861034.950
6144.000,-238861351.446
6145.000,-238861667.942
6146.000,-238861509.694
6147.000,-238861193.198
6148.000,-238861034.950
6149.000,-238861351.446
6150.000,-238861588.818
6151.000,-238861509.694
6152.000,-238861114.074
6153.000,-238861034.950
6154.000,-238861430.570
6155.000,-238861667.942
6156.000,-238861509.694
6157.000,-238861114.074
6158.000,-238861034.950
6159.000,-238861351.446
6160.000,-238861667.942
6161.000,-238861509.694
6162.000,-238861193.198
6163.000,-238861114.074
6164.000,-238861351.446
6165.000,-238861667.942
6166.000,-238861509.694
6167.000,-238861114.074
6168.000,-238861034.950
6169.000,-238861351.446
6170.000,-238861667.942
6171.000,-238861509.694
6172.000,-238861193.198
6173.000,-238861034.950
6174.000,-238861351.446
6175.000,-238861588.818
6176.000,-238861509.694
6177.000,-238861114.074
6178.000,-238861034.950
6179.000,-238861430.570
6180.000,-238861667.942
6181.000,-238861509.694
6182.000,-238861114.074
6183.000,-238861034.950
6184.000,-238861351.446
6185.000,-238861667.942
6186.000,-238861509.694
6187.000,-238861193.198
6188.000,-238861114.074
6189.000,-238861351.446
6190.000,-238861667.942
6191.000,-238861509.694
6192.000,-238861114.074
6193.000,-238861034.950
6194.000,-238861351.446
6195.000,-238861667.942
6196.000,-238861588.818
6197.000,-238861193.198
6198.000,-238861034.950
6199.000,-238861351.446
6200.000,-238861588.818
6201.000,-238861509.694
6202.000,-238861114.074
6203.000,-238861034.950
6204.000,-238861430.570
6205.000,-238861747.066
6206.000,-238861509.694
6207.000,-238861114.074
6208.000,-238861034.950
6209.000,-238861351.446
6210.000,-238861588.818
6211.000,-238861509.694
6212.000,-238861193.198
6213.000,-238861034.950
6214.000,-238861430.570
6215.000,-238861667.942
6216.000,-238861509.694
6217.000,-238861114.074
6218.000,-238861034.950
6219.000,-238861351.446
6220.000,-238861667.942
6221.000,-238861509.694
6222.000,-238861114.074
6223.000,-238861114.074
6224.000,-238861351.446
6225.000,-238861588.818
6226.000,-238861509.694
6227.000,-238861114.074
6228.000,-238861034.950
6229.000,-238861351.446
6230.000,-238861667.942
6231.000,-238861509.694
6232.000,-238861193.198
6233.000,-238861034.950
6234.000,-238861351.446
6235.000,-238861667.942
6236.000,-238861509.694
6237.000,-238861114.074
6238.000,-238861034.950
6239.000,-238861351.446
6240.000,-238861667.942
6241.000,-238861509.694
6242.000,-238861114.074
6243.000,-238861034.950
6244.000,-238861430.570
6245.000,-238861667.942
6246.000,-238861509.694
6247.000,-238861193.198
6248.000,-238861034.950
6249.000,-238861272.322
6250.000,-238861667.942
6251.000,-238861509.694
6252.000,-238861114.074
6253.000,-238861114.074
6254.000,-238861351.446
6255.000,-238861588.818
6256.000,-238861588.818
6257.000,-238861114.074
6258.000,-238861034.950
6259.000,-238861430.570
6260.000,-238861588.818
6261.000,-238861509.694
6262.000,-238861193.198
6263.000,-238861034.950
6264.000,-238861351.446
6265.000,-238861667.942
6266.000,-238861509.694
6267.000,-238861114.074
6268.000,-238861034.950
6269.000,-238861351.446
6270.000,-238861667.942
6271.000,-238861509.694
6272.000,-238861193.198
6273.000,-238861034.950
6274.000,-238861272.322
6275.000,-238861588.818
6276.000,-238861509.694
6277.000,-238861114.074
6278.000,-238861034.950
6279.000,-238861430.570
6280.000,-238861667.942
6281.000,-238861509.694
6282.000,-238861114.074
6283.000,-238861034.950
6284.000,-238861272.322
6285.000,-238861588.818
6286.000,-238861509.694
6287.000,-238861114.074
6288.000,-238861034.950
6289.000,-238861430.570
6290.000,-238861667.942
6291.000,-238861509.694
6292.000,-238861114.074
6293.000,-238860955.827
6294.000,-238861351.446
6295.000,-238861667.942
6296.000,-238861509.694
6297.000,-238861114.074
6298.000,-238861114.074
6299.000,-238861351.446
6300.000,-238861588.818
6301.000,-238861509.694
6302.000,-238861193.198
6303.000,-238861034.950
6304.000,-238861351.446
6305.000,-238861667.942
6306.000,-238861430.570
6307.000,-238861193.198
6308.000,-238861114.074
6309.000,-238861272.322
6310.000,-238861747.066
6311.000,-238861588.818
6312.000,-238861034.950
6313.000,-238861034.950
6314.000,-238861351.446
6315.000,-238861588.818
6316.000,-238861588.818
6317.000,-238861193.198
6318.000,-238861034.950
6319.000,-238861430.570
6320.000,-238861588.818
6321.000,-238861430.570
6322.000,-238861114.074
6323.000,-238860955.827
6324.000,-238861351.446
6325.000,-238861667.942
6326.000,-238861588.818
6327.000,-238861193.198
6328.000,-238861114.074
6329.000,-238861351.446
6330.000,-238861588.818
6331.000,-238861430.570
6332.000,-238861114.074
6333.000,-238861034.950
6334.000,-238861509.694
6335.000,-238861747.066
6336.000,-238861588.818
6337.000,-238861114.074
6338.000,-238860955.827
6339.000,-238861272.322
6340.000,-238861588.818
6341.000,-238861430.570
6342.000,-238861193.198
6343.000,-238861193.198
6344.000,-238861430.570
6345.000,-238861747.066
6346.000,-238861509.694
6347.000,-238861034.950
6348.000,-238860876.703
6349.000,-238861272.322
6350.000,-238861588.818
6351.000,-238861667.942
6352.000,-238861272.322
6353.000,-238861193.198
6354.000,-238861430.570
6355.000,-238861588.818
6356.000,-238861430.570
6357.000,-238861034.950
6358.000,-238860955.827
6359.000,-238861351.446
6360.000,-238861747.066
6361.000,-238861667.942
6362.000,-238861272.322
6363.000,-238861034.950
6364.000,-238861272.322
6365.000,-238861509.694
6366.000,-238861351.446
6367.000,-238861034.950
6368.000,-238861034.950
6369.000,-238861430.570
6370.000,-238861747.066
6371.000,-238861588.818
6372.000,-238861193.198
6373.000,-238861034.950
6374.000,-238861272.322
6375.000,-238861509.694
6376.000,-238861509.694
6377.000,-238861114.074
6378.000,-238861034.950
6379.000,-238861430.570
6380.000,-238861747.066
6381.000,-238861588.818
6382.000,-238861193.198
6383.000,-238861034.950
6384.000,-238861272.322
6385.000,-238861509.694
6386.000,-238861430.570
6387.000,-238861114.074
6388.000,-238861114.074
6389.000,-238861430.570
6390.000,-238861747.066
6391.000,-238861509.694
6392.000,-238861114.074
6393.000,-238860955.827
6394.000,-238861272.322
6395.000,-238861588.818
6396.000,-238861509.694
6397.000,-238861193.198
6398.000,-238861114.074
6399.000,-238861430.570
6400.000,-238861667.942
6401.000,-238861509.694
6402.000,-238861114.074
6403.000,-238860955.827
6404.000,-238861272.322
6405.000,-238861588.818
6406.000,-238861509.694
6407.000,-238861193.198
6408.000,-238861114.074
6409.000,-238861430.570
6410.000,-238861667.942
6411.000,-238861430.570
6412.000,-238861114.074
6413.000,-238861034.950
6414.000,-238861351.446
6415.000,-238861667.942
6416.000,-238861588.818
6417.000,-238861193.198
6418.000,-238861114.074
6419.000,-238861351.446
6420.000,-238861588.818
6421.000,-238861430.570
6422.000,-238861114.074
6423.000,-238861034.950
6424.000,-238861351.446
6425.000,-238861667.942
6426.000,-238861588.818
6427.000,-238861193.198
6428.000,-238861034.950
6429.000,-238861351.446
6430.000,-238861667.942
6431.000,-238861509.694
6432.000,-238861114.074
6433.000,-238861034.950
6434.000,-238861430.570
6435.000,-238861667.942
6436.000,-238861509.694
6437.000,-238861193.198
6438.000,-238861034.950
6439.000,-238861351.446
6440.000,-238861667.942
6441.000,-238861509.694
6442.000,-238861114.074
6443.000,-238861034.950
6444.000,-238861351.446
6445.000,-238861667.942
6446.000,-238861509.694
6447.000,-238861114.074
6448.000,-238861034.950
6449.000,-238861351.446
6450.000,-238861588.818
6451.000,-238861509.694
6452.000,-238861193.198
6453.000,-238861114.074
6454.000,-238861430.570
6455.000,-238861667.942
6456.000,-238861509.694
6457.000,-238861114.074
6458.000,-238860955.827
6459.000,-238861351.446
6460.000,-238861588.818
6461.000,-238861588.818
6462.000,-238861193.198
6463.000,-238861114.074
6464.000,-238861430.570
6465.000,-238861667.942
6466.000,-238861509.694
6467.000,-238861034.950
6468.000,-238860955.827
6469.000,-238861351.446
6470.000,-238861667.942
6471.000,-238861509.694
6472.000,-238861193.198
6473.000,-238861114.074
6474.000,-238861351.446
6475.000,-238861588.818
6476.000,-238861430.570
6477.000,-238861114.074
6478.000,-238861034.950
6479.000,-238861430.570
6480.000,-238861747.066
6481.000,-238861588.818
6482.000,-238861193.198
6483.000,-238861034.950
6484.000,-238861351.446
6485.000,-238861588.818
6486.000,-238861509.694
6487.000,-238861114.074
6488.000,-238861114.074
6489.000,-238861430.570
6490.000,-238861667.942
6491.000,-238861509.694
6492.000,-238861114.074
6493.000,-238861034.950
6494.000,-238861272.322
6495.000,-238861667.942
6496.000,-238861509.694
6497.000,-238861114.074
6498.000,-238861114.074
6499.000,-238861430.570
6500.000,-238861667.942
6501.000,-238861509.694
6502.000,-238861114.074
6503.000,-238861034.950
6504.000,-238861351.446
6505.000,-238861667.942
6506.000,-238861509.694
6507.000,-238861114.074
6508.000,-238861114.074
6509.000,-238861351.446
6510.000,-238861667.942
6511.000,-238861509.694
6512.000,-238861193.198
6513.000,-238861034.950
6514.000,-238861351.446
6515.000,-238861667.942
6516.000,-238861509.694
6517.000,-238861114.074
6518.000,-238861114.074
6519.000,-238861351.446
6520.000,-238861667.942
6521.000,-238861509.694
6522.000,-238861114.074
6523.000,-238861034.950
6524.000,-238861351.446
6525.000,-238861667.942
6526.000,-238861509.694
6527.000,-238861193.198
6528.000,-238861114.074
6529.000,-238861351.446
6530.000,-238861667.942
6531.000,-238861509.694
6532.000,-238861114.074
6533.000,-238861034.950
6534.000,-238861351.446
6535.000,-238861667.942
6536.000,-238861509.694
6537.000,-238861193.198
6538.000,-238861114.074
6539.000,-238861351.446
6540.000,-238861588.818
6541.000,-238861509.694
6542.000,-238861114.074
6543.000,-238861034.950
6544.000,-238861351.446
6545.000,-238861667.942
6546.000,-238861509.694
6547.000,-238861193.198
6548.000,-238861034.950
6549.000,-238861351.446
6550.000,-238861588.818
6551.000,-238861509.694
6552.000,-238861114.074
6553.000,-238861034.950
6554.000,-238861351.446
6555.000,-238861667.942
6556.000,-238861509.694
6557.000,-238861114.074
6558.000,-238861034.950
6559.000,-238861351.446
6560.000,-238861667.942
6561.000,-238861509.694
6562.000,-238861193.198
6563.000,-238861034.950
6564.000,-238861351.446
6565.000,-238861667.942
6566.000,-238861509.694
6567.000,-238861114.074
6568.000,-238861034.950
6569.000,-238861351.446
6570.000,-238861667.942
6571.000,-238861509.694
6572.000,-238861114.074
6573.000,-238861034.950
6574.000,-238861351.446
6575.000,-238861588.818
6576.000,-238861509.694
6577.000,-238861114.074
6578.000,-238861034.950
6579.000,-238861351.446
6580.000,-238861667.942
6581.000,-238861509.694
6582.000,-238861114.074
6583.000,-238861034.950
6584.000,-238861351.446
6585.000,-238861667.942
6586.000,-238861509.694
6587.000,-238861193.198
6588.000,-238861034.950
6589.000,-238861351.446
6590.000,-238861667.942
6591.000,-238861509.694
6592.000,-238861114.074
6593.000,-238861034.950
6594.000,-238861351.446
6595.000,-238861667.942
6596.000,-238861509.694
6597.000,-238861193.198
6598.000,-238861034.950
6599.000,-238861351.446
6600.000,-238861667.942
6601.000,-238861509.694
6602.000,-238861114.074
6603.000,-238861034.950
6604.000,-238861351.446
6605.000,-238861667.942
6606.000,-238861509.694
6607.000,-238861193.198
6608.000,-238861034.950
6609.000,-238861351.446
6610.000,-238861667.942
6611.000,-238861509.694
6612.000,-238861193.198
6613.000,-238861034.950
6614.000,-238861351.446
6615.000,-238861667.942
6616.000,-238861509.694
6617.000,-238861114.074
6618.000,-238861034.950
6619.000,-238861351.446
6620.000,-238861667.942
6621.000,-238861509.694
6622.000,-238861193.198
6623.000,-238861034.950
6624.000,-238861351.446
6625.000,-238861667.942
6626.000,-238861509.694
6627.000,-238861114.074
6628.000,-238861034.950
6629.000,-238861430.570
6630.000,-238861667.942
6631.000,-238861509.694
6632.000,-238861193.198
6633.000,-238861034.950
6634.000,-238861351.446
6635.000,-238861747.066
6636.000,-238861509.694
6637.000,-238861114.074
6638.000,-238861114.074
6639.000,-238861430.570
6640.000,-238861667.942
6641.000,-238861509.694
6642.000,-238861193.198
6643.000,-238861114.074
6644.000,-238861272.322
6645.000,-238861667.942
6646.000,-238861667.942
6647.000,-238861034.950
6648.000,-238861034.950
6649.000,-238861509.694
6650.000,-238861588.818
6651.000,-238861430.570
6652.000,-238861272.322
6653.000,-238861034.950
6654.000,-238861272.322
6655.000,-238861667.942
6656.000,-238861588.818
6657.000,-238861034.950
6658.000,-238861034.950
6659.000,-238861430.570
6660.000,-238861588.818
6661.000,-238861509.694
6662.000,-238861193.198
6663.000,-238861034.950
6664.000,-238861272.322
6665.000,-238861667.942
6666.000,-238861509.694
6667.000,-238861034.950
6668.000,-238861114.074
6669.000,-238861430.570
6670.000,-238861588.818
6671.000,-238861588.818
6672.000,-238861193.198
6673.000,-238860955.827
6674.000,-238861272.322
6675.000,-238861667.942
6676.000,-238861509.694
6677.000,-238861114.074
6678.000,-238861114.074
6679.000,-238861430.570
6680.000,-238861588.818
6681.000,-238861509.694
6682.000,-238861114.074
6683.000,-238860955.827
6684.000,-238861351.446
6685.000,-238861667.942
6686.000,-238861509.694
6687.000,-238861193.198
6688.000,-238861114.074
6689.000,-238861351.446
6690.000,-238861588.818
6691.000,-238861509.694
6692.000,-238861114.074
6693.000,-238860955.827
6694.000,-238861351.446
6695.000,-238861667.942
6696.000,-238861588.818
6697.000,-238861193.198
6698.000,-238861114.074
6699.000,-238861351.446
6700.000,-238861588.818
6701.000,-238861430.570
6702.000,-238861114.074
6703.000,-238861034.950
6704.000,-238861430.570
6705.000,-238861747.066
6706.000,-238861588.818
6707.000,-238861193.198
6708.000,-238861034.950
6709.000,-238861272.322
6710.000,-238861588.818
6711.000,-238861509.694
6712.000,-238861114.074
6713.000,-238861034.950
6714.000,-238861430.570
6715.000,-238861667.942
6716.000,-238861509.694
6717.000,-238861114.074
6718.000,-238861034.950
6719.000,-238861272.322
6720.000,-238861588.818
6721.000,-238861509.694
6722.000,-238861193.198
6723.000,-238861034.950
6724.000,-238861351.446
6725.000,-238861667.942
6726.000,-238861509.694
6727.000,-238861114.074
6728.000,-238861034.950
6729.000,-238861351.446
6730.000,-238861667.942
6731.000,-238861509.694
6732.000,-238861114.074
6733.000,-238861034.950
6734.000,-238861351.446
6735.000,-238861667.942
6736.000,-238861509.694
6737.000,-238861114.074
6738.000,-238861034.950
6739.000,-238861351.446
6740.000,-238861667.942
6741.000,-238861509.694
6742.000,-238861193.198
6743.000,-238861034.950
6744.000,-238861351.446
6745.000,-238861667.942
6746.000,-238861509.694
6747.000,-238861114.074
6748.000,-238861034.950
6749.000,-238861351.446
6750.000,-238861667.942
6751.000,-238861509.694
6752.000,-238861193.198
6753.000,-238861114.074
6754.000,-238861351.446
6755.000,-238861667.942
6756.000,-238861509.694
6757.000,-238861114.074
6758.000,-238861034.950
6759.000,-238861351.446
6760.000,-238861667.942
6761.000,-238861588.818
6762.000,-238861193.198
6763.000,-238861034.950
6764.000,-238861351.446
6765.000,-238861588.818
6766.000,-238861509.694
6767.000,-238861114.074
6768.000,-238861034.950
6769.000,-238861351.446
6770.000,-238861667.942
6771.000,-238861588.818
6772.000,-238861193.198
6773.000,-238861034.950
6774.000,-238861351.446
6775.000,-238861588.818
6776.000,-238861509.694
6777.000,-238861114.074
6778.000,-238861034.950
6779.000,-238861351.446
6780.000,-238861667.942
6781.000,-238861509.694
6782.000,-238861114.074
6783.000,-238861034.950
6784.000,-238861272.322
6785.000,-238861588.818
6786.000,-238861509.694
6787.000,-238861193.198
6788.000,-238861114.074
6789.000,-238861430.570
6790.000,-238861667.942
6791.000,-238861509.694
6792.000,-238861114.074
6793.000,-238861034.950
6794.000,-238861351.446
6795.000,-238861667.942
6796.000,-238861509.694
6797.000,-238861193.198
6798.000,-238861114.074
6799.000,-238861351.446
6800.000,-238861667.942
6801.000,-238861509.694
6802.000,-238861114.074
6803.000,-238861034.950
6804.000,-238861351.446
6805.000,-238861667.942
6806.000,-238861509.694
6807.000,-238861193.198
6808.000,-238861034.950
6809.000,-238861351.446
6810.000,-238861667.942
6811.000,-238861509.694
6812.000,-238861114.074
6813.000,-238861034.950
6814.000,-238861351.446
6815.000,-238861667.942
6816.000,-238861509.694
6817.000,-238861114.074
6818.000,-238861034.950
6819.000,-238861351.446
6820.000,-238861667.942
6821.000,-238861509.694
6822.000,-238861114.074
6823.000,-238861034.950
6824.000,-238861351.446
6825.000,-238861667.942
6826.000,-238861509.694
6827.000,-238861114.074
6828.000,-238861034.950
6829.000,-238861351.446
6830.000,-238861667.942
6831.000,-238861509.694
6832.000,-238861114.074
6833.000,-238861034.950
6834.000,-238861351.446
6835.000,-238861667.942
6836.000,-238861509.694
6837.000,-238861193.198
6838.000,-238861034.950
6839.000,-238861351.446
6840.000,-238861667.942
6841.000,-238861509.694
6842.000,-238861114.074
6843.000,-238861034.950
6844.000,-238861351.446
6845.000,-238861667.942
6846.000,-238861509.694
6847.000,-238861193.198
6848.000,-238861034.950
6849.000,-238861351.446
6850.000,-238861667.942
6851.000,-238861509.694
6852.000,-238861114.074
6853.000,-238861034.950
6854.000,-238861351.446
6855.000,-238861667.942
6856.000,-238861509.694
6857.000,-238861114.074
6858.000,-238861034.950
6859.000,-238861351.446
6860.000,-238861667.942
6861.000,-238861509.694
6862.000,-238861193.198
6863.000,-238861034.950
6864.000,-238861351.446
6865.000,-238861667.942
6866.000,-238861509.694
6867.000,-238861114.074
6868.000,-238861034.950
6869.000,-238861351.446
6870.000,-238861667.942
6871.000,-238861509.694
6872.000,-238861193.198
6873.000,-238861034.950
6874.000,-238861351.446
6875.000,-238861667.942
6876.000,-238861509.694
6877.000,-238861114.074
6878.000,-238861034.950
6879.000,-238861351.446
6880.000,-238861667.942
6881.000,-238861509.694
6882.000,-238861114.074
6883.000,-238861034.950
6884.000,-238861351.446
6885.000,-238861667.942
6886.000,-238861509.694
6887.000,-238861193.198
6888.000,-238861034.950
6889.000,-238861351.446
6890.000,-238861667.942
6891.000,-238861509.694
6892.000,-238861114.074
6893.000,-238861034.950
6894.000,-238861351.446
6895.000,-238861667.942
6896.000,-238861509.694
6897.000,-238861193.198
6898.000,-238861034.950
6899.000,-238861351.446
6900.000,-238861667.942
6901.000,-238861509.694
6902.000,-238861114.074
6903.000,-238861034.950
6904.000,-238861351.446
6905.000,-238861667.942
6906.000,-238861509.694
6907.000,-238861193.198
6908.000,-238861034.950
6909.000,-238861351.446
6910.000,-238861667.942
6911.000,-238861509.694
6912.000,-238861193.198
6913.000,-238861034.950
6914.000,-238861351.446
6915.000,-238861667.942
6916.000,-238861509.694
6917.000,-238861114.074
6918.000,-238861034.950
6919.000,-238861351.446
6920.000,-238861667.942
6921.000,-238861509.694
6922.000,-238861193.198
6923.000,-238861034.950
6924.000,-238861351.446
6925.000,-238861667.942
6926.000,-238861509.694
6927.000,-238861114.074
6928.000,-238861034.950
6929.000,-238861351.446
6930.000,-238861667.942
6931.000,-238861509.694
6932.000,-238861114.074
6933.000,-238861034.950
6934.000,-238861351.446
6935.000,-238861667.942
6936.000,-238861509.694
6937.000,-238861114.074
6938.000,-238861034.950
6939.000,-238861351.446
6940.000,-238861667.942
6941.000,-238861509.694
6942.000,-238861114.074
6943.000,-238861034.950
6944.000,-238861351.446
6945.000,-238861667.942
6946.000,-238861509.694
6947.000,-238861193.198
6948.000,-238861034.950
6949.000,-238861351.446
6950.000,-238861667.942
6951.000,-238861509.694
6952.000,-238861114.074
6953.000,-238861034.950
6954.000,-238861351.446
6955.000,-238861667.942
6956.000,-238861509.694
6957.000,-238861114.074
6958.000,-238861034.950
6959.000,-238861351.446
6960.000,-238861667.942
6961.000,-238861509.694
6962.000,-238861193.198
6963.000,-238861034.950
6964.000,-238861351.446
6965.000,-238861667.942
6966.000,-238861509.694
6967.000,-238861114.074
6968.000,-238861034.950
6969.000,-238861351.446
6970.000,-238861667.942
6971.000,-238861509.694
6972.000,-238861193.198
6973.000,-238861034.950
6974.000,-238861351.446
6975.000,-238861667.942
6976.000,-238861509.694
6977.000,-238861114.074
6978.000,-238861034.950
6979.000,-238861351.446
6980.000,-238861667.942
6981.000,-238861509.694
6982.000,-238861114.074
6983.000,-238861034.950
6984.000,-238861351.446
6985.000,-238861667.942
6986.000,-238861509.694
6987.000,-238861193.198
6988.000,-238861034.950
6989.000,-238861351.446
6990.000,-238861667.942
6991.000,-238861509.694
6992.000,-238861114.074
6993.000,-238861034.950
6994.000,-238861351.446
6995.000,-238861667.942
6996.000,-238861509.694
6997.000,-238861193.198
6998.000,-238861034.950
6999.000,-238861351.446
7000.000,-238861667.942
7001.000,-238861509.694
7002.000,-238861114.074
7003.000,-238861034.950
7004.000,-238861351.446
7005.000,-238861667.942
7006.000,-238861509.694
7007.000,-238861114.074
7008.000,-238861034.950
7009.000,-238861351.446
7010.000,-238861667.942
7011.000,-238861509.694
7012.000,-238861193.198
7013.000,-238861034.950
7014.000,-238861351.446
7015.000,-238861667.942
7016.000,-238861509.694
7017.000,-238861114.074
7018.000,-238861034.950
7019.000,-238861351.446
7020.000,-238861667.942
7021.000,-238861509.694
7022.000,-238861193.198
7023.000,-238861034.950
7024.000,-238861351.446
7025.000,-238861667.942
7026.000,-238861509.694
7027.000,-238861114.074
7028.000,-238861034.950
7029.000,-238861351.446
7030.000,-238861667.942
7031.000,-238861509.694
7032.000,-238861114.074
7033.000,-238861034.950
7034.000,-238861351.446
7035.000,-238861667.942
7036.000,-238861509.694
7037.000,-238861193.198
7038.000,-238861034.950
7039.000,-238861351.446
7040.000,-238861667.942
7041.000,-238861509.694
7042.000,-238861114.074
7043.000,-238861034.950
7044.000,-238861351.446
7045.000,-238861667.942
7046.000,-238861509.694
7047.000,-238861193.198
7048.000,-238861034.950
7049.000,-238861351.446
7050.000,-238861667.942
7051.000,-238861509.694
7052.000,-238861114.074
7053.000,-238861034.950
7054.000,-238861351.446
7055.000,-238861667.942
7056.000,-238861509.694
7057.000,-238861114.074
7058.000,-238861034.950
7059.000,-238861351.446
7060.000,-238861667.942
7061.000,-238861509.694
7062.000,-238861193.198
7063.000,-238861034.950
7064.000,-238861351.446
7065.000,-238861667.942
7066.000,-238861509.694
7067.000,-238861114.074
7068.000,-238861034.950
7069.000,-238861351.446
7070.000,-238861667.942
7071.000,-238861509.694
7072.000,-238861193.198
7073.000,-238861034.950
7074.000,-238861351.446
7075.000,-238861667.942
7076.000,-238861509.694
7077.000,-238861114.074
7078.000,-238861034.950
7079.000,-238861351.446
7080.000,-238861667.942
7081.000,-238861509.694
7082.000,-238861193.198
7083.000,-238861034.950
7084.000,-238861351.446
7085.000,-238861667.942
7086.000,-238861509.694
7087.000,-238861193.198
7088.000,-238861034.950
7089.000,-238861351.446
7090.000,-238861667.942
7091.000,-238861509.694
7092.000,-238861114.074
7093.000,-238861034.950
7094.000,-238861351.446
7095.000,-238861667.942
7096.000,-238861509.694
7097.000,-238861193.198
7098.000,-238861034.950
7099.000,-238861351.446
7100.000,-238861588.818
7101.000,-238861509.694
7102.000,-238861193.198
7103.000,-238861034.950
7104.000,-238861351.446
7105.000,-238861667.942
7106.000,-238861509.694
7107.000,-238861193.198
7108.000,-238861034.950
7109.000,-238861272.322
7110.000,-238861667.942
7111.000,-238861509.694
7112.000,-238861114.074
7113.000,-238861114.074
7114.000,-238861351.446
7115.000,-238861588.818
7116.000,-238861509.694
7117.000,-238861114.074
7118.000,-238861034.950
7119.000,-238861351.446
7120.000,-238861667.942
7121.000,-238861588.818
7122.000,-238861193.198
7123.000,-238861034.950
7124.000,-238861351.446
7125.000,-238861588.818
7126.000,-238861509.694
7127.000,-238861193.198
7128.000,-238861034.950
7129.000,-238861351.446
7130.000,-238861747.066
7131.000,-238861509.694
7132.000,-238861114.074
7133.000,-238861034.950
7134.000,-238861351.446
7135.000,-238861588.818
7136.000,-238861509.694
7137.000,-238861193.198
7138.000,-238861114.074
7139.000,-238861351.446
7140.000,-238861667.942
7141.000,-238861588.818
7142.000,-238861114.074
7143.000,-238860955.827
7144.000,-238861351.446
7145.000,-238861667.942
7146.000,-238861509.694
7147.000,-238861193.198
7148.000,-238861114.074
7149.000,-238861351.446
7150.000,-238861667.942
7151.000,-238861509.694
7152.000,-238861114.074
7153.000,-238861034.950
7154.000,-238861351.446
7155.000,-238861667.942
7156.000,-238861588.818
7157.000,-238861193.198
7158.000,-238861034.950
7159.000,-238861351.446
7160.000,-238861588.818
7161.000,-238861509.694
7162.000,-238861114.074
7163.000,-238861034.950
7164.000,-238861430.570
7165.000,-238861667.942
7166.000,-238861509.694
7167.000,-238861193.198
7168.000,-238861034.950
7169.000,-238861272.322
7170.000,-238861667.942
7171.000,-238861509.694
7172.000,-238861114.074
7173.000,-238861114.074
7174.000,-238861351.446
7175.000,-238861588.818
7176.000,-238861509.694
7177.000,-238861193.198
7178.000,-238861034.950
7179.000,-238861351.446
7180.000,-238861667.942
7181.000,-238861509.694
7182.000,-238861114.074
7183.000,-238861034.950
7184.000,-238861351.446
7185.000,-238861588.818
7186.000,-238861509.694
7187.000,-238861193.198
7188.000,-238861034.950
7189.000,-238861351.446
7190.000,-238861667.942
7191.000,-238861509.694
7192.000,-238861114.074
7193.000,-238861034.950
7194.000,-238861351.446
7195.000,-238861667.942
7196.000,-238861588.818
7197.000,-238861114.074
7198.000,-238861034.950
7199.000,-238861351.446
7200.000,-238861588.818
7201.000,-238861509.694
7202.000,-238861193.198
7203.000,-238861034.950
7204.000,-238861351.446
7205.000,-238861667.942
7206.000,-238861509.694
7207.000,-238861114.074
7208.000,-238861034.950
7209.000,-238861351.446
7210.000,-238861588.818
7211.000,-238861509.694
7212.000,-238861193.198
7213.000,-238861034.950
7214.000,-238861351.446
7215.000,-238861667.942
7216.000,-238861509.694
7217.000,-238861114.074
7218.000,-238861034.950
7219.000,-238861351.446
7220.000,-238861667.942
7221.000,-238861509.694
7222.000,-238861193.198
7223.000,-238861114.074
7224.000,-238861272.322
7225.000,-238861588.818
7226.000,-238861509.694
7227.000,-238861114.074
7228.000,-238861034.950
7229.000,-238861430.570
7230.000,-238861667.942
7231.000,-238861588.818
7232.000,-238861193.198
7233.000,-238861034.950
7234.000,-238861351.446
7235.000,-238861667.942
7236.000,-238861509.694
7237.000,-238861193.198
7238.000,-238861034.950
7239.000,-238861351.446
7240.000,-238861747.066
7241.000,-238861509.694
7242.000,-238861114.074
7243.000,-238860955.827
7244.000,-238861272.322
7245.000,-238861826.190
7246.000,-238861588.818
7247.000,-238861034.950
7248.000,-238861272.322
7249.000,-238861351.446
7250.000,-238861351.446
7251.000,-238861588.818
7252.000,-238861193.198
7253.000,-238860955.827
7254.000,-238861588.818
7255.000,-238861747.066
7256.000,-238861430.570
7257.000,-238861351.446
7258.000,-238860876.703
7259.000,-238861193.198
7260.000,-238861747.066
7261.000,-238861430.570
7262.000,-238861193.198
7263.000,-238861272.322
7264.000,-238861351.446
7265.000,-238861747.066
7266.000,-238861588.818
7267.000,-238860955.827
7268.000,-238860955.827
7269.000,-238861272.322
7270.000,-238861588.818
7271.000,-238861667.942
7272.000,-238861272.322
7273.000,-238861114.074
7274.000,-238861351.446
7275.000,-238861588.818
7276.000,-238861430.570
7277.000,-238861034.950
7278.000,-238860955.827
7279.000,-238861509.694
7280.000,-238861747.066
7281.000,-238861588.818
7282.000,-238861272.322
7283.000,-238860955.827
7284.000,-238861193.198
7285.000,-238861509.694
7286.000,-238861430.570
7287.000,-238861114.074
7288.000,-238861193.198
7289.000,-238861509.694
7290.000,-238861747.066
7291.000,-238861509.694
7292.000,-238861114.074
7293.000,-238860955.827
7294.000,-238861272.322
7295.000,-238861588.818
7296.000,-238861509.694
7297.000,-238861193.198
7298.000,-238861193.198
7299.000,-238861430.570
7300.000,-238861588.818
7301.000,-238861430.570
7302.000,-238861114.074
7303.000,-238861034.950
7304.000,-238861351.446
7305.000,-238861667.942
7306.000,-238861588.818
7307.000,-238861193.198
7308.000,-238861034.950
7309.000,-238861351.446
7310.000,-238861667.942
7311.000,-238861509.694
7312.000,-238861193.198
7313.000,-238861034.950
7314.000,-238861351.446
7315.000,-238861667.942
7316.000,-238861509.694
7317.000,-238861114.074
7318.000,-238861034.950
7319.000,-238861351.446
7320.000,-238861667.942
7321.000,-238861509.694
7322.000,-238861193.198
7323.000,-238861034.950
7324.000,-238861272.322
7325.000,-238861667.942
7326.000,-238861588.818
7327.000,-238861193.198
7328.000,-238861114.074
7329.000,-238861430.570
7330.000,-238861667.942
7331.000,-238861509.694
7332.000,-238861114.074
7333.000,-238861034.950
7334.000,-238861351.446
7335.000,-238861667.942
7336.000,-238861588.818
7337.000,-238861193.198
7338.000,-238861114.074
7339.000,-238861351.446
7340.000,-238861588.818
7341.000,-238861509.694
7342.000,-238861114.074
7343.000,-238860955.827
7344.000,-238861351.446
7345.000,-238861747.066
7346.000,-238861588.818
7347.000,-238861193.198
7348.000,-238861034.950
7349.000,-238861272.322
7350.000,-238861588.818
7351.000,-238861430.570
7352.000,-238861114.074
7353.000,-238861114.074
7354.000,-238861430.570
7355.000,-238861667.942
7356.000,-238861588.818
7357.000,-238861193.198
7358.000,-238860955.827
7359.000,-238861272.322
7360.000,-238861588.818
7361.000,-238861509.694
7362.000,-238861193.198
7363.000,-238861114.074
7364.000,-238861430.570
7365.000,-238861667.942
7366.000,-238861509.694
7367.000,-238861114.074
7368.000,-238861034.950
7369.000,-238861351.446
7370.000,-238861588.818
7371.000,-238861588.818
7372.000,-238861193.198
7373.000,-238861034.950
7374.000,-238861351.446
7375.000,-238861667.942
7376.000,-238861509.694
7377.000,-238861114.074
7378.000,-238861034.950
7379.000,-238861272.322
7380.000,-238861667.942
7381.000,-238861588.818
7382.000,-238861114.074
7383.000,-238861034.950
7384.000,-238861351.446
7385.000,-238861588.818
7386.000,-238861509.694
7387.000,-238861193.198
7388.000,-238861034.950
7389.000,-238861272.322
7390.000,-238861667.942
7391.000,-238861509.694
7392.000,-238861114.074
7393.000,-238861034.950
7394.000,-238861351.446
7395.000,-238861588.818
7396.000,-238861509.694
7397.000,-238861193.198
7398.000,-238861034.950
7399.000,-238861351.446
7400.000,-238861667.942
7401.000,-238861509.694
7402.000,-238861193.198
7403.000,-238861034.950
7404.000,-238861351.446
7405.000,-238861667.942
7406.000,-238861509.694
7407.000,-238861114.074
7408.000,-238861034.950
7409.000,-238861351.446
7410.000,-238861667.942
7411.000,-238861588.818
7412.000,-238861193.198
7413.000,-238861034.950
7414.000,-238861351.446
7415.000,-238861667.942
7416.000,-238861509.694
7417.000,-238861114.074
7418.000,-238861034.950
7419.000,-238861351.446
7420.000,-238861667.942
7421.000,-238861588.818
7422.000,-238861114.074
7423.000,-238861034.950
7424.000,-238861351.446
7425.000,-238861588.818
7426.000,-238861509.694
7427.000,-238861193.198
7428.000,-238861034.950
7429.000,-238861351.446
7430.000,-238861667.942
7431.000,-238861509.694
7432.000,-238861114.074
7433.000,-238861034.950
7434.000,-238861272.322
7435.000,-238861667.942
7436.000,-238861588.818
7437.000,-238861114.074
7438.000,-238861034.950
7439.000,-238861430.570
7440.000,-238861667.942
7441.000,-238861430.570
7442.000,-238861193.198
7443.000,-238861034.950
7444.000,-238861272.322
7445.000,-238861667.942
7446.000,-238861588.818
7447.000,-238861114.074
7448.000,-238861034.950
7449.000,-238861351.446
7450.000,-238861588.818
7451.000,-238861509.694
7452.000,-238861193.198
7453.000,-238861034.950
7454.000,-238861351.446
7455.000,-238861667.942
7456.000,-238861509.694
7457.000,-238861114.074
7458.000,-238861034.950
7459.000,-238861351.446
7460.000,-238861588.818
7461.000,-238861588.818
7462.000,-238861193.198
7463.000,-238861034.950
7464.000,-238861351.446
7465.000,-238861667.942
7466.000,-238861509.694
7467.000,-238861114.074
7468.000,-238861034.950
7469.000,-238861351.446
7470.000,-238861667.942
7471.000,-238861588.818
7472.000,-238861193.198
7473.000,-238861034.950
7474.000,-238861351.446
7475.000,-238861667.942
7476.000,-238861509.694
7477.000,-238861193.198
7478.000,-238861034.950
7479.000,-238861351.446
7480.000,-238861667.942
7481.000,-238861509.694
7482.000,-238861114.074
7483.000,-238861034.950
7484.000,-238861351.446
7485.000,-238861667.942
7486.000,-238861509.694
7487.000,-238861193.198
7488.000,-238861034.950
7489.000,-238861351.446
7490.000,-238861588.818
7491.000,-238861509.694
7492.000,-238861114.074
7493.000,-238861034.950
7494.000,-238861351.446
7495.000,-238861667.942
7496.000,-238861509.694
7497.000,-238861193.198
7498.000,-238861034.950
7499.000,-238861272.322
7500.000,-238861667.942
7501.000,-238861509.694
7502.000,-238861114.074
7503.000,-238861114.074
7504.000,-238861351.446
7505.000,-238861667.942
7506.000,-238861588.818
7507.000,-238861193.198
7508.000,-238860955.827
7509.000,-238861272.322
7510.000,-238861667.942
7511.000,-238861588.818
7512.000,-238861193.198
7513.000,-238861114.074
7514.000,-238861351.446
7515.000,-238861667.942
7516.000,-238861509.694
7517.000,-238861114.074
7518.000,-238861034.950
7519.000,-238861351.446
7520.000,-238861667.942
7521.000,-238861588.818
7522.000,-238861272.322
7523.000,-238861034.950
7524.000,-238861272.322
7525.000,-238861588.818
7526.000,-238861509.694
7527.000,-238861114.074
7528.000,-238861034.950
7529.000,-238861430.570
7530.000,-238861667.942
7531.000,-238861588.818
7532.000,-238861193.198
7533.000,-238861034.950
7534.000,-238861272.322
7535.000,-238861588.818
7536.000,-238861509.694
7537.000,-238861193.198
7538.000,-238861114.074
7539.000,-238861430.570
7540.000,-238861667.942
7541.000,-238861509.694
7542.000,-238861193.198
7543.000,-238860955.827
7544.000,-238861272.322
7545.000,-238861667.942
7546.000,-238861588.818
7547.000,-238861193.198
7548.000,-238861114.074
7549.000,-238861351.446
7550.000,-238861588.818
7551.000,-238861509.694
7552.000,-238861114.074
7553.000,-238860955.827
7554.000,-238861351.446
7555.000,-238861667.942
7556.000,-238861509.694
7557.000,-238861193.198
7558.000,-238861034.950
7559.000,-238861272.322
7560.000,-238861588.818
7561.000,-238861509.694
7562.000,-238861114.074
7563.000,-238861034.950
7564.000,-238861351.446
7565.000,-238861588.818
7566.000,-238861509.694
7567.000,-238861193.198
7568.000,-238861034.950
7569.000,-238861351.446
7570.000,-238861667.942
7571.000,-238861509.694
7572.000,-238861193.198
7573.000,-238861034.950
7574.000,-238861272.322
7575.000,-238861667.942
7576.000,-238861509.694
7577.000,-238861193.198
7578.000,-238861034.950
7579.000,-238861351.446
7580.000,-238861667.942
7581.000,-238861509.694
7582.000,-238861193.198
7583.000,-238861034.950
7584.000,-238861351.446
7585.000,-238861667.942
7586.000,-238861509.694
7587.000,-238861193.198
7588.000,-238861114.074
7589.000,-238861351.446
7590.000,-238861588.818
7591.000,-238861509.694
7592.000,-238861114.074
7593.000,-238861034.950
7594.000,-238861351.446
7595.000,-238861667.942
7596.000,-238861509.694
7597.000,-238861193.198
7598.000,-238861034.950
7599.000,-238861272.322
7600.000,-238861588.818
7601.000,-238861509.694
7602.000,-238861114.074
7603.000,-238861034.950
7604.000,-238861430.570
7605.000,-238861667.942
7606.000,-238861509.694
7607.000,-238861193.198
7608.000,-238860955.827
7609.000,-238861272.322
7610.000,-238861667.942
7611.000,-238861509.694
7612.000,-238861193.198
7613.000,-238861114.074
7614.000,-238861351.446
7615.000,-238861667.942
7616.000,-238861509.694
7617.000,-238861114.074
7618.000,-238861034.950
7619.000,-238861351.446
7620.000,-238861667.942
7621.000,-238861588.818
7622.000,-238861193.198
7623.000,-238861034.950
7624.000,-238861351.446
7625.000,-238861588.818
7626.000,-238861509.694
7627.000,-238861193.198
7628.000,-238861034.950
7629.000,-238861430.570
7630.000,-238861667.942
7631.000,-238861509.694
7632.000,-238861193.198
7633.000,-238861034.950
7634.000,-238861272.322
7635.000,-238861667.942
7636.000,-238861509.694
7637.000,-238861193.198
7638.000,-238861114.074
7639.000,-238861351.446
7640.000,-238861667.942
7641.000,-238861588.818
7642.000,-238861114.074
7643.000,-238861034.950
7644.000,-238861351.446
7645.000,-238861588.818
7646.000,-238861509.694
7647.000,-238861193.198
7648.000,-238861034.950
7649.000,-238861351.446
7650.000,-238861667.942
7651.000,-238861588.818
7652.000,-238861193.198
7653.000,-238861034.950
7654.000,-238861351.446
7655.000,-238861588.818
7656.000,-238861509.694
7657.000,-238861193.198
7658.000,-238861034.950
7659.000,-238861351.446
7660.000,-238861667.942
7661.000,-238861509.694
7662.000,-238861114.074
7663.000,-238861034.950
7664.000,-238861351.446
7665.000,-238861588.818
7666.000,-238861509.694
7667.000,-238861193.198
7668.000,-238861034.950
7669.000,-238861351.446
7670.000,-238861667.942
7671.000,-238861509.694
7672.000,-238861114.074
7673.000,-238861034.950
7674.000,-238861351.446
7675.000,-238861667.942
7676.000,-238861588.818
7677.000,-238861193.198
7678.000,-238861114.074
7679.000,-238861351.446
7680.000,-238861667.942
7681.000,-238861509.694
7682.000,-238861114.074
7683.000,-238861034.950
7684.000,-238861351.446
7685.000,-238861667.942
7686.000,-238861588.818
7687.000,-238861193.198
7688.000,-238861034.950
7689.000,-238861351.446
7690.000,-238861667.942
7691.000,-238861509.694
7692.000,-238861114.074
7693.000,-238861034.950
7694.000,-238861351.446
7695.000,-238861667.942
7696.000,-238861588.818
7697.000,-238861193.198
7698.000,-238861034.950
7699.000,-238861351.446
7700.000,-238861588.818
7701.000,-238861509.694
7702.000,-238861193.198
7703.000,-238861034.950
7704.000,-238861430.570
7705.000,-238861747.066
7706.000,-238861588.818
7707.000,-238861193.198
7708.000,-238861034.950
7709.000,-238861272.322
7710.000,-238861588.818
7711.000,-238861509.694
7712.000,-238861193.198
7713.000,-238861114.074
7714.000,-238861351.446
7715.000,-238861667.942
7716.000,-238861509.694
7717.000,-238861114.074
7718.000,-238861034.950
7719.000,-238861351.446
7720.000,-238861667.942
7721.000,-238861588.818
7722.000,-238861193.198
7723.000,-238861114.074
7724.000,-238861351.446
7725.000,-238861667.942
7726.000,-238861509.694
7727.000,-238861193.198
7728.000,-238861034.950
7729.000,-238861351.446
7730.000,-238861667.942
7731.000,-238861588.818
7732.000,-238861193.198
7733.000,-238861034.950
7734.000,-238861351.446
7735.000,-238861667.942
7736.000,-238861509.694
7737.000,-238861193.198
7738.000,-238861034.950
7739.000,-238861351.446
7740.000,-238861667.942
7741.000,-238861509.694
7742.000,-238861193.198
7743.000,-238861034.950
7744.000,-238861351.446
7745.000,-238861667.942
7746.000,-238861509.694
7747.000,-238861193.198
7748.000,-238861034.950
7749.000,-238861351.446
7750.000,-238861667.942
7751.000,-238861509.694
7752.000,-238861114.074
7753.000,-238861034.950
7754.000,-238861351.446
7755.000,-238861667.942
7756.000,-238861588.818
7757.000,-238861193.198
7758.000,-238861034.950
7759.000,-238861351.446
7760.000,-238861667.942
7761.000,-238861509.694
7762.000,-238861193.198
7763.000,-238861034.950
7764.000,-238861351.446
7765.000,-238861667.942
7766.000,-238861509.694
7767.000,-238861193.198
7768.000,-238861034.950
7769.000,-238861351.446
7770.000,-238861667.942
7771.000,-238861509.694
7772.000,-238861193.198
7773.000,-238861034.950
7774.000,-238861351.446
7775.000,-238861667.942
7776.000,-238861509.694
7777.000,-238861193.198
7778.000,-238861034.950
7779.000,-238861351.446
7780.000,-238861667.942
7781.000,-238861509.694
7782.000,-238861114.074
7783.000,-238861034.950
7784.000,-238861351.446
7785.000,-238861667.942
7786.000,-238861588.818
7787.000,-238861193.198
7788.000,-238861034.950
7789.000,-238861351.446
7790.000,-238861667.942
7791.000,-238861509.694
7792.000,-238861114.074
7793.000,-238861034.950
7794.000,-238861351.446
7795.000,-238861667.942
7796.000,-238861588.818
7797.000,-238861193.198
7798.000,-238861034.950
7799.000,-238861351.446
7800.000,-238861588.818
7801.000,-238861509.694
7802.000,-238861114.074
7803.000,-238861034.950
7804.000,-238861351.446
7805.000,-238861667.942
7806.000,-238861588.818
7807.000,-238861193.198
7808.000,-238861034.950
7809.000,-238861272.322
7810.000,-238861588.818
7811.000,-238861509.694
7812.000,-238861193.198
7813.000,-238861034.950
7814.000,-238861351.446
7815.000,-238861667.942
7816.000,-238861509.694
7817.000,-238861114.074
7818.000,-238861034.950
7819.000,-238861351.446
7820.000,-238861667.942
7821.000,-238861588.818
7822.000,-238861193.198
7823.000,-238861034.950
7824.000,-238861351.446
7825.000,-238861667.942
7826.000,-238861509.694
7827.000,-238861114.074
7828.000,-238861034.950
7829.000,-238861351.446
7830.000,-238861667.942
7831.000,-238861588.818
7832.000,-238861193.198
7833.000,-238861034.950
7834.000,-238861351.446
7835.000,-238861667.942
7836.000,-238861509.694
7837.000,-238861193.198
7838.000,-238861034.950
7839.000,-238861351.446
7840.000,-238861667.942
7841.000,-238861509.694
7842.000,-238861193.198
7843.000,-238861034.950
7844.000,-238861351.446
7845.000,-238861667.942
7846.000,-238861509.694
7847.000,-238861193.198
7848.000,-238861034.950
7849.000,-238861351.446
7850.000,-238861588.818
7851.000,-238861509.694
7852.000,-238861193.198
7853.000,-238861034.950
7854.000,-238861351.446
7855.000,-238861667.942
7856.000,-238861509.694
7857.000,-238861193.198
7858.000,-238861034.950
7859.000,-238861351.446
7860.000,-238861667.942
7861.000,-238861509.694
7862.000,-238861193.198
7863.000,-238861034.950
7864.000,-238861351.446
7865.000,-238861667.942
7866.000,-238861509.694
7867.000,-238861114.074
7868.000,-238861034.950
7869.000,-238861351.446
7870.000,-238861667.942
7871.000,-238861588.818
7872.000,-238861193.198
7873.000,-238861034.950
7874.000,-238861351.446
7875.000,-238861588.818
7876.000,-238861509.694
7877.000,-238861193.198
7878.000,-238861034.950
7879.000,-238861351.446
7880.000,-238861667.942
7881.000,-238861588.818
7882.000,-238861193.198
7883.000,-238861034.950
7884.000,-238861351.446
7885.000,-238861667.942
7886.000,-238861509.694
7887.000,-238861193.198
7888.000,-238861034.950
7889.000,-238861351.446
7890.000,-238861667.942
7891.000,-238861509.694
7892.000,-238861114.074
7893.000,-238861034.950
7894.000,-238861351.446
7895.000,-238861667.942
7896.000,-238861588.818
7897.000,-238861193.198
7898.000,-238861034.950
7899.000,-238861351.446
7900.000,-238861667.942
7901.000,-238861509.694
7902.000,-238861193.198
7903.000,-238861034.950
7904.000,-238861351.446
7905.000,-238861667.942
7906.000,-238861588.818
7907.000,-238861193.198
7908.000,-238861034.950
7909.000,-238861351.446
7910.000,-238861667.942
7911.000,-238861509.694
7912.000,-238861193.198
7913.000,-238861034.950
7914.000,-238861351.446
7915.000,-238861667.942
7916.000,-238861509.694
7917.000,-238861193.198
7918.000,-238861034.950
7919.000,-238861351.446
7920.000,-238861667.942
7921.000,-238861509.694
7922.000,-238861193.198
7923.000,-238861034.950
7924.000,-238861351.446
7925.000,-238861667.942
7926.000,-238861509.694
7927.000,-238861193.198
7928.000,-238861034.950
7929.000,-238861351.446
7930.000,-238861667.942
7931.000,-238861509.694
7932.000,-238861193.198
7933.000,-238861034.950
7934.000,-238861351.446
7935.000,-238861667.942
7936.000,-238861509.694
7937.000,-238861193.198
7938.000,-238861034.950
7939.000,-238861351.446
7940.000,-238861667.942
7941.000,-238861509.694
7942.000,-238861114.074
7943.000,-238861034.950
7944.000,-238861351.446
7945.000,-238861667.942
7946.000,-238861588.818
7947.000,-238861193.198
7948.000,-238861034.950
7949.000,-238861351.446
7950.000,-238861667.942
7951.000,-238861509.694
7952.000,-238861193.198
7953.000,-238861034.950
7954.000,-238861351.446
7955.000,-238861667.942
7956.000,-238861509.694
7957.000,-238861193.198
7958.000,-238861034.950
7959.000,-238861351.446
7960.000,-238861667.942
7961.000,-238861509.694
7962.000,-238861193.198
7963.000,-238861034.950
7964.000,-238861351.446
7965.000,-238861667.942
7966.000,-238861509.694
7967.000,-238861114.074
7968.000,-238861034.950
7969.000,-238861351.446
7970.000,-238861667.942
7971.000,-238861588.818
7972.000,-238861193.198
7973.000,-238861034.950
7974.000,-238861351.446
7975.000,-238861667.942
7976.000,-238861509.694
7977.000,-238861193.198
7978.000,-238861034.950
7979.000,-238861351.446
7980.000,-238861667.942
7981.000,-238861509.694
7982.000,-238861193.198
7983.000,-238861034.950
7984.000,-238861351.446
7985.000,-238861667.942
7986.000,-238861509.694
7987.000,-238861193.198
7988.000,-238861034.950
7989.000,-238861351.446
7990.000,-238861667.942
7991.000,-238861509.694
7992.000,-238861114.074
7993.000,-238861034.950
7994.000,-238861351.446
7995.000,-238861667.942
7996.000,-238861588.818
7997.000,-238861193.198
7998.000,-238861034.950
7999.000,-238861351.446
8000.000,-238861667.942
8001.000,-238861509.694
8002.000,-238861193.198
8003.000,-238861034.950
8004.000,-238861351.446
8005.000,-238861667.942
8006.000,-238861509.694
8007.000,-238861193.198
8008.000,-238861034.950
8009.000,-238861351.446
8010.000,-238861667.942
8011.000,-238861509.694
8012.000,-238861193.198
8013.000,-238861034.950
8014.000,-238861351.446
8015.000,-238861667.942
8016.000,-238861509.694
8017.000,-238861114.074
8018.000,-238861034.950
8019.000,-238861351.446
8020.000,-238861667.942
8021.000,-238861588.818
8022.000,-238861193.198
8023.000,-238861034.950
8024.000,-238861351.446
8025.000,-238861588.818
8026.000,-238861509.694
8027.000,-238861193.198
8028.000,-238861034.950
8029.000,-238861351.446
8030.000,-238861667.942
8031.000,-238861509.694
8032.000,-238861193.198
8033.000,-238861034.950
8034.000,-238861351.446
8035.000,-238861667.942
8036.000,-238861509.694
8037.000,-238861193.198
8038.000,-238861034.950
8039.000,-238861351.446
8040.000,-238861667.942
8041.000,-238861509.694
8042.000,-238861114.074
8043.000,-238861034.950
8044.000,-238861351.446
8045.000,-238861667.942
8046.000,-238861509.694
8047.000,-238861193.198
8048.000,-238861034.950
8049.000,-238861351.446
8050.000,-238861588.818
8051.000,-238861509.694
8052.000,-238861114.074
8053.000,-238861034.950
8054.000,-238861351.446
8055.000,-238861667.942
8056.000,-238861509.694
8057.000,-238861193.198
8058.000,-238861034.950
8059.000,-238861351.446
8060.000,-238861667.942
8061.000,-238861509.694
8062.000,-238861193.198
8063.000,-238861034.950
8064.000,-238861351.446
8065.000,-238861667.942
8066.000,-238861509.694
8067.000,-238861114.074
8068.000,-238861034.950
8069.000,-238861351.446
8070.000,-238861667.942
8071.000,-238861588.818
8072.000,-238861193.198
8073.000,-238861034.950
8074.000,-238861351.446
8075.000,-238861588.818
8076.000,-238861509.694
8077.000,-238861193.198
8078.000,-238861034.950
8079.000,-238861351.446
8080.000,-238861667.942
8081.000,-238861588.818
8082.000,-238861193.198
8083.000,-238861034.950
8084.000,-238861351.446
8085.000,-238861667.942
8086.000,-238861509.694
8087.000,-238861193.198
8088.000,-238861034.950
8089.000,-238861351.446
8090.000,-238861667.942
8091.000,-238861509.694
8092.000,-238861114.074
8093.000,-238861034.950
8094.000,-238861351.446
8095.000,-238861667.942
8096.000,-238861588.818
8097.000,-238861193.198
8098.000,-238861034.950
8099.000,-238861351.446
8100.000,-238861667.942
8101.000,-238861509.694
8102.000,-238861193.198
8103.000,-238861034.950
8104.000,-238861351.446
8105.000,-238861667.942
8106.000,-238861588.818
8107.000,-238861193.198
8108.000,-238861034.950
8109.000,-238861351.446
8110.000,-238861667.942
8111.000,-238861509.694
8112.000,-238861193.198
8113.000,-238861034.950
8114.000,-238861351.446
8115.000,-238861667.942
8116.000,-238861509.694
8117.000,-238861114.074
8118.000,-238861034.950
8119.000,-238861351.446
8120.000,-238861667.942
8121.000,-238861588.818
8122.000,-238861193.198
8123.000,-238861034.950
8124.000,-238861351.446
8125.000,-238861667.942
8126.000,-238861509.694
8127.000,-238861193.198
8128.000,-238861034.950
8129.000,-238861351.446
8130.000,-238861667.942
8131.000,-238861588.818
8132.000,-238861193.198
8133.000,-238861034.950
8134.000,-238861351.446
8135.000,-238861667.942
8136.000,-238861509.694
8137.000,-238861193.198
8138.000,-238861034.950
8139.000,-238861351.446
8140.000,-238861667.942
8141.000,-238861509.694
8142.000,-238861193.198
8143.000,-238861034.950
8144.000,-238861351.446
8145.000,-238861667.942
8146.000,-238861588.818
8147.000,-238861193.198
8148.000,-238861034.950
8149.000,-238861351.446
8150.000,-238861667.942
8151.000,-238861509.694
8152.000,-238861193.198
8153.000,-238861034.950
8154.000,-238861351.446
8155.000,-238861667.942
8156.000,-238861588.818
8157.000,-238861193.198
8158.000,-238861034.950
8159.000,-238861351.446
8160.000,-238861667.942
8161.000,-238861509.694
8162.000,-238861193.198
8163.000,-238861034.950
8164.000,-238861351.446
8165.000,-238861667.942
8166.000,-238861509.694
8167.000,-238861193.198
8168.000,-238861034.950
8169.000,-238861351.446
8170.000,-238861667.942
8171.000,-238861588.818
8172.000,-238861193.198
8173.000,-238861034.950
8174.000,-238861351.446
8175.000,-238861667.942
8176.000,-238861509.694
8177.000,-238861193.198
8178.000,-238861034.950
8179.000,-238861351.446
8180.000,-238861667.942
8181.000,-238861588.818
8182.000,-238861193.198
8183.000,-238861034.950
8184.000,-238861351.446
8185.000,-238861588.818
8186.000,-238861509.694
8187.000,-238861193.198
8188.000,-238861034.950
8189.000,-238861351.446
8190.000,-238861667.942
8191.000,-238861509.694
8192.000,-238861193.198
8193.000,-238861034.950
8194.000,-238861351.446
8195.000,-238861667.942
8196.000,-238861509.694
8197.000,-238861193.198
8198.000,-238861034.950
8199.000,-238861351.446
8200.000,-238861667.942
8201.000,-238861509.694
8202.000,-238861193.198
8203.000,-238861034.950
8204.000,-238861351.446
8205.000,-238861667.942
8206.000,-238861588.818
8207.000,-238861193.198
8208.000,-238861034.950
8209.000,-238861351.446
8210.000,-238861588.818
8211.000,-238861509.694
8212.000,-238861193.198
8213.000,-238861034.950
8214.000,-238861351.446
8215.000,-238861667.942
8216.000,-238861509.694
8217.000,-238861193.198
8218.000,-238861034.950
8219.000,-238861351.446
8220.000,-238861667.942
8221.000,-238861588.818
8222.000,-238861193.198
8223.000,-238861034.950
8224.000,-238861351.446
8225.000,-238861667.942
8226.000,-238861509.694
8227.000,-238861114.074
8228.000,-238861034.950
8229.000,-238861351.446
8230.000,-238861667.942
8231.000,-238861588.818
8232.000,-238861193.198
8233.000,-238861034.950
8234.000,-238861351.446
8235.000,-238861588.818
8236.000,-238861509.694
8237.000,-238861193.198
8238.000,-238861034.950
8239.000,-238861351.446
8240.000,-238861667.942
8241.000,-238861509.694
8242.000,-238861193.198
8243.000,-238861034.950
8244.000,-238861351.446
8245.000,-238861667.942
8246.000,-238861509.694
8247.000,-238861193.198
8248.000,-238861034.950
8249.000,-238861351.446
8250.000,-238861667.942
8251.000,-238861509.694
8252.000,-238861193.198
8253.000,-238861034.950
8254.000,-238861351.446
8255.000,-238861667.942
8256.000,-238861588.818
8257.000,-238861193.198
8258.000,-238861034.950
8259.000,-238861351.446
8260.000,-238861667.942
8261.000,-238861509.694
8262.000,-238861193.198
8263.000,-238861034.950
8264.000,-238861351.446
8265.000,-238861667.942
8266.000,-238861509.694
8267.000,-238861193.198
8268.000,-238861034.950
8269.000,-238861351.446
8270.000,-238861667.942
8271.000,-238861588.818
8272.000,-238861193.198
8273.000,-238861034.950
8274.000,-238861351.446
8275.000,-238861667.942
8276.000,-238861509.694
8277.000,-238861193.198
8278.000,-238861034.950
8279.000,-238861351.446
8280.000,-238861667.942
8281.000,-238861588.818
8282.000,-238861193.198
8283.000,-238861034.950
8284.000,-238861351.446
8285.000,-238861588.818
8286.000,-238861509.694
8287.000,-238861193.198
8288.000,-238861034.950
8289.000,-238861351.446
8290.000,-238861667.942
8291.000,-238861509.694
8292.000,-238861193.198
8293.000,-238861034.950
8294.000,-238861351.446
8295.000,-238861667.942
8296.000,-238861588.818
8297.000,-238861193.198
8298.000,-238861034.950
8299.000,-238861351.446
8300.000,-238861667.942
8301.000,-238861509.694
8302.000,-238861193.198
8303.000,-238861034.950
8304.000,-238861351.446
8305.000,-238861667.942
8306.000,-238861588.818
8307.000,-238861193.198
8308.000,-238861034.950
8309.000,-238861351.446
8310.000,-238861667.942
8311.000,-238861509.694
8312.000,-238861193.198
8313.000,-238861034.950
8314.000,-238861351.446
8315.000,-238861667.942
8316.000,-238861509.694
8317.000,-238861193.198
8318.000,-238861034.950
8319.000,-238861351.446
8320.000,-238861667.942
8321.000,-238861588.818
8322.000,-238861193.198
8323.000,-238861034.950
8324.000,-238861351.446
8325.000,-238861667.942
8326.000,-238861509.694
8327.000,-238861193.198
8328.000,-238861034.950
8329.000,-238861351.446
8330.000,-238861667.942
8331.000,-238861588.818
8332.000,-238861193.198
8333.000,-238861034.950
8334.000,-238861351.446
8335.000,-238861667.942
8336.000,-238861509.694
8337.000,-238861193.198
8338.000,-238861034.950
8339.000,-238861351.446
8340.000,-238861667.942
8341.000,-238861509.694
8342.000,-238861193.198
8343.000,-238861034.950
8344.000,-238861351.446
8345.000,-238861667.942
8346.000,-238861588.818
8347.000,-238861193.198
8348.000,-238861034.950
8349.000,-238861351.446
8350.000,-238861667.942
8351.000,-238861509.694
8352.000,-238861193.198
8353.000,-238861034.950
8354.000,-238861351.446
8355.000,-238861667.942
8356.000,-238861588.818
8357.000,-238861193.198
8358.000,-238861034.950
8359.000,-238861351.446
8360.000,-238861667.942
8361.000,-238861509.694
8362.000,-238861193.198
8363.000,-238861034.950
8364.000,-238861351.446
8365.000,-238861667.942
8366.000,-238861509.694
8367.000,-238861114.074
8368.000,-238861034.950
8369.000,-238861351.446
8370.000,-238861667.942
8371.000,-238861588.818
8372.000,-238861193.198
8373.000,-238861034.950
8374.000,-238861351.446
8375.000,-238861667.942
8376.000,-238861509.694
8377.000,-238861114.074
8378.000,-238861034.950
8379.000,-238861351.446
8380.000,-238861667.942
8381.000,-238861588.818
8382.000,-238861193.198
8383.000,-238861034.950
8384.000,-238861272.322
8385.000,-238861588.818
8386.000,-238861509.694
8387.000,-238861193.198
8388.000,-238861034.950
8389.000,-238861351.446
8390.000,-238861667.942
8391.000,-238861509.694
8392.000,-238861193.198
8393.000,-238861034.950
8394.000,-238861272.322
8395.000,-238861667.942
8396.000,-238861588.818
8397.000,-238861193.198
8398.000,-238861034.950
8399.000,-238861351.446
8400.000,-238861667.942
8401.000,-238861509.694
8402.000,-238861114.074
8403.000,-238861034.950
8404.000,-238861351.446
8405.000,-238861667.942
8406.000,-238861588.818
8407.000,-238861193.198
8408.000,-238861034.950
8409.000,-238861351.446
8410.000,-238861667.942
8411.000,-238861509.694
8412.000,-238861193.198
8413.000,-238861034.950
8414.000,-238861351.446
8415.000,-238861667.942
8416.000,-238861509.694
8417.000,-238861193.198
8418.000,-238861034.950
8419.000,-238861351.446
8420.000,-238861667.942
8421.000,-238861588.818
8422.000,-238861193.198
8423.000,-238861034.950
8424.000,-238861351.446
8425.000,-238861667.942
8426.000,-238861509.694
8427.000,-238861193.198
8428.000,-238861034.950
8429.000,-238861351.446
8430.000,-238861667.942
8431.000,-238861588.818
8432.000,-238861193.198
8433.000,-238861034.950
8434.000,-238861272.322
8435.000,-238861588.818
8436.000,-238861509.694
8437.000,-238861193.198
8438.000,-238861034.950
8439.000,-238861351.446
8440.000,-238861667.942
8441.000,-238861509.694
8442.000,-238861193.198
8443.000,-238861034.950
8444.000,-238861351.446
8445.000,-238861667.942
8446.000,-238861588.818
8447.000,-238861193.198
8448.000,-238861034.950
8449.000,-238861351.446
8450.000,-238861588.818
8451.000,-238861509.694
8452.000,-238861193.198
8453.000,-238861034.950
8454.000,-238861351.446
8455.000,-238861667.942
8456.000,-238861588.818
8457.000,-238861193.198
8458.000,-238861034.950
8459.000,-238861272.322
8460.000,-238861588.818
8461.000,-238861509.694
8462.000,-238861193.198
8463.000,-238861034.950
8464.000,-238861351.446
8465.000,-238861667.942
8466.000,-238861509.694
8467.000,-238861114.074
8468.000,-238861034.950
8469.000,-238861351.446
8470.000,-238861667.942
8471.000,-238861588.818
8472.000,-238861193.198
8473.000,-238861034.950
8474.000,-238861351.446
8475.000,-238861588.818
8476.000,-238861509.694
8477.000,-238861114.074
8478.000,-238861034.950
8479.000,-238861351.446
8480.000,-238861667.942
8481.000,-238861588.818
8482.000,-238861193.198
8483.000,-238861034.950
8484.000,-238861272.322
8485.000,-238861588.818
8486.000,-238861509.694
8487.000,-238861193.198
8488.000,-238861034.950
8489.000,-238861351.446
8490.000,-238861667.942
8491.000,-238861588.818
8492.000,-238861193.198
8493.000,-238861034.950
8494.000,-238861272.322
8495.000,-238861667.942
8496.000,-238861588.818
8497.000,-238861193.198
8498.000,-238861034.950
8499.000,-238861351.446
8500.000,-238861667.942
8501.000,-238861509.694
8502.000,-238861193.198
8503.000,-238861034.950
8504.000,-238861351.446
8505.000,-238861667.942
8506.000,-238861509.694
8507.000,-238861193.198
8508.000,-238861034.950
8509.000,-238861351.446
8510.000,-238861667.942
8511.000,-238861509.694
8512.000,-238861193.198
8513.000,-238861034.950
8514.000,-238861351.446
8515.000,-238861667.942
8516.000,-238861509.694
8517.000,-238861193.198
8518.000,-238861034.950
8519.000,-238861351.446
8520.000,-238861667.942
8521.000,-238861588.818
8522.000,-238861193.198
8523.000,-238861034.950
8524.000,-238861351.446
8525.000,-238861588.818
8526.000,-238861509.694
8527.000,-238861193.198
8528.000,-238861034.950
8529.000,-238861351.446
8530.000,-238861667.942
8531.000,-238861588.818
8532.000,-238861193.198
8533.000,-238861034.950
8534.000,-238861272.322
8535.000,-238861588.818
8536.000,-238861509.694
8537.000,-238861193.198
8538.000,-238861034.950
8539.000,-238861351.446
8540.000,-238861667.942
8541.000,-238861509.694
8542.000,-238861114.074
8543.000,-238861034.950
8544.000,-238861351.446
8545.000,-238861667.942
8546.000,-238861588.818
8547.000,-238861193.198
8548.000,-238861034.950
8549.000,-238861351.446
8550.000,-238861667.942
8551.000,-238861509.694
8552.000,-238861193.198
8553.000,-238861034.950
8554.000,-238861351.446
8555.000,-238861667.942
8556.000,-238861588.818
8557.000,-238861193.198
8558.000,-238861034.950
8559.000,-238861272.322
8560.000,-238861667.942
8561.000,-238861509.694
8562.000,-238861193.198
8563.000,-238861034.950
8564.000,-238861351.446
8565.000,-238861667.942
8566.000,-238861509.694
8567.000,-238861114.074
8568.000,-238861034.950
8569.000,-238861351.446
8570.000,-238861667.942
8571.000,-238861588.818
8572.000,-238861193.198
8573.000,-238861034.950
8574.000,-238861351.446
8575.000,-238861588.818
8576.000,-238861509.694
8577.000,-238861193.198
8578.000,-238861034.950
8579.000,-238861351.446
8580.000,-238861667.942
8581.000,-238861588.818
8582.000,-238861193.198
8583.000,-238861034.950
8584.000,-238861272.322
8585.000,-238861588.818
8586.000,-238861509.694
8587.000,-238861193.198
8588.000,-238861114.074
8589.000,-238861351.446
8590.000,-238861667.942
8591.000,-238861509.694
8592.000,-238861114.074
8593.000,-238861034.950
8594.000,-238861272.322
8595.000,-238861667.942
8596.000,-238861588.818
8597.000,-238861193.198
8598.000,-238861034.950
8599.000,-238861351.446
8600.000,-238861588.818
8601.000,-238861509.694
8602.000,-238861114.074
8603.000,-238861034.950
8604.000,-238861351.446
8605.000,-238861667.942
8606.000,-238861588.818
8607.000,-238861193.198
8608.000,-238861034.950
8609.000,-238861272.322
8610.000,-238861588.818
8611.000,-238861509.694
8612.000,-238861193.198
8613.000,-238861034.950
8614.000,-238861351.446
8615.000,-238861667.942
8616.000,-238861509.694
8617.000,-238861114.074
8618.000,-238861034.950
8619.000,-238861272.322
8620.000,-238861667.942
8621.000,-238861588.818
8622.000,-238861193.198
8623.000,-238861034.950
8624.000,-238861351.446
8625.000,-238861588.818
8626.000,-238861509.694
8627.000,-238861193.198
8628.000,-238861034.950
8629.000,-238861351.446
8630.000,-238861667.942
8631.000,-238861588.818
8632.000,-238861193.198
8633.000,-238861034.950
8634.000,-238861272.322
8635.000,-238861588.818
8636.000,-238861509.694
8637.000,-238861193.198
8638.000,-238861034.950
8639.000,-238861351.446
8640.000,-238861667.942
8641.000,-238861509.694
8642.000,-238861114.074
8643.000,-238861034.950
8644.000,-238861272.322
8645.000,-238861667.942
8646.000,-238861588.818
8647.000,-238861193.198
8648.000,-238861034.950
8649.000,-238861351.446
8650.000,-238861588.818
8651.000,-238861509.694
8652.000,-238861114.074
8653.000,-238861034.950
8654.000,-238861351.446
8655.000,-238861667.942
8656.000,-238861588.818
8657.000,-238861193.198
8658.000,-238861034.950
8659.000,-238861272.322
8660.000,-238861588.818
8661.000,-238861509.694
8662.000,-238861193.198
8663.000,-238861034.950
8664.000,-238861351.446
8665.000,-238861667.942
8666.000,-238861509.694
8667.000,-238861114.074
8668.000,-238861034.950
8669.000,-238861272.322
8670.000,-238861667.942
8671.000,-238861588.818
8672.000,-238861193.198
8673.000,-238861034.950
8674.000,-238861351.446
8675.000,-238861588.818
8676.000,-238861509.694
8677.000,-238861114.074
8678.000,-238861034.950
8679.000,-238861351.446
8680.000,-238861667.942
8681.000,-238861588.818
8682.000,-238861193.198
8683.000,-238861034.950
8684.000,-238861272.322
8685.000,-238861588.818
8686.000,-238861509.694
8687.000,-238861193.198
8688.000,-238861034.950
8689.000,-238861351.446
8690.000,-238861667.942
8691.000,-238861509.694
8692.000,-238861114.074
8693.000,-238861034.950
8694.000,-238861272.322
8695.000,-238861667.942
8696.000,-238861588.818
8697.000,-238861193.198
8698.000,-238861034.950
8699.000,-238861351.446
8700.000,-238861588.818
8701.000,-238861509.694
8702.000,-238861114.074
8703.000,-238861034.950
8704.000,-238861351.446
8705.000,-238861667.942
8706.000,-238861588.818
8707.000,-238861193.198
8708.000,-238861034.950
8709.000,-238861272.322
8710.000,-238861588.818
8711.000,-238861509.694
8712.000,-238861193.198
8713.000,-238861034.950
8714.000,-238861351.446
8715.000,-238861667.942
8716.000,-238861509.694
8717.000,-238861193.198
8718.000,-238861034.950
8719.000,-238861272.322
8720.000,-238861667.942
8721.000,-238861588.818
8722.000,-238861193.198
8723.000,-238861034.950
8724.000,-238861351.446
8725.000,-238861588.818
8726.000,-238861509.694
8727.000,-238861193.198
8728.000,-238861034.950
8729.000,-238861351.446
8730.000,-238861667.942
8731.000,-238861588.818
8732.000,-238861193.198
8733.000,-238861034.950
8734.000,-238861272.322
8735.000,-238861588.818
8736.000,-238861509.694
8737.000,-238861193.198
8738.000,-238861034.950
8739.000,-238861351.446
8740.000,-238861667.942
8741.000,-238861509.694
8742.000,-238861193.198
8743.000,-238861034.950
8744.000,-238861351.446
8745.000,-238861667.942
8746.000,-238861588.818
8747.000,-238861193.198
8748.000,-238861034.950
8749.000,-238861351.446
8750.000,-238861588.818
8751.000,-238861509.694
8752.000,-238861193.198
8753.000,-238861034.950
8754.000,-238861351.446
8755.000,-238861667.942
8756.000,-238861588.818
8757.000,-238861193.198
8758.000,-238861034.950
8759.000,-238861272.322
8760.000,-238861588.818
8761.000,-238861509.694
8762.000,-238861193.198
8763.000,-238861034.950
8764.000,-238861351.446
8765.000,-238861667.942
8766.000,-238861509.694
8767.000,-238861114.074
8768.000,-238861034.950
8769.000,-238861351.446
8770.000,-238861667.942
8771.000,-238861588.818
8772.000,-238861193.198
8773.000,-238861034.950
8774.000,-238861351.446
8775.000,-238861588.818
8776.000,-238861509.694
8777.000,-238861193.198
8778.000,-238861034.950
8779.000,-238861351.446
8780.000,-238861667.942
8781.000,-238861588.818
8782.000,-238861193.198
8783.000,-238861034.950
8784.000,-238861272.322
8785.000,-238861588.818
8786.000,-238861509.694
8787.000,-238861193.198
8788.000,-238861034.950
8789.000,-238861351.446
8790.000,-238861667.942
8791.000,-238861509.694
8792.000,-238861193.198
8793.000,-238861034.950
8794.000,-238861351.446
8795.000,-238861667.942
8796.000,-238861588.818
8797.000,-238861193.198
8798.000,-238861034.950
8799.000,-238861351.446
8800.000,-238861588.818
8801.000,-238861509.694
8802.000,-238861193.198
8803.000,-238861034.950
8804.000,-238861351.446
8805.000,-238861667.942
8806.000,-238861588.818
8807.000,-238861193.198
8808.000,-238861034.950
8809.000,-238861272.322
8810.000,-238861588.818
8811.000,-238861509.694
8812.000,-238861193.198
8813.000,-238861034.950
8814.000,-238861351.446
8815.000,-238861667.942
8816.000,-238861509.694
8817.000,-238861193.198
8818.000,-238861034.950
8819.000,-238861351.446
8820.000,-238861667.942
8821.000,-238861588.818
8822.000,-238861193.198
8823.000,-238861034.950
8824.000,-238861272.322
8825.000,-238861588.818
8826.000,-238861509.694
8827.000,-238861193.198
8828.000,-238861034.950
8829.000,-238861351.446
8830.000,-238861667.942
8831.000,-238861588.818
8832.000,-238861193.198
8833.000,-238861034.950
8834.000,-238861272.322
8835.000,-238861588.818
8836.000,-238861509.694
8837.000,-238861193.198
8838.000,-238861034.950
8839.000,-238861351.446
8840.000,-238861667.942
8841.000,-238861509.694
8842.000,-238861114.074
8843.000,-238861034.950
8844.000,-238861272.322
8845.000,-238861667.942
8846.000,-238861588.818
8847.000,-238861193.198
8848.000,-238861034.950
8849.000,-238861351.446
8850.000,-238861588.818
8851.000,-238861509.694
8852.000,-238861193.198
8853.000,-238861034.950
8854.000,-238861351.446
8855.000,-238861667.942
8856.000,-238861588.818
8857.000,-238861193.198
8858.000,-238861034.950
8859.000,-238861272.322
8860.000,-238861588.818
8861.000,-238861509.694
8862.000,-238861193.198
8863.000,-238861034.950
8864.000,-238861351.446
8865.000,-238861667.942
8866.000,-238861509.694
8867.000,-238861193.198
8868.000,-238861034.950
8869.000,-238861272.322
8870.000,-238861667.942
8871.000,-238861588.818
8872.000,-238861193.198
8873.000,-238861034.950
8874.000,-238861351.446
8875.000,-238861588.818
8876.000,-238861509.694
8877.000,-238861193.198
8878.000,-238861034.950
8879.000,-238861351.446
8880.000,-238861667.942
8881.000,-238861588.818
8882.000,-238861193.198
8883.000,-238861034.950
8884.000,-238861272.322
8885.000,-238861588.818
8886.000,-238861509.694
8887.000,-238861193.198
8888.000,-238861034.950
8889.000,-238861351.446
8890.000,-238861667.942
8891.000,-238861509.694
8892.000,-238861193.198
8893.000,-238861034.950
8894.000,-238861272.322
8895.000,-238861667.942
8896.000,-238861588.818
8897.000,-238861193.198
8898.000,-238861034.950
8899.000,-238861351.446
8900.000,-238861588.818
8901.000,-238861509.694
8902.000,-238861193.198
8903.000,-238861034.950
8904.000,-238861351.446
8905.000,-238861667.942
8906.000,-238861588.818
8907.000,-238861193.198
8908.000,-238861034.950
8909.000,-238861272.322
8910.000,-238861588.818
8911.000,-238861588.818
8912.000,-238861193.198
8913.000,-238861034.950
8914.000,-238861351.446
8915.000,-238861667.942
8916.000,-238861509.694
8917.000,-238861193.198
8918.000,-238861034.950
8919.000,-238861272.322
8920.000,-238861667.942
8921.000,-238861588.818
8922.000,-238861193.198
8923.000,-238861034.950
8924.000,-238861351.446
8925.000,-238861588.818
8926.000,-238861509.694
8927.000,-238861193.198
8928.000,-238861034.950
8929.000,-238861351.446
8930.000,-238861667.942
8931.000,-238861588.818
8932.000,-238861193.198
8933.000,-238861034.950
8934.000,-238861272.322
8935.000,-238861588.818
8936.000,-238861588.818
8937.000,-238861193.198
8938.000,-238861034.950
8939.000,-238861351.446
8940.000,-238861667.942
8941.000,-238861509.694
8942.000,-238861114.074
8943.000,-238861034.950
8944.000,-238861272.322
8945.000,-238861667.942
8946.000,-238861588.818
8947.000,-238861193.198
8948.000,-238861034.950
8949.000,-238861351.446
8950.000,-238861588.818
8951.000,-238861509.694
8952.000,-238861193.198
8953.000,-238861034.950
8954.000,-238861351.446
8955.000,-238861667.942
8956.000,-238861588.818
8957.000,-238861193.198
8958.000,-238861034.950
8959.000,-238861272.322
8960.000,-238861588.818
8961.000,-238861509.694
8962.000,-238861193.198
8963.000,-238861034.950
8964.000,-238861351.446
8965.000,-238861667.942
8966.000,-238861509.694
8967.000,-238861193.198
8968.000,-238861034.950
8969.000,-238861272.322
8970.000,-238861667.942
8971.000,-238861588.818
8972.000,-238861193.198
8973.000,-238861034.950
8974.000,-238861351.446
8975.000,-238861588.818
8976.000,-238861509.694
8977.000,-238861193.198
8978.000,-238861034.950
8979.000,-238861351.446
8980.000,-238861667.942
8981.000,-238861588.818
8982.000,-238861193.198
8983.000,-238861034.950
8984.000,-238861272.322
8985.000,-238861588.818
8986.000,-238861588.818
8987.000,-238861193.198
8988.000,-238861034.950
8989.000,-238861351.446
8990.000,-238861667.942
8991.000,-238861509.694
8992.000,-238861193.198
8993.000,-238861034.950
8994.000,-238861351.446
8995.000,-238861667.942
8996.000,-238861588.818
8997.000,-238861193.198
8998.000,-238861034.950
8999.000,-238861272.322
9000.000,-238861588.818
9001.000,-238861509.694
9002.000,-238861193.198
9003.000,-238861034.950
9004.000,-238861351.446
9005.000,-238861667.942
9006.000,-238861588.818
9007.000,-238861193.198
9008.000,-238861034.950
9009.000,-238861272.322
9010.000,-238861588.818
9011.000,-238861588.818
9012.000,-238861193.198
9013.000,-238861034.950
9014.000,-238861351.446
9015.000,-238861667.942
9016.000,-238861509.694
9017.000,-238861193.198
9018.000,-238861034.950
9019.000,-238861351.446
9020.000,-238861667.942
9021.000,-238861588.818
9022.000,-238861193.198
9023.000,-238861034.950
9024.000,-238861272.322
9025.000,-238861588.818
9026.000,-238861509.694
9027.000,-238861193.198
9028.000,-238861034.950
9029.000,-238861351.446
9030.000,-238861667.942
9031.000,-238861588.818
9032.000,-238861193.198
9033.000,-238861034.950
9034.000,-238861272.322
9035.000,-238861588.818
9036.000,-238861509.694
9037.000,-238861193.198
9038.000,-238861034.950
9039.000,-238861351.446
9040.000,-238861667.942
9041.000,-238861509.694
9042.000,-238861193.198
9043.000,-238861034.950
9044.000,-238861351.446
9045.000,-238861667.942
9046.000,-238861588.818
9047.000,-238861193.198
9048.000,-238861034.950
9049.000,-238861272.322
9050.000,-238861588.818
9051.000,-238861509.694
9052.000,-238861193.198
9053.000,-238861034.950
9054.000,-238861351.446
9055.000,-238861667.942
9056.000,-238861588.818
9057.000,-238861193.198
9058.000,-238861034.950
9059.000,-238861272.322
9060.000,-238861588.818
9061.000,-238861509.694
9062.000,-238861193.198
9063.000,-238861034.950
9064.000,-238861351.446
9065.000,-238861667.942
9066.000,-238861509.694
9067.000,-238861193.198
9068.000,-238861034.950
9069.000,-238861272.322
9070.000,-238861667.942
9071.000,-238861588.818
9072.000,-238861193.198
9073.000,-238861034.950
9074.000,-238861272.322
9075.000,-238861588.818
9076.000,-238861509.694
9077.000,-238861193.198
9078.000,-238861034.950
9079.000,-238861351.446
9080.000,-238861667.942
9081.000,-238861588.818
9082.000,-238861193.198
9083.000,-238861034.950
9084.000,-238861272.322
9085.000,-238861588.818
9086.000,-238861509.694
9087.000,-238861193.198
9088.000,-238861034.950
9089.000,-238861351.446
9090.000,-238861667.942
9091.000,-238861509.694
9092.000,-238861193.198
9093.000,-238861034.950
9094.000,-238861351.446
9095.000,-238861667.942
9096.000,-238861588.818
9097.000,-238861193.198
9098.000,-238861034.950
9099.000,-238861272.322
9100.000,-238861588.818
9101.000,-238861509.694
9102.000,-238861193.198
9103.000,-238861034.950
9104.000,-238861351.446
9105.000,-238861667.942
9106.000,-238861588.818
9107.000,-238861193.198
9108.000,-238861034.950
9109.000,-238861272.322
9110.000,-238861588.818
9111.000,-238861588.818
9112.000,-238861193.198
9113.000,-238861034.950
9114.000,-238861351.446
9115.000,-238861667.942
9116.000,-238861509.694
9117.000,-238861193.198
9118.000,-238861034.950
9119.000,-238861351.446
9120.000,-238861667.942
9121.000,-238861588.818
9122.000,-238861193.198
9123.000,-238861034.950
9124.000,-238861272.322
9125.000,-238861588.818
9126.000,-238861509.694
9127.000,-238861193.198
9128.000,-238861034.950
9129.000,-238861351.446
9130.000,-238861667.942
9131.000,-238861588.818
9132.000,-238861193.198
9133.000,-238861034.950
9134.000,-238861272.322
9135.000,-238861588.818
9136.000,-238861588.818
9137.000,-238861193.198
9138.000,-238861034.950
9139.000,-238861351.446
9140.000,-238861667.942
9141.000,-238861509.694
9142.000,-238861193.198
9143.000,-238861034.950
9144.000,-238861272.322
9145.000,-238861667.942
9146.000,-238861588.818
9147.000,-238861193.198
9148.000,-238861034.950
9149.000,-238861351.446
9150.000,-238861588.818
9151.000,-238861509.694
9152.000,-238861193.198
9153.000,-238861034.950
9154.000,-238861351.446
9155.000,-238861667.942
9156.000,-238861588.818
9157.000,-238861193.198
9158.000,-238861034.950
9159.000,-238861272.322
9160.000,-238861588.818
9161.000,-238861509.694
9162.000,-238861193.198
9163.000,-238861034.950
9164.000,-238861351.446
9165.000,-238861667.942
9166.000,-238861588.818
9167.000,-238861193.198
9168.000,-238861034.950
9169.000,-238861272.322
9170.000,-238861588.818
9171.000,-238861588.818
9172.000,-238861193.198
9173.000,-238861034.950
9174.000,-238861351.446
9175.000,-238861667.942
9176.000,-238861509.694
9177.000,-238861193.198
9178.000,-238861034.950
9179.000,-238861351.446
9180.000,-238861667.942
9181.000,-238861588.818
9182.000,-238861193.198
9183.000,-238861034.950
9184.000,-238861272.322
9185.000,-238861667.942
9186.000,-238861588.818
9187.000,-238861193.198
9188.000,-238861034.950
9189.000,-238861351.446
9190.000,-238861667.942
9191.000,-238861509.694
9192.000,-238861193.198
9193.000,-238861034.950
9194.000,-238861272.322
9195.000,-238861667.942
9196.000,-238861588.818
9197.000,-238861193.198
9198.000,-238861034.950
9199.000,-238861351.446
9200.000,-238861588.818
9201.000,-238861509.694
9202.000,-238861193.198
9203.000,-238861034.950
9204.000,-238861351.446
9205.000,-238861667.942
9206.000,-238861588.818
9207.000,-238861193.198
9208.000,-238861034.950
9209.000,-238861272.322
9210.000,-238861588.818
9211.000,-238861509.694
9212.000,-238861193.198
9213.000,-238861034.950
9214.000,-238861351.446
9215.000,-238861667.942
9216.000,-238861588.818
9217.000,-238861193.198
9218.000,-238861034.950
9219.000,-238861272.322
9220.000,-238861667.942
9221.000,-238861588.818
9222.000,-238861193.198
9223.000,-238861034.950
9224.000,-238861351.446
9225.000,-238861667.942
9226.000,-238861509.694
9227.000,-238861193.198
9228.000,-238861034.950
9229.000,-238861351.446
9230.000,-238861667.942
9231.000,-238861588.818
9232.000,-238861193.198
9233.000,-238861034.950
9234.000,-238861272.322
9235.000,-238861588.818
9236.000,-238861509.694
9237.000,-238861193.198
9238.000,-238861034.950
9239.000,-238861351.446
9240.000,-238861667.942
9241.000,-238861588.818
9242.000,-238861193.198
9243.000,-238861034.950
9244.000,-238861272.322
9245.000,-238861667.942
9246.000,-238861588.818
9247.000,-238861193.198
9248.000,-238861034.950
9249.000,-238861351.446
9250.000,-238861667.942
9251.000,-238861509.694
9252.000,-238861193.198
9253.000,-238861034.950
9254.000,-238861351.446
9255.000,-238861667.942
9256.000,-238861588.818
9257.000,-238861193.198
9258.000,-238861034.950
9259.000,-238861272.322
9260.000,-238861588.818
9261.000,-238861509.694
9262.000,-238861193.198
9263.000,-238861034.950
9264.000,-238861351.446
9265.000,-238861667.942
9266.000,-238861588.818
9267.000,-238861193.198
9268.000,-238861034.950
9269.000,-238861272.322
9270.000,-238861667.942
9271.000,-238861588.818
9272.000,-238861193.198
9273.000,-238861034.950
9274.000,-238861351.446
9275.000,-238861667.942
9276.000,-238861509.694
9277.000,-238861193.198
9278.000,-238861034.950
9279.000,-238861351.446
9280.000,-238861667.942
9281.000,-238861588.818
9282.000,-238861193.198
9283.000,-238861034.950
9284.000,-238861272.322
9285.000,-238861667.942
9286.000,-238861588.818
9287.000,-238861193.198
9288.000,-238861034.950
9289.000,-238861351.446
9290.000,-238861667.942
9291.000,-238861588.818
9292.000,-238861193.198
9293.000,-238861034.950
9294.000,-238861351.446
9295.000,-238861667.942
9296.000,-238861588.818
9297.000,-238861193.198
9298.000,-238861034.950
9299.000,-238861272.322
9300.000,-238861588.818
9301.000,-238861509.694
9302.000,-238861193.198
9303.000,-238861034.950
9304.000,-238861351.446
9305.000,-238861667.942
9306.000,-238861588.818
9307.000,-238861193.198
9308.000,-238861034.950
9309.000,-238861272.322
9310.000,-238861588.818
9311.000,-238861588.818
9312.000,-238861193.198
9313.000,-238861034.950
9314.000,-238861351.446
9315.000,-238861667.942
9316.000,-238861509.694
9317.000,-238861193.198
9318.000,-238861034.950
9319.000,-238861272.322
9320.000,-238861667.942
9321.000,-238861588.818
9322.000,-238861193.198
9323.000,-238861034.950
9324.000,-238861272.322
9325.000,-238861588.818
9326.000,-238861509.694
9327.000,-238861193.198
9328.000,-238861034.950
9329.000,-238861351.446
9330.000,-238861667.942
9331.000,-238861588.818
9332.000,-238861193.198
9333.000,-238861034.950
9334.000,-238861272.322
9335.000,-238861588.818
9336.000,-238861509.694
9337.000,-238861193.198
9338.000,-238861034.950
9339.000,-238861351.446
9340.000,-238861667.942
9341.000,-238861588.818
9342.000,-238861193.198
9343.000,-238861034.950
9344.000,-238861272.322
9345.000,-238861667.942
9346.000,-238861588.818
9347.000,-238861193.198
9348.000,-238861034.950
9349.000,-238861351.446
9350.000,-238861667.942
9351.000,-238861509.694
9352.000,-238861193.198
9353.000,-238861034.950
9354.000,-238861351.446
9355.000,-238861667.942
9356.000,-238861588.818
9357.000,-238861193.198
9358.000,-238861034.950
9359.000,-238861272.322
9360.000,-238861588.818
9361.000,-238861588.818
9362.000,-238861193.198
9363.000,-238861034.950
9364.000,-238861351.446
9365.000,-238861667.942
9366.000,-238861509.694
9367.000,-238861193.198
9368.000,-238861034.950
9369.000,-238861351.446
9370.000,-238861667.942
9371.000,-238861588.818
9372.000,-238861193.198
9373.000,-238861034.950
9374.000,-238861272.322
9375.000,-238861588.818
9376.000,-238861509.694
9377.000,-238861193.198
9378.000,-238861034.950
9379.000,-238861351.446
9380.000,-238861667.942
9381.000,-238861588.818
9382.000,-238861193.198
9383.000,-238861034.950
9384.000,-238861272.322
9385.000,-238861588.818
9386.000,-238861588.818
9387.000,-238861193.198
9388.000,-238861034.950
9389.000,-238861351.446
9390.000,-238861667.942
9391.000,-238861588.818
9392.000,-238861193.198
9393.000,-238861034.950
9394.000,-238861272.322
9395.000,-238861667.942
9396.000,-238861588.818
9397.000,-238861193.198
9398.000,-238861034.950
9399.000,-238861351.446
9400.000,-238861588.818
9401.000,-238861509.694
9402.000,-238861193.198
9403.000,-238861034.950
9404.000,-238861351.446
9405.000,-238861667.942
9406.000,-238861588.818
9407.000,-238861193.198
9408.000,-238861034.950
9409.000,-238861272.322
9410.000,-238861588.818
9411.000,-238861588.818
9412.000,-238861193.198
9413.000,-238861034.950
9414.000,-238861351.446
9415.000,-238861667.942
9416.000,-238861588.818
9417.000,-238861193.198
9418.000,-238861034.950
9419.000,-238861272.322
9420.000,-238861667.942
9421.000,-238861588.818
9422.000,-238861193.198
9423.000,-238861034.950
9424.000,-238861272.322
9425.000,-238861588.818
9426.000,-238861509.694
9427.000,-238861193.198
9428.000,-238861034.950
9429.000,-238861351.446
9430.000,-238861667.942
9431.000,-238861588.818
9432.000,-238861193.198
9433.000,-238861034.950
9434.000,-238861272.322
9435.000,-238861588.818
9436.000,-238861588.818
9437.000,-238861193.198
9438.000,-238861034.950
9439.000,-238861351.446
9440.000,-238861667.942
9441.000,-238861588.818
9442.000,-238861193.198
9443.000,-238861034.950
9444.000,-238861272.322
9445.000,-238861667.942
9446.000,-238861588.818
9447.000,-238861193.198
9448.000,-238861034.950
9449.000,-238861351.446
9450.000,-238861667.942
9451.000,-238861509.694
9452.000,-238861193.198
9453.000,-238861034.950
9454.000,-238861351.446
9455.000,-238861667.942
9456.000,-238861588.818
9457.000,-238861193.198
9458.000,-238861034.950
9459.000,-238861272.322
9460.000,-238861588.818
9461.000,-238861509.694
9462.000,-238861193.198
9463.000,-238861034.950
9464.000,-238861351.446
9465.000,-238861667.942
9466.000,-238861588.818
9467.000,-238861193.198
9468.000,-238861034.950
9469.000,-238861272.322
9470.000,-238861588.818
9471.000,-238861588.818
9472.000,-238861193.198
9473.000,-238861034.950
9474.000,-238861351.446
9475.000,-238861667.942
9476.000,-238861509.694
9477.000,-238861193.198
9478.000,-238861034.950
9479.000,-238861351.446
9480.000,-238861667.942
9481.000,-238861588.818
9482.000,-238861193.198
9483.000,-238861034.950
9484.000,-238861272.322
9485.000,-238861588.818
9486.000,-238861509.694
9487.000,-238861193.198
9488.000,-238861034.950
9489.000,-238861351.446
9490.000,-238861667.942
9491.000,-238861588.818
9492.000,-238861193.198
9493.000,-238861034.950
9494.000,-238861272.322
9495.000,-238861667.942
9496.000,-238861588.818
9497.000,-238861193.198
9498.000,-238861034.950
9499.000,-238861351.446
9500.000,-238861667.942
9501.000,-238861509.694
9502.000,-238861193.198
9503.000,-238861034.950
9504.000,-238861351.446
9505.000,-238861667.942
9506.000,-238861588.818
9507.000,-238861193.198
9508.000,-238861034.950
9509.000,-238861272.322
9510.000,-238861588.818
9511.000,-238861588.818
9512.000,-238861193.198
9513.000,-238861034.950
9514.000,-238861351.446
9515.000,-238861667.942
9516.000,-238861588.818
9517.000,-238861193.198
9518.000,-238861034.950
9519.000,-238861272.322
9520.000,-238861588.818
9521.000,-238861588.818
9522.000,-238861193.198
9523.000,-238861034.950
9524.000,-238861351.446
9525.000,-238861667.942
9526.000,-238861509.694
9527.000,-238861193.198
9528.000,-238861034.950
9529.000,-238861351.446
9530.000,-238861667.942
9531.000,-238861588.818
9532.000,-238861193.198
9533.000,-238861034.950
9534.000,-238861272.322
9535.000,-238861588.818
9536.000,-238861509.694
9537.000,-238861193.198
9538.000,-238861034.950
9539.000,-238861351.446
9540.000,-238861667.942
9541.000,-238861588.818
9542.000,-238861193.198
9543.000,-238861034.950
9544.000,-238861272.322
9545.000,-238861667.942
9546.000,-238861588.818
9547.000,-238861193.198
9548.000,-238861034.950
9549.000,-238861351.446
9550.000,-238861588.818
9551.000,-238861509.694
9552.000,-238861193.198
9553.000,-238861034.950
9554.000,-238861351.446
9555.000,-238861667.942
9556.000,-238861588.818
9557.000,-238861193.198
9558.000,-238861034.950
9559.000,-238861272.322
9560.000,-238861588.818
9561.000,-238861588.818
9562.000,-238861193.198
9563.000,-238861034.950
9564.000,-238861351.446
9565.000,-238861667.942
9566.000,-238861588.818
9567.000,-238861193.198
9568.000,-238861034.950
9569.000,-238861272.322
9570.000,-238861667.942
9571.000,-238861588.818
9572.000,-238861193.198
9573.000,-238861034.950
9574.000,-238861351.446
9575.000,-238861588.818
9576.000,-238861509.694
9577.000,-238861193.198
9578.000,-238861034.950
9579.000,-238861351.446
9580.000,-238861667.942
9581.000,-238861588.818
9582.000,-238861193.198
9583.000,-238861034.950
9584.000,-238861272.322
9585.000,-238861588.818
9586.000,-238861588.818
9587.000,-238861193.198
9588.000,-238861034.950
9589.000,-238861351.446
9590.000,-238861667.942
9591.000,-238861588.818
9592.000,-238861193.198
9593.000,-238861034.950
9594.000,-238861272.322
9595.000,-238861667.942
9596.000,-238861588.818
9597.000,-238861193.198
9598.000,-238861034.950
9599.000,-238861272.322
9600.000,-238861588.818
9601.000,-238861509.694
9602.000,-238861193.198
9603.000,-238861034.950
9604.000,-238861351.446
9605.000,-238861667.942
9606.000,-238861588.818
9607.000,-238861193.198
9608.000,-238861034.950
9609.000,-238861272.322
9610.000,-238861588.818
9611.000,-238861588.818
9612.000,-238861193.198
9613.000,-238861034.950
9614.000,-238861351.446
9615.000,-238861667.942
9616.000,-238861588.818
9617.000,-238861193.198
9618.000,-238861034.950
9619.000,-238861272.322
9620.000,-238861667.942
9621.000,-238861588.818
9622.000,-238861193.198
9623.000,-238861034.950
9624.000,-238861351.446
9625.000,-238861588.818
9626.000,-238861509.694
9627.000,-238861114.074
9628.000,-238861034.950
9629.000,-238861351.446
9630.000,-238861667.942
9631.000,-238861588.818
9632.000,-238861193.198
9633.000,-238861034.950
9634.000,-238861272.322
9635.000,-238861588.818
9636.000,-238861509.694
9637.000,-238861193.198
9638.000,-238861034.950
9639.000,-238861351.446
9640.000,-238861667.942
9641.000,-238861588.818
9642.000,-238861193.198
9643.000,-238861034.950
9644.000,-238861272.322
9645.000,-238861588.818
9646.000,-238861588.818
9647.000,-238861193.198
9648.000,-238861034.950
9649.000,-238861351.446
9650.000,-238861667.942
9651.000,-238861509.694
9652.000,-238861193.198
9653.000,-238861034.950
9654.000,-238861351.446
9655.000,-238861667.942
9656.000,-238861588.818
9657.000,-238861193.198
9658.000,-238861034.950
9659.000,-238861272.322
9660.000,-238861588.818
9661.000,-238861588.818
9662.000,-238861193.198
9663.000,-238861034.950
9664.000,-238861351.446
9665.000,-238861667.942
9666.000,-238861588.818
9667.000,-238861193.198
9668.000,-238861034.950
9669.000,-238861272.322
9670.000,-238861667.942
9671.000,-238861588.818
9672.000,-238861193.198
9673.000,-238861034.950
9674.000,-238861272.322
9675.000,-238861588.818
9676.000,-238861509.694
9677.000,-238861193.198
9678.000,-238861034.950
9679.000,-238861351.446
9680.000,-238861667.942
9681.000,-238861588.818
9682.000,-238861193.198
9683.000,-238861034.950
9684.000,-238861272.322
9685.000,-238861588.818
9686.000,-238861509.694
9687.000,-238861193.198
9688.000,-238861034.950
9689.000,-238861351.446
9690.000,-238861667.942
9691.000,-238861588.818
9692.000,-238861193.198
9693.000,-238861034.950
9694.000,-238861272.322
9695.000,-238861667.942
9696.000,-238861588.818
9697.000,-238861193.198
9698.000,-238861034.950
9699.000,-238861351.446
9700.000,-238861588.818
9701.000,-238861509.694
9702.000,-238861193.198
9703.000,-238861034.950
9704.000,-238861351.446
9705.000,-238861667.942
9706.000,-238861588.818
9707.000,-238861193.198
9708.000,-238861034.950
9709.000,-238861272.322
9710.000,-238861588.818
9711.000,-238861509.694
9712.000,-238861193.198
9713.000,-238861034.950
9714.000,-238861351.446
9715.000,-238861667.942
9716.000,-238861588.818
9717.000,-238861193.198
9718.000,-238861034.950
9719.000,-238861272.322
9720.000,-238861588.818
9721.000,-238861588.818
9722.000,-238861193.198
9723.000,-238861034.950
9724.000,-238861351.446
9725.000,-238861588.818
9726.000,-238861509.694
9727.000,-238861193.198
9728.000,-238861034.950
9729.000,-238861351.446
9730.000,-238861667.942
9731.000,-238861588.818
9732.000,-238861193.198
9733.000,-238861034.950
9734.000,-238861272.322
9735.000,-238861588.818
9736.000,-238861509.694
9737.000,-238861193.198
9738.000,-238861034.950
9739.000,-238861351.446
9740.000,-238861667.942
9741.000,-238861588.818
9742.000,-238861193.198
9743.000,-238861034.950
9744.000,-238861272.322
9745.000,-238861588.818
9746.000,-238861588.818
9747.000,-238861193.198
9748.000,-238861034.950
9749.000,-238861351.446
9750.000,-238861667.942
9751.000,-238861509.694
9752.000,-238861193.198
9753.000,-238861034.950
9754.000,-238861272.322
9755.000,-238861667.942
9756.000,-238861588.818
9757.000,-238861193.198
9758.000,-238861034.950
9759.000,-238861272.322
9760.000,-238861588.818
9761.000,-238861588.818
9762.000,-238861193.198
9763.000,-238861034.950
9764.000,-238861351.446
9765.000,-238861667.942
9766.000,-238861588.818
9767.000,-238861193.198
9768.000,-238861034.950
9769.000,-238861272.322
9770.000,-238861667.942
9771.000,-238861588.818
9772.000,-238861193.198
9773.000,-238861034.950
9774.000,-238861272.322
9775.000,-238861588.818
9776.000,-238861509.694
9777.000,-238861193.198
9778.000,-238861034.950
9779.000,-238861351.446
9780.000,-238861667.942
9781.000,-238861588.818
9782.000,-238861193.198
9783.000,-238861034.950
9784.000,-238861272.322
9785.000,-238861588.818
9786.000,-238861588.818
9787.000,-238861193.198
9788.000,-238861034.950
9789.000,-238861351.446
9790.000,-238861667.942
9791.000,-238861588.818
9792.000,-238861193.198
9793.000,-238861034.950
9794.000,-238861272.322
9795.000,-238861588.818
9796.000,-238861588.818
9797.000,-238861193.198
9798.000,-238861034.950
9799.000,-238861351.446
9800.000,-238861667.942
9801.000,-238861509.694
9802.000,-238861193.198
9803.000,-238861034.950
9804.000,-238861272.322
9805.000,-238861667.942
9806.000,-238861588.818
9807.000,-238861193.198
9808.000,-238861034.950
9809.000,-238861272.322
9810.000,-238861588.818
9811.000,-238861588.818
9812.000,-238861193.198
9813.000,-238861034.950
9814.000,-238861351.446
9815.000,-238861667.942
9816.000,-238861588.818
9817.000,-238861193.198
9818.000,-238861034.950
9819.000,-238861272.322
9820.000,-238861667.942
9821.000,-238861588.818
9822.000,-238861193.198
9823.000,-238861034.950
9824.000,-238861272.322
9825.000,-238861588.818
9826.000,-238861509.694
9827.000,-238861193.198
9828.000,-238861034.950
9829.000,-238861351.446
9830.000,-238861667.942
9831.000,-238861588.818
9832.000,-238861193.198
9833.000,-238861034.950
9834.000,-238861272.322
9835.000,-238861588.818
9836.000,-238861588.818
9837.000,-238861193.198
9838.000,-238861034.950
9839.000,-238861351.446
9840.000,-238861667.942
9841.000,-238861588.818
9842.000,-238861193.198
9843.000,-238861034.950
9844.000,-238861272.322
9845.000,-238861667.942
9846.000,-238861588.818
9847.000,-238861193.198
9848.000,-238861034.950
9849.000,-238861272.322
9850.000,-238861588.818
9851.000,-238861509.694
9852.000,-238861193.198
9853.000,-238861034.950
9854.000,-238861351.446
9855.000,-238861667.942
9856.000,-238861588.818
9857.000,-238861193.198
9858.000,-238861034.950
9859.000,-238861272.322
9860.000,-238861588.818
9861.000,-238861509.694
9862.000,-238861193.198
9863.000,-238861034.950
9864.000,-238861351.446
9865.000,-238861667.942
9866.000,-238861588.818
9867.000,-238861193.198
9868.000,-238861034.950
9869.000,-238861272.322
9870.000,-238861667.942
9871.000,-238861588.818
9872.000,-238861193.198
9873.000,-238861034.950
9874.000,-238861351.446
9875.000,-238861588.818
9876.000,-238861509.694
9877.000,-238861193.198
9878.000,-238861034.950
9879.000,-238861272.322
9880.000,-238861667.942
9881.000,-238861588.818
9882.000,-238861193.198
9883.000,-238861034.950
9884.000,-238861272.322
9885.000,-238861588.818
9886.000,-238861588.818
9887.000,-238861193.198
9888.000,-238861034.950
9889.000,-238861351.446
9890.000,-238861667.942
9891.000,-238861588.818
9892.000,-238861193.198
9893.000,-238861034.950
9894.000,-238861272.322
9895.000,-238861667.942
9896.000,-238861588.818
9897.000,-238861193.198
9898.000,-238861034.950
9899.000,-238861272.322
9900.000,-238861588.818
9901.000,-238861509.694
9902.000,-238861193.198
9903.000,-238861034.950
9904.000,-238861351.446
9905.000,-238861667.942
9906.000,-238861588.818
9907.000,-238861193.198
9908.000,-238861034.950
9909.000,-238861272.322
9910.000,-238861588.818
9911.000,-238861588.818
9912.000,-238861193.198
9913.000,-238861034.950
9914.000,-238861351.446
9915.000,-238861667.942
9916.000,-238861588.818
9917.000,-238861193.198
9918.000,-238861034.950
9919.000,-238861272.322
9920.000,-238861667.942
9921.000,-238861588.818
9922.000,-238861193.198
9923.000,-238861034.950
9924.000,-238861272.322
9925.000,-238861588.818
9926.000,-238861509.694
9927.000,-238861193.198
9928.000,-238861034.950
9929.000,-238861351.446
9930.000,-238861667.942
9931.000,-238861588.818
9932.000,-238861193.198
9933.000,-238861034.950
9934.000,-238861272.322
9935.000,-238861588.818
9936.000,-238861588.818
9937.000,-238861193.198
9938.000,-238861034.950
9939.000,-238861351.446
9940.000,-238861667.942
9941.000,-238861588.818
9942.000,-238861193.198
9943.000,-238861034.950
9944.000,-238861272.322
9945.000,-238861667.942
9946.000,-238861588.818
9947.000,-238861193.198
9948.000,-238861034.950
9949.000,-238861272.322
9950.000,-238861588.818
9951.000,-238861509.694
9952.000,-238861193.198
9953.000,-238861034.950
9954.000,-238861351.446
9955.000,-238861667.942
9956.000,-238861588.818
9957.000,-238861193.198
9958.000,-238861034.950
9959.000,-238861272.322
9960.000,-238861588.818
9961.000,-238861588.818
9962.000,-238861193.198
9963.000,-238861034.950
9964.000,-238861351.446
9965.000,-238861667.942
9966.000,-238861588.818
9967.000,-238861193.198
9968.000,-238861034.950
9969.000,-238861272.322
9970.000,-238861667.942
9971.000,-238861588.818
9972.000,-238861193.198
9973.000,-238861034.950
9974.000,-238861272.322
9975.000,-238861588.818
9976.000,-238861509.694
9977.000,-238861193.198
9978.000,-238861034.950
9979.000,-238861351.446
9980.000,-238861667.942
9981.000,-238861588.818
9982.000,-238861193.198
9983.000,-238861034.950
9984.000,-238861272.322
9985.000,-238861588.818
9986.000,-238861509.694
9987.000,-238861193.198
9988.000,-238861034.950
9989.000,-238861351.446
9990.000,-238861667.942
9991.000,-238861588.818
9992.000,-238861193.198
9993.000,-238861034.950
9994.000,-238861272.322
9995.000,-238861667.942
9996.000,-238861588.818
9997.000,-238861193.198
9998.000,-238861034.950
9999.000,-238861272.322
10000.000,-238861588.818
10001.000,-238861509.694
10002.000,-238861193.198
10003.000,-238861034.950
10004.000,-238861351.446
10005.000,-238861667.942
10006.000,-238861588.818
10007.000,-238861193.198
10008.000,-238861034.950
10009.000,-238861272.322
10010.000,-238861588.818
10011.000,-238861588.818
10012.000,-238861193.198
10013.000,-238861034.950
10014.000,-238861351.446
10015.000,-238861667.942
10016.000,-238861588.818
10017.000,-238861193.198
10018.000,-238861034.950
10019.000,-238861272.322
10020.000,-238861667.942
10021.000,-238861588.818
10022.000,-238861193.198
10023.000,-238861034.950
10024.000,-238861272.322
10025.000,-238861588.818
10026.000,-238861509.694
10027.000,-238861193.198
10028.000,-238861034.950
10029.000,-238861351.446
10030.000,-238861667.942
10031.000,-238861588.818
10032.000,-238861193.198
10033.000,-238861034.950
10034.000,-238861272.322
10035.000,-238861588.818
10036.000,-238861588.818
10037.000,-238861193.198
10038.000,-238861034.950
10039.000,-238861351.446
10040.000,-238861667.942
10041.000,-238861588.818
10042.000,-238861193.198
10043.000,-238861034.950
10044.000,-238861272.322
10045.000,-238861667.942
10046.000,-238861588.818
10047.000,-238861193.198
10048.000,-238861034.950
10049.000,-238861272.322
10050.000,-238861588.818
10051.000,-238861509.694
10052.000,-238861193.198
10053.000,-238861034.950
10054.000,-238861351.446
10055.000,-238861667.942
10056.000,-238861588.818
10057.000,-238861193.198
10058.000,-238861034.950
10059.000,-238861272.322
10060.000,-238861588.818
10061.000,-238861588.818
10062.000,-238861193.198
10063.000,-238861034.950
10064.000,-238861351.446
10065.000,-238861667.942
10066.000,-238861588.818
10067.000,-238861193.198
10068.000,-238861034.950
10069.000,-238861272.322
10070.000,-238861667.942
10071.000,-238861588.818
10072.000,-238861193.198
10073.000,-238861034.950
10074.000,-238861272.322
10075.000,-238861588.818
10076.000,-238861509.694
10077.000,-238861193.198
10078.000,-238861034.950
10079.000,-238861351.446
10080.000,-238861667.942
10081.000,-238861588.818
10082.000,-238861193.198
10083.000,-238861034.950
10084.000,-238861272.322
10085.000,-238861588.818
10086.000,-238861588.818
10087.000,-238861193.198
10088.000,-238861034.950
10089.000,-238861351.446
10090.000,-238861667.942
10091.000,-238861588.818
10092.000,-238861193.198
10093.000,-238861034.950
10094.000,-238861272.322
10095.000,-238861667.942
10096.000,-238861588.818
10097.000,-238861193.198
10098.000,-238861034.950
10099.000,-238861272.322
10100.000,-238861588.818
10101.000,-238861509.694
10102.000,-238861193.198
10103.000,-238861034.950
10104.000,-238861272.322
10105.000,-238861667.942
10106.000,-238861588.818
10107.000,-238861193.198
10108.000,-238861034.950
10109.000,-238861272.322
10110.000,-238861588.818
10111.000,-238861588.818
10112.000,-238861193.198
10113.000,-238861034.950
10114.000,-238861351.446
10115.000,-238861667.942
10116.000,-238861588.818
10117.000,-238861193.198
10118.000,-238861034.950
10119.000,-238861272.322
10120.000,-238861667.942
10121.000,-238861588.818
10122.000,-238861193.198
10123.000,-238861034.950
10124.000,-238861272.322
10125.000,-238861588.818
10126.000,-238861509.694
10127.000,-238861193.198
10128.000,-238861034.950
10129.000,-238861351.446
10130.000,-238861667.942
10131.000,-238861588.818
10132.000,-238861193.198
10133.000,-238861034.950
10134.000,-238861272.322
10135.000,-238861588.818
10136.000,-238861588.818
10137.000,-238861193.198
10138.000,-238861034.950
10139.000,-238861351.446
10140.000,-238861667.942
10141.000,-238861588.818
10142.000,-238861193.198
10143.000,-238861034.950
10144.000,-238861272.322
10145.000,-238861667.942
10146.000,-238861588.818
10147.000,-238861193.198
10148.000,-238861034.950
10149.000,-238861272.322
10150.000,-238861588.818
10151.000,-238861509.694
10152.000,-238861193.198
10153.000,-238861034.950
10154.000,-238861272.322
10155.000,-238861667.942
10156.000,-238861588.818
10157.000,-238861193.198
10158.000,-238861034.950
10159.000,-238861272.322
10160.000,-238861588.818
10161.000,-238861588.818
10162.000,-238861193.198
10163.000,-238861034.950
10164.000,-238861351.446
10165.000,-238861667.942
10166.000,-238861588.818
10167.000,-238861193.198
10168.000,-238861034.950
10169.000,-238861272.322
10170.000,-238861667.942
10171.000,-238861588.818
10172.000,-238861193.198
10173.000,-238861034.950
10174.000,-238861272.322
10175.000,-238861588.818
10176.000,-238861509.694
10177.000,-238861193.198
10178.000,-238861034.950
10179.000,-238861351.446
10180.000,-238861667.942
10181.000,-238861588.818
10182.000,-238861193.198
10183.000,-238861034.950
10184.000,-238861272.322
10185.000,-238861588.818
10186.000,-238861588.818
10187.000,-238861193.198
10188.000,-238861034.950
10189.000,-238861351.446
10190.000,-238861667.942
10191.000,-238861588.818
10192.000,-238861193.198
10193.000,-238861034.950
10194.000,-238861272.322
10195.000,-238861667.942
10196.000,-238861588.818
10197.000,-238861193.198
10198.000,-238861034.950
10199.000,-238861272.322
10200.000,-238861588.818
10201.000,-238861509.694
10202.000,-238861193.198
10203.000,-238861034.950
10204.000,-238861351.446
10205.000,-238861667.942
10206.000,-238861588.818
10207.000,-238861193.198
10208.000,-238861034.950
10209.000,-238861272.322
10210.000,-238861588.818
10211.000,-238861588.818
10212.000,-238861193.198
10213.000,-238861034.950
10214.000,-238861351.446
10215.000,-238861667.942
10216.000,-238861588.818
10217.000,-238861193.198
10218.000,-238861034.950
10219.000,-238861272.322
10220.000,-238861667.942
10221.000,-238861588.818
10222.000,-238861193.198
10223.000,-238861034.950
10224.000,-238861272.322
10225.000,-238861588.818
10226.000,-238861509.694
10227.000,-238861193.198
10228.000,-238861034.950
10229.000,-238861351.446
10230.000,-238861667.942
10231.000,-238861588.818
10232.000,-238861193.198
10233.000,-238861034.950
10234.000,-238861272.322
10235.000,-238861588.818
10236.000,-238861588.818
10237.000,-238861193.198
10238.000,-238861034.950
10239.000,-238861351.446
10240.000,-238861667.942
10241.000,-238861588.818
10242.000,-238861193.198
10243.000,-238861034.950
10244.000,-238861272.322
10245.000,-238861667.942
10246.000,-238861588.818
10247.000,-238861193.198
10248.000,-238861034.950
10249.000,-238861272.322
10250.000,-238861588.818
10251.000,-238861509.694
10252.000,-238861193.198
10253.000,-238861034.950
10254.000,-238861351.446
10255.000,-238861667.942
10256.000,-238861588.818
10257.000,-238861193.198
10258.000,-238861034.950
10259.000,-238861272.322
10260.000,-238861588.818
10261.000,-238861588.818
10262.000,-238861193.198
10263.000,-238861034.950
10264.000,-238861351.446
10265.000,-238861667.942
10266.000,-238861588.818
10267.000,-238861193.198
10268.000,-238861034.950
10269.000,-238861272.322
10270.000,-238861667.942
10271.000,-238861588.818
10272.000,-238861193.198
10273.000,-238861034.950
10274.000,-238861272.322
10275.000,-238861588.818
10276.000,-238861509.694
10277.000,-238861193.198
10278.000,-238861034.950
10279.000,-238861272.322
10280.000,-238861667.942
10281.000,-238861588.818
10282.000,-238861193.198
10283.000,-238861034.950
10284.000,-238861272.322
10285.000,-238861588.818
10286.000,-238861588.818
10287.000,-238861193.198
10288.000,-238861034.950
10289.000,-238861351.446
10290.000,-238861667.942
10291.000,-238861588.818
10292.000,-238861193.198
10293.000,-238861034.950
10294.000,-238861272.322
10295.000,-238861667.942
10296.000,-238861588.818
10297.000,-238861193.198
10298.000,-238861034.950
10299.000,-238861272.322
10300.000,-238861588.818
10301.000,-238861509.694
10302.000,-238861193.198
10303.000,-238861034.950
10304.000,-238861272.322
10305.000,-238861667.942
10306.000,-238861588.818
10307.000,-238861193.198
10308.000,-238861034.950
10309.000,-238861272.322
10310.000,-238861588.818
10311.000,-238861588.818
10312.000,-238861193.198
10313.000,-238861034.950
10314.000,-238861351.446
10315.000,-238861667.942
10316.000,-238861588.818
10317.000,-238861193.198
10318.000,-238861034.950
10319.000,-238861272.322
10320.000,-238861667.942
10321.000,-238861588.818
10322.000,-238861193.198
10323.000,-238861034.950
10324.000,-238861272.322
10325.000,-238861588.818
10326.000,-238861588.818
10327.000,-238861193.198
10328.000,-238861034.950
10329.000,-238861351.446
10330.000,-238861667.942
10331.000,-238861588.818
10332.000,-238861193.198
10333.000,-238861034.950
10334.000,-238861272.322
10335.000,-238861588.818
10336.000,-238861588.818
10337.000,-238861193.198
10338.000,-238861034.950
10339.000,-238861351.446
10340.000,-238861667.942
10341.000,-238861588.818
10342.000,-238861193.198
10343.000,-238861034.950
10344.000,-238861272.322
10345.000,-238861588.818
10346.000,-238861588.818
10347.000,-238861193.198
10348.000,-238861034.950
10349.000,-238861272.322
10350.000,-238861588.818
10351.000,-238861588.818
10352.000,-238861193.198
10353.000,-238861034.950
10354.000,-238861272.322
10355.000,-238861667.942
10356.000,-238861588.818
10357.000,-238861193.198
10358.000,-238861034.950
10359.000,-238861272.322
10360.000,-238861588.818
10361.000,-238861588.818
10362.000,-238861193.198
10363.000,-238861034.950
10364.000,-238861272.322
10365.000,-238861667.942
10366.000,-238861588.818
10367.000,-238861193.198
10368.000,-238861034.950
10369.000,-238861272.322
10370.000,-238861667.942
10371.000,-238861588.818
10372.000,-238861193.198
10373.000,-238861034.950
10374.000,-238861272.322
10375.000,-238861588.818
10376.000,-238861588.818
10377.000,-238861193.198
10378.000,-238861034.950
10379.000,-238861272.322
10380.000,-238861667.942
10381.000,-238861588.818
10382.000,-238861193.198
10383.000,-238861034.950
10384.000,-238861272.322
10385.000,-238861588.818
10386.000,-238861588.818
10387.000,-238861193.198
10388.000,-238861034.950
10389.000,-238861351.446
10390.000,-238861667.942
10391.000,-238861588.818
10392.000,-238861193.198
10393.000,-238861034.950
10394.000,-238861272.322
10395.000,-238861667.942
10396.000,-238861588.818
10397.000,-238861193.198
10398.000,-238861034.950
10399.000,-238861272.322
10400.000,-238861588.818
10401.000,-238861588.818
10402.000,-238861193.198
10403.000,-238861034.950
10404.000,-238861272.322
10405.000,-238861667.942
10406.000,-238861588.818
10407.000,-238861193.198
10408.000,-238861034.950
10409.000,-238861272.322
10410.000,-238861588.818
10411.000,-238861588.818
10412.000,-238861193.198
10413.000,-238861034.950
10414.000,-238861272.322
10415.000,-238861667.942
10416.000,-238861588.818
10417.000,-238861193.198
10418.000,-238861034.950
10419.000,-238861272.322
10420.000,-238861667.942
10421.000,-238861588.818
10422.000,-238861193.198
10423.000,-238861034.950
10424.000,-238861272.322
10425.000,-238861588.818
10426.000,-238861588.818
10427.000,-238861193.198
10428.000,-238861034.950
10429.000,-238861272.322
10430.000,-238861667.942
10431.000,-238861588.818
10432.000,-238861193.198
10433.000,-238861034.950
10434.000,-238861272.322
10435.000,-238861588.818
10436.000,-238861588.818
10437.000,-238861193.198
10438.000,-238861034.950
10439.000,-238861351.446
10440.000,-238861667.942
10441.000,-238861509.694
10442.000,-238861193.198
10443.000,-238861034.950
10444.000,-238861272.322
10445.000,-238861667.942
10446.000,-238861588.818
10447.000,-238861193.198
10448.000,-238861034.950
10449.000,-238861272.322
10450.000,-238861588.818
10451.000,-238861509.694
10452.000,-238861193.198
10453.000,-238861034.950
10454.000,-238861272.322
10455.000,-238861667.942
10456.000,-238861588.818
10457.000,-238861193.198
10458.000,-238861034.950
10459.000,-238861272.322
10460.000,-238861588.818
10461.000,-238861588.818
10462.000,-238861193.198
10463.000,-238861034.950
10464.000,-238861272.322
10465.000,-238861667.942
10466.000,-238861588.818
10467.000,-238861193.198
10468.000,-238861034.950
10469.000,-238861272.322
10470.000,-238861588.818
10471.000,-238861588.818
10472.000,-238861193.198
10473.000,-238861034.950
10474.000,-238861272.322
10475.000,-238861588.818
10476.000,-238861588.818
10477.000,-238861193.198
10478.000,-238861034.950
10479.000,-238861272.322
10480.000,-238861667.942
10481.000,-238861588.818
10482.000,-238861193.198
10483.000,-238861034.950
10484.000,-238861272.322
10485.000,-238861588.818
10486.000,-238861588.818
10487.000,-238861193.198
10488.000,-238861034.950
10489.000,-238861272.322
10490.000,-238861667.942
10491.000,-238861588.818
10492.000,-238861193.198
10493.000,-238861034.950
10494.000,-238861272.322
10495.000,-238861588.818
10496.000,-238861588.818
10497.000,-238861193.198
10498.000,-238861034.950
10499.000,-238861272.322
10500.000,-238861588.818
10501.000,-238861588.818
10502.000,-238861193.198
10503.000,-238861034.950
10504.000,-238861272.322
10505.000,-238861667.942
10506.000,-238861588.818
10507.000,-238861193.198
10508.000,-238861034.950
10509.000,-238861272.322
10510.000,-238861588.818
10511.000,-238861588.818
10512.000,-238861193.198
10513.000,-238861034.950
10514.000,-238861272.322
10515.000,-238861667.942
10516.000,-238861588.818
10517.000,-238861193.198
10518.000,-238861034.950
10519.000,-238861272.322
10520.000,-238861588.818
10521.000,-238861588.818
10522.000,-238861193.198
10523.000,-238861034.950
10524.000,-238861272.322
10525.000,-238861588.818
10526.000,-238861588.818
10527.000,-238861193.198
10528.000,-238861034.950
10529.000,-238861272.322
10530.000,-238861667.942
10531.000,-238861588.818
10532.000,-238861193.198
10533.000,-238861034.950
10534.000,-238861272.322
10535.000,-238861588.818
10536.000,-238861588.818
10537.000,-238861193.198
10538.000,-238861034.950
10539.000,-238861351.446
10540.000,-238861667.942
10541.000,-238861588.818
10542.000,-238861193.198
10543.000,-238861034.950
10544.000,-238861272.322
10545.000,-238861667.942
10546.000,-238861588.818
10547.000,-238861193.198
10548.000,-238861034.950
10549.000,-238861272.322
10550.000,-238861588.818
10551.000,-238861509.694
10552.000,-238861193.198
10553.000,-238861034.950
10554.000,-238861272.322
10555.000,-238861667.942
10556.000,-238861588.818
10557.000,-238861193.198
10558.000,-238861034.950
10559.000,-238861272.322
10560.000,-238861588.818
10561.000,-238861509.694
10562.000,-238861193.198
10563.000,-238861034.950
10564.000,-238861272.322
10565.000,-238861667.942
10566.000,-238861588.818
10567.000,-238861193.198
10568.000,-238861034.950
10569.000,-238861272.322
10570.000,-238861588.818
10571.000,-238861588.818
10572.000,-238861193.198
10573.000,-238861034.950
10574.000,-238861272.322
10575.000,-238861588.818
10576.000,-238861588.818
10577.000,-238861193.198
10578.000,-238861034.950
10579.000,-238861272.322
10580.000,-238861667.942
10581.000,-238861588.818
10582.000,-238861193.198
10583.000,-238861034.950
10584.000,-238861272.322
10585.000,-238861588.818
10586.000,-238861588.818
10587.000,-238861193.198
10588.000,-238861034.950
10589.000,-238861272.322
10590.000,-238861667.942
10591.000,-238861588.818
10592.000,-238861193.198
10593.000,-238861034.950
10594.000,-238861272.322
10595.000,-238861588.818
10596.000,-238861588.818
10597.000,-238861193.198
10598.000,-238861034.950
10599.000,-238861272.322
10600.000,-238861588.818
10601.000,-238861588.818
10602.000,-238861193.198
10603.000,-238861034.950
10604.000,-238861272.322
10605.000,-238861667.942
10606.000,-238861588.818
10607.000,-238861193.198
10608.000,-238861034.950
10609.000,-238861272.322
10610.000,-238861588.818
10611.000,-238861588.818
10612.000,-238861193.198
10613.000,-238861034.950
10614.000,-238861351.446
10615.000,-238861667.942
10616.000,-238861588.818
10617.000,-238861193.198
10618.000,-238861034.950
10619.000,-238861272.322
10620.000,-238861588.818
10621.000,-238861588.818
10622.000,-238861193.198
10623.000,-238861034.950
10624.000,-238861272.322
10625.000,-238861588.818
10626.000,-238861509.694
10627.000,-238861193.198
10628.000,-238861034.950
10629.000,-238861272.322
10630.000,-238861667.942
10631.000,-238861588.818
10632.000,-238861193.198
10633.000,-238861034.950
10634.000,-238861272.322
10635.000,-238861588.818
10636.000,-238861588.818
10637.000,-238861193.198
10638.000,-238861034.950
10639.000,-238861351.446
10640.000,-238861667.942
10641.000,-238861588.818
10642.000,-238861193.198
10643.000,-238861034.950
10644.000,-238861272.322
10645.000,-238861588.818
10646.000,-238861588.818
10647.000,-238861193.198
10648.000,-238861034.950
10649.000,-238861272.322
10650.000,-238861588.818
10651.000,-238861588.818
10652.000,-238861193.198
10653.000,-238861034.950
10654.000,-238861272.322
10655.000,-238861667.942
10656.000,-238861588.818
10657.000,-238861193.198
10658.000,-238861034.950
10659.000,-238861272.322
10660.000,-238861588.818
10661.000,-238861588.818
10662.000,-238861193.198
10663.000,-238861034.950
10664.000,-238861272.322
10665.000,-238861667.942
10666.000,-238861588.818
10667.000,-238861193.198
10668.000,-238861034.950
10669.000,-238861272.322
10670.000,-238861588.818
10671.000,-238861588.818
10672.000,-238861193.198
10673.000,-238861034.950
10674.000,-238861272.322
10675.000,-238861588.818
10676.000,-238861588.818
10677.000,-238861193.198
10678.000,-238861034.950
10679.000,-238861272.322
10680.000,-238861667.942
10681.000,-238861588.818
10682.000,-238861193.198
10683.000,-238861034.950
10684.000,-238861272.322
10685.000,-238861588.818
10686.000,-238861588.818
10687.000,-238861193.198
10688.000,-238861034.950
10689.000,-238861272.322
10690.000,-238861667.942
10691.000,-238861588.818
10692.000,-238861193.198
10693.000,-238861034.950
10694.000,-238861272.322
10695.000,-238861588.818
10696.000,-238861588.818
10697.000,-238861193.198
10698.000,-238861034.950
10699.000,-238861272.322
10700.000,-238861588.818
10701.000,-238861588.818
10702.000,-238861193.198
10703.000,-238861034.950
10704.000,-238861272.322
10705.000,-238861667.942
10706.000,-238861588.818
10707.000,-238861193.198
10708.000,-238861034.950
10709.000,-238861272.322
10710.000,-238861588.818
10711.000,-238861588.818
10712.000,-238861193.198
10713.000,-238861034.950
10714.000,-238861272.322
10715.000,-238861667.942
10716.000,-238861588.818
10717.000,-238861193.198
10718.000,-238861034.950
10719.000,-238861272.322
10720.000,-238861588.818
10721.000,-238861588.818
10722.000,-238861193.198
10723.000,-238861034.950
10724.000,-238861272.322
10725.000,-238861588.818
10726.000,-238861509.694
10727.000,-238861193.198
10728.000,-238861034.950
10729.000,-238861272.322
10730.000,-238861667.942
10731.000,-238861588.818
10732.000,-238861193.198
10733.000,-238861034.950
10734.000,-238861272.322
10735.000,-238861588.818
10736.000,-238861588.818
10737.000,-238861193.198
10738.000,-238861034.950
10739.000,-238861272.322
10740.000,-238861667.942
10741.000,-238861588.818
10742.000,-238861193.198
10743.000,-238861034.950
10744.000,-238861272.322
10745.000,-238861588.818
10746.000,-238861588.818
10747.000,-238861193.198
10748.000,-238861034.950
10749.000,-238861272.322
10750.000,-238861588.818
10751.000,-238861588.818
10752.000,-238861193.198
10753.000,-238861034.950
10754.000,-238861272.322
10755.000,-238861667.942
10756.000,-238861588.818
10757.000,-238861193.198
10758.000,-238861034.950
10759.000,-238861272.322
10760.000,-238861588.818
10761.000,-238861588.818
10762.000,-238861193.198
10763.000,-238861034.950
10764.000,-238861272.322
10765.000,-238861667.942
10766.000,-238861588.818
10767.000,-238861193.198
10768.000,-238861034.950
10769.000,-238861272.322
10770.000,-238861588.818
10771.000,-238861588.818
10772.000,-238861193.198
10773.000,-238861034.950
10774.000,-238861272.322
10775.000,-238861588.818
10776.000,-238861588.818
10777.000,-238861193.198
10778.000,-238861034.950
10779.000,-238861272.322
10780.000,-238861667.942
10781.000,-238861588.818
10782.000,-238861193.198
10783.000,-238861034.950
10784.000,-238861272.322
10785.000,-238861588.818
10786.000,-238861588.818
10787.000,-238861193.198
10788.000,-238861034.950
10789.000,-238861272.322
10790.000,-238861667.942
10791.000,-238861588.818
10792.000,-238861193.198
10793.000,-238861034.950
10794.000,-238861272.322
10795.000,-238861588.818
10796.000,-238861588.818
10797.000,-238861193.198
10798.000,-238861034.950
10799.000,-238861272.322
10800.000,-238861588.818
10801.000,-238861509.694
10802.000,-238861193.198
10803.000,-238861034.950
10804.000,-238861272.322
10805.000,-238861667.942
10806.000,-238861588.818
10807.000,-238861193.198
10808.000,-238861034.950
10809.000,-238861272.322
10810.000,-238861588.818
10811.000,-238861509.694
10812.000,-238861193.198
10813.000,-238861034.950
10814.000,-238861272.322
10815.000,-238861667.942
10816.000,-238861588.818
10817.000,-238861193.198
10818.000,-238861034.950
10819.000,-238861272.322
10820.000,-238861588.818
10821.000,-238861588.818
10822.000,-238861193.198
10823.000,-238861034.950
10824.000,-238861272.322
10825.000,-238861588.818
10826.000,-238861509.694
10827.000,-238861193.198
10828.000,-238861034.950
10829.000,-238861272.322
10830.000,-238861667.942
10831.000,-238861588.818
10832.000,-238861193.198
10833.000,-238861034.950
10834.000,-238861272.322
10835.000,-238861588.818
10836.000,-238861588.818
10837.000,-238861193.198
10838.000,-238861034.950
10839.000,-238861272.322
10840.000,-238861667.942
10841.000,-238861588.818
10842.000,-238861193.198
10843.000,-238861034.950
10844.000,-238861272.322
10845.000,-238861588.818
10846.000,-238861588.818
10847.000,-238861193.198
10848.000,-238861034.950
10849.000,-238861272.322
10850.000,-238861588.818
10851.000,-238861509.694
10852.000,-238861193.198
10853.000,-238861034.950
10854.000,-238861272.322
10855.000,-238861667.942
10856.000,-238861588.818
10857.000,-238861193.198
10858.000,-238861034.950
10859.000,-238861272.322
10860.000,-238861588.818
10861.000,-238861509.694
10862.000,-238861193.198
10863.000,-238861034.950
10864.000,-238861351.446
10865.000,-238861667.942
10866.000,-238861588.818
10867.000,-238861193.198
10868.000,-238861034.950
10869.000,-238861272.322
10870.000,-238861588.818
10871.000,-238861588.818
10872.000,-238861193.198
10873.000,-238861034.950
10874.000,-238861272.322
10875.000,-238861588.818
10876.000,-238861509.694
10877.000,-238861193.198
10878.000,-238861034.950
10879.000,-238861272.322
10880.000,-238861588.818
10881.000,-238861588.818
10882.000,-238861193.198
10883.000,-238861034.950
10884.000,-238861272.322
10885.000,-238861588.818
10886.000,-238861509.694
10887.000,-238861193.198
10888.000,-238861034.950
10889.000,-238861272.322
10890.000,-238861588.818
10891.000,-238861588.818
10892.000,-238861193.198
10893.000,-238861034.950
10894.000,-238861272.322
10895.000,-238861588.818
10896.000,-238861588.818
10897.000,-238861193.198
10898.000,-238861034.950
10899.000,-238861272.322
10900.000,-238861588.818
10901.000,-238861509.694
10902.000,-238861193.198
10903.000,-238861034.950
10904.000,-238861272.322
10905.000,-238861667.942
10906.000,-238861588.818
10907.000,-238861193.198
10908.000,-238861034.950
10909.000,-238861272.322
10910.000,-238861588.818
10911.000,-238861588.818
10912.000,-238861193.198
10913.000,-238861034.950
10914.000,-238861272.322
10915.000,-238861667.942
10916.000,-238861588.818
10917.000,-238861193.198
10918.000,-238861034.950
10919.000,-238861272.322
10920.000,-238861588.818
10921.000,-238861588.818
10922.000,-238861193.198
10923.000,-238861034.950
10924.000,-238861272.322
10925.000,-238861588.818
10926.000,-238861588.818
10927.000,-238861193.198
10928.000,-238861034.950
10929.000,-238861272.322
10930.000,-238861588.818
10931.000,-238861588.818
10932.000,-238861193.198
10933.000,-238861034.950
10934.000,-238861272.322
10935.000,-238861588.818
10936.000,-238861509.694
10937.000,-238861193.198
10938.000,-238861034.950
10939.000,-238861272.322
10940.000,-238861667.942
10941.000,-238861588.818
10942.000,-238861193.198
10943.000,-238861034.950
10944.000,-238861272.322
10945.000,-238861588.818
10946.000,-238861588.818
10947.000,-238861193.198
10948.000,-238861034.950
10949.000,-238861272.322
10950.000,-238861588.818
10951.000,-238861588.818
10952.000,-238861193.198
10953.000,-238861034.950
10954.000,-238861272.322
10955.000,-238861667.942
10956.000,-238861588.818
10957.000,-238861193.198
10958.000,-238861034.950
10959.000,-238861272.322
10960.000,-238861588.818
10961.000,-238861588.818
10962.000,-238861193.198
10963.000,-238861034.950
10964.000,-238861272.322
10965.000,-238861667.942
10966.000,-238861588.818
10967.000,-238861193.198
10968.000,-238860955.827
10969.000,-238861272.322
10970.000,-238861588.818
10971.000,-238861588.818
10972.000,-238861193.198
10973.000,-238861034.950
10974.000,-238861272.322
10975.000,-238861588.818
10976.000,-238861509.694
10977.000,-238861193.198
10978.000,-238861034.950
10979.000,-238861272.322
10980.000,-238861667.942
10981.000,-238861588.818
10982.000,-238861193.198
10983.000,-238861034.950
10984.000,-238861272.322
10985.000,-238861588.818
10986.000,-238861509.694
10987.000,-238861193.198
10988.000,-238861034.950
10989.000,-238861272.322
10990.000,-238861667.942
10991.000,-238861588.818
10992.000,-238861193.198
10993.000,-238860955.827
10994.000,-238861272.322
10995.000,-238861588.818
10996.000,-238861588.818
10997.000,-238861193.198
10998.000,-238861034.950
10999.000,-238861272.322
11000.000,-238861588.818
11001.000,-238861509.694
11002.000,-238861193.198
11003.000,-238861034.950
11004.000,-238861272.322
11005.000,-238861667.942
11006.000,-238861588.818
11007.000,-238861193.198
11008.000,-238861034.950
11009.000,-238861272.322
11010.000,-238861588.818
11011.000,-238861588.818
11012.000,-238861193.198
11013.000,-238861034.950
11014.000,-238861351.446
11015.000,-238861667.942
11016.000,-238861588.818
11017.000,-238861193.198
11018.000,-238860955.827
11019.000,-238861272.322
11020.000,-238861588.818
11021.000,-238861588.818
11022.000,-238861272.322
11023.000,-238861034.950
11024.000,-238861272.322
11025.000,-238861588.818
11026.000,-238861509.694
11027.000,-238861193.198
11028.000,-238861034.950
11029.000,-238861272.322
11030.000,-238861667.942
11031.000,-238861588.818
11032.000,-238861193.198
11033.000,-238861034.950
11034.000,-238861272.322
11035.000,-238861588.818
11036.000,-238861509.694
11037.000,-238861193.198
11038.000,-238861034.950
11039.000,-238861272.322
11040.000,-238861667.942
11041.000,-238861588.818
11042.000,-238861193.198
11043.000,-238860955.827
11044.000,-238861272.322
11045.000,-238861588.818
11046.000,-238861588.818
11047.000,-238861193.198
11048.000,-238861034.950
11049.000,-238861272.322
11050.000,-238861588.818
11051.000,-238861509.694
11052.000,-238861193.198
11053.000,-238861034.950
11054.000,-238861272.322
11055.000,-238861667.942
11056.000,-238861588.818
11057.000,-238861193.198
11058.000,-238861034.950
11059.000,-238861272.322
11060.000,-238861588.818
11061.000,-238861588.818
11062.000,-238861193.198
11063.000,-238861034.950
11064.000,-238861272.322
11065.000,-238861667.942
11066.000,-238861588.818
11067.000,-238861193.198
11068.000,-238860955.827
11069.000,-238861272.322
11070.000,-238861588.818
11071.000,-238861588.818
11072.000,-238861272.322
11073.000,-238861034.950
11074.000,-238861272.322
11075.000,-238861588.818
11076.000,-238861509.694
11077.000,-238861193.198
11078.000,-238861034.950
11079.000,-238861272.322
11080.000,-238861667.942
11081.000,-238861588.818
11082.000,-238861193.198
11083.000,-238861034.950
11084.000,-238861272.322
11085.000,-238861588.818
11086.000,-238861509.694
11087.000,-238861193.198
11088.000,-238861034.950
11089.000,-238861272.322
11090.000,-238861667.942
11091.000,-238861588.818
11092.000,-238861193.198
11093.000,-238860955.827
11094.000,-238861272.322
11095.000,-238861588.818
11096.000,-238861588.818
11097.000,-238861193.198
11098.000,-238861034.950
11099.000,-238861272.322
11100.000,-238861588.818
11101.000,-238861509.694
11102.000,-238861193.198
11103.000,-238861034.950
11104.000,-238861272.322
11105.000,-238861667.942
11106.000,-238861588.818
11107.000,-238861193.198
11108.000,-238861034.950
11109.000,-238861272.322
11110.000,-238861588.818
11111.000,-238861509.694
11112.000,-238861193.198
11113.000,-238861034.950
11114.000,-238861272.322
11115.000,-238861667.942
11116.000,-238861588.818
11117.000,-238861193.198
11118.000,-238860955.827
11119.000,-238861272.322
11120.000,-238861588.818
11121.000,-238861588.818
11122.000,-238861193.198
11123.000,-238861034.950
11124.000,-238861272.322
11125.000,-238861588.818
11126.000,-238861509.694
11127.000,-238861193.198
11128.000,-238861034.950
11129.000,-238861272.322
11130.000,-238861667.942
11131.000,-238861588.818
11132.000,-238861193.198
11133.000,-238861034.950
11134.000,-238861272.322
11135.000,-238861588.818
11136.000,-238861509.694
11137.000,-238861193.198
11138.000,-238861034.950
11139.000,-238861272.322
11140.000,-238861667.942
11141.000,-238861588.818
11142.000,-238861193.198
11143.000,-238861034.950
11144.000,-238861272.322
11145.000,-238861588.818
11146.000,-238861588.818
11147.000,-238861193.198
11148.000,-238861034.950
11149.000,-238861272.322
11150.000,-238861588.818
11151.000,-238861509.694
11152.000,-238861193.198
11153.000,-238861034.950
11154.000,-238861272.322
11155.000,-238861667.942
11156.000,-238861588.818
11157.000,-238861193.198
11158.000,-238861034.950
11159.000,-238861272.322
11160.000,-238861588.818
11161.000,-238861588.818
11162.000,-238861193.198
11163.000,-238861034.950
11164.000,-238861272.322
11165.000,-238861667.942
11166.000,-238861588.818
11167.000,-238861193.198
11168.000,-238860955.827
11169.000,-238861272.322
11170.000,-238861588.818
11171.000,-238861588.818
11172.000,-238861272.322
11173.000,-238861034.950
11174.000,-238861272.322
11175.000,-238861588.818
11176.000,-238861509.694
11177.000,-238861193.198
11178.000,-238861034.950
11179.000,-238861272.322
11180.000,-238861667.942
11181.000,-238861588.818
11182.000,-238861193.198
11183.000,-238861034.950
11184.000,-238861272.322
11185.000,-238861588.818
11186.000,-238861509.694
11187.000,-238861193.198
11188.000,-238861034.950
11189.000,-238861272.322
11190.000,-238861667.942
11191.000,-238861588.818
11192.000,-238861193.198
11193.000,-238860955.827
11194.000,-238861272.322
11195.000,-238861588.818
11196.000,-238861588.818
11197.000,-238861193.198
11198.000,-238861034.950
11199.000,-238861272.322
11200.000,-238861588.818
11201.000,-238861509.694
11202.000,-238861193.198
11203.000,-238861034.950
11204.000,-238861272.322
11205.000,-238861667.942
11206.000,-238861588.818
11207.000,-238861193.198
11208.000,-238861034.950
11209.000,-238861272.322
11210.000,-238861588.818
11211.000,-238861588.818
11212.000,-238861193.198
11213.000,-238861034.950
11214.000,-238861272.322
11215.000,-238861667.942
11216.000,-238861588.818
11217.000,-238861193.198
11218.000,-238860955.827
11219.000,-238861272.322
11220.000,-238861588.818
11221.000,-238861588.818
11222.000,-238861193.198
11223.000,-238861034.950
11224.000,-238861272.322
11225.000,-238861588.818
11226.000,-238861509.694
11227.000,-238861193.198
11228.000,-238861034.950
11229.000,-238861272.322
11230.000,-238861667.942
11231.000,-238861588.818
11232.000,-238861193.198
11233.000,-238861034.950
11234.000,-238861272.322
11235.000,-238861588.818
11236.000,-238861588.818
11237.000,-238861193.198
11238.000,-238861034.950
11239.000,-238861272.322
11240.000,-238861667.942
11241.000,-238861588.818
11242.000,-238861193.198
11243.000,-238860955.827
11244.000,-238861272.322
11245.000,-238861588.818
11246.000,-238861588.818
11247.000,-238861193.198
11248.000,-238861034.950
11249.000,-238861272.322
11250.000,-238861588.818
11251.000,-238861588.818
11252.000,-238861193.198
11253.000,-238861034.950
11254.000,-238861272.322
11255.000,-238861667.942
11256.000,-238861588.818
11257.000,-238861193.198
11258.000,-238861034.950
11259.000,-238861272.322
11260.000,-238861588.818
11261.000,-238861588.818
11262.000,-238861193.198
11263.000,-238861034.950
11264.000,-238861272.322
11265.000,-238861667.942
11266.000,-238861588.818
11267.000,-238861193.198
11268.000,-238861034.950
11269.000,-238861272.322
11270.000,-238861588.818
11271.000,-238861588.818
11272.000,-238861193.198
11273.000,-238861034.950
11274.000,-238861272.322
11275.000,-238861588.818
11276.000,-238861509.694
11277.000,-238861193.198
11278.000,-238861034.950
11279.000,-238861272.322
11280.000,-238861667.942
11281.000,-238861588.818
11282.000,-238861193.198
11283.000,-238861034.950
11284.000,-238861272.322
11285.000,-238861588.818
11286.000,-238861588.818
11287.000,-238861193.198
11288.000,-238861034.950
11289.000,-238861272.322
11290.000,-238861667.942
11291.000,-238861588.818
11292.000,-238861193.198
11293.000,-238860955.827
11294.000,-238861272.322
11295.000,-238861588.818
11296.000,-238861588.818
11297.000,-238861272.322
11298.000,-238861034.950
11299.000,-238861272.322
11300.000,-238861588.818
11301.000,-238861509.694
11302.000,-238861193.198
11303.000,-238861034.950
11304.000,-238861272.322
11305.000,-238861667.942
11306.000,-238861588.818
11307.000,-238861193.198
11308.000,-238861034.950
11309.000,-238861272.322
11310.000,-238861588.818
11311.000,-238861588.818
11312.000,-238861193.198
11313.000,-238861034.950
11314.000,-238861272.322
11315.000,-238861667.942
11316.000,-238861588.818
11317.000,-238861193.198
11318.000,-238860955.827
11319.000,-238861272.322
11320.000,-238861588.818
11321.000,-238861588.818
11322.000,-238861272.322
11323.000,-238861034.950
11324.000,-238861272.322
11325.000,-238861588.818
11326.000,-238861509.694
11327.000,-238861193.198
11328.000,-238861034.950
11329.000,-238861272.322
11330.000,-238861667.942
11331.000,-238861588.818
11332.000,-238861193.198
11333.000,-238861034.950
11334.000,-238861272.322
11335.000,-238861588.818
11336.000,-238861588.818
11337.000,-238861193.198
11338.000,-238861034.950
11339.000,-238861272.322
11340.000,-238861667.942
11341.000,-238861588.818
11342.000,-238861193.198
11343.000,-238861034.950
11344.000,-238861272.322
11345.000,-238861588.818
11346.000,-238861588.818
11347.000,-238861193.198
11348.000,-238861034.950
11349.000,-238861272.322
11350.000,-238861588.818
11351.000,-238861588.818
11352.000,-238861193.198
11353.000,-238861034.950
11354.000,-238861272.322
11355.000,-238861667.942
11356.000,-238861588.818
11357.000,-238861193.198
11358.000,-238861034.950
11359.000,-238861272.322
11360.000,-238861588.818
11361.000,-238861588.818
11362.000,-238861193.198
11363.000,-238861034.950
11364.000,-238861272.322
11365.000,-238861588.818
11366.000,-238861588.818
11367.000,-238861193.198
11368.000,-238861034.950
11369.000,-238861272.322
11370.000,-238861588.818
11371.000,-238861588.818
11372.000,-238861193.198
11373.000,-238861034.950
11374.000,-238861272.322
11375.000,-238861588.818
11376.000,-238861509.694
11377.000,-238861193.198
11378.000,-238861034.950
11379.000,-238861272.322
11380.000,-238861667.942
11381.000,-238861588.818
11382.000,-238861193.198
11383.000,-238861034.950
11384.000,-238861272.322
11385.000,-238861588.818
11386.000,-238861588.818
11387.000,-238861193.198
11388.000,-238861034.950
11389.000,-238861272.322
11390.000,-238861588.818
11391.000,-238861588.818
11392.000,-238861193.198
11393.000,-238861034.950
11394.000,-238861272.322
11395.000,-238861588.818
11396.000,-238861588.818
11397.000,-238861272.322
11398.000,-238861034.950
11399.000,-238861272.322
11400.000,-238861588.818
11401.000,-238861509.694
11402.000,-238861193.198
11403.000,-238861034.950
11404.000,-238861272.322
11405.000,-238861667.942
11406.000,-238861588.818
11407.000,-238861193.198
11408.000,-238861034.950
11409.000,-238861272.322
11410.000,-238861588.818
11411.000,-238861588.818
11412.000,-238861193.198
11413.000,-238861034.950
11414.000,-238861272.322
11415.000,-238861667.942
11416.000,-238861588.818
11417.000,-238861193.198
11418.000,-238861034.950
11419.000,-238861272.322
11420.000,-238861588.818
11421.000,-238861588.818
11422.000,-238861193.198
11423.000,-238861034.950
11424.000,-238861272.322
11425.000,-238861588.818
11426.000,-238861588.818
11427.000,-238861193.198
11428.000,-238861034.950
11429.000,-238861272.322
11430.000,-238861667.942
11431.000,-238861588.818
11432.000,-238861193.198
11433.000,-238861034.950
11434.000,-238861272.322
11435.000,-238861588.818
11436.000,-238861588.818
11437.000,-238861193.198
11438.000,-238861034.950
11439.000,-238861272.322
11440.000,-238861667.942
11441.000,-238861588.818
11442.000,-238861193.198
11443.000,-238861034.950
11444.000,-238861272.322
11445.000,-238861588.818
11446.000,-238861588.818
11447.000,-238861193.198
11448.000,-238861034.950
11449.000,-238861272.322
11450.000,-238861588.818
11451.000,-238861588.818
11452.000,-238861193.198
11453.000,-238861034.950
11454.000,-238861272.322
11455.000,-238861667.942
11456.000,-238861588.818
11457.000,-238861193.198
11458.000,-238861034.950
11459.000,-238861272.322
11460.000,-238861588.818
11461.000,-238861588.818
11462.000,-238861193.198
11463.000,-238861034.950
11464.000,-238861272.322
11465.000,-238861588.818
11466.000,-238861588.818
11467.000,-238861193.198
11468.000,-238861034.950
11469.000,-238861272.322
11470.000,-238861588.818
11471.000,-238861588.818
11472.000,-238861193.198
11473.000,-238861034.950
11474.000,-238861272.322
11475.000,-238861588.818
11476.000,-238861509.694
11477.000,-238861193.198
11478.000,-238861034.950
11479.000,-238861272.322
11480.000,-238861667.942
11481.000,-238861588.818
11482.000,-238861193.198
11483.000,-238861034.950
11484.000,-238861272.322
11485.000,-238861588.818
11486.000,-238861588.818
11487.000,-238861193.198
11488.000,-238861034.950
11489.000,-238861272.322
11490.000,-238861588.818
11491.000,-238861588.818
11492.000,-238861193.198
11493.000,-238861034.950
11494.000,-238861272.322
11495.000,-238861588.818
11496.000,-238861588.818
11497.000,-238861193.198
11498.000,-238861034.950
11499.000,-238861272.322
11500.000,-238861588.818
11501.000,-238861588.818
11502.000,-238861193.198
11503.000,-238861034.950
11504.000,-238861272.322
11505.000,-238861667.942
11506.000,-238861588.818
11507.000,-238861193.198
11508.000,-238861034.950
11509.000,-238861272.322
11510.000,-238861588.818
11511.000,-238861588.818
11512.000,-238861193.198
11513.000,-238861034.950
11514.000,-238861272.322
11515.000,-238861667.942
11516.000,-238861588.818
11517.000,-238861193.198
11518.000,-238861034.950
11519.000,-238861272.322
11520.000,-238861588.818
11521.000,-238861588.818
11522.000,-238861272.322
11523.000,-238861034.950
11524.000,-238861272.322
11525.000,-238861588.818
11526.000,-238861588.818
11527.000,-238861193.198
11528.000,-238861034.950
11529.000,-238861272.322
11530.000,-238861667.942
11531.000,-238861588.818
11532.000,-238861193.198
11533.000,-238861034.950
11534.000,-238861272.322
11535.000,-238861588.818
11536.000,-238861588.818
11537.000,-238861193.198
11538.000,-238861034.950
11539.000,-238861272.322
11540.000,-238861667.942
11541.000,-238861588.818
11542.000,-238861193.198
11543.000,-238860955.827
11544.000,-238861272.322
11545.000,-238861588.818
11546.000,-238861588.818
11547.000,-238861193.198
11548.000,-238861034.950
11549.000,-238861272.322
11550.000,-238861588.818
11551.000,-238861588.818
11552.000,-238861193.198
11553.000,-238861034.950
11554.000,-238861272.322
11555.000,-238861667.942
11556.000,-238861588.818
11557.000,-238861193.198
11558.000,-238861034.950
11559.000,-238861272.322
11560.000,-238861588.818
11561.000,-238861588.818
11562.000,-238861193.198
11563.000,-238861034.950
11564.000,-238861272.322
11565.000,-238861667.942
11566.000,-238861588.818
11567.000,-238861193.198
11568.000,-238861034.950
11569.000,-238861272.322
11570.000,-238861588.818
11571.000,-238861588.818
11572.000,-238861193.198
11573.000,-238861034.950
11574.000,-238861272.322
11575.000,-238861588.818
11576.000,-238861588.818
11577.000,-238861193.198
11578.000,-238861034.950
11579.000,-238861272.322
11580.000,-238861667.942
11581.000,-238861588.818
11582.000,-238861193.198
11583.000,-238861034.950
11584.000,-238861272.322
11585.000,-238861588.818
11586.000,-238861588.818
11587.000,-238861193.198
11588.000,-238861034.950
11589.000,-238861272.322
11590.000,-238861588.818
11591.000,-238861588.818
11592.000,-238861193.198
11593.000,-238860955.827
11594.000,-238861272.322
11595.000,-238861588.818
11596.000,-238861588.818
11597.000,-238861272.322
11598.000,-238861034.950
11599.000,-238861272.322
11600.000,-238861588.818
11601.000,-238861509.694
11602.000,-238861193.198
11603.000,-238861034.950
11604.000,-238861272.322
11605.000,-238861667.942
11606.000,-238861588.818
11607.000,-238861193.198
11608.000,-238861034.950
11609.000,-238861272.322
11610.000,-238861588.818
11611.000,-238861588.818
11612.000,-238861193.198
11613.000,-238861034.950
11614.000,-238861272.322
11615.000,-238861667.942
11616.000,-238861588.818
11617.000,-238861193.198
11618.000,-238861034.950
11619.000,-238861272.322
11620.000,-238861588.818
11621.000,-238861588.818
11622.000,-238861272.322
11623.000,-238861034.950
11624.000,-238861272.322
11625.000,-238861588.818
11626.000,-238861588.818
11627.000,-238861193.198
11628.000,-238861034.950
11629.000,-238861272.322
11630.000,-238861588.818
11631.000,-238861588.818
11632.000,-238861193.198
11633.000,-238861034.950
11634.000,-238861272.322
11635.000,-238861588.818
11636.000,-238861588.818
11637.000,-238861193.198
11638.000,-238861034.950
11639.000,-238861272.322
11640.000,-238861588.818
11641.000,-238861588.818
11642.000,-238861193.198
11643.000,-238861034.950
11644.000,-238861272.322
11645.000,-238861588.818
11646.000,-238861588.818
11647.000,-238861193.198
11648.000,-238861034.950
11649.000,-238861272.322
11650.000,-238861588.818
11651.000,-238861588.818
11652.000,-238861193.198
11653.000,-238861034.950
11654.000,-238861272.322
11655.000,-238861588.818
11656.000,-238861588.818
11657.000,-238861193.198
11658.000,-238861034.950
11659.000,-238861272.322
11660.000,-238861588.818
11661.000,-238861588.818
11662.000,-238861193.198
11663.000,-238861034.950
11664.000,-238861272.322
11665.000,-238861588.818
11666.000,-238861588.818
11667.000,-238861193.198
11668.000,-238861034.950
11669.000,-238861272.322
11670.000,-238861588.818
11671.000,-238861588.818
11672.000,-238861272.322
11673.000,-238861034.950
11674.000,-238861272.322
11675.000,-238861588.818
11676.000,-238861588.818
11677.000,-238861193.198
11678.000,-238861034.950
11679.000,-238861272.322
11680.000,-238861667.942
11681.000,-238861588.818
11682.000,-238861193.198
11683.000,-238861034.950
11684.000,-238861272.322
11685.000,-238861588.818
11686.000,-238861588.818
11687.000,-238861193.198
11688.000,-238861034.950
11689.000,-238861272.322
11690.000,-238861667.942
11691.000,-238861588.818
11692.000,-238861193.198
11693.000,-238861034.950
11694.000,-238861272.322
11695.000,-238861588.818
11696.000,-238861588.818
11697.000,-238861272.322
11698.000,-238861034.950
11699.000,-238861272.322
11700.000,-238861588.818
11701.000,-238861588.818
11702.000,-238861193.198
11703.000,-238861034.950
11704.000,-238861272.322
11705.000,-238861588.818
11706.000,-238861588.818
11707.000,-238861272.322
11708.000,-238861034.950
11709.000,-238861272.322
11710.000,-238861588.818
11711.000,-238861588.818
11712.000,-238861193.198
11713.000,-238861034.950
11714.000,-238861272.322
11715.000,-238861667.942
11716.000,-238861588.818
11717.000,-238861193.198
11718.000,-238861034.950
11719.000,-238861272.322
11720.000,-238861588.818
11721.000,-238861588.818
11722.000,-238861193.198
11723.000,-238861034.950
11724.000,-238861272.322
11725.000,-238861588.818
11726.000,-238861588.818
11727.000,-238861193.198
11728.000,-238861034.950
11729.000,-238861272.322
11730.000,-238861667.942
11731.000,-238861588.818
11732.000,-238861193.198
11733.000,-238861034.950
11734.000,-238861272.322
11735.000,-238861588.818
11736.000,-238861588.818
11737.000,-238861193.198
11738.000,-238861034.950
11739.000,-238861272.322
11740.000,-238861588.818
11741.000,-238861588.818
11742.000,-238861193.198
11743.000,-238861034.950
11744.000,-238861272.322
11745.000,-238861588.818
11746.000,-238861588.818
11747.000,-238861193.198
11748.000,-238861034.950
11749.000,-238861272.322
11750.000,-238861588.818
11751.000,-238861588.818
11752.000,-238861193.198
11753.000,-238861034.950
11754.000,-238861272.322
11755.000,-238861588.818
11756.000,-238861588.818
11757.000,-238861193.198
11758.000,-238861034.950
11759.000,-238861272.322
11760.000,-238861588.818
11761.000,-238861588.818
11762.000,-238861193.198
11763.000,-238861034.950
11764.000,-238861272.322
11765.000,-238861588.818
11766.000,-238861588.818
11767.000,-238861193.198
11768.000,-238861034.950
11769.000,-238861272.322
11770.000,-238861588.818
11771.000,-238861588.818
11772.000,-238861193.198
11773.000,-238861034.950
11774.000,-238861272.322
11775.000,-238861588.818
11776.000,-238861588.818
11777.000,-238861193.198
11778.000,-238861034.950
11779.000,-238861272.322
11780.000,-238861667.942
11781.000,-238861588.818
11782.000,-238861193.198
11783.000,-238861034.950
11784.000,-238861272.322
11785.000,-238861588.818
11786.000,-238861588.818
11787.000,-238861193.198
11788.000,-238861034.950
11789.000,-238861272.322
11790.000,-238861667.942
11791.000,-238861588.818
11792.000,-238861193.198
11793.000,-238861034.950
11794.000,-238861272.322
11795.000,-238861588.818
11796.000,-238861588.818
11797.000,-238861193.198
11798.000,-238861034.950
11799.000,-238861272.322
11800.000,-238861588.818
11801.000,-238861588.818
11802.000,-238861193.198
11803.000,-238861034.950
11804.000,-238861272.322
11805.000,-238861588.818
11806.000,-238861588.818
11807.000,-238861193.198
11808.000,-238861034.950
11809.000,-238861272.322
11810.000,-238861588.818
11811.000,-238861588.818
11812.000,-238861193.198
11813.000,-238861034.950
11814.000,-238861272.322
11815.000,-238861588.818
11816.000,-238861588.818
11817.000,-238861193.198
11818.000,-238861034.950
11819.000,-238861272.322
11820.000,-238861588.818
11821.000,-238861588.818
11822.000,-238861193.198
11823.000,-238861034.950
11824.000,-238861272.322
11825.000,-238861588.818
11826.000,-238861588.818
11827.000,-238861193.198
11828.000,-238861034.950
11829.000,-238861272.322
11830.000,-238861588.818
11831.000,-238861588.818
11832.000,-238861193.198
11833.000,-238861034.950
11834.000,-238861272.322
11835.000,-238861588.818
11836.000,-238861588.818
11837.000,-238861193.198
11838.000,-238861034.950
11839.000,-238861272.322
11840.000,-238861588.818
11841.000,-238861588.818
11842.000,-238861193.198
11843.000,-238861034.950
11844.000,-238861272.322
11845.000,-238861588.818
11846.000,-238861588.818
11847.000,-238861193.198
11848.000,-238861034.950
11849.000,-238861272.322
11850.000,-238861588.818
11851.000,-238861588.818
11852.000,-238861193.198
11853.000,-238861034.950
11854.000,-238861272.322
11855.000,-238861588.818
11856.000,-238861588.818
11857.000,-238861193.198
11858.000,-238861034.950
11859.000,-238861272.322
11860.000,-238861588.818
11861.000,-238861588.818
11862.000,-238861193.198
11863.000,-238861034.950
11864.000,-238861272.322
11865.000,-238861667.942
11866.000,-238861588.818
11867.000,-238861193.198
11868.000,-238861034.950
11869.000,-238861272.322
11870.000,-238861588.818
11871.000,-238861588.818
11872.000,-238861272.322
11873.000,-238861034.950
11874.000,-238861272.322
11875.000,-238861588.818
11876.000,-238861588.818
11877.000,-238861193.198
11878.000,-238861034.950
11879.000,-238861272.322
11880.000,-238861588.818
11881.000,-238861588.818
11882.000,-238861272.322
11883.000,-238861034.950
11884.000,-238861272.322
11885.000,-238861588.818
11886.000,-238861588.818
11887.000,-238861193.198
11888.000,-238861034.950
11889.000,-238861272.322
11890.000,-238861667.942
11891.000,-238861588.818
11892.000,-238861193.198
11893.000,-238861034.950
11894.000,-238861272.322
11895.000,-238861588.818
11896.000,-238861588.818
11897.000,-238861193.198
11898.000,-238861034.950
11899.000,-238861272.322
11900.000,-238861588.818
11901.000,-238861588.818
11902.000,-238861193.198
11903.000,-238861034.950
11904.000,-238861272.322
11905.000,-238861588.818
11906.000,-238861588.818
11907.000,-238861193.198
11908.000,-238861034.950
11909.000,-238861272.322
11910.000,-238861588.818
11911.000,-238861588.818
11912.000,-238861193.198
11913.000,-238861034.950
11914.000,-238861272.322
11915.000,-238861588.818
11916.000,-238861588.818
11917.000,-238861193.198
11918.000,-238861034.950
11919.000,-238861272.322
11920.000,-238861588.818
11921.000,-238861588.818
11922.000,-238861272.322
11923.000,-238861034.950
11924.000,-238861272.322
11925.000,-238861588.818
11926.000,-238861588.818
11927.000,-238861193.198
11928.000,-238861034.950
11929.000,-238861272.322
11930.000,-238861667.942
11931.000,-238861588.818
11932.000,-238861272.322
11933.000,-238861034.950
11934.000,-238861272.322
11935.000,-238861588.818
11936.000,-238861588.818
11937.000,-238861193.198
11938.000,-238861034.950
11939.000,-238861272.322
11940.000,-238861667.942
11941.000,-238861588.818
11942.000,-238861193.198
11943.000,-238861034.950
11944.000,-238861272.322
11945.000,-238861588.818
11946.000,-238861588.818
11947.000,-238861272.322
11948.000,-238861034.950
11949.000,-238861272.322
11950.000,-238861588.818
11951.000,-238861588.818
11952.000,-238861193.198
11953.000,-238861034.950
11954.000,-238861272.322
11955.000,-238861588.818
11956.000,-238861588.818
11957.000,-238861272.322
11958.000,-238861034.950
11959.000,-238861272.322
11960.000,-238861588.818
11961.000,-238861588.818
11962.000,-238861193.198
11963.000,-238861034.950
11964.000,-238861272.322
11965.000,-238861588.818
11966.000,-238861588.818
11967.000,-238861193.198
11968.000,-238861034.950
11969.000,-238861272.322
11970.000,-238861588.818
11971.000,-238861588.818
11972.000,-238861272.322
11973.000,-238861034.950
11974.000,-238861272.322
11975.000,-238861588.818
11976.000,-238861588.818
11977.000,-238861193.198
11978.000,-238861034.950
11979.000,-238861272.322
11980.000,-238861588.818
11981.000,-238861588.818
11982.000,-238861193.198
11983.000,-238861034.950
11984.000,-238861272.322
11985.000,-238861588.818
11986.000,-238861588.818
11987.000,-238861193.198
11988.000,-238861034.950
11989.000,-238861272.322
11990.000,-238861588.818
11991.000,-238861588.818
11992.000,-238861193.198
11993.000,-238861034.950
11994.000,-238861272.322
11995.000,-238861588.818
11996.000,-238861588.818
11997.000,-238861272.322
11998.000,-238861034.950
11999.000,-238861272.322
12000.000,-238861588.818
12001.000,-238861588.818
12002.000,-238861193.198
12003.000,-238861034.950
12004.000,-238861272.322
12005.000,-238861588.818
12006.000,-238861588.818
12007.000,-238861272.322
12008.000,-238861034.950
12009.000,-238861272.322
12010.000,-238861588.818
12011.000,-238861588.818
12012.000,-238861193.198
12013.000,-238861034.950
12014.000,-238861272.322
12015.000,-238861588.818
12016.000,-238861588.818
12017.000,-238861193.198
12018.000,-238861034.950
12019.000,-238861272.322
12020.000,-238861588.818
12021.000,-238861588.818
12022.000,-238861272.322
12023.000,-238861034.950
12024.000,-238861272.322
12025.000,-238861588.818
12026.000,-238861588.818
12027.000,-238861193.198
12028.000,-238861034.950
12029.000,-238861272.322
12030.000,-238861588.818
12031.000,-238861588.818
12032.000,-238861272.322
12033.000,-238861034.950
12034.000,-238861272.322
12035.000,-238861588.818
12036.000,-238861588.818
12037.000,-238861193.198
12038.000,-238861034.950
12039.000,-238861272.322
12040.000,-238861588.818
12041.000,-238861588.818
12042.000,-238861193.198
12043.000,-238861034.950
12044.000,-238861272.322
12045.000,-238861588.818
12046.000,-238861588.818
12047.000,-238861272.322
12048.000,-238861034.950
12049.000,-238861272.322
12050.000,-238861588.818
12051.000,-238861588.818
12052.000,-238861193.198
12053.000,-238861034.950
12054.000,-238861272.322
12055.000,-238861588.818
12056.000,-238861588.818
12057.000,-238861272.322
12058.000,-238861034.950
12059.000,-238861272.322
12060.000,-238861588.818
12061.000,-238861588.818
12062.000,-238861193.198
12063.000,-238861034.950
12064.000,-238861272.322
12065.000,-238861588.818
12066.000,-238861588.818
12067.000,-238861193.198
12068.000,-238860955.827
12069.000,-238861272.322
12070.000,-238861588.818
12071.000,-238861588.818
12072.000,-238861272.322
12073.000,-238861034.950
12074.000,-238861272.322
12075.000,-238861588.818
12076.000,-238861588.818
12077.000,-238861193.198
12078.000,-238861034.950
12079.000,-238861272.322
12080.000,-238861667.942
12081.000,-238861588.818
12082.000,-238861272.322
12083.000,-238861034.950
12084.000,-238861272.322
12085.000,-238861588.818
12086.000,-238861588.818
12087.000,-238861193.198
12088.000,-238861034.950
12089.000,-238861272.322
12090.000,-238861667.942
12091.000,-238861588.818
12092.000,-238861193.198
12093.000,-238861034.950
12094.000,-238861272.322
12095.000,-238861588.818
12096.000,-238861588.818
12097.000,-238861272.322
12098.000,-238861034.950
12099.000,-238861272.322
12100.000,-238861588.818
12101.000,-238861588.818
12102.000,-238861193.198
12103.000,-238861034.950
12104.000,-238861272.322
12105.000,-238861588.818
12106.000,-238861588.818
12107.000,-238861272.322
12108.000,-238861034.950
12109.000,-238861272.322
12110.000,-238861588.818
12111.000,-238861588.818
12112.000,-238861193.198
12113.000,-238861034.950
12114.000,-238861272.322
12115.000,-238861588.818
12116.000,-238861588.818
12117.000,-238861193.198
12118.000,-238861034.950
12119.000,-238861272.322
12120.000,-238861588.818
12121.000,-238861588.818
12122.000,-238861272.322
12123.000,-238861034.950
12124.000,-238861272.322
12125.000,-238861588.818
12126.000,-238861588.818
12127.000,-238861193.198
12128.000,-238861034.950
12129.000,-238861272.322
12130.000,-238861667.942
12131.000,-238861588.818
12132.000,-238861272.322
12133.000,-238861034.950
12134.000,-238861272.322
12135.000,-238861588.818
12136.000,-238861588.818
12137.000,-238861193.198
12138.000,-238861034.950
12139.000,-238861272.322
12140.000,-238861667.942
12141.000,-238861588.818
12142.000,-238861193.198
12143.000,-238860955.827
12144.000,-238861193.198
12145.000,-238861588.818
12146.000,-238861588.818
12147.000,-238861272.322
12148.000,-238861034.950
12149.000,-238861272.322
12150.000,-238861588.818
12151.000,-238861588.818
12152.000,-238861193.198
12153.000,-238860955.827
12154.000,-238861272.322
12155.000,-238861588.818
12156.000,-238861588.818
12157.000,-238861272.322
12158.000,-238861034.950
12159.000,-238861272.322
12160.000,-238861588.818
12161.000,-238861588.818
12162.000,-238861193.198
12163.000,-238861034.950
12164.000,-238861272.322
12165.000,-238861667.942
12166.000,-238861588.818
12167.000,-238861193.198
12168.000,-238861034.950
12169.000,-238861193.198
12170.000,-238861588.818
12171.000,-238861588.818
12172.000,-238861193.198
12173.000,-238861034.950
12174.000,-238861272.322
12175.000,-238861588.818
12176.000,-238861588.818
12177.000,-238861193.198
12178.000,-238861034.950
12179.000,-238861272.322
12180.000,-238861588.818
12181.000,-238861588.818
12182.000,-238861272.322
12183.000,-238861034.950
12184.000,-238861272.322
12185.000,-238861588.818
12186.000,-238861588.818
12187.000,-238861193.198
12188.000,-238861034.950
12189.000,-238861272.322
12190.000,-238861667.942
12191.000,-238861588.818
12192.000,-238861193.198
12193.000,-238860955.827
12194.000,-238861193.198
12195.000,-238861588.818
12196.000,-238861588.818
12197.000,-238861272.322
12198.000,-238861034.950
12199.000,-238861272.322
12200.000,-238861588.818
12201.000,-238861588.818
12202.000,-238861193.198
12203.000,-238860955.827
12204.000,-238861272.322
12205.000,-238861588.818
12206.000,-238861588.818
12207.000,-238861272.322
12208.000,-238861034.950
12209.000,-238861272.322
12210.000,-238861588.818
12211.000,-238861509.694
12212.000,-238861193.198
12213.000,-238861034.950
12214.000,-238861272.322
12215.000,-238861667.942
12216.000,-238861588.818
12217.000,-238861193.198
12218.000,-238860955.827
12219.000,-238861193.198
12220.000,-238861588.818
12221.000,-238861588.818
12222.000,-238861193.198
12223.000,-238861034.950
12224.000,-238861272.322
12225.000,-238861588.818
12226.000,-238861588.818
12227.000,-238861193.198
12228.000,-238861034.950
12229.000,-238861272.322
12230.000,-238861588.818
12231.000,-238861588.818
12232.000,-238861272.322
12233.000,-238861034.950
12234.000,-238861272.322
12235.000,-238861588.818
12236.000,-238861588.818
12237.000,-238861193.198
12238.000,-238861034.950
12239.000,-238861272.322
12240.000,-238861588.818
12241.000,-238861588.818
12242.000,-238861193.198
12243.000,-238861034.950
12244.000,-238861272.322
12245.000,-238861588.818
12246.000,-238861588.818
12247.000,-238861272.322
12248.000,-238861034.950
12249.000,-238861272.322
12250.000,-238861588.818
12251.000,-238861588.818
12252.000,-238861193.198
12253.000,-238861034.950
12254.000,-238861272.322
12255.000,-238861588.818
12256.000,-238861588.818
12257.000,-238861272.322
12258.000,-238861034.950
12259.000,-238861272.322
12260.000,-238861588.818
12261.000,-238861588.818
12262.000,-238861193.198
12263.000,-238861034.950
12264.000,-238861272.322
12265.000,-238861588.818
12266.000,-238861588.818
12267.000,-238861193.198
12268.000,-238860955.827
12269.000,-238861193.198
12270.000,-238861588.818
12271.000,-238861588.818
12272.000,-238861272.322
12273.000,-238861034.950
12274.000,-238861272.322
12275.000,-238861588.818
12276.000,-238861588.818
12277.000,-238861193.198
12278.000,-238861034.950
12279.000,-238861272.322
12280.000,-238861588.818
12281.000,-238861588.818
12282.000,-238861272.322
12283.000,-238861034.950
12284.000,-238861272.322
12285.000,-238861588.818
12286.000,-238861588.818
12287.000,-238861193.198
12288.000,-238861034.950
12289.000,-238861272.322
12290.000,-238861588.818
12291.000,-238861588.818
12292.000,-238861193.198
12293.000,-238861034.950
12294.000,-238861272.322
12295.000,-238861588.818
12296.000,-238861588.818
12297.000,-238861272.322
12298.000,-238861034.950
12299.000,-238861272.322
12300.000,-238861588.818
12301.000,-238861588.818
12302.000,-238861193.198
12303.000,-238861034.950
12304.000,-238861272.322
12305.000,-238861588.818
12306.000,-238861588.818
12307.000,-238861272.322
12308.000,-238861034.950
12309.000,-238861272.322
12310.000,-238861588.818
12311.000,-238861588.818
12312.000,-238861193.198
12313.000,-238861034.950
12314.000,-238861272.322
12315.000,-238861588.818
12316.000,-238861588.818
12317.000,-238861193.198
12318.000,-238861034.950
12319.000,-238861272.322
12320.000,-238861588.818
12321.000,-238861588.818
12322.000,-238861272.322
12323.000,-238861034.950
12324.000,-238861272.322
12325.000,-238861588.818
12326.000,-238861588.818
12327.000,-238861193.198
12328.000,-238861034.950
12329.000,-238861272.322
12330.000,-238861588.818
12331.000,-238861588.818
12332.000,-238861272.322
12333.000,-238861034.950
12334.000,-238861272.322
12335.000,-238861588.818
12336.000,-238861588.818
12337.000,-238861193.198
12338.000,-238861034.950
12339.000,-238861272.322
12340.000,-238861588.818
12341.000,-238861588.818
12342.000,-238861193.198
12343.000,-238861034.950
12344.000,-238861272.322
12345.000,-238861588.818
12346.000,-238861588.818
12347.000,-238861272.322
12348.000,-238861034.950
12349.000,-238861272.322
12350.000,-238861588.818
12351.000,-238861588.818
12352.000,-238861193.198
12353.000,-238861034.950
12354.000,-238861272.322
12355.000,-238861667.942
12356.000,-238861588.818
12357.000,-238861272.322
12358.000,-238861034.950
12359.000,-238861193.198
12360.000,-238861588.818
12361.000,-238861588.818
12362.000,-238861193.198
12363.000,-238861034.950
12364.000,-238861272.322
12365.000,-238861667.942
12366.000,-238861588.818
12367.000,-238861193.198
12368.000,-238860955.827
12369.000,-238861193.198
12370.000,-238861588.818
12371.000,-238861588.818
12372.000,-238861272.322
12373.000,-238861034.950
12374.000,-238861272.322
12375.000,-238861588.818
12376.000,-238861588.818
12377.000,-238861193.198
12378.000,-238861034.950
12379.000,-238861272.322
12380.000,-238861667.942
12381.000,-238861588.818
12382.000,-238861272.322
12383.000,-238861034.950
12384.000,-238861272.322
12385.000,-238861588.818
12386.000,-238861588.818
12387.000,-238861193.198
12388.000,-238861034.950
12389.000,-238861272.322
12390.000,-238861667.942
12391.000,-238861588.818
12392.000,-238861193.198
12393.000,-238860955.827
12394.000,-238861193.198
12395.000,-238861588.818
12396.000,-238861588.818
12397.000,-238861272.322
12398.000,-238861034.950
12399.000,-238861272.322
12400.000,-238861588.818
12401.000,-238861588.818
12402.000,-238861193.198
12403.000,-238861034.950
12404.000,-238861272.322
12405.000,-238861667.942
12406.000,-238861588.818
12407.000,-238861272.322
12408.000,-238861034.950
12409.000,-238861193.198
12410.000,-238861588.818
12411.000,-238861588.818
12412.000,-238861193.198
12413.000,-238861034.950
12414.000,-238861272.322
12415.000,-238861667.942
12416.000,-238861588.818
12417.000,-238861193.198
12418.000,-238860955.827
12419.000,-238861193.198
12420.000,-238861588.818
12421.000,-238861588.818
12422.000,-238861272.322
12423.000,-238861034.950
12424.000,-238861272.322
12425.000,-238861588.818
12426.000,-238861588.818
12427.000,-238861193.198
12428.000,-238861034.950
12429.000,-238861272.322
12430.000,-238861588.818
12431.000,-238861588.818
12432.000,-238861272.322
12433.000,-238861034.950
12434.000,-238861193.198
12435.000,-238861588.818
12436.000,-238861588.818
12437.000,-238861193.198
12438.000,-238861034.950
12439.000,-238861272.322
12440.000,-238861667.942
12441.000,-238861588.818
12442.000,-238861193.198
12443.000,-238860955.827
12444.000,-238861193.198
12445.000,-238861588.818
12446.000,-238861588.818
12447.000,-238861272.322
12448.000,-238861034.950
12449.000,-238861272.322
12450.000,-238861588.818
12451.000,-238861588.818
12452.000,-238861193.198
12453.000,-238861034.950
12454.000,-238861272.322
12455.000,-238861588.818
12456.000,-238861588.818
12457.000,-238861272.322
12458.000,-238861034.950
12459.000,-238861272.322
12460.000,-238861588.818
12461.000,-238861588.818
12462.000,-238861193.198
12463.000,-238861034.950
12464.000,-238861272.322
12465.000,-238861588.818
12466.000,-238861588.818
12467.000,-238861193.198
12468.000,-238860955.827
12469.000,-238861193.198
12470.000,-238861588.818
12471.000,-238861588.818
12472.000,-238861272.322
12473.000,-238861034.950
12474.000,-238861272.322
12475.000,-238861588.818
12476.000,-238861588.818
12477.000,-238861193.198
12478.000,-238861034.950
12479.000,-238861272.322
12480.000,-238861588.818
12481.000,-238861588.818
12482.000,-238861272.322
12483.000,-238861034.950
12484.000,-238861193.198
12485.000,-238861588.818
12486.000,-238861588.818
12487.000,-238861193.198
12488.000,-238861034.950
12489.000,-238861272.322
12490.000,-238861588.818
12491.000,-238861588.818
12492.000,-238861193.198
12493.000,-238860955.827
12494.000,-238861193.198
12495.000,-238861588.818
12496.000,-238861588.818
12497.000,-238861272.322
12498.000,-238861034.950
12499.000,-238861272.322
12500.000,-238861588.818
12501.000,-238861588.818
12502.000,-238861193.198
12503.000,-238861034.950
12504.000,-238861272.322
12505.000,-238861588.818
12506.000,-238861588.818
12507.000,-238861272.322
12508.000,-238861034.950
12509.000,-238861272.322
12510.000,-238861588.818
12511.000,-238861588.818
12512.000,-238861193.198
12513.000,-238861034.950
12514.000,-238861272.322
12515.000,-238861588.818
12516.000,-238861588.818
12517.000,-238861193.198
12518.000,-238860955.827
12519.000,-238861193.198
12520.000,-238861588.818
12521.000,-238861588.818
12522.000,-238861272.322
12523.000,-238861034.950
12524.000,-238861272.322
12525.000,-238861588.818
12526.000,-238861588.818
12527.000,-238861193.198
12528.000,-238861034.950
12529.000,-238861272.322
12530.000,-238861588.818
12531.000,-238861588.818
12532.000,-238861272.322
12533.000,-238861034.950
12534.000,-238861193.198
12535.000,-238861588.818
12536.000,-238861588.818
12537.000,-238861193.198
12538.000,-238861034.950
12539.000,-238861272.322
12540.000,-238861588.818
12541.000,-238861588.818
12542.000,-238861193.198
12543.000,-238860955.827
12544.000,-238861193.198
12545.000,-238861588.818
12546.000,-238861588.818
12547.000,-238861272.322
12548.000,-238861034.950
12549.000,-238861272.322
12550.000,-238861588.818
12551.000,-238861588.818
12552.000,-238861193.198
12553.000,-238861034.950
12554.000,-238861272.322
12555.000,-238861667.942
12556.000,-238861588.818
12557.000,-238861272.322
12558.000,-238861034.950
12559.000,-238861272.322
12560.000,-238861588.818
12561.000,-238861588.818
12562.000,-238861193.198
12563.000,-238861034.950
12564.000,-238861272.322
12565.000,-238861588.818
12566.000,-238861588.818
12567.000,-238861193.198
12568.000,-238860955.827
12569.000,-238861193.198
12570.000,-238861588.818
12571.000,-238861588.818
12572.000,-238861272.322
12573.000,-238861034.950
12574.000,-238861272.322
12575.000,-238861588.818
12576.000,-238861588.818
12577.000,-238861193.198
12578.000,-238861034.950
12579.000,-238861272.322
12580.000,-238861588.818
12581.000,-238861588.818
12582.000,-238861272.322
12583.000,-238861034.950
12584.000,-238861272.322
12585.000,-238861588.818
12586.000,-238861588.818
12587.000,-238861193.198
12588.000,-238861034.950
12589.000,-238861272.322
12590.000,-238861588.818
12591.000,-238861588.818
12592.000,-238861193.198
12593.000,-238861034.950
12594.000,-238861272.322
12595.000,-238861588.818
12596.000,-238861588.818
12597.000,-238861272.322
12598.000,-238861034.950
12599.000,-238861272.322
12600.000,-238861588.818
12601.000,-238861588.818
12602.000,-238861193.198
12603.000,-238861034.950
12604.000,-238861272.322
12605.000,-238861588.818
12606.000,-238861588.818
12607.000,-238861272.322
12608.000,-238861034.950
12609.000,-238861193.198
12610.000,-238861588.818
12611.000,-238861588.818
12612.000,-238861193.198
12613.000,-238861034.950
12614.000,-238861272.322
12615.000,-238861588.818
12616.000,-238861588.818
12617.000,-238861193.198
12618.000,-238860955.827
12619.000,-238861193.198
12620.000,-238861588.818
12621.000,-238861588.818
12622.000,-238861272.322
12623.000,-238861034.950
12624.000,-238861272.322
12625.000,-238861588.818
12626.000,-238861509.694
12627.000,-238861193.198
12628.000,-238860955.827
12629.000,-238861272.322
12630.000,-238861588.818
12631.000,-238861588.818
12632.000,-238861272.322
12633.000,-238861034.950
12634.000,-238861193.198
12635.000,-238861588.818
12636.000,-238861588.818
12637.000,-238861193.198
12638.000,-238861034.950
12639.000,-238861272.322
12640.000,-238861588.818
12641.000,-238861588.818
12642.000,-238861193.198
12643.000,-238860955.827
12644.000,-238861193.198
12645.000,-238861588.818
12646.000,-238861588.818
12647.000,-238861272.322
12648.000,-238861034.950
12649.000,-238861272.322
12650.000,-238861588.818
12651.000,-238861588.818
12652.000,-238861193.198
12653.000,-238861034.950
12654.000,-238861272.322
12655.000,-238861588.818
12656.000,-238861588.818
12657.000,-238861272.322
12658.000,-238861034.950
12659.000,-238861193.198
12660.000,-238861588.818
12661.000,-238861588.818
12662.000,-238861193.198
12663.000,-238861034.950
12664.000,-238861272.322
12665.000,-238861667.942
12666.000,-238861588.818
12667.000,-238861193.198
12668.000,-238860955.827
12669.000,-238861193.198
12670.000,-238861588.818
12671.000,-238861588.818
12672.000,-238861272.322
12673.000,-238861034.950
12674.000,-238861272.322
12675.000,-238861588.818
12676.000,-238861588.818
12677.000,-238861193.198
12678.000,-238861034.950
12679.000,-238861272.322
12680.000,-238861588.818
12681.000,-238861588.818
12682.000,-238861272.322
12683.000,-238861034.950
12684.000,-238861193.198
12685.000,-238861588.818
12686.000,-238861588.818
12687.000,-238861193.198
12688.000,-238861034.950
12689.000,-238861272.322
12690.000,-238861588.818
12691.000,-238861588.818
12692.000,-238861193.198
12693.000,-238860955.827
12694.000,-238861193.198
12695.000,-238861588.818
12696.000,-238861588.818
12697.000,-238861272.322
12698.000,-238861034.950
12699.000,-238861272.322
12700.000,-238861588.818
12701.000,-238861588.818
12702.000,-238861193.198
12703.000,-238861034.950
12704.000,-238861272.322
12705.000,-238861588.818
12706.000,-238861588.818
12707.000,-238861272.322
12708.000,-238861034.950
12709.000,-238861193.198
12710.000,-238861588.818
12711.000,-238861588.818
12712.000,-238861193.198
12713.000,-238861034.950
12714.000,-238861272.322
12715.000,-238861588.818
12716.000,-238861588.818
12717.000,-238861193.198
12718.000,-238860955.827
12719.000,-238861193.198
12720.000,-238861588.818
12721.000,-238861588.818
12722.000,-238861272.322
12723.000,-238861034.950
12724.000,-238861272.322
12725.000,-238861588.818
12726.000,-238861588.818
12727.000,-238861193.198
12728.000,-238861034.950
12729.000,-238861272.322
12730.000,-238861588.818
12731.000,-238861588.818
12732.000,-238861272.322
12733.000,-238861034.950
12734.000,-238861272.322
12735.000,-238861588.818
12736.000,-238861588.818
12737.000,-238861193.198
12738.000,-238861034.950
12739.000,-238861272.322
12740.000,-238861588.818
12741.000,-238861588.818
12742.000,-238861193.198
12743.000,-238861034.950
12744.000,-238861193.198
12745.000,-238861588.818
12746.000,-238861588.818
12747.000,-238861272.322
12748.000,-238861034.950
12749.000,-238861272.322
12750.000,-238861588.818
12751.000,-238861588.818
12752.000,-238861193.198
12753.000,-238861034.950
12754.000,-238861272.322
12755.000,-238861588.818
12756.000,-238861588.818
12757.000,-238861272.322
12758.000,-238861034.950
12759.000,-238861272.322
12760.000,-238861588.818
12761.000,-238861588.818
12762.000,-238861193.198
12763.000,-238861034.950
12764.000,-238861272.322
12765.000,-238861588.818
12766.000,-238861588.818
12767.000,-238861193.198
12768.000,-238861034.950
12769.000,-238861193.198
12770.000,-238861588.818
12771.000,-238861588.818
12772.000,-238861272.322
12773.000,-238861034.950
12774.000,-238861272.322
12775.000,-238861588.818
12776.000,-238861588.818
12777.000,-238861193.198
12778.000,-238861034.950
12779.000,-238861272.322
12780.000,-238861588.818
12781.000,-238861588.818
12782.000,-238861272.322
12783.000,-238861034.950
12784.000,-238861193.198
12785.000,-238861588.818
12786.000,-238861588.818
12787.000,-238861193.198
12788.000,-238861034.950
12789.000,-238861272.322
12790.000,-238861588.818
12791.000,-238861588.818
12792.000,-238861193.198
12793.000,-238860955.827
12794.000,-238861193.198
12795.000,-238861588.818
12796.000,-238861588.818
12797.000,-238861272.322
12798.000,-238861034.950
12799.000,-238861272.322
12800.000,-238861588.818
12801.000,-238861588.818
12802.000,-238861193.198
12803.000,-238861034.950
12804.000,-238861272.322
12805.000,-238861588.818
12806.000,-238861588.818
12807.000,-238861272.322
12808.000,-238861034.950
12809.000,-238861272.322
12810.000,-238861588.818
12811.000,-238861588.818
12812.000,-238861193.198
12813.000,-238861034.950
12814.000,-238861272.322
12815.000,-238861588.818
12816.000,-238861588.818
12817.000,-238861193.198
12818.000,-238861034.950
12819.000,-238861193.198
12820.000,-238861588.818
12821.000,-238861588.818
12822.000,-238861272.322
12823.000,-238861034.950
12824.000,-238861272.322
12825.000,-238861588.818
12826.000,-238861588.818
12827.000,-238861193.198
12828.000,-238861034.950
12829.000,-238861272.322
12830.000,-238861588.818
12831.000,-238861588.818
12832.000,-238861272.322
12833.000,-238861034.950
12834.000,-238861272.322
12835.000,-238861588.818
12836.000,-238861588.818
12837.000,-238861193.198
12838.000,-238861034.950
12839.000,-238861272.322
12840.000,-238861588.818
12841.000,-238861588.818
12842.000,-238861193.198
12843.000,-238861034.950
12844.000,-238861193.198
12845.000,-238861588.818
12846.000,-238861588.818
12847.000,-238861272.322
12848.000,-238861034.950
12849.000,-238861272.322
12850.000,-238861588.818
12851.000,-238861588.818
12852.000,-238861193.198
12853.000,-238861034.950
12854.000,-238861272.322
12855.000,-238861588.818
12856.000,-238861588.818
12857.000,-238861272.322
12858.000,-238861034.950
12859.000,-238861272.322
12860.000,-238861588.818
12861.000,-238861588.818
12862.000,-238861193.198
12863.000,-238861034.950
12864.000,-238861272.322
12865.000,-238861588.818
12866.000,-238861588.818
12867.000,-238861193.198
12868.000,-238861034.950
12869.000,-238861272.322
12870.000,-238861588.818
12871.000,-238861588.818
12872.000,-238861272.322
12873.000,-238861034.950
12874.000,-238861272.322
12875.000,-238861588.818
12876.000,-238861588.818
12877.000,-238861193.198
12878.000,-238861034.950
12879.000,-238861272.322
12880.000,-238861588.818
12881.000,-238861588.818
12882.000,-238861272.322
12883.000,-238861034.950
12884.000,-238861193.198
12885.000,-238861588.818
12886.000,-238861588.818
12887.000,-238861272.322
12888.000,-238861034.950
12889.000,-238861272.322
12890.000,-238861588.818
12891.000,-238861588.818
12892.000,-238861193.198
12893.000,-238860955.827
12894.000,-238861193.198
12895.000,-238861588.818
12896.000,-238861588.818
12897.000,-238861272.322
12898.000,-238861034.950
12899.000,-238861272.322
12900.000,-238861588.818
12901.000,-238861509.694
12902.000,-238861193.198
12903.000,-238861034.950
12904.000,-238861272.322
12905.000,-238861588.818
12906.000,-238861588.818
12907.000,-238861272.322
12908.000,-238861034.950
12909.000,-238861193.198
12910.000,-238861588.818
12911.000,-238861588.818
12912.000,-238861193.198
12913.000,-238861034.950
12914.000,-238861272.322
12915.000,-238861667.942
12916.000,-238861588.818
12917.000,-238861193.198
12918.000,-238860955.827
12919.000,-238861193.198
12920.000,-238861588.818
12921.000,-238861588.818
12922.000,-238861272.322
12923.000,-238861034.950
12924.000,-238861272.322
12925.000,-238861588.818
12926.000,-238861588.818
12927.000,-238861193.198
12928.000,-238861034.950
12929.000,-238861272.322
12930.000,-238861588.818
12931.000,-238861588.818
12932.000,-238861272.322
12933.000,-238861034.950
12934.000,-238861272.322
12935.000,-238861588.818
12936.000,-238861588.818
12937.000,-238861193.198
12938.000,-238861034.950
12939.000,-238861272.322
12940.000,-238861588.818
12941.000,-238861588.818
12942.000,-238861193.198
12943.000,-238861034.950
12944.000,-238861193.198
12945.000,-238861588.818
12946.000,-238861588.818
12947.000,-238861272.322
12948.000,-238861034.950
12949.000,-238861272.322
12950.000,-238861588.818
12951.000,-238861588.818
12952.000,-238861193.198
12953.000,-238861034.950
12954.000,-238861272.322
12955.000,-238861588.818
12956.000,-238861588.818
12957.000,-238861272.322
12958.000,-238861034.950
12959.000,-238861193.198
12960.000,-238861588.818
12961.000,-238861588.818
12962.000,-238861193.198
12963.000,-238861034.950
12964.000,-238861272.322
12965.000,-238861588.818
12966.000,-238861588.818
12967.000,-238861193.198
12968.000,-238861034.950
12969.000,-238861193.198
12970.000,-238861588.818
12971.000,-238861588.818
12972.000,-238861272.322
12973.000,-238861034.950
12974.000,-238861272.322
12975.000,-238861588.818
12976.000,-238861588.818
12977.000,-238861193.198
12978.000,-238861034.950
12979.000,-238861272.322
12980.000,-238861588.818
12981.000,-238861588.818
12982.000,-238861272.322
12983.000,-238861034.950
12984.000,-238861193.198
12985.000,-238861588.818
12986.000,-238861588.818
12987.000,-238861193.198
12988.000,-238861034.950
12989.000,-238861272.322
12990.000,-238861588.818
12991.000,-238861588.818
12992.000,-238861193.198
12993.000,-238861034.950
12994.000,-238861193.198
12995.000,-238861588.818
12996.000,-238861588.818
12997.000,-238861272.322
12998.000,-238861034.950
12999.000,-238861272.322
13000.000,-238861588.818
13001.000,-238861588.818
13002.000,-238861193.198
13003.000,-238861034.950
13004.000,-238861272.322
13005.000,-238861588.818
13006.000,-238861588.818
13007.000,-238861272.322
13008.000,-238861034.950
13009.000,-238861193.198
13010.000,-238861588.818
13011.000,-238861588.818
13012.000,-238861193.198
13013.000,-238861034.950
13014.000,-238861272.322
13015.000,-238861588.818
13016.000,-238861588.818
13017.000,-238861193.198
13018.000,-238861034.950
13019.000,-238861193.198
13020.000,-238861588.818
13021.000,-238861588.818
13022.000,-238861272.322
13023.000,-238861034.950
13024.000,-238861272.322
13025.000,-238861588.818
13026.000,-238861588.818
13027.000,-238861193.198
13028.000,-238861034.950
13029.000,-238861272.322
13030.000,-238861588.818
13031.000,-238861588.818
13032.000,-238861272.322
13033.000,-238861034.950
13034.000,-238861193.198
13035.000,-238861588.818
13036.000,-238861588.818
13037.000,-238861193.198
13038.000,-238861034.950
13039.000,-238861272.322
13040.000,-238861588.818
13041.000,-238861588.818
13042.000,-238861193.198
13043.000,-238860955.827
13044.000,-238861193.198
13045.000,-238861588.818
13046.000,-238861588.818
13047.000,-238861272.322
13048.000,-238861034.950
13049.000,-238861272.322
13050.000,-238861588.818
13051.000,-238861588.818
13052.000,-238861193.198
13053.000,-238861034.950
13054.000,-238861272.322
13055.000,-238861588.818
13056.000,-238861588.818
13057.000,-238861272.322
13058.000,-238861034.950
13059.000,-238861193.198
13060.000,-238861588.818
13061.000,-238861588.818
13062.000,-238861193.198
13063.000,-238861034.950
13064.000,-238861272.322
13065.000,-238861588.818
13066.000,-238861588.818
13067.000,-238861193.198
13068.000,-238860955.827
13069.000,-238861193.198
13070.000,-238861588.818
13071.000,-238861588.818
13072.000,-238861272.322
13073.000,-238861034.950
13074.000,-238861272.322
13075.000,-238861588.818
13076.000,-238861588.818
13077.000,-238861193.198
13078.000,-238861034.950
13079.000,-238861272.322
13080.000,-238861588.818
13081.000,-238861588.818
13082.000,-238861272.322
13083.000,-238861034.950
13084.000,-238861193.198
13085.000,-238861588.818
13086.000,-238861588.818
13087.000,-238861193.198
13088.000,-238861034.950
13089.000,-238861272.322
13090.000,-238861588.818
13091.000,-238861588.818
13092.000,-238861193.198
13093.000,-238861034.950
13094.000,-238861193.198
13095.000,-238861588.818
13096.000,-238861588.818
13097.000,-238861272.322
13098.000,-238861034.950
13099.000,-238861272.322
13100.000,-238861588.818
13101.000,-238861588.818
13102.000,-238861193.198
13103.000,-238861034.950
13104.000,-238861272.322
13105.000,-238861588.818
13106.000,-238861588.818
13107.000,-238861272.322
13108.000,-238861034.950
13109.000,-238861193.198
13110.000,-238861588.818
13111.000,-238861588.818
13112.000,-238861193.198
13113.000,-238861034.950
13114.000,-238861272.322
13115.000,-238861588.818
13116.000,-238861588.818
13117.000,-238861193.198
13118.000,-238860955.827
13119.000,-238861193.198
13120.000,-238861588.818
13121.000,-238861588.818
13122.000,-238861272.322
13123.000,-238861034.950
13124.000,-238861272.322
13125.000,-238861588.818
13126.000,-238861588.818
13127.000,-238861193.198
13128.000,-238861034.950
13129.000,-238861272.322
13130.000,-238861588.818
13131.000,-238861588.818
13132.000,-238861272.322
13133.000,-238861034.950
13134.000,-238861193.198
13135.000,-238861588.818
13136.000,-238861588.818
13137.000,-238861193.198
13138.000,-238861034.950
13139.000,-238861272.322
13140.000,-238861588.818
13141.000,-238861588.818
13142.000,-238861193.198
13143.000,-238860955.827
13144.000,-238861193.198
13145.000,-238861588.818
13146.000,-238861588.818
13147.000,-238861272.322
13148.000,-238861034.950
13149.000,-238861272.322
13150.000,-238861588.818
13151.000,-238861588.818
13152.000,-238861193.198
13153.000,-238860955.827
13154.000,-238861272.322
13155.000,-238861588.818
13156.000,-238861588.818
13157.000,-238861272.322
13158.000,-238861034.950
13159.000,-238861272.322
13160.000,-238861588.818
13161.000,-238861588.818
13162.000,-238861193.198
13163.000,-238861034.950
13164.000,-238861272.322
13165.000,-238861588.818
13166.000,-238861588.818
13167.000,-238861193.198
13168.000,-238861034.950
13169.000,-238861193.198
13170.000,-238861588.818
13171.000,-238861588.818
13172.000,-238861272.322
13173.000,-238861034.950
13174.000,-238861272.322
13175.000,-238861588.818
13176.000,-238861588.818
13177.000,-238861193.198
13178.000,-238861034.950
13179.000,-238861272.322
13180.000,-238861588.818
13181.000,-238861588.818
13182.000,-238861272.322
13183.000,-238861034.950
13184.000,-238861193.198
13185.000,-238861588.818
13186.000,-238861588.818
13187.000,-238861193.198
13188.000,-238861034.950
13189.000,-238861272.322
13190.000,-238861588.818
13191.000,-238861588.818
13192.000,-238861193.198
13193.000,-238861034.950
13194.000,-238861193.198
13195.000,-238861588.818
13196.000,-238861588.818
13197.000,-238861272.322
13198.000,-238861034.950
13199.000,-238861272.322
13200.000,-238861588.818
13201.000,-238861588.818
13202.000,-238861193.198
13203.000,-238860955.827
13204.000,-238861193.198
13205.000,-238861588.818
13206.000,-238861588.818
13207.000,-238861272.322
13208.000,-238861034.950
13209.000,-238861193.198
13210.000,-238861588.818
13211.000,-238861588.818
13212.000,-238861193.198
13213.000,-238861034.950
13214.000,-238861272.322
13215.000,-238861588.818
13216.000,-238861588.818
13217.000,-238861193.198
13218.000,-238861034.950
13219.000,-238861193.198
13220.000,-238861588.818
13221.000,-238861588.818
13222.000,-238861272.322
13223.000,-238861034.950
13224.000,-238861272.322
13225.000,-238861588.818
13226.000,-238861588.818
13227.000,-238861193.198
13228.000,-238860955.827
13229.000,-238861193.198
13230.000,-238861588.818
13231.000,-238861588.818
13232.000,-238861272.322
13233.000,-238861034.950
13234.000,-238861272.322
13235.000,-238861588.818
13236.000,-238861588.818
13237.000,-238861193.198
13238.000,-238861034.950
13239.000,-238861272.322
13240.000,-238861588.818
13241.000,-238861588.818
13242.000,-238861193.198
13243.000,-238861034.950
13244.000,-238861193.198
13245.000,-238861588.818
13246.000,-238861588.818
13247.000,-238861272.322
13248.000,-238861034.950
13249.000,-238861272.322
13250.000,-238861588.818
13251.000,-238861588.818
13252.000,-238861193.198
13253.000,-238860955.827
13254.000,-238861272.322
13255.000,-238861588.818
13256.000,-238861588.818
13257.000,-238861272.322
13258.000,-238861034.950
13259.000,-238861193.198
13260.000,-238861588.818
13261.000,-238861588.818
13262.000,-238861193.198
13263.000,-238861034.950
13264.000,-238861272.322
13265.000,-238861588.818
13266.000,-238861588.818
13267.000,-238861193.198
13268.000,-238860955.827
13269.000,-238861193.198
13270.000,-238861588.818
13271.000,-238861588.818
13272.000,-238861272.322
13273.000,-238861034.950
13274.000,-238861272.322
13275.000,-238861588.818
13276.000,-238861588.818
13277.000,-238861193.198
13278.000,-238860955.827
13279.000,-238861193.198
13280.000,-238861588.818
13281.000,-238861588.818
13282.000,-238861272.322
13283.000,-238861034.950
13284.000,-238861272.322
13285.000,-238861588.818
13286.000,-238861588.818
13287.000,-238861193.198
13288.000,-238861034.950
13289.000,-238861272.322
13290.000,-238861588.818
13291.000,-238861588.818
13292.000,-238861193.198
13293.000,-238861034.950
13294.000,-238861193.198
13295.000,-238861588.818
13296.000,-238861588.818
13297.000,-238861272.322
13298.000,-238861034.950
13299.000,-238861272.322
13300.000,-238861588.818
13301.000,-238861588.818
13302.000,-238861193.198
13303.000,-238861034.950
13304.000,-238861272.322
13305.000,-238861588.818
13306.000,-238861588.818
13307.000,-238861272.322
13308.000,-238861034.950
13309.000,-238861193.198
13310.000,-238861588.818
13311.000,-238861588.818
13312.000,-238861193.198
13313.000,-238861034.950
13314.000,-238861272.322
13315.000,-238861588.818
13316.000,-238861588.818
13317.000,-238861272.322
13318.000,-238860955.827
13319.000,-238861193.198
13320.000,-238861588.818
13321.000,-238861588.818
13322.000,-238861272.322
13323.000,-238861034.950
13324.000,-238861272.322
13325.000,-238861588.818
13326.000,-238861588.818
13327.000,-238861193.198
13328.000,-238861034.950
13329.000,-238861193.198
13330.000,-238861588.818
13331.000,-238861588.818
13332.000,-238861272.322
13333.000,-238861034.950
13334.000,-238861193.198
13335.000,-238861588.818
13336.000,-238861588.818
13337.000,-238861193.198
13338.000,-238861034.950
13339.000,-238861272.322
13340.000,-238861588.818
13341.000,-238861588.818
13342.000,-238861272.322
13343.000,-238861034.950
13344.000,-238861193.198
13345.000,-238861588.818
13346.000,-238861588.818
13347.000,-238861272.322
13348.000,-238861034.950
13349.000,-238861272.322
13350.000,-238861588.818
13351.000,-238861588.818
13352.000,-238861193.198
13353.000,-238861034.950
13354.000,-238861193.198
13355.000,-238861588.818
13356.000,-238861588.818
13357.000,-238861272.322
13358.000,-238861034.950
13359.000,-238861193.198
13360.000,-238861588.818
13361.000,-238861588.818
13362.000,-238861193.198
13363.000,-238861034.950
13364.000,-238861272.322
13365.000,-238861588.818
13366.000,-238861588.818
13367.000,-238861193.198
13368.000,-238860955.827
13369.000,-238861193.198
13370.000,-238861588.818
13371.000,-238861588.818
13372.000,-238861272.322
13373.000,-238861034.950
13374.000,-238861272.322
13375.000,-238861588.818
13376.000,-238861588.818
13377.000,-238861193.198
13378.000,-238861034.950
13379.000,-238861193.198
13380.000,-238861588.818
13381.000,-238861588.818
13382.000,-238861272.322
13383.000,-238861034.950
13384.000,-238861193.198
13385.000,-238861588.818
13386.000,-238861588.818
13387.000,-238861193.198
13388.000,-238861034.950
13389.000,-238861272.322
13390.000,-238861588.818
13391.000,-238861588.818
13392.000,-238861193.198
13393.000,-238860955.827
13394.000,-238861193.198
13395.000,-238861588.818
13396.000,-238861588.818
13397.000,-238861272.322
13398.000,-238861034.950
13399.000,-238861272.322
13400.000,-238861588.818
13401.000,-238861588.818
13402.000,-238861193.198
13403.000,-238860955.827
13404.000,-238861193.198
13405.000,-238861588.818
13406.000,-238861588.818
13407.000,-238861272.322
13408.000,-238861034.950
13409.000,-238861193.198
13410.000,-238861588.818
13411.000,-238861588.818
13412.000,-238861193.198
13413.000,-238861034.950
13414.000,-238861272.322
13415.000,-238861588.818
13416.000,-238861588.818
13417.000,-238861193.198
13418.000,-238860955.827
13419.000,-238861193.198
13420.000,-238861588.818
13421.000,-238861588.818
13422.000,-238861272.322
13423.000,-238861034.950
13424.000,-238861272.322
13425.000,-238861588.818
13426.000,-238861588.818
13427.000,-238861193.198
13428.000,-238861034.950
13429.000,-238861193.198
13430.000,-238861588.818
13431.000,-238861588.818
13432.000,-238861272.322
13433.000,-238861034.950
13434.000,-238861193.198
13435.000,-238861588.818
13436.000,-238861588.818
13437.000,-238861193.198
13438.000,-238861034.950
13439.000,-238861272.322
13440.000,-238861588.818
13441.000,-238861588.818
13442.000,-238861193.198
13443.000,-238860955.827
13444.000,-238861193.198
13445.000,-238861588.818
13446.000,-238861588.818
13447.000,-238861272.322
13448.000,-238861034.950
13449.000,-238861272.322
13450.000,-238861588.818
13451.000,-238861588.818
13452.000,-238861193.198
13453.000,-238860955.827
13454.000,-238861193.198
13455.000,-238861588.818
13456.000,-238861588.818
13457.000,-238861272.322
13458.000,-238861034.950
13459.000,-238861193.198
13460.000,-238861588.818
13461.000,-238861588.818
13462.000,-238861193.198
13463.000,-238861034.950
13464.000,-238861272.322
13465.000,-238861588.818
13466.000,-238861588.818
13467.000,-238861193.198
13468.000,-238860955.827
13469.000,-238861193.198
13470.000,-238861588.818
13471.000,-238861588.818
13472.000,-238861272.322
13473.000,-238861034.950
13474.000,-238861272.322
13475.000,-238861588.818
13476.000,-238861588.818
13477.000,-238861193.198
13478.000,-238860955.827
13479.000,-238861193.198
13480.000,-238861588.818
13481.000,-238861588.818
13482.000,-238861272.322
13483.000,-238861034.950
13484.000,-238861193.198
13485.000,-238861588.818
13486.000,-238861588.818
13487.000,-238861193.198
13488.000,-238861034.950
13489.000,-238861272.322
13490.000,-238861588.818
13491.000,-238861588.818
13492.000,-238861193.198
13493.000,-238860955.827
13494.000,-238861193.198
13495.000,-238861588.818
13496.000,-238861588.818
13497.000,-238861272.322
13498.000,-238861034.950
13499.000,-238861272.322
13500.000,-238861588.818
13501.000,-238861588.818
13502.000,-238861193.198
13503.000,-238860955.827
13504.000,-238861193.198
13505.000,-238861588.818
13506.000,-238861588.818
13507.000,-238861272.322
13508.000,-238861034.950
13509.000,-238861193.198
13510.000,-238861588.818
13511.000,-238861588.818
13512.000,-238861193.198
13513.000,-238861034.950
13514.000,-238861272.322
13515.000,-238861588.818
13516.000,-238861588.818
13517.000,-238861193.198
13518.000,-238860955.827
13519.000,-238861193.198
13520.000,-238861588.818
13521.000,-238861588.818
13522.000,-238861272.322
13523.000,-238861034.950
13524.000,-238861272.322
13525.000,-238861588.818
13526.000,-238861588.818
13527.000,-238861193.198
13528.000,-238860955.827
13529.000,-238861193.198
13530.000,-238861588.818
13531.000,-238861588.818
13532.000,-238861272.322
13533.000,-238861034.950
13534.000,-238861193.198
13535.000,-238861588.818
13536.000,-238861588.818
13537.000,-238861193.198
13538.000,-238861034.950
13539.000,-238861272.322
13540.000,-238861588.818
13541.000,-238861588.818
13542.000,-238861193.198
13543.000,-238860955.827
13544.000,-238861193.198
13545.000,-238861588.818
13546.000,-238861588.818
13547.000,-238861272.322
13548.000,-238861034.950
13549.000,-238861272.322
13550.000,-238861588.818
13551.000,-238861588.818
13552.000,-238861193.198
13553.000,-238860955.827
13554.000,-238861193.198
13555.000,-238861588.818
13556.000,-238861588.818
13557.000,-238861272.322
13558.000,-238861034.950
13559.000,-238861193.198
13560.000,-238861588.818
13561.000,-238861588.818
13562.000,-238861193.198
13563.000,-238861034.950
13564.000,-238861272.322
13565.000,-238861588.818
13566.000,-238861588.818
13567.000,-238861193.198
13568.000,-238860955.827
13569.000,-238861193.198
13570.000,-238861588.818
13571.000,-238861588.818
13572.000,-238861272.322
13573.000,-238861034.950
13574.000,-238861272.322
13575.000,-238861588.818
13576.000,-238861588.818
13577.000,-238861193.198
13578.000,-238860955.827
13579.000,-238861193.198
13580.000,-238861588.818
13581.000,-238861588.818
13582.000,-238861272.322
13583.000,-238861034.950
13584.000,-238861193.198
13585.000,-238861588.818
13586.000,-238861588.818
13587.000,-238861193.198
13588.000,-238861034.950
13589.000,-238861272.322
13590.000,-238861588.818
13591.000,-238861588.818
13592.000,-238861193.198
13593.000,-238860955.827
13594.000,-238861193.198
13595.000,-238861588.818
13596.000,-238861588.818
13597.000,-238861272.322
13598.000,-238861034.950
13599.000,-238861272.322
13600.000,-238861588.818
13601.000,-238861588.818
13602.000,-238861193.198
13603.000,-238860955.827
13604.000,-238861193.198
13605.000,-238861588.818
13606.000,-238861588.818
13607.000,-238861272.322
13608.000,-238861034.950
13609.000,-238861193.198
13610.000,-238861509.694
13611.000,-238861588.818
13612.000,-238861193.198
13613.000,-238861034.950
13614.000,-238861272.322
13615.000,-238861588.818
13616.000,-238861588.818
13617.000,-238861193.198
13618.000,-238860955.827
13619.000,-238861193.198
13620.000,-238861588.818
13621.000,-238861588.818
13622.000,-238861272.322
13623.000,-238861034.950
13624.000,-238861272.322
13625.000,-238861588.818
13626.000,-238861588.818
13627.000,-238861193.198
13628.000,-238860955.827
13629.000,-238861193.198
13630.000,-238861588.818
13631.000,-238861588.818
13632.000,-238861272.322
13633.000,-238861034.950
13634.000,-238861193.198
13635.000,-238861588.818
13636.000,-238861588.818
13637.000,-238861193.198
13638.000,-238861034.950
13639.000,-238861272.322
13640.000,-238861588.818
13641.000,-238861588.818
13642.000,-238861272.322
13643.000,-238860955.827
13644.000,-238861193.198
13645.000,-238861588.818
13646.000,-238861588.818
13647.000,-238861272.322
13648.000,-238861034.950
13649.000,-238861272.322
13650.000,-238861588.818
13651.000,-238861588.818
13652.000,-238861193.198
13653.000,-238860955.827
13654.000,-238861193.198
13655.000,-238861588.818
13656.000,-238861588.818
13657.000,-238861272.322
13658.000,-238861034.950
13659.000,-238861193.198
13660.000,-238861588.818
13661.000,-238861588.818
13662.000,-238861193.198
13663.000,-238861034.950
13664.000,-238861272.322
13665.000,-238861588.818
13666.000,-238861588.818
13667.000,-238861193.198
13668.000,-238860955.827
13669.000,-238861193.198
13670.000,-238861588.818
13671.000,-238861588.818
13672.000,-238861272.322
13673.000,-238861034.950
13674.000,-238861272.322
13675.000,-238861588.818
13676.000,-238861588.818
13677.000,-238861193.198
13678.000,-238860955.827
13679.000,-238861193.198
13680.000,-238861588.818
13681.000,-238861588.818
13682.000,-238861272.322
13683.000,-238861034.950
13684.000,-238861193.198
13685.000,-238861588.818
13686.000,-238861588.818
13687.000,-238861193.198
13688.000,-238861034.950
13689.000,-238861272.322
13690.000,-238861588.818
13691.000,-238861588.818
13692.000,-238861193.198
13693.000,-238860955.827
13694.000,-238861193.198
13695.000,-238861588.818
13696.000,-238861588.818
13697.000,-238861272.322
13698.000,-238861034.950
13699.000,-238861272.322
13700.000,-238861588.818
13701.000,-238861588.818
13702.000,-238861193.198
13703.000,-238860955.827
13704.000,-238861193.198
13705.000,-238861588.818
13706.000,-238861588.818
13707.000,-238861272.322
13708.000,-238861034.950
13709.000,-238861193.198
13710.000,-238861588.818
13711.000,-238861588.818
13712.000,-238861193.198
13713.000,-238861034.950
13714.000,-238861272.322
13715.000,-238861588.818
13716.000,-238861588.818
13717.000,-238861193.198
13718.000,-238860955.827
13719.000,-238861193.198
13720.000,-238861588.818
13721.000,-238861588.818
13722.000,-238861272.322
13723.000,-238861034.950
13724.000,-238861272.322
13725.000,-238861588.818
13726.000,-238861588.818
13727.000,-238861193.198
13728.000,-238861034.950
13729.000,-238861193.198
13730.000,-238861588.818
13731.000,-238861588.818
13732.000,-238861272.322
13733.000,-238861034.950
13734.000,-238861193.198
13735.000,-238861588.818
13736.000,-238861588.818
13737.000,-238861272.322
13738.000,-238861034.950
13739.000,-238861272.322
13740.000,-238861588.818
13741.000,-238861588.818
13742.000,-238861193.198
13743.000,-238860955.827
13744.000,-238861193.198
13745.000,-238861588.818
13746.000,-238861588.818
13747.000,-238861272.322
13748.000,-238861034.950
13749.000,-238861272.322
13750.000,-238861588.818
13751.000,-238861588.818
13752.000,-238861193.198
13753.000,-238860955.827
13754.000,-238861193.198
13755.000,-238861588.818
13756.000,-238861588.818
13757.000,-238861272.322
13758.000,-238861034.950
13759.000,-238861193.198
13760.000,-238861588.818
13761.000,-238861588.818
13762.000,-238861193.198
13763.000,-238861034.950
13764.000,-238861272.322
13765.000,-238861588.818
13766.000,-238861588.818
13767.000,-238861193.198
13768.000,-238860955.827
13769.000,-238861193.198
13770.000,-238861588.818
13771.000,-238861588.818
13772.000,-238861272.322
13773.000,-238861034.950
13774.000,-238861272.322
13775.000,-238861588.818
13776.000,-238861588.818
13777.000,-238861193.198
13778.000,-238860955.827
13779.000,-238861193.198
13780.000,-238861588.818
13781.000,-238861588.818
13782.000,-238861272.322
13783.000,-238861034.950
13784.000,-238861193.198
13785.000,-238861588.818
13786.000,-238861588.818
13787.000,-238861193.198
13788.000,-238861034.950
13789.000,-238861272.322
13790.000,-238861588.818
13791.000,-238861588.818
13792.000,-238861272.322
13793.000,-238860955.827
13794.000,-238861193.198
13795.000,-238861588.818
13796.000,-238861588.818
13797.000,-238861272.322
13798.000,-238861034.950
13799.000,-238861272.322
13800.000,-238861588.818
13801.000,-238861588.818
13802.000,-238861193.198
13803.000,-238860955.827
13804.000,-238861193.198
13805.000,-238861588.818
13806.000,-238861588.818
13807.000,-238861272.322
13808.000,-238861034.950
13809.000,-238861193.198
13810.000,-238861588.818
13811.000,-238861588.818
13812.000,-238861193.198
13813.000,-238861034.950
13814.000,-238861272.322
13815.000,-238861588.818
13816.000,-238861588.818
13817.000,-238861193.198
13818.000,-238860955.827
13819.000,-238861193.198
13820.000,-238861588.818
13821.000,-238861588.818
13822.000,-238861272.322
13823.000,-238861034.950
13824.000,-238861272.322
13825.000,-238861588.818
13826.000,-238861588.818
13827.000,-238861193.198
13828.000,-238861034.950
13829.000,-238861193.198
13830.000,-238861588.818
13831.000,-238861588.818
13832.000,-238861272.322
13833.000,-238861034.950
13834.000,-238861193.198
13835.000,-238861588.818
13836.000,-238861588.818
13837.000,-238861193.198
13838.000,-238861034.950
13839.000,-238861272.322
13840.000,-238861588.818
13841.000,-238861588.818
13842.000,-238861193.198
13843.000,-238860955.827
13844.000,-238861193.198
13845.000,-238861588.818
13846.000,-238861588.818
13847.000,-238861272.322
13848.000,-238861034.950
13849.000,-238861272.322
13850.000,-238861588.818
13851.000,-238861588.818
13852.000,-238861193.198
13853.000,-238860955.827
13854.000,-238861193.198
13855.000,-238861588.818
13856.000,-238861588.818
13857.000,-238861272.322
13858.000,-238861034.950
13859.000,-238861193.198
13860.000,-238861588.818
13861.000,-238861588.818
13862.000,-238861193.198
13863.000,-238861034.950
13864.000,-238861272.322
13865.000,-238861588.818
13866.000,-238861588.818
13867.000,-238861193.198
13868.000,-238860955.827
13869.000,-238861193.198
13870.000,-238861588.818
13871.000,-238861588.818
13872.000,-238861272.322
13873.000,-238861034.950
13874.000,-238861272.322
13875.000,-238861588.818
13876.000,-238861588.818
13877.000,-238861193.198
13878.000,-238861034.950
13879.000,-238861193.198
13880.000,-238861588.818
13881.000,-238861588.818
13882.000,-238861272.322
13883.000,-238861034.950
13884.000,-238861193.198
13885.000,-238861588.818
13886.000,-238861588.818
13887.000,-238861193.198
13888.000,-238861034.950
13889.000,-238861272.322
13890.000,-238861588.818
13891.000,-238861588.818
13892.000,-238861193.198
13893.000,-238860955.827
13894.000,-238861193.198
13895.000,-238861588.818
13896.000,-238861588.818
13897.000,-238861272.322
13898.000,-238861034.950
13899.000,-238861272.322
13900.000,-238861588.818
13901.000,-238861588.818
13902.000,-238861193.198
13903.000,-238861034.950
13904.000,-238861193.198
13905.000,-238861588.818
13906.000,-238861588.818
13907.000,-238861272.322
13908.000,-238861034.950
13909.000,-238861193.198
13910.000,-238861588.818
13911.000,-238861588.818
13912.000,-238861193.198
13913.000,-238861034.950
13914.000,-238861272.322
13915.000,-238861588.818
13916.000,-238861588.818
13917.000,-238861193.198
13918.000,-238860955.827
13919.000,-238861193.198
13920.000,-238861588.818
13921.000,-238861588.818
13922.000,-238861272.322
13923.000,-238861034.950
13924.000,-238861272.322
13925.000,-238861588.818
13926.000,-238861588.818
13927.000,-238861193.198
13928.000,-238860955.827
13929.000,-238861193.198
13930.000,-238861588.818
13931.000,-238861588.818
13932.000,-238861272.322
13933.000,-238861034.950
13934.000,-238861193.198
13935.000,-238861588.818
13936.000,-238861588.818
13937.000,-238861272.322
13938.000,-238861034.950
13939.000,-238861272.322
13940.000,-238861588.818
13941.000,-238861588.818
13942.000,-238861272.322
13943.000,-238860955.827
13944.000,-238861193.198
13945.000,-238861588.818
13946.000,-238861588.818
13947.000,-238861272.322
13948.000,-238861034.950
13949.000,-238861272.322
13950.000,-238861588.818
13951.000,-238861588.818
13952.000,-238861193.198
13953.000,-238860955.827
13954.000,-238861193.198
13955.000,-238861588.818
13956.000,-238861588.818
13957.000,-238861272.322
13958.000,-238861034.950
13959.000,-238861193.198
13960.000,-238861588.818
13961.000,-238861588.818
13962.000,-238861272.322
13963.000,-238861034.950
13964.000,-238861272.322
13965.000,-238861588.818
13966.000,-238861588.818
13967.000,-238861193.198
13968.000,-238860955.827
13969.000,-238861193.198
13970.000,-238861588.818
13971.000,-238861588.818
13972.000,-238861272.322
13973.000,-238861034.950
13974.000,-238861272.322
13975.000,-238861588.818
13976.000,-238861588.818
13977.000,-238861193.198
13978.000,-238861034.950
13979.000,-238861193.198
13980.000,-238861588.818
13981.000,-238861588.818
13982.000,-238861272.322
13983.000,-238861034.950
13984.000,-238861193.198
13985.000,-238861588.818
13986.000,-238861588.818
13987.000,-238861272.322
13988.000,-238861034.950
13989.000,-238861272.322
13990.000,-238861588.818
13991.000,-238861588.818
13992.000,-238861193.198
13993.000,-238860955.827
13994.000,-238861193.198
13995.000,-238861588.818
13996.000,-238861588.818
13997.000,-238861272.322
13998.000,-238861034.950
13999.000,-238861272.322
14000.000,-238861588.818
14001.000,-238861588.818
14002.000,-238861193.198
14003.000,-238860955.827
14004.000,-238861193.198
14005.000,-238861588.818
14006.000,-238861588.818
14007.000,-238861272.322
14008.000,-238861034.950
14009.000,-238861193.198
14010.000,-238861588.818
14011.000,-238861588.818
14012.000,-238861193.198
14013.000,-238861034.950
14014.000,-238861272.322
14015.000,-238861588.818
14016.000,-238861588.818
14017.000,-238861272.322
14018.000,-238860955.827
14019.000,-238861193.198
14020.000,-238861588.818
14021.000,-238861588.818
14022.000,-238861272.322
14023.000,-238861034.950
14024.000,-238861272.322
14025.000,-238861588.818
14026.000,-238861588.818
14027.000,-238861193.198
14028.000,-238860955.827
14029.000,-238861193.198
14030.000,-238861588.818
14031.000,-238861588.818
14032.000,-238861272.322
14033.000,-238861034.950
14034.000,-238861193.198
14035.000,-238861588.818
14036.000,-238861588.818
14037.000,-238861272.322
14038.000,-238861034.950
14039.000,-238861272.322
14040.000,-238861588.818
14041.000,-238861588.818
14042.000,-238861272.322
14043.000,-238860955.827
14044.000,-238861193.198
14045.000,-238861588.818
14046.000,-238861588.818
14047.000,-238861272.322
14048.000,-238861034.950
14049.000,-238861272.322
14050.000,-238861588.818
14051.000,-238861588.818
14052.000,-238861193.198
14053.000,-238860955.827
14054.000,-238861193.198
14055.000,-238861588.818
14056.000,-238861588.818
14057.000,-238861272.322
14058.000,-238861034.950
14059.000,-238861193.198
14060.000,-238861588.818
14061.000,-238861588.818
14062.000,-238861193.198
14063.000,-238861034.950
14064.000,-238861272.322
14065.000,-238861588.818
14066.000,-238861588.818
14067.000,-238861272.322
14068.000,-238860955.827
14069.000,-238861193.198
14070.000,-238861588.818
14071.000,-238861588.818
14072.000,-238861272.322
14073.000,-238861034.950
14074.000,-238861272.322
14075.000,-238861588.818
14076.000,-238861588.818
14077.000,-238861193.198
14078.000,-238860955.827
14079.000,-238861193.198
14080.000,-238861588.818
14081.000,-238861588.818
14082.000,-238861272.322
14083.000,-238861034.950
14084.000,-238861193.198
14085.000,-238861588.818
14086.000,-238861588.818
14087.000,-238861272.322
14088.000,-238861034.950
14089.000,-238861272.322
14090.000,-238861588.818
14091.000,-238861588.818
14092.000,-238861272.322
14093.000,-238861034.950
14094.000,-238861193.198
14095.000,-238861588.818
14096.000,-238861588.818
14097.000,-238861272.322
14098.000,-238861034.950
14099.000,-238861272.322
14100.000,-238861588.818
14101.000,-238861588.818
14102.000,-238861193.198
14103.000,-238860955.827
14104.000,-238861193.198
14105.000,-238861588.818
14106.000,-238861588.818
14107.000,-238861272.322
14108.000,-238861034.950
14109.000,-238861193.198
14110.000,-238861588.818
14111.000,-238861588.818
14112.000,-238861193.198
14113.000,-238861034.950
14114.000,-238861272.322
14115.000,-238861588.818
14116.000,-238861588.818
14117.000,-238861272.322
14118.000,-238861034.950
14119.000,-238861193.198
14120.000,-238861588.818
14121.000,-238861588.818
14122.000,-238861272.322
14123.000,-238861034.950
14124.000,-238861272.322
14125.000,-238861588.818
14126.000,-238861588.818
14127.000,-238861193.198
14128.000,-238860955.827
14129.000,-238861193.198
14130.000,-238861588.818
14131.000,-238861588.818
14132.000,-238861272.322
14133.000,-238861034.950
14134.000,-238861193.198
14135.000,-238861588.818
14136.000,-238861588.818
14137.000,-238861272.322
14138.000,-238861034.950
14139.000,-238861272.322
14140.000,-238861588.818
14141.000,-238861588.818
14142.000,-238861272.322
14143.000,-238861034.950
14144.000,-238861193.198
14145.000,-238861588.818
14146.000,-238861588.818
14147.000,-238861272.322
14148.000,-238861034.950
14149.000,-238861272.322
14150.000,-238861588.818
14151.000,-238861588.818
14152.000,-238861193.198
14153.000,-238861034.950
14154.000,-238861193.198
14155.000,-238861588.818
14156.000,-238861667.942
14157.000,-238861272.322
14158.000,-238861034.950
14159.000,-238861193.198
14160.000,-238861588.818
14161.000,-238861588.818
14162.000,-238861272.322
14163.000,-238861034.950
14164.000,-238861272.322
14165.000,-238861588.818
14166.000,-238861588.818
14167.000,-238861272.322
14168.000,-238860955.827
14169.000,-238861193.198
14170.000,-238861588.818
14171.000,-238861588.818
14172.000,-238861272.322
14173.000,-238861034.950
14174.000,-238861272.322
14175.000,-238861588.818
14176.000,-238861588.818
14177.000,-238861193.198
14178.000,-238860955.827
14179.000,-238861193.198
14180.000,-238861588.818
14181.000,-238861588.818
14182.000,-238861272.322
14183.000,-238861034.950
14184.000,-238861193.198
14185.000,-238861588.818
14186.000,-238861588.818
14187.000,-238861193.198
14188.000,-238861034.950
14189.000,-238861272.322
14190.000,-238861588.818
14191.000,-238861588.818
14192.000,-238861272.322
14193.000,-238861034.950
14194.000,-238861193.198
14195.000,-238861588.818
14196.000,-238861588.818
14197.000,-238861272.322
14198.000,-238861034.950
14199.000,-238861272.322
14200.000,-238861588.818
14201.000,-238861588.818
14202.000,-238861272.322
14203.000,-238861034.950
14204.000,-238861193.198
14205.000,-238861588.818
14206.000,-238861588.818
14207.000,-238861272.322
14208.000,-238861034.950
14209.000,-238861193.198
14210.000,-238861588.818
14211.000,-238861588.818
14212.000,-238861272.322
14213.000,-238861034.950
14214.000,-238861272.322
14215.000,-238861588.818
14216.000,-238861588.818
14217.000,-238861272.322
14218.000,-238861034.950
14219.000,-238861193.198
14220.000,-238861588.818
14221.000,-238861588.818
14222.000,-238861272.322
14223.000,-238861034.950
14224.000,-238861272.322
14225.000,-238861588.818
14226.000,-238861588.818
14227.000,-238861193.198
14228.000,-238861034.950
14229.000,-238861193.198
14230.000,-238861588.818
14231.000,-238861588.818
14232.000,-238861272.322
14233.000,-238861034.950
14234.000,-238861193.198
14235.000,-238861588.818
14236.000,-238861588.818
14237.000,-238861272.322
14238.000,-238861034.950
14239.000,-238861272.322
14240.000,-238861588.818
14241.000,-238861588.818
14242.000,-238861272.322
14243.000,-238860955.827
14244.000,-238861193.198
14245.000,-238861588.818
14246.000,-238861588.818
14247.000,-238861272.322
14248.000,-238861034.950
14249.000,-238861272.322
14250.000,-238861588.818
14251.000,-238861588.818
14252.000,-238861193.198
14253.000,-238861034.950
14254.000,-238861193.198
14255.000,-238861588.818
14256.000,-238861588.818
14257.000,-238861272.322
14258.000,-238861034.950
14259.000,-238861193.198
14260.000,-238861588.818
14261.000,-238861588.818
14262.000,-238861272.322
14263.000,-238861034.950
14264.000,-238861272.322
14265.000,-238861588.818
14266.000,-238861588.818
14267.000,-238861272.322
14268.000,-238861034.950
14269.000,-238861193.198
14270.000,-238861588.818
14271.000,-238861588.818
14272.000,-238861272.322
14273.000,-238861034.950
14274.000,-238861272.322
14275.000,-238861588.818
14276.000,-238861588.818
14277.000,-238861193.198
14278.000,-238860955.827
14279.000,-238861193.198
14280.000,-238861588.818
14281.000,-238861588.818
14282.000,-238861272.322
14283.000,-238861034.950
14284.000,-238861193.198
14285.000,-238861588.818
14286.000,-238861588.818
14287.000,-238861272.322
14288.000,-238861034.950
14289.000,-238861272.322
14290.000,-238861588.818
14291.000,-238861588.818
14292.000,-238861272.322
14293.000,-238861034.950
14294.000,-238861193.198
14295.000,-238861588.818
14296.000,-238861588.818
14297.000,-238861272.322
14298.000,-238861034.950
14299.000,-238861272.322
14300.000,-238861588.818
14301.000,-238861588.818
14302.000,-238861193.198
14303.000,-238861034.950
14304.000,-238861193.198
14305.000,-238861588.818
14306.000,-238861588.818
14307.000,-238861272.322
14308.000,-238861034.950
14309.000,-238861193.198
14310.000,-238861588.818
14311.000,-238861588.818
14312.000,-238861272.322
14313.000,-238861034.950
14314.000,-238861272.322
14315.000,-238861588.818
14316.000,-238861588.818
14317.000,-238861272.322
14318.000,-238860955.827
14319.000,-238861193.198
14320.000,-238861588.818
14321.000,-238861588.818
14322.000,-238861272.322
14323.000,-238861034.950
14324.000,-238861272.322
14325.000,-238861588.818
14326.000,-238861588.818
14327.000,-238861193.198
14328.000,-238860955.827
14329.000,-238861193.198
14330.000,-238861588.818
14331.000,-238861588.818
14332.000,-238861272.322
14333.000,-238861034.950
14334.000,-238861193.198
14335.000,-238861588.818
14336.000,-238861588.818
14337.000,-238861272.322
14338.000,-238861034.950
14339.000,-238861272.322
14340.000,-238861588.818
14341.000,-238861588.818
14342.000,-238861272.322
14343.000,-238860955.827
14344.000,-238861193.198
14345.000,-238861588.818
14346.000,-238861588.818
14347.000,-238861272.322
14348.000,-238861034.950
14349.000,-238861272.322
14350.000,-238861588.818
14351.000,-238861588.818
14352.000,-238861193.198
14353.000,-238860955.827
14354.000,-238861193.198
14355.000,-238861588.818
14356.000,-238861588.818
14357.000,-238861272.322
14358.000,-238861034.950
14359.000,-238861193.198
14360.000,-238861588.818
14361.000,-238861588.818
14362.000,-238861272.322
14363.000,-238861034.950
14364.000,-238861272.322
14365.000,-238861588.818
14366.000,-238861588.818
14367.000,-238861272.322
14368.000,-238861034.950
14369.000,-238861193.198
14370.000,-238861588.818
14371.000,-238861588.818
14372.000,-238861272.322
14373.000,-238861034.950
14374.000,-238861272.322
14375.000,-238861588.818
14376.000,-238861588.818
14377.000,-238861193.198
14378.000,-238860955.827
14379.000,-238861193.198
14380.000,-238861588.818
14381.000,-238861588.818
14382.000,-238861272.322
14383.000,-238861034.950
14384.000,-238861193.198
14385.000,-238861588.818
14386.000,-238861588.818
14387.000,-238861272.322
14388.000,-238861034.950
14389.000,-238861272.322
14390.000,-238861588.818
14391.000,-238861588.818
14392.000,-238861272.322
14393.000,-238861034.950
14394.000,-238861193.198
14395.000,-238861588.818
14396.000,-238861588.818
14397.000,-238861272.322
14398.000,-238861034.950
14399.000,-238861272.322
14400.000,-238861588.818
14401.000,-238861588.818
14402.000,-238861193.198
14403.000,-238861034.950
14404.000,-238861193.198
14405.000,-238861588.818
14406.000,-238861588.818
14407.000,-238861272.322
14408.000,-238861034.950
14409.000,-238861193.198
14410.000,-238861588.818
14411.000,-238861588.818
14412.000,-238861272.322
14413.000,-238861034.950
14414.000,-238861272.322
14415.000,-238861588.818
14416.000,-238861588.818
14417.000,-238861272.322
14418.000,-238861034.950
14419.000,-238861193.198
14420.000,-238861588.818
14421.000,-238861588.818
14422.000,-238861272.322
14423.000,-238861034.950
14424.000,-238861272.322
14425.000,-238861588.818
14426.000,-238861588.818
14427.000,-238861193.198
14428.000,-238860955.827
14429.000,-238861193.198
14430.000,-238861588.818
14431.000,-238861588.818
14432.000,-238861272.322
14433.000,-238861034.950
14434.000,-238861193.198
14435.000,-238861588.818
14436.000,-238861588.818
14437.000,-238861272.322
14438.000,-238861034.950
14439.000,-238861272.322
14440.000,-238861588.818
14441.000,-238861588.818
14442.000,-238861272.322
14443.000,-238861034.950
14444.000,-238861193.198
14445.000,-238861588.818
14446.000,-238861588.818
14447.000,-238861272.322
14448.000,-238861034.950
14449.000,-238861272.322
14450.000,-238861588.818
14451.000,-238861588.818
14452.000,-238861193.198
14453.000,-238861034.950
14454.000,-238861193.198
14455.000,-238861588.818
14456.000,-238861667.942
14457.000,-238861272.322
14458.000,-238861034.950
14459.000,-238861193.198
14460.000,-238861588.818
14461.000,-238861588.818
14462.000,-238861272.322
14463.000,-238861034.950
14464.000,-238861272.322
14465.000,-238861588.818
14466.000,-238861588.818
14467.000,-238861272.322
14468.000,-238861034.950
14469.000,-238861193.198
14470.000,-238861588.818
14471.000,-238861588.818
14472.000,-238861272.322
14473.000,-238861034.950
14474.000,-238861272.322
14475.000,-238861588.818
14476.000,-238861588.818
14477.000,-238861193.198
14478.000,-238860955.827
14479.000,-238861193.198
14480.000,-238861588.818
14481.000,-238861588.818
14482.000,-238861272.322
14483.000,-238861034.950
14484.000,-238861193.198
14485.000,-238861588.818
14486.000,-238861588.818
14487.000,-238861193.198
14488.000,-238861034.950
14489.000,-238861272.322
14490.000,-238861588.818
14491.000,-238861588.818
14492.000,-238861272.322
14493.000,-238861034.950
14494.000,-238861193.198
14495.000,-238861588.818
14496.000,-238861588.818
14497.000,-238861272.322
14498.000,-238861034.950
14499.000,-238861272.322
14500.000,-238861588.818
14501.000,-238861588.818
14502.000,-238861193.198
14503.000,-238861034.950
14504.000,-238861193.198
14505.000,-238861588.818
14506.000,-238861588.818
14507.000,-238861272.322
14508.000,-238861034.950
14509.000,-238861193.198
14510.000,-238861588.818
14511.000,-238861588.818
14512.000,-238861272.322
14513.000,-238861034.950
14514.000,-238861272.322
14515.000,-238861588.818
14516.000,-238861588.818
14517.000,-238861272.322
14518.000,-238860955.827
14519.000,-238861193.198
14520.000,-238861588.818
14521.000,-238861588.818
14522.000,-238861272.322
14523.000,-238861034.950
14524.000,-238861272.322
14525.000,-238861588.818
14526.000,-238861588.818
14527.000,-238861193.198
14528.000,-238860955.827
14529.000,-238861193.198
14530.000,-238861588.818
14531.000,-238861667.942
14532.000,-238861272.322
14533.000,-238861034.950
14534.000,-238861193.198
14535.000,-238861509.694
14536.000,-238861588.818
14537.000,-238861193.198
14538.000,-238861034.950
14539.000,-238861272.322
14540.000,-238861588.818
14541.000,-238861667.942
14542.000,-238861272.322
14543.000,-238861034.950
14544.000,-238861193.198
14545.000,-238861509.694
14546.000,-238861588.818
14547.000,-238861272.322
14548.000,-238861034.950
14549.000,-238861272.322
14550.000,-238861588.818
14551.000,-238861588.818
14552.000,-238861272.322
14553.000,-238860955.827
14554.000,-238861193.198
14555.000,-238861588.818
14556.000,-238861588.818
14557.000,-238861272.322
14558.000,-238861034.950
14559.000,-238861193.198
14560.000,-238861588.818
14561.000,-238861588.818
14562.000,-238861272.322
14563.000,-238861034.950
14564.000,-238861272.322
14565.000,-238861588.818
14566.000,-238861588.818
14567.000,-238861272.322
14568.000,-238861034.950
14569.000,-238861193.198
14570.000,-238861588.818
14571.000,-238861588.818
14572.000,-238861272.322
14573.000,-238861034.950
14574.000,-238861272.322
14575.000,-238861588.818
14576.000,-238861588.818
14577.000,-238861193.198
14578.000,-238860955.827
14579.000,-238861193.198
14580.000,-238861588.818
14581.000,-238861588.818
14582.000,-238861272.322
14583.000,-238861034.950
14584.000,-238861193.198
14585.000,-238861509.694
14586.000,-238861588.818
14587.000,-238861272.322
14588.000,-238861034.950
14589.000,-238861272.322
14590.000,-238861588.818
14591.000,-238861588.818
14592.000,-238861272.322
14593.000,-238860955.827
14594.000,-238861193.198
14595.000,-238861509.694
14596.000,-238861588.818
14597.000,-238861272.322
14598.000,-238861034.950
14599.000,-238861272.322
14600.000,-238861588.818
14601.000,-238861588.818
14602.000,-238861193.198
14603.000,-238860955.827
14604.000,-238861193.198
14605.000,-238861588.818
14606.000,-238861667.942
14607.000,-238861272.322
14608.000,-238861034.950
14609.000,-238861193.198
14610.000,-238861588.818
14611.000,-238861588.818
14612.000,-238861193.198
14613.000,-238861034.950
14614.000,-238861272.322
14615.000,-238861588.818
14616.000,-238861667.942
14617.000,-238861272.322
14618.000,-238861034.950
14619.000,-238861193.198
14620.000,-238861509.694
14621.000,-238861588.818
14622.000,-238861272.322
14623.000,-238861034.950
14624.000,-238861272.322
14625.000,-238861588.818
14626.000,-238861588.818
14627.000,-238861193.198
14628.000,-238860955.827
14629.000,-238861193.198
14630.000,-238861588.818
14631.000,-238861588.818
14632.000,-238861272.322
14633.000,-238861034.950
14634.000,-238861193.198
14635.000,-238861588.818
14636.000,-238861588.818
14637.000,-238861193.198
14638.000,-238861034.950
14639.000,-238861193.198
14640.000,-238861588.818
14641.000,-238861588.818
14642.000,-238861272.322
14643.000,-238861034.950
14644.000,-238861193.198
14645.000,-238861509.694
14646.000,-238861588.818
14647.000,-238861272.322
14648.000,-238861034.950
14649.000,-238861272.322
14650.000,-238861588.818
14651.000,-238861588.818
14652.000,-238861193.198
14653.000,-238860955.827
14654.000,-238861193.198
14655.000,-238861588.818
14656.000,-238861588.818
14657.000,-238861272.322
14658.000,-238861034.950
14659.000,-238861193.198
14660.000,-238861588.818
14661.000,-238861588.818
14662.000,-238861272.322
14663.000,-238861034.950
14664.000,-238861193.198
14665.000,-238861588.818
14666.000,-238861588.818
14667.000,-238861272.322
14668.000,-238861034.950
14669.000,-238861193.198
14670.000,-238861588.818
14671.000,-238861588.818
14672.000,-238861272.322
14673.000,-238861034.950
14674.000,-238861272.322
14675.000,-238861588.818
14676.000,-238861588.818
14677.000,-238861272.322
14678.000,-238860955.827
14679.000,-238861193.198
14680.000,-238861588.818
14681.000,-238861588.818
14682.000,-238861272.322
14683.000,-238861034.950
14684.000,-238861193.198
14685.000,-238861588.818
14686.000,-238861588.818
14687.000,-238861272.322
14688.000,-238861034.950
14689.000,-238861193.198
14690.000,-238861588.818
14691.000,-238861588.818
14692.000,-238861272.322
14693.000,-238860955.827
14694.000,-238861193.198
14695.000,-238861588.818
14696.000,-238861588.818
14697.000,-238861272.322
14698.000,-238861034.950
14699.000,-238861272.322
14700.000,-238861588.818
14701.000,-238861588.818
14702.000,-238861193.198
14703.000,-238860955.827
14704.000,-238861193.198
14705.000,-238861588.818
14706.000,-238861667.942
14707.000,-238861272.322
14708.000,-238861034.950
14709.000,-238861193.198
14710.000,-238861509.694
14711.000,-238861588.818
14712.000,-238861193.198
14713.000,-238861034.950
14714.000,-238861272.322
14715.000,-238861588.818
14716.000,-238861588.818
14717.000,-238861272.322
14718.000,-238860955.827
14719.000,-238861193.198
14720.000,-238861588.818
14721.000,-238861588.818
14722.000,-238861272.322
14723.000,-238861034.950
14724.000,-238861272.322
14725.000,-238861588.818
14726.000,-238861588.818
14727.000,-238861193.198
14728.000,-238860955.827
14729.000,-238861193.198
14730.000,-238861588.818
14731.000,-238861667.942
14732.000,-238861272.322
14733.000,-238861034.950
14734.000,-238861193.198
14735.000,-238861588.818
14736.000,-238861588.818
14737.000,-238861193.198
14738.000,-238861034.950
14739.000,-238861193.198
14740.000,-238861588.818
14741.000,-238861588.818
14742.000,-238861272.322
14743.000,-238861034.950
14744.000,-238861193.198
14745.000,-238861588.818
14746.000,-238861588.818
14747.000,-238861272.322
14748.000,-238861034.950
14749.000,-238861272.322
14750.000,-238861588.818
14751.000,-238861588.818
14752.000,-238861193.198
14753.000,-238860955.827
14754.000,-238861193.198
14755.000,-238861588.818
14756.000,-238861588.818
14757.000,-238861272.322
14758.000,-238861034.950
14759.000,-238861193.198
14760.000,-238861588.818
14761.000,-238861588.818
14762.000,-238861272.322
14763.000,-238861034.950
14764.000,-238861272.322
14765.000,-238861588.818
14766.000,-238861588.818
14767.000,-238861272.322
14768.000,-238861034.950
14769.000,-238861193.198
14770.000,-238861588.818
14771.000,-238861588.818
14772.000,-238861272.322
14773.000,-238861034.950
14774.000,-238861272.322
14775.000,-238861588.818
14776.000,-238861588.818
14777.000,-238861193.198
14778.000,-238860955.827
14779.000,-238861193.198
14780.000,-238861588.818
14781.000,-238861667.942
14782.000,-238861272.322
14783.000,-238861034.950
14784.000,-238861193.198
14785.000,-238861509.694
14786.000,-238861588.818
14787.000,-238861272.322
14788.000,-238861034.950
14789.000,-238861272.322
14790.000,-238861588.818
14791.000,-238861588.818
14792.000,-238861272.322
14793.000,-238860955.827
14794.000,-238861193.198
14795.000,-238861588.818
14796.000,-238861588.818
14797.000,-238861272.322
14798.000,-238861034.950
14799.000,-238861272.322
14800.000,-238861588.818
14801.000,-238861588.818
14802.000,-238861193.198
14803.000,-238860955.827
14804.000,-238861193.198
14805.000,-238861588.818
14806.000,-238861667.942
14807.000,-238861272.322
14808.000,-238861034.950
14809.000,-238861193.198
14810.000,-238861509.694
14811.000,-238861588.818
14812.000,-238861272.322
14813.000,-238861034.950
14814.000,-238861272.322
14815.000,-238861588.818
14816.000,-238861667.942
14817.000,-238861272.322
14818.000,-238861034.950
14819.000,-238861193.198
14820.000,-238861588.818
14821.000,-238861588.818
14822.000,-238861272.322
14823.000,-238861034.950
14824.000,-238861272.322
14825.000,-238861588.818
14826.000,-238861588.818
14827.000,-238861272.322
14828.000,-238861034.950
14829.000,-238861193.198
14830.000,-238861588.818
14831.000,-238861667.942
14832.000,-238861272.322
14833.000,-238861034.950
14834.000,-238861193.198
14835.000,-238861509.694
14836.000,-238861588.818
14837.000,-238861272.322
14838.000,-238861034.950
14839.000,-238861272.322
14840.000,-238861588.818
14841.000,-238861588.818
14842.000,-238861272.322
14843.000,-238860955.827
14844.000,-238861193.198
14845.000,-238861588.818
14846.000,-238861588.818
14847.000,-238861272.322
14848.000,-238861034.950
14849.000,-238861272.322
14850.000,-238861588.818
14851.000,-238861588.818
14852.000,-238861193.198
14853.000,-238860955.827
14854.000,-238861193.198
14855.000,-238861588.818
14856.000,-238861667.942
14857.000,-238861272.322
14858.000,-238861034.950
14859.000,-238861193.198
14860.000,-238861509.694
14861.000,-238861588.818
14862.000,-238861272.322
14863.000,-238861034.950
14864.000,-238861272.322
14865.000,-238861588.818
14866.000,-238861588.818
14867.000,-238861272.322
14868.000,-238860955.827
14869.000,-238861193.198
14870.000,-238861509.694
14871.000,-238861588.818
14872.000,-238861272.322
14873.000,-238861034.950
14874.000,-238861272.322
14875.000,-238861588.818
14876.000,-238861588.818
14877.000,-238861272.322
14878.000,-238860955.827
14879.000,-238861193.198
14880.000,-238861588.818
14881.000,-238861667.942
14882.000,-238861272.322
14883.000,-238861034.950
14884.000,-238861193.198
14885.000,-238861509.694
14886.000,-238861588.818
14887.000,-238861272.322
14888.000,-238861034.950
14889.000,-238861272.322
14890.000,-238861588.818
14891.000,-238861588.818
14892.000,-238861272.322
14893.000,-238860955.827
14894.000,-238861193.198
14895.000,-238861509.694
14896.000,-238861588.818
14897.000,-238861272.322
14898.000,-238861034.950
14899.000,-238861272.322
14900.000,-238861588.818
14901.000,-238861588.818
14902.000,-238861193.198
14903.000,-238860955.827
14904.000,-238861193.198
14905.000,-238861588.818
14906.000,-238861667.942
14907.000,-238861272.322
14908.000,-238861034.950
14909.000,-238861193.198
14910.000,-238861588.818
14911.000,-238861588.818
14912.000,-238861272.322
14913.000,-238861034.950
14914.000,-238861272.322
14915.000,-238861588.818
14916.000,-238861588.818
14917.000,-238861272.322
14918.000,-238860955.827
14919.000,-238861193.198
14920.000,-238861588.818
14921.000,-238861588.818
14922.000,-238861272.322
14923.000,-238861034.950
14924.000,-238861272.322
14925.000,-238861588.818
14926.000,-238861588.818
14927.000,-238861193.198
14928.000,-238860955.827
14929.000,-238861193.198
14930.000,-238861588.818
14931.000,-238861667.942
14932.000,-238861272.322
14933.000,-238861034.950
14934.000,-238861193.198
14935.000,-238861509.694
14936.000,-238861588.818
14937.000,-238861272.322
14938.000,-238861034.950
14939.000,-238861272.322
14940.000,-238861588.818
14941.000,-238861588.818
14942.000,-238861272.322
14943.000,-238860955.827
14944.000,-238861193.198
14945.000,-238861588.818
14946.000,-238861588.818
14947.000,-238861272.322
14948.000,-238861034.950
14949.000,-238861272.322
14950.000,-238861588.818
14951.000,-238861588.818
14952.000,-238861193.198
14953.000,-238860955.827
14954.000,-238861193.198
14955.000,-238861588.818
14956.000,-238861667.942
14957.000,-238861272.322
14958.000,-238861034.950
14959.000,-238861193.198
14960.000,-238861509.694
14961.000,-238861588.818
14962.000,-238861272.322
14963.000,-238861034.950
14964.000,-238861272.322
14965.000,-238861588.818
14966.000,-238861588.818
14967.000,-238861272.322
14968.000,-238860955.827
14969.000,-238861193.198
14970.000,-238861588.818
14971.000,-238861588.818
14972.000,-238861272.322
14973.000,-238861034.950
14974.000,-238861272.322
14975.000,-238861588.818
14976.000,-238861588.818
14977.000,-238861193.198
14978.000,-238860955.827
14979.000,-238861193.198
14980.000,-238861588.818
14981.000,-238861667.942
14982.000,-238861272.322
14983.000,-238861034.950
14984.000,-238861193.198
14985.000,-238861588.818
14986.000,-238861588.818
14987.000,-238861272.322
14988.000,-238861034.950
14989.000,-238861272.322
14990.000,-238861588.818
14991.000,-238861588.818
14992.000,-238861272.322
14993.000,-238861034.950
14994.000,-238861193.198
14995.000,-238861588.818
14996.000,-238861588.818
14997.000,-238861272.322
14998.000,-238861034.950
14999.000,-238861272.322
15000.000,-238861588.818
15001.000,-238861588.818
15002.000,-238861193.198
15003.000,-238860955.827
15004.000,-238861193.198
15005.000,-238861588.818
15006.000,-238861667.942
15007.000,-238861272.322
15008.000,-238861034.950
15009.000,-238861193.198
15010.000,-238861509.694
15011.000,-238861588.818
15012.000,-238861272.322
15013.000,-238861034.950
15014.000,-238861272.322
15015.000,-238861588.818
15016.000,-238861588.818
15017.000,-238861272.322
15018.000,-238860955.827
15019.000,-238861193.198
15020.000,-238861588.818
15021.000,-238861588.818
15022.000,-238861272.322
15023.000,-238861034.950
15024.000,-238861272.322
15025.000,-238861588.818
15026.000,-238861588.818
15027.000,-238861193.198
15028.000,-238860955.827
15029.000,-238861193.198
15030.000,-238861588.818
15031.000,-238861667.942
15032.000,-238861272.322
15033.000,-238861034.950
15034.000,-238861193.198
15035.000,-238861588.818
15036.000,-238861588.818
15037.000,-238861272.322
15038.000,-238861034.950
15039.000,-238861272.322
15040.000,-238861588.818
15041.000,-238861588.818
15042.000,-238861272.322
15043.000,-238860955.827
15044.000,-238861193.198
15045.000,-238861588.818
15046.000,-238861588.818
15047.000,-238861272.322
15048.000,-238861034.950
15049.000,-238861272.322
15050.000,-238861588.818
15051.000,-238861588.818
15052.000,-238861193.198
15053.000,-238860955.827
15054.000,-238861193.198
15055.000,-238861588.818
15056.000,-238861667.942
15057.000,-238861272.322
15058.000,-238861034.950
15059.000,-238861193.198
15060.000,-238861509.694
15061.000,-238861588.818
15062.000,-238861272.322
15063.000,-238861034.950
15064.000,-238861272.322
15065.000,-238861588.818
15066.000,-238861667.942
15067.000,-238861272.322
15068.000,-238860955.827
15069.000,-238861193.198
15070.000,-238861588.818
15071.000,-238861588.818
15072.000,-238861272.322
15073.000,-238861034.950
15074.000,-238861272.322
15075.000,-238861588.818
15076.000,-238861588.818
15077.000,-238861193.198
15078.000,-238860955.827
15079.000,-238861193.198
15080.000,-238861588.818
15081.000,-238861667.942
15082.000,-238861272.322
15083.000,-238861034.950
15084.000,-238861193.198
15085.000,-238861509.694
15086.000,-238861588.818
15087.000,-238861272.322
15088.000,-238861034.950
15089.000,-238861272.322
15090.000,-238861588.818
15091.000,-238861667.942
15092.000,-238861272.322
15093.000,-238861034.950
15094.000,-238861193.198
15095.000,-238861509.694
15096.000,-238861588.818
15097.000,-238861272.322
15098.000,-238861034.950
15099.000,-238861272.322
15100.000,-238861588.818
15101.000,-238861588.818
15102.000,-238861272.322
15103.000,-238860955.827
15104.000,-238861193.198
15105.000,-238861588.818
15106.000,-238861667.942
15107.000,-238861272.322
15108.000,-238861034.950
15109.000,-238861193.198
15110.000,-238861588.818
15111.000,-238861588.818
15112.000,-238861272.322
15113.000,-238861034.950
15114.000,-238861272.322
15115.000,-238861588.818
15116.000,-238861588.818
15117.000,-238861272.322
15118.000,-238861034.950
15119.000,-238861193.198
15120.000,-238861588.818
15121.000,-238861588.818
15122.000,-238861272.322
15123.000,-238861034.950
15124.000,-238861193.198
15125.000,-238861588.818
15126.000,-238861588.818
15127.000,-238861272.322
15128.000,-238860955.827
15129.000,-238861193.198
15130.000,-238861588.818
15131.000,-238861667.942
15132.000,-238861272.322
15133.000,-238861034.950
15134.000,-238861193.198
15135.000,-238861509.694
15136.000,-238861588.818
15137.000,-238861272.322
15138.000,-238861034.950
15139.000,-238861272.322
15140.000,-238861588.818
15141.000,-238861667.942
15142.000,-238861272.322
15143.000,-238860955.827
15144.000,-238861193.198
15145.000,-238861509.694
15146.000,-238861588.818
15147.000,-238861272.322
15148.000,-238861034.950
15149.000,-238861272.322
15150.000,-238861588.818
15151.000,-238861588.818
15152.000,-238861272.322
15153.000,-238860955.827
15154.000,-238861193.198
15155.000,-238861588.818
15156.000,-238861588.818
15157.000,-238861272.322
15158.000,-238861034.950
15159.000,-238861193.198
15160.000,-238861588.818
15161.000,-238861588.818
15162.000,-238861272.322
15163.000,-238861034.950
15164.000,-238861193.198
15165.000,-238861588.818
15166.000,-238861588.818
15167.000,-238861272.322
15168.000,-238861034.950
15169.000,-238861193.198
15170.000,-238861588.818
15171.000,-238861588.818
15172.000,-238861272.322
15173.000,-238861034.950
15174.000,-238861193.198
15175.000,-238861588.818
15176.000,-238861588.818
15177.000,-238861272.322
15178.000,-238861034.950
15179.000,-238861193.198
15180.000,-238861588.818
15181.000,-238861667.942
15182.000,-238861272.322
15183.000,-238861034.950
15184.000,-238861193.198
15185.000,-238861509.694
15186.000,-238861588.818
15187.000,-238861272.322
15188.000,-238861034.950
15189.000,-238861272.322
15190.000,-238861588.818
15191.000,-238861588.818
15192.000,-238861272.322
15193.000,-238860955.827
15194.000,-238861193.198
15195.000,-238861588.818
15196.000,-238861588.818
15197.000,-238861272.322
15198.000,-238861034.950
15199.000,-238861193.198
15200.000,-238861588.818
15201.000,-238861588.818
15202.000,-238861272.322
15203.000,-238860955.827
15204.000,-238861193.198
15205.000,-238861588.818
15206.000,-238861667.942
15207.000,-238861272.322
15208.000,-238861034.950
15209.000,-238861193.198
15210.000,-238861588.818
15211.000,-238861588.818
15212.000,-238861272.322
15213.000,-238861034.950
15214.000,-238861193.198
15215.000,-238861588.818
15216.000,-238861588.818
15217.000,-238861272.322
15218.000,-238861034.950
15219.000,-238861193.198
15220.000,-238861588.818
15221.000,-238861588.818
15222.000,-238861272.322
15223.000,-238861034.950
15224.000,-238861272.322
15225.000,-238861588.818
15226.000,-238861588.818
15227.000,-238861272.322
15228.000,-238860955.827
15229.000,-238861193.198
15230.000,-238861588.818
15231.000,-238861667.942
15232.000,-238861272.322
15233.000,-238861034.950
15234.000,-238861193.198
15235.000,-238861588.818
15236.000,-238861588.818
15237.000,-238861272.322
15238.000,-238861034.950
15239.000,-238861193.198
15240.000,-238861588.818
15241.000,-238861588.818
15242.000,-238861272.322
15243.000,-238861034.950
15244.000,-238861193.198
15245.000,-238861588.818
15246.000,-238861588.818
15247.000,-238861272.322
15248.000,-238861034.950
15249.000,-238861193.198
15250.000,-238861588.818
15251.000,-238861588.818
15252.000,-238861272.322
15253.000,-238861034.950
15254.000,-238861193.198
15255.000,-238861588.818
15256.000,-238861588.818
15257.000,-238861272.322
15258.000,-238861034.950
15259.000,-238861193.198
15260.000,-238861588.818
15261.000,-238861588.818
15262.000,-238861272.322
15263.000,-238861034.950
15264.000,-238861193.198
15265.000,-238861588.818
15266.000,-238861588.818
15267.000,-238861272.322
15268.000,-238861034.950
15269.000,-238861193.198
15270.000,-238861588.818
15271.000,-238861588.818
15272.000,-238861272.322
15273.000,-238861034.950
15274.000,-238861193.198
15275.000,-238861588.818
15276.000,-238861588.818
15277.000,-238861272.322
15278.000,-238861034.950
15279.000,-238861193.198
15280.000,-238861588.818
15281.000,-238861667.942
15282.000,-238861272.322
15283.000,-238861034.950
15284.000,-238861193.198
15285.000,-238861509.694
15286.000,-238861588.818
15287.000,-238861272.322
15288.000,-238861034.950
15289.000,-238861272.322
15290.000,-238861588.818
15291.000,-238861588.818
15292.000,-238861272.322
15293.000,-238860955.827
15294.000,-238861193.198
15295.000,-238861588.818
15296.000,-238861588.818
15297.000,-238861272.322
15298.000,-238861034.950
15299.000,-238861193.198
15300.000,-238861588.818
15301.000,-238861588.818
15302.000,-238861272.322
15303.000,-238860955.827
15304.000,-238861193.198
15305.000,-238861588.818
15306.000,-238861667.942
15307.000,-238861272.322
15308.000,-238861034.950
15309.000,-238861193.198
15310.000,-238861509.694
15311.000,-238861588.818
15312.000,-238861272.322
15313.000,-238861034.950
15314.000,-238861193.198
15315.000,-238861588.818
15316.000,-238861588.818
15317.000,-238861272.322
15318.000,-238861034.950
15319.000,-238861193.198
15320.000,-238861588.818
15321.000,-238861588.818
15322.000,-238861272.322
15323.000,-238861034.950
15324.000,-238861193.198
15325.000,-238861588.818
15326.000,-238861588.818
15327.000,-238861272.322
15328.000,-238861034.950
15329.000,-238861193.198
15330.000,-238861588.818
15331.000,-238861667.942
15332.000,-238861272.322
15333.000,-238861034.950
15334.000,-238861193.198
15335.000,-238861509.694
15336.000,-238861588.818
15337.000,-238861272.322
15338.000,-238861034.950
15339.000,-238861193.198
15340.000,-238861588.818
15341.000,-238861588.818
15342.000,-238861272.322
15343.000,-238860955.827
15344.000,-238861193.198
15345.000,-238861588.818
15346.000,-238861588.818
15347.000,-238861272.322
15348.000,-238861034.950
15349.000,-238861193.198
15350.000,-238861588.818
15351.000,-238861588.818
15352.000,-238861193.198
15353.000,-238860955.827
15354.000,-238861193.198
15355.000,-238861588.818
15356.000,-238861667.942
15357.000,-238861272.322
15358.000,-238861034.950
15359.000,-238861193.198
15360.000,-238861509.694
15361.000,-238861588.818
15362.000,-238861272.322
15363.000,-238861034.950
15364.000,-238861272.322
15365.000,-238861588.818
15366.000,-238861667.942
15367.000,-238861272.322
15368.000,-238861034.950
15369.000,-238861193.198
15370.000,-238861509.694
15371.000,-238861588.818
15372.000,-238861272.322
15373.000,-238861034.950
15374.000,-238861272.322
15375.000,-238861588.818
15376.000,-238861588.818
15377.000,-238861272.322
15378.000,-238861034.950
15379.000,-238861193.198
15380.000,-238861588.818
15381.000,-238861667.942
15382.000,-238861272.322
15383.000,-238861034.950
15384.000,-238861193.198
15385.000,-238861588.818
15386.000,-238861588.818
15387.000,-238861272.322
15388.000,-238861034.950
15389.000,-238861193.198
15390.000,-238861588.818
15391.000,-238861667.942
15392.000,-238861272.322
15393.000,-238861034.950
15394.000,-238861193.198
15395.000,-238861588.818
15396.000,-238861588.818
15397.000,-238861272.322
15398.000,-238861034.950
15399.000,-238861193.198
15400.000,-238861588.818
15401.000,-238861588.818
15402.000,-238861272.322
15403.000,-238861034.950
15404.000,-238861193.198
15405.000,-238861588.818
15406.000,-238861667.942
15407.000,-238861272.322
15408.000,-238861034.950
15409.000,-238861193.198
15410.000,-238861509.694
15411.000,-238861588.818
15412.000,-238861272.322
15413.000,-238861034.950
15414.000,-238861193.198
15415.000,-238861588.818
15416.000,-238861588.818
15417.000,-238861272.322
15418.000,-238861034.950
15419.000,-238861193.198
15420.000,-238861588.818
15421.000,-238861588.818
15422.000,-238861272.322
15423.000,-238861034.950
15424.000,-238861193.198
15425.000,-238861588.818
15426.000,-238861588.818
15427.000,-238861272.322
15428.000,-238861034.950
15429.000,-238861193.198
15430.000,-238861588.818
15431.000,-238861667.942
15432.000,-238861272.322
15433.000,-238861034.950
15434.000,-238861193.198
15435.000,-238861509.694
15436.000,-238861588.818
15437.000,-238861272.322
15438.000,-238861034.950
15439.000,-238861193.198
15440.000,-238861588.818
15441.000,-238861588.818
15442.000,-238861272.322
15443.000,-238861034.950
15444.000,-238861193.198
15445.000,-238861509.694
15446.000,-238861588.818
15447.000,-238861272.322
15448.000,-238861034.950
15449.000,-238861193.198
15450.000,-238861588.818
15451.000,-238861588.818
15452.000,-238861272.322
15453.000,-238860955.827
15454.000,-238861193.198
15455.000,-238861588.818
15456.000,-238861667.942
15457.000,-238861272.322
15458.000,-238861034.950
15459.000,-238861193.198
15460.000,-238861509.694
15461.000,-238861588.818
15462.000,-238861272.322
15463.000,-238861034.950
15464.000,-238861193.198
15465.000,-238861588.818
15466.000,-238861667.942
15467.000,-238861272.322
15468.000,-238861034.950
15469.000,-238861193.198
15470.000,-238861509.694
15471.000,-238861588.818
15472.000,-238861272.322
15473.000,-238861034.950
15474.000,-238861272.322
15475.000,-238861588.818
15476.000,-238861588.818
15477.000,-238861272.322
15478.000,-238860955.827
15479.000,-238861193.198
15480.000,-238861588.818
15481.000,-238861667.942
15482.000,-238861272.322
15483.000,-238861034.950
15484.000,-238861193.198
15485.000,-238861588.818
15486.000,-238861588.818
15487.000,-238861272.322
15488.000,-238861034.950
15489.000,-238861193.198
15490.000,-238861588.818
15491.000,-238861667.942
15492.000,-238861272.322
15493.000,-238861034.950
15494.000,-238861193.198
15495.000,-238861588.818
15496.000,-238861588.818
15497.000,-238861272.322
15498.000,-238861034.950
15499.000,-238861193.198
15500.000,-238861588.818
15501.000,-238861588.818
15502.000,-238861272.322
15503.000,-238861034.950
15504.000,-238861193.198
15505.000,-238861588.818
15506.000,-238861588.818
15507.000,-238861272.322
15508.000,-238861034.950
15509.000,-238861193.198
15510.000,-238861588.818
15511.000,-238861588.818
15512.000,-238861272.322
15513.000,-238861034.950
15514.000,-238861193.198
15515.000,-238861588.818
15516.000,-238861588.818
15517.000,-238861272.322
15518.000,-238861034.950
15519.000,-238861193.198
15520.000,-238861588.818
15521.000,-238861588.818
15522.000,-238861272.322
15523.000,-238861034.950
15524.000,-238861193.198
15525.000,-238861588.818
15526.000,-238861588.818
15527.000,-238861272.322
15528.000,-238861034.950
15529.000,-238861193.198
15530.000,-238861588.818
15531.000,-238861667.942
15532.000,-238861272.322
15533.000,-238861034.950
15534.000,-238861193.198
15535.000,-238861588.818
15536.000,-238861588.818
15537.000,-238861272.322
15538.000,-238861034.950
15539.000,-238861193.198
15540.000,-238861588.818
15541.000,-238861588.818
15542.000,-238861272.322
15543.000,-238860955.827
15544.000,-238861193.198
15545.000,-238861588.818
15546.000,-238861588.818
15547.000,-238861272.322
15548.000,-238861034.950
15549.000,-238861193.198
15550.000,-238861588.818
15551.000,-238861588.818
15552.000,-238861272.322
15553.000,-238860955.827
15554.000,-238861193.198
15555.000,-238861588.818
15556.000,-238861667.942
15557.000,-238861272.322
15558.000,-238861034.950
15559.000,-238861193.198
15560.000,-238861509.694
15561.000,-238861588.818
15562.000,-238861272.322
15563.000,-238861034.950
15564.000,-238861193.198
15565.000,-238861588.818
15566.000,-238861667.942
15567.000,-238861272.322
15568.000,-238861034.950
15569.000,-238861193.198
15570.000,-238861509.694
15571.000,-238861588.818
15572.000,-238861272.322
15573.000,-238861034.950
15574.000,-238861193.198
15575.000,-238861588.818
15576.000,-238861588.818
15577.000,-238861272.322
15578.000,-238861034.950
15579.000,-238861193.198
15580.000,-238861588.818
15581.000,-238861588.818
15582.000,-238861272.322
15583.000,-238861034.950
15584.000,-238861193.198
15585.000,-238861588.818
15586.000,-238861588.818
15587.000,-238861272.322
15588.000,-238861034.950
15589.000,-238861193.198
15590.000,-238861588.818
15591.000,-238861667.942
15592.000,-238861272.322
15593.000,-238861034.950
15594.000,-238861193.198
15595.000,-238861588.818
15596.000,-238861588.818
15597.000,-238861272.322
15598.000,-238861034.950
15599.000,-238861193.198
15600.000,-238861588.818
15601.000,-238861588.818
15602.000,-238861272.322
15603.000,-238861034.950
15604.000,-238861193.198
15605.000,-238861588.818
15606.000,-238861667.942
15607.000,-238861272.322
15608.000,-238861034.950
15609.000,-238861193.198
15610.000,-238861509.694
15611.000,-238861588.818
15612.000,-238861272.322
15613.000,-238861034.950
15614.000,-238861193.198
15615.000,-238861588.818
15616.000,-238861588.818
15617.000,-238861272.322
15618.000,-238861034.950
15619.000,-238861193.198
15620.000,-238861509.694
15621.000,-238861588.818
15622.000,-238861272.322
15623.000,-238861034.950
15624.000,-238861193.198
15625.000,-238861588.818
15626.000,-238861588.818
15627.000,-238861272.322
15628.000,-238860955.827
15629.000,-238861193.198
15630.000,-238861588.818
15631.000,-238861667.942
15632.000,-238861272.322
15633.000,-238861034.950
15634.000,-238861193.198
15635.000,-238861588.818
15636.000,-238861588.818
15637.000,-238861272.322
15638.000,-238861034.950
15639.000,-238861193.198
15640.000,-238861588.818
15641.000,-238861667.942
15642.000,-238861272.322
15643.000,-238861034.950
15644.000,-238861193.198
15645.000,-238861588.818
15646.000,-238861588.818
15647.000,-238861272.322
15648.000,-238861034.950
15649.000,-238861193.198
15650.000,-238861588.818
15651.000,-238861588.818
15652.000,-238861272.322
15653.000,-238860955.827
15654.000,-238861193.198
15655.000,-238861588.818
15656.000,-238861667.942
15657.000,-238861272.322
15658.000,-238861034.950
15659.000,-238861193.198
15660.000,-238861509.694
15661.000,-238861588.818
15662.000,-238861272.322
15663.000,-238861034.950
15664.000,-238861193.198
15665.000,-238861588.818
15666.000,-238861667.942
15667.000,-238861272.322
15668.000,-238861034.950
15669.000,-238861193.198
15670.000,-238861509.694
15671.000,-238861588.818
15672.000,-238861272.322
15673.000,-238861034.950
15674.000,-238861193.198
15675.000,-238861588.818
15676.000,-238861588.818
15677.000,-238861272.322
15678.000,-238860955.827
15679.000,-238861193.198
15680.000,-238861588.818
15681.000,-238861667.942
15682.000,-238861272.322
15683.000,-238861034.950
15684.000,-238861193.198
15685.000,-238861588.818
15686.000,-238861588.818
15687.000,-238861272.322
15688.000,-238861034.950
15689.000,-238861193.198
15690.000,-238861588.818
15691.000,-238861667.942
15692.000,-238861272.322
15693.000,-238861034.950
15694.000,-238861193.198
15695.000,-238861509.694
15696.000,-238861588.818
15697.000,-238861272.322
15698.000,-238861034.950
15699.000,-238861193.198
15700.000,-238861588.818
15701.000,-238861588.818
15702.000,-238861272.322
15703.000,-238860955.827
15704.000,-238861193.198
15705.000,-238861588.818
15706.000,-238861667.942
15707.000,-238861272.322
15708.000,-238861034.950
15709.000,-238861193.198
15710.000,-238861509.694
15711.000,-238861588.818
15712.000,-238861272.322
15713.000,-238861034.950
15714.000,-238861193.198
15715.000,-238861588.818
15716.000,-238861667.942
15717.000,-238861272.322
15718.000,-238861034.950
15719.000,-238861193.198
15720.000,-238861509.694
15721.000,-238861588.818
15722.000,-238861272.322
15723.000,-238861034.950
15724.000,-238861193.198
15725.000,-238861588.818
15726.000,-238861588.818
15727.000,-238861272.322
15728.000,-238860955.827
15729.000,-238861193.198
15730.000,-238861588.818
15731.000,-238861588.818
15732.000,-238861272.322
15733.000,-238861034.950
15734.000,-238861193.198
15735.000,-238861588.818
15736.000,-238861588.818
15737.000,-238861272.322
15738.000,-238861034.950
15739.000,-238861193.198
15740.000,-238861588.818
15741.000,-238861667.942
15742.000,-238861272.322
15743.000,-238861034.950
15744.000,-238861193.198
15745.000,-238861509.694
15746.000,-238861588.818
15747.000,-238861272.322
15748.000,-238861034.950
15749.000,-238861193.198
15750.000,-238861588.818
15751.000,-238861588.818
15752.000,-238861272.322
15753.000,-238861034.950
15754.000,-238861193.198
15755.000,-238861588.818
15756.000,-238861588.818
15757.000,-238861272.322
15758.000,-238861034.950
15759.000,-238861193.198
15760.000,-238861509.694
15761.000,-238861588.818
15762.000,-238861272.322
15763.000,-238861034.950
15764.000,-238861193.198
15765.000,-238861588.818
15766.000,-238861588.818
15767.000,-238861272.322
15768.000,-238860955.827
15769.000,-238861193.198
15770.000,-238861509.694
15771.000,-238861588.818
15772.000,-238861272.322
15773.000,-238861034.950
15774.000,-238861193.198
15775.000,-238861588.818
15776.000,-238861588.818
15777.000,-238861272.322
15778.000,-238860955.827
15779.000,-238861193.198
15780.000,-238861588.818
15781.000,-238861667.942
15782.000,-238861272.322
15783.000,-238861034.950
15784.000,-238861193.198
15785.000,-238861509.694
15786.000,-238861588.818
15787.000,-238861272.322
15788.000,-238861034.950
15789.000,-238861193.198
15790.000,-238861588.818
15791.000,-238861667.942
15792.000,-238861272.322
15793.000,-238861034.950
15794.000,-238861193.198
15795.000,-238861509.694
15796.000,-238861588.818
15797.000,-238861272.322
15798.000,-238861034.950
15799.000,-238861272.322
15800.000,-238861588.818
15801.000,-238861588.818
15802.000,-238861272.322
15803.000,-238860955.827
15804.000,-238861193.198
15805.000,-238861588.818
15806.000,-238861667.942
15807.000,-238861272.322
15808.000,-238861034.950
15809.000,-238861193.198
15810.000,-238861509.694
15811.000,-238861588.818
15812.000,-238861272.322
15813.000,-238861034.950
15814.000,-238861193.198
15815.000,-238861588.818
15816.000,-238861667.942
15817.000,-238861272.322
15818.000,-238861034.950
15819.000,-238861193.198
15820.000,-238861509.694
15821.000,-238861588.818
15822.000,-238861272.322
15823.000,-238861034.950
15824.000,-238861193.198
15825.000,-238861588.818
15826.000,-238861588.818
15827.000,-238861272.322
15828.000,-238861034.950
15829.000,-238861193.198
15830.000,-238861588.818
15831.000,-238861588.818
15832.000,-238861272.322
15833.000,-238861034.950
15834.000,-238861193.198
15835.000,-238861509.694
15836.000,-238861588.818
15837.000,-238861272.322
15838.000,-238861034.950
15839.000,-238861193.198
15840.000,-238861588.818
15841.000,-238861667.942
15842.000,-238861272.322
15843.000,-238861034.950
15844.000,-238861193.198
15845.000,-238861588.818
15846.000,-238861588.818
15847.000,-238861272.322
15848.000,-238861034.950
15849.000,-238861193.198
15850.000,-238861588.818
15851.000,-238861588.818
15852.000,-238861272.322
15853.000,-238860955.827
15854.000,-238861193.198
15855.000,-238861588.818
15856.000,-238861667.942
15857.000,-238861351.446
15858.000,-238861034.950
15859.000,-238861193.198
15860.000,-238861509.694
15861.000,-238861588.818
15862.000,-238861272.322
15863.000,-238861034.950
15864.000,-238861193.198
15865.000,-238861588.818
15866.000,-238861667.942
15867.000,-238861272.322
15868.000,-238860955.827
15869.000,-238861193.198
15870.000,-238861509.694
15871.000,-238861588.818
15872.000,-238861272.322
15873.000,-238861034.950
15874.000,-238861193.198
15875.000,-238861588.818
15876.000,-238861588.818
15877.000,-238861272.322
15878.000,-238860955.827
15879.000,-238861193.198
15880.000,-238861588.818
15881.000,-238861667.942
15882.000,-238861272.322
15883.000,-238861034.950
15884.000,-238861193.198
15885.000,-238861509.694
15886.000,-238861588.818
15887.000,-238861272.322
15888.000,-238861034.950
15889.000,-238861193.198
15890.000,-238861588.818
15891.000,-238861667.942
15892.000,-238861272.322
15893.000,-238861034.950
15894.000,-238861193.198
15895.000,-238861509.694
15896.000,-238861588.818
15897.000,-238861272.322
15898.000,-238861034.950
15899.000,-238861193.198
15900.000,-238861588.818
15901.000,-238861588.818
15902.000,-238861272.322
15903.000,-238860955.827
15904.000,-238861193.198
15905.000,-238861588.818
15906.000,-238861667.942
15907.000,-238861351.446
15908.000,-238861034.950
15909.000,-238861193.198
15910.000,-238861509.694
15911.000,-238861588.818
15912.000,-238861272.322
15913.000,-238861034.950
15914.000,-238861193.198
15915.000,-238861588.818
15916.000,-238861667.942
15917.000,-238861272.322
15918.000,-238860955.827
15919.000,-238861193.198
15920.000,-238861509.694
15921.000,-238861588.818
15922.000,-238861272.322
15923.000,-238861034.950
15924.000,-238861193.198
15925.000,-238861588.818
15926.000,-238861588.818
15927.000,-238861272.322
15928.000,-238860955.827
15929.000,-238861193.198
15930.000,-238861588.818
15931.000,-238861588.818
15932.000,-238861272.322
15933.000,-238861034.950
15934.000,-238861193.198
15935.000,-238861509.694
15936.000,-238861588.818
15937.000,-238861272.322
15938.000,-238861034.950
15939.000,-238861193.198
15940.000,-238861588.818
15941.000,-238861667.942
15942.000,-238861272.322
15943.000,-238861034.950
15944.000,-238861193.198
15945.000,-238861509.694
15946.000,-238861588.818
15947.000,-238861272.322
15948.000,-238861034.950
15949.000,-238861193.198
15950.000,-238861588.818
15951.000,-238861588.818
15952.000,-238861272.322
15953.000,-238860955.827
15954.000,-238861193.198
15955.000,-238861588.818
15956.000,-238861667.942
15957.000,-238861272.322
15958.000,-238861034.950
15959.000,-238861193.198
15960.000,-238861509.694
15961.000,-238861588.818
15962.000,-238861272.322
15963.000,-238861034.950
15964.000,-238861193.198
15965.000,-238861588.818
15966.000,-238861667.942
15967.000,-238861272.322
15968.000,-238861034.950
15969.000,-238861193.198
15970.000,-238861509.694
15971.000,-238861588.818
15972.000,-238861272.322
15973.000,-238861034.950
15974.000,-238861193.198
15975.000,-238861588.818
15976.000,-238861588.818
15977.000,-238861272.322
15978.000,-238860955.827
15979.000,-238861193.198
15980.000,-238861588.818
15981.000,-238861667.942
15982.000,-238861272.322
15983.000,-238861034.950
15984.000,-238861193.198
15985.000,-238861509.694
15986.000,-238861588.818
15987.000,-238861272.322
15988.000,-238861034.950
15989.000,-238861193.198
15990.000,-238861588.818
15991.000,-238861667.942
15992.000,-238861272.322
15993.000,-238861034.950
15994.000,-238861193.198
15995.000,-238861509.694
15996.000,-238861588.818
15997.000,-238861272.322
15998.000,-238861034.950
15999.000,-238861272.322
16000.000,-238861588.818
16001.000,-238861588.818
16002.000,-238861272.322
16003.000,-238860955.827
16004.000,-238861193.198
16005.000,-238861588.818
16006.000,-238861667.942
16007.000,-238861351.446
16008.000,-238861034.950
16009.000,-238861193.198
16010.000,-238861509.694
16011.000,-238861588.818
16012.000,-238861272.322
16013.000,-238861034.950
16014.000,-238861193.198
16015.000,-238861588.818
16016.000,-238861667.942
16017.000,-238861272.322
16018.000,-238861034.950
16019.000,-238861193.198
16020.000,-238861509.694
16021.000,-238861588.818
16022.000,-238861272.322
16023.000,-238861034.950
16024.000,-238861193.198
16025.000,-238861588.818
16026.000,-238861588.818
16027.000,-238861272.322
16028.000,-238860955.827
16029.000,-238861193.198
16030.000,-238861588.818
16031.000,-238861588.818
16032.000,-238861272.322
16033.000,-238861034.950
16034.000,-238861193.198
16035.000,-238861509.694
16036.000,-238861588.818
16037.000,-238861272.322
16038.000,-238861034.950
16039.000,-238861193.198
16040.000,-238861588.818
16041.000,-238861667.942
16042.000,-238861272.322
16043.000,-238861034.950
16044.000,-238861193.198
16045.000,-238861509.694
16046.000,-238861588.818
16047.000,-238861272.322
16048.000,-238861034.950
16049.000,-238861193.198
16050.000,-238861588.818
16051.000,-238861588.818
16052.000,-238861272.322
16053.000,-238861034.950
16054.000,-238861193.198
16055.000,-238861588.818
16056.000,-238861667.942
16057.000,-238861272.322
16058.000,-238861034.950
16059.000,-238861193.198
16060.000,-238861509.694
16061.000,-238861588.818
16062.000,-238861272.322
16063.000,-238861034.950
16064.000,-238861193.198
16065.000,-238861588.818
16066.000,-238861667.942
16067.000,-238861272.322
16068.000,-238861034.950
16069.000,-238861193.198
16070.000,-238861509.694
16071.000,-238861588.818
16072.000,-238861272.322
16073.000,-238861034.950
16074.000,-238861193.198
16075.000,-238861588.818
16076.000,-238861588.818
16077.000,-238861272.322
16078.000,-238860955.827
16079.000,-238861193.198
16080.000,-238861588.818
16081.000,-238861667.942
16082.000,-238861272.322
16083.000,-238861034.950
16084.000,-238861193.198
16085.000,-238861509.694
16086.000,-238861588.818
16087.000,-238861272.322
16088.000,-238861034.950
16089.000,-238861193.198
16090.000,-238861588.818
16091.000,-238861667.942
16092.000,-238861272.322
16093.000,-238861034.950
16094.000,-238861193.198
16095.000,-238861509.694
16096.000,-238861588.818
16097.000,-238861272.322
16098.000,-238861034.950
16099.000,-238861193.198
16100.000,-238861588.818
16101.000,-238861588.818
16102.000,-238861272.322
16103.000,-238860955.827
16104.000,-238861193.198
16105.000,-238861588.818
16106.000,-238861667.942
16107.000,-238861272.322
16108.000,-238861034.950
16109.000,-238861193.198
16110.000,-238861509.694
16111.000,-238861588.818
16112.000,-238861272.322
16113.000,-238861034.950
16114.000,-238861193.198
16115.000,-238861588.818
16116.000,-238861667.942
16117.000,-238861272.322
16118.000,-238861034.950
16119.000,-238861193.198
16120.000,-238861509.694
16121.000,-238861588.818
16122.000,-238861272.322
16123.000,-238861034.950
16124.000,-238861193.198
16125.000,-238861588.818
16126.000,-238861588.818
16127.000,-238861272.322
16128.000,-238860955.827
16129.000,-238861193.198
16130.000,-238861588.818
16131.000,-238861667.942
16132.000,-238861272.322
16133.000,-238861034.950
16134.000,-238861193.198
16135.000,-238861509.694
16136.000,-238861588.818
16137.000,-238861272.322
16138.000,-238861034.950
16139.000,-238861193.198
16140.000,-238861588.818
16141.000,-238861588.818
16142.000,-238861272.322
16143.000,-238860955.827
16144.000,-238861193.198
16145.000,-238861509.694
16146.000,-238861588.818
16147.000,-238861272.322
16148.000,-238861034.950
16149.000,-238861193.198
16150.000,-238861588.818
16151.000,-238861588.818
16152.000,-238861272.322
16153.000,-238860955.827
16154.000,-238861193.198
16155.000,-238861588.818
16156.000,-238861667.942
16157.000,-238861351.446
16158.000,-238861034.950
16159.000,-238861193.198
16160.000,-238861509.694
16161.000,-238861588.818
16162.000,-238861272.322
16163.000,-238861034.950
16164.000,-238861193.198
16165.000,-238861588.818
16166.000,-238861667.942
16167.000,-238861272.322
16168.000,-238861034.950
16169.000,-238861193.198
16170.000,-238861509.694
16171.000,-238861588.818
16172.000,-238861272.322
16173.000,-238861034.950
16174.000,-238861193.198
16175.000,-238861588.818
16176.000,-238861588.818
16177.000,-238861272.322
16178.000,-238860955.827
16179.000,-238861193.198
16180.000,-238861588.818
16181.000,-238861667.942
16182.000,-238861272.322
16183.000,-238861034.950
16184.000,-238861193.198
16185.000,-238861509.694
16186.000,-238861588.818
16187.000,-238861272.322
16188.000,-238861034.950
16189.000,-238861193.198
16190.000,-238861588.818
16191.000,-238861667.942
16192.000,-238861272.322
16193.000,-238860955.827
16194.000,-238861193.198
16195.000,-238861509.694
16196.000,-238861588.818
16197.000,-238861272.322
16198.000,-238861034.950
16199.000,-238861193.198
16200.000,-238861588.818
16201.000,-238861588.818
16202.000,-238861272.322
16203.000,-238860955.827
16204.000,-238861193.198
16205.000,-238861588.818
16206.000,-238861667.942
16207.000,-238861351.446
16208.000,-238861034.950
16209.000,-238861193.198
16210.000,-238861509.694
16211.000,-238861588.818
16212.000,-238861272.322
16213.000,-238861034.950
16214.000,-238861193.198
16215.000,-238861588.818
16216.000,-238861667.942
16217.000,-238861272.322
16218.000,-238861034.950
16219.000,-238861193.198
16220.000,-238861509.694
16221.000,-238861588.818
16222.000,-238861272.322
16223.000,-238861034.950
16224.000,-238861193.198
16225.000,-238861588.818
16226.000,-238861588.818
16227.000,-238861272.322
16228.000,-238860955.827
16229.000,-238861193.198
16230.000,-238861588.818
16231.000,-238861667.942
16232.000,-238861272.322
16233.000,-238861034.950
16234.000,-238861193.198
16235.000,-238861509.694
16236.000,-238861588.818
16237.000,-238861272.322
16238.000,-238861034.950
16239.000,-238861193.198
16240.000,-238861588.818
16241.000,-238861667.942
16242.000,-238861272.322
16243.000,-238861034.950
16244.000,-238861193.198
16245.000,-238861509.694
16246.000,-238861588.818
16247.000,-238861272.322
16248.000,-238861034.950
16249.000,-238861193.198
16250.000,-238861588.818
16251.000,-238861588.818
16252.000,-238861272.322
16253.000,-238860955.827
16254.000,-238861193.198
16255.000,-238861588.818
16256.000,-238861667.942
16257.000,-238861272.322
16258.000,-238861034.950
16259.000,-238861193.198
16260.000,-238861509.694
16261.000,-238861588.818
16262.000,-238861272.322
16263.000,-238861034.950
16264.000,-238861193.198
16265.000,-238861588.818
16266.000,-238861667.942
16267.000,-238861272.322
16268.000,-238861034.950
16269.000,-238861193.198
16270.000,-238861509.694
16271.000,-238861588.818
16272.000,-238861272.322
16273.000,-238861034.950
16274.000,-238861193.198
16275.000,-238861588.818
16276.000,-238861588.818
16277.000,-238861272.322
16278.000,-238860955.827
16279.000,-238861193.198
16280.000,-238861588.818
16281.000,-238861667.942
16282.000,-238861272.322
16283.000,-238861034.950
16284.000,-238861193.198
16285.000,-238861509.694
16286.000,-238861588.818
16287.000,-238861272.322
16288.000,-238861034.950
16289.000,-238861193.198
16290.000,-238861588.818
16291.000,-238861667.942
16292.000,-238861272.322
16293.000,-238861034.950
16294.000,-238861193.198
16295.000,-238861509.694
16296.000,-238861588.818
16297.000,-238861272.322
16298.000,-238861034.950
16299.000,-238861193.198
16300.000,-238861588.818
16301.000,-238861588.818
16302.000,-238861272.322
16303.000,-238860955.827
16304.000,-238861193.198
16305.000,-238861588.818
16306.000,-238861667.942
16307.000,-238861272.322
16308.000,-238861034.950
16309.000,-238861193.198
16310.000,-238861509.694
16311.000,-238861588.818
16312.000,-238861272.322
16313.000,-238861034.950
16314.000,-238861193.198
16315.000,-238861588.818
16316.000,-238861667.942
16317.000,-238861272.322
16318.000,-238861034.950
16319.000,-238861193.198
16320.000,-238861509.694
16321.000,-238861588.818
16322.000,-238861272.322
16323.000,-238861034.950
16324.000,-238861193.198
16325.000,-238861588.818
16326.000,-238861588.818
16327.000,-238861272.322
16328.000,-238861034.950
16329.000,-238861193.198
16330.000,-238861588.818
16331.000,-238861667.942
16332.000,-238861272.322
16333.000,-238861034.950
16334.000,-238861193.198
16335.000,-238861509.694
16336.000,-238861588.818
16337.000,-238861272.322
16338.000,-238861034.950
16339.000,-238861193.198
16340.000,-238861588.818
16341.000,-238861667.942
16342.000,-238861272.322
16343.000,-238860955.827
16344.000,-238861193.198
16345.000,-238861509.694
16346.000,-238861588.818
16347.000,-238861272.322
16348.000,-238861034.950
16349.000,-238861193.198
16350.000,-238861588.818
16351.000,-238861588.818
16352.000,-238861272.322
16353.000,-238860955.827
16354.000,-238861193.198
16355.000,-238861588.818
16356.000,-238861667.942
16357.000,-238861272.322
16358.000,-238861034.950
16359.000,-238861193.198
16360.000,-238861509.694
16361.000,-238861588.818
16362.000,-238861272.322
16363.000,-238861034.950
16364.000,-238861193.198
16365.000,-238861588.818
16366.000,-238861667.942
16367.000,-238861272.322
16368.000,-238861034.950
16369.000,-238861193.198
16370.000,-238861509.694
16371.000,-238861588.818
16372.000,-238861272.322
16373.000,-238861034.950
16374.000,-238861193.198
16375.000,-238861588.818
16376.000,-238861588.818
16377.000,-238861272.322
16378.000,-238861034.950
16379.000,-238861193.198
16380.000,-238861588.818
16381.000,-238861667.942
16382.000,-238861272.322
16383.000,-238861034.950
16384.000,-238861193.198
16385.000,-238861509.694
16386.000,-238861588.818
16387.000,-238861272.322
16388.000,-238861034.950
16389.000,-238861193.198
16390.000,-238861588.818
16391.000,-238861588.818
16392.000,-238861272.322
16393.000,-238860955.827
16394.000,-238861193.198
16395.000,-238861509.694
16396.000,-238861588.818
16397.000,-238861272.322
16398.000,-238861034.950
16399.000,-238861193.198
16400.000,-238861588.818
16401.000,-238861588.818
16402.000,-238861272.322
16403.000,-238860955.827
16404.000,-238861193.198
16405.000,-238861588.818
16406.000,-238861667.942
16407.000,-238861351.446
16408.000,-238861034.950
16409.000,-238861193.198
16410.000,-238861509.694
16411.000,-238861588.818
16412.000,-238861272.322
16413.000,-238861034.950
16414.000,-238861193.198
16415.000,-238861588.818
16416.000,-238861667.942
16417.000,-238861272.322
16418.000,-238860955.827
16419.000,-238861114.074
16420.000,-238861509.694
16421.000,-238861588.818
16422.000,-238861272.322
16423.000,-238861034.950
16424.000,-238861193.198
16425.000,-238861588.818
16426.000,-238861588.818
16427.000,-238861272.322
16428.000,-238860955.827
16429.000,-238861193.198
16430.000,-238861588.818
16431.000,-238861667.942
16432.000,-238861351.446
16433.000,-238861034.950
16434.000,-238861193.198
16435.000,-238861509.694
16436.000,-238861588.818
16437.000,-238861272.322
16438.000,-238861034.950
16439.000,-238861193.198
16440.000,-238861588.818
16441.000,-238861667.942
16442.000,-238861272.322
16443.000,-238861034.950
16444.000,-238861193.198
16445.000,-238861509.694
16446.000,-238861588.818
16447.000,-238861272.322
16448.000,-238861034.950
16449.000,-238861193.198
16450.000,-238861588.818
16451.000,-238861588.818
16452.000,-238861272.322
16453.000,-238860955.827
16454.000,-238861193.198
16455.000,-238861588.818
16456.000,-238861667.942
16457.000,-238861272.322
16458.000,-238861034.950
16459.000,-238861193.198
16460.000,-238861509.694
16461.000,-238861588.818
16462.000,-238861272.322
16463.000,-238861034.950
16464.000,-238861193.198
16465.000,-238861588.818
16466.000,-238861667.942
16467.000,-238861272.322
16468.000,-238861034.950
16469.000,-238861193.198
16470.000,-238861509.694
16471.000,-238861588.818
16472.000,-238861272.322
16473.000,-238861034.950
16474.000,-238861193.198
16475.000,-238861588.818
16476.000,-238861588.818
16477.000,-238861272.322
16478.000,-238860955.827
16479.000,-238861193.198
16480.000,-238861588.818
16481.000,-238861667.942
16482.000,-238861351.446
16483.000,-238861034.950
16484.000,-238861193.198
16485.000,-238861509.694
16486.000,-238861588.818
16487.000,-238861272.322
16488.000,-238861034.950
16489.000,-238861193.198
16490.000,-238861588.818
16491.000,-238861667.942
16492.000,-238861272.322
16493.000,-238861034.950
16494.000,-238861193.198
16495.000,-238861509.694
16496.000,-238861588.818
16497.000,-238861272.322
16498.000,-238861034.950
16499.000,-238861193.198
16500.000,-238861588.818
16501.000,-238861588.818
16502.000,-238861272.322
16503.000,-238860955.827
16504.000,-238861193.198
16505.000,-238861588.818
16506.000,-238861667.942
16507.000,-238861351.446
16508.000,-238861034.950
16509.000,-238861193.198
16510.000,-238861509.694
16511.000,-238861588.818
16512.000,-238861272.322
16513.000,-238861034.950
16514.000,-238861193.198
16515.000,-238861588.818
16516.000,-238861667.942
16517.000,-238861272.322
16518.000,-238861034.950
16519.000,-238861193.198
16520.000,-238861509.694
16521.000,-238861588.818
16522.000,-238861272.322
16523.000,-238861034.950
16524.000,-238861193.198
16525.000,-238861588.818
16526.000,-238861588.818
16527.000,-238861272.322
16528.000,-238861034.950
16529.000,-238861193.198
16530.000,-238861588.818
16531.000,-238861667.942
16532.000,-238861272.322
16533.000,-238861034.950
16534.000,-238861193.198
16535.000,-238861509.694
16536.000,-238861588.818
16537.000,-238861272.322
16538.000,-238861034.950
16539.000,-238861193.198
16540.000,-238861588.818
16541.000,-238861667.942
16542.000,-238861272.322
16543.000,-238861034.950
16544.000,-238861193.198
16545.000,-238861509.694
16546.000,-238861588.818
16547.000,-238861272.322
16548.000,-238861034.950
16549.000,-238861193.198
16550.000,-238861588.818
16551.000,-238861588.818
16552.000,-238861272.322
16553.000,-238861034.950
16554.000,-238861193.198
16555.000,-238861588.818
16556.000,-238861667.942
16557.000,-238861351.446
16558.000,-238861034.950
16559.000,-238861193.198
16560.000,-238861509.694
16561.000,-238861588.818
16562.000,-238861272.322
16563.000,-238861034.950
16564.000,-238861193.198
16565.000,-238861588.818
16566.000,-238861667.942
16567.000,-238861272.322
16568.000,-238861034.950
16569.000,-238861193.198
16570.000,-238861509.694
16571.000,-238861588.818
16572.000,-238861272.322
16573.000,-238861034.950
16574.000,-238861193.198
16575.000,-238861588.818
16576.000,-238861588.818
16577.000,-238861272.322
16578.000,-238861034.950
16579.000,-238861193.198
16580.000,-238861588.818
16581.000,-238861667.942
16582.000,-238861272.322
16583.000,-238861034.950
16584.000,-238861193.198
16585.000,-238861509.694
16586.000,-238861588.818
16587.000,-238861272.322
16588.000,-238861034.950
16589.000,-238861193.198
16590.000,-238861588.818
16591.000,-238861667.942
16592.000,-238861272.322
16593.000,-238861034.950
16594.000,-238861193.198
16595.000,-238861509.694
16596.000,-238861588.818
16597.000,-238861272.322
16598.000,-238861034.950
16599.000,-238861193.198
16600.000,-238861588.818
16601.000,-238861588.818
16602.000,-238861272.322
16603.000,-238861034.950
16604.000,-238861193.198
16605.000,-238861588.818
16606.000,-238861667.942
16607.000,-238861272.322
16608.000,-238861034.950
16609.000,-238861193.198
16610.000,-238861509.694
16611.000,-238861588.818
16612.000,-238861272.322
16613.000,-238861034.950
16614.000,-238861193.198
16615.000,-238861588.818
16616.000,-238861667.942
16617.000,-238861272.322
16618.000,-238861034.950
16619.000,-238861193.198
16620.000,-238861509.694
16621.000,-238861588.818
16622.000,-238861272.322
16623.000,-238861034.950
16624.000,-238861193.198
16625.000,-238861588.818
16626.000,-238861588.818
16627.000,-238861272.322
16628.000,-238861034.950
16629.000,-238861193.198
16630.000,-238861588.818
16631.000,-238861667.942
16632.000,-238861351.446
16633.000,-238861034.950
16634.000,-238861193.198
16635.000,-238861509.694
16636.000,-238861588.818
16637.000,-238861272.322
16638.000,-238861034.950
16639.000,-238861193.198
16640.000,-238861588.818
16641.000,-238861667.942
16642.000,-238861272.322
16643.000,-238861034.950
16644.000,-238861193.198
16645.000,-238861509.694
16646.000,-238861588.818
16647.000,-238861272.322
16648.000,-238861034.950
16649.000,-238861193.198
16650.000,-238861588.818
16651.000,-238861588.818
16652.000,-238861272.322
16653.000,-238861034.950
16654.000,-238861193.198
16655.000,-238861588.818
16656.000,-238861667.942
16657.000,-238861272.322
16658.000,-238861034.950
16659.000,-238861193.198
16660.000,-238861509.694
16661.000,-238861588.818
16662.000,-238861272.322
16663.000,-238861034.950
16664.000,-238861193.198
16665.000,-238861588.818
16666.000,-238861667.942
16667.000,-238861272.322
16668.000,-238861034.950
16669.000,-238861193.198
16670.000,-238861509.694
16671.000,-238861588.818
16672.000,-238861272.322
16673.000,-238861034.950
16674.000,-238861193.198
16675.000,-238861588.818
16676.000,-238861588.818
16677.000,-238861272.322
16678.000,-238860955.827
16679.000,-238861193.198
16680.000,-238861588.818
16681.000,-238861667.942
16682.000,-238861351.446
16683.000,-238861034.950
16684.000,-238861193.198
16685.000,-238861509.694
16686.000,-238861588.818
16687.000,-238861272.322
16688.000,-238861034.950
16689.000,-238861193.198
16690.000,-238861588.818
16691.000,-238861667.942
16692.000,-238861272.322
16693.000,-238861034.950
16694.000,-238861193.198
16695.000,-238861509.694
16696.000,-238861588.818
16697.000,-238861272.322
16698.000,-238861034.950
16699.000,-238861193.198
16700.000,-238861588.818
16701.000,-238861588.818
16702.000,-238861272.322
16703.000,-238860955.827
16704.000,-238861193.198
16705.000,-238861588.818
16706.000,-238861667.942
16707.000,-238861272.322
16708.000,-238861034.950
16709.000,-238861193.198
16710.000,-238861509.694
16711.000,-238861588.818
16712.000,-238861272.322
16713.000,-238861034.950
16714.000,-238861193.198
16715.000,-238861588.818
16716.000,-238861667.942
16717.000,-238861272.322
16718.000,-238861034.950
16719.000,-238861193.198
16720.000,-238861509.694
16721.000,-238861588.818
16722.000,-238861272.322
16723.000,-238861034.950
16724.000,-238861193.198
16725.000,-238861588.818
16726.000,-238861588.818
16727.000,-238861272.322
16728.000,-238861034.950
16729.000,-238861193.198
16730.000,-238861588.818
16731.000,-238861667.942
16732.000,-238861351.446
16733.000,-238861034.950
16734.000,-238861193.198
16735.000,-238861509.694
16736.000,-238861588.818
16737.000,-238861272.322
16738.000,-238861034.950
16739.000,-238861193.198
16740.000,-238861588.818
16741.000,-238861667.942
16742.000,-238861272.322
16743.000,-238861034.950
16744.000,-238861193.198
16745.000,-238861509.694
16746.000,-238861588.818
16747.000,-238861272.322
16748.000,-238861034.950
16749.000,-238861193.198
16750.000,-238861588.818
16751.000,-238861588.818
16752.000,-238861272.322
16753.000,-238860955.827
16754.000,-238861193.198
16755.000,-238861588.818
16756.000,-238861667.942
16757.000,-238861351.446
16758.000,-238861034.950
16759.000,-238861193.198
16760.000,-238861509.694
16761.000,-238861588.818
16762.000,-238861272.322
16763.000,-238861034.950
16764.000,-238861193.198
16765.000,-238861588.818
16766.000,-238861667.942
16767.000,-238861272.322
16768.000,-238861034.950
16769.000,-238861193.198
16770.000,-238861509.694
16771.000,-238861588.818
16772.000,-238861272.322
16773.000,-238861034.950
16774.000,-238861193.198
16775.000,-238861588.818
16776.000,-238861588.818
16777.000,-238861272.322
16778.000,-238860955.827
16779.000,-238861193.198
16780.000,-238861588.818
16781.000,-238861667.942
16782.000,-238861351.446
16783.000,-238861034.950
16784.000,-238861193.198
16785.000,-238861509.694
16786.000,-238861588.818
16787.000,-238861272.322
16788.000,-238861034.950
16789.000,-238861193.198
16790.000,-238861588.818
16791.000,-238861667.942
16792.000,-238861272.322
16793.000,-238861034.950
16794.000,-238861193.198
16795.000,-238861509.694
16796.000,-238861588.818
16797.000,-238861272.322
16798.000,-238861034.950
16799.000,-238861193.198
16800.000,-238861588.818
16801.000,-238861588.818
16802.000,-238861272.322
16803.000,-238860955.827
16804.000,-238861193.198
16805.000,-238861588.818
16806.000,-238861667.942
16807.000,-238861351.446
16808.000,-238861034.950
16809.000,-238861193.198
16810.000,-238861509.694
16811.000,-238861588.818
16812.000,-238861272.322
16813.000,-238861034.950
16814.000,-238861193.198
16815.000,-238861588.818
16816.000,-238861667.942
16817.000,-238861272.322
16818.000,-238861034.950
16819.000,-238861193.198
16820.000,-238861509.694
16821.000,-238861588.818
16822.000,-238861272.322
16823.000,-238861034.950
16824.000,-238861193.198
16825.000,-238861588.818
16826.000,-238861588.818
16827.000,-238861272.322
16828.000,-238861034.950
16829.000,-238861193.198
16830.000,-238861588.818
16831.000,-238861667.942
16832.000,-238861351.446
16833.000,-238861034.950
16834.000,-238861193.198
16835.000,-238861509.694
16836.000,-238861588.818
16837.000,-238861272.322
16838.000,-238861034.950
16839.000,-238861193.198
16840.000,-238861588.818
16841.000,-238861667.942
16842.000,-238861272.322
16843.000,-238861034.950
16844.000,-238861193.198
16845.000,-238861509.694
16846.000,-238861588.818
16847.000,-238861272.322
16848.000,-238861034.950
16849.000,-238861193.198
16850.000,-238861588.818
16851.000,-238861588.818
16852.000,-238861272.322
16853.000,-238861034.950
16854.000,-238861193.198
16855.000,-238861588.818
16856.000,-238861667.942
16857.000,-238861272.322
16858.000,-238861034.950
16859.000,-238861193.198
16860.000,-238861509.694
16861.000,-238861588.818
16862.000,-238861272.322
16863.000,-238861034.950
16864.000,-238861193.198
16865.000,-238861588.818
16866.000,-238861667.942
16867.000,-238861272.322
16868.000,-238861034.950
16869.000,-238861193.198
16870.000,-238861509.694
16871.000,-238861588.818
16872.000,-238861272.322
16873.000,-238861034.950
16874.000,-238861193.198
16875.000,-238861588.818
16876.000,-238861588.818
16877.000,-238861272.322
16878.000,-238861034.950
16879.000,-238861193.198
16880.000,-238861588.818
16881.000,-238861667.942
16882.000,-238861351.446
16883.000,-238861034.950
16884.000,-238861193.198
16885.000,-238861509.694
16886.000,-238861588.818
16887.000,-238861272.322
16888.000,-238861034.950
16889.000,-238861193.198
16890.000,-238861588.818
16891.000,-238861667.942
16892.000,-238861272.322
16893.000,-238861034.950
16894.000,-238861193.198
16895.000,-238861509.694
16896.000,-238861588.818
16897.000,-238861272.322
16898.000,-238861034.950
16899.000,-238861193.198
16900.000,-238861588.818
16901.000,-238861588.818
16902.000,-238861272.322
16903.000,-238860955.827
16904.000,-238861193.198
16905.000,-238861588.818
16906.000,-238861667.942
16907.000,-238861351.446
16908.000,-238861034.950
16909.000,-238861193.198
16910.000,-238861509.694
16911.000,-238861588.818
16912.000,-238861272.322
16913.000,-238861034.950
16914.000,-238861193.198
16915.000,-238861588.818
16916.000,-238861667.942
16917.000,-238861272.322
16918.000,-238861034.950
16919.000,-238861114.074
16920.000,-238861509.694
16921.000,-238861588.818
16922.000,-238861272.322
16923.000,-238861034.950
16924.000,-238861193.198
16925.000,-238861588.818
16926.000,-238861588.818
16927.000,-238861272.322
16928.000,-238860955.827
16929.000,-238861193.198
16930.000,-238861588.818
16931.000,-238861667.942
16932.000,-238861351.446
16933.000,-238861034.950
16934.000,-238861193.198
16935.000,-238861509.694
16936.000,-238861588.818
16937.000,-238861272.322
16938.000,-238861034.950
16939.000,-238861193.198
16940.000,-238861588.818
16941.000,-238861667.942
16942.000,-238861272.322
16943.000,-238861034.950
16944.000,-238861193.198
16945.000,-238861509.694
16946.000,-238861588.818
16947.000,-238861272.322
16948.000,-238861034.950
16949.000,-238861193.198
16950.000,-238861588.818
16951.000,-238861588.818
16952.000,-238861272.322
16953.000,-238861034.950
16954.000,-238861193.198
16955.000,-238861588.818
16956.000,-238861667.942
16957.000,-238861351.446
16958.000,-238861034.950
16959.000,-238861193.198
16960.000,-238861509.694
16961.000,-238861588.818
16962.000,-238861272.322
16963.000,-238861034.950
16964.000,-238861193.198
16965.000,-238861588.818
16966.000,-238861667.942
16967.000,-238861272.322
16968.000,-238861034.950
16969.000,-238861114.074
16970.000,-238861509.694
16971.000,-238861588.818
16972.000,-238861272.322
16973.000,-238861034.950
16974.000,-238861193.198
16975.000,-238861588.818
16976.000,-238861588.818
16977.000,-238861272.322
16978.000,-238860955.827
16979.000,-238861193.198
16980.000,-238861588.818
16981.000,-238861667.942
16982.000,-238861351.446
16983.000,-238861034.950
16984.000,-238861193.198
16985.000,-238861509.694
16986.000,-238861588.818
16987.000,-238861272.322
16988.000,-238861034.950
16989.000,-238861193.198
16990.000,-238861588.818
16991.000,-238861667.942
16992.000,-238861272.322
16993.000,-238861034.950
16994.000,-238861114.074
16995.000,-238861509.694
16996.000,-238861588.818
16997.000,-238861272.322
16998.000,-238861034.950
16999.000,-238861193.198
17000.000,-238861588.818
17001.000,-238861588.818
17002.000,-238861272.322
17003.000,-238860955.827
17004.000,-238861114.074
17005.000,-238861509.694
17006.000,-238861667.942
17007.000,-238861351.446
17008.000,-238861034.950
17009.000,-238861193.198
17010.000,-238861509.694
17011.000,-238861588.818
17012.000,-238861272.322
17013.000,-238861034.950
17014.000,-238861193.198
17015.000,-238861588.818
17016.000,-238861667.942
17017.000,-238861272.322
17018.000,-238861034.950
17019.000,-238861114.074
17020.000,-238861509.694
17021.000,-238861588.818
17022.000,-238861272.322
17023.000,-238861034.950
17024.000,-238861193.198
17025.000,-238861588.818
17026.000,-238861588.818
17027.000,-238861272.322
17028.000,-238860955.827
17029.000,-238861193.198
17030.000,-238861509.694
17031.000,-238861667.942
17032.000,-238861351.446
17033.000,-238861034.950
17034.000,-238861193.198
17035.000,-238861509.694
17036.000,-238861588.818
17037.000,-238861272.322
17038.000,-238861034.950
17039.000,-238861193.198
17040.000,-238861588.818
17041.000,-238861667.942
17042.000,-238861272.322
17043.000,-238861034.950
17044.000,-238861114.074
17045.000,-238861509.694
17046.000,-238861588.818
17047.000,-238861272.322
17048.000,-238861034.950
17049.000,-238861193.198
17050.000,-238861588.818
17051.000,-238861588.818
17052.000,-238861272.322
17053.000,-238860955.827
17054.000,-238861114.074
17055.000,-238861509.694
17056.000,-238861667.942
17057.000,-238861351.446
17058.000,-238861034.950
17059.000,-238861193.198
17060.000,-238861509.694
17061.000,-238861588.818
17062.000,-238861272.322
17063.000,-238861034.950
17064.000,-238861193.198
17065.000,-238861588.818
17066.000,-238861667.942
17067.000,-238861272.322
17068.000,-238861034.950
17069.000,-238861193.198
17070.000,-238861509.694
17071.000,-238861588.818
17072.000,-238861272.322
17073.000,-238861034.950
17074.000,-238861193.198
17075.000,-238861588.818
17076.000,-238861588.818
17077.000,-238861272.322
17078.000,-238860955.827
17079.000,-238861193.198
17080.000,-238861509.694
17081.000,-238861667.942
17082.000,-238861351.446
17083.000,-238861034.950
17084.000,-238861193.198
17085.000,-238861509.694
17086.000,-238861588.818
17087.000,-238861272.322
17088.000,-238861034.950
17089.000,-238861193.198
17090.000,-238861588.818
17091.000,-238861667.942
17092.000,-238861272.322
17093.000,-238861034.950
17094.000,-238861193.198
17095.000,-238861509.694
17096.000,-238861588.818
17097.000,-238861272.322
17098.000,-238861034.950
17099.000,-238861193.198
17100.000,-238861588.818
17101.000,-238861588.818
17102.000,-238861272.322
17103.000,-238860955.827
17104.000,-238861114.074
17105.000,-238861509.694
17106.000,-238861667.942
17107.000,-238861351.446
17108.000,-238861034.950
17109.000,-238861193.198
17110.000,-238861509.694
17111.000,-238861588.818
17112.000,-238861272.322
17113.000,-238861034.950
17114.000,-238861193.198
17115.000,-238861588.818
17116.000,-238861667.942
17117.000,-238861272.322
17118.000,-238861034.950
17119.000,-238861193.198
17120.000,-238861509.694
17121.000,-238861588.818
17122.000,-238861272.322
17123.000,-238861034.950
17124.000,-238861193.198
17125.000,-238861588.818
17126.000,-238861588.818
17127.000,-238861272.322
17128.000,-238860955.827
17129.000,-238861193.198
17130.000,-238861588.818
17131.000,-238861667.942
17132.000,-238861351.446
17133.000,-238861034.950
17134.000,-238861193.198
17135.000,-238861509.694
17136.000,-238861588.818
17137.000,-238861272.322
17138.000,-238861034.950
17139.000,-238861193.198
17140.000,-238861588.818
17141.000,-238861667.942
17142.000,-238861272.322
17143.000,-238861034.950
17144.000,-238861193.198
17145.000,-238861509.694
17146.000,-238861588.818
17147.000,-238861272.322
17148.000,-238861034.950
17149.000,-238861193.198
17150.000,-238861588.818
17151.000,-238861588.818
17152.000,-238861272.322
17153.000,-238861034.950
17154.000,-238861193.198
17155.000,-238861509.694
17156.000,-238861667.942
17157.000,-238861351.446
17158.000,-238861034.950
17159.000,-238861193.198
17160.000,-238861509.694
17161.000,-238861588.818
17162.000,-238861272.322
17163.000,-238861034.950
17164.000,-238861193.198
17165.000,-238861588.818
17166.000,-238861667.942
17167.000,-238861272.322
17168.000,-238861034.950
17169.000,-238861193.198
17170.000,-238861509.694
17171.000,-238861588.818
17172.000,-238861272.322
17173.000,-238861034.950
17174.000,-238861193.198
17175.000,-238861588.818
17176.000,-238861588.818
17177.000,-238861272.322
17178.000,-238861034.950
17179.000,-238861193.198
17180.000,-238861588.818
17181.000,-238861667.942
17182.000,-238861351.446
17183.000,-238861034.950
17184.000,-238861193.198
17185.000,-238861509.694
17186.000,-238861588.818
17187.000,-238861272.322
17188.000,-238861034.950
17189.000,-238861193.198
17190.000,-238861588.818
17191.000,-238861667.942
17192.000,-238861272.322
17193.000,-238861034.950
17194.000,-238861114.074
17195.000,-238861509.694
17196.000,-238861588.818
17197.000,-238861272.322
17198.000,-238861034.950
17199.000,-238861193.198
17200.000,-238861588.818
17201.000,-238861588.818
17202.000,-238861272.322
17203.000,-238860955.827
17204.000,-238861193.198
17205.000,-238861509.694
17206.000,-238861667.942
17207.000,-238861351.446
17208.000,-238861034.950
17209.000,-238861193.198
17210.000,-238861509.694
17211.000,-238861588.818
17212.000,-238861272.322
17213.000,-238861034.950
17214.000,-238861193.198
17215.000,-238861588.818
17216.000,-238861667.942
17217.000,-238861351.446
17218.000,-238861034.950
17219.000,-238861193.198
17220.000,-238861509.694
17221.000,-238861588.818
17222.000,-238861272.322
17223.000,-238861034.950
17224.000,-238861193.198
17225.000,-238861588.818
17226.000,-238861588.818
17227.000,-238861272.322
17228.000,-238861034.950
17229.000,-238861193.198
17230.000,-238861588.818
17231.000,-238861667.942
17232.000,-238861351.446
17233.000,-238861034.950
17234.000,-238861193.198
17235.000,-238861509.694
17236.000,-238861588.818
17237.000,-238861272.322
17238.000,-238861034.950
17239.000,-238861193.198
17240.000,-238861588.818
17241.000,-238861667.942
17242.000,-238861272.322
17243.000,-238861034.950
17244.000,-238861114.074
17245.000,-238861509.694
17246.000,-238861588.818
17247.000,-238861351.446
17248.000,-238861034.950
17249.000,-238861193.198
17250.000,-238861588.818
17251.000,-238861588.818
17252.000,-238861272.322
17253.000,-238860955.827
17254.000,-238861193.198
17255.000,-238861588.818
17256.000,-238861667.942
17257.000,-238861351.446
17258.000,-238861034.950
17259.000,-238861193.198
17260.000,-238861509.694
17261.000,-238861588.818
17262.000,-238861272.322
17263.000,-238861034.950
17264.000,-238861193.198
17265.000,-238861588.818
17266.000,-238861667.942
17267.000,-238861272.322
17268.000,-238861034.950
17269.000,-238861114.074
17270.000,-238861509.694
17271.000,-238861588.818
17272.000,-238861272.322
17273.000,-238861034.950
17274.000,-238861193.198
17275.000,-238861588.818
17276.000,-238861588.818
17277.000,-238861272.322
17278.000,-238860955.827
17279.000,-238861114.074
17280.000,-238861509.694
17281.000,-238861667.942
17282.000,-238861351.446
17283.000,-238861034.950
17284.000,-238861193.198
17285.000,-238861509.694
17286.000,-238861588.818
17287.000,-238861272.322
17288.000,-238861034.950
17289.000,-238861193.198
17290.000,-238861588.818
17291.000,-238861667.942
17292.000,-238861272.322
17293.000,-238861034.950
17294.000,-238861114.074
17295.000,-238861509.694
17296.000,-238861588.818
17297.000,-238861272.322
17298.000,-238861034.950
17299.000,-238861193.198
17300.000,-238861588.818
17301.000,-238861588.818
17302.000,-238861272.322
17303.000,-238860955.827
17304.000,-238861114.074
17305.000,-238861509.694
17306.000,-238861667.942
17307.000,-238861351.446
17308.000,-238861034.950
17309.000,-238861193.198
17310.000,-238861509.694
17311.000,-238861588.818
17312.000,-238861272.322
17313.000,-238861034.950
17314.000,-238861193.198
17315.000,-238861588.818
17316.000,-238861667.942
17317.000,-238861272.322
17318.000,-238861034.950
17319.000,-238861114.074
17320.000,-238861509.694
17321.000,-238861588.818
17322.000,-238861351.446
17323.000,-238861034.950
17324.000,-238861193.198
17325.000,-238861588.818
17326.000,-238861588.818
17327.000,-238861272.322
17328.000,-238860955.827
17329.000,-238861193.198
17330.000,-238861588.818
17331.000,-238861667.942
17332.000,-238861351.446
17333.000,-238861034.950
17334.000,-238861193.198
17335.000,-238861509.694
17336.000,-238861588.818
17337.000,-238861272.322
17338.000,-238861034.950
17339.000,-238861193.198
17340.000,-238861588.818
17341.000,-238861667.942
17342.000,-238861272.322
17343.000,-238861034.950
17344.000,-238861114.074
17345.000,-238861509.694
17346.000,-238861588.818
17347.000,-238861351.446
17348.000,-238861034.950
17349.000,-238861193.198
17350.000,-238861588.818
17351.000,-238861588.818
17352.000,-238861272.322
17353.000,-238860955.827
17354.000,-238861114.074
17355.000,-238861509.694
17356.000,-238861667.942
17357.000,-238861351.446
17358.000,-238861034.950
17359.000,-238861193.198
17360.000,-238861509.694
17361.000,-238861588.818
17362.000,-238861272.322
17363.000,-238861034.950
17364.000,-238861193.198
17365.000,-238861588.818
17366.000,-238861667.942
17367.000,-238861351.446
17368.000,-238861034.950
17369.000,-238861114.074
17370.000,-238861509.694
17371.000,-238861588.818
17372.000,-238861272.322
17373.000,-238861034.950
17374.000,-238861193.198
17375.000,-238861588.818
17376.000,-238861588.818
17377.000,-238861272.322
17378.000,-238860955.827
17379.000,-238861193.198
17380.000,-238861588.818
17381.000,-238861667.942
17382.000,-238861351.446
17383.000,-238861034.950
17384.000,-238861193.198
17385.000,-238861509.694
17386.000,-238861588.818
17387.000,-238861272.322
17388.000,-238861034.950
17389.000,-238861193.198
17390.000,-238861588.818
17391.000,-238861667.942
17392.000,-238861351.446
17393.000,-238861034.950
17394.000,-238861114.074
17395.000,-238861509.694
17396.000,-238861588.818
17397.000,-238861351.446
17398.000,-238861034.950
17399.000,-238861193.198
17400.000,-238861588.818
17401.000,-238861588.818
17402.000,-238861272.322
17403.000,-238860955.827
17404.000,-238861193.198
17405.000,-238861588.818
17406.000,-238861667.942
17407.000,-238861351.446
17408.000,-238861034.950
17409.000,-238861193.198
17410.000,-238861509.694
17411.000,-238861588.818
17412.000,-238861272.322
17413.000,-238861034.950
17414.000,-238861193.198
17415.000,-238861588.818
17416.000,-238861667.942
17417.000,-238861351.446
17418.000,-238861034.950
17419.000,-238861114.074
17420.000,-238861509.694
17421.000,-238861588.818
17422.000,-238861351.446
17423.000,-238861034.950
17424.000,-238861193.198
17425.000,-238861588.818
17426.000,-238861588.818
17427.000,-238861272.322
17428.000,-238861034.950
17429.000,-238861193.198
17430.000,-238861588.818
17431.000,-238861667.942
17432.000,-238861351.446
17433.000,-238861034.950
17434.000,-238861193.198
17435.000,-238861509.694
17436.000,-238861588.818
17437.000,-238861272.322
17438.000,-238861034.950
17439.000,-238861193.198
17440.000,-238861588.818
17441.000,-238861667.942
17442.000,-238861272.322
17443.000,-238861034.950
17444.000,-238861114.074
17445.000,-238861509.694
17446.000,-238861588.818
17447.000,-238861351.446
17448.000,-238861034.950
17449.000,-238861193.198
17450.000,-238861588.818
17451.000,-238861588.818
17452.000,-238861272.322
17453.000,-238860955.827
17454.000,-238861193.198
17455.000,-238861588.818
17456.000,-238861667.942
17457.000,-238861351.446
17458.000,-238861034.950
17459.000,-238861193.198
17460.000,-238861509.694
17461.000,-238861588.818
17462.000,-238861272.322
17463.000,-238861034.950
17464.000,-238861193.198
17465.000,-238861588.818
17466.000,-238861667.942
17467.000,-238861272.322
17468.000,-238861034.950
17469.000,-238861114.074
17470.000,-238861509.694
17471.000,-238861588.818
17472.000,-238861272.322
17473.000,-238861034.950
17474.000,-238861193.198
17475.000,-238861588.818
17476.000,-238861588.818
17477.000,-238861272.322
17478.000,-238860955.827
17479.000,-238861114.074
17480.000,-238861509.694
17481.000,-238861667.942
17482.000,-238861351.446
17483.000,-238861034.950
17484.000,-238861193.198
17485.000,-238861509.694
17486.000,-238861588.818
17487.000,-238861272.322
17488.000,-238861034.950
17489.000,-238861193.198
17490.000,-238861588.818
17491.000,-238861667.942
17492.000,-238861351.446
17493.000,-238861034.950
17494.000,-238861114.074
17495.000,-238861509.694
17496.000,-238861588.818
17497.000,-238861351.446
17498.000,-238861034.950
17499.000,-238861193.198
17500.000,-238861588.818
17501.000,-238861588.818
17502.000,-238861272.322
17503.000,-238861034.950
17504.000,-238861193.198
17505.000,-238861588.818
17506.000,-238861667.942
17507.000,-238861351.446
17508.000,-238861034.950
17509.000,-238861193.198
17510.000,-238861509.694
17511.000,-238861588.818
17512.000,-238861272.322
17513.000,-238861034.950
17514.000,-238861193.198
17515.000,-238861588.818
17516.000,-238861667.942
17517.000,-238861272.322
17518.000,-238861034.950
17519.000,-238861114.074
17520.000,-238861509.694
17521.000,-238861588.818
17522.000,-238861272.322
17523.000,-238861034.950
17524.000,-238861193.198
17525.000,-238861588.818
17526.000,-238861588.818
17527.000,-238861272.322
17528.000,-238860955.827
17529.000,-238861193.198
17530.000,-238861509.694
17531.000,-238861667.942
17532.000,-238861351.446
17533.000,-238861034.950
17534.000,-238861193.198
17535.000,-238861509.694
17536.000,-238861588.818
17537.000,-238861272.322
17538.000,-238861034.950
17539.000,-238861193.198
17540.000,-238861588.818
17541.000,-238861667.942
17542.000,-238861351.446
17543.000,-238861034.950
17544.000,-238861114.074
17545.000,-238861509.694
17546.000,-238861588.818
17547.000,-238861351.446
17548.000,-238861034.950
17549.000,-238861193.198
17550.000,-238861588.818
17551.000,-238861588.818
17552.000,-238861272.322
17553.000,-238860955.827
17554.000,-238861193.198
17555.000,-238861509.694
17556.000,-238861667.942
17557.000,-238861351.446
17558.000,-238861034.950
17559.000,-238861193.198
17560.000,-238861509.694
17561.000,-238861588.818
17562.000,-238861272.322
17563.000,-238861034.950
17564.000,-238861193.198
17565.000,-238861588.818
17566.000,-238861667.942
17567.000,-238861351.446
17568.000,-238861034.950
17569.000,-238861114.074
17570.000,-238861509.694
17571.000,-238861588.818
17572.000,-238861272.322
17573.000,-238861034.950
17574.000,-238861193.198
17575.000,-238861588.818
17576.000,-238861588.818
17577.000,-238861272.322
17578.000,-238861034.950
17579.000,-238861193.198
17580.000,-238861509.694
17581.000,-238861667.942
17582.000,-238861351.446
17583.000,-238861034.950
17584.000,-238861193.198
17585.000,-238861509.694
17586.000,-238861588.818
17587.000,-238861272.322
17588.000,-238861034.950
17589.000,-238861193.198
17590.000,-238861588.818
17591.000,-238861667.942
17592.000,-238861351.446
17593.000,-238861034.950
17594.000,-238861193.198
17595.000,-238861509.694
17596.000,-238861588.818
17597.000,-238861351.446
17598.000,-238861034.950
17599.000,-238861193.198
17600.000,-238861588.818
17601.000,-238861588.818
17602.000,-238861272.322
17603.000,-238861034.950
17604.000,-238861193.198
17605.000,-238861588.818
17606.000,-238861667.942
17607.000,-238861351.446
17608.000,-238861034.950
17609.000,-238861193.198
17610.000,-238861509.694
17611.000,-238861588.818
17612.000,-238861272.322
17613.000,-238861034.950
17614.000,-238861193.198
17615.000,-238861588.818
17616.000,-238861667.942
17617.000,-238861272.322
17618.000,-238861034.950
17619.000,-238861114.074
17620.000,-238861509.694
17621.000,-238861588.818
17622.000,-238861351.446
17623.000,-238861034.950
17624.000,-238861193.198
17625.000,-238861588.818
17626.000,-238861588.818
17627.000,-238861272.322
17628.000,-238860955.827
17629.000,-238861114.074
17630.000,-238861509.694
17631.000,-238861667.942
17632.000,-238861351.446
17633.000,-238861034.950
17634.000,-238861193.198
17635.000,-238861509.694
17636.000,-238861588.818
17637.000,-238861272.322
17638.000,-238861034.950
17639.000,-238861193.198
17640.000,-238861588.818
17641.000,-238861667.942
17642.000,-238861351.446
17643.000,-238861034.950
17644.000,-238861114.074
17645.000,-238861509.694
17646.000,-238861588.818
17647.000,-238861351.446
17648.000,-238861034.950
17649.000,-238861193.198
17650.000,-238861588.818
17651.000,-238861588.818
17652.000,-238861272.322
17653.000,-238861034.950
17654.000,-238861193.198
17655.000,-238861588.818
17656.000,-238861667.942
17657.000,-238861351.446
17658.000,-238861034.950
17659.000,-238861193.198
17660.000,-238861509.694
17661.000,-238861588.818
17662.000,-238861272.322
17663.000,-238861034.950
17664.000,-238861193.198
17665.000,-238861588.818
17666.000,-238861667.942
17667.000,-238861272.322
17668.000,-238861034.950
17669.000,-238861114.074
17670.000,-238861509.694
17671.000,-238861588.818
17672.000,-238861351.446
17673.000,-238861034.950
17674.000,-238861193.198
17675.000,-238861588.818
17676.000,-238861588.818
17677.000,-238861272.322
17678.000,-238860955.827
17679.000,-238861193.198
17680.000,-238861509.694
17681.000,-238861667.942
17682.000,-238861351.446
17683.000,-238861034.950
17684.000,-238861193.198
17685.000,-238861509.694
17686.000,-238861588.818
17687.000,-238861272.322
17688.000,-238861034.950
17689.000,-238861193.198
17690.000,-238861588.818
17691.000,-238861667.942
17692.000,-238861272.322
17693.000,-238861034.950
17694.000,-238861193.198
17695.000,-238861509.694
17696.000,-238861588.818
17697.000,-238861351.446
17698.000,-238861034.950
17699.000,-238861193.198
17700.000,-238861588.818
17701.000,-238861588.818
17702.000,-238861272.322
17703.000,-238861034.950
17704.000,-238861193.198
17705.000,-238861588.818
17706.000,-238861667.942
17707.000,-238861351.446
17708.000,-238861034.950
17709.000,-238861193.198
17710.000,-238861509.694
17711.000,-238861588.818
17712.000,-238861272.322
17713.000,-238861034.950
17714.000,-238861193.198
17715.000,-238861588.818
17716.000,-238861667.942
17717.000,-238861272.322
17718.000,-238861034.950
17719.000,-238861114.074
17720.000,-238861509.694
17721.000,-238861588.818
17722.000,-238861351.446
17723.000,-238861034.950
17724.000,-238861193.198
17725.000,-238861509.694
17726.000,-238861588.818
17727.000,-238861272.322
17728.000,-238860955.827
17729.000,-238861193.198
17730.000,-238861588.818
17731.000,-238861667.942
17732.000,-238861351.446
17733.000,-238861034.950
17734.000,-238861193.198
17735.000,-238861509.694
17736.000,-238861588.818
17737.000,-238861272.322
17738.000,-238861034.950
17739.000,-238861193.198
17740.000,-238861588.818
17741.000,-238861667.942
17742.000,-238861272.322
17743.000,-238861034.950
17744.000,-238861114.074
17745.000,-238861509.694
17746.000,-238861588.818
17747.000,-238861351.446
17748.000,-238861034.950
17749.000,-238861193.198
17750.000,-238861588.818
17751.000,-238861588.818
17752.000,-238861272.322
17753.000,-238861034.950
17754.000,-238861193.198
17755.000,-238861588.818
17756.000,-238861667.942
17757.000,-238861351.446
17758.000,-238861034.950
17759.000,-238861193.198
17760.000,-238861509.694
17761.000,-238861588.818
17762.000,-238861272.322
17763.000,-238861034.950
17764.000,-238861193.198
17765.000,-238861588.818
17766.000,-238861667.942
17767.000,-238861351.446
17768.000,-238861034.950
17769.000,-238861114.074
17770.000,-238861509.694
17771.000,-238861588.818
17772.000,-238861351.446
17773.000,-238861034.950
17774.000,-238861193.198
17775.000,-238861588.818
17776.000,-238861588.818
17777.000,-238861272.322
17778.000,-238861034.950
17779.000,-238861193.198
17780.000,-238861509.694
17781.000,-238861667.942
17782.000,-238861351.446
17783.000,-238861034.950
17784.000,-238861193.198
17785.000,-238861509.694
17786.000,-238861588.818
17787.000,-238861272.322
17788.000,-238861034.950
17789.000,-238861193.198
17790.000,-238861588.818
17791.000,-238861667.942
17792.000,-238861351.446
17793.000,-238861034.950
17794.000,-238861114.074
17795.000,-238861509.694
17796.000,-238861588.818
17797.000,-238861351.446
17798.000,-238861034.950
17799.000,-238861193.198
17800.000,-238861588.818
17801.000,-238861588.818
17802.000,-238861272.322
17803.000,-238861034.950
17804.000,-238861193.198
17805.000,-238861588.818
17806.000,-238861667.942
17807.000,-238861351.446
17808.000,-238861034.950
17809.000,-238861193.198
17810.000,-238861509.694
17811.000,-238861588.818
17812.000,-238861272.322
17813.000,-238861034.950
17814.000,-238861193.198
17815.000,-238861588.818
17816.000,-238861667.942
17817.000,-238861351.446
17818.000,-238861034.950
17819.000,-238861114.074
17820.000,-238861509.694
17821.000,-238861588.818
17822.000,-238861351.446
17823.000,-238861034.950
17824.000,-238861193.198
17825.000,-238861588.818
17826.000,-238861588.818
17827.000,-238861272.322
17828.000,-238861034.950
17829.000,-238861114.074
17830.000,-238861509.694
17831.000,-238861667.942
17832.000,-238861351.446
17833.000,-238861034.950
17834.000,-238861193.198
17835.000,-238861509.694
17836.000,-238861588.818
17837.000,-238861272.322
17838.000,-238861034.950
17839.000,-238861193.198
17840.000,-238861588.818
17841.000,-238861667.942
17842.000,-238861351.446
17843.000,-238861034.950
17844.000,-238861114.074
17845.000,-238861509.694
17846.000,-238861588.818
17847.000,-238861351.446
17848.000,-238861034.950
17849.000,-238861193.198
17850.000,-238861588.818
17851.000,-238861588.818
17852.000,-238861272.322
17853.000,-238861034.950
17854.000,-238861193.198
17855.000,-238861588.818
17856.000,-238861667.942
17857.000,-238861351.446
17858.000,-238861034.950
17859.000,-238861193.198
17860.000,-238861509.694
17861.000,-238861588.818
17862.000,-238861272.322
17863.000,-238861034.950
17864.000,-238861193.198
17865.000,-238861588.818
17866.000,-238861667.942
17867.000,-238861351.446
17868.000,-238861034.950
17869.000,-238861114.074
17870.000,-238861509.694
17871.000,-238861588.818
17872.000,-238861351.446
17873.000,-238861034.950
17874.000,-238861193.198
17875.000,-238861588.818
17876.000,-238861588.818
17877.000,-238861272.322
17878.000,-238860955.827
17879.000,-238861114.074
17880.000,-238861509.694
17881.000,-238861667.942
17882.000,-238861351.446
17883.000,-238861034.950
17884.000,-238861193.198
17885.000,-238861509.694
17886.000,-238861588.818
17887.000,-238861272.322
17888.000,-238861034.950
17889.000,-238861193.198
17890.000,-238861588.818
17891.000,-238861667.942
17892.000,-238861351.446
17893.000,-238861034.950
17894.000,-238861114.074
17895.000,-238861509.694
17896.000,-238861588.818
17897.000,-238861351.446
17898.000,-238861034.950
17899.000,-238861193.198
17900.000,-238861588.818
17901.000,-238861588.818
17902.000,-238861272.322
17903.000,-238861034.950
17904.000,-238861114.074
17905.000,-238861509.694
17906.000,-238861667.942
17907.000,-238861351.446
17908.000,-238861034.950
17909.000,-238861193.198
17910.000,-238861509.694
17911.000,-238861588.818
17912.000,-238861272.322
17913.000,-238861034.950
17914.000,-238861193.198
17915.000,-238861588.818
17916.000,-238861667.942
17917.000,-238861351.446
17918.000,-238861034.950
17919.000,-238861114.074
17920.000,-238861509.694
17921.000,-238861588.818
17922.000,-238861351.446
17923.000,-238861034.950
17924.000,-238861193.198
17925.000,-238861588.818
17926.000,-238861588.818
17927.000,-238861272.322
17928.000,-238861034.950
17929.000,-238861114.074
17930.000,-238861509.694
17931.000,-238861667.942
17932.000,-238861351.446
17933.000,-238861034.950
17934.000,-238861193.198
17935.000,-238861509.694
17936.000,-238861588.818
17937.000,-238861272.322
17938.000,-238861034.950
17939.000,-238861193.198
17940.000,-238861588.818
17941.000,-238861667.942
17942.000,-238861351.446
17943.000,-238861034.950
17944.000,-238861114.074
17945.000,-238861509.694
17946.000,-238861588.818
17947.000,-238861351.446
17948.000,-238861034.950
17949.000,-238861193.198
17950.000,-238861509.694
17951.000,-238861588.818
17952.000,-238861272.322
17953.000,-238861034.950
17954.000,-238861193.198
17955.000,-238861509.694
17956.000,-238861667.942
17957.000,-238861351.446
17958.000,-238861034.950
17959.000,-238861193.198
17960.000,-238861509.694
17961.000,-238861588.818
17962.000,-238861272.322
17963.000,-238861034.950
17964.000,-238861193.198
17965.000,-238861588.818
17966.000,-238861667.942
17967.000,-238861351.446
17968.000,-238861034.950
17969.000,-238861114.074
17970.000,-238861509.694
17971.000,-238861588.818
17972.000,-238861351.446
17973.000,-238861034.950
17974.000,-238861193.198
17975.000,-238861588.818
17976.000,-238861588.818
17977.000,-238861272.322
17978.000,-238861034.950
17979.000,-238861193.198
17980.000,-238861509.694
17981.000,-238861667.942
17982.000,-238861351.446
17983.000,-238861034.950
17984.000,-238861193.198
17985.000,-238861509.694
17986.000,-238861588.818
17987.000,-238861272.322
17988.000,-238861034.950
17989.000,-238861193.198
17990.000,-238861588.818
17991.000,-238861667.942
17992.000,-238861351.446
17993.000,-238861034.950
17994.000,-238861114.074
17995.000,-238861509.694
17996.000,-238861588.818
17997.000,-238861351.446
17998.000,-238861034.950
17999.000,-238861193.198
18000.000,-238861509.694
18001.000,-238861588.818
18002.000,-238861272.322
18003.000,-238861034.950
18004.000,-238861193.198
18005.000,-238861509.694
18006.000,-238861667.942
18007.000,-238861351.446
18008.000,-238861034.950
18009.000,-238861193.198
18010.000,-238861509.694
18011.000,-238861588.818
18012.000,-238861272.322
18013.000,-238861034.950
18014.000,-238861193.198
18015.000,-238861588.818
18016.000,-238861667.942
18017.000,-238861351.446
18018.000,-238861034.950
18019.000,-238861114.074
18020.000,-238861509.694
18021.000,-238861588.818
18022.000,-238861351.446
18023.000,-238861034.950
18024.000,-238861193.198
18025.000,-238861588.818
18026.000,-238861588.818
18027.000,-238861272.322
18028.000,-238861034.950
18029.000,-238861114.074
18030.000,-238861509.694
18031.000,-238861667.942
18032.000,-238861351.446
18033.000,-238861034.950
18034.000,-238861193.198
18035.000,-238861509.694
18036.000,-238861588.818
18037.000,-238861272.322
18038.000,-238861034.950
18039.000,-238861193.198
18040.000,-238861588.818
18041.000,-238861667.942
18042.000,-238861351.446
18043.000,-238861034.950
18044.000,-238861114.074
18045.000,-238861509.694
18046.000,-238861588.818
18047.000,-238861272.322
18048.000,-238861034.950
18049.000,-238861193.198
18050.000,-238861588.818
18051.000,-238861667.942
18052.000,-238861272.322
18053.000,-238861034.950
18054.000,-238861114.074
18055.000,-238861509.694
18056.000,-238861667.942
18057.000,-238861351.446
18058.000,-238861034.950
18059.000,-238861193.198
18060.000,-238861509.694
18061.000,-238861588.818
18062.000,-238861272.322
18063.000,-238861034.950
18064.000,-238861193.198
18065.000,-238861588.818
18066.000,-238861667.942
18067.000,-238861351.446
18068.000,-238861034.950
18069.000,-238861193.198
18070.000,-238861509.694
18071.000,-238861588.818
18072.000,-238861351.446
18073.000,-238861034.950
18074.000,-238861193.198
18075.000,-238861509.694
18076.000,-238861588.818
18077.000,-238861272.322
18078.000,-238861034.950
18079.000,-238861193.198
18080.000,-238861509.694
18081.000,-238861667.942
18082.000,-238861351.446
18083.000,-238861034.950
18084.000,-238861193.198
18085.000,-238861509.694
18086.000,-238861588.818
18087.000,-238861272.322
18088.000,-238861034.950
18089.000,-238861193.198
18090.000,-238861588.818
18091.000,-238861667.942
18092.000,-238861351.446
18093.000,-238861034.950
18094.000,-238861114.074
18095.000,-238861509.694
18096.000,-238861588.818
18097.000,-238861351.446
18098.000,-238861034.950
18099.000,-238861193.198
18100.000,-238861509.694
18101.000,-238861588.818
18102.000,-238861272.322
18103.000,-238860955.827
18104.000,-238861114.074
18105.000,-238861509.694
18106.000,-238861667.942
18107.000,-238861351.446
18108.000,-238861034.950
18109.000,-238861193.198
18110.000,-238861509.694
18111.000,-238861588.818
18112.000,-238861272.322
18113.000,-238861034.950
18114.000,-238861193.198
18115.000,-238861588.818
18116.000,-238861667.942
18117.000,-238861351.446
18118.000,-238861034.950
18119.000,-238861114.074
18120.000,-238861509.694
18121.000,-238861588.818
18122.000,-238861351.446
18123.000,-238861034.950
18124.000,-238861193.198
18125.000,-238861588.818
18126.000,-238861667.942
18127.000,-238861272.322
18128.000,-238861034.950
18129.000,-238861114.074
18130.000,-238861509.694
18131.000,-238861667.942
18132.000,-238861351.446
18133.000,-238861034.950
18134.000,-238861193.198
18135.000,-238861509.694
18136.000,-238861588.818
18137.000,-238861272.322
18138.000,-238861034.950
18139.000,-238861193.198
18140.000,-238861588.818
18141.000,-238861667.942
18142.000,-238861351.446
18143.000,-238861034.950
18144.000,-238861114.074
18145.000,-238861509.694
18146.000,-238861588.818
18147.000,-238861272.322
18148.000,-238861034.950
18149.000,-238861193.198
18150.000,-238861509.694
18151.000,-238861588.818
18152.000,-238861272.322
18153.000,-238861034.950
18154.000,-238861114.074
18155.000,-238861509.694
18156.000,-238861667.942
18157.000,-238861351.446
18158.000,-238861034.950
18159.000,-238861193.198
18160.000,-238861509.694
18161.000,-238861588.818
18162.000,-238861272.322
18163.000,-238861034.950
18164.000,-238861193.198
18165.000,-238861588.818
18166.000,-238861667.942
18167.000,-238861351.446
18168.000,-238861034.950
18169.000,-238861114.074
18170.000,-238861509.694
18171.000,-238861588.818
18172.000,-238861351.446
18173.000,-238861034.950
18174.000,-238861193.198
18175.000,-238861588.818
18176.000,-238861667.942
18177.000,-238861272.322
18178.000,-238861034.950
18179.000,-238861114.074
18180.000,-238861509.694
18181.000,-238861667.942
18182.000,-238861351.446
18183.000,-238861034.950
18184.000,-238861193.198
18185.000,-238861509.694
18186.000,-238861588.818
18187.000,-238861272.322
18188.000,-238861034.950
18189.000,-238861193.198
18190.000,-238861588.818
18191.000,-238861667.942
18192.000,-238861351.446
18193.000,-238861034.950
18194.000,-238861114.074
18195.000,-238861509.694
18196.000,-238861588.818
18197.000,-238861351.446
18198.000,-238861034.950
18199.000,-238861193.198
18200.000,-238861588.818
18201.000,-238861667.942
18202.000,-238861272.322
18203.000,-238861034.950
18204.000,-238861114.074
18205.000,-238861509.694
18206.000,-238861667.942
18207.000,-238861351.446
18208.000,-238861034.950
18209.000,-238861193.198
18210.000,-238861509.694
18211.000,-238861588.818
18212.000,-238861272.322
18213.000,-238861034.950
18214.000,-238861193.198
18215.000,-238861588.818
18216.000,-238861667.942
18217.000,-238861351.446
18218.000,-238861034.950
18219.000,-238861114.074
18220.000,-238861509.694
18221.000,-238861588.818
18222.000,-238861351.446
18223.000,-238861034.950
18224.000,-238861193.198
18225.000,-238861588.818
18226.000,-238861667.942
18227.000,-238861272.322
18228.000,-238861034.950
18229.000,-238861114.074
18230.000,-238861509.694
18231.000,-238861667.942
18232.000,-238861351.446
18233.000,-238861034.950
18234.000,-238861193.198
18235.000,-238861509.694
18236.000,-238861588.818
18237.000,-238861272.322
18238.000,-238861034.950
18239.000,-238861193.198
18240.000,-238861588.818
18241.000,-238861667.942
18242.000,-238861351.446
18243.000,-238861034.950
18244.000,-238861114.074
18245.000,-238861509.694
18246.000,-238861588.818
18247.000,-238861351.446
18248.000,-238861034.950
18249.000,-238861193.198
18250.000,-238861588.818
18251.000,-238861588.818
18252.000,-238861272.322
18253.000,-238861034.950
18254.000,-238861114.074
18255.000,-238861509.694
18256.000,-238861667.942
18257.000,-238861351.446
18258.000,-238861034.950
18259.000,-238861193.198
18260.000,-238861509.694
18261.000,-238861588.818
18262.000,-238861272.322
18263.000,-238861034.950
18264.000,-238861193.198
18265.000,-238861588.818
18266.000,-238861667.942
18267.000,-238861351.446
18268.000,-238861034.950
18269.000,-238861114.074
18270.000,-238861509.694
18271.000,-238861588.818
18272.000,-238861351.446
18273.000,-238861034.950
18274.000,-238861193.198
18275.000,-238861588.818
18276.000,-238861588.818
18277.000,-238861272.322
18278.000,-238860955.827
18279.000,-238861114.074
18280.000,-238861509.694
18281.000,-238861667.942
18282.000,-238861351.446
18283.000,-238861034.950
18284.000,-238861193.198
18285.000,-238861509.694
18286.000,-238861588.818
18287.000,-238861272.322
18288.000,-238861034.950
18289.000,-238861193.198
18290.000,-238861588.818
18291.000,-238861667.942
18292.000,-238861351.446
18293.000,-238861034.950
18294.000,-238861114.074
18295.000,-238861509.694
18296.000,-238861588.818
18297.000,-238861272.322
18298.000,-238861034.950
18299.000,-238861193.198
18300.000,-238861588.818
18301.000,-238861667.942
18302.000,-238861272.322
18303.000,-238860955.827
18304.000,-238861114.074
18305.000,-238861509.694
18306.000,-238861667.942
18307.000,-238861351.446
18308.000,-238861034.950
18309.000,-238861193.198
18310.000,-238861509.694
18311.000,-238861588.818
18312.000,-238861272.322
18313.000,-238861034.950
18314.000,-238861193.198
18315.000,-238861588.818
18316.000,-238861667.942
18317.000,-238861351.446
18318.000,-238861034.950
18319.000,-238861114.074
18320.000,-238861509.694
18321.000,-238861588.818
18322.000,-238861351.446
18323.000,-238861034.950
18324.000,-238861193.198
18325.000,-238861509.694
18326.000,-238861588.818
18327.000,-238861272.322
18328.000,-238861034.950
18329.000,-238861114.074
18330.000,-238861509.694
18331.000,-238861667.942
18332.000,-238861351.446
18333.000,-238861034.950
18334.000,-238861193.198
18335.000,-238861509.694
18336.000,-238861588.818
18337.000,-238861272.322
18338.000,-238861034.950
18339.000,-238861193.198
18340.000,-238861588.818
18341.000,-238861667.942
18342.000,-238861351.446
18343.000,-238861034.950
18344.000,-238861114.074
18345.000,-238861509.694
18346.000,-238861588.818
18347.000,-238861351.446
18348.000,-238861034.950
18349.000,-238861193.198
18350.000,-238861588.818
18351.000,-238861588.818
18352.000,-238861272.322
18353.000,-238860955.827
18354.000,-238861114.074
18355.000,-238861509.694
18356.000,-238861667.942
18357.000,-238861351.446
18358.000,-238861034.950
18359.000,-238861193.198
18360.000,-238861509.694
18361.000,-238861588.818
18362.000,-238861272.322
18363.000,-238861034.950
18364.000,-238861193.198
18365.000,-238861588.818
18366.000,-238861667.942
18367.000,-238861351.446
18368.000,-238861034.950
18369.000,-238861114.074
18370.000,-238861509.694
18371.000,-238861588.818
18372.000,-238861351.446
18373.000,-238861034.950
18374.000,-238861193.198
18375.000,-238861588.818
18376.000,-238861667.942
18377.000,-238861272.322
18378.000,-238860955.827
18379.000,-238861114.074
18380.000,-238861509.694
18381.000,-238861667.942
18382.000,-238861351.446
18383.000,-238861034.950
18384.000,-238861193.198
18385.000,-238861509.694
18386.000,-238861588.818
18387.000,-238861272.322
18388.000,-238861034.950
18389.000,-238861193.198
18390.000,-238861588.818
18391.000,-238861667.942
18392.000,-238861351.446
18393.000,-238861034.950
18394.000,-238861114.074
18395.000,-238861509.694
18396.000,-238861588.818
18397.000,-238861272.322
18398.000,-238861034.950
18399.000,-238861193.198
18400.000,-238861588.818
18401.000,-238861667.942
18402.000,-238861272.322
18403.000,-238861034.950
18404.000,-238861114.074
18405.000,-238861509.694
18406.000,-238861667.942
18407.000,-238861351.446
18408.000,-238861034.950
18409.000,-238861193.198
18410.000,-238861509.694
18411.000,-238861588.818
18412.000,-238861272.322
18413.000,-238861034.950
18414.000,-238861193.198
18415.000,-238861588.818
18416.000,-238861667.942
18417.000,-238861351.446
18418.000,-238861034.950
18419.000,-238861114.074
18420.000,-238861509.694
18421.000,-238861588.818
18422.000,-238861351.446
18423.000,-238861034.950
18424.000,-238861193.198
18425.000,-238861588.818
18426.000,-238861667.942
18427.000,-238861272.322
18428.000,-238861034.950
18429.000,-238861114.074
18430.000,-238861509.694
18431.000,-238861667.942
18432.000,-238861351.446
18433.000,-238861034.950
18434.000,-238861193.198
18435.000,-238861509.694
18436.000,-238861588.818
18437.000,-238861272.322
18438.000,-238861034.950
18439.000,-238861193.198
18440.000,-238861588.818
18441.000,-238861667.942
18442.000,-238861351.446
18443.000,-238861034.950
18444.000,-238861114.074
18445.000,-238861509.694
18446.000,-238861588.818
18447.000,-238861351.446
18448.000,-238861034.950
18449.000,-238861193.198
18450.000,-238861588.818
18451.000,-238861588.818
18452.000,-238861272.322
18453.000,-238860955.827
18454.000,-238861114.074
18455.000,-238861509.694
18456.000,-238861667.942
18457.000,-238861351.446
18458.000,-238861034.950
18459.000,-238861193.198
18460.000,-238861509.694
18461.000,-238861588.818
18462.000,-238861272.322
18463.000,-238861034.950
18464.000,-238861193.198
18465.000,-238861588.818
18466.000,-238861667.942
18467.000,-238861351.446
18468.000,-238861034.950
18469.000,-238861114.074
18470.000,-238861509.694
18471.000,-238861588.818
18472.000,-238861351.446
18473.000,-238861034.950
18474.000,-238861193.198
18475.000,-238861588.818
18476.000,-238861667.942
18477.000,-238861272.322
18478.000,-238860955.827
18479.000,-238861114.074
18480.000,-238861509.694
18481.000,-238861667.942
18482.000,-238861351.446
18483.000,-238861034.950
18484.000,-238861193.198
18485.000,-238861509.694
18486.000,-238861588.818
18487.000,-238861272.322
18488.000,-238861034.950
18489.000,-238861193.198
18490.000,-238861588.818
18491.000,-238861667.942
18492.000,-238861351.446
18493.000,-238861034.950
18494.000,-238861114.074
18495.000,-238861509.694
18496.000,-238861588.818
18497.000,-238861351.446
18498.000,-238861034.950
18499.000,-238861193.198
18500.000,-238861588.818
18501.000,-238861667.942
18502.000,-238861272.322
18503.000,-238861034.950
18504.000,-238861114.074
18505.000,-238861509.694
18506.000,-238861667.942
18507.000,-238861351.446
18508.000,-238861034.950
18509.000,-238861193.198
18510.000,-238861509.694
18511.000,-238861588.818
18512.000,-238861272.322
18513.000,-238861034.950
18514.000,-238861193.198
18515.000,-238861588.818
18516.000,-238861667.942
18517.000,-238861351.446
18518.000,-238861034.950
18519.000,-238861114.074
18520.000,-238861509.694
18521.000,-238861588.818
18522.000,-238861351.446
18523.000,-238861034.950
18524.000,-238861193.198
18525.000,-238861588.818
18526.000,-238861667.942
18527.000,-238861272.322
18528.000,-238860955.827
18529.000,-238861114.074
18530.000,-238861509.694
18531.000,-238861667.942
18532.000,-238861351.446
18533.000,-238861034.950
18534.000,-238861193.198
18535.000,-238861509.694
18536.000,-238861588.818
18537.000,-238861272.322
18538.000,-238861034.950
18539.000,-238861193.198
18540.000,-238861588.818
18541.000,-238861667.942
18542.000,-238861351.446
18543.000,-238861034.950
18544.000,-238861114.074
18545.000,-238861509.694
18546.000,-238861588.818
18547.000,-238861351.446
18548.000,-238861034.950
18549.000,-238861193.198
18550.000,-238861509.694
18551.000,-238861588.818
18552.000,-238861272.322
18553.000,-238860955.827
18554.000,-238861114.074
18555.000,-238861509.694
18556.000,-238861667.942
18557.000,-238861351.446
18558.000,-238861034.950
18559.000,-238861193.198
18560.000,-238861509.694
18561.000,-238861588.818
18562.000,-238861272.322
18563.000,-238861034.950
18564.000,-238861193.198
18565.000,-238861588.818
18566.000,-238861667.942
18567.000,-238861351.446
18568.000,-238861034.950
18569.000,-238861114.074
18570.000,-238861509.694
18571.000,-238861588.818
18572.000,-238861351.446
18573.000,-238861034.950
18574.000,-238861193.198
18575.000,-238861509.694
18576.000,-238861588.818
18577.000,-238861272.322
18578.000,-238860955.827
18579.000,-238861114.074
18580.000,-238861509.694
18581.000,-238861667.942
18582.000,-238861351.446
18583.000,-238861034.950
18584.000,-238861193.198
18585.000,-238861509.694
18586.000,-238861588.818
18587.000,-238861272.322
18588.000,-238861034.950
18589.000,-238861193.198
18590.000,-238861588.818
18591.000,-238861667.942
18592.000,-238861351.446
18593.000,-238861034.950
18594.000,-238861114.074
18595.000,-238861509.694
18596.000,-238861588.818
18597.000,-238861351.446
18598.000,-238861034.950
18599.000,-238861193.198
18600.000,-238861588.818
18601.000,-238861667.942
18602.000,-238861272.322
18603.000,-238860955.827
18604.000,-238861114.074
18605.000,-238861509.694
18606.000,-238861667.942
18607.000,-238861351.446
18608.000,-238861034.950
18609.000,-238861193.198
18610.000,-238861509.694
18611.000,-238861588.818
18612.000,-238861272.322
18613.000,-238861034.950
18614.000,-238861193.198
18615.000,-238861588.818
18616.000,-238861667.942
18617.000,-238861351.446
18618.000,-238861034.950
18619.000,-238861114.074
18620.000,-238861509.694
18621.000,-238861588.818
18622.000,-238861351.446
18623.000,-238861034.950
18624.000,-238861193.198
18625.000,-238861509.694
18626.000,-238861667.942
18627.000,-238861272.322
18628.000,-238861034.950
18629.000,-238861114.074
18630.000,-238861509.694
18631.000,-238861667.942
18632.000,-238861351.446
18633.000,-238861034.950
18634.000,-238861193.198
18635.000,-238861509.694
18636.000,-238861588.818
18637.000,-238861272.322
18638.000,-238861034.950
18639.000,-238861193.198
18640.000,-238861588.818
18641.000,-238861667.942
18642.000,-238861351.446
18643.000,-238861034.950
18644.000,-238861114.074
18645.000,-238861509.694
18646.000,-238861588.818
18647.000,-238861351.446
18648.000,-238861034.950
18649.000,-238861193.198
18650.000,-238861509.694
18651.000,-238861588.818
18652.000,-238861272.322
18653.000,-238861034.950
18654.000,-238861114.074
18655.000,-238861509.694
18656.000,-238861667.942
18657.000,-238861351.446
18658.000,-238861034.950
18659.000,-238861193.198
18660.000,-238861509.694
18661.000,-238861588.818
18662.000,-238861272.322
18663.000,-238861034.950
18664.000,-238861193.198
18665.000,-238861588.818
18666.000,-238861667.942
18667.000,-238861351.446
18668.000,-238861034.950
18669.000,-238861114.074
18670.000,-238861509.694
18671.000,-238861588.818
18672.000,-238861351.446
18673.000,-238861034.950
18674.000,-238861193.198
18675.000,-238861588.818
18676.000,-238861667.942
18677.000,-238861272.322
18678.000,-238861034.950
18679.000,-238861114.074
18680.000,-238861509.694
18681.000,-238861667.942
18682.000,-238861351.446
18683.000,-238861034.950
18684.000,-238861193.198
18685.000,-238861509.694
18686.000,-238861588.818
18687.000,-238861272.322
18688.000,-238861034.950
18689.000,-238861193.198
18690.000,-238861588.818
18691.000,-238861667.942
18692.000,-238861351.446
18693.000,-238861034.950
18694.000,-238861114.074
18695.000,-238861509.694
18696.000,-238861588.818
18697.000,-238861351.446
18698.000,-238861034.950
18699.000,-238861193.198
18700.000,-238861509.694
18701.000,-238861667.942
18702.000,-238861272.322
18703.000,-238860955.827
18704.000,-238861114.074
18705.000,-238861509.694
18706.000,-238861667.942
18707.000,-238861351.446
18708.000,-238861034.950
18709.000,-238861193.198
18710.000,-238861509.694
18711.000,-238861588.818
18712.000,-238861272.322
18713.000,-238861034.950
18714.000,-238861193.198
18715.000,-238861588.818
18716.000,-238861667.942
18717.000,-238861351.446
18718.000,-238861034.950
18719.000,-238861114.074
18720.000,-238861509.694
18721.000,-238861588.818
18722.000,-238861351.446
18723.000,-238861034.950
18724.000,-238861193.198
18725.000,-238861509.694
18726.000,-238861588.818
18727.000,-238861272.322
18728.000,-238860955.827
18729.000,-238861114.074
18730.000,-238861509.694
18731.000,-238861667.942
18732.000,-238861351.446
18733.000,-238861034.950
18734.000,-238861193.198
18735.000,-238861509.694
18736.000,-238861588.818
18737.000,-238861272.322
18738.000,-238861034.950
18739.000,-238861193.198
18740.000,-238861588.818
18741.000,-238861667.942
18742.000,-238861351.446
18743.000,-238861034.950
18744.000,-238861114.074
18745.000,-238861509.694
18746.000,-238861588.818
18747.000,-238861351.446
18748.000,-238861034.950
18749.000,-238861193.198
18750.000,-238861509.694
18751.000,-238861667.942
18752.000,-238861272.322
18753.000,-238861034.950
18754.000,-238861114.074
18755.000,-238861509.694
18756.000,-238861667.942
18757.000,-238861351.446
18758.000,-238861034.950
18759.000,-238861114.074
18760.000,-238861509.694
18761.000,-238861588.818
18762.000,-238861272.322
18763.000,-238861034.950
18764.000,-238861193.198
18765.000,-238861588.818
18766.000,-238861667.942
18767.000,-238861351.446
18768.000,-238861034.950
18769.000,-238861114.074
18770.000,-238861509.694
18771.000,-238861588.818
18772.000,-238861351.446
18773.000,-238861034.950
18774.000,-238861193.198
18775.000,-238861509.694
18776.000,-238861588.818
18777.000,-238861272.322
18778.000,-238860955.827
18779.000,-238861114.074
18780.000,-238861509.694
18781.000,-238861667.942
18782.000,-238861351.446
18783.000,-238861034.950
18784.000,-238861193.198
18785.000,-238861509.694
18786.000,-238861588.818
18787.000,-238861272.322
18788.000,-238861034.950
18789.000,-238861193.198
18790.000,-238861588.818
18791.000,-238861667.942
18792.000,-238861351.446
18793.000,-238861034.950
18794.000,-238861114.074
18795.000,-238861509.694
18796.000,-238861588.818
18797.000,-238861351.446
18798.000,-238861034.950
18799.000,-238861193.198
18800.000,-238861509.694
18801.000,-238861667.942
18802.000,-238861272.322
18803.000,-238861034.950
18804.000,-238861114.074
18805.000,-238861509.694
18806.000,-238861667.942
18807.000,-238861351.446
18808.000,-238861034.950
18809.000,-238861114.074
18810.000,-238861509.694
18811.000,-238861588.818
18812.000,-238861272.322
18813.000,-238861034.950
18814.000,-238861193.198
18815.000,-238861588.818
18816.000,-238861667.942
18817.000,-238861351.446
18818.000,-238861034.950
18819.000,-238861114.074
18820.000,-238861509.694
18821.000,-238861588.818
18822.000,-238861351.446
18823.000,-238861034.950
18824.000,-238861193.198
18825.000,-238861509.694
18826.000,-238861588.818
18827.000,-238861272.322
18828.000,-238860955.827
18829.000,-238861114.074
18830.000,-238861509.694
18831.000,-238861667.942
18832.000,-238861351.446
18833.000,-238861034.950
18834.000,-238861193.198
18835.000,-238861509.694
18836.000,-238861588.818
18837.000,-238861272.322
18838.000,-238861034.950
18839.000,-238861193.198
18840.000,-238861588.818
18841.000,-238861667.942
18842.000,-238861351.446
18843.000,-238861034.950
18844.000,-238861114.074
18845.000,-238861509.694
18846.000,-238861588.818
18847.000,-238861351.446
18848.000,-238861034.950
18849.000,-238861193.198
18850.000,-238861509.694
18851.000,-238861667.942
18852.000,-238861272.322
18853.000,-238861034.950
18854.000,-238861114.074
18855.000,-238861509.694
18856.000,-238861667.942
18857.000,-238861351.446
18858.000,-238861034.950
18859.000,-238861193.198
18860.000,-238861509.694
18861.000,-238861588.818
18862.000,-238861272.322
18863.000,-238861034.950
18864.000,-238861193.198
18865.000,-238861588.818
18866.000,-238861667.942
18867.000,-238861351.446
18868.000,-238861034.950
18869.000,-238861114.074
18870.000,-238861509.694
18871.000,-238861588.818
18872.000,-238861351.446
18873.000,-238861034.950
18874.000,-238861193.198
18875.000,-238861509.694
18876.000,-238861588.818
18877.000,-238861272.322
18878.000,-238860955.827
18879.000,-238861114.074
18880.000,-238861509.694
18881.000,-238861667.942
18882.000,-238861351.446
18883.000,-238861034.950
18884.000,-238861193.198
18885.000,-238861509.694
18886.000,-238861588.818
18887.000,-238861272.322
18888.000,-238861034.950
18889.000,-238861193.198
18890.000,-238861588.818
18891.000,-238861667.942
18892.000,-238861351.446
18893.000,-238861034.950
18894.000,-238861114.074
18895.000,-238861509.694
18896.000,-238861588.818
18897.000,-238861351.446
18898.000,-238861034.950
18899.000,-238861193.198
18900.000,-238861588.818
18901.000,-238861667.942
18902.000,-238861272.322
18903.000,-238861034.950
18904.000,-238861114.074
18905.000,-238861509.694
18906.000,-238861667.942
18907.000,-238861351.446
18908.000,-238861034.950
18909.000,-238861193.198
18910.000,-238861509.694
18911.000,-238861588.818
18912.000,-238861272.322
18913.000,-238861034.950
18914.000,-238861193.198
18915.000,-238861509.694
18916.000,-238861667.942
18917.000,-238861351.446
18918.000,-238861034.950
18919.000,-238861114.074
18920.000,-238861509.694
18921.000,-238861588.818
18922.000,-238861351.446
18923.000,-238861034.950
18924.000,-238861193.198
18925.000,-238861509.694
18926.000,-238861588.818
18927.000,-238861272.322
18928.000,-238861034.950
18929.000,-238861114.074
18930.000,-238861509.694
18931.000,-238861667.942
18932.000,-238861351.446
18933.000,-238861034.950
18934.000,-238861114.074
18935.000,-238861509.694
18936.000,-238861588.818
18937.000,-238861272.322
18938.000,-238861034.950
18939.000,-238861193.198
18940.000,-238861588.818
18941.000,-238861667.942
18942.000,-238861351.446
18943.000,-238861034.950
18944.000,-238861114.074
18945.000,-238861509.694
18946.000,-238861588.818
18947.000,-238861351.446
18948.000,-238861034.950
18949.000,-238861193.198
18950.000,-238861509.694
18951.000,-238861667.942
18952.000,-238861272.322
18953.000,-238860955.827
18954.000,-238861114.074
18955.000,-238861509.694
18956.000,-238861667.942
18957.000,-238861351.446
18958.000,-238861034.950
18959.000,-238861193.198
18960.000,-238861509.694
18961.000,-238861588.818
18962.000,-238861272.322
18963.000,-238861034.950
18964.000,-238861193.198
18965.000,-238861509.694
18966.000,-238861667.942
18967.000,-238861351.446
18968.000,-238861034.950
18969.000,-238861114.074
18970.000,-238861509.694
18971.000,-238861588.818
18972.000,-238861351.446
18973.000,-238861034.950
18974.000,-238861193.198
18975.000,-238861509.694
18976.000,-238861667.942
18977.000,-238861272.322
18978.000,-238861034.950
18979.000,-238861114.074
18980.000,-238861509.694
18981.000,-238861667.942
18982.000,-238861351.446
18983.000,-238861034.950
18984.000,-238861193.198
18985.000,-238861509.694
18986.000,-238861588.818
18987.000,-238861272.322
18988.000,-238861034.950
18989.000,-238861193.198
18990.000,-238861588.818
18991.000,-238861667.942
18992.000,-238861351.446
18993.000,-238861034.950
18994.000,-238861114.074
18995.000,-238861509.694
18996.000,-238861588.818
18997.000,-238861351.446
18998.000,-238861034.950
18999.000,-238861193.198
19000.000,-238861509.694
19001.000,-238861588.818
19002.000,-238861272.322
19003.000,-238861034.950
19004.000,-238861114.074
19005.000,-238861509.694
19006.000,-238861667.942
19007.000,-238861351.446
19008.000,-238861034.950
19009.000,-238861114.074
19010.000,-238861509.694
19011.000,-238861588.818
19012.000,-238861272.322
19013.000,-238861034.950
19014.000,-238861193.198
19015.000,-238861588.818
19016.000,-238861667.942
19017.000,-238861351.446
19018.000,-238861034.950
19019.000,-238861114.074
19020.000,-238861509.694
19021.000,-238861588.818
19022.000,-238861351.446
19023.000,-238861034.950
19024.000,-238861193.198
19025.000,-238861509.694
19026.000,-238861667.942
19027.000,-238861351.446
19028.000,-238861034.950
19029.000,-238861114.074
19030.000,-238861509.694
19031.000,-238861667.942
19032.000,-238861351.446
19033.000,-238861034.950
19034.000,-238861114.074
19035.000,-238861509.694
19036.000,-238861588.818
19037.000,-238861351.446
19038.000,-238861034.950
19039.000,-238861193.198
19040.000,-238861509.694
19041.000,-238861667.942
19042.000,-238861351.446
19043.000,-238861034.950
19044.000,-238861114.074
19045.000,-238861509.694
19046.000,-238861667.942
19047.000,-238861351.446
19048.000,-238861034.950
19049.000,-238861193.198
19050.000,-238861509.694
19051.000,-238861588.818
19052.000,-238861272.322
19053.000,-238861034.950
19054.000,-238861114.074
19055.000,-238861509.694
19056.000,-238861667.942
19057.000,-238861351.446
19058.000,-238861034.950
19059.000,-238861114.074
19060.000,-238861509.694
19061.000,-238861588.818
19062.000,-238861351.446
19063.000,-238861034.950
19064.000,-238861193.198
19065.000,-238861588.818
19066.000,-238861667.942
19067.000,-238861351.446
19068.000,-238861034.950
19069.000,-238861114.074
19070.000,-238861509.694
19071.000,-238861588.818
19072.000,-238861351.446
19073.000,-238861034.950
19074.000,-238861193.198
19075.000,-238861509.694
19076.000,-238861667.942
19077.000,-238861272.322
19078.000,-238861034.950
19079.000,-238861114.074
19080.000,-238861509.694
19081.000,-238861667.942
19082.000,-238861351.446
19083.000,-238861034.950
19084.000,-238861193.198
19085.000,-238861509.694
19086.000,-238861588.818
19087.000,-238861272.322
19088.000,-238861034.950
19089.000,-238861193.198
19090.000,-238861509.694
19091.000,-238861667.942
19092.000,-238861351.446
19093.000,-238861034.950
19094.000,-238861114.074
19095.000,-238861509.694
19096.000,-238861588.818
19097.000,-238861351.446
19098.000,-238861034.950
19099.000,-238861193.198
19100.000,-238861509.694
19101.000,-238861667.942
19102.000,-238861351.446
19103.000,-238861034.950
19104.000,-238861114.074
19105.000,-238861509.694
19106.000,-238861667.942
19107.000,-238861351.446
19108.000,-238861034.950
19109.000,-238861114.074
19110.000,-238861509.694
19111.000,-238861588.818
19112.000,-238861351.446
19113.000,-238861034.950
19114.000,-238861193.198
19115.000,-238861509.694
19116.000,-238861667.942
19117.000,-238861351.446
19118.000,-238861034.950
19119.000,-238861114.074
19120.000,-238861509.694
19121.000,-238861588.818
19122.000,-238861351.446
19123.000,-238861034.950
19124.000,-238861193.198
19125.000,-238861509.694
19126.000,-238861588.818
19127.000,-238861272.322
19128.000,-238861034.950
19129.000,-238861114.074
19130.000,-238861509.694
19131.000,-238861667.942
19132.000,-238861351.446
19133.000,-238861034.950
19134.000,-238861193.198
19135.000,-238861509.694
19136.000,-238861588.818
19137.000,-238861272.322
19138.000,-238861034.950
19139.000,-238861193.198
19140.000,-238861509.694
19141.000,-238861667.942
19142.000,-238861351.446
19143.000,-238861034.950
19144.000,-238861114.074
19145.000,-238861509.694
19146.000,-238861588.818
19147.000,-238861351.446
19148.000,-238861034.950
19149.000,-238861193.198
19150.000,-238861509.694
19151.000,-238861667.942
19152.000,-238861272.322
19153.000,-238861034.950
19154.000,-238861114.074
19155.000,-238861509.694
19156.000,-238861667.942
19157.000,-238861351.446
19158.000,-238861034.950
19159.000,-238861193.198
19160.000,-238861509.694
19161.000,-238861588.818
19162.000,-238861272.322
19163.000,-238861034.950
19164.000,-238861193.198
19165.000,-238861509.694
19166.000,-238861667.942
19167.000,-238861351.446
19168.000,-238861034.950
19169.000,-238861114.074
19170.000,-238861509.694
19171.000,-238861588.818
19172.000,-238861351.446
19173.000,-238861034.950
19174.000,-238861193.198
19175.000,-238861509.694
19176.000,-238861667.942
19177.000,-238861272.322
19178.000,-238860955.827
19179.000,-238861114.074
19180.000,-238861509.694
19181.000,-238861667.942
19182.000,-238861351.446
19183.000,-238861034.950
19184.000,-238861193.198
19185.000,-238861509.694
19186.000,-238861588.818
19187.000,-238861272.322
19188.000,-238861034.950
19189.000,-238861193.198
19190.000,-238861588.818
19191.000,-238861667.942
19192.000,-238861351.446
19193.000,-238861034.950
19194.000,-238861114.074
19195.000,-238861509.694
19196.000,-238861588.818
19197.000,-238861351.446
19198.000,-238861034.950
19199.000,-238861193.198
19200.000,-238861509.694
19201.000,-238861667.942
19202.000,-238861272.322
19203.000,-238861034.950
19204.000,-238861114.074
19205.000,-238861509.694
19206.000,-238861667.942
19207.000,-238861351.446
19208.000,-238861034.950
19209.000,-238861193.198
19210.000,-238861509.694
19211.000,-238861588.818
19212.000,-238861272.322
19213.000,-238861034.950
19214.000,-238861193.198
19215.000,-238861509.694
19216.000,-238861667.942
19217.000,-238861351.446
19218.000,-238861034.950
19219.000,-238861114.074
19220.000,-238861509.694
19221.000,-238861667.942
19222.000,-238861351.446
19223.000,-238861034.950
19224.000,-238861193.198
19225.000,-238861509.694
19226.000,-238861588.818
19227.000,-238861272.322
19228.000,-238861034.950
19229.000,-238861114.074
19230.000,-238861509.694
19231.000,-238861667.942
19232.000,-238861351.446
19233.000,-238861034.950
19234.000,-238861114.074
19235.000,-238861509.694
19236.000,-238861588.818
19237.000,-238861272.322
19238.000,-238861034.950
19239.000,-238861193.198
19240.000,-238861588.818
19241.000,-238861667.942
19242.000,-238861351.446
19243.000,-238861034.950
19244.000,-238861114.074
19245.000,-238861509.694
19246.000,-238861588.818
19247.000,-238861351.446
19248.000,-238861034.950
19249.000,-238861193.198
19250.000,-238861588.818
19251.000,-238861667.942
19252.000,-238861272.322
19253.000,-238861034.950
19254.000,-238861114.074
19255.000,-238861509.694
19256.000,-238861667.942
19257.000,-238861351.446
19258.000,-238861034.950
19259.000,-238861193.198
19260.000,-238861509.694
19261.000,-238861588.818
19262.000,-238861272.322
19263.000,-238861034.950
19264.000,-238861114.074
19265.000,-238861509.694
19266.000,-238861667.942
19267.000,-238861351.446
19268.000,-238861034.950
19269.000,-238861114.074
19270.000,-238861509.694
19271.000,-238861588.818
19272.000,-238861351.446
19273.000,-238861034.950
19274.000,-238861193.198
19275.000,-238861509.694
19276.000,-238861667.942
19277.000,-238861351.446
19278.000,-238861034.950
19279.000,-238861114.074
19280.000,-238861509.694
19281.000,-238861667.942
19282.000,-238861351.446
19283.000,-238861034.950
19284.000,-238861193.198
19285.000,-238861509.694
19286.000,-238861588.818
19287.000,-238861351.446
19288.000,-238861034.950
19289.000,-238861193.198
19290.000,-238861509.694
19291.000,-238861667.942
19292.000,-238861351.446
19293.000,-238861034.950
19294.000,-238861114.074
19295.000,-238861509.694
19296.000,-238861667.942
19297.000,-238861351.446
19298.000,-238861034.950
19299.000,-238861193.198
19300.000,-238861509.694
19301.000,-238861667.942
19302.000,-238861272.322
19303.000,-238861034.950
19304.000,-238861114.074
19305.000,-238861509.694
19306.000,-238861667.942
19307.000,-238861351.446
19308.000,-238861034.950
19309.000,-238861114.074
19310.000,-238861509.694
19311.000,-238861588.818
19312.000,-238861272.322
19313.000,-238861034.950
19314.000,-238861193.198
19315.000,-238861588.818
19316.000,-238861667.942
19317.000,-238861351.446
19318.000,-238861034.950
19319.000,-238861114.074
19320.000,-238861430.570
19321.000,-238861588.818
19322.000,-238861351.446
19323.000,-238861034.950
19324.000,-238861193.198
19325.000,-238861588.818
19326.000,-238861667.942
19327.000,-238861272.322
19328.000,-238860955.827
19329.000,-238861114.074
19330.000,-238861509.694
19331.000,-238861667.942
19332.000,-238861351.446
19333.000,-238861034.950
19334.000,-238861193.198
19335.000,-238861509.694
19336.000,-238861588.818
19337.000,-238861272.322
19338.000,-238861034.950
19339.000,-238861193.198
19340.000,-238861588.818
19341.000,-238861667.942
19342.000,-238861351.446
19343.000,-238861034.950
19344.000,-238861114.074
19345.000,-238861509.694
19346.000,-238861588.818
19347.000,-238861351.446
19348.000,-238861034.950
19349.000,-238861193.198
19350.000,-238861509.694
19351.000,-238861667.942
19352.000,-238861351.446
19353.000,-238861034.950
19354.000,-238861114.074
19355.000,-238861509.694
19356.000,-238861667.942
19357.000,-238861351.446
19358.000,-238861034.950
19359.000,-238861114.074
19360.000,-238861509.694
19361.000,-238861588.818
19362.000,-238861272.322
19363.000,-238861034.950
19364.000,-238861193.198
19365.000,-238861588.818
19366.000,-238861667.942
19367.000,-238861351.446
19368.000,-238861034.950
19369.000,-238861114.074
19370.000,-238861509.694
19371.000,-238861588.818
19372.000,-238861351.446
19373.000,-238861034.950
19374.000,-238861193.198
19375.000,-238861509.694
19376.000,-238861588.818
19377.000,-238861272.322
19378.000,-238861034.950
19379.000,-238861114.074
19380.000,-238861509.694
19381.000,-238861667.942
19382.000,-238861351.446
19383.000,-238861034.950
19384.000,-238861114.074
19385.000,-238861509.694
19386.000,-238861588.818
19387.000,-238861351.446
19388.000,-238861034.950
19389.000,-238861193.198
19390.000,-238861509.694
19391.000,-238861667.942
19392.000,-238861351.446
19393.000,-238861034.950
19394.000,-238861114.074
19395.000,-238861509.694
19396.000,-238861588.818
19397.000,-238861351.446
19398.000,-238861034.950
19399.000,-238861193.198
19400.000,-238861509.694
19401.000,-238861667.942
19402.000,-238861351.446
19403.000,-238861034.950
19404.000,-238861114.074
19405.000,-238861509.694
19406.000,-238861667.942
19407.000,-238861351.446
19408.000,-238861034.950
19409.000,-238861114.074
19410.000,-238861509.694
19411.000,-238861588.818
19412.000,-238861351.446
19413.000,-238861034.950
19414.000,-238861193.198
19415.000,-238861509.694
19416.000,-238861667.942
19417.000,-238861351.446
19418.000,-238861034.950
19419.000,-238861114.074
19420.000,-238861509.694
19421.000,-238861588.818
19422.000,-238861351.446
19423.000,-238861034.950
19424.000,-238861193.198
19425.000,-238861509.694
19426.000,-238861588.818
19427.000,-238861272.322
19428.000,-238860955.827
19429.000,-238861114.074
19430.000,-238861509.694
19431.000,-238861667.942
19432.000,-238861351.446
19433.000,-238861034.950
19434.000,-238861193.198
19435.000,-238861509.694
19436.000,-238861588.818
19437.000,-238861272.322
19438.000,-238861034.950
19439.000,-238861114.074
19440.000,-238861509.694
19441.000,-238861667.942
19442.000,-238861351.446
19443.000,-238861034.950
19444.000,-238861114.074
19445.000,-238861509.694
19446.000,-238861588.818
19447.000,-238861351.446
19448.000,-238861034.950
19449.000,-238861193.198
19450.000,-238861588.818
19451.000,-238861667.942
19452.000,-238861351.446
19453.000,-238861034.950
19454.000,-238861114.074
19455.000,-238861509.694
19456.000,-238861667.942
19457.000,-238861351.446
19458.000,-238861034.950
19459.000,-238861193.198
19460.000,-238861509.694
19461.000,-238861588.818
19462.000,-238861272.322
19463.000,-238861034.950
19464.000,-238861114.074
19465.000,-238861509.694
19466.000,-238861667.942
19467.000,-238861351.446
19468.000,-238861034.950
19469.000,-238861114.074
19470.000,-238861509.694
19471.000,-238861588.818
19472.000,-238861351.446
19473.000,-238861034.950
19474.000,-238861193.198
19475.000,-238861509.694
19476.000,-238861667.942
19477.000,-238861351.446
19478.000,-238861034.950
19479.000,-238861114.074
19480.000,-238861509.694
19481.000,-238861667.942
19482.000,-238861351.446
19483.000,-238861034.950
19484.000,-238861114.074
19485.000,-238861509.694
19486.000,-238861588.818
19487.000,-238861351.446
19488.000,-238861034.950
19489.000,-238861193.198
19490.000,-238861509.694
19491.000,-238861667.942
19492.000,-238861351.446
19493.000,-238861034.950
19494.000,-238861114.074
19495.000,-238861509.694
19496.000,-238861588.818
19497.000,-238861351.446
19498.000,-238861034.950
19499.000,-238861193.198
19500.000,-238861509.694
19501.000,-238861667.942
19502.000,-238861272.322
19503.000,-238861034.950
19504.000,-238861114.074
19505.000,-238861509.694
19506.000,-238861667.942
19507.000,-238861351.446
19508.000,-238861034.950
19509.000,-238861193.198
19510.000,-238861509.694
19511.000,-238861588.818
19512.000,-238861272.322
19513.000,-238861034.950
19514.000,-238861114.074
19515.000,-238861509.694
19516.000,-238861667.942
19517.000,-238861351.446
19518.000,-238861034.950
19519.000,-238861114.074
19520.000,-238861509.694
19521.000,-238861588.818
19522.000,-238861351.446
19523.000,-238861034.950
19524.000,-238861193.198
19525.000,-238861509.694
19526.000,-238861667.942
19527.000,-238861351.446
19528.000,-238861034.950
19529.000,-238861114.074
19530.000,-238861509.694
19531.000,-238861667.942
19532.000,-238861351.446
19533.000,-238861034.950
19534.000,-238861114.074
19535.000,-238861509.694
19536.000,-238861588.818
19537.000,-238861351.446
19538.000,-238861034.950
19539.000,-238861114.074
19540.000,-238861509.694
19541.000,-238861667.942
19542.000,-238861351.446
19543.000,-238861034.950
19544.000,-238861114.074
19545.000,-238861509.694
19546.000,-238861588.818
19547.000,-238861351.446
19548.000,-238861034.950
19549.000,-238861193.198
19550.000,-238861509.694
19551.000,-238861667.942
19552.000,-238861351.446
19553.000,-238861034.950
19554.000,-238861114.074
19555.000,-238861509.694
19556.000,-238861667.942
19557.000,-238861351.446
19558.000,-238861034.950
19559.000,-238861114.074
19560.000,-238861509.694
19561.000,-238861588.818
19562.000,-238861272.322
19563.000,-238861034.950
19564.000,-238861114.074
19565.000,-238861509.694
19566.000,-238861667.942
19567.000,-238861351.446
19568.000,-238861034.950
19569.000,-238861114.074
19570.000,-238861509.694
19571.000,-238861588.818
19572.000,-238861351.446
19573.000,-238861034.950
19574.000,-238861193.198
19575.000,-238861509.694
19576.000,-238861588.818
19577.000,-238861272.322
19578.000,-238861034.950
19579.000,-238861114.074
19580.000,-238861509.694
19581.000,-238861667.942
19582.000,-238861351.446
19583.000,-238861034.950
19584.000,-238861114.074
19585.000,-238861509.694
19586.000,-238861588.818
19587.000,-238861272.322
19588.000,-238861034.950
19589.000,-238861193.198
19590.000,-238861509.694
19591.000,-238861667.942
19592.000,-238861351.446
19593.000,-238861034.950
19594.000,-238861114.074
19595.000,-238861509.694
19596.000,-238861588.818
19597.000,-238861351.446
19598.000,-238861034.950
19599.000,-238861193.198
19600.000,-238861509.694
19601.000,-238861667.942
19602.000,-238861272.322
19603.000,-238861034.950
19604.000,-238861114.074
19605.000,-238861509.694
19606.000,-238861667.942
19607.000,-238861351.446
19608.000,-238861034.950
19609.000,-238861114.074
19610.000,-238861509.694
19611.000,-238861588.818
19612.000,-238861272.322
19613.000,-238861034.950
19614.000,-238861193.198
19615.000,-238861588.818
19616.000,-238861667.942
19617.000,-238861351.446
19618.000,-238861034.950
19619.000,-238861114.074
19620.000,-238861509.694
19621.000,-238861588.818
19622.000,-238861351.446
19623.000,-238861034.950
19624.000,-238861193.198
19625.000,-238861509.694
19626.000,-238861667.942
19627.000,-238861351.446
19628.000,-238861034.950
19629.000,-238861114.074
19630.000,-238861509.694
19631.000,-238861667.942
19632.000,-238861351.446
19633.000,-238861034.950
19634.000,-238861114.074
19635.000,-238861509.694
19636.000,-238861588.818
19637.000,-238861272.322
19638.000,-238861034.950
19639.000,-238861114.074
19640.000,-238861509.694
19641.000,-238861667.942
19642.000,-238861351.446
19643.000,-238861034.950
19644.000,-238861114.074
19645.000,-238861509.694
19646.000,-238861588.818
19647.000,-238861351.446
19648.000,-238861034.950
19649.000,-238861193.198
19650.000,-238861509.694
19651.000,-238861667.942
19652.000,-238861351.446
19653.000,-238861034.950
19654.000,-238861114.074
19655.000,-238861509.694
19656.000,-238861667.942
19657.000,-238861351.446
19658.000,-238861034.950
19659.000,-238861114.074
19660.000,-238861509.694
19661.000,-238861588.818
19662.000,-238861351.446
19663.000,-238861034.950
19664.000,-238861193.198
19665.000,-238861509.694
19666.000,-238861667.942
19667.000,-238861351.446
19668.000,-238861034.950
19669.000,-238861114.074
19670.000,-238861509.694
19671.000,-238861667.942
19672.000,-238861351.446
19673.000,-238861034.950
19674.000,-238861193.198
19675.000,-238861509.694
19676.000,-238861667.942
19677.000,-238861351.446
19678.000,-238861034.950
19679.000,-238861114.074
19680.000,-238861509.694
19681.000,-238861667.942
19682.000,-238861351.446
19683.000,-238861034.950
19684.000,-238861114.074
19685.000,-238861509.694
19686.000,-238861588.818
19687.000,-238861351.446
19688.000,-238861034.950
19689.000,-238861193.198
19690.000,-238861509.694
19691.000,-238861667.942
19692.000,-238861351.446
19693.000,-238861034.950
19694.000,-238861114.074
19695.000,-238861509.694
19696.000,-238861667.942
19697.000,-238861351.446
19698.000,-238861034.950
19699.000,-238861193.198
19700.000,-238861509.694
19701.000,-238861588.818
19702.000,-238861272.322
19703.000,-238861034.950
19704.000,-238861114.074
19705.000,-238861509.694
19706.000,-238861667.942
19707.000,-238861351.446
19708.000,-238861034.950
19709.000,-238861114.074
19710.000,-238861509.694
19711.000,-238861588.818
19712.000,-238861272.322
19713.000,-238861034.950
19714.000,-238861193.198
19715.000,-238861509.694
19716.000,-238861667.942
19717.000,-238861351.446
19718.000,-238861034.950
19719.000,-238861114.074
19720.000,-238861509.694
19721.000,-238861588.818
19722.000,-238861351.446
19723.000,-238861034.950
19724.000,-238861193.198
19725.000,-238861588.818
19726.000,-238861667.942
19727.000,-238861351.446
19728.000,-238861034.950
19729.000,-238861114.074
19730.000,-238861509.694
19731.000,-238861667.942
19732.000,-238861351.446
19733.000,-238861034.950
19734.000,-238861193.198
19735.000,-238861509.694
19736.000,-238861588.818
19737.000,-238861272.322
19738.000,-238861034.950
19739.000,-238861114.074
19740.000,-238861509.694
19741.000,-238861667.942
19742.000,-238861351.446
19743.000,-238861034.950
19744.000,-238861114.074
19745.000,-238861509.694
19746.000,-238861588.818
19747.000,-238861351.446
19748.000,-238861034.950
19749.000,-238861193.198
19750.000,-238861509.694
19751.000,-238861667.942
19752.000,-238861351.446
19753.000,-238861034.950
19754.000,-238861114.074
19755.000,-238861509.694
19756.000,-238861667.942
19757.000,-238861351.446
19758.000,-238861034.950
19759.000,-238861193.198
19760.000,-238861509.694
19761.000,-238861588.818
19762.000,-238861351.446
19763.000,-238861034.950
19764.000,-238861114.074
19765.000,-238861509.694
19766.000,-238861667.942
19767.000,-238861351.446
19768.000,-238861034.950
19769.000,-238861114.074
19770.000,-238861509.694
19771.000,-238861588.818
19772.000,-238861351.446
19773.000,-238861034.950
19774.000,-238861193.198
19775.000,-238861509.694
19776.000,-238861667.942
19777.000,-238861351.446
19778.000,-238861034.950
19779.000,-238861114.074
19780.000,-238861509.694
19781.000,-238861667.942
19782.000,-238861351.446
19783.000,-238861034.950
19784.000,-238861114.074
19785.000,-238861509.694
19786.000,-238861588.818
19787.000,-238861272.322
19788.000,-238861034.950
19789.000,-238861114.074
19790.000,-238861509.694
19791.000,-238861667.942
19792.000,-238861351.446
19793.000,-238861034.950
19794.000,-238861114.074
19795.000,-238861509.694
19796.000,-238861588.818
19797.000,-238861351.446
19798.000,-238861034.950
19799.000,-238861193.198
19800.000,-238861509.694
19801.000,-238861667.942
19802.000,-238861351.446
19803.000,-238861034.950
19804.000,-238861114.074
19805.000,-238861509.694
19806.000,-238861667.942
19807.000,-238861351.446
19808.000,-238861034.950
19809.000,-238861193.198
19810.000,-238861509.694
19811.000,-238861588.818
19812.000,-238861351.446
19813.000,-238861034.950
19814.000,-238861114.074
19815.000,-238861509.694
19816.000,-238861667.942
19817.000,-238861351.446
19818.000,-238861034.950
19819.000,-238861114.074
19820.000,-238861509.694
19821.000,-238861667.942
19822.000,-238861351.446
19823.000,-238861034.950
19824.000,-238861193.198
19825.000,-238861509.694
19826.000,-238861588.818
19827.000,-238861351.446
19828.000,-238861034.950
19829.000,-238861114.074
19830.000,-238861509.694
19831.000,-238861667.942
19832.000,-238861351.446
19833.000,-238861034.950
19834.000,-238861114.074
19835.000,-238861509.694
19836.000,-238861588.818
19837.000,-238861272.322
19838.000,-238861034.950
19839.000,-238861193.198
19840.000,-238861588.818
19841.000,-238861667.942
19842.000,-238861351.446
19843.000,-238861034.950
19844.000,-238861114.074
19845.000,-238861430.570
19846.000,-238861588.818
19847.000,-238861351.446
19848.000,-238861114.074
19849.000,-238861193.198
19850.000,-238861509.694
19851.000,-238861667.942
19852.000,-238861272.322
19853.000,-238860955.827
19854.000,-238861114.074
19855.000,-238861509.694
19856.000,-238861667.942
19857.000,-238861430.570
19858.000,-238861114.074
19859.000,-238861193.198
19860.000,-238861509.694
19861.000,-238861588.818
19862.000,-238861272.322
19863.000,-238860955.827
19864.000,-238861114.074
19865.000,-238861509.694
19866.000,-238861667.942
19867.000,-238861430.570
19868.000,-238861034.950
19869.000,-238861114.074
19870.000,-238861509.694
19871.000,-238861588.818
19872.000,-238861272.322
19873.000,-238861034.950
19874.000,-238861193.198
19875.000,-238861588.818
19876.000,-238861667.942
19877.000,-238861351.446
19878.000,-238861034.950
19879.000,-238861114.074
19880.000,-238861509.694
19881.000,-238861588.818
19882.000,-238861351.446
19883.000,-238861034.950
19884.000,-238861193.198
19885.000,-238861509.694
19886.000,-238861667.942
19887.000,-238861351.446
19888.000,-238861034.950
19889.000,-238861114.074
19890.000,-238861509.694
19891.000,-238861667.942
19892.000,-238861351.446
19893.000,-238861034.950
19894.000,-238861114.074
19895.000,-238861509.694
19896.000,-238861667.942
19897.000,-238861351.446
19898.000,-238861034.950
19899.000,-238861114.074
19900.000,-238861509.694
19901.000,-238861588.818
19902.000,-238861351.446
19903.000,-238861034.950
19904.000,-238861193.198
19905.000,-238861509.694
19906.000,-238861667.942
19907.000,-238861351.446
19908.000,-238861034.950
19909.000,-238861114.074
19910.000,-238861430.570
19911.000,-238861588.818
19912.000,-238861351.446
19913.000,-238861034.950
19914.000,-238861193.198
19915.000,-238861588.818
19916.000,-238861667.942
19917.000,-238861351.446
19918.000,-238860955.827
19919.000,-238861114.074
19920.000,-238861509.694
19921.000,-238861667.942
19922.000,-238861351.446
19923.000,-238861114.074
19924.000,-238861193.198
19925.000,-238861509.694
19926.000,-238861588.818
19927.000,-238861272.322
19928.000,-238860955.827
19929.000,-238861114.074
19930.000,-238861509.694
19931.000,-238861667.942
19932.000,-238861430.570
19933.000,-238861114.074
19934.000,-238861114.074
19935.000,-238861509.694
19936.000,-238861588.818
19937.000,-238861272.322
19938.000,-238861034.950
19939.000,-238861114.074
19940.000,-238861588.818
19941.000,-238861667.942
19942.000,-238861351.446
19943.000,-238861034.950
19944.000,-238861114.074
19945.000,-238861430.570
19946.000,-238861588.818
19947.000,-238861351.446
19948.000,-238861034.950
19949.000,-238861193.198
19950.000,-238861588.818
19951.000,-238861667.942
19952.000,-238861351.446
19953.000,-238861034.950
19954.000,-238861114.074
19955.000,-238861509.694
19956.000,-238861667.942
19957.000,-238861351.446
19958.000,-238861034.950
19959.000,-238861193.198
19960.000,-238861509.694
19961.000,-238861667.942
19962.000,-238861351.446
19963.000,-238861034.950
19964.000,-238861114.074
19965.000,-238861509.694
19966.000,-238861667.942
19967.000,-238861351.446
19968.000,-238861034.950
19969.000,-238861114.074
19970.000,-238861509.694
19971.000,-238861588.818
19972.000,-238861351.446
19973.000,-238861034.950
19974.000,-238861114.074
19975.000,-238861509.694
19976.000,-238861667.942
19977.000,-238861351.446
19978.000,-238861034.950
19979.000,-238861114.074
19980.000,-238861509.694
19981.000,-238861667.942
19982.000,-238861351.446
19983.000,-238861034.950
19984.000,-238861114.074
19985.000,-238861509.694
19986.000,-238861588.818
19987.000,-238861351.446
19988.000,-238861034.950
19989.000,-238861114.074
19990.000,-238861509.694
19991.000,-238861667.942
19992.000,-238861351.446
19993.000,-238861034.950
19994.000,-238861114.074
19995.000,-238861509.694
19996.000,-238861588.818
19997.000,-238861351.446
19998.000,-238861034.950
19999.000,-238861193.198
20000.000,-238861509.694
20001.000,-238861667.942
20002.000,-238861351.446
20003.000,-238861034.950
20004.000,-238861114.074
20005.000,-238861509.694
20006.000,-238861667.942
20007.000,-238861351.446
20008.000,-238861034.950
20009.000,-238861114.074
20010.000,-238861509.694
20011.000,-238861588.818
20012.000,-238861351.446
20013.000,-238861034.950
20014.000,-238861114.074
20015.000,-238861509.694
20016.000,-238861667.942
20017.000,-238861351.446
20018.000,-238861034.950
20019.000,-238861114.074
20020.000,-238861509.694
20021.000,-238861588.818
20022.000,-238861351.446
20023.000,-238861034.950
20024.000,-238861193.198
20025.000,-238861509.694
20026.000,-238861667.942
20027.000,-238861351.446
20028.000,-238861034.950
20029.000,-238861114.074
20030.000,-238861509.694
20031.000,-238861667.942
20032.000,-238861351.446
20033.000,-238861034.950
20034.000,-238861193.198
20035.000,-238861509.694
20036.000,-238861588.818
20037.000,-238861351.446
20038.000,-238861034.950
20039.000,-238861114.074
20040.000,-238861509.694
20041.000,-238861667.942
20042.000,-238861351.446
20043.000,-238861034.950
20044.000,-238861114.074
20045.000,-238861509.694
20046.000,-238861588.818
20047.000,-238861351.446
20048.000,-238861034.950
20049.000,-238861193.198
20050.000,-238861509.694
20051.000,-238861667.942
20052.000,-238861351.446
20053.000,-238861034.950
20054.000,-238861114.074
20055.000,-238861509.694
20056.000,-238861667.942
20057.000,-238861351.446
20058.000,-238861034.950
20059.000,-238861114.074
20060.000,-238861509.694
20061.000,-238861588.818
20062.000,-238861351.446
20063.000,-238861034.950
20064.000,-238861114.074
20065.000,-238861509.694
20066.000,-238861667.942
20067.000,-238861351.446
20068.000,-238861034.950
20069.000,-238861114.074
20070.000,-238861509.694
20071.000,-238861588.818
20072.000,-238861351.446
20073.000,-238861034.950
20074.000,-238861193.198
20075.000,-238861509.694
20076.000,-238861667.942
20077.000,-238861351.446
20078.000,-238861034.950
20079.000,-238861114.074
20080.000,-238861509.694
20081.000,-238861667.942
20082.000,-238861351.446
20083.000,-238861034.950
20084.000,-238861114.074
20085.000,-238861509.694
20086.000,-238861588.818
20087.000,-238861272.322
20088.000,-238861034.950
20089.000,-238861114.074
20090.000,-238861509.694
20091.000,-238861667.942
20092.000,-238861351.446
20093.000,-238861034.950
20094.000,-238861114.074
20095.000,-238861509.694
20096.000,-238861588.818
20097.000,-238861351.446
20098.000,-238861034.950
20099.000,-238861193.198
20100.000,-238861509.694
20101.000,-238861667.942
20102.000,-238861351.446
20103.000,-238861034.950
20104.000,-238861114.074
20105.000,-238861509.694
20106.000,-238861667.942
20107.000,-238861351.446
20108.000,-238861034.950
20109.000,-238861114.074
20110.000,-238861509.694
20111.000,-238861588.818
20112.000,-238861351.446
20113.000,-238861034.950
20114.000,-238861114.074
20115.000,-238861509.694
20116.000,-238861667.942
20117.000,-238861351.446
20118.000,-238861034.950
20119.000,-238861114.074
20120.000,-238861509.694
20121.000,-238861667.942
20122.000,-238861351.446
20123.000,-238861034.950
20124.000,-238861114.074
20125.000,-238861509.694
20126.000,-238861667.942
20127.000,-238861351.446
20128.000,-238861034.950
20129.000,-238861114.074
20130.000,-238861509.694
20131.000,-238861667.942
20132.000,-238861351.446
20133.000,-238861034.950
20134.000,-238861114.074
20135.000,-238861509.694
20136.000,-238861588.818
20137.000,-238861351.446
20138.000,-238861034.950
20139.000,-238861114.074
20140.000,-238861509.694
20141.000,-238861667.942
20142.000,-238861351.446
20143.000,-238861034.950
20144.000,-238861114.074
20145.000,-238861509.694
20146.000,-238861667.942
20147.000,-238861351.446
20148.000,-238861034.950
20149.000,-238861114.074
20150.000,-238861509.694
20151.000,-238861588.818
20152.000,-238861351.446
20153.000,-238861034.950
20154.000,-238861114.074
20155.000,-238861509.694
20156.000,-238861667.942
20157.000,-238861351.446
20158.000,-238861034.950
20159.000,-238861114.074
20160.000,-238861509.694
20161.000,-238861588.818
20162.000,-238861351.446
20163.000,-238861034.950
20164.000,-238861193.198
20165.000,-238861509.694
20166.000,-238861667.942
20167.000,-238861351.446
20168.000,-238861034.950
20169.000,-238861114.074
20170.000,-238861509.694
20171.000,-238861667.942
20172.000,-238861351.446
20173.000,-238861034.950
20174.000,-238861193.198
20175.000,-238861509.694
20176.000,-238861588.818
20177.000,-238861351.446
20178.000,-238861034.950
20179.000,-238861114.074
20180.000,-238861509.694
20181.000,-238861667.942
20182.000,-238861351.446
20183.000,-238861034.950
20184.000,-238861114.074
20185.000,-238861509.694
20186.000,-238861588.818
20187.000,-238861351.446
20188.000,-238861034.950
20189.000,-238861193.198
20190.000,-238861509.694
20191.000,-238861667.942
20192.000,-238861351.446
20193.000,-238861034.950
20194.000,-238861114.074
20195.000,-238861430.570
20196.000,-238861588.818
20197.000,-238861351.446
20198.000,-238861034.950
20199.000,-238861193.198
20200.000,-238861509.694
20201.000,-238861667.942
20202.000,-238861351.446
20203.000,-238860955.827
20204.000,-238861114.074
20205.000,-238861509.694
20206.000,-238861667.942
20207.000,-238861351.446
20208.000,-238861034.950
20209.000,-238861114.074
20210.000,-238861509.694
20211.000,-238861588.818
20212.000,-238861351.446
20213.000,-238861034.950
20214.000,-238861114.074
20215.000,-238861509.694
20216.000,-238861667.942
20217.000,-238861351.446
20218.000,-238861034.950
20219.000,-238861114.074
20220.000,-238861509.694
20221.000,-238861588.818
20222.000,-238861351.446
20223.000,-238861034.950
20224.000,-238861114.074
20225.000,-238861509.694
20226.000,-238861667.942
20227.000,-238861351.446
20228.000,-238861034.950
20229.000,-238861114.074
20230.000,-238861509.694
20231.000,-238861667.942
20232.000,-238861351.446
20233.000,-238861034.950
20234.000,-238861114.074
20235.000,-238861509.694
20236.000,-238861588.818
20237.000,-238861351.446
20238.000,-238861034.950
20239.000,-238861114.074
20240.000,-238861509.694
20241.000,-238861667.942
20242.000,-238861351.446
20243.000,-238861034.950
20244.000,-238861114.074
20245.000,-238861509.694
20246.000,-238861667.942
20247.000,-238861351.446
20248.000,-238861034.950
20249.000,-238861193.198
20250.000,-238861509.694
20251.000,-238861588.818
20252.000,-238861351.446
20253.000,-238861034.950
20254.000,-238861114.074
20255.000,-238861509.694
20256.000,-238861667.942
20257.000,-238861351.446
20258.000,-238861034.950
20259.000,-238861114.074
20260.000,-238861509.694
20261.000,-238861588.818
20262.000,-238861351.446
20263.000,-238861034.950
20264.000,-238861114.074
20265.000,-238861509.694
20266.000,-238861667.942
20267.000,-238861351.446
20268.000,-238861034.950
20269.000,-238861114.074
20270.000,-238861430.570
20271.000,-238861588.818
20272.000,-238861351.446
20273.000,-238861034.950
20274.000,-238861193.198
20275.000,-238861509.694
20276.000,-238861667.942
20277.000,-238861351.446
20278.000,-238861034.950
20279.000,-238861114.074
20280.000,-238861509.694
20281.000,-238861667.942
20282.000,-238861351.446
20283.000,-238861034.950
20284.000,-238861193.198
20285.000,-238861509.694
20286.000,-238861588.818
20287.000,-238861351.446
20288.000,-238861034.950
20289.000,-238861114.074
20290.000,-238861509.694
20291.000,-238861667.942
20292.000,-238861351.446
20293.000,-238861034.950
20294.000,-238861114.074
20295.000,-238861509.694
20296.000,-238861588.818
20297.000,-238861351.446
20298.000,-238861034.950
20299.000,-238861193.198
20300.000,-238861509.694
20301.000,-238861667.942
20302.000,-238861351.446
20303.000,-238861034.950
20304.000,-238861114.074
20305.000,-238861509.694
20306.000,-238861667.942
20307.000,-238861351.446
20308.000,-238861034.950
20309.000,-238861114.074
20310.000,-238861509.694
20311.000,-238861588.818
20312.000,-238861351.446
20313.000,-238861034.950
20314.000,-238861114.074
20315.000,-238861509.694
20316.000,-238861667.942
20317.000,-238861351.446
20318.000,-238861034.950
20319.000,-238861114.074
20320.000,-238861509.694
20321.000,-238861588.818
20322.000,-238861351.446
20323.000,-238861034.950
20324.000,-238861193.198
20325.000,-238861509.694
20326.000,-238861667.942
20327.000,-238861351.446
20328.000,-238861034.950
20329.000,-238861114.074
20330.000,-238861509.694
20331.000,-238861667.942
20332.000,-238861430.570
20333.000,-238861114.074
20334.000,-238861114.074
20335.000,-238861509.694
20336.000,-238861588.818
20337.000,-238861351.446
20338.000,-238861034.950
20339.000,-238861114.074
20340.000,-238861509.694
20341.000,-238861667.942
20342.000,-238861351.446
20343.000,-238861034.950
20344.000,-238861114.074
20345.000,-238861430.570
20346.000,-238861588.818
20347.000,-238861351.446
20348.000,-238861114.074
20349.000,-238861193.198
20350.000,-238861509.694
20351.000,-238861667.942
20352.000,-238861351.446
20353.000,-238860955.827
20354.000,-238861114.074
20355.000,-238861509.694
20356.000,-238861667.942
20357.000,-238861430.570
20358.000,-238861114.074
20359.000,-238861193.198
20360.000,-238861509.694
20361.000,-238861588.818
20362.000,-238861272.322
20363.000,-238861034.950
20364.000,-238861114.074
20365.000,-238861509.694
20366.000,-238861667.942
20367.000,-238861351.446
20368.000,-238861034.950
20369.000,-238861114.074
20370.000,-238861430.570
20371.000,-238861588.818
20372.000,-238861351.446
20373.000,-238861034.950
20374.000,-238861193.198
20375.000,-238861509.694
20376.000,-238861667.942
20377.000,-238861351.446
20378.000,-238861034.950
20379.000,-238861114.074
20380.000,-238861509.694
20381.000,-238861667.942
20382.000,-238861351.446
20383.000,-238861114.074
20384.000,-238861193.198
20385.000,-238861509.694
20386.000,-238861588.818
20387.000,-238861351.446
20388.000,-238861034.950
20389.000,-238861114.074
20390.000,-238861509.694
20391.000,-238861667.942
20392.000,-238861351.446
20393.000,-238861034.950
20394.000,-238861114.074
20395.000,-238861509.694
20396.000,-238861588.818
20397.000,-238861351.446
20398.000,-238861034.950
20399.000,-238861114.074
20400.000,-238861509.694
20401.000,-238861667.942
20402.000,-238861351.446
20403.000,-238861034.950
20404.000,-238861114.074
20405.000,-238861509.694
20406.000,-238861667.942
20407.000,-238861351.446
20408.000,-238861034.950
20409.000,-238861114.074
20410.000,-238861509.694
20411.000,-238861588.818
20412.000,-238861351.446
20413.000,-238861034.950
20414.000,-238861114.074
20415.000,-238861509.694
20416.000,-238861667.942
20417.000,-238861351.446
20418.000,-238861034.950
20419.000,-238861114.074
20420.000,-238861509.694
20421.000,-238861667.942
20422.000,-238861351.446
20423.000,-238861034.950
20424.000,-238861193.198
20425.000,-238861509.694
20426.000,-238861667.942
20427.000,-238861351.446
20428.000,-238861034.950
20429.000,-238861114.074
20430.000,-238861509.694
20431.000,-238861667.942
20432.000,-238861430.570
20433.000,-238861034.950
20434.000,-238861114.074
20435.000,-238861509.694
20436.000,-238861588.818
20437.000,-238861351.446
20438.000,-238861034.950
20439.000,-238861114.074
20440.000,-238861509.694
20441.000,-238861667.942
20442.000,-238861351.446
20443.000,-238861034.950
20444.000,-238861114.074
20445.000,-238861430.570
20446.000,-238861588.818
20447.000,-238861351.446
20448.000,-238861034.950
20449.000,-238861193.198
20450.000,-238861509.694
20451.000,-238861667.942
20452.000,-238861351.446
20453.000,-238861034.950
20454.000,-238861114.074
20455.000,-238861509.694
20456.000,-238861667.942
20457.000,-238861351.446
20458.000,-238861034.950
20459.000,-238861114.074
20460.000,-238861509.694
20461.000,-238861588.818
20462.000,-238861351.446
20463.000,-238861034.950
20464.000,-238861114.074
20465.000,-238861509.694
20466.000,-238861667.942
20467.000,-238861351.446
20468.000,-238861034.950
20469.000,-238861114.074
20470.000,-238861509.694
20471.000,-238861588.818
20472.000,-238861351.446
20473.000,-238861034.950
20474.000,-238861193.198
20475.000,-238861509.694
20476.000,-238861667.942
20477.000,-238861351.446
20478.000,-238861034.950
20479.000,-238861114.074
20480.000,-238861509.694
20481.000,-238861667.942
20482.000,-238861351.446
20483.000,-238861034.950
20484.000,-238861114.074
20485.000,-238861509.694
20486.000,-238861588.818
20487.000,-238861351.446
20488.000,-238861034.950
20489.000,-238861114.074
20490.000,-238861509.694
20491.000,-238861667.942
20492.000,-238861351.446
20493.000,-238861034.950
20494.000,-238861114.074
20495.000,-238861509.694
20496.000,-238861588.818
20497.000,-238861351.446
20498.000,-238861034.950
20499.000,-238861193.198
20500.000,-238861509.694
20501.000,-238861667.942
20502.000,-238861351.446
20503.000,-238861034.950
20504.000,-238861114.074
20505.000,-238861509.694
20506.000,-238861667.942
20507.000,-238861351.446
20508.000,-238861034.950
20509.000,-238861114.074
20510.000,-238861509.694
20511.000,-238861588.818
20512.000,-238861351.446
20513.000,-238861034.950
20514.000,-238861114.074
20515.000,-238861509.694
20516.000,-238861667.942
20517.000,-238861351.446
20518.000,-238861034.950
20519.000,-238861114.074
20520.000,-238861430.570
20521.000,-238861588.818
20522.000,-238861351.446
20523.000,-238861034.950
20524.000,-238861193.198
20525.000,-238861509.694
20526.000,-238861667.942
20527.000,-238861351.446
20528.000,-238861034.950
20529.000,-238861114.074
20530.000,-238861509.694
20531.000,-238861667.942
20532.000,-238861351.446
20533.000,-238861034.950
20534.000,-238861114.074
20535.000,-238861509.694
20536.000,-238861588.818
20537.000,-238861351.446
20538.000,-238861034.950
20539.000,-238861114.074
20540.000,-238861509.694
20541.000,-238861667.942
20542.000,-238861351.446
20543.000,-238861034.950
20544.000,-238861114.074
20545.000,-238861509.694
20546.000,-238861588.818
20547.000,-238861351.446
20548.000,-238861034.950
20549.000,-238861193.198
20550.000,-238861509.694
20551.000,-238861667.942
20552.000,-238861351.446
20553.000,-238861034.950
20554.000,-238861114.074
20555.000,-238861509.694
20556.000,-238861667.942
20557.000,-238861351.446
20558.000,-238861034.950
20559.000,-238861114.074
20560.000,-238861509.694
20561.000,-238861588.818
20562.000,-238861351.446
20563.000,-238861034.950
20564.000,-238861114.074
20565.000,-238861509.694
20566.000,-238861667.942
20567.000,-238861351.446
20568.000,-238861034.950
20569.000,-238861114.074
20570.000,-238861509.694
20571.000,-238861667.942
20572.000,-238861351.446
20573.000,-238861034.950
20574.000,-238861114.074
20575.000,-238861509.694
20576.000,-238861667.942
20577.000,-238861351.446
20578.000,-238861034.950
20579.000,-238861114.074
20580.000,-238861509.694
20581.000,-238861667.942
20582.000,-238861351.446
20583.000,-238861034.950
20584.000,-238861114.074
20585.000,-238861509.694
20586.000,-238861588.818
20587.000,-238861351.446
20588.000,-238861034.950
20589.000,-238861114.074
20590.000,-238861509.694
20591.000,-238861667.942
20592.000,-238861351.446
20593.000,-238861034.950
20594.000,-238861114.074
20595.000,-238861509.694
20596.000,-238861588.818
20597.000,-238861351.446
20598.000,-238861034.950
20599.000,-238861193.198
20600.000,-238861509.694
20601.000,-238861667.942
20602.000,-238861351.446
20603.000,-238861034.950
20604.000,-238861114.074
20605.000,-238861509.694
20606.000,-238861667.942
20607.000,-238861351.446
20608.000,-238861034.950
20609.000,-238861114.074
20610.000,-238861509.694
20611.000,-238861667.942
20612.000,-238861351.446
20613.000,-238861034.950
20614.000,-238861114.074
20615.000,-238861509.694
20616.000,-238861667.942
20617.000,-238861351.446
20618.000,-238861034.950
20619.000,-238861114.074
20620.000,-238861509.694
20621.000,-238861588.818
20622.000,-238861351.446
20623.000,-238861034.950
20624.000,-238861114.074
20625.000,-238861509.694
20626.000,-238861667.942
20627.000,-238861351.446
20628.000,-238861034.950
20629.000,-238861114.074
20630.000,-238861509.694
20631.000,-238861667.942
20632.000,-238861351.446
20633.000,-238861034.950
20634.000,-238861114.074
20635.000,-238861509.694
20636.000,-238861667.942
20637.000,-238861351.446
20638.000,-238861034.950
20639.000,-238861114.074
20640.000,-238861509.694
20641.000,-238861667.942
20642.000,-238861351.446
20643.000,-238861034.950
20644.000,-238861114.074
20645.000,-238861509.694
20646.000,-238861667.942
20647.000,-238861351.446
20648.000,-238861034.950
20649.000,-238861114.074
20650.000,-238861509.694
20651.000,-238861667.942
20652.000,-238861351.446
20653.000,-238861034.950
20654.000,-238861114.074
20655.000,-238861509.694
20656.000,-238861667.942
20657.000,-238861351.446
20658.000,-238861034.950
20659.000,-238861114.074
20660.000,-238861509.694
20661.000,-238861588.818
20662.000,-238861351.446
20663.000,-238861034.950
20664.000,-238861114.074
20665.000,-238861509.694
20666.000,-238861667.942
20667.000,-238861351.446
20668.000,-238861034.950
20669.000,-238861114.074
20670.000,-238861509.694
20671.000,-238861667.942
20672.000,-238861351.446
20673.000,-238861034.950
20674.000,-238861193.198
20675.000,-238861509.694
20676.000,-238861667.942
20677.000,-238861351.446
20678.000,-238861034.950
20679.000,-238861114.074
20680.000,-238861509.694
20681.000,-238861667.942
20682.000,-238861351.446
20683.000,-238861034.950
20684.000,-238861114.074
20685.000,-238861509.694
20686.000,-238861588.818
20687.000,-238861351.446
20688.000,-238861034.950
20689.000,-238861114.074
20690.000,-238861509.694
20691.000,-238861667.942
20692.000,-238861351.446
20693.000,-238861034.950
20694.000,-238861114.074
20695.000,-238861430.570
20696.000,-238861588.818
20697.000,-238861351.446
20698.000,-238861034.950
20699.000,-238861193.198
20700.000,-238861509.694
20701.000,-238861667.942
20702.000,-238861351.446
20703.000,-238861034.950
20704.000,-238861114.074
20705.000,-238861430.570
20706.000,-238861667.942
20707.000,-238861351.446
20708.000,-238861114.074
20709.000,-238861193.198
20710.000,-238861509.694
20711.000,-238861667.942
20712.000,-238861351.446
20713.000,-238861034.950
20714.000,-238861114.074
20715.000,-238861509.694
20716.000,-238861667.942
20717.000,-238861351.446
20718.000,-238861034.950
20719.000,-238861114.074
20720.000,-238861509.694
20721.000,-238861588.818
20722.000,-238861351.446
20723.000,-238861034.950
20724.000,-238861114.074
20725.000,-238861509.694
20726.000,-238861667.942
20727.000,-238861351.446
20728.000,-238861034.950
20729.000,-238861114.074
20730.000,-238861509.694
20731.000,-238861667.942
20732.000,-238861351.446
20733.000,-238861034.950
20734.000,-238861114.074
20735.000,-238861509.694
20736.000,-238861667.942
20737.000,-238861351.446
20738.000,-238861034.950
20739.000,-238861114.074
20740.000,-238861509.694
20741.000,-238861667.942
20742.000,-238861351.446
20743.000,-238861034.950
20744.000,-238861114.074
20745.000,-238861509.694
20746.000,-238861667.942
20747.000,-238861351.446
20748.000,-238861034.950
20749.000,-238861114.074
20750.000,-238861509.694
20751.000,-238861667.942
20752.000,-238861351.446
20753.000,-238861034.950
20754.000,-238861114.074
20755.000,-238861509.694
20756.000,-238861667.942
20757.000,-238861351.446
20758.000,-238861034.950
20759.000,-238861114.074
20760.000,-238861509.694
20761.000,-238861667.942
20762.000,-238861351.446
20763.000,-238861034.950
20764.000,-238861114.074
20765.000,-238861509.694
20766.000,-238861667.942
20767.000,-238861351.446
20768.000,-238861034.950
20769.000,-238861114.074
20770.000,-238861509.694
20771.000,-238861588.818
20772.000,-238861351.446
20773.000,-238861034.950
20774.000,-238861114.074
20775.000,-238861509.694
20776.000,-238861667.942
20777.000,-238861351.446
20778.000,-238861034.950
20779.000,-238861114.074
20780.000,-238861430.570
20781.000,-238861588.818
20782.000,-238861351.446
20783.000,-238861034.950
20784.000,-238861193.198
20785.000,-238861509.694
20786.000,-238861667.942
20787.000,-238861351.446
20788.000,-238861034.950
20789.000,-238861114.074
20790.000,-238861509.694
20791.000,-238861667.942
20792.000,-238861430.570
20793.000,-238861114.074
20794.000,-238861193.198
20795.000,-238861509.694
20796.000,-238861588.818
20797.000,-238861272.322
20798.000,-238861034.950
20799.000,-238861114.074
20800.000,-238861509.694
20801.000,-238861667.942
20802.000,-238861430.570
20803.000,-238861034.950
20804.000,-238861114.074
20805.000,-238861430.570
20806.000,-238861588.818
20807.000,-238861351.446
20808.000,-238861034.950
20809.000,-238861193.198
20810.000,-238861509.694
20811.000,-238861667.942
20812.000,-238861351.446
20813.000,-238861034.950
20814.000,-238861114.074
20815.000,-238861509.694
20816.000,-238861667.942
20817.000,-238861430.570
20818.000,-238861114.074
20819.000,-238861114.074
20820.000,-238861509.694
20821.000,-238861588.818
20822.000,-238861272.322
20823.000,-238861034.950
20824.000,-238861114.074
20825.000,-238861509.694
20826.000,-238861667.942
20827.000,-238861351.446
20828.000,-238861034.950
20829.000,-238861114.074
20830.000,-238861430.570
20831.000,-238861588.818
20832.000,-238861351.446
20833.000,-238861034.950
20834.000,-238861193.198
20835.000,-238861509.694
20836.000,-238861667.942
20837.000,-238861351.446
20838.000,-238861034.950
20839.000,-238861114.074
20840.000,-238861509.694
20841.000,-238861667.942
20842.000,-238861430.570
20843.000,-238861034.950
20844.000,-238861114.074
20845.000,-238861430.570
20846.000,-238861588.818
20847.000,-238861351.446
20848.000,-238861034.950
20849.000,-238861193.198
20850.000,-238861509.694
20851.000,-238861667.942
20852.000,-238861351.446
20853.000,-238861034.950
20854.000,-238861034.950
20855.000,-238861430.570
20856.000,-238861667.942
20857.000,-238861351.446
20858.000,-238861114.074
20859.000,-238861193.198
20860.000,-238861509.694
20861.000,-238861588.818
20862.000,-238861272.322
20863.000,-238860955.827
20864.000,-238861114.074
20865.000,-238861509.694
20866.000,-238861667.942
20867.000,-238861430.570
20868.000,-238861034.950
20869.000,-238861114.074
20870.000,-238861430.570
20871.000,-238861588.818
20872.000,-238861351.446
20873.000,-238861034.950
20874.000,-238861193.198
20875.000,-238861588.818
20876.000,-238861667.942
20877.000,-238861351.446
20878.000,-238861034.950
20879.000,-238861034.950
20880.000,-238861430.570
20881.000,-238861588.818
20882.000,-238861351.446
20883.000,-238861114.074
20884.000,-238861193.198
20885.000,-238861509.694
20886.000,-238861667.942
20887.000,-238861351.446
20888.000,-238861034.950
20889.000,-238861114.074
20890.000,-238861509.694
20891.000,-238861667.942
20892.000,-238861430.570
20893.000,-238861034.950
20894.000,-238861114.074
20895.000,-238861509.694
20896.000,-238861588.818
20897.000,-238861351.446
20898.000,-238861034.950
20899.000,-238861114.074
20900.000,-238861509.694
20901.000,-238861667.942
20902.000,-238861351.446
20903.000,-238861034.950
20904.000,-238861114.074
20905.000,-238861509.694
20906.000,-238861667.942
20907.000,-238861351.446
20908.000,-238861034.950
20909.000,-238861114.074
20910.000,-238861509.694
20911.000,-238861588.818
20912.000,-238861351.446
20913.000,-238861034.950
20914.000,-238861114.074
20915.000,-238861509.694
20916.000,-238861667.942
20917.000,-238861351.446
20918.000,-238861034.950
20919.000,-238861114.074
20920.000,-238861430.570
20921.000,-238861588.818
20922.000,-238861351.446
20923.000,-238861034.950
20924.000,-238861193.198
20925.000,-238861509.694
20926.000,-238861667.942
20927.000,-238861351.446
20928.000,-238861034.950
20929.000,-238861114.074
20930.000,-238861509.694
20931.000,-238861667.942
20932.000,-238861430.570
20933.000,-238861114.074
20934.000,-238861114.074
20935.000,-238861509.694
20936.000,-238861588.818
20937.000,-238861351.446
20938.000,-238861034.950
20939.000,-238861114.074
20940.000,-238861509.694
20941.000,-238861667.942
20942.000,-238861430.570
20943.000,-238861034.950
20944.000,-238861114.074
20945.000,-238861430.570
20946.000,-238861588.818
20947.000,-238861351.446
20948.000,-238861034.950
20949.000,-238861193.198
20950.000,-238861509.694
20951.000,-238861667.942
20952.000,-238861351.446
20953.000,-238861034.950
20954.000,-238861114.074
20955.000,-238861509.694
20956.000,-238861667.942
20957.000,-238861351.446
20958.000,-238861114.074
20959.000,-238861114.074
20960.000,-238861509.694
20961.000,-238861588.818
20962.000,-238861351.446
20963.000,-238861034.950
20964.000,-238861114.074
20965.000,-238861509.694
20966.000,-238861667.942
20967.000,-238861351.446
20968.000,-238861034.950
20969.000,-238861114.074
20970.000,-238861430.570
20971.000,-238861588.818
20972.000,-238861351.446
20973.000,-238861034.950
20974.000,-238861114.074
20975.000,-238861509.694
20976.000,-238861667.942
20977.000,-238861351.446
20978.000,-238861034.950
20979.000,-238861114.074
20980.000,-238861509.694
20981.000,-238861667.942
20982.000,-238861351.446
20983.000,-238861034.950
20984.000,-238861114.074
20985.000,-238861509.694
20986.000,-238861588.818
20987.000,-238861351.446
20988.000,-238861034.950
20989.000,-238861114.074
20990.000,-238861509.694
20991.000,-238861667.942
20992.000,-238861351.446
20993.000,-238861034.950
20994.000,-238861114.074
20995.000,-238861509.694
20996.000,-238861667.942
20997.000,-238861351.446
20998.000,-238861034.950
20999.000,-238861114.074
21000.000,-238861509.694
21001.000,-238861667.942
21002.000,-238861351.446
21003.000,-238861034.950
21004.000,-238861114.074
21005.000,-238861509.694
21006.000,-238861667.942
21007.000,-238861430.570
21008.000,-238861034.950
21009.000,-238861114.074
21010.000,-238861509.694
21011.000,-238861588.818
21012.000,-238861351.446
21013.000,-238861034.950
21014.000,-238861114.074
21015.000,-238861509.694
21016.000,-238861667.942
21017.000,-238861351.446
21018.000,-238861034.950
21019.000,-238861114.074
21020.000,-238861430.570
21021.000,-238861588.818
21022.000,-238861351.446
21023.000,-238861114.074
21024.000,-238861193.198
21025.000,-238861509.694
21026.000,-238861667.942
21027.000,-238861351.446
21028.000,-238860955.827
21029.000,-238861114.074
21030.000,-238861509.694
21031.000,-238861667.942
21032.000,-238861430.570
21033.000,-238861114.074
21034.000,-238861114.074
21035.000,-238861430.570
21036.000,-238861588.818
21037.000,-238861272.322
21038.000,-238861034.950
21039.000,-238861114.074
21040.000,-238861588.818
21041.000,-238861667.942
21042.000,-238861430.570
21043.000,-238861034.950
21044.000,-238861114.074
21045.000,-238861430.570
21046.000,-238861588.818
21047.000,-238861351.446
21048.000,-238861034.950
21049.000,-238861193.198
21050.000,-238861509.694
21051.000,-238861667.942
21052.000,-238861351.446
21053.000,-238861034.950
21054.000,-238861114.074
21055.000,-238861509.694
21056.000,-238861667.942
21057.000,-238861430.570
21058.000,-238861114.074
21059.000,-238861114.074
21060.000,-238861509.694
21061.000,-238861588.818
21062.000,-238861351.446
21063.000,-238861034.950
21064.000,-238861114.074
21065.000,-238861509.694
21066.000,-238861667.942
21067.000,-238861351.446
21068.000,-238861034.950
21069.000,-238861114.074
21070.000,-238861430.570
21071.000,-238861588.818
21072.000,-238861351.446
21073.000,-238861034.950
21074.000,-238861114.074
21075.000,-238861509.694
21076.000,-238861667.942
21077.000,-238861351.446
21078.000,-238861034.950
21079.000,-238861114.074
21080.000,-238861509.694
21081.000,-238861667.942
21082.000,-238861351.446
21083.000,-238861034.950
21084.000,-238861114.074
21085.000,-238861509.694
21086.000,-238861588.818
21087.000,-238861351.446
21088.000,-238861034.950
21089.000,-238861114.074
21090.000,-238861509.694
21091.000,-238861667.942
21092.000,-238861351.446
21093.000,-238861034.950
21094.000,-238861114.074
21095.000,-238861509.694
21096.000,-238861667.942
21097.000,-238861351.446
21098.000,-238861034.950
21099.000,-238861114.074
21100.000,-238861509.694
21101.000,-238861667.942
21102.000,-238861351.446
21103.000,-238861034.950
21104.000,-238861114.074
21105.000,-238861509.694
21106.000,-238861667.942
21107.000,-238861351.446
21108.000,-238861034.950
21109.000,-238861114.074
21110.000,-238861509.694
21111.000,-238861588.818
21112.000,-238861351.446
21113.000,-238861034.950
21114.000,-238861114.074
21115.000,-238861509.694
21116.000,-238861667.942
21117.000,-238861351.446
21118.000,-238861034.950
21119.000,-238861114.074
21120.000,-238861430.570
21121.000,-238861588.818
21122.000,-238861351.446
21123.000,-238861034.950
21124.000,-238861114.074
21125.000,-238861509.694
21126.000,-238861667.942
21127.000,-238861351.446
21128.000,-238861034.950
21129.000,-238861114.074
21130.000,-238861509.694
21131.000,-238861667.942
21132.000,-238861351.446
21133.000,-238861034.950
21134.000,-238861114.074
21135.000,-238861509.694
21136.000,-238861588.818
21137.000,-238861351.446
21138.000,-238861034.950
21139.000,-238861114.074
21140.000,-238861509.694
21141.000,-238861667.942
21142.000,-238861351.446
21143.000,-238861034.950
21144.000,-238861114.074
21145.000,-238861430.570
21146.000,-238861588.818
21147.000,-238861351.446
21148.000,-238861034.950
21149.000,-238861193.198
21150.000,-238861509.694
21151.000,-238861667.942
21152.000,-238861351.446
21153.000,-238861034.950
21154.000,-238861114.074
21155.000,-238861509.694
21156.000,-238861667.942
21157.000,-238861430.570
21158.000,-238861114.074
21159.000,-238861114.074
21160.000,-238861509.694
21161.000,-238861588.818
21162.000,-238861351.446
21163.000,-238861034.950
21164.000,-238861114.074
21165.000,-238861509.694
21166.000,-238861667.942
21167.000,-238861351.446
21168.000,-238861034.950
21169.000,-238861114.074
21170.000,-238861430.570
21171.000,-238861588.818
21172.000,-238861351.446
21173.000,-238861034.950
21174.000,-238861193.198
21175.000,-238861509.694
21176.000,-238861667.942
21177.000,-238861351.446
21178.000,-238861034.950
21179.000,-238861114.074
21180.000,-238861430.570
21181.000,-238861667.942
21182.000,-238861351.446
21183.000,-238861034.950
21184.000,-238861114.074
21185.000,-238861509.694
21186.000,-238861588.818
21187.000,-238861351.446
21188.000,-238861034.950
21189.000,-238861114.074
21190.000,-238861509.694
21191.000,-238861667.942
21192.000,-238861351.446
21193.000,-238861034.950
21194.000,-238861114.074
21195.000,-238861430.570
21196.000,-238861588.818
21197.000,-238861351.446
21198.000,-238861034.950
21199.000,-238861114.074
21200.000,-238861509.694
21201.000,-238861667.942
21202.000,-238861351.446
21203.000,-238861034.950
21204.000,-238861114.074
21205.000,-238861509.694
21206.000,-238861667.942
21207.000,-238861351.446
21208.000,-238861034.950
21209.000,-238861114.074
21210.000,-238861509.694
21211.000,-238861588.818
21212.000,-238861351.446
21213.000,-238861034.950
21214.000,-238861114.074
21215.000,-238861509.694
21216.000,-238861667.942
21217.000,-238861351.446
21218.000,-238861034.950
21219.000,-238861114.074
21220.000,-238861430.570
21221.000,-238861588.818
21222.000,-238861351.446
21223.000,-238861034.950
21224.000,-238861114.074
21225.000,-238861509.694
21226.000,-238861667.942
21227.000,-238861351.446
21228.000,-238861034.950
21229.000,-238861114.074
21230.000,-238861509.694
21231.000,-238861667.942
21232.000,-238861430.570
21233.000,-238861034.950
21234.000,-238861114.074
21235.000,-238861509.694
21236.000,-238861588.818
21237.000,-238861351.446
21238.000,-238861034.950
21239.000,-238861114.074
21240.000,-238861509.694
21241.000,-238861667.942
21242.000,-238861351.446
21243.000,-238861034.950
21244.000,-238861114.074
21245.000,-238861430.570
21246.000,-238861667.942
21247.000,-238861351.446
21248.000,-238861034.950
21249.000,-238861193.198
21250.000,-238861509.694
21251.000,-238861667.942
21252.000,-238861351.446
21253.000,-238861034.950
21254.000,-238861114.074
21255.000,-238861509.694
21256.000,-238861667.942
21257.000,-238861430.570
21258.000,-238861114.074
21259.000,-238861114.074
21260.000,-238861509.694
21261.000,-238861588.818
21262.000,-238861351.446
21263.000,-238861034.950
21264.000,-238861114.074
21265.000,-238861509.694
21266.000,-238861667.942
21267.000,-238861351.446
21268.000,-238861034.950
21269.000,-238861114.074
21270.000,-238861430.570
21271.000,-238861588.818
21272.000,-238861351.446
21273.000,-238861034.950
21274.000,-238861193.198
21275.000,-238861509.694
21276.000,-238861667.942
21277.000,-238861351.446
21278.000,-238861034.950
21279.000,-238861114.074
21280.000,-238861509.694
21281.000,-238861667.942
21282.000,-238861430.570
21283.000,-238861034.950
21284.000,-238861114.074
21285.000,-238861509.694
21286.000,-238861588.818
21287.000,-238861351.446
21288.000,-238861034.950
21289.000,-238861114.074
21290.000,-238861509.694
21291.000,-238861667.942
21292.000,-238861351.446
21293.000,-238861034.950
21294.000,-238861114.074
21295.000,-238861509.694
21296.000,-238861588.818
21297.000,-238861351.446
21298.000,-238861034.950
21299.000,-238861114.074
21300.000,-238861509.694
21301.000,-238861667.942
21302.000,-238861351.446
21303.000,-238861034.950
21304.000,-238861114.074
21305.000,-238861509.694
21306.000,-238861667.942
21307.000,-238861351.446
21308.000,-238861034.950
21309.000,-238861114.074
21310.000,-238861509.694
21311.000,-238861588.818
21312.000,-238861351.446
21313.000,-238861034.950
21314.000,-238861114.074
21315.000,-238861509.694
21316.000,-238861667.942
21317.000,-238861351.446
21318.000,-238861034.950
21319.000,-238861114.074
21320.000,-238861430.570
21321.000,-238861588.818
21322.000,-238861351.446
21323.000,-238861034.950
21324.000,-238861114.074
21325.000,-238861509.694
21326.000,-238861667.942
21327.000,-238861351.446
21328.000,-238861034.950
21329.000,-238861114.074
21330.000,-238861509.694
21331.000,-238861667.942
21332.000,-238861430.570
21333.000,-238861034.950
21334.000,-238861114.074
21335.000,-238861509.694
21336.000,-238861588.818
21337.000,-238861351.446
21338.000,-238861034.950
21339.000,-238861114.074
21340.000,-238861509.694
21341.000,-238861667.942
21342.000,-238861351.446
21343.000,-238861034.950
21344.000,-238861114.074
21345.000,-238861430.570
21346.000,-238861588.818
21347.000,-238861351.446
21348.000,-238861034.950
21349.000,-238861114.074
21350.000,-238861509.694
21351.000,-238861667.942
21352.000,-238861351.446
21353.000,-238861034.950
21354.000,-238861114.074
21355.000,-238861509.694
21356.000,-238861667.942
21357.000,-238861430.570
21358.000,-238861114.074
21359.000,-238861114.074
21360.000,-238861509.694
21361.000,-238861588.818
21362.000,-238861351.446
21363.000,-238861034.950
21364.000,-238861114.074
21365.000,-238861509.694
21366.000,-238861667.942
21367.000,-238861430.570
21368.000,-238861034.950
21369.000,-238861114.074
21370.000,-238861430.570
21371.000,-238861588.818
21372.000,-238861351.446
21373.000,-238861034.950
21374.000,-238861114.074
21375.000,-238861509.694
21376.000,-238861667.942
21377.000,-238861351.446
21378.000,-238861034.950
21379.000,-238861114.074
21380.000,-238861509.694
21381.000,-238861667.942
21382.000,-238861351.446
21383.000,-238861034.950
21384.000,-238861114.074
21385.000,-238861509.694
21386.000,-238861588.818
21387.000,-238861351.446
21388.000,-238861034.950
21389.000,-238861114.074
21390.000,-238861509.694
21391.000,-238861667.942
21392.000,-238861351.446
21393.000,-238861034.950
21394.000,-238861114.074
21395.000,-238861430.570
21396.000,-238861588.818
21397.000,-238861351.446
21398.000,-238861034.950
21399.000,-238861114.074
21400.000,-238861509.694
21401.000,-238861667.942
21402.000,-238861351.446
21403.000,-238861034.950
21404.000,-238861114.074
21405.000,-238861509.694
21406.000,-238861667.942
21407.000,-238861351.446
21408.000,-238861034.950
21409.000,-238861114.074
21410.000,-238861509.694
21411.000,-238861588.818
21412.000,-238861351.446
21413.000,-238861034.950
21414.000,-238861114.074
21415.000,-238861509.694
21416.000,-238861667.942
21417.000,-238861351.446
21418.000,-238861034.950
21419.000,-238861114.074
21420.000,-238861430.570
21421.000,-238861588.818
21422.000,-238861351.446
21423.000,-238861034.950
21424.000,-238861114.074
21425.000,-238861509.694
21426.000,-238861667.942
21427.000,-238861351.446
21428.000,-238861034.950
21429.000,-238861114.074
21430.000,-238861509.694
21431.000,-238861667.942
21432.000,-238861351.446
21433.000,-238861034.950
21434.000,-238861114.074
21435.000,-238861509.694
21436.000,-238861588.818
21437.000,-238861351.446
21438.000,-238861034.950
21439.000,-238861114.074
21440.000,-238861509.694
21441.000,-238861667.942
21442.000,-238861351.446
21443.000,-238861034.950
21444.000,-238861114.074
21445.000,-238861430.570
21446.000,-238861588.818
21447.000,-238861351.446
21448.000,-238861034.950
21449.000,-238861193.198
21450.000,-238861509.694
21451.000,-238861667.942
21452.000,-238861351.446
21453.000,-238861034.950
21454.000,-238861114.074
21455.000,-238861509.694
21456.000,-238861667.942
21457.000,-238861430.570
21458.000,-238861034.950
21459.000,-238861114.074
21460.000,-238861509.694
21461.000,-238861588.818
21462.000,-238861351.446
21463.000,-238861034.950
21464.000,-238861114.074
21465.000,-238861509.694
21466.000,-238861667.942
21467.000,-238861430.570
21468.000,-238861034.950
21469.000,-238861114.074
21470.000,-238861430.570
21471.000,-238861588.818
21472.000,-238861351.446
21473.000,-238861034.950
21474.000,-238861114.074
21475.000,-238861509.694
21476.000,-238861667.942
21477.000,-238861351.446
21478.000,-238861034.950
21479.000,-238861114.074
21480.000,-238861509.694
21481.000,-238861667.942
21482.000,-238861351.446
21483.000,-238861034.950
21484.000,-238861114.074
21485.000,-238861509.694
21486.000,-238861667.942
21487.000,-238861351.446
21488.000,-238861034.950
21489.000,-238861114.074
21490.000,-238861509.694
21491.000,-238861667.942
21492.000,-238861351.446
21493.000,-238861034.950
21494.000,-238861114.074
21495.000,-238861509.694
21496.000,-238861667.942
21497.000,-238861351.446
21498.000,-238861034.950
21499.000,-238861114.074
21500.000,-238861509.694
21501.000,-238861667.942
21502.000,-238861351.446
21503.000,-238861034.950
21504.000,-238861114.074
21505.000,-238861509.694
21506.000,-238861667.942
21507.000,-238861430.570
21508.000,-238861034.950
21509.000,-238861114.074
21510.000,-238861430.570
21511.000,-238861588.818
21512.000,-238861351.446
21513.000,-238861034.950
21514.000,-238861114.074
21515.000,-238861509.694
21516.000,-238861667.942
21517.000,-238861351.446
21518.000,-238861034.950
21519.000,-238861114.074
21520.000,-238861430.570
21521.000,-238861588.818
21522.000,-238861351.446
21523.000,-238861114.074
21524.000,-238861193.198
21525.000,-238861509.694
21526.000,-238861667.942
21527.000,-238861351.446
21528.000,-238861034.950
21529.000,-238861114.074
21530.000,-238861509.694
21531.000,-238861667.942
21532.000,-238861430.570
21533.000,-238861114.074
21534.000,-238861114.074
21535.000,-238861509.694
21536.000,-238861588.818
21537.000,-238861351.446
21538.000,-238861034.950
21539.000,-238861114.074
21540.000,-238861509.694
21541.000,-238861667.942
21542.000,-238861430.570
21543.000,-238861034.950
21544.000,-238861114.074
21545.000,-238861430.570
21546.000,-238861588.818
21547.000,-238861351.446
21548.000,-238861034.950
21549.000,-238861114.074
21550.000,-238861509.694
21551.000,-238861667.942
21552.000,-238861351.446
21553.000,-238861034.950
21554.000,-238861114.074
21555.000,-238861509.694
21556.000,-238861667.942
21557.000,-238861430.570
21558.000,-238861034.950
21559.000,-238861114.074
21560.000,-238861509.694
21561.000,-238861667.942
21562.000,-238861351.446
21563.000,-238861034.950
21564.000,-238861114.074
21565.000,-238861509.694
21566.000,-238861667.942
21567.000,-238861351.446
21568.000,-238861034.950
21569.000,-238861114.074
21570.000,-238861509.694
21571.000,-238861667.942
21572.000,-238861351.446
21573.000,-238861034.950
21574.000,-238861114.074
21575.000,-238861509.694
21576.000,-238861667.942
21577.000,-238861351.446
21578.000,-238861034.950
21579.000,-238861114.074
21580.000,-238861509.694
21581.000,-238861667.942
21582.000,-238861430.570
21583.000,-238861034.950
21584.000,-238861114.074
21585.000,-238861509.694
21586.000,-238861588.818
21587.000,-238861351.446
21588.000,-238861034.950
21589.000,-238861114.074
21590.000,-238861509.694
21591.000,-238861667.942
21592.000,-238861351.446
21593.000,-238861034.950
21594.000,-238861114.074
21595.000,-238861430.570
21596.000,-238861667.942
21597.000,-238861351.446
21598.000,-238861034.950
21599.000,-238861114.074
21600.000,-238861509.694
21601.000,-238861667.942
21602.000,-238861351.446
21603.000,-238861034.950
21604.000,-238861114.074
21605.000,-238861509.694
21606.000,-238861667.942
21607.000,-238861430.570
21608.000,-238861114.074
21609.000,-238861114.074
21610.000,-238861509.694
21611.000,-238861588.818
21612.000,-238861351.446
21613.000,-238861034.950
21614.000,-238861114.074
21615.000,-238861509.694
21616.000,-238861667.942
21617.000,-238861430.570
21618.000,-238861034.950
21619.000,-238861114.074
21620.000,-238861430.570
21621.000,-238861588.818
21622.000,-238861351.446
21623.000,-238861034.950
21624.000,-238861114.074
21625.000,-238861509.694
21626.000,-238861667.942
21627.000,-238861351.446
21628.000,-238861034.950
21629.000,-238861114.074
21630.000,-238861430.570
21631.000,-238861667.942
21632.000,-238861430.570
21633.000,-238861114.074
21634.000,-238861114.074
21635.000,-238861509.694
21636.000,-238861588.818
21637.000,-238861351.446
21638.000,-238861034.950
21639.000,-238861114.074
21640.000,-238861509.694
21641.000,-238861667.942
21642.000,-238861430.570
21643.000,-238861034.950
21644.000,-238861114.074
21645.000,-238861430.570
21646.000,-238861588.818
21647.000,-238861351.446
21648.000,-238861034.950
21649.000,-238861114.074
21650.000,-238861509.694
21651.000,-238861667.942
21652.000,-238861351.446
21653.000,-238861034.950
21654.000,-238861114.074
21655.000,-238861509.694
21656.000,-238861667.942
21657.000,-238861351.446
21658.000,-238861034.950
21659.000,-238861114.074
21660.000,-238861509.694
21661.000,-238861667.942
21662.000,-238861351.446
21663.000,-238861034.950
21664.000,-238861114.074
21665.000,-238861509.694
21666.000,-238861667.942
21667.000,-238861430.570
21668.000,-238861034.950
21669.000,-238861114.074
21670.000,-238861509.694
21671.000,-238861588.818
21672.000,-238861351.446
21673.000,-238861034.950
21674.000,-238861114.074
21675.000,-238861509.694
21676.000,-238861667.942
21677.000,-238861351.446
21678.000,-238861034.950
21679.000,-238861114.074
21680.000,-238861509.694
21681.000,-238861667.942
21682.000,-238861430.570
21683.000,-238861034.950
21684.000,-238861114.074
21685.000,-238861509.694
21686.000,-238861588.818
21687.000,-238861351.446
21688.000,-238861034.950
21689.000,-238861114.074
21690.000,-238861509.694
21691.000,-238861667.942
21692.000,-238861430.570
21693.000,-238861034.950
21694.000,-238861114.074
21695.000,-238861430.570
21696.000,-238861588.818
21697.000,-238861351.446
21698.000,-238861034.950
21699.000,-238861114.074
21700.000,-238861509.694
21701.000,-238861667.942
21702.000,-238861351.446
21703.000,-238861034.950
21704.000,-238861114.074
21705.000,-238861509.694
21706.000,-238861667.942
21707.000,-238861430.570
21708.000,-238861114.074
21709.000,-238861114.074
21710.000,-238861509.694
21711.000,-238861588.818
21712.000,-238861351.446
21713.000,-238861034.950
21714.000,-238861114.074
21715.000,-238861509.694
21716.000,-238861667.942
21717.000,-238861430.570
21718.000,-238861034.950
21719.000,-238861114.074
21720.000,-238861430.570
21721.000,-238861588.818
21722.000,-238861351.446
21723.000,-238861034.950
21724.000,-238861114.074
21725.000,-238861509.694
21726.000,-238861667.942
21727.000,-238861351.446
21728.000,-238861034.950
21729.000,-238861114.074
21730.000,-238861430.570
21731.000,-238861667.942
21732.000,-238861351.446
21733.000,-238861034.950
21734.000,-238861114.074
21735.000,-238861509.694
21736.000,-238861667.942
21737.000,-238861351.446
21738.000,-238861034.950
21739.000,-238861114.074
21740.000,-238861509.694
21741.000,-238861667.942
21742.000,-238861430.570
21743.000,-238861034.950
21744.000,-238861114.074
21745.000,-238861430.570
21746.000,-238861588.818
21747.000,-238861351.446
21748.000,-238861034.950
21749.000,-238861114.074
21750.000,-238861509.694
21751.000,-238861667.942
21752.000,-238861351.446
21753.000,-238861034.950
21754.000,-238861114.074
21755.000,-238861430.570
21756.000,-238861667.942
21757.000,-238861351.446
21758.000,-238861034.950
21759.000,-238861114.074
21760.000,-238861509.694
21761.000,-238861667.942
21762.000,-238861351.446
21763.000,-238861034.950
21764.000,-238861114.074
21765.000,-238861509.694
21766.000,-238861667.942
21767.000,-238861351.446
21768.000,-238861034.950
21769.000,-238861114.074
21770.000,-238861430.570
21771.000,-238861667.942
21772.000,-238861351.446
21773.000,-238861034.950
21774.000,-238861114.074
21775.000,-238861509.694
21776.000,-238861667.942
21777.000,-238861351.446
21778.000,-238861034.950
21779.000,-238861114.074
21780.000,-238861509.694
21781.000,-238861667.942
21782.000,-238861430.570
21783.000,-238861034.950
21784.000,-238861114.074
21785.000,-238861509.694
21786.000,-238861588.818
21787.000,-238861351.446
21788.000,-238861034.950
21789.000,-238861114.074
21790.000,-238861509.694
21791.000,-238861667.942
21792.000,-238861351.446
21793.000,-238861034.950
21794.000,-238861114.074
21795.000,-238861430.570
21796.000,-238861588.818
21797.000,-238861351.446
21798.000,-238861034.950
21799.000,-238861114.074
21800.000,-238861509.694
21801.000,-238861667.942
21802.000,-238861351.446
21803.000,-238861034.950
21804.000,-238861114.074
21805.000,-238861430.570
21806.000,-238861667.942
21807.000,-238861430.570
21808.000,-238861114.074
21809.000,-238861114.074
21810.000,-238861509.694
21811.000,-238861667.942
21812.000,-238861351.446
21813.000,-238861034.950
21814.000,-238861114.074
21815.000,-238861509.694
21816.000,-238861667.942
21817.000,-238861430.570
21818.000,-238861034.950
21819.000,-238861114.074
21820.000,-238861430.570
21821.000,-238861588.818
21822.000,-238861351.446
21823.000,-238861034.950
21824.000,-238861114.074
21825.000,-238861509.694
21826.000,-238861667.942
21827.000,-238861351.446
21828.000,-238861034.950
21829.000,-238861114.074
21830.000,-238861430.570
21831.000,-238861667.942
21832.000,-238861351.446
21833.000,-238861034.950
21834.000,-238861114.074
21835.000,-238861509.694
21836.000,-238861667.942
21837.000,-238861351.446
21838.000,-238861034.950
21839.000,-238861114.074
21840.000,-238861509.694
21841.000,-238861667.942
21842.000,-238861351.446
21843.000,-238861034.950
21844.000,-238861114.074
21845.000,-238861430.570
21846.000,-238861588.818
21847.000,-238861351.446
21848.000,-238861034.950
21849.000,-238861114.074
21850.000,-238861509.694
21851.000,-238861667.942
21852.000,-238861351.446
21853.000,-238861034.950
21854.000,-238861114.074
21855.000,-238861430.570
21856.000,-238861667.942
21857.000,-238861430.570
21858.000,-238861034.950
21859.000,-238861114.074
21860.000,-238861509.694
21861.000,-238861588.818
21862.000,-238861351.446
21863.000,-238861034.950
21864.000,-238861114.074
21865.000,-238861509.694
21866.000,-238861667.942
21867.000,-238861430.570
21868.000,-238861034.950
21869.000,-238861114.074
21870.000,-238861430.570
21871.000,-238861588.818
21872.000,-238861351.446
21873.000,-238861034.950
21874.000,-238861114.074
21875.000,-238861509.694
21876.000,-238861667.942
21877.000,-238861351.446
21878.000,-238861034.950
21879.000,-238861114.074
21880.000,-238861509.694
21881.000,-238861667.942
21882.000,-238861430.570
21883.000,-238861114.074
21884.000,-238861114.074
21885.000,-238861509.694
21886.000,-238861667.942
21887.000,-238861351.446
21888.000,-238861034.950
21889.000,-238861114.074
21890.000,-238861509.694
21891.000,-238861667.942
21892.000,-238861430.570
21893.000,-238861034.950
21894.000,-238861114.074
21895.000,-238861430.570
21896.000,-238861588.818
21897.000,-238861351.446
21898.000,-238861034.950
21899.000,-238861114.074
21900.000,-238861509.694
21901.000,-238861667.942
21902.000,-238861351.446
21903.000,-238861034.950
21904.000,-238861114.074
21905.000,-238861430.570
21906.000,-238861667.942
21907.000,-238861351.446
21908.000,-238861034.950
21909.000,-238861114.074
21910.000,-238861509.694
21911.000,-238861667.942
21912.000,-238861351.446
21913.000,-238861034.950
21914.000,-238861114.074
21915.000,-238861509.694
21916.000,-238861667.942
21917.000,-238861430.570
21918.000,-238861034.950
21919.000,-238861114.074
21920.000,-238861430.570
21921.000,-238861588.818
21922.000,-238861351.446
21923.000,-238861034.950
21924.000,-238861114.074
21925.000,-238861509.694
21926.000,-238861667.942
21927.000,-238861351.446
21928.000,-238861034.950
21929.000,-238861114.074
21930.000,-238861509.694
21931.000,-238861667.942
21932.000,-238861430.570
21933.000,-238861034.950
21934.000,-238861114.074
21935.000,-238861509.694
21936.000,-238861667.942
21937.000,-238861351.446
21938.000,-238861034.950
21939.000,-238861114.074
21940.000,-238861509.694
21941.000,-238861667.942
21942.000,-238861430.570
21943.000,-238861034.950
21944.000,-238861114.074
21945.000,-238861430.570
21946.000,-238861588.818
21947.000,-238861351.446
21948.000,-238861034.950
21949.000,-238861114.074
21950.000,-238861509.694
21951.000,-238861667.942
21952.000,-238861351.446
21953.000,-238861034.950
21954.000,-238861114.074
21955.000,-238861430.570
21956.000,-238861667.942
21957.000,-238861430.570
21958.000,-238861034.950
21959.000,-238861114.074
21960.000,-238861509.694
21961.000,-238861588.818
21962.000,-238861351.446
21963.000,-238861034.950
21964.000,-238861114.074
21965.000,-238861509.694
21966.000,-238861667.942
21967.000,-238861430.570
21968.000,-238861034.950
21969.000,-238861114.074
21970.000,-238861430.570
21971.000,-238861588.818
21972.000,-238861351.446
21973.000,-238861034.950
21974.000,-238861114.074
21975.000,-238861509.694
21976.000,-238861667.942
21977.000,-238861351.446
21978.000,-238861034.950
21979.000,-238861114.074
21980.000,-238861430.570
21981.000,-238861667.942
21982.000,-238861430.570
21983.000,-238861034.950
21984.000,-238861114.074
21985.000,-238861509.694
21986.000,-238861667.942
21987.000,-238861351.446
21988.000,-238861034.950
21989.000,-238861114.074
21990.000,-238861509.694
21991.000,-238861667.942
21992.000,-238861430.570
21993.000,-238861034.950
21994.000,-238861114.074
21995.000,-238861430.570
21996.000,-238861588.818
21997.000,-238861351.446
21998.000,-238861034.950
21999.000,-238861114.074
22000.000,-238861509.694
22001.000,-238861667.942
22002.000,-238861351.446
22003.000,-238861034.950
22004.000,-238861114.074
22005.000,-238861430.570
22006.000,-238861667.942
22007.000,-238861351.446
22008.000,-238861034.950
22009.000,-238861114.074
22010.000,-238861509.694
22011.000,-238861588.818
22012.000,-238861351.446
22013.000,-238861034.950
22014.000,-238861114.074
22015.000,-238861509.694
22016.000,-238861667.942
22017.000,-238861430.570
22018.000,-238861034.950
22019.000,-238861114.074
22020.000,-238861430.570
22021.000,-238861588.818
22022.000,-238861351.446
22023.000,-238861034.950
22024.000,-238861114.074
22025.000,-238861509.694
22026.000,-238861667.942
22027.000,-238861351.446
22028.000,-238861034.950
22029.000,-238861114.074
22030.000,-238861430.570
22031.000,-238861667.942
22032.000,-238861430.570
22033.000,-238861114.074
22034.000,-238861114.074
22035.000,-238861509.694
22036.000,-238861667.942
22037.000,-238861351.446
22038.000,-238861034.950
22039.000,-238861114.074
22040.000,-238861509.694
22041.000,-238861667.942
22042.000,-238861430.570
22043.000,-238861034.950
22044.000,-238861114.074
22045.000,-238861430.570
22046.000,-238861588.818
22047.000,-238861351.446
22048.000,-238861034.950
22049.000,-238861114.074
22050.000,-238861509.694
22051.000,-238861667.942
22052.000,-238861351.446
22053.000,-238861034.950
22054.000,-238861114.074
22055.000,-238861430.570
22056.000,-238861667.942
22057.000,-238861430.570
22058.000,-238861034.950
22059.000,-238861114.074
22060.000,-238861509.694
22061.000,-238861588.818
22062.000,-238861351.446
22063.000,-238861034.950
22064.000,-238861114.074
22065.000,-238861509.694
22066.000,-238861667.942
22067.000,-238861430.570
22068.000,-238861034.950
22069.000,-238861114.074
22070.000,-238861430.570
22071.000,-238861588.818
22072.000,-238861351.446
22073.000,-238861034.950
22074.000,-238861114.074
22075.000,-238861509.694
22076.000,-238861667.942
22077.000,-238861351.446
22078.000,-238861034.950
22079.000,-238861114.074
22080.000,-238861430.570
22081.000,-238861667.942
22082.000,-238861430.570
22083.000,-238861114.074
22084.000,-238861114.074
22085.000,-238861509.694
22086.000,-238861667.942
22087.000,-238861351.446
22088.000,-238861034.950
22089.000,-238861114.074
22090.000,-238861509.694
22091.000,-238861667.942
22092.000,-238861430.570
22093.000,-238861034.950
22094.000,-238861114.074
22095.000,-238861430.570
22096.000,-238861588.818
22097.000,-238861351.446
22098.000,-238861034.950
22099.000,-238861114.074
22100.000,-238861509.694
22101.000,-238861667.942
22102.000,-238861351.446
22103.000,-238861034.950
22104.000,-238861114.074
22105.000,-238861430.570
22106.000,-238861667.942
22107.000,-238861430.570
22108.000,-238861114.074
22109.000,-238861114.074
22110.000,-238861509.694
22111.000,-238861588.818
22112.000,-238861351.446
22113.000,-238861034.950
22114.000,-238861114.074
22115.000,-238861509.694
22116.000,-238861667.942
22117.000,-238861430.570
22118.000,-238861034.950
22119.000,-238861114.074
22120.000,-238861430.570
22121.000,-238861588.818
22122.000,-238861351.446
22123.000,-238861034.950
22124.000,-238861114.074
22125.000,-238861509.694
22126.000,-238861667.942
22127.000,-238861351.446
22128.000,-238861034.950
22129.000,-238861034.950
22130.000,-238861430.570
22131.000,-238861667.942
22132.000,-238861430.570
22133.000,-238861114.074
22134.000,-238861114.074
22135.000,-238861509.694
22136.000,-238861667.942
22137.000,-238861351.446
22138.000,-238861034.950
22139.000,-238861114.074
22140.000,-238861509.694
22141.000,-238861667.942
22142.000,-238861430.570
22143.000,-238861034.950
22144.000,-238861114.074
22145.000,-238861430.570
22146.000,-238861588.818
22147.000,-238861351.446
22148.000,-238861034.950
22149.000,-238861114.074
22150.000,-238861509.694
22151.000,-238861667.942
22152.000,-238861351.446
22153.000,-238861034.950
22154.000,-238861034.950
22155.000,-238861430.570
22156.000,-238861667.942
22157.000,-238861430.570
22158.000,-238861114.074
22159.000,-238861114.074
22160.000,-238861509.694
22161.000,-238861588.818
22162.000,-238861351.446
22163.000,-238861034.950
22164.000,-238861114.074
22165.000,-238861509.694
22166.000,-238861667.942
22167.000,-238861430.570
22168.000,-238861034.950
22169.000,-238861114.074
22170.000,-238861430.570
22171.000,-238861588.818
22172.000,-238861351.446
22173.000,-238861034.950
22174.000,-238861114.074
22175.000,-238861509.694
22176.000,-238861667.942
22177.000,-238861351.446
22178.000,-238861034.950
22179.000,-238861034.950
22180.000,-238861430.570
22181.000,-238861667.942
22182.000,-238861430.570
22183.000,-238861114.074
22184.000,-238861114.074
22185.000,-238861509.694
22186.000,-238861667.942
22187.000,-238861351.446
22188.000,-238861034.950
22189.000,-238861114.074
22190.000,-238861509.694
22191.000,-238861667.942
22192.000,-238861430.570
22193.000,-238861034.950
22194.000,-238861114.074
22195.000,-238861430.570
22196.000,-238861588.818
22197.000,-238861351.446
22198.000,-238861034.950
22199.000,-238861114.074
22200.000,-238861509.694
22201.000,-238861667.942
22202.000,-238861351.446
22203.000,-238861034.950
22204.000,-238861114.074
22205.000,-238861430.570
22206.000,-238861667.942
22207.000,-238861430.570
22208.000,-238861114.074
22209.000,-238861114.074
22210.000,-238861509.694
22211.000,-238861588.818
22212.000,-238861351.446
22213.000,-238861034.950
22214.000,-238861114.074
22215.000,-238861509.694
22216.000,-238861667.942
22217.000,-238861430.570
22218.000,-238861034.950
22219.000,-238861114.074
22220.000,-238861430.570
22221.000,-238861588.818
22222.000,-238861351.446
22223.000,-238861034.950
22224.000,-238861114.074
22225.000,-238861509.694
22226.000,-238861667.942
22227.000,-238861351.446
22228.000,-238861034.950
22229.000,-238861114.074
22230.000,-238861430.570
22231.000,-238861667.942
22232.000,-238861430.570
22233.000,-238861114.074
22234.000,-238861114.074
22235.000,-238861509.694
22236.000,-238861588.818
22237.000,-238861351.446
22238.000,-238861034.950
22239.000,-238861114.074
22240.000,-238861509.694
22241.000,-238861667.942
22242.000,-238861430.570
22243.000,-238861034.950
22244.000,-238861114.074
22245.000,-238861430.570
22246.000,-238861588.818
22247.000,-238861351.446
22248.000,-238861034.950
22249.000,-238861114.074
22250.000,-238861509.694
22251.000,-238861667.942
22252.000,-238861351.446
22253.000,-238861034.950
22254.000,-238861114.074
22255.000,-238861430.570
22256.000,-238861667.942
22257.000,-238861430.570
22258.000,-238861034.950
22259.000,-238861114.074
22260.000,-238861509.694
22261.000,-238861588.818
22262.000,-238861351.446
22263.000,-238861034.950
22264.000,-238861114.074
22265.000,-238861509.694
22266.000,-238861667.942
22267.000,-238861430.570
22268.000,-238861034.950
22269.000,-238861114.074
22270.000,-238861430.570
22271.000,-238861588.818
22272.000,-238861351.446
22273.000,-238861034.950
22274.000,-238861114.074
22275.000,-238861509.694
22276.000,-238861667.942
22277.000,-238861351.446
22278.000,-238861034.950
22279.000,-238861114.074
22280.000,-238861430.570
22281.000,-238861667.942
22282.000,-238861430.570
22283.000,-238861114.074
22284.000,-238861114.074
22285.000,-238861509.694
22286.000,-238861588.818
22287.000,-238861351.446
22288.000,-238861034.950
22289.000,-238861114.074
22290.000,-238861509.694
22291.000,-238861667.942
22292.000,-238861430.570
22293.000,-238861034.950
22294.000,-238861114.074
22295.000,-238861430.570
22296.000,-238861588.818
22297.000,-238861351.446
22298.000,-238861034.950
22299.000,-238861114.074
22300.000,-238861509.694
22301.000,-238861667.942
22302.000,-238861351.446
22303.000,-238861034.950
22304.000,-238861114.074
22305.000,-238861430.570
22306.000,-238861667.942
22307.000,-238861430.570
22308.000,-238861114.074
22309.000,-238861114.074
22310.000,-238861509.694
22311.000,-238861588.818
22312.000,-238861351.446
22313.000,-238861034.950
22314.000,-238861114.074
22315.000,-238861509.694
22316.000,-238861667.942
22317.000,-238861430.570
22318.000,-238861034.950
22319.000,-238861114.074
22320.000,-238861430.570
22321.000,-238861588.818
22322.000,-238861351.446
22323.000,-238861034.950
22324.000,-238861114.074
22325.000,-238861509.694
22326.000,-238861667.942
22327.000,-238861351.446
22328.000,-238861034.950
22329.000,-238861114.074
22330.000,-238861430.570
22331.000,-238861667.942
22332.000,-238861430.570
22333.000,-238861034.950
22334.000,-238861114.074
22335.000,-238861509.694
22336.000,-238861667.942
22337.000,-238861351.446
22338.000,-238861034.950
22339.000,-238861114.074
22340.000,-238861509.694
22341.000,-238861667.942
22342.000,-238861430.570
22343.000,-238861034.950
22344.000,-238861114.074
22345.000,-238861430.570
22346.000,-238861588.818
22347.000,-238861351.446
22348.000,-238861034.950
22349.000,-238861114.074
22350.000,-238861509.694
22351.000,-238861667.942
22352.000,-238861351.446
22353.000,-238861034.950
22354.000,-238861114.074
22355.000,-238861430.570
22356.000,-238861667.942
22357.000,-238861430.570
22358.000,-238861114.074
22359.000,-238861114.074
22360.000,-238861509.694
22361.000,-238861588.818
22362.000,-238861351.446
22363.000,-238861034.950
22364.000,-238861114.074
22365.000,-238861509.694
22366.000,-238861667.942
22367.000,-238861430.570
22368.000,-238861034.950
22369.000,-238861114.074
22370.000,-238861430.570
22371.000,-238861588.818
22372.000,-238861351.446
22373.000,-238861034.950
22374.000,-238861114.074
22375.000,-238861509.694
22376.000,-238861667.942
22377.000,-238861351.446
22378.000,-238861034.950
22379.000,-238861034.950
22380.000,-238861430.570
22381.000,-238861667.942
22382.000,-238861430.570
22383.000,-238861114.074
22384.000,-238861114.074
22385.000,-238861430.570
22386.000,-238861588.818
22387.000,-238861351.446
22388.000,-238861034.950
22389.000,-238861114.074
22390.000,-238861509.694
22391.000,-238861667.942
22392.000,-238861430.570
22393.000,-238861034.950
22394.000,-238861114.074
22395.000,-238861430.570
22396.000,-238861588.818
22397.000,-238861351.446
22398.000,-238861034.950
22399.000,-238861114.074
22400.000,-238861509.694
22401.000,-238861667.942
22402.000,-238861351.446
22403.000,-238861034.950
22404.000,-238861034.950
22405.000,-238861430.570
22406.000,-238861667.942
22407.000,-238861430.570
22408.000,-238861114.074
22409.000,-238861114.074
22410.000,-238861509.694
22411.000,-238861588.818
22412.000,-238861351.446
22413.000,-238861034.950
22414.000,-238861114.074
22415.000,-238861509.694
22416.000,-238861667.942
22417.000,-238861430.570
22418.000,-238861034.950
22419.000,-238861114.074
22420.000,-238861430.570
22421.000,-238861588.818
22422.000,-238861351.446
22423.000,-238861034.950
22424.000,-238861114.074
22425.000,-238861509.694
22426.000,-238861667.942
22427.000,-238861351.446
22428.000,-238861034.950
22429.000,-238861114.074
22430.000,-238861430.570
22431.000,-238861667.942
22432.000,-238861430.570
22433.000,-238861114.074
22434.000,-238861114.074
22435.000,-238861509.694
22436.000,-238861588.818
22437.000,-238861351.446
22438.000,-238861034.950
22439.000,-238861114.074
22440.000,-238861509.694
22441.000,-238861667.942
22442.000,-238861430.570
22443.000,-238861034.950
22444.000,-238861114.074
22445.000,-238861430.570
22446.000,-238861588.818
22447.000,-238861351.446
22448.000,-238861034.950
22449.000,-238861114.074
22450.000,-238861509.694
22451.000,-238861667.942
22452.000,-238861351.446
22453.000,-238861034.950
22454.000,-238861114.074
22455.000,-238861430.570
22456.000,-238861667.942
22457.000,-238861430.570
22458.000,-238861114.074
22459.000,-238861114.074
22460.000,-238861430.570
22461.000,-238861588.818
22462.000,-238861351.446
22463.000,-238861034.950
22464.000,-238861114.074
22465.000,-238861509.694
22466.000,-238861667.942
22467.000,-238861430.570
22468.000,-238861034.950
22469.000,-238861114.074
22470.000,-238861430.570
22471.000,-238861588.818
22472.000,-238861351.446
22473.000,-238861034.950
22474.000,-238861114.074
22475.000,-238861509.694
22476.000,-238861667.942
22477.000,-238861351.446
22478.000,-238861034.950
22479.000,-238861034.950
22480.000,-238861430.570
22481.000,-238861667.942
22482.000,-238861430.570
22483.000,-238861114.074
22484.000,-238861114.074
22485.000,-238861509.694
22486.000,-238861588.818
22487.000,-238861351.446
22488.000,-238861034.950
22489.000,-238861114.074
22490.000,-238861509.694
22491.000,-238861667.942
22492.000,-238861430.570
22493.000,-238861034.950
22494.000,-238861114.074
22495.000,-238861430.570
22496.000,-238861588.818
22497.000,-238861351.446
22498.000,-238861034.950
22499.000,-238861114.074
22500.000,-238861509.694
22501.000,-238861667.942
22502.000,-238861351.446
22503.000,-238861034.950
22504.000,-238861114.074
22505.000,-238861430.570
22506.000,-238861667.942
22507.000,-238861430.570
22508.000,-238861114.074
22509.000,-238861114.074
22510.000,-238861430.570
22511.000,-238861588.818
22512.000,-238861351.446
22513.000,-238861034.950
22514.000,-238861114.074
22515.000,-238861509.694
22516.000,-238861667.942
22517.000,-238861430.570
22518.000,-238861034.950
22519.000,-238861114.074
22520.000,-238861430.570
22521.000,-238861588.818
22522.000,-238861351.446
22523.000,-238861034.950
22524.000,-238861114.074
22525.000,-238861509.694
22526.000,-238861667.942
22527.000,-238861351.446
22528.000,-238861034.950
22529.000,-238861114.074
22530.000,-238861430.570
22531.000,-238861667.942
22532.000,-238861430.570
22533.000,-238861114.074
22534.000,-238861114.074
22535.000,-238861430.570
22536.000,-238861588.818
22537.000,-238861351.446
22538.000,-238861034.950
22539.000,-238861114.074
22540.000,-238861509.694
22541.000,-238861667.942
22542.000,-238861430.570
22543.000,-238861034.950
22544.000,-238861114.074
22545.000,-238861430.570
22546.000,-238861588.818
22547.000,-238861351.446
22548.000,-238861034.950
22549.000,-238861114.074
22550.000,-238861509.694
22551.000,-238861667.942
22552.000,-238861351.446
22553.000,-238861034.950
22554.000,-238861114.074
22555.000,-238861430.570
22556.000,-238861667.942
22557.000,-238861430.570
22558.000,-238861114.074
22559.000,-238861114.074
22560.000,-238861430.570
22561.000,-238861588.818
22562.000,-238861351.446
22563.000,-238861034.950
22564.000,-238861114.074
22565.000,-238861509.694
22566.000,-238861667.942
22567.000,-238861430.570
22568.000,-238861034.950
22569.000,-238861114.074
22570.000,-238861430.570
22571.000,-238861588.818
22572.000,-238861351.446
22573.000,-238861034.950
22574.000,-238861114.074
22575.000,-238861509.694
22576.000,-238861667.942
22577.000,-238861351.446
22578.000,-238861034.950
22579.000,-238861114.074
22580.000,-238861430.570
22581.000,-238861667.942
22582.000,-238861430.570
22583.000,-238861114.074
22584.000,-238861114.074
22585.000,-238861430.570
22586.000,-238861588.818
22587.000,-238861351.446
22588.000,-238861034.950
22589.000,-238861114.074
22590.000,-238861509.694
22591.000,-238861667.942
22592.000,-238861430.570
22593.000,-238861034.950
22594.000,-238861114.074
22595.000,-238861430.570
22596.000,-238861588.818
22597.000,-238861351.446
22598.000,-238861034.950
22599.000,-238861114.074
22600.000,-238861509.694
22601.000,-238861667.942
22602.000,-238861351.446
22603.000,-238861034.950
22604.000,-238861034.950
22605.000,-238861430.570
22606.000,-238861667.942
22607.000,-238861430.570
22608.000,-238861034.950
22609.000,-238861114.074
22610.000,-238861509.694
22611.000,-238861667.942
22612.000,-238861351.446
22613.000,-238861034.950
22614.000,-238861114.074
22615.000,-238861509.694
22616.000,-238861667.942
22617.000,-238861430.570
22618.000,-238861034.950
22619.000,-238861114.074
22620.000,-238861430.570
22621.000,-238861588.818
22622.000,-238861351.446
22623.000,-238861034.950
22624.000,-238861114.074
22625.000,-238861509.694
22626.000,-238861667.942
22627.000,-238861351.446
22628.000,-238861034.950
22629.000,-238861114.074
22630.000,-238861430.570
22631.000,-238861667.942
22632.000,-238861430.570
22633.000,-238861034.950
22634.000,-238861114.074
22635.000,-238861430.570
22636.000,-238861588.818
22637.000,-238861351.446
22638.000,-238861034.950
22639.000,-238861114.074
22640.000,-238861509.694
22641.000,-238861667.942
22642.000,-238861430.570
22643.000,-238861034.950
22644.000,-238861034.950
22645.000,-238861430.570
22646.000,-238861588.818
22647.000,-238861351.446
22648.000,-238861034.950
22649.000,-238861114.074
22650.000,-238861509.694
22651.000,-238861667.942
22652.000,-238861351.446
22653.000,-238861034.950
22654.000,-238861034.950
22655.000,-238861430.570
22656.000,-238861667.942
22657.000,-238861430.570
22658.000,-238861114.074
22659.000,-238861114.074
22660.000,-238861430.570
22661.000,-238861588.818
22662.000,-238861351.446
22663.000,-238861034.950
22664.000,-238861114.074
22665.000,-238861509.694
22666.000,-238861667.942
22667.000,-238861430.570
22668.000,-238861034.950
22669.000,-238861114.074
22670.000,-238861430.570
22671.000,-238861588.818
22672.000,-238861351.446
22673.000,-238861034.950
22674.000,-238861114.074
22675.000,-238861509.694
22676.000,-238861667.942
22677.000,-238861351.446
22678.000,-238861034.950
22679.000,-238861034.950
22680.000,-238861430.570
22681.000,-238861667.942
22682.000,-238861430.570
22683.000,-238861114.074
22684.000,-238861114.074
22685.000,-238861509.694
22686.000,-238861588.818
22687.000,-238861351.446
22688.000,-238861034.950
22689.000,-238861114.074
22690.000,-238861509.694
22691.000,-238861667.942
22692.000,-238861430.570
22693.000,-238861034.950
22694.000,-238861114.074
22695.000,-238861430.570
22696.000,-238861588.818
22697.000,-238861351.446
22698.000,-238861034.950
22699.000,-238861114.074
22700.000,-238861509.694
22701.000,-238861667.942
22702.000,-238861351.446
22703.000,-238861034.950
22704.000,-238861114.074
22705.000,-238861430.570
22706.000,-238861667.942
22707.000,-238861430.570
22708.000,-238861034.950
22709.000,-238861114.074
22710.000,-238861430.570
22711.000,-238861588.818
22712.000,-238861351.446
22713.000,-238861034.950
22714.000,-238861114.074
22715.000,-238861509.694
22716.000,-238861667.942
22717.000,-238861430.570
22718.000,-238861034.950
22719.000,-238861114.074
22720.000,-238861430.570
22721.000,-238861588.818
22722.000,-238861351.446
22723.000,-238861034.950
22724.000,-238861114.074
22725.000,-238861509.694
22726.000,-238861667.942
22727.000,-238861351.446
22728.000,-238861034.950
22729.000,-238861034.950
22730.000,-238861430.570
22731.000,-238861667.942
22732.000,-238861430.570
22733.000,-238861114.074
22734.000,-238861114.074
22735.000,-238861430.570
22736.000,-238861588.818
22737.000,-238861351.446
22738.000,-238861034.950
22739.000,-238861114.074
22740.000,-238861509.694
22741.000,-238861667.942
22742.000,-238861430.570
22743.000,-238861034.950
22744.000,-238861114.074
22745.000,-238861430.570
22746.000,-238861588.818
22747.000,-238861351.446
22748.000,-238861034.950
22749.000,-238861114.074
22750.000,-238861509.694
22751.000,-238861667.942
22752.000,-238861351.446
22753.000,-238861034.950
22754.000,-238861034.950
22755.000,-238861430.570
22756.000,-238861667.942
22757.000,-238861430.570
22758.000,-238861114.074
22759.000,-238861114.074
22760.000,-238861509.694
22761.000,-238861667.942
22762.000,-238861351.446
22763.000,-238861034.950
22764.000,-238861114.074
22765.000,-238861509.694
22766.000,-238861667.942
22767.000,-238861430.570
22768.000,-238861034.950
22769.000,-238861114.074
22770.000,-238861430.570
22771.000,-238861588.818
22772.000,-238861351.446
22773.000,-238861034.950
22774.000,-238861114.074
22775.000,-238861509.694
22776.000,-238861667.942
22777.000,-238861351.446
22778.000,-238861034.950
22779.000,-238861034.950
22780.000,-238861430.570
22781.000,-238861667.942
22782.000,-238861430.570
22783.000,-238861114.074
22784.000,-238861114.074
22785.000,-238861509.694
22786.000,-238861667.942
22787.000,-238861351.446
22788.000,-238861034.950
22789.000,-238861114.074
22790.000,-238861509.694
22791.000,-238861667.942
22792.000,-238861430.570
22793.000,-238861034.950
22794.000,-238861114.074
22795.000,-238861430.570
22796.000,-238861588.818
22797.000,-238861351.446
22798.000,-238861034.950
22799.000,-238861114.074
22800.000,-238861509.694
22801.000,-238861667.942
22802.000,-238861351.446
22803.000,-238861034.950
22804.000,-238861114.074
22805.000,-238861430.570
22806.000,-238861667.942
22807.000,-238861430.570
22808.000,-238861034.950
22809.000,-238861114.074
22810.000,-238861430.570
22811.000,-238861667.942
22812.000,-238861351.446
22813.000,-238861034.950
22814.000,-238861114.074
22815.000,-238861509.694
22816.000,-238861667.942
22817.000,-238861430.570
22818.000,-238861034.950
22819.000,-238861114.074
22820.000,-238861430.570
22821.000,-238861667.942
22822.000,-238861351.446
22823.000,-238861034.950
22824.000,-238861114.074
22825.000,-238861509.694
22826.000,-238861667.942
22827.000,-238861351.446
22828.000,-238861034.950
22829.000,-238861114.074
22830.000,-238861430.570
22831.000,-238861667.942
22832.000,-238861430.570
22833.000,-238861034.950
22834.000,-238861114.074
22835.000,-238861430.570
22836.000,-238861667.942
22837.000,-238861351.446
22838.000,-238861034.950
22839.000,-238861114.074
22840.000,-238861509.694
22841.000,-238861667.942
22842.000,-238861430.570
22843.000,-238861034.950
22844.000,-238861114.074
22845.000,-238861430.570
22846.000,-238861588.818
22847.000,-238861351.446
22848.000,-238861034.950
22849.000,-238861114.074
22850.000,-238861509.694
22851.000,-238861667.942
22852.000,-238861351.446
22853.000,-238861034.950
22854.000,-238861114.074
22855.000,-238861430.570
22856.000,-238861667.942
22857.000,-238861430.570
22858.000,-238861034.950
22859.000,-238861114.074
22860.000,-238861430.570
22861.000,-238861588.818
22862.000,-238861351.446
22863.000,-238861034.950
22864.000,-238861114.074
22865.000,-238861509.694
22866.000,-238861667.942
22867.000,-238861430.570
22868.000,-238861034.950
22869.000,-238861114.074
22870.000,-238861430.570
22871.000,-238861588.818
22872.000,-238861351.446
22873.000,-238861034.950
22874.000,-238861114.074
22875.000,-238861509.694
22876.000,-238861667.942
22877.000,-238861351.446
22878.000,-238861034.950
22879.000,-238861114.074
22880.000,-238861430.570
22881.000,-238861667.942
22882.000,-238861430.570
22883.000,-238861034.950
22884.000,-238861114.074
22885.000,-238861430.570
22886.000,-238861588.818
22887.000,-238861351.446
22888.000,-238861034.950
22889.000,-238861114.074
22890.000,-238861509.694
22891.000,-238861667.942
22892.000,-238861430.570
22893.000,-238861034.950
22894.000,-238861114.074
22895.000,-238861430.570
22896.000,-238861588.818
22897.000,-238861351.446
22898.000,-238861034.950
22899.000,-238861114.074
22900.000,-238861509.694
22901.000,-238861667.942
22902.000,-238861351.446
22903.000,-238861034.950
22904.000,-238861114.074
22905.000,-238861430.570
22906.000,-238861667.942
22907.000,-238861430.570
22908.000,-238861034.950
22909.000,-238861114.074
22910.000,-238861430.570
22911.000,-238861588.818
22912.000,-238861351.446
22913.000,-238861034.950
22914.000,-238861114.074
22915.000,-238861509.694
22916.000,-238861667.942
22917.000,-238861430.570
22918.000,-238861034.950
22919.000,-238861114.074
22920.000,-238861430.570
22921.000,-238861588.818
22922.000,-238861351.446
22923.000,-238861034.950
22924.000,-238861114.074
22925.000,-238861509.694
22926.000,-238861667.942
22927.000,-238861351.446
22928.000,-238861034.950
22929.000,-238861114.074
22930.000,-238861430.570
22931.000,-238861667.942
22932.000,-238861430.570
22933.000,-238861034.950
22934.000,-238861114.074
22935.000,-238861430.570
22936.000,-238861588.818
22937.000,-238861351.446
22938.000,-238861034.950
22939.000,-238861114.074
22940.000,-238861509.694
22941.000,-238861667.942
22942.000,-238861430.570
22943.000,-238861034.950
22944.000,-238861114.074
22945.000,-238861430.570
22946.000,-238861588.818
22947.000,-238861351.446
22948.000,-238861034.950
22949.000,-238861114.074
22950.000,-238861509.694
22951.000,-238861667.942
22952.000,-238861430.570
22953.000,-238861034.950
22954.000,-238861114.074
22955.000,-238861430.570
22956.000,-238861667.942
22957.000,-238861430.570
22958.000,-238861034.950
22959.000,-238861114.074
22960.000,-238861430.570
22961.000,-238861667.942
22962.000,-238861351.446
22963.000,-238861034.950
22964.000,-238861114.074
22965.000,-238861509.694
22966.000,-238861667.942
22967.000,-238861430.570
22968.000,-238861034.950
22969.000,-238861114.074
22970.000,-238861430.570
22971.000,-238861667.942
22972.000,-238861351.446
22973.000,-238861034.950
22974.000,-238861114.074
22975.000,-238861509.694
22976.000,-238861667.942
22977.000,-238861351.446
22978.000,-238861034.950
22979.000,-238861114.074
22980.000,-238861430.570
22981.000,-238861667.942
22982.000,-238861430.570
22983.000,-238861034.950
22984.000,-238861114.074
22985.000,-238861430.570
22986.000,-238861588.818
22987.000,-238861351.446
22988.000,-238861034.950
22989.000,-238861114.074
22990.000,-238861509.694
22991.000,-238861667.942
22992.000,-238861430.570
22993.000,-238861034.950
22994.000,-238861114.074
22995.000,-238861430.570
22996.000,-238861588.818
22997.000,-238861351.446
22998.000,-238861034.950
22999.000,-238861114.074
23000.000,-238861509.694
23001.000,-238861667.942
23002.000,-238861351.446
23003.000,-238861034.950
23004.000,-238861034.950
23005.000,-238861430.570
23006.000,-238861667.942
23007.000,-238861430.570
23008.000,-238861114.074
23009.000,-238861114.074
23010.000,-238861509.694
23011.000,-238861667.942
23012.000,-238861351.446
23013.000,-238861034.950
23014.000,-238861114.074
23015.000,-238861509.694
23016.000,-238861667.942
23017.000,-238861430.570
23018.000,-238861034.950
23019.000,-238861114.074
23020.000,-238861430.570
23021.000,-238861588.818
23022.000,-238861351.446
23023.000,-238861034.950
23024.000,-238861114.074
23025.000,-238861509.694
23026.000,-238861667.942
23027.000,-238861430.570
23028.000,-238861034.950
23029.000,-238861034.950
23030.000,-238861430.570
23031.000,-238861667.942
23032.000,-238861430.570
23033.000,-238861034.950
23034.000,-238861114.074
23035.000,-238861509.694
23036.000,-238861667.942
23037.000,-238861351.446
23038.000,-238861034.950
23039.000,-238861114.074
23040.000,-238861430.570
23041.000,-238861667.942
23042.000,-238861430.570
23043.000,-238861034.950
23044.000,-238861114.074
23045.000,-238861430.570
23046.000,-238861667.942
23047.000,-238861351.446
23048.000,-238861034.950
23049.000,-238861114.074
23050.000,-238861509.694
23051.000,-238861667.942
23052.000,-238861351.446
23053.000,-238861034.950
23054.000,-238861114.074
23055.000,-238861430.570
23056.000,-238861667.942
23057.000,-238861430.570
23058.000,-238861114.074
23059.000,-238861114.074
23060.000,-238861430.570
23061.000,-238861667.942
23062.000,-238861351.446
23063.000,-238861034.950
23064.000,-238861114.074
23065.000,-238861509.694
23066.000,-238861667.942
23067.000,-238861430.570
23068.000,-238861034.950
23069.000,-238861114.074
23070.000,-238861430.570
23071.000,-238861588.818
23072.000,-238861351.446
23073.000,-238861034.950
23074.000,-238861114.074
23075.000,-238861509.694
23076.000,-238861667.942
23077.000,-238861351.446
23078.000,-238861034.950
23079.000,-238861034.950
23080.000,-238861430.570
23081.000,-238861667.942
23082.000,-238861430.570
23083.000,-238861114.074
23084.000,-238861114.074
23085.000,-238861430.570
23086.000,-238861667.942
23087.000,-238861351.446
23088.000,-238861034.950
23089.000,-238861114.074
23090.000,-238861430.570
23091.000,-238861667.942
23092.000,-238861430.570
23093.000,-238861034.950
23094.000,-238861114.074
23095.000,-238861430.570
23096.000,-238861588.818
23097.000,-238861351.446
23098.000,-238861034.950
23099.000,-238861114.074
23100.000,-238861509.694
23101.000,-238861667.942
23102.000,-238861430.570
23103.000,-238861034.950
23104.000,-238861114.074
23105.000,-238861430.570
23106.000,-238861667.942
23107.000,-238861430.570
23108.000,-238861114.074
23109.000,-238861114.074
23110.000,-238861509.694
23111.000,-238861667.942
23112.000,-238861351.446
23113.000,-238861034.950
23114.000,-238861114.074
23115.000,-238861509.694
23116.000,-238861667.942
23117.000,-238861430.570
23118.000,-238861034.950
23119.000,-238861114.074
23120.000,-238861430.570
23121.000,-238861588.818
23122.000,-238861351.446
23123.000,-238861034.950
23124.000,-238861114.074
23125.000,-238861509.694
23126.000,-238861667.942
23127.000,-238861351.446
23128.000,-238861034.950
23129.000,-238861034.950
23130.000,-238861430.570
23131.000,-238861667.942
23132.000,-238861430.570
23133.000,-238861114.074
23134.000,-238861114.074
23135.000,-238861430.570
23136.000,-238861588.818
23137.000,-238861351.446
23138.000,-238861034.950
23139.000,-238861114.074
23140.000,-238861509.694
23141.000,-238861667.942
23142.000,-238861430.570
23143.000,-238861034.950
23144.000,-238861114.074
23145.000,-238861430.570
23146.000,-238861588.818
23147.000,-238861351.446
23148.000,-238861034.950
23149.000,-238861114.074
23150.000,-238861509.694
23151.000,-238861667.942
23152.000,-238861430.570
23153.000,-238861034.950
23154.000,-238861034.950
23155.000,-238861430.570
23156.000,-238861667.942
23157.000,-238861430.570
23158.000,-238861114.074
23159.000,-238861114.074
23160.000,-238861430.570
23161.000,-238861667.942
23162.000,-238861351.446
23163.000,-238861034.950
23164.000,-238861114.074
23165.000,-238861509.694
23166.000,-238861667.942
23167.000,-238861430.570
23168.000,-238861034.950
23169.000,-238861114.074
23170.000,-238861430.570
23171.000,-238861588.818
23172.000,-238861351.446
23173.000,-238861034.950
23174.000,-238861114.074
23175.000,-238861509.694
23176.000,-238861667.942
23177.000,-238861430.570
23178.000,-238861034.950
23179.000,-238861114.074
23180.000,-238861430.570
23181.000,-238861667.942
23182.000,-238861430.570
23183.000,-238861034.950
23184.000,-238861114.074
23185.000,-238861430.570
23186.000,-238861667.942
23187.000,-238861351.446
23188.000,-238861034.950
23189.000,-238861114.074
23190.000,-238861430.570
23191.000,-238861667.942
23192.000,-238861430.570
23193.000,-238861034.950
23194.000,-238861114.074
23195.000,-238861430.570
23196.000,-238861588.818
23197.000,-238861351.446
23198.000,-238861034.950
23199.000,-238861114.074
23200.000,-238861509.694
23201.000,-238861667.942
23202.000,-238861430.570
23203.000,-238861034.950
23204.000,-238861034.950
23205.000,-238861430.570
23206.000,-238861667.942
23207.000,-238861430.570
23208.000,-238861114.074
23209.000,-238861114.074
23210.000,-238861430.570
23211.000,-238861667.942
23212.000,-238861351.446
23213.000,-238861034.950
23214.000,-238861114.074
23215.000,-238861509.694
23216.000,-238861667.942
23217.000,-238861430.570
23218.000,-238861034.950
23219.000,-238861114.074
23220.000,-238861430.570
23221.000,-238861588.818
23222.000,-238861351.446
23223.000,-238861034.950
23224.000,-238861114.074
23225.000,-238861509.694
23226.000,-238861667.942
23227.000,-238861430.570
23228.000,-238861034.950
23229.000,-238861034.950
23230.000,-238861430.570
23231.000,-238861667.942
23232.000,-238861430.570
23233.000,-238861114.074
23234.000,-238861114.074
23235.000,-238861430.570
23236.000,-238861667.942
23237.000,-238861351.446
23238.000,-238861034.950
23239.000,-238861114.074
23240.000,-238861430.570
23241.000,-238861667.942
23242.000,-238861430.570
23243.000,-238861034.950
23244.000,-238861114.074
23245.000,-238861430.570
23246.000,-238861588.818
23247.000,-238861351.446
23248.000,-238861034.950
23249.000,-238861114.074
23250.000,-238861509.694
23251.000,-238861667.942
23252.000,-238861430.570
23253.000,-238861034.950
23254.000,-238861034.950
23255.000,-238861430.570
23256.000,-238861667.942
23257.000,-238861430.570
23258.000,-238861114.074
23259.000,-238861114.074
23260.000,-238861509.694
23261.000,-238861667.942
23262.000,-238861351.446
23263.000,-238861034.950
23264.000,-238861114.074
23265.000,-238861430.570
23266.000,-238861667.942
23267.000,-238861430.570
23268.000,-238861114.074
23269.000,-238861114.074
23270.000,-238861430.570
23271.000,-238861588.818
23272.000,-238861351.446
23273.000,-238861034.950
23274.000,-238861114.074
23275.000,-238861509.694
23276.000,-238861667.942
23277.000,-238861430.570
23278.000,-238861034.950
23279.000,-238861034.950
23280.000,-238861430.570
23281.000,-238861588.818
23282.000,-238861430.570
23283.000,-238861034.950
23284.000,-238861114.074
23285.000,-238861509.694
23286.000,-238861667.942
23287.000,-238861351.446
23288.000,-238861034.950
23289.000,-238861114.074
23290.000,-238861430.570
23291.000,-238861667.942
23292.000,-238861430.570
23293.000,-238861034.950
23294.000,-238861114.074
23295.000,-238861430.570
23296.000,-238861588.818
23297.000,-238861351.446
23298.000,-238861034.950
23299.000,-238861114.074
23300.000,-238861509.694
23301.000,-238861667.942
23302.000,-238861430.570
23303.000,-238861034.950
23304.000,-238861034.950
23305.000,-238861430.570
23306.000,-238861667.942
23307.000,-238861430.570
23308.000,-238861114.074
23309.000,-238861114.074
23310.000,-238861509.694
23311.000,-238861667.942
23312.000,-238861351.446
23313.000,-238861034.950
23314.000,-238861114.074
23315.000,-238861430.570
23316.000,-238861667.942
23317.000,-238861430.570
23318.000,-238861034.950
23319.000,-238861114.074
23320.000,-238861430.570
23321.000,-238861588.818
23322.000,-238861351.446
23323.000,-238861034.950
23324.000,-238861114.074
23325.000,-238861509.694
23326.000,-238861667.942
23327.000,-238861430.570
23328.000,-238861034.950
23329.000,-238861034.950
23330.000,-238861430.570
23331.000,-238861667.942
23332.000,-238861430.570
23333.000,-238861114.074
23334.000,-238861114.074
23335.000,-238861430.570
23336.000,-238861667.942
23337.000,-238861351.446
23338.000,-238861034.950
23339.000,-238861114.074
23340.000,-238861430.570
23341.000,-238861667.942
23342.000,-238861430.570
23343.000,-238861034.950
23344.000,-238861114.074
23345.000,-238861430.570
23346.000,-238861588.818
23347.000,-238861351.446
23348.000,-238861034.950
23349.000,-238861114.074
23350.000,-238861509.694
23351.000,-238861667.942
23352.000,-238861430.570
23353.000,-238861034.950
23354.000,-238861034.950
23355.000,-238861430.570
23356.000,-238861667.942
23357.000,-238861430.570
23358.000,-238861114.074
23359.000,-238861114.074
23360.000,-238861430.570
23361.000,-238861667.942
23362.000,-238861351.446
23363.000,-238861034.950
23364.000,-238861114.074
23365.000,-238861430.570
23366.000,-238861667.942
23367.000,-238861430.570
23368.000,-238861034.950
23369.000,-238861114.074
23370.000,-238861430.570
23371.000,-238861588.818
23372.000,-238861351.446
23373.000,-238861034.950
23374.000,-238861114.074
23375.000,-238861509.694
23376.000,-238861667.942
23377.000,-238861430.570
23378.000,-238861034.950
23379.000,-238861034.950
23380.000,-238861430.570
23381.000,-238861667.942
23382.000,-238861430.570
23383.000,-238861114.074
23384.000,-238861114.074
23385.000,-238861430.570
23386.000,-238861667.942
23387.000,-238861351.446
23388.000,-238861034.950
23389.000,-238861114.074
23390.000,-238861430.570
23391.000,-238861667.942
23392.000,-238861430.570
23393.000,-238861034.950
23394.000,-238861114.074
23395.000,-238861430.570
23396.000,-238861588.818
23397.000,-238861351.446
23398.000,-238861034.950
23399.000,-238861114.074
23400.000,-238861509.694
23401.000,-238861667.942
23402.000,-238861430.570
23403.000,-238861034.950
23404.000,-238861034.950
23405.000,-238861430.570
23406.000,-238861667.942
23407.000,-238861430.570
23408.000,-238861114.074
23409.000,-238861114.074
23410.000,-238861430.570
23411.000,-238861667.942
23412.000,-238861351.446
23413.000,-238861034.950
23414.000,-238861114.074
23415.000,-238861430.570
23416.000,-238861667.942
23417.000,-238861430.570
23418.000,-238861034.950
23419.000,-238861114.074
23420.000,-238861430.570
23421.000,-238861588.818
23422.000,-238861351.446
23423.000,-238861034.950
23424.000,-238861114.074
23425.000,-238861509.694
23426.000,-238861667.942
23427.000,-238861430.570
23428.000,-238861034.950
23429.000,-238861034.950
23430.000,-238861430.570
23431.000,-238861667.942
23432.000,-238861430.570
23433.000,-238861114.074
23434.000,-238861114.074
23435.000,-238861430.570
23436.000,-238861588.818
23437.000,-238861351.446
23438.000,-238861034.950
23439.000,-238861114.074
23440.000,-238861430.570
23441.000,-238861667.942
23442.000,-238861430.570
23443.000,-238861034.950
23444.000,-238861114.074
23445.000,-238861430.570
23446.000,-238861588.818
23447.000,-238861351.446
23448.000,-238861034.950
23449.000,-238861114.074
23450.000,-238861509.694
23451.000,-238861667.942
23452.000,-238861430.570
23453.000,-238861034.950
23454.000,-238861034.950
23455.000,-238861430.570
23456.000,-238861667.942
23457.000,-238861430.570
23458.000,-238861114.074
23459.000,-238861114.074
23460.000,-238861430.570
23461.000,-238861667.942
23462.000,-238861351.446
23463.000,-238861034.950
23464.000,-238861114.074
23465.000,-238861430.570
23466.000,-238861667.942
23467.000,-238861430.570
23468.000,-238861034.950
23469.000,-238861114.074
23470.000,-238861430.570
23471.000,-238861588.818
23472.000,-238861351.446
23473.000,-238861034.950
23474.000,-238861114.074
23475.000,-238861509.694
23476.000,-238861667.942
23477.000,-238861430.570
23478.000,-238861034.950
23479.000,-238861034.950
23480.000,-238861430.570
23481.000,-238861667.942
23482.000,-238861430.570
23483.000,-238861114.074
23484.000,-238861114.074
23485.000,-238861430.570
23486.000,-238861588.818
23487.000,-238861351.446
23488.000,-238861034.950
23489.000,-238861114.074
23490.000,-238861509.694
23491.000,-238861667.942
23492.000,-238861430.570
23493.000,-238861034.950
23494.000,-238861034.950
23495.000,-238861430.570
23496.000,-238861588.818
23497.000,-238861351.446
23498.000,-238861034.950
23499.000,-238861114.074
23500.000,-238861509.694
23501.000,-238861667.942
23502.000,-238861351.446
23503.000,-238861034.950
23504.000,-238861034.950
23505.000,-238861430.570
23506.000,-238861667.942
23507.000,-238861430.570
23508.000,-238861114.074
23509.000,-238861114.074
23510.000,-238861430.570
23511.000,-238861588.818
23512.000,-238861351.446
23513.000,-238861034.950
23514.000,-238861114.074
23515.000,-238861509.694
23516.000,-238861667.942
23517.000,-238861430.570
23518.000,-238861114.074
23519.000,-238861114.074
23520.000,-238861430.570
23521.000,-238861588.818
23522.000,-238861351.446
23523.000,-238861034.950
23524.000,-238861114.074
23525.000,-238861509.694
23526.000,-238861667.942
23527.000,-238861430.570
23528.000,-238861034.950
23529.000,-238861034.950
23530.000,-238861430.570
23531.000,-238861667.942
23532.000,-238861430.570
23533.000,-238861114.074
23534.000,-238861114.074
23535.000,-238861430.570
23536.000,-238861667.942
23537.000,-238861351.446
23538.000,-238861034.950
23539.000,-238861114.074
23540.000,-238861430.570
23541.000,-238861667.942
23542.000,-238861430.570
23543.000,-238861034.950
23544.000,-238861114.074
23545.000,-238861430.570
23546.000,-238861588.818
23547.000,-238861351.446
23548.000,-238861034.950
23549.000,-238861114.074
23550.000,-238861509.694
23551.000,-238861667.942
23552.000,-238861430.570
23553.000,-238861034.950
23554.000,-238861034.950
23555.000,-238861430.570
23556.000,-238861667.942
23557.000,-238861430.570
23558.000,-238861114.074
23559.000,-238861114.074
23560.000,-238861430.570
23561.000,-238861588.818
23562.000,-238861351.446
23563.000,-238861034.950
23564.000,-238861114.074
23565.000,-238861509.694
23566.000,-238861667.942
23567.000,-238861430.570
23568.000,-238861034.950
23569.000,-238861114.074
23570.000,-238861430.570
23571.000,-238861588.818
23572.000,-238861351.446
23573.000,-238861034.950
23574.000,-238861114.074
23575.000,-238861509.694
23576.000,-238861667.942
23577.000,-238861430.570
23578.000,-238861034.950
23579.000,-238861034.950
23580.000,-238861430.570
23581.000,-238861667.942
23582.000,-238861430.570
23583.000,-238861114.074
23584.000,-238861114.074
23585.000,-238861430.570
23586.000,-238861667.942
23587.000,-238861351.446
23588.000,-238861034.950
23589.000,-238861114.074
23590.000,-238861430.570
23591.000,-238861667.942
23592.000,-238861430.570
23593.000,-238861034.950
23594.000,-238861114.074
23595.000,-238861430.570
23596.000,-238861588.818
23597.000,-238861351.446
23598.000,-238861034.950
23599.000,-238861114.074
23600.000,-238861509.694
23601.000,-238861667.942
23602.000,-238861430.570
23603.000,-238861034.950
23604.000,-238861034.950
23605.000,-238861430.570
23606.000,-238861667.942
23607.000,-238861430.570
23608.000,-238861114.074
23609.000,-238861114.074
23610.000,-238861430.570
23611.000,-238861588.818
23612.000,-238861351.446
23613.000,-238861034.950
23614.000,-238861114.074
23615.000,-238861430.570
23616.000,-238861667.942
23617.000,-238861430.570
23618.000,-238861034.950
23619.000,-238861114.074
23620.000,-238861430.570
23621.000,-238861588.818
23622.000,-238861351.446
23623.000,-238861034.950
23624.000,-238861114.074
23625.000,-238861509.694
23626.000,-238861667.942
23627.000,-238861430.570
23628.000,-238861034.950
23629.000,-238861034.950
23630.000,-238861430.570
23631.000,-238861667.942
23632.000,-238861430.570
23633.000,-238861114.074
23634.000,-238861114.074
23635.000,-238861430.570
23636.000,-238861667.942
23637.000,-238861351.446
23638.000,-238861034.950
23639.000,-238861034.950
23640.000,-238861430.570
23641.000,-238861667.942
23642.000,-238861430.570
23643.000,-238861034.950
23644.000,-238861114.074
23645.000,-238861430.570
23646.000,-238861667.942
23647.000,-238861430.570
23648.000,-238861034.950
23649.000,-238861114.074
23650.000,-238861509.694
23651.000,-238861667.942
23652.000,-238861351.446
23653.000,-238861034.950
23654.000,-238861034.950
23655.000,-238861430.570
23656.000,-238861667.942
23657.000,-238861430.570
23658.000,-238861114.074
23659.000,-238861114.074
23660.000,-238861430.570
23661.000,-238861588.818
23662.000,-238861351.446
23663.000,-238861034.950
23664.000,-238861114.074
23665.000,-238861509.694
23666.000,-238861667.942
23667.000,-238861430.570
23668.000,-238861114.074
23669.000,-238861114.074
23670.000,-238861430.570
23671.000,-238861588.818
23672.000,-238861351.446
23673.000,-238861034.950
23674.000,-238861114.074
23675.000,-238861509.694
23676.000,-238861667.942
23677.000,-238861430.570
23678.000,-238861034.950
23679.000,-238861034.950
23680.000,-238861430.570
23681.000,-238861588.818
23682.000,-238861430.570
23683.000,-238861114.074
23684.000,-238861114.074
23685.000,-238861509.694
23686.000,-238861667.942
23687.000,-238861351.446
23688.000,-238861034.950
23689.000,-238861034.950
23690.000,-238861430.570
23691.000,-238861667.942
23692.000,-238861430.570
23693.000,-238861114.074
23694.000,-238861114.074
23695.000,-238861430.570
23696.000,-238861667.942
23697.000,-238861430.570
23698.000,-238861034.950
23699.000,-238861114.074
23700.000,-238861430.570
23701.000,-238861667.942
23702.000,-238861430.570
23703.000,-238861034.950
23704.000,-238861114.074
23705.000,-238861430.570
23706.000,-238861667.942
23707.000,-238861430.570
23708.000,-238861114.074
23709.000,-238861114.074
23710.000,-238861430.570
23711.000,-238861588.818
23712.000,-238861351.446
23713.000,-238861034.950
23714.000,-238861114.074
23715.000,-238861509.694
23716.000,-238861667.942
23717.000,-238861430.570
23718.000,-238861034.950
23719.000,-238861034.950
23720.000,-238861430.570
23721.000,-238861588.818
23722.000,-238861430.570
23723.000,-238861114.074
23724.000,-238861114.074
23725.000,-238861509.694
23726.000,-238861667.942
23727.000,-238861430.570
23728.000,-238861034.950
23729.000,-238861034.950
23730.000,-238861430.570
23731.000,-238861667.942
23732.000,-238861430.570
23733.000,-238861114.074
23734.000,-238861114.074
23735.000,-238861509.694
23736.000,-238861667.942
23737.000,-238861351.446
23738.000,-238861034.950
23739.000,-238861034.950
23740.000,-238861430.570
23741.000,-238861667.942
23742.000,-238861430.570
23743.000,-238861114.074
23744.000,-238861114.074
23745.000,-238861430.570
23746.000,-238861588.818
23747.000,-238861351.446
23748.000,-238861034.950
23749.000,-238861114.074
23750.000,-238861430.570
23751.000,-238861667.942
23752.000,-238861430.570
23753.000,-238861034.950
23754.000,-238861034.950
23755.000,-238861430.570
23756.000,-238861667.942
23757.000,-238861430.570
23758.000,-238861114.074
23759.000,-238861114.074
23760.000,-238861430.570
23761.000,-238861588.818
23762.000,-238861351.446
23763.000,-238861034.950
23764.000,-238861114.074
23765.000,-238861509.694
23766.000,-238861667.942
23767.000,-238861430.570
23768.000,-238861034.950
23769.000,-238861034.950
23770.000,-238861430.570
23771.000,-238861588.818
23772.000,-238861430.570
23773.000,-238861114.074
23774.000,-238861114.074
23775.000,-238861509.694
23776.000,-238861667.942
23777.000,-238861430.570
23778.000,-238861034.950
23779.000,-238861034.950
23780.000,-238861430.570
23781.000,-238861667.942
23782.000,-238861430.570
23783.000,-238861114.074
23784.000,-238861114.074
23785.000,-238861430.570
23786.000,-238861667.942
23787.000,-238861351.446
23788.000,-238861034.950
23789.000,-238861034.950
23790.000,-238861430.570
23791.000,-238861667.942
23792.000,-238861430.570
23793.000,-238861114.074
23794.000,-238861114.074
23795.000,-238861430.570
23796.000,-238861588.818
23797.000,-238861351.446
23798.000,-238861034.950
23799.000,-238861114.074
23800.000,-238861509.694
23801.000,-238861667.942
23802.000,-238861430.570
23803.000,-238861034.950
23804.000,-238861114.074
23805.000,-238861430.570
23806.000,-238861588.818
23807.000,-238861351.446
23808.000,-238861034.950
23809.000,-238861114.074
23810.000,-238861430.570
23811.000,-238861667.942
23812.000,-238861430.570
23813.000,-238861034.950
23814.000,-238861114.074
23815.000,-238861430.570
23816.000,-238861667.942
23817.000,-238861430.570
23818.000,-238861034.950
23819.000,-238861114.074
23820.000,-238861430.570
23821.000,-238861667.942
23822.000,-238861430.570
23823.000,-238861114.074
23824.000,-238861114.074
23825.000,-238861430.570
23826.000,-238861667.942
23827.000,-238861351.446
23828.000,-238861034.950
23829.000,-238861114.074
23830.000,-238861509.694
23831.000,-238861667.942
23832.000,-238861430.570
23833.000,-238861114.074
23834.000,-238861114.074
23835.000,-238861430.570
23836.000,-238861588.818
23837.000,-238861351.446
23838.000,-238861034.950
23839.000,-238861114.074
23840.000,-238861509.694
23841.000,-238861747.066
23842.000,-238861430.570
23843.000,-238861034.950
23844.000,-238861034.950
23845.000,-238861351.446
23846.000,-238861588.818
23847.000,-238861351.446
23848.000,-238861114.074
23849.000,-238861114.074
23850.000,-238861509.694
23851.000,-238861667.942
23852.000,-238861430.570
23853.000,-238861034.950
23854.000,-238861034.950
23855.000,-238861430.570
23856.000,-238861588.818
23857.000,-238861430.570
23858.000,-238861114.074
23859.000,-238861114.074
23860.000,-238861509.694
23861.000,-238861667.942
23862.000,-238861351.446
23863.000,-238861034.950
23864.000,-238861034.950
23865.000,-238861430.570
23866.000,-238861667.942
23867.000,-238861430.570
23868.000,-238861114.074
23869.000,-238861114.074
23870.000,-238861430.570
23871.000,-238861667.942
23872.000,-238861351.446
23873.000,-238861034.950
23874.000,-238861114.074
23875.000,-238861430.570
23876.000,-238861667.942
23877.000,-238861430.570
23878.000,-238861034.950
23879.000,-238861114.074
23880.000,-238861430.570
23881.000,-238861667.942
23882.000,-238861430.570
23883.000,-238861034.950
23884.000,-238861114.074
23885.000,-238861430.570
23886.000,-238861667.942
23887.000,-238861430.570
23888.000,-238861034.950
23889.000,-238861114.074
23890.000,-238861509.694
23891.000,-238861667.942
23892.000,-238861430.570
23893.000,-238861034.950
23894.000,-238861034.950
23895.000,-238861430.570
23896.000,-238861667.942
23897.000,-238861430.570
23898.000,-238861114.074
23899.000,-238861114.074
23900.000,-238861509.694
23901.000,-238861667.942
23902.000,-238861430.570
23903.000,-238861034.950
23904.000,-238861034.950
23905.000,-238861430.570
23906.000,-238861667.942
23907.000,-238861430.570
23908.000,-238861114.074
23909.000,-238861114.074
23910.000,-238861430.570
23911.000,-238861667.942
23912.000,-238861351.446
23913.000,-238861034.950
23914.000,-238861114.074
23915.000,-238861430.570
23916.000,-238861667.942
23917.000,-238861430.570
23918.000,-238861034.950
23919.000,-238861114.074
23920.000,-238861430.570
23921.000,-238861667.942
23922.000,-238861430.570
23923.000,-238861114.074
23924.000,-238861114.074
23925.000,-238861509.694
23926.000,-238861667.942
23927.000,-238861430.570
23928.000,-238861034.950
23929.000,-238861034.950
23930.000,-238861430.570
23931.000,-238861667.942
23932.000,-238861430.570
23933.000,-238861114.074
23934.000,-238861114.074
23935.000,-238861430.570
23936.000,-238861667.942
23937.000,-238861351.446
23938.000,-238861034.950
23939.000,-238861114.074
23940.000,-238861430.570
23941.000,-238861667.942
23942.000,-238861430.570
23943.000,-238861034.950
23944.000,-238861114.074
23945.000,-238861430.570
23946.000,-238861667.942
23947.000,-238861430.570
23948.000,-238861034.950
23949.000,-238861114.074
23950.000,-238861509.694
23951.000,-238861667.942
23952.000,-238861430.570
23953.000,-238861034.950
23954.000,-238861034.950
23955.000,-238861430.570
23956.000,-238861667.942
23957.000,-238861430.570
23958.000,-238861114.074
23959.000,-238861114.074
23960.000,-238861430.570
23961.000,-238861667.942
23962.000,-238861430.570
23963.000,-238861034.950
23964.000,-238861114.074
23965.000,-238861430.570
23966.000,-238861667.942
23967.000,-238861430.570
23968.000,-238861034.950
23969.000,-238861114.074
23970.000,-238861430.570
23971.000,-238861667.942
23972.000,-238861430.570
23973.000,-238861034.950
23974.000,-238861114.074
23975.000,-238861430.570
23976.000,-238861667.942
23977.000,-238861430.570
23978.000,-238861034.950
23979.000,-238861034.950
23980.000,-238861430.570
23981.000,-238861667.942
23982.000,-238861430.570
23983.000,-238861114.074
23984.000,-238861114.074
23985.000,-238861430.570
23986.000,-238861667.942
23987.000,-238861351.446
23988.000,-238861034.950
23989.000,-238861114.074
23990.000,-238861430.570
23991.000,-238861667.942
23992.000,-238861430.570
23993.000,-238861034.950
23994.000,-238861114.074
23995.000,-238861430.570
23996.000,-238861588.818
23997.000,-238861430.570
23998.000,-238861034.950
23999.000,-238861114.074
24000.000,-238861509.694
24001.000,-238861667.942
24002.000,-238861430.570
24003.000,-238861034.950
24004.000,-238861034.950
24005.000,-238861430.570
24006.000,-238861667.942
24007.000,-238861430.570
24008.000,-238861114.074
24009.000,-238861114.074
24010.000,-238861430.570
24011.000,-238861667.942
24012.000,-238861351.446
24013.000,-238861034.950
24014.000,-238861034.950
24015.000,-238861430.570
24016.000,-238861667.942
24017.000,-238861430.570
24018.000,-238861114.074
24019.000,-238861114.074
24020.000,-238861430.570
24021.000,-238861588.818
24022.000,-238861430.570
24023.000,-238861034.950
24024.000,-238861114.074
24025.000,-238861430.570
24026.000,-238861667.942
24027.000,-238861430.570
24028.000,-238861034.950
24029.000,-238861034.950
24030.000,-238861430.570
24031.000,-238861667.942
24032.000,-238861430.570
24033.000,-238861114.074
24034.000,-238861114.074
24035.000,-238861430.570
24036.000,-238861667.942
24037.000,-238861430.570
24038.000,-238861034.950
24039.000,-238861114.074
24040.000,-238861430.570
24041.000,-238861667.942
24042.000,-238861430.570
24043.000,-238861034.950
24044.000,-238861114.074
24045.000,-238861430.570
24046.000,-238861667.942
24047.000,-238861430.570
24048.000,-238861034.950
24049.000,-238861114.074
24050.000,-238861430.570
24051.000,-238861667.942
24052.000,-238861430.570
24053.000,-238861034.950
24054.000,-238861034.950
24055.000,-238861430.570
24056.000,-238861667.942
24057.000,-238861430.570
24058.000,-238861114.074
24059.000,-238861114.074
24060.000,-238861430.570
24061.000,-238861588.818
24062.000,-238861351.446
24063.000,-238861034.950
24064.000,-238861114.074
24065.000,-238861430.570
24066.000,-238861667.942
24067.000,-238861430.570
24068.000,-238861034.950
24069.000,-238861034.950
24070.000,-238861430.570
24071.000,-238861588.818
24072.000,-238861351.446
24073.000,-238861034.950
24074.000,-238861114.074
24075.000,-238861509.694
24076.000,-238861667.942
24077.000,-238861430.570
24078.000,-238861034.950
24079.000,-238861034.950
24080.000,-238861430.570
24081.000,-238861667.942
24082.000,-238861430.570
24083.000,-238861114.074
24084.000,-238861114.074
24085.000,-238861430.570
24086.000,-238861667.942
24087.000,-238861351.446
24088.000,-238861034.950
24089.000,-238861114.074
24090.000,-238861430.570
24091.000,-238861667.942
24092.000,-238861430.570
24093.000,-238861114.074
24094.000,-238861114.074
24095.000,-238861430.570
24096.000,-238861588.818
24097.000,-238861430.570
24098.000,-238861034.950
24099.000,-238861114.074
24100.000,-238861430.570
24101.000,-238861667.942
24102.000,-238861430.570
24103.000,-238861034.950
24104.000,-238861034.950
24105.000,-238861430.570
24106.000,-238861667.942
24107.000,-238861430.570
24108.000,-238861114.074
24109.000,-238861114.074
24110.000,-238861430.570
24111.000,-238861667.942
24112.000,-238861430.570
24113.000,-238861034.950
24114.000,-238861114.074
24115.000,-238861430.570
24116.000,-238861667.942
24117.000,-238861430.570
24118.000,-238861034.950
24119.000,-238861034.950
24120.000,-238861430.570
24121.000,-238861588.818
24122.000,-238861430.570
24123.000,-238861034.950
24124.000,-238861114.074
24125.000,-238861430.570
24126.000,-238861667.942
24127.000,-238861430.570
24128.000,-238861034.950
24129.000,-238861034.950
24130.000,-238861430.570
24131.000,-238861667.942
24132.000,-238861430.570
24133.000,-238861114.074
24134.000,-238861114.074
24135.000,-238861430.570
24136.000,-238861667.942
24137.000,-238861430.570
24138.000,-238861034.950
24139.000,-238861114.074
24140.000,-238861430.570
24141.000,-238861667.942
24142.000,-238861430.570
24143.000,-238861034.950
24144.000,-238861114.074
24145.000,-238861430.570
24146.000,-238861588.818
24147.000,-238861430.570
24148.000,-238861034.950
24149.000,-238861114.074
24150.000,-238861509.694
24151.000,-238861667.942
24152.000,-238861430.570
24153.000,-238861034.950
24154.000,-238861034.950
24155.000,-238861430.570
24156.000,-238861667.942
24157.000,-238861430.570
24158.000,-238861114.074
24159.000,-238861114.074
24160.000,-238861430.570
24161.000,-238861667.942
24162.000,-238861351.446
24163.000,-238861034.950
24164.000,-238861114.074
24165.000,-238861430.570
24166.000,-238861667.942
24167.000,-238861430.570
24168.000,-238861114.074
24169.000,-238861114.074
24170.000,-238861430.570
24171.000,-238861588.818
24172.000,-238861351.446
24173.000,-238861034.950
24174.000,-238861114.074
24175.000,-238861430.570
24176.000,-238861667.942
24177.000,-238861430.570
24178.000,-238861034.950
24179.000,-238861034.950
24180.000,-238861430.570
24181.000,-238861667.942
24182.000,-238861430.570
24183.000,-238861114.074
24184.000,-238861114.074
24185.000,-238861430.570
24186.000,-238861667.942
24187.000,-238861430.570
24188.000,-238861034.950
24189.000,-238861114.074
24190.000,-238861430.570
24191.000,-238861667.942
24192.000,-238861430.570
24193.000,-238861034.950
24194.000,-238861114.074
24195.000,-238861430.570
24196.000,-238861667.942
24197.000,-238861430.570
24198.000,-238861034.950
24199.000,-238861114.074
24200.000,-238861430.570
24201.000,-238861667.942
24202.000,-238861430.570
24203.000,-238861034.950
24204.000,-238861034.950
24205.000,-238861430.570
24206.000,-238861667.942
24207.000,-238861430.570
24208.000,-238861114.074
24209.000,-238861114.074
24210.000,-238861430.570
24211.000,-238861667.942
24212.000,-238861430.570
24213.000,-238861034.950
24214.000,-238861114.074
24215.000,-238861430.570
24216.000,-238861667.942
24217.000,-238861430.570
24218.000,-238861114.074
24219.000,-238861114.074
24220.000,-238861430.570
24221.000,-238861588.818
24222.000,-238861430.570
24223.000,-238861034.950
24224.000,-238861114.074
24225.000,-238861430.570
24226.000,-238861667.942
24227.000,-238861430.570
24228.000,-238861034.950
24229.000,-238861034.950
24230.000,-238861430.570
24231.000,-238861667.942
24232.000,-238861430.570
24233.000,-238861114.074
24234.000,-238861114.074
24235.000,-238861430.570
24236.000,-238861667.942
24237.000,-238861430.570
24238.000,-238861034.950
24239.000,-238861114.074
24240.000,-238861430.570
24241.000,-238861667.942
24242.000,-238861430.570
24243.000,-238861034.950
24244.000,-238861114.074
24245.000,-238861430.570
24246.000,-238861667.942
24247.000,-238861430.570
24248.000,-238861034.950
24249.000,-238861114.074
24250.000,-238861430.570
24251.000,-238861667.942
24252.000,-238861430.570
24253.000,-238861034.950
24254.000,-238861034.950
24255.000,-238861430.570
24256.000,-238861667.942
24257.000,-238861430.570
24258.000,-238861114.074
24259.000,-238861114.074
24260.000,-238861430.570
24261.000,-238861667.942
24262.000,-238861430.570
24263.000,-238861034.950
24264.000,-238861114.074
24265.000,-238861430.570
24266.000,-238861667.942
24267.000,-238861430.570
24268.000,-238861114.074
24269.000,-238861114.074
24270.000,-238861430.570
24271.000,-238861588.818
24272.000,-238861430.570
24273.000,-238861034.950
24274.000,-238861114.074
24275.000,-238861430.570
24276.000,-238861667.942
24277.000,-238861430.570
24278.000,-238861034.950
24279.000,-238861034.950
24280.000,-238861430.570
24281.000,-238861667.942
24282.000,-238861430.570
24283.000,-238861114.074
24284.000,-238861114.074
24285.000,-238861430.570
24286.000,-238861667.942
24287.000,-238861430.570
24288.000,-238861034.950
24289.000,-238861034.950
24290.000,-238861430.570
24291.000,-238861667.942
24292.000,-238861430.570
24293.000,-238861114.074
24294.000,-238861114.074
24295.000,-238861430.570
24296.000,-238861667.942
24297.000,-238861430.570
24298.000,-238861034.950
24299.000,-238861114.074
24300.000,-238861430.570
24301.000,-238861667.942
24302.000,-238861430.570
24303.000,-238861034.950
24304.000,-238861034.950
24305.000,-238861430.570
24306.000,-238861667.942
24307.000,-238861430.570
24308.000,-238861114.074
24309.000,-238861114.074
24310.000,-238861430.570
24311.000,-238861667.942
24312.000,-238861430.570
24313.000,-238861034.950
24314.000,-238861114.074
24315.000,-238861430.570
24316.000,-238861667.942
24317.000,-238861430.570
24318.000,-238861114.074
24319.000,-238861114.074
24320.000,-238861430.570
24321.000,-238861667.942
24322.000,-238861430.570
24323.000,-238861034.950
24324.000,-238861114.074
24325.000,-238861430.570
24326.000,-238861667.942
24327.000,-238861430.570
24328.000,-238861034.950
24329.000,-238861034.950
24330.000,-238861430.570
24331.000,-238861667.942
24332.000,-238861430.570
24333.000,-238861114.074
24334.000,-238861114.074
24335.000,-238861430.570
24336.000,-238861667.942
24337.000,-238861351.446
24338.000,-238861034.950
24339.000,-238861034.950
24340.000,-238861430.570
24341.000,-238861667.942
24342.000,-238861430.570
24343.000,-238861114.074
24344.000,-238861114.074
24345.000,-238861430.570
24346.000,-238861588.818
24347.000,-238861430.570
24348.000,-238861034.950
24349.000,-238861114.074
24350.000,-238861509.694
24351.000,-238861667.942
24352.000,-238861430.570
24353.000,-238861034.950
24354.000,-238861034.950
24355.000,-238861430.570
24356.000,-238861667.942
24357.000,-238861430.570
24358.000,-238861114.074
24359.000,-238861114.074
24360.000,-238861430.570
24361.000,-238861667.942
24362.000,-238861430.570
24363.000,-238861034.950
24364.000,-238861034.950
24365.000,-238861430.570
24366.000,-238861667.942
24367.000,-238861430.570
24368.000,-238861114.074
24369.000,-238861114.074
24370.000,-238861430.570
24371.000,-238861588.818
24372.000,-238861430.570
24373.000,-238861034.950
24374.000,-238861114.074
24375.000,-238861430.570
24376.000,-238861667.942
24377.000,-238861430.570
24378.000,-238861034.950
24379.000,-238861034.950
24380.000,-238861430.570
24381.000,-238861667.942
24382.000,-238861430.570
24383.000,-238861114.074
24384.000,-238861114.074
24385.000,-238861430.570
24386.000,-238861667.942
24387.000,-238861430.570
24388.000,-238861034.950
24389.000,-238861034.950
24390.000,-238861430.570
24391.000,-238861667.942
24392.000,-238861430.570
24393.000,-238861114.074
24394.000,-238861114.074
24395.000,-238861430.570
24396.000,-238861588.818
24397.000,-238861430.570
24398.000,-238861034.950
24399.000,-238861114.074
24400.000,-238861430.570
24401.000,-238861667.942
24402.000,-238861430.570
24403.000,-238861034.950
24404.000,-238861034.950
24405.000,-238861430.570
24406.000,-238861667.942
24407.000,-238861430.570
24408.000,-238861114.074
24409.000,-238861114.074
24410.000,-238861430.570
24411.000,-238861667.942
24412.000,-238861430.570
24413.000,-238861034.950
24414.000,-238861034.950
24415.000,-238861430.570
24416.000,-238861667.942
24417.000,-238861430.570
24418.000,-238861114.074
24419.000,-238861114.074
24420.000,-238861430.570
24421.000,-238861667.942
24422.000,-238861430.570
24423.000,-238861034.950
24424.000,-238861114.074
24425.000,-238861430.570
24426.000,-238861667.942
24427.000,-238861430.570
24428.000,-238861034.950
24429.000,-238861034.950
24430.000,-238861430.570
24431.000,-238861667.942
24432.000,-238861430.570
24433.000,-238861114.074
24434.000,-238861114.074
24435.000,-238861430.570
24436.000,-238861667.942
24437.000,-238861430.570
24438.000,-238861034.950
24439.000,-238861034.950
24440.000,-238861430.570
24441.000,-238861667.942
24442.000,-238861430.570
24443.000,-238861114.074
24444.000,-238861114.074
24445.000,-238861430.570
24446.000,-238861588.818
24447.000,-238861430.570
24448.000,-238861034.950
24449.000,-238861114.074
24450.000,-238861430.570
24451.000,-238861667.942
24452.000,-238861430.570
24453.000,-238861034.950
24454.000,-238861034.950
24455.000,-238861430.570
24456.000,-238861667.942
24457.000,-238861430.570
24458.000,-238861114.074
24459.000,-238861114.074
24460.000,-238861430.570
24461.000,-238861667.942
24462.000,-238861430.570
24463.000,-238861034.950
24464.000,-238861034.950
24465.000,-238861430.570
24466.000,-238861667.942
24467.000,-238861430.570
24468.000,-238861114.074
24469.000,-238861114.074
24470.000,-238861430.570
24471.000,-238861588.818
24472.000,-238861430.570
24473.000,-238861034.950
24474.000,-238861114.074
24475.000,-238861430.570
24476.000,-238861667.942
24477.000,-238861430.570
24478.000,-238861034.950
24479.000,-238861034.950
24480.000,-238861430.570
24481.000,-238861667.942
24482.000,-238861430.570
24483.000,-238861114.074
24484.000,-238861114.074
24485.000,-238861430.570
24486.000,-238861667.942
24487.000,-238861430.570
24488.000,-238861034.950
24489.000,-238861034.950
24490.000,-238861430.570
24491.000,-238861667.942
24492.000,-238861430.570
24493.000,-238861114.074
24494.000,-238861114.074
24495.000,-238861430.570
24496.000,-238861588.818
24497.000,-238861430.570
24498.000,-238861034.950
24499.000,-238861114.074
24500.000,-238861430.570
24501.000,-238861667.942
24502.000,-238861430.570
24503.000,-238861034.950
24504.000,-238861034.950
24505.000,-238861430.570
24506.000,-238861667.942
24507.000,-238861430.570
24508.000,-238861114.074
24509.000,-238861114.074
24510.000,-238861430.570
24511.000,-238861667.942
24512.000,-238861430.570
24513.000,-238861034.950
24514.000,-238861034.950
24515.000,-238861430.570
24516.000,-238861667.942
24517.000,-238861430.570
24518.000,-238861034.950
24519.000,-238861114.074
24520.000,-238861430.570
24521.000,-238861667.942
24522.000,-238861430.570
24523.000,-238861034.950
24524.000,-238861114.074
24525.000,-238861430.570
24526.000,-238861667.942
24527.000,-238861430.570
24528.000,-238861034.950
24529.000,-238861034.950
24530.000,-238861430.570
24531.000,-238861667.942
24532.000,-238861430.570
24533.000,-238861114.074
24534.000,-238861114.074
24535.000,-238861430.570
24536.000,-238861667.942
24537.000,-238861351.446
24538.000,-238861034.950
24539.000,-238861034.950
24540.000,-238861430.570
24541.000,-238861667.942
24542.000,-238861430.570
24543.000,-238861114.074
24544.000,-238861114.074
24545.000,-238861430.570
24546.000,-238861588.818
24547.000,-238861430.570
24548.000,-238861034.950
24549.000,-238861114.074
24550.000,-238861430.570
24551.000,-238861667.942
24552.000,-238861430.570
24553.000,-238861034.950
24554.000,-238861034.950
24555.000,-238861430.570
24556.000,-238861667.942
24557.000,-238861430.570
24558.000,-238861114.074
24559.000,-238861114.074
24560.000,-238861430.570
24561.000,-238861667.942
24562.000,-238861430.570
24563.000,-238861034.950
24564.000,-238861034.950
24565.000,-238861430.570
24566.000,-238861667.942
24567.000,-238861430.570
24568.000,-238861114.074
24569.000,-238861114.074
24570.000,-238861430.570
24571.000,-238861588.818
24572.000,-238861430.570
24573.000,-238861034.950
24574.000,-238861114.074
24575.000,-238861430.570
24576.000,-238861667.942
24577.000,-238861430.570
24578.000,-238861034.950
24579.000,-238861034.950
24580.000,-238861430.570
24581.000,-238861667.942
24582.000,-238861430.570
24583.000,-238861114.074
24584.000,-238861114.074
24585.000,-238861430.570
24586.000,-238861667.942
24587.000,-238861351.446
24588.000,-238861034.950
24589.000,-238861034.950
24590.000,-238861430.570
24591.000,-238861667.942
24592.000,-238861430.570
24593.000,-238861114.074
24594.000,-238861114.074
24595.000,-238861430.570
24596.000,-238861588.818
24597.000,-238861430.570
24598.000,-238861034.950
24599.000,-238861114.074
24600.000,-238861430.570
24601.000,-238861667.942
24602.000,-238861430.570
24603.000,-238861034.950
24604.000,-238861034.950
24605.000,-238861430.570
24606.000,-238861667.942
24607.000,-238861430.570
24608.000,-238861114.074
24609.000,-238861114.074
24610.000,-238861430.570
24611.000,-238861667.942
24612.000,-238861430.570
24613.000,-238861034.950
24614.000,-238861034.950
24615.000,-238861430.570
24616.000,-238861667.942
24617.000,-238861430.570
24618.000,-238861114.074
24619.000,-238861114.074
24620.000,-238861430.570
24621.000,-238861588.818
24622.000,-238861430.570
24623.000,-238861034.950
24624.000,-238861114.074
24625.000,-238861430.570
24626.000,-238861667.942
24627.000,-238861430.570
24628.000,-238861034.950
24629.000,-238861034.950
24630.000,-238861430.570
24631.000,-238861667.942
24632.000,-238861430.570
24633.000,-238861114.074
24634.000,-238861114.074
24635.000,-238861430.570
24636.000,-238861667.942
24637.000,-238861351.446
24638.000,-238861034.950
24639.000,-238861034.950
24640.000,-238861430.570
24641.000,-238861667.942
24642.000,-238861430.570
24643.000,-238861114.074
24644.000,-238861114.074
24645.000,-238861430.570
24646.000,-238861588.818
24647.000,-238861430.570
24648.000,-238861034.950
24649.000,-238861114.074
24650.000,-238861430.570
24651.000,-238861667.942
24652.000,-238861430.570
24653.000,-238861034.950
24654.000,-238861034.950
24655.000,-238861430.570
24656.000,-238861667.942
24657.000,-238861430.570
24658.000,-238861114.074
24659.000,-238861114.074
24660.000,-238861430.570
24661.000,-238861667.942
24662.000,-238861430.570
24663.000,-238861034.950
24664.000,-238861034.950
24665.000,-238861430.570
24666.000,-238861667.942
24667.000,-238861430.570
24668.000,-238861114.074
24669.000,-238861114.074
24670.000,-238861430.570
24671.000,-238861588.818
24672.000,-238861351.446
24673.000,-238861034.950
24674.000,-238861114.074
24675.000,-238861430.570
24676.000,-238861667.942
24677.000,-238861430.570
24678.000,-238861034.950
24679.000,-238861034.950
24680.000,-238861430.570
24681.000,-238861667.942
24682.000,-238861430.570
24683.000,-238861114.074
24684.000,-238861114.074
24685.000,-238861430.570
24686.000,-238861667.942
24687.000,-238861430.570
24688.000,-238861034.950
24689.000,-238861034.950
24690.000,-238861430.570
24691.000,-238861667.942
24692.000,-238861430.570
24693.000,-238861114.074
24694.000,-238861114.074
24695.000,-238861430.570
24696.000,-238861588.818
24697.000,-238861430.570
24698.000,-238861034.950
24699.000,-238861114.074
24700.000,-238861430.570
24701.000,-238861667.942
24702.000,-238861430.570
24703.000,-238861034.950
24704.000,-238861034.950
24705.000,-238861430.570
24706.000,-238861667.942
24707.000,-238861430.570
24708.000,-238861114.074
24709.000,-238861114.074
24710.000,-238861430.570
24711.000,-238861667.942
24712.000,-238861430.570
24713.000,-238861034.950
24714.000,-238861034.950
24715.000,-238861430.570
24716.000,-238861667.942
24717.000,-238861430.570
24718.000,-238861114.074
24719.000,-238861114.074
24720.000,-238861430.570
24721.000,-238861588.818
24722.000,-238861430.570
24723.000,-238861034.950
24724.000,-238861114.074
24725.000,-238861430.570
24726.000,-238861667.942
24727.000,-238861430.570
24728.000,-238861034.950
24729.000,-238861034.950
24730.000,-238861430.570
24731.000,-238861667.942
24732.000,-238861430.570
24733.000,-238861114.074
24734.000,-238861114.074
24735.000,-238861430.570
24736.000,-238861667.942
24737.000,-238861430.570
24738.000,-238861034.950
24739.000,-238861034.950
24740.000,-238861430.570
24741.000,-238861667.942
24742.000,-238861430.570
24743.000,-238861114.074
24744.000,-238861114.074
24745.000,-238861430.570
24746.000,-238861588.818
24747.000,-238861430.570
24748.000,-238861034.950
24749.000,-238861114.074
24750.000,-238861509.694
24751.000,-238861667.942
24752.000,-238861430.570
24753.000,-238861034.950
24754.000,-238861034.950
24755.000,-238861430.570
24756.000,-238861667.942
24757.000,-238861430.570
24758.000,-238861114.074
24759.000,-238861114.074
24760.000,-238861430.570
24761.000,-238861667.942
24762.000,-238861430.570
24763.000,-238861034.950
24764.000,-238861034.950
24765.000,-238861430.570
24766.000,-238861667.942
24767.000,-238861430.570
24768.000,-238861114.074
24769.000,-238861114.074
24770.000,-238861430.570
24771.000,-238861588.818
24772.000,-238861430.570
24773.000,-238861034.950
24774.000,-238861114.074
24775.000,-238861430.570
24776.000,-238861667.942
24777.000,-238861430.570
24778.000,-238861034.950
24779.000,-238861034.950
24780.000,-238861430.570
24781.000,-238861667.942
24782.000,-238861430.570
24783.000,-238861114.074
24784.000,-238861114.074
24785.000,-238861430.570
24786.000,-238861667.942
24787.000,-238861430.570
24788.000,-238861034.950
24789.000,-238861034.950
24790.000,-238861430.570
24791.000,-238861667.942
24792.000,-238861430.570
24793.000,-238861114.074
24794.000,-238861034.950
24795.000,-238861430.570
24796.000,-238861588.818
24797.000,-238861430.570
24798.000,-238861114.074
24799.000,-238861114.074
24800.000,-238861430.570
24801.000,-238861667.942
24802.000,-238861430.570
24803.000,-238861034.950
24804.000,-238861034.950
24805.000,-238861430.570
24806.000,-238861667.942
24807.000,-238861430.570
24808.000,-238861114.074
24809.000,-238861114.074
24810.000,-238861430.570
24811.000,-238861667.942
24812.000,-238861430.570
24813.000,-238861034.950
24814.000,-238861034.950
24815.000,-238861430.570
24816.000,-238861667.942
24817.000,-238861430.570
24818.000,-238861114.074
24819.000,-238861114.074
24820.000,-238861430.570
24821.000,-238861588.818
24822.000,-238861430.570
24823.000,-238861034.950
24824.000,-238861114.074
24825.000,-238861430.570
24826.000,-238861667.942
24827.000,-238861430.570
24828.000,-238861034.950
24829.000,-238861034.950
24830.000,-238861430.570
24831.000,-238861667.942
24832.000,-238861430.570
24833.000,-238861114.074
24834.000,-238861114.074
24835.000,-238861430.570
24836.000,-238861667.942
24837.000,-238861430.570
24838.000,-238861034.950
24839.000,-238861034.950
24840.000,-238861430.570
24841.000,-238861667.942
24842.000,-238861430.570
24843.000,-238861114.074
24844.000,-238861114.074
24845.000,-238861430.570
24846.000,-238861588.818
24847.000,-238861430.570
24848.000,-238861034.950
24849.000,-238861114.074
24850.000,-238861430.570
24851.000,-238861667.942
24852.000,-238861430.570
24853.000,-238861034.950
24854.000,-238861034.950
24855.000,-238861430.570
24856.000,-238861667.942
24857.000,-238861430.570
24858.000,-238861114.074
24859.000,-238861114.074
24860.000,-238861430.570
24861.000,-238861667.942
24862.000,-238861430.570
24863.000,-238861034.950
24864.000,-238861034.950
24865.000,-238861430.570
24866.000,-238861667.942
24867.000,-238861430.570
24868.000,-238861114.074
24869.000,-238861034.950
24870.000,-238861430.570
24871.000,-238861588.818
24872.000,-238861430.570
24873.000,-238861034.950
24874.000,-238861114.074
24875.000,-238861430.570
24876.000,-238861667.942
24877.000,-238861430.570
24878.000,-238861034.950
24879.000,-238861034.950
24880.000,-238861430.570
24881.000,-238861667.942
24882.000,-238861430.570
24883.000,-238861114.074
24884.000,-238861114.074
24885.000,-238861430.570
24886.000,-238861667.942
24887.000,-238861351.446
24888.000,-238861034.950
24889.000,-238861034.950
24890.000,-238861430.570
24891.000,-238861667.942
24892.000,-238861430.570
24893.000,-238861114.074
24894.000,-238861114.074
24895.000,-238861430.570
24896.000,-238861588.818
24897.000,-238861430.570
24898.000,-238861034.950
24899.000,-238861114.074
24900.000,-238861430.570
24901.000,-238861667.942
24902.000,-238861430.570
24903.000,-238861034.950
24904.000,-238861034.950
24905.000,-238861430.570
24906.000,-238861667.942
24907.000,-238861430.570
24908.000,-238861114.074
24909.000,-238861114.074
24910.000,-238861430.570
24911.000,-238861667.942
24912.000,-238861430.570
24913.000,-238861034.950
24914.000,-238861034.950
24915.000,-238861430.570
24916.000,-238861667.942
24917.000,-238861430.570
24918.000,-238861114.074
24919.000,-238861034.950
24920.000,-238861430.570
24921.000,-238861588.818
24922.000,-238861430.570
24923.000,-238861034.950
24924.000,-238861114.074
24925.000,-238861430.570
24926.000,-238861667.942
24927.000,-238861430.570
24928.000,-238861034.950
24929.000,-238861034.950
24930.000,-238861430.570
24931.000,-238861667.942
24932.000,-238861430.570
24933.000,-238861114.074
24934.000,-238861114.074
24935.000,-238861430.570
24936.000,-238861667.942
24937.000,-238861430.570
24938.000,-238861034.950
24939.000,-238861034.950
24940.000,-238861430.570
24941.000,-238861667.942
24942.000,-238861430.570
24943.000,-238861114.074
24944.000,-238861034.950
24945.000,-238861430.570
24946.000,-238861588.818
24947.000,-238861430.570
24948.000,-238861034.950
24949.000,-238861114.074
24950.000,-238861430.570
24951.000,-238861667.942
24952.000,-238861430.570
24953.000,-238861034.950
24954.000,-238861034.950
24955.000,-238861430.570
24956.000,-238861667.942
24957.000,-238861430.570
24958.000,-238861114.074
24959.000,-238861114.074
24960.000,-238861430.570
24961.000,-238861667.942
24962.000,-238861430.570
24963.000,-238861034.950
24964.000,-238861034.950
24965.000,-238861430.570
24966.000,-238861667.942
24967.000,-238861430.570
24968.000,-238861114.074
24969.000,-238861034.950
24970.000,-238861430.570
24971.000,-238861588.818
24972.000,-238861430.570
24973.000,-238861034.950
24974.000,-238861114.074
24975.000,-238861430.570
24976.000,-238861667.942
24977.000,-238861430.570
24978.000,-238861034.950
24979.000,-238861034.950
24980.000,-238861430.570
24981.000,-238861667.942
24982.000,-238861430.570
24983.000,-238861114.074
24984.000,-238861114.074
24985.000,-238861430.570
24986.000,-238861667.942
24987.000,-238861430.570
24988.000,-238861034.950
24989.000,-238861034.950
24990.000,-238861430.570
24991.000,-238861667.942
24992.000,-238861430.570
24993.000,-238861114.074
24994.000,-238861034.950
24995.000,-238861430.570
24996.000,-238861588.818
24997.000,-238861430.570
24998.000,-238861034.950
24999.000,-238861114.074
25000.000,-238861430.570
25001.000,-238861667.942
25002.000,-238861430.570
25003.000,-238861034.950
25004.000,-238861034.950
25005.000,-238861430.570
25006.000,-238861667.942
25007.000,-238861430.570
25008.000,-238861114.074
25009.000,-238861114.074
25010.000,-238861430.570
25011.000,-238861667.942
25012.000,-238861430.570
25013.000,-238861034.950
25014.000,-238861034.950
25015.000,-238861430.570
25016.000,-238861667.942
25017.000,-238861430.570
25018.000,-238861114.074
25019.000,-238861034.950
25020.000,-238861430.570
25021.000,-238861667.942
25022.000,-238861430.570
25023.000,-238861034.950
25024.000,-238861114.074
25025.000,-238861430.570
25026.000,-238861667.942
25027.000,-238861430.570
25028.000,-238861034.950
25029.000,-238861034.950
25030.000,-238861430.570
25031.000,-238861667.942
25032.000,-238861430.570
25033.000,-238861114.074
25034.000,-238861114.074
25035.000,-238861430.570
25036.000,-238861667.942
25037.000,-238861430.570
25038.000,-238861034.950
25039.000,-238861034.950
25040.000,-238861430.570
25041.000,-238861667.942
25042.000,-238861430.570
25043.000,-238861114.074
25044.000,-238861034.950
25045.000,-238861430.570
25046.000,-238861588.818
25047.000,-238861430.570
25048.000,-238861114.074
25049.000,-238861114.074
25050.000,-238861430.570
25051.000,-238861667.942
25052.000,-238861430.570
25053.000,-238861034.950
25054.000,-238861034.950
25055.000,-238861430.570
25056.000,-238861667.942
25057.000,-238861430.570
25058.000,-238861114.074
25059.000,-238861114.074
25060.000,-238861430.570
25061.000,-238861667.942
25062.000,-238861430.570
25063.000,-238861034.950
25064.000,-238861034.950
25065.000,-238861430.570
25066.000,-238861667.942
25067.000,-238861430.570
25068.000,-238861114.074
25069.000,-238861034.950
25070.000,-238861430.570
25071.000,-238861588.818
25072.000,-238861430.570
25073.000,-238861114.074
25074.000,-238861114.074
25075.000,-238861430.570
25076.000,-238861667.942
25077.000,-238861430.570
25078.000,-238861034.950
25079.000,-238861034.950
25080.000,-238861430.570
25081.000,-238861667.942
25082.000,-238861430.570
25083.000,-238861114.074
25084.000,-238861114.074
25085.000,-238861430.570
25086.000,-238861667.942
25087.000,-238861430.570
25088.000,-238861034.950
25089.000,-238861034.950
25090.000,-238861430.570
25091.000,-238861667.942
25092.000,-238861430.570
25093.000,-238861034.950
25094.000,-238861034.950
25095.000,-238861430.570
25096.000,-238861588.818
25097.000,-238861430.570
25098.000,-238861114.074
25099.000,-238861114.074
25100.000,-238861430.570
25101.000,-238861667.942
25102.000,-238861430.570
25103.000,-238861034.950
25104.000,-238861034.950
25105.000,-238861430.570
25106.000,-238861667.942
25107.000,-238861430.570
25108.000,-238861114.074
25109.000,-238861114.074
25110.000,-238861430.570
25111.000,-238861667.942
25112.000,-238861430.570
25113.000,-238861034.950
25114.000,-238861034.950
25115.000,-238861430.570
25116.000,-238861667.942
25117.000,-238861430.570
25118.000,-238861114.074
25119.000,-238861034.950
25120.000,-238861430.570
25121.000,-238861588.818
25122.000,-238861430.570
25123.000,-238861114.074
25124.000,-238861114.074
25125.000,-238861430.570
25126.000,-238861667.942
25127.000,-238861430.570
25128.000,-238861034.950
25129.000,-238861034.950
25130.000,-238861430.570
25131.000,-238861667.942
25132.000,-238861430.570
25133.000,-238861114.074
25134.000,-238861114.074
25135.000,-238861430.570
25136.000,-238861667.942
25137.000,-238861430.570
25138.000,-238861034.950
25139.000,-238861034.950
25140.000,-238861430.570
25141.000,-238861667.942
25142.000,-238861430.570
25143.000,-238861114.074
25144.000,-238861114.074
25145.000,-238861430.570
25146.000,-238861588.818
25147.000,-238861430.570
25148.000,-238861034.950
25149.000,-238861114.074
25150.000,-238861430.570
25151.000,-238861667.942
25152.000,-238861430.570
25153.000,-238861034.950
25154.000,-238861034.950
25155.000,-238861430.570
25156.000,-238861667.942
25157.000,-238861430.570
25158.000,-238861114.074
25159.000,-238861114.074
25160.000,-238861430.570
25161.000,-238861667.942
25162.000,-238861430.570
25163.000,-238861034.950
25164.000,-238861034.950
25165.000,-238861430.570
25166.000,-238861667.942
25167.000,-238861430.570
25168.000,-238861114.074
25169.000,-238861114.074
25170.000,-238861430.570
25171.000,-238861667.942
25172.000,-238861430.570
25173.000,-238861114.074
25174.000,-238861114.074
25175.000,-238861430.570
25176.000,-238861667.942
25177.000,-238861430.570
25178.000,-238861034.950
25179.000,-238861034.950
25180.000,-238861430.570
25181.000,-238861667.942
25182.000,-238861430.570
25183.000,-238861114.074
25184.000,-238861114.074
25185.000,-238861430.570
25186.000,-238861667.942
25187.000,-238861430.570
25188.000,-238861034.950
25189.000,-238861034.950
25190.000,-238861430.570
25191.000,-238861667.942
25192.000,-238861430.570
25193.000,-238861114.074
25194.000,-238861034.950
25195.000,-238861430.570
25196.000,-238861588.818
25197.000,-238861430.570
25198.000,-238861114.074
25199.000,-238861114.074
25200.000,-238861430.570
25201.000,-238861667.942
25202.000,-238861430.570
25203.000,-238861034.950
25204.000,-238861034.950
25205.000,-238861430.570
25206.000,-238861667.942
25207.000,-238861430.570
25208.000,-238861114.074
25209.000,-238861114.074
25210.000,-238861430.570
25211.000,-238861667.942
25212.000,-238861430.570
25213.000,-238861034.950
25214.000,-238861034.950
25215.000,-238861430.570
25216.000,-238861667.942
25217.000,-238861430.570
25218.000,-238861114.074
25219.000,-238861114.074
25220.000,-238861430.570
25221.000,-238861588.818
25222.000,-238861430.570
25223.000,-238861034.950
25224.000,-238861114.074
25225.000,-238861430.570
25226.000,-238861667.942
25227.000,-238861430.570
25228.000,-238861034.950
25229.000,-238861034.950
25230.000,-238861430.570
25231.000,-238861667.942
25232.000,-238861430.570
25233.000,-238861114.074
25234.000,-238861114.074
25235.000,-238861430.570
25236.000,-238861667.942
25237.000,-238861430.570
25238.000,-238861034.950
25239.000,-238861034.950
25240.000,-238861430.570
25241.000,-238861667.942
25242.000,-238861430.570
25243.000,-238861114.074
25244.000,-238861114.074
25245.000,-238861430.570
25246.000,-238861588.818
25247.000,-238861430.570
25248.000,-238861034.950
25249.000,-238861034.950
25250.000,-238861430.570
25251.000,-238861667.942
25252.000,-238861430.570
25253.000,-238861034.950
25254.000,-238861034.950
25255.000,-238861430.570
25256.000,-238861667.942
25257.000,-238861430.570
25258.000,-238861114.074
25259.000,-238861114.074
25260.000,-238861430.570
25261.000,-238861667.942
25262.000,-238861430.570
25263.000,-238861034.950
25264.000,-238861034.950
25265.000,-238861430.570
25266.000,-238861667.942
25267.000,-238861430.570
25268.000,-238861114.074
25269.000,-238861114.074
25270.000,-238861430.570
25271.000,-238861667.942
25272.000,-238861430.570
25273.000,-238861034.950
25274.000,-238861114.074
25275.000,-238861430.570
25276.000,-238861667.942
25277.000,-238861430.570
25278.000,-238861034.950
25279.000,-238861034.950
25280.000,-238861430.570
25281.000,-238861667.942
25282.000,-238861430.570
25283.000,-238861114.074
25284.000,-238861114.074
25285.000,-238861430.570
25286.000,-238861667.942
25287.000,-238861430.570
25288.000,-238861034.950
25289.000,-238861034.950
25290.000,-238861430.570
25291.000,-238861667.942
25292.000,-238861430.570
25293.000,-238861114.074
25294.000,-238861034.950
25295.000,-238861430.570
25296.000,-238861588.818
25297.000,-238861430.570
25298.000,-238861034.950
25299.000,-238861114.074
25300.000,-238861430.570
25301.000,-238861667.942
25302.000,-238861430.570
25303.000,-238861034.950
25304.000,-238861034.950
25305.000,-238861430.570
25306.000,-238861667.942
25307.000,-238861430.570
25308.000,-238861114.074
25309.000,-238861114.074
25310.000,-238861430.570
25311.000,-238861667.942
25312.000,-238861430.570
25313.000,-238861034.950
25314.000,-238861034.950
25315.000,-238861430.570
25316.000,-238861667.942
25317.000,-238861430.570
25318.000,-238861114.074
25319.000,-238861114.074
25320.000,-238861430.570
25321.000,-238861667.942
25322.000,-238861430.570
25323.000,-238861034.950
25324.000,-238861114.074
25325.000,-238861430.570
25326.000,-238861667.942
25327.000,-238861430.570
25328.000,-238861034.950
25329.000,-238861034.950
25330.000,-238861430.570
25331.000,-238861667.942
25332.000,-238861430.570
25333.000,-238861114.074
25334.000,-238861114.074
25335.000,-238861430.570
25336.000,-238861667.942
25337.000,-238861430.570
25338.000,-238861034.950
25339.000,-238861034.950
25340.000,-238861430.570
25341.000,-238861667.942
25342.000,-238861430.570
25343.000,-238861114.074
25344.000,-238861034.950
25345.000,-238861430.570
25346.000,-238861588.818
25347.000,-238861430.570
25348.000,-238861114.074
25349.000,-238861114.074
25350.000,-238861430.570
25351.000,-238861667.942
25352.000,-238861430.570
25353.000,-238861034.950
25354.000,-238861034.950
25355.000,-238861430.570
25356.000,-238861667.942
25357.000,-238861430.570
25358.000,-238861114.074
25359.000,-238861114.074
25360.000,-238861430.570
25361.000,-238861667.942
25362.000,-238861430.570
25363.000,-238861034.950
25364.000,-238861034.950
25365.000,-238861430.570
25366.000,-238861667.942
25367.000,-238861430.570
25368.000,-238861114.074
25369.000,-238861114.074
25370.000,-238861430.570
25371.000,-238861667.942
25372.000,-238861430.570
25373.000,-238861034.950
25374.000,-238861114.074
25375.000,-238861430.570
25376.000,-238861667.942
25377.000,-238861430.570
25378.000,-238861034.950
25379.000,-238861034.950
25380.000,-238861430.570
25381.000,-238861667.942
25382.000,-238861430.570
25383.000,-238861114.074
25384.000,-238861114.074
25385.000,-238861430.570
25386.000,-238861667.942
25387.000,-238861430.570
25388.000,-238861034.950
25389.000,-238861034.950
25390.000,-238861430.570
25391.000,-238861667.942
25392.000,-238861430.570
25393.000,-238861034.950
25394.000,-238861034.950
25395.000,-238861430.570
25396.000,-238861588.818
25397.000,-238861430.570
25398.000,-238861114.074
25399.000,-238861114.074
25400.000,-238861430.570
25401.000,-238861667.942
25402.000,-238861430.570
25403.000,-238861034.950
25404.000,-238861034.950
25405.000,-238861430.570
25406.000,-238861667.942
25407.000,-238861430.570
25408.000,-238861114.074
25409.000,-238861114.074
25410.000,-238861430.570
25411.000,-238861667.942
25412.000,-238861430.570
25413.000,-238861034.950
25414.000,-238861034.950
25415.000,-238861430.570
25416.000,-238861667.942
25417.000,-238861430.570
25418.000,-238861114.074
25419.000,-238861114.074
25420.000,-238861430.570
25421.000,-238861588.818
25422.000,-238861430.570
25423.000,-238861034.950
25424.000,-238861114.074
25425.000,-238861430.570
25426.000,-238861667.942
25427.000,-238861430.570
25428.000,-238861114.074
25429.000,-238861034.950
25430.000,-238861430.570
25431.000,-238861667.942
25432.000,-238861430.570
25433.000,-238861114.074
25434.000,-238861114.074
25435.000,-238861430.570
25436.000,-238861667.942
25437.000,-238861430.570
25438.000,-238861034.950
25439.000,-238861034.950
25440.000,-238861430.570
25441.000,-238861667.942
25442.000,-238861430.570
25443.000,-238861114.074
25444.000,-238861034.950
25445.000,-238861430.570
25446.000,-238861667.942
25447.000,-238861430.570
25448.000,-238861114.074
25449.000,-238861114.074
25450.000,-238861430.570
25451.000,-238861667.942
25452.000,-238861430.570
25453.000,-238861034.950
25454.000,-238861034.950
25455.000,-238861430.570
25456.000,-238861667.942
25457.000,-238861430.570
25458.000,-238861114.074
25459.000,-238861114.074
25460.000,-238861430.570
25461.000,-238861667.942
25462.000,-238861430.570
25463.000,-238861034.950
25464.000,-238861034.950
25465.000,-238861430.570
25466.000,-238861667.942
25467.000,-238861430.570
25468.000,-238861114.074
25469.000,-238861034.950
25470.000,-238861430.570
25471.000,-238861588.818
25472.000,-238861430.570
25473.000,-238861034.950
25474.000,-238861114.074
25475.000,-238861430.570
25476.000,-238861667.942
25477.000,-238861430.570
25478.000,-238861034.950
25479.000,-238861034.950
25480.000,-238861430.570
25481.000,-238861588.818
25482.000,-238861430.570
25483.000,-238861114.074
25484.000,-238861114.074
25485.000,-238861430.570
25486.000,-238861667.942
25487.000,-238861430.570
25488.000,-238861034.950
25489.000,-238861034.950
25490.000,-238861430.570
25491.000,-238861667.942
25492.000,-238861430.570
25493.000,-238861114.074
25494.000,-238861114.074
25495.000,-238861430.570
25496.000,-238861667.942
25497.000,-238861430.570
25498.000,-238861034.950
25499.000,-238861034.950
25500.000,-238861430.570
25501.000,-238861667.942
25502.000,-238861430.570
25503.000,-238861114.074
25504.000,-238861034.950
25505.000,-238861430.570
25506.000,-238861667.942
25507.000,-238861430.570
25508.000,-238861114.074
25509.000,-238861114.074
25510.000,-238861430.570
25511.000,-238861667.942
25512.000,-238861430.570
25513.000,-238861034.950
25514.000,-238861034.950
25515.000,-238861430.570
25516.000,-238861667.942
25517.000,-238861430.570
25518.000,-238861114.074
25519.000,-238861034.950
25520.000,-238861430.570
25521.000,-238861667.942
25522.000,-238861430.570
25523.000,-238861114.074
25524.000,-238861114.074
25525.000,-238861430.570
25526.000,-238861667.942
25527.000,-238861430.570
25528.000,-238861034.950
25529.000,-238861034.950
25530.000,-238861430.570
25531.000,-238861667.942
25532.000,-238861430.570
25533.000,-238861114.074
25534.000,-238861114.074
25535.000,-238861430.570
25536.000,-238861667.942
25537.000,-238861430.570
25538.000,-238861034.950
25539.000,-238861034.950
25540.000,-238861430.570
25541.000,-238861667.942
25542.000,-238861430.570
25543.000,-238861114.074
25544.000,-238861034.950
25545.000,-238861430.570
25546.000,-238861588.818
25547.000,-238861430.570
25548.000,-238861034.950
25549.000,-238861114.074
25550.000,-238861430.570
25551.000,-238861667.942
25552.000,-238861430.570
25553.000,-238861034.950
25554.000,-238861034.950
25555.000,-238861430.570
25556.000,-238861667.942
25557.000,-238861430.570
25558.000,-238861114.074
25559.000,-238861114.074
25560.000,-238861430.570
25561.000,-238861667.942
25562.000,-238861430.570
25563.000,-238861034.950
25564.000,-238861034.950
25565.000,-238861430.570
25566.000,-238861667.942
25567.000,-238861430.570
25568.000,-238861114.074
25569.000,-238861114.074
25570.000,-238861430.570
25571.000,-238861588.818
25572.000,-238861430.570
25573.000,-238861034.950
25574.000,-238861034.950
25575.000,-238861430.570
25576.000,-238861667.942
25577.000,-238861430.570
25578.000,-238861114.074
25579.000,-238861034.950
25580.000,-238861430.570
25581.000,-238861667.942
25582.000,-238861430.570
25583.000,-238861114.074
25584.000,-238861114.074
25585.000,-238861430.570
25586.000,-238861667.942
25587.000,-238861430.570
25588.000,-238861114.074
25589.000,-238861034.950
25590.000,-238861430.570
25591.000,-238861667.942
25592.000,-238861430.570
25593.000,-238861114.074
25594.000,-238861034.950
25595.000,-238861430.570
25596.000,-238861667.942
25597.000,-238861430.570
25598.000,-238861114.074
25599.000,-238861114.074
25600.000,-238861430.570
25601.000,-238861667.942
25602.000,-238861430.570
25603.000,-238861034.950
25604.000,-238861034.950
25605.000,-238861430.570
25606.000,-238861667.942
25607.000,-238861430.570
25608.000,-238861114.074
25609.000,-238861114.074
25610.000,-238861430.570
25611.000,-238861667.942
25612.000,-238861430.570
25613.000,-238861034.950
25614.000,-238861034.950
25615.000,-238861430.570
25616.000,-238861667.942
25617.000,-238861430.570
25618.000,-238861114.074
25619.000,-238861114.074
25620.000,-238861430.570
25621.000,-238861588.818
25622.000,-238861430.570
25623.000,-238861034.950
25624.000,-238861114.074
25625.000,-238861430.570
25626.000,-238861667.942
25627.000,-238861430.570
25628.000,-238861114.074
25629.000,-238861034.950
25630.000,-238861351.446
25631.000,-238861588.818
25632.000,-238861430.570
25633.000,-238861114.074
25634.000,-238861114.074
25635.000,-238861430.570
25636.000,-238861667.942
25637.000,-238861430.570
25638.000,-238861034.950
25639.000,-238861034.950
25640.000,-238861430.570
25641.000,-238861667.942
25642.000,-238861430.570
25643.000,-238861114.074
25644.000,-238861114.074
25645.000,-238861430.570
25646.000,-238861667.942
25647.000,-238861430.570
25648.000,-238861034.950
25649.000,-238861034.950
25650.000,-238861430.570
25651.000,-238861667.942
25652.000,-238861430.570
25653.000,-238861114.074
25654.000,-238861034.950
25655.000,-238861430.570
25656.000,-238861667.942
25657.000,-238861430.570
25658.000,-238861114.074
25659.000,-238861114.074
25660.000,-238861430.570
25661.000,-238861667.942
25662.000,-238861430.570
25663.000,-238861034.950
25664.000,-238861034.950
25665.000,-238861430.570
25666.000,-238861667.942
25667.000,-238861430.570
25668.000,-238861114.074
25669.000,-238861034.950
25670.000,-238861430.570
25671.000,-238861588.818
25672.000,-238861430.570
25673.000,-238861034.950
25674.000,-238861114.074
25675.000,-238861430.570
25676.000,-238861667.942
25677.000,-238861430.570
25678.000,-238861034.950
25679.000,-238861034.950
25680.000,-238861430.570
25681.000,-238861667.942
25682.000,-238861430.570
25683.000,-238861114.074
25684.000,-238861114.074
25685.000,-238861430.570
25686.000,-238861667.942
25687.000,-238861430.570
25688.000,-238861034.950
25689.000,-238861034.950
25690.000,-238861430.570
25691.000,-238861667.942
25692.000,-238861430.570
25693.000,-238861114.074
25694.000,-238861034.950
25695.000,-238861430.570
25696.000,-238861588.818
25697.000,-238861430.570
25698.000,-238861034.950
25699.000,-238861114.074
25700.000,-238861430.570
25701.000,-238861667.942
25702.000,-238861430.570
25703.000,-238861034.950
25704.000,-238861034.950
25705.000,-238861430.570
25706.000,-238861667.942
25707.000,-238861430.570
25708.000,-238861114.074
25709.000,-238861114.074
25710.000,-238861430.570
25711.000,-238861667.942
25712.000,-238861430.570
25713.000,-238861034.950
25714.000,-238861034.950
25715.000,-238861430.570
25716.000,-238861667.942
25717.000,-238861430.570
25718.000,-238861114.074
25719.000,-238861034.950
25720.000,-238861430.570
25721.000,-238861588.818
25722.000,-238861430.570
25723.000,-238861034.950
25724.000,-238861114.074
25725.000,-238861430.570
25726.000,-238861667.942
25727.000,-238861430.570
25728.000,-238861114.074
25729.000,-238861034.950
25730.000,-238861430.570
25731.000,-238861667.942
25732.000,-238861430.570
25733.000,-238861114.074
25734.000,-238861114.074
25735.000,-238861430.570
25736.000,-238861667.942
25737.000,-238861430.570
25738.000,-238861034.950
25739.000,-238861034.950
25740.000,-238861430.570
25741.000,-238861667.942
25742.000,-238861430.570
25743.000,-238861114.074
25744.000,-238861114.074
25745.000,-238861430.570
25746.000,-238861667.942
25747.000,-238861430.570
25748.000,-238861034.950
25749.000,-238861034.950
25750.000,-238861430.570
25751.000,-238861667.942
25752.000,-238861430.570
25753.000,-238861034.950
25754.000,-238861034.950
25755.000,-238861430.570
25756.000,-238861588.818
25757.000,-238861430.570
25758.000,-238861114.074
25759.000,-238861114.074
25760.000,-238861430.570
25761.000,-238861667.942
25762.000,-238861430.570
25763.000,-238861034.950
25764.000,-238861034.950
25765.000,-238861430.570
25766.000,-238861667.942
25767.000,-238861430.570
25768.000,-238861114.074
25769.000,-238861114.074
25770.000,-238861430.570
25771.000,-238861588.818
25772.000,-238861430.570
25773.000,-238861034.950
25774.000,-238861034.950
25775.000,-238861430.570
25776.000,-238861667.942
25777.000,-238861430.570
25778.000,-238861114.074
25779.000,-238861034.950
25780.000,-238861430.570
25781.000,-238861667.942
25782.000,-238861430.570
25783.000,-238861114.074
25784.000,-238861114.074
25785.000,-238861430.570
25786.000,-238861667.942
25787.000,-238861430.570
25788.000,-238861034.950
25789.000,-238861034.950
25790.000,-238861430.570
25791.000,-238861667.942
25792.000,-238861430.570
25793.000,-238861114.074
25794.000,-238861114.074
25795.000,-238861430.570
25796.000,-238861667.942
25797.000,-238861430.570
25798.000,-238861034.950
25799.000,-238861034.950
25800.000,-238861430.570
25801.000,-238861667.942
25802.000,-238861430.570
25803.000,-238861114.074
25804.000,-238861034.950
25805.000,-238861430.570
25806.000,-238861667.942
25807.000,-238861430.570
25808.000,-238861114.074
25809.000,-238861114.074
25810.000,-238861430.570
25811.000,-238861667.942
25812.000,-238861430.570
25813.000,-238861034.950
25814.000,-238861034.950
25815.000,-238861430.570
25816.000,-238861667.942
25817.000,-238861430.570
25818.000,-238861114.074
25819.000,-238861114.074
25820.000,-238861430.570
25821.000,-238861588.818
25822.000,-238861430.570
25823.000,-238861034.950
25824.000,-238861034.950
25825.000,-238861430.570
25826.000,-238861667.942
25827.000,-238861430.570
25828.000,-238861114.074
25829.000,-238861034.950
25830.000,-238861430.570
25831.000,-238861667.942
25832.000,-238861430.570
25833.000,-238861114.074
25834.000,-238861114.074
25835.000,-238861430.570
25836.000,-238861667.942
25837.000,-238861430.570
25838.000,-238861034.950
25839.000,-238861034.950
25840.000,-238861430.570
25841.000,-238861667.942
25842.000,-238861430.570
25843.000,-238861114.074
25844.000,-238861114.074
25845.000,-238861430.570
25846.000,-238861667.942
25847.000,-238861430.570
25848.000,-238861034.950
25849.000,-238861034.950
25850.000,-238861430.570
25851.000,-238861667.942
25852.000,-238861430.570
25853.000,-238861034.950
25854.000,-238861034.950
25855.000,-238861430.570
25856.000,-238861667.942
25857.000,-238861430.570
25858.000,-238861114.074
25859.000,-238861114.074
25860.000,-238861430.570
25861.000,-238861667.942
25862.000,-238861430.570
25863.000,-238861034.950
25864.000,-238861034.950
25865.000,-238861430.570
25866.000,-238861667.942
25867.000,-238861430.570
25868.000,-238861114.074
25869.000,-238861034.950
25870.000,-238861430.570
25871.000,-238861588.818
25872.000,-238861430.570
25873.000,-238861034.950
25874.000,-238861114.074
25875.000,-238861430.570
25876.000,-238861667.942
25877.000,-238861430.570
25878.000,-238861034.950
25879.000,-238861034.950
25880.000,-238861430.570
25881.000,-238861667.942
25882.000,-238861430.570
25883.000,-238861114.074
25884.000,-238861114.074
25885.000,-238861430.570
25886.000,-238861667.942
25887.000,-238861430.570
25888.000,-238861034.950
25889.000,-238861034.950
25890.000,-238861430.570
25891.000,-238861667.942
25892.000,-238861430.570
25893.000,-238861114.074
25894.000,-238861034.950
25895.000,-238861430.570
25896.000,-238861588.818
25897.000,-238861430.570
25898.000,-238861034.950
25899.000,-238861034.950
25900.000,-238861430.570
25901.000,-238861667.942
25902.000,-238861430.570
25903.000,-238861034.950
25904.000,-238861034.950
25905.000,-238861430.570
25906.000,-238861667.942
25907.000,-238861430.570
25908.000,-238861114.074
25909.000,-238861114.074
25910.000,-238861430.570
25911.000,-238861667.942
25912.000,-238861430.570
25913.000,-238861034.950
25914.000,-238861034.950
25915.000,-238861430.570
25916.000,-238861667.942
25917.000,-238861430.570
25918.000,-238861114.074
25919.000,-238861034.950
25920.000,-238861430.570
25921.000,-238861588.818
25922.000,-238861430.570
25923.000,-238861034.950
25924.000,-238861034.950
25925.000,-238861430.570
25926.000,-238861667.942
25927.000,-238861430.570
25928.000,-238861114.074
25929.000,-238861034.950
25930.000,-238861351.446
25931.000,-238861667.942
25932.000,-238861430.570
25933.000,-238861114.074
25934.000,-238861114.074
25935.000,-238861430.570
25936.000,-238861667.942
25937.000,-238861430.570
25938.000,-238861034.950
25939.000,-238861034.950
25940.000,-238861430.570
25941.000,-238861667.942
25942.000,-238861430.570
25943.000,-238861114.074
25944.000,-238861034.950
25945.000,-238861430.570
25946.000,-238861667.942
25947.000,-238861430.570
25948.000,-238861034.950
25949.000,-238861114.074
25950.000,-238861430.570
25951.000,-238861667.942
25952.000,-238861430.570
25953.000,-238861034.950
25954.000,-238861034.950
25955.000,-238861430.570
25956.000,-238861667.942
25957.000,-238861430.570
25958.000,-238861114.074
25959.000,-238861114.074
25960.000,-238861430.570
25961.000,-238861667.942
25962.000,-238861430.570
25963.000,-238861034.950
25964.000,-238861034.950
25965.000,-238861430.570
25966.000,-238861667.942
25967.000,-238861430.570
25968.000,-238861114.074
25969.000,-238861034.950
25970.000,-238861351.446
25971.000,-238861588.818
25972.000,-238861430.570
25973.000,-238861034.950
25974.000,-238861114.074
25975.000,-238861430.570
25976.000,-238861667.942
25977.000,-238861430.570
25978.000,-238861034.950
25979.000,-238861034.950
25980.000,-238861351.446
25981.000,-238861667.942
25982.000,-238861430.570
25983.000,-238861114.074
25984.000,-238861114.074
25985.000,-238861430.570
25986.000,-238861667.942
25987.000,-238861430.570
25988.000,-238861034.950
25989.000,-238861034.950
25990.000,-238861430.570
25991.000,-238861667.942
25992.000,-238861509.694
25993.000,-238861114.074
25994.000,-238861034.950
25995.000,-238861430.570
25996.000,-238861588.818
25997.000,-238861430.570
25998.000,-238861034.950
25999.000,-238861114.074
26000.000,-238861430.570
26001.000,-238861667.942
26002.000,-238861430.570
26003.000,-238861034.950
26004.000,-238861034.950
26005.000,-238861351.446
26006.000,-238861588.818
26007.000,-238861430.570
26008.000,-238861114.074
26009.000,-238861114.074
26010.000,-238861430.570
26011.000,-238861667.942
26012.000,-238861430.570
26013.000,-238861034.950
26014.000,-238861034.950
26015.000,-238861430.570
26016.000,-238861667.942
26017.000,-238861430.570
26018.000,-238861114.074
26019.000,-238861034.950
26020.000,-238861430.570
26021.000,-238861588.818
26022.000,-238861430.570
26023.000,-238861034.950
26024.000,-238861034.950
26025.000,-238861430.570
26026.000,-238861667.942
26027.000,-238861430.570
26028.000,-238861034.950
26029.000,-238861034.950
26030.000,-238861351.446
26031.000,-238861588.818
26032.000,-238861430.570
26033.000,-238861114.074
26034.000,-238861114.074
26035.000,-238861430.570
26036.000,-238861667.942
26037.000,-238861430.570
26038.000,-238861034.950
26039.000,-238861034.950
26040.000,-238861430.570
26041.000,-238861667.942
26042.000,-238861430.570
26043.000,-238861114.074
26044.000,-238861114.074
26045.000,-238861430.570
26046.000,-238861588.818
26047.000,-238861430.570
26048.000,-238861034.950
26049.000,-238861034.950
26050.000,-238861430.570
26051.000,-238861667.942
26052.000,-238861430.570
26053.000,-238861034.950
26054.000,-238861034.950
26055.000,-238861351.446
26056.000,-238861667.942
26057.000,-238861430.570
26058.000,-238861114.074
26059.000,-238861114.074
26060.000,-238861430.570
26061.000,-238861667.942
26062.000,-238861430.570
26063.000,-238861034.950
26064.000,-238861034.950
26065.000,-238861430.570
26066.000,-238861667.942
26067.000,-238861430.570
26068.000,-238861114.074
26069.000,-238861034.950
26070.000,-238861430.570
26071.000,-238861588.818
26072.000,-238861430.570
26073.000,-238861114.074
26074.000,-238861114.074
26075.000,-238861430.570
26076.000,-238861667.942
26077.000,-238861430.570
26078.000,-238861034.950
26079.000,-238861034.950
26080.000,-238861351.446
26081.000,-238861667.942
26082.000,-238861430.570
26083.000,-238861114.074
26084.000,-238861114.074
26085.000,-238861430.570
26086.000,-238861667.942
26087.000,-238861430.570
26088.000,-238861034.950
26089.000,-238861034.950
26090.000,-238861430.570
26091.000,-238861667.942
26092.000,-238861509.694
26093.000,-238861114.074
26094.000,-238861114.074
26095.000,-238861430.570
26096.000,-238861588.818
26097.000,-238861430.570
26098.000,-238861034.950
26099.000,-238861034.950
26100.000,-238861430.570
26101.000,-238861667.942
26102.000,-238861430.570
26103.000,-238861114.074
26104.000,-238861034.950
26105.000,-238861351.446
26106.000,-238861588.818
26107.000,-238861430.570
26108.000,-238861114.074
26109.000,-238861114.074
26110.000,-238861430.570
26111.000,-238861667.942
26112.000,-238861430.570
26113.000,-238861034.950
26114.000,-238861034.950
26115.000,-238861430.570
26116.000,-238861667.942
26117.000,-238861430.570
26118.000,-238861114.074
26119.000,-238861034.950
26120.000,-238861430.570
26121.000,-238861588.818
26122.000,-238861430.570
26123.000,-238861034.950
26124.000,-238861034.950
26125.000,-238861430.570
26126.000,-238861667.942
26127.000,-238861430.570
26128.000,-238861034.950
26129.000,-238861034.950
26130.000,-238861351.446
26131.000,-238861667.942
26132.000,-238861430.570
26133.000,-238861114.074
26134.000,-238861114.074
26135.000,-238861430.570
26136.000,-238861667.942
26137.000,-238861430.570
26138.000,-238861034.950
26139.000,-238861034.950
26140.000,-238861430.570
26141.000,-238861667.942
26142.000,-238861509.694
26143.000,-238861114.074
26144.000,-238861034.950
26145.000,-238861430.570
26146.000,-238861588.818
26147.000,-238861430.570
26148.000,-238861034.950
26149.000,-238861034.950
26150.000,-238861430.570
26151.000,-238861667.942
26152.000,-238861430.570
26153.000,-238861114.074
26154.000,-238861034.950
26155.000,-238861351.446
26156.000,-238861667.942
26157.000,-238861430.570
26158.000,-238861114.074
26159.000,-238861114.074
26160.000,-238861430.570
26161.000,-238861667.942
26162.000,-238861430.570
26163.000,-238861034.950
26164.000,-238861034.950
26165.000,-238861430.570
26166.000,-238861667.942
26167.000,-238861430.570
26168.000,-238861114.074
26169.000,-238861034.950
26170.000,-238861430.570
26171.000,-238861588.818
26172.000,-238861430.570
26173.000,-238861034.950
26174.000,-238861034.950
26175.000,-238861430.570
26176.000,-238861667.942
26177.000,-238861430.570
26178.000,-238861114.074
26179.000,-238861034.950
26180.000,-238861430.570
26181.000,-238861667.942
26182.000,-238861430.570
26183.000,-238861114.074
26184.000,-238861114.074
26185.000,-238861430.570
26186.000,-238861667.942
26187.000,-238861430.570
26188.000,-238861034.950
26189.000,-238861034.950
26190.000,-238861430.570
26191.000,-238861667.942
26192.000,-238861430.570
26193.000,-238861114.074
26194.000,-238861034.950
26195.000,-238861430.570
26196.000,-238861588.818
26197.000,-238861430.570
26198.000,-238861114.074
26199.000,-238861034.950
26200.000,-238861430.570
26201.000,-238861667.942
26202.000,-238861430.570
26203.000,-238861034.950
26204.000,-238861034.950
26205.000,-238861430.570
26206.000,-238861667.942
26207.000,-238861430.570
26208.000,-238861114.074
26209.000,-238861114.074
26210.000,-238861430.570
26211.000,-238861667.942
26212.000,-238861430.570
26213.000,-238861034.950
26214.000,-238861034.950
26215.000,-238861430.570
26216.000,-238861667.942
26217.000,-238861430.570
26218.000,-238861114.074
26219.000,-238861034.950
26220.000,-238861430.570
26221.000,-238861588.818
26222.000,-238861430.570
26223.000,-238861114.074
26224.000,-238861114.074
26225.000,-238861430.570
26226.000,-238861667.942
26227.000,-238861430.570
26228.000,-238861034.950
26229.000,-238861034.950
26230.000,-238861430.570
26231.000,-238861667.942
26232.000,-238861430.570
26233.000,-238861114.074
26234.000,-238861114.074
26235.000,-238861430.570
26236.000,-238861667.942
26237.000,-238861430.570
26238.000,-238861034.950
26239.000,-238861034.950
26240.000,-238861430.570
26241.000,-238861667.942
26242.000,-238861509.694
26243.000,-238861114.074
26244.000,-238861034.950
26245.000,-238861351.446
26246.000,-238861588.818
26247.000,-238861430.570
26248.000,-238861034.950
26249.000,-238861114.074
26250.000,-238861430.570
26251.000,-238861667.942
26252.000,-238861430.570
26253.000,-238861034.950
26254.000,-238861034.950
26255.000,-238861351.446
26256.000,-238861667.942
26257.000,-238861430.570
26258.000,-238861114.074
26259.000,-238861114.074
26260.000,-238861430.570
26261.000,-238861667.942
26262.000,-238861430.570
26263.000,-238861034.950
26264.000,-238861034.950
26265.000,-238861430.570
26266.000,-238861667.942
26267.000,-238861430.570
26268.000,-238861114.074
26269.000,-238861034.950
26270.000,-238861430.570
26271.000,-238861588.818
26272.000,-238861430.570
26273.000,-238861034.950
26274.000,-238861034.950
26275.000,-238861430.570
26276.000,-238861667.942
26277.000,-238861430.570
26278.000,-238861114.074
26279.000,-238861034.950
26280.000,-238861430.570
26281.000,-238861667.942
26282.000,-238861430.570
26283.000,-238861114.074
26284.000,-238861114.074
26285.000,-238861430.570
26286.000,-238861667.942
26287.000,-238861430.570
26288.000,-238861034.950
26289.000,-238861034.950
26290.000,-238861430.570
26291.000,-238861667.942
26292.000,-238861430.570
26293.000,-238861114.074
26294.000,-238861034.950
26295.000,-238861430.570
26296.000,-238861667.942
26297.000,-238861430.570
26298.000,-238861114.074
26299.000,-238861114.074
26300.000,-238861430.570
26301.000,-238861667.942
26302.000,-238861430.570
26303.000,-238861034.950
26304.000,-238861034.950
26305.000,-238861351.446
26306.000,-238861667.942
26307.000,-238861430.570
26308.000,-238861114.074
26309.000,-238861114.074
26310.000,-238861430.570
26311.000,-238861667.942
26312.000,-238861430.570
26313.000,-238861034.950
26314.000,-238861034.950
26315.000,-238861430.570
26316.000,-238861667.942
26317.000,-238861430.570
26318.000,-238861114.074
26319.000,-238861034.950
26320.000,-238861430.570
26321.000,-238861588.818
26322.000,-238861430.570
26323.000,-238861114.074
26324.000,-238861034.950
26325.000,-238861430.570
26326.000,-238861667.942
26327.000,-238861430.570
26328.000,-238861034.950
26329.000,-238861034.950
26330.000,-238861430.570
26331.000,-238861667.942
26332.000,-238861430.570
26333.000,-238861114.074
26334.000,-238861114.074
26335.000,-238861430.570
26336.000,-238861667.942
26337.000,-238861430.570
26338.000,-238861034.950
26339.000,-238861034.950
26340.000,-238861430.570
26341.000,-238861667.942
26342.000,-238861430.570
26343.000,-238861114.074
26344.000,-238861034.950
26345.000,-238861430.570
26346.000,-238861667.942
26347.000,-238861430.570
26348.000,-238861114.074
26349.000,-238861114.074
26350.000,-238861430.570
26351.000,-238861667.942
26352.000,-238861430.570
26353.000,-238861034.950
26354.000,-238861034.950
26355.000,-238861351.446
26356.000,-238861667.942
26357.000,-238861430.570
26358.000,-238861114.074
26359.000,-238861114.074
26360.000,-238861430.570
26361.000,-238861667.942
26362.000,-238861430.570
26363.000,-238861034.950
26364.000,-238861034.950
26365.000,-238861430.570
26366.000,-238861667.942
26367.000,-238861430.570
26368.000,-238861114.074
26369.000,-238861114.074
26370.000,-238861430.570
26371.000,-238861588.818
26372.000,-238861430.570
26373.000,-238861034.950
26374.000,-238861034.950
26375.000,-238861430.570
26376.000,-238861667.942
26377.000,-238861430.570
26378.000,-238861114.074
26379.000,-238861034.950
26380.000,-238861351.446
26381.000,-238861667.942
26382.000,-238861430.570
26383.000,-238861114.074
26384.000,-238861034.950
26385.000,-238861430.570
26386.000,-238861667.942
26387.000,-238861430.570
26388.000,-238861034.950
26389.000,-238861034.950
26390.000,-238861430.570
26391.000,-238861667.942
26392.000,-238861430.570
26393.000,-238861114.074
26394.000,-238861034.950
26395.000,-238861430.570
26396.000,-238861667.942
26397.000,-238861430.570
26398.000,-238861114.074
26399.000,-238861034.950
26400.000,-238861430.570
26401.000,-238861667.942
26402.000,-238861430.570
26403.000,-238861034.950
26404.000,-238861034.950
26405.000,-238861430.570
26406.000,-238861667.942
26407.000,-238861430.570
26408.000,-238861114.074
26409.000,-238861034.950
26410.000,-238861430.570
26411.000,-238861667.942
26412.000,-238861430.570
26413.000,-238861034.950
26414.000,-238861034.950
26415.000,-238861430.570
26416.000,-238861667.942
26417.000,-238861430.570
26418.000,-238861114.074
26419.000,-238861034.950
26420.000,-238861430.570
26421.000,-238861588.818
26422.000,-238861430.570
26423.000,-238861114.074
26424.000,-238861034.950
26425.000,-238861430.570
26426.000,-238861667.942
26427.000,-238861430.570
26428.000,-238861034.950
26429.000,-238861034.950
26430.000,-238861430.570
26431.000,-238861667.942
26432.000,-238861430.570
26433.000,-238861114.074
26434.000,-238861114.074
26435.000,-238861430.570
26436.000,-238861667.942
26437.000,-238861430.570
26438.000,-238861034.950
26439.000,-238861034.950
26440.000,-238861430.570
26441.000,-238861667.942
26442.000,-238861430.570
26443.000,-238861114.074
26444.000,-238861034.950
26445.000,-238861430.570
26446.000,-238861588.818
26447.000,-238861430.570
26448.000,-238861114.074
26449.000,-238861114.074
26450.000,-238861430.570
26451.000,-238861667.942
26452.000,-238861430.570
26453.000,-238861034.950
26454.000,-238861034.950
26455.000,-238861430.570
26456.000,-238861667.942
26457.000,-238861430.570
26458.000,-238861114.074
26459.000,-238861114.074
26460.000,-238861430.570
26461.000,-238861667.942
26462.000,-238861430.570
26463.000,-238861034.950
26464.000,-238861034.950
26465.000,-238861430.570
26466.000,-238861667.942
26467.000,-238861509.694
26468.000,-238861114.074
26469.000,-238861034.950
26470.000,-238861430.570
26471.000,-238861588.818
26472.000,-238861430.570
26473.000,-238861034.950
26474.000,-238861034.950
26475.000,-238861430.570
26476.000,-238861667.942
26477.000,-238861430.570
26478.000,-238861114.074
26479.000,-238861034.950
26480.000,-238861351.446
26481.000,-238861667.942
26482.000,-238861430.570
26483.000,-238861114.074
26484.000,-238861114.074
26485.000,-238861430.570
26486.000,-238861667.942
26487.000,-238861430.570
26488.000,-238861034.950
26489.000,-238861034.950
26490.000,-238861430.570
26491.000,-238861667.942
26492.000,-238861430.570
26493.000,-238861114.074
26494.000,-238861034.950
26495.000,-238861430.570
26496.000,-238861667.942
26497.000,-238861430.570
26498.000,-238861114.074
26499.000,-238861034.950
26500.000,-238861430.570
26501.000,-238861667.942
26502.000,-238861430.570
26503.000,-238861114.074
26504.000,-238861034.950
26505.000,-238861430.570
26506.000,-238861667.942
26507.000,-238861430.570
26508.000,-238861114.074
26509.000,-238861034.950
26510.000,-238861430.570
26511.000,-238861667.942
26512.000,-238861430.570
26513.000,-238861034.950
26514.000,-238861034.950
26515.000,-238861430.570
26516.000,-238861667.942
26517.000,-238861430.570
26518.000,-238861114.074
26519.000,-238861034.950
26520.000,-238861351.446
26521.000,-238861588.818
26522.000,-238861430.570
26523.000,-238861114.074
26524.000,-238861114.074
26525.000,-238861430.570
26526.000,-238861667.942
26527.000,-238861430.570
26528.000,-238861114.074
26529.000,-238861034.950
26530.000,-238861351.446
26531.000,-238861667.942
26532.000,-238861430.570
26533.000,-238861114.074
26534.000,-238861114.074
26535.000,-238861430.570
26536.000,-238861667.942
26537.000,-238861430.570
26538.000,-238861034.950
26539.000,-238861034.950
26540.000,-238861430.570
26541.000,-238861667.942
26542.000,-238861509.694
26543.000,-238861114.074
26544.000,-238861034.950
26545.000,-238861430.570
26546.000,-238861588.818
26547.000,-238861430.570
26548.000,-238861034.950
26549.000,-238861034.950
26550.000,-238861430.570
26551.000,-238861667.942
26552.000,-238861430.570
26553.000,-238861114.074
26554.000,-238861034.950
26555.000,-238861430.570
26556.000,-238861667.942
26557.000,-238861430.570
26558.000,-238861114.074
26559.000,-238861114.074
26560.000,-238861430.570
26561.000,-238861667.942
26562.000,-238861430.570
26563.000,-238861034.950
26564.000,-238861034.950
26565.000,-238861430.570
26566.000,-238861667.942
26567.000,-238861430.570
26568.000,-238861114.074
26569.000,-238861034.950
26570.000,-238861430.570
26571.000,-238861667.942
26572.000,-238861430.570
26573.000,-238861114.074
26574.000,-238861034.950
26575.000,-238861430.570
26576.000,-238861667.942
26577.000,-238861430.570
26578.000,-238861114.074
26579.000,-238861034.950
26580.000,-238861351.446
26581.000,-238861667.942
26582.000,-238861430.570
26583.000,-238861114.074
26584.000,-238861114.074
26585.000,-238861430.570
26586.000,-238861667.942
26587.000,-238861430.570
26588.000,-238861034.950
26589.000,-238861034.950
26590.000,-238861430.570
26591.000,-238861667.942
26592.000,-238861430.570
26593.000,-238861114.074
26594.000,-238861034.950
26595.000,-238861430.570
26596.000,-238861588.818
26597.000,-238861430.570
26598.000,-238861034.950
26599.000,-238861034.950
26600.000,-238861430.570
26601.000,-238861667.942
26602.000,-238861430.570
26603.000,-238861114.074
26604.000,-238861034.950
26605.000,-238861351.446
26606.000,-238861588.818
26607.000,-238861430.570
26608.000,-238861114.074
26609.000,-238861114.074
26610.000,-238861430.570
26611.000,-238861667.942
26612.000,-238861430.570
26613.000,-238861034.950
26614.000,-238861034.950
26615.000,-238861430.570
26616.000,-238861667.942
26617.000,-238861430.570
26618.000,-238861114.074
26619.000,-238861034.950
26620.000,-238861430.570
26621.000,-238861667.942
26622.000,-238861430.570
26623.000,-238861034.950
26624.000,-238861034.950
26625.000,-238861430.570
26626.000,-238861667.942
26627.000,-238861430.570
26628.000,-238861114.074
26629.000,-238861034.950
26630.000,-238861351.446
26631.000,-238861667.942
26632.000,-238861430.570
26633.000,-238861114.074
26634.000,-238861034.950
26635.000,-238861430.570
26636.000,-238861667.942
26637.000,-238861430.570
26638.000,-238861034.950
26639.000,-238861034.950
26640.000,-238861430.570
26641.000,-238861667.942
26642.000,-238861430.570
26643.000,-238861114.074
26644.000,-238861034.950
26645.000,-238861430.570
26646.000,-238861667.942
26647.000,-238861430.570
26648.000,-238861114.074
26649.000,-238861034.950
26650.000,-238861430.570
26651.000,-238861667.942
26652.000,-238861430.570
26653.000,-238861114.074
26654.000,-238861034.950
26655.000,-238861351.446
26656.000,-238861667.942
26657.000,-238861430.570
26658.000,-238861114.074
26659.000,-238861114.074
26660.000,-238861430.570
26661.000,-238861667.942
26662.000,-238861430.570
26663.000,-238861034.950
26664.000,-238861034.950
26665.000,-238861430.570
26666.000,-238861667.942
26667.000,-238861430.570
26668.000,-238861114.074
26669.000,-238861034.950
26670.000,-238861430.570
26671.000,-238861667.942
26672.000,-238861430.570
26673.000,-238861034.950
26674.000,-238861034.950
26675.000,-238861430.570
26676.000,-238861667.942
26677.000,-238861430.570
26678.000,-238861114.074
26679.000,-238861034.950
26680.000,-238861351.446
26681.000,-238861667.942
26682.000,-238861430.570
26683.000,-238861114.074
26684.000,-238861034.950
26685.000,-238861430.570
26686.000,-238861667.942
26687.000,-238861430.570
26688.000,-238861034.950
26689.000,-238861034.950
26690.000,-238861430.570
26691.000,-238861667.942
26692.000,-238861430.570
26693.000,-238861114.074
26694.000,-238861034.950
26695.000,-238861430.570
26696.000,-238861667.942
26697.000,-238861430.570
26698.000,-238861114.074
26699.000,-238861034.950
26700.000,-238861430.570
26701.000,-238861667.942
26702.000,-238861430.570
26703.000,-238861114.074
26704.000,-238861034.950
26705.000,-238861430.570
26706.000,-238861667.942
26707.000,-238861430.570
26708.000,-238861114.074
26709.000,-238861114.074
26710.000,-238861430.570
26711.000,-238861667.942
26712.000,-238861430.570
26713.000,-238861034.950
26714.000,-238861034.950
26715.000,-238861430.570
26716.000,-238861667.942
26717.000,-238861430.570
26718.000,-238861114.074
26719.000,-238861034.950
26720.000,-238861430.570
26721.000,-238861667.942
26722.000,-238861430.570
26723.000,-238861114.074
26724.000,-238861034.950
26725.000,-238861430.570
26726.000,-238861667.942
26727.000,-238861430.570
26728.000,-238861114.074
26729.000,-238861034.950
26730.000,-238861351.446
26731.000,-238861667.942
26732.000,-238861430.570
26733.000,-238861114.074
26734.000,-238861034.950
26735.000,-238861430.570
26736.000,-238861667.942
26737.000,-238861430.570
26738.000,-238861034.950
26739.000,-238861034.950
26740.000,-238861430.570
26741.000,-238861667.942
26742.000,-238861430.570
26743.000,-238861114.074
26744.000,-238861034.950
26745.000,-238861430.570
26746.000,-238861588.818
26747.000,-238861430.570
26748.000,-238861034.950
26749.000,-238861034.950
26750.000,-238861430.570
26751.000,-238861667.942
26752.000,-238861430.570
26753.000,-238861114.074
26754.000,-238861034.950
26755.000,-238861351.446
26756.000,-238861667.942
26757.000,-238861430.570
26758.000,-238861114.074
26759.000,-238861114.074
26760.000,-238861430.570
26761.000,-238861667.942
26762.000,-238861430.570
26763.000,-238861034.950
26764.000,-238861034.950
26765.000,-238861430.570
26766.000,-238861667.942
26767.000,-238861430.570
26768.000,-238861114.074
26769.000,-238861034.950
26770.000,-238861430.570
26771.000,-238861667.942
26772.000,-238861430.570
26773.000,-238861034.950
26774.000,-238861034.950
26775.000,-238861430.570
26776.000,-238861667.942
26777.000,-238861430.570
26778.000,-238861114.074
26779.000,-238861034.950
26780.000,-238861430.570
26781.000,-238861667.942
26782.000,-238861430.570
26783.000,-238861114.074
26784.000,-238861034.950
26785.000,-238861430.570
26786.000,-238861667.942
26787.000,-238861430.570
26788.000,-238861114.074
26789.000,-238861034.950
26790.000,-238861430.570
26791.000,-238861667.942
26792.000,-238861430.570
26793.000,-238861114.074
26794.000,-238861034.950
26795.000,-238861430.570
26796.000,-238861667.942
26797.000,-238861430.570
26798.000,-238861114.074
26799.000,-238861034.950
26800.000,-238861430.570
26801.000,-238861667.942
26802.000,-238861430.570
26803.000,-238861114.074
26804.000,-238861034.950
26805.000,-238861351.446
26806.000,-238861667.942
26807.000,-238861430.570
26808.000,-238861114.074
26809.000,-238861034.950
26810.000,-238861430.570
26811.000,-238861667.942
26812.000,-238861430.570
26813.000,-238861034.950
26814.000,-238861034.950
26815.000,-238861430.570
26816.000,-238861667.942
26817.000,-238861509.694
26818.000,-238861114.074
26819.000,-238861034.950
26820.000,-238861430.570
26821.000,-238861588.818
26822.000,-238861430.570
26823.000,-238861114.074
26824.000,-238861034.950
26825.000,-238861430.570
26826.000,-238861667.942
26827.000,-238861430.570
26828.000,-238861114.074
26829.000,-238861034.950
26830.000,-238861351.446
26831.000,-238861588.818
26832.000,-238861430.570
26833.000,-238861114.074
26834.000,-238861034.950
26835.000,-238861430.570
26836.000,-238861667.942
26837.000,-238861430.570
26838.000,-238861034.950
26839.000,-238861034.950
26840.000,-238861351.446
26841.000,-238861667.942
26842.000,-238861430.570
26843.000,-238861114.074
26844.000,-238861034.950
26845.000,-238861351.446
26846.000,-238861588.818
26847.000,-238861430.570
26848.000,-238861034.950
26849.000,-238861034.950
26850.000,-238861430.570
26851.000,-238861667.942
26852.000,-238861430.570
26853.000,-238861114.074
26854.000,-238861034.950
26855.000,-238861351.446
26856.000,-238861588.818
26857.000,-238861430.570
26858.000,-238861114.074
26859.000,-238861114.074
26860.000,-238861430.570
26861.000,-238861667.942
26862.000,-238861430.570
26863.000,-238861034.950
26864.000,-238861034.950
26865.000,-238861351.446
26866.000,-238861667.942
26867.000,-238861430.570
26868.000,-238861114.074
26869.000,-238861034.950
26870.000,-238861430.570
26871.000,-238861667.942
26872.000,-238861430.570
26873.000,-238861034.950
26874.000,-238861034.950
26875.000,-238861430.570
26876.000,-238861667.942
26877.000,-238861509.694
26878.000,-238861114.074
26879.000,-238861034.950
26880.000,-238861351.446
26881.000,-238861588.818
26882.000,-238861430.570
26883.000,-238861114.074
26884.000,-238861034.950
26885.000,-238861430.570
26886.000,-238861667.942
26887.000,-238861430.570
26888.000,-238861114.074
26889.000,-238861034.950
26890.000,-238861351.446
26891.000,-238861667.942
26892.000,-238861430.570
26893.000,-238861114.074
26894.000,-238861034.950
26895.000,-238861430.570
26896.000,-238861667.942
26897.000,-238861430.570
26898.000,-238861114.074
26899.000,-238861034.950
26900.000,-238861430.570
26901.000,-238861667.942
26902.000,-238861430.570
26903.000,-238861114.074
26904.000,-238861034.950
26905.000,-238861351.446
26906.000,-238861588.818
26907.000,-238861430.570
26908.000,-238861114.074
26909.000,-238861034.950
26910.000,-238861430.570
26911.000,-238861667.942
26912.000,-238861430.570
26913.000,-238861034.950
26914.000,-238861034.950
26915.000,-238861430.570
26916.000,-238861667.942
26917.000,-238861430.570
26918.000,-238861114.074
26919.000,-238861034.950
26920.000,-238861430.570
26921.000,-238861667.942
26922.000,-238861430.570
26923.000,-238861114.074
26924.000,-238861034.950
26925.000,-238861430.570
26926.000,-238861667.942
26927.000,-238861430.570
26928.000,-238861114.074
26929.000,-238861034.950
26930.000,-238861351.446
26931.000,-238861588.818
26932.000,-238861430.570
26933.000,-238861114.074
26934.000,-238861114.074
26935.000,-238861430.570
26936.000,-238861667.942
26937.000,-238861430.570
26938.000,-238861034.950
26939.000,-238861034.950
26940.000,-238861351.446
26941.000,-238861667.942
26942.000,-238861430.570
26943.000,-238861114.074
26944.000,-238861034.950
26945.000,-238861430.570
26946.000,-238861588.818
26947.000,-238861430.570
26948.000,-238861034.950
26949.000,-238861034.950
26950.000,-238861430.570
26951.000,-238861667.942
26952.000,-238861509.694
26953.000,-238861114.074
26954.000,-238861034.950
26955.000,-238861351.446
26956.000,-238861588.818
26957.000,-238861430.570
26958.000,-238861114.074
26959.000,-238861114.074
26960.000,-238861430.570
26961.000,-238861667.942
26962.000,-238861430.570
26963.000,-238861034.950
26964.000,-238861034.950
26965.000,-238861351.446
26966.000,-238861667.942
26967.000,-238861430.570
26968.000,-238861114.074
26969.000,-238861034.950
26970.000,-238861430.570
26971.000,-238861667.942
26972.000,-238861430.570
26973.000,-238861114.074
26974.000,-238861034.950
26975.000,-238861430.570
26976.000,-238861667.942
26977.000,-238861430.570
26978.000,-238861114.074
26979.000,-238861034.950
26980.000,-238861351.446
26981.000,-238861667.942
26982.000,-238861430.570
26983.000,-238861114.074
26984.000,-238861034.950
26985.000,-238861430.570
26986.000,-238861667.942
26987.000,-238861430.570
26988.000,-238861034.950
26989.000,-238861034.950
26990.000,-238861351.446
26991.000,-238861667.942
26992.000,-238861430.570
26993.000,-238861114.074
26994.000,-238861034.950
26995.000,-238861430.570
26996.000,-238861667.942
26997.000,-238861430.570
26998.000,-238861114.074
26999.000,-238861034.950
27000.000,-238861430.570
27001.000,-238861667.942
27002.000,-238861430.570
27003.000,-238861114.074
27004.000,-238861034.950
27005.000,-238861351.446
27006.000,-238861588.818
27007.000,-238861430.570
27008.000,-238861114.074
27009.000,-238861114.074
27010.000,-238861430.570
27011.000,-238861667.942
27012.000,-238861430.570
27013.000,-238861034.950
27014.000,-238861034.950
27015.000,-238861351.446
27016.000,-238861667.942
27017.000,-238861509.694
27018.000,-238861114.074
27019.000,-238861034.950
27020.000,-238861430.570
27021.000,-238861588.818
27022.000,-238861430.570
27023.000,-238861034.950
27024.000,-238861034.950
27025.000,-238861430.570
27026.000,-238861667.942
27027.000,-238861509.694
27028.000,-238861114.074
27029.000,-238861034.950
27030.000,-238861351.446
27031.000,-238861588.818
27032.000,-238861430.570
27033.000,-238861114.074
27034.000,-238861114.074
27035.000,-238861430.570
27036.000,-238861667.942
27037.000,-238861430.570
27038.000,-238861034.950
27039.000,-238861034.950
27040.000,-238861351.446
27041.000,-238861667.942
27042.000,-238861430.570
27043.000,-238861114.074
27044.000,-238861034.950
27045.000,-238861430.570
27046.000,-238861588.818
27047.000,-238861430.570
27048.000,-238861034.950
27049.000,-238861034.950
27050.000,-238861430.570
27051.000,-238861667.942
27052.000,-238861430.570
27053.000,-238861114.074
27054.000,-238861034.950
27055.000,-238861351.446
27056.000,-238861588.818
27057.000,-238861430.570
27058.000,-238861114.074
27059.000,-238861114.074
27060.000,-238861430.570
27061.000,-238861667.942
27062.000,-238861430.570
27063.000,-238861034.950
27064.000,-238861034.950
27065.000,-238861351.446
27066.000,-238861667.942
27067.000,-238861509.694
27068.000,-238861114.074
27069.000,-238861034.950
27070.000,-238861430.570
27071.000,-238861588.818
27072.000,-238861430.570
27073.000,-238861034.950
27074.000,-238861034.950
27075.000,-238861430.570
27076.000,-238861667.942
27077.000,-238861509.694
27078.000,-238861114.074
27079.000,-238861034.950
27080.000,-238861351.446
27081.000,-238861588.818
27082.000,-238861430.570
27083.000,-238861114.074
27084.000,-238861114.074
27085.000,-238861430.570
27086.000,-238861667.942
27087.000,-238861430.570
27088.000,-238861034.950
27089.000,-238861034.950
27090.000,-238861351.446
27091.000,-238861667.942
27092.000,-238861509.694
27093.000,-238861114.074
27094.000,-238861034.950
27095.000,-238861430.570
27096.000,-238861588.818
27097.000,-238861430.570
27098.000,-238861034.950
27099.000,-238861034.950
27100.000,-238861430.570
27101.000,-238861667.942
27102.000,-238861509.694
27103.000,-238861114.074
27104.000,-238861034.950
27105.000,-238861351.446
27106.000,-238861588.818
27107.000,-238861430.570
27108.000,-238861114.074
27109.000,-238861114.074
27110.000,-238861430.570
27111.000,-238861667.942
27112.000,-238861430.570
27113.000,-238861034.950
27114.000,-238861034.950
27115.000,-238861351.446
27116.000,-238861667.942
27117.000,-238861509.694
27118.000,-238861114.074
27119.000,-238861114.074
27120.000,-238861430.570
27121.000,-238861588.818
27122.000,-238861430.570
27123.000,-238861114.074
27124.000,-238861034.950
27125.000,-238861430.570
27126.000,-238861667.942
27127.000,-238861509.694
27128.000,-238861114.074
27129.000,-238861034.950
27130.000,-238861351.446
27131.000,-238861588.818
27132.000,-238861430.570
27133.000,-238861114.074
27134.000,-238861114.074
27135.000,-238861430.570
27136.000,-238861667.942
27137.000,-238861430.570
27138.000,-238861114.074
27139.000,-238861034.950
27140.000,-238861351.446
27141.000,-238861667.942
27142.000,-238861509.694
27143.000,-238861114.074
27144.000,-238861034.950
27145.000,-238861430.570
27146.000,-238861588.818
27147.000,-238861430.570
27148.000,-238861114.074
27149.000,-238861034.950
27150.000,-238861430.570
27151.000,-238861667.942
27152.000,-238861509.694
27153.000,-238861114.074
27154.000,-238861034.950
27155.000,-238861351.446
27156.000,-238861588.818
27157.000,-238861430.570
27158.000,-238861114.074
27159.000,-238861034.950
27160.000,-238861430.570
27161.000,-238861667.942
27162.000,-238861430.570
27163.000,-238861114.074
27164.000,-238861034.950
27165.000,-238861351.446
27166.000,-238861667.942
27167.000,-238861509.694
27168.000,-238861114.074
27169.000,-238861034.950
27170.000,-238861430.570
27171.000,-238861667.942
27172.000,-238861430.570
27173.000,-238861114.074
27174.000,-238861034.950
27175.000,-238861430.570
27176.000,-238861667.942
27177.000,-238861509.694
27178.000,-238861114.074
27179.000,-238861034.950
27180.000,-238861351.446
27181.000,-238861588.818
27182.000,-238861430.570
27183.000,-238861114.074
27184.000,-238861114.074
27185.000,-238861430.570
27186.000,-238861667.942
27187.000,-238861430.570
27188.000,-238861114.074
27189.000,-238861034.950
27190.000,-238861351.446
27191.000,-238861667.942
27192.000,-238861509.694
27193.000,-238861114.074
27194.000,-238861034.950
27195.000,-238861351.446
27196.000,-238861588.818
27197.000,-238861430.570
27198.000,-238861114.074
27199.000,-238861034.950
27200.000,-238861430.570
27201.000,-238861667.942
27202.000,-238861509.694
27203.000,-238861114.074
27204.000,-238861034.950
27205.000,-238861351.446
27206.000,-238861588.818
27207.000,-238861430.570
27208.000,-238861114.074
27209.000,-238861114.074
27210.000,-238861430.570
27211.000,-238861667.942
27212.000,-238861430.570
27213.000,-238861034.950
27214.000,-238861034.950
27215.000,-238861351.446
27216.000,-238861667.942
27217.000,-238861509.694
27218.000,-238861114.074
27219.000,-238861034.950
27220.000,-238861430.570
27221.000,-238861588.818
27222.000,-238861430.570
27223.000,-238861114.074
27224.000,-238861034.950
27225.000,-238861430.570
27226.000,-238861667.942
27227.000,-238861509.694
27228.000,-238861114.074
27229.000,-238861034.950
27230.000,-238861351.446
27231.000,-238861588.818
27232.000,-238861430.570
27233.000,-238861114.074
27234.000,-238861114.074
27235.000,-238861430.570
27236.000,-238861667.942
27237.000,-238861430.570
27238.000,-238861114.074
27239.000,-238861034.950
27240.000,-238861351.446
27241.000,-238861667.942
27242.000,-238861509.694
27243.000,-238861114.074
27244.000,-238861034.950
27245.000,-238861430.570
27246.000,-238861667.942
27247.000,-238861430.570
27248.000,-238861114.074
27249.000,-238861034.950
27250.000,-238861430.570
27251.000,-238861667.942
27252.000,-238861509.694
27253.000,-238861114.074
27254.000,-238861034.950
27255.000,-238861351.446
27256.000,-238861667.942
27257.000,-238861430.570
27258.000,-238861114.074
27259.000,-238861034.950
27260.000,-238861430.570
27261.000,-238861667.942
27262.000,-238861430.570
27263.000,-238861114.074
27264.000,-238861034.950
27265.000,-238861351.446
27266.000,-238861667.942
27267.000,-238861509.694
27268.000,-238861114.074
27269.000,-238861034.950
27270.000,-238861430.570
27271.000,-238861667.942
27272.000,-238861430.570
27273.000,-238861114.074
27274.000,-238861034.950
27275.000,-238861430.570
27276.000,-238861667.942
27277.000,-238861430.570
27278.000,-238861114.074
27279.000,-238861034.950
27280.000,-238861351.446
27281.000,-238861667.942
27282.000,-238861430.570
27283.000,-238861114.074
27284.000,-238861114.074
27285.000,-238861430.570
27286.000,-238861667.942
27287.000,-238861430.570
27288.000,-238861114.074
27289.000,-238861034.950
27290.000,-238861430.570
27291.000,-238861667.942
27292.000,-238861509.694
27293.000,-238861114.074
27294.000,-238861034.950
27295.000,-238861351.446
27296.000,-238861588.818
27297.000,-238861430.570
27298.000,-238861114.074
27299.000,-238861034.950
27300.000,-238861430.570
27301.000,-238861667.942
27302.000,-238861430.570
27303.000,-238861114.074
27304.000,-238861034.950
27305.000,-238861351.446
27306.000,-238861667.942
27307.000,-238861430.570
27308.000,-238861114.074
27309.000,-238861114.074
27310.000,-238861430.570
27311.000,-238861667.942
27312.000,-238861430.570
27313.000,-238861034.950
27314.000,-238861034.950
27315.000,-238861351.446
27316.000,-238861667.942
27317.000,-238861509.694
27318.000,-238861114.074
27319.000,-238861034.950
27320.000,-238861351.446
27321.000,-238861588.818
27322.000,-238861430.570
27323.000,-238861114.074
27324.000,-238861034.950
27325.000,-238861430.570
27326.000,-238861667.942
27327.000,-238861509.694
27328.000,-238861114.074
27329.000,-238861034.950
27330.000,-238861351.446
27331.000,-238861588.818
27332.000,-238861430.570
27333.000,-238861114.074
27334.000,-238861114.074
27335.000,-238861430.570
27336.000,-238861667.942
27337.000,-238861430.570
27338.000,-238861034.950
27339.000,-238861034.950
27340.000,-238861351.446
27341.000,-238861667.942
27342.000,-238861509.694
27343.000,-238861114.074
27344.000,-238861034.950
27345.000,-238861430.570
27346.000,-238861667.942
27347.000,-238861430.570
27348.000,-238861114.074
27349.000,-238861034.950
27350.000,-238861430.570
27351.000,-238861667.942
27352.000,-238861509.694
27353.000,-238861114.074
27354.000,-238861034.950
27355.000,-238861351.446
27356.000,-238861667.942
27357.000,-238861430.570
27358.000,-238861114.074
27359.000,-238861034.950
27360.000,-238861430.570
27361.000,-238861667.942
27362.000,-238861430.570
27363.000,-238861114.074
27364.000,-238861034.950
27365.000,-238861351.446
27366.000,-238861667.942
27367.000,-238861509.694
27368.000,-238861114.074
27369.000,-238861034.950
27370.000,-238861351.446
27371.000,-238861588.818
27372.000,-238861430.570
27373.000,-238861114.074
27374.000,-238861034.950
27375.000,-238861430.570
27376.000,-238861667.942
27377.000,-238861509.694
27378.000,-238861114.074
27379.000,-238861034.950
27380.000,-238861351.446
27381.000,-238861667.942
27382.000,-238861430.570
27383.000,-238861114.074
27384.000,-238861114.074
27385.000,-238861430.570
27386.000,-238861667.942
27387.000,-238861430.570
27388.000,-238861034.950
27389.000,-238861034.950
27390.000,-238861351.446
27391.000,-238861667.942
27392.000,-238861509.694
27393.000,-238861114.074
27394.000,-238861034.950
27395.000,-238861351.446
27396.000,-238861588.818
27397.000,-238861430.570
27398.000,-238861114.074
27399.000,-238861034.950
27400.000,-238861430.570
27401.000,-238861667.942
27402.000,-238861509.694
27403.000,-238861114.074
27404.000,-238861034.950
27405.000,-238861351.446
27406.000,-238861667.942
27407.000,-238861430.570
27408.000,-238861114.074
27409.000,-238861114.074
27410.000,-238861430.570
27411.000,-238861667.942
27412.000,-238861430.570
27413.000,-238861034.950
27414.000,-238861034.950
27415.000,-238861351.446
27416.000,-238861667.942
27417.000,-238861509.694
27418.000,-238861114.074
27419.000,-238861034.950
27420.000,-238861351.446
27421.000,-238861588.818
27422.000,-238861430.570
27423.000,-238861114.074
27424.000,-238861034.950
27425.000,-238861430.570
27426.000,-238861667.942
27427.000,-238861509.694
27428.000,-238861114.074
27429.000,-238861034.950
27430.000,-238861351.446
27431.000,-238861588.818
27432.000,-238861430.570
27433.000,-238861114.074
27434.000,-238861114.074
27435.000,-238861430.570
27436.000,-238861667.942
27437.000,-238861430.570
27438.000,-238861114.074
27439.000,-238861034.950
27440.000,-238861351.446
27441.000,-238861667.942
27442.000,-238861509.694
27443.000,-238861114.074
27444.000,-238861034.950
27445.000,-238861351.446
27446.000,-238861588.818
27447.000,-238861430.570
27448.000,-238861114.074
27449.000,-238861034.950
27450.000,-238861430.570
27451.000,-238861667.942
27452.000,-238861509.694
27453.000,-238861114.074
27454.000,-238861034.950
27455.000,-238861351.446
27456.000,-238861588.818
27457.000,-238861430.570
27458.000,-238861114.074
27459.000,-238861114.074
27460.000,-238861430.570
27461.000,-238861667.942
27462.000,-238861430.570
27463.000,-238861114.074
27464.000,-238861034.950
27465.000,-238861351.446
27466.000,-238861667.942
27467.000,-238861509.694
27468.000,-238861114.074
27469.000,-238861034.950
27470.000,-238861351.446
27471.000,-238861588.818
27472.000,-238861430.570
27473.000,-238861114.074
27474.000,-238861034.950
27475.000,-238861430.570
27476.000,-238861667.942
27477.000,-238861509.694
27478.000,-238861114.074
27479.000,-238861034.950
27480.000,-238861351.446
27481.000,-238861588.818
27482.000,-238861430.570
27483.000,-238861114.074
27484.000,-238861114.074
27485.000,-238861430.570
27486.000,-238861667.942
27487.000,-238861430.570
27488.000,-238861114.074
27489.000,-238861034.950
27490.000,-238861351.446
27491.000,-238861667.942
27492.000,-238861509.694
27493.000,-238861114.074
27494.000,-238861034.950
27495.000,-238861430.570
27496.000,-238861667.942
27497.000,-238861430.570
27498.000,-238861114.074
27499.000,-238861034.950
27500.000,-238861430.570
27501.000,-238861667.942
27502.000,-238861509.694
27503.000,-238861114.074
27504.000,-238861034.950
27505.000,-238861351.446
27506.000,-238861667.942
27507.000,-238861430.570
27508.000,-238861114.074
27509.000,-238861034.950
27510.000,-238861430.570
27511.000,-238861667.942
27512.000,-238861430.570
27513.000,-238861114.074
27514.000,-238861034.950
27515.000,-238861351.446
27516.000,-238861667.942
27517.000,-238861509.694
27518.000,-238861114.074
27519.000,-238861034.950
27520.000,-238861351.446
27521.000,-238861588.818
27522.000,-238861430.570
27523.000,-238861114.074
27524.000,-238861034.950
27525.000,-238861430.570
27526.000,-238861667.942
27527.000,-238861509.694
27528.000,-238861114.074
27529.000,-238861034.950
27530.000,-238861351.446
27531.000,-238861588.818
27532.000,-238861430.570
27533.000,-238861114.074
27534.000,-238861114.074
27535.000,-238861430.570
27536.000,-238861667.942
27537.000,-238861430.570
27538.000,-238861114.074
27539.000,-238861034.950
27540.000,-238861351.446
27541.000,-238861667.942
27542.000,-238861509.694
27543.000,-238861114.074
27544.000,-238861034.950
27545.000,-238861351.446
27546.000,-238861667.942
27547.000,-238861430.570
27548.000,-238861114.074
27549.000,-238861034.950
27550.000,-238861430.570
27551.000,-238861667.942
27552.000,-238861509.694
27553.000,-238861114.074
27554.000,-238861034.950
27555.000,-238861351.446
27556.000,-238861667.942
27557.000,-238861430.570
27558.000,-238861114.074
27559.000,-238861114.074
27560.000,-238861430.570
27561.000,-238861667.942
27562.000,-238861430.570
27563.000,-238861114.074
27564.000,-238861034.950
27565.000,-238861351.446
27566.000,-238861667.942
27567.000,-238861509.694
27568.000,-238861114.074
27569.000,-238861034.950
27570.000,-238861351.446
27571.000,-238861588.818
27572.000,-238861430.570
27573.000,-238861114.074
27574.000,-238861034.950
27575.000,-238861430.570
27576.000,-238861667.942
27577.000,-238861509.694
27578.000,-238861114.074
27579.000,-238861034.950
27580.000,-238861351.446
27581.000,-238861667.942
27582.000,-238861430.570
27583.000,-238861114.074
27584.000,-238861114.074
27585.000,-238861430.570
27586.000,-238861667.942
27587.000,-238861430.570
27588.000,-238861114.074
27589.000,-238861034.950
27590.000,-238861351.446
27591.000,-238861667.942
27592.000,-238861509.694
27593.000,-238861114.074
27594.000,-238861034.950
27595.000,-238861351.446
27596.000,-238861667.942
27597.000,-238861430.570
27598.000,-238861114.074
27599.000,-238861034.950
27600.000,-238861430.570
27601.000,-238861667.942
27602.000,-238861509.694
27603.000,-238861114.074
27604.000,-238861034.950
27605.000,-238861351.446
27606.000,-238861667.942
27607.000,-238861430.570
27608.000,-238861114.074
27609.000,-238861034.950
27610.000,-238861430.570
27611.000,-238861667.942
27612.000,-238861430.570
27613.000,-238861114.074
27614.000,-238861034.950
27615.000,-238861351.446
27616.000,-238861667.942
27617.000,-238861509.694
27618.000,-238861114.074
27619.000,-238861034.950
27620.000,-238861351.446
27621.000,-238861588.818
27622.000,-238861430.570
27623.000,-238861114.074
27624.000,-238861034.950
27625.000,-238861430.570
27626.000,-238861667.942
27627.000,-238861509.694
27628.000,-238861114.074
27629.000,-238861034.950
27630.000,-238861351.446
27631.000,-238861667.942
27632.000,-238861430.570
27633.000,-238861114.074
27634.000,-238861034.950
27635.000,-238861430.570
27636.000,-238861667.942
27637.000,-238861430.570
27638.000,-238861114.074
27639.000,-238861034.950
27640.000,-238861351.446
27641.000,-238861667.942
27642.000,-238861509.694
27643.000,-238861114.074
27644.000,-238861034.950
27645.000,-238861351.446
27646.000,-238861588.818
27647.000,-238861430.570
27648.000,-238861114.074
27649.000,-238861034.950
27650.000,-238861430.570
27651.000,-238861667.942
27652.000,-238861509.694
27653.000,-238861114.074
27654.000,-238861034.950
27655.000,-238861351.446
27656.000,-238861667.942
27657.000,-238861430.570
27658.000,-238861114.074
27659.000,-238861034.950
27660.000,-238861430.570
27661.000,-238861667.942
27662.000,-238861430.570
27663.000,-238861114.074
27664.000,-238861034.950
27665.000,-238861351.446
27666.000,-238861667.942
27667.000,-238861509.694
27668.000,-238861114.074
27669.000,-238861034.950
27670.000,-238861351.446
27671.000,-238861667.942
27672.000,-238861430.570
27673.000,-238861114.074
27674.000,-238861034.950
27675.000,-238861430.570
27676.000,-238861667.942
27677.000,-238861509.694
27678.000,-238861114.074
27679.000,-238861034.950
27680.000,-238861351.446
27681.000,-238861588.818
27682.000,-238861430.570
27683.000,-238861114.074
27684.000,-238861034.950
27685.000,-238861430.570
27686.000,-238861667.942
27687.000,-238861430.570
27688.000,-238861114.074
27689.000,-238861034.950
27690.000,-238861351.446
27691.000,-238861667.942
27692.000,-238861509.694
27693.000,-238861114.074
27694.000,-238861034.950
27695.000,-238861351.446
27696.000,-238861667.942
27697.000,-238861430.570
27698.000,-238861114.074
27699.000,-238861034.950
27700.000,-238861430.570
27701.000,-238861667.942
27702.000,-238861509.694
27703.000,-238861114.074
27704.000,-238861034.950
27705.000,-238861351.446
27706.000,-238861667.942
27707.000,-238861430.570
27708.000,-238861114.074
27709.000,-238861034.950
27710.000,-238861430.570
27711.000,-238861667.942
27712.000,-238861430.570
27713.000,-238861114.074
27714.000,-238861034.950
27715.000,-238861351.446
27716.000,-238861667.942
27717.000,-238861509.694
27718.000,-238861114.074
27719.000,-238861034.950
27720.000,-238861351.446
27721.000,-238861667.942
27722.000,-238861430.570
27723.000,-238861114.074
27724.000,-238861034.950
27725.000,-238861430.570
27726.000,-238861667.942
27727.000,-238861509.694
27728.000,-238861114.074
27729.000,-238861034.950
27730.000,-238861351.446
27731.000,-238861588.818
27732.000,-238861430.570
27733.000,-238861114.074
27734.000,-238861034.950
27735.000,-238861430.570
27736.000,-238861667.942
27737.000,-238861430.570
27738.000,-238861114.074
27739.000,-238861034.950
27740.000,-238861351.446
27741.000,-238861667.942
27742.000,-238861509.694
27743.000,-238861114.074
27744.000,-238861034.950
27745.000,-238861430.570
27746.000,-238861667.942
27747.000,-238861430.570
27748.000,-238861114.074
27749.000,-238861034.950
27750.000,-238861430.570
27751.000,-238861667.942
27752.000,-238861509.694
27753.000,-238861114.074
27754.000,-238861034.950
27755.000,-238861351.446
27756.000,-238861667.942
27757.000,-238861430.570
27758.000,-238861114.074
27759.000,-238861034.950
27760.000,-238861430.570
27761.000,-238861667.942
27762.000,-238861430.570
27763.000,-238861114.074
27764.000,-238861034.950
27765.000,-238861351.446
27766.000,-238861667.942
27767.000,-238861509.694
27768.000,-238861114.074
27769.000,-238861034.950
27770.000,-238861351.446
27771.000,-238861667.942
27772.000,-238861430.570
27773.000,-238861114.074
27774.000,-238861034.950
27775.000,-238861430.570
27776.000,-238861667.942
27777.000,-238861509.694
27778.000,-238861114.074
27779.000,-238861034.950
27780.000,-238861351.446
27781.000,-238861667.942
27782.000,-238861430.570
27783.000,-238861114.074
27784.000,-238861034.950
27785.000,-238861430.570
27786.000,-238861667.942
27787.000,-238861430.570
27788.000,-238861114.074
27789.000,-238861034.950
27790.000,-238861351.446
27791.000,-238861667.942
27792.000,-238861509.694
27793.000,-238861114.074
27794.000,-238861034.950
27795.000,-238861351.446
27796.000,-238861667.942
27797.000,-238861430.570
27798.000,-238861114.074
27799.000,-238861034.950
27800.000,-238861430.570
27801.000,-238861667.942
27802.000,-238861509.694
27803.000,-238861114.074
27804.000,-238861034.950
27805.000,-238861351.446
27806.000,-238861667.942
27807.000,-238861430.570
27808.000,-238861114.074
27809.000,-238861034.950
27810.000,-238861430.570
27811.000,-238861667.942
27812.000,-238861509.694
27813.000,-238861114.074
27814.000,-238861034.950
27815.000,-238861351.446
27816.000,-238861667.942
27817.000,-238861509.694
27818.000,-238861114.074
27819.000,-238861034.950
27820.000,-238861351.446
27821.000,-238861667.942
27822.000,-238861430.570
27823.000,-238861114.074
27824.000,-238861034.950
27825.000,-238861430.570
27826.000,-238861667.942
27827.000,-238861509.694
27828.000,-238861114.074
27829.000,-238861034.950
27830.000,-238861351.446
27831.000,-238861667.942
27832.000,-238861430.570
27833.000,-238861114.074
27834.000,-238861034.950
27835.000,-238861430.570
27836.000,-238861667.942
27837.000,-238861430.570
27838.000,-238861114.074
27839.000,-238861034.950
27840.000,-238861351.446
27841.000,-238861667.942
27842.000,-238861509.694
27843.000,-238861114.074
27844.000,-238861034.950
27845.000,-238861351.446
27846.000,-238861667.942
27847.000,-238861430.570
27848.000,-238861114.074
27849.000,-238861034.950
27850.000,-238861430.570
27851.000,-238861667.942
27852.000,-238861509.694
27853.000,-238861114.074
27854.000,-238861034.950
27855.000,-238861351.446
27856.000,-238861667.942
27857.000,-238861509.694
27858.000,-238861114.074
27859.000,-238861114.074
27860.000,-238861430.570
27861.000,-238861667.942
27862.000,-238861430.570
27863.000,-238861114.074
27864.000,-238861034.950
27865.000,-238861351.446
27866.000,-238861667.942
27867.000,-238861509.694
27868.000,-238861114.074
27869.000,-238861114.074
27870.000,-238861351.446
27871.000,-238861667.942
27872.000,-238861430.570
27873.000,-238861114.074
27874.000,-238861034.950
27875.000,-238861430.570
27876.000,-238861667.942
27877.000,-238861509.694
27878.000,-238861114.074
27879.000,-238861034.950
27880.000,-238861351.446
27881.000,-238861588.818
27882.000,-238861430.570
27883.000,-238861114.074
27884.000,-238861034.950
27885.000,-238861430.570
27886.000,-238861667.942
27887.000,-238861430.570
27888.000,-238861114.074
27889.000,-238861034.950
27890.000,-238861351.446
27891.000,-238861667.942
27892.000,-238861509.694
27893.000,-238861114.074
27894.000,-238861114.074
27895.000,-238861430.570
27896.000,-238861667.942
27897.000,-238861430.570
27898.000,-238861114.074
27899.000,-238861034.950
27900.000,-238861351.446
27901.000,-238861667.942
27902.000,-238861509.694
27903.000,-238861114.074
27904.000,-238861034.950
27905.000,-238861430.570
27906.000,-238861667.942
27907.000,-238861430.570
27908.000,-238861114.074
27909.000,-238861034.950
27910.000,-238861430.570
27911.000,-238861667.942
27912.000,-238861509.694
27913.000,-238861114.074
27914.000,-238861034.950
27915.000,-238861351.446
27916.000,-238861667.942
27917.000,-238861430.570
27918.000,-238861114.074
27919.000,-238861034.950
27920.000,-238861351.446
27921.000,-238861588.818
27922.000,-238861430.570
27923.000,-238861114.074
27924.000,-238861034.950
27925.000,-238861430.570
27926.000,-238861667.942
27927.000,-238861509.694
27928.000,-238861114.074
27929.000,-238861034.950
27930.000,-238861351.446
27931.000,-238861667.942
27932.000,-238861509.694
27933.000,-238861114.074
27934.000,-238861114.074
27935.000,-238861430.570
27936.000,-238861667.942
27937.000,-238861430.570
27938.000,-238861034.950
27939.000,-238861034.950
27940.000,-238861351.446
27941.000,-238861667.942
27942.000,-238861509.694
27943.000,-238861193.198
27944.000,-238861114.074
27945.000,-238861430.570
27946.000,-238861667.942
27947.000,-238861430.570
27948.000,-238861114.074
27949.000,-238861034.950
27950.000,-238861430.570
27951.000,-238861667.942
27952.000,-238861509.694
27953.000,-238861114.074
27954.000,-238861034.950
27955.000,-238861351.446
27956.000,-238861588.818
27957.000,-238861430.570
27958.000,-238861114.074
27959.000,-238861034.950
27960.000,-238861430.570
27961.000,-238861667.942
27962.000,-238861509.694
27963.000,-238861114.074
27964.000,-238861034.950
27965.000,-238861351.446
27966.000,-238861667.942
27967.000,-238861509.694
27968.000,-238861114.074
27969.000,-238861114.074
27970.000,-238861351.446
27971.000,-238861667.942
27972.000,-238861430.570
27973.000,-238861034.950
27974.000,-238861034.950
27975.000,-238861430.570
27976.000,-238861667.942
27977.000,-238861509.694
27978.000,-238861114.074
27979.000,-238861034.950
27980.000,-238861351.446
27981.000,-238861667.942
27982.000,-238861430.570
27983.000,-238861114.074
27984.000,-238861034.950
27985.000,-238861430.570
27986.000,-238861667.942
27987.000,-238861509.694
27988.000,-238861114.074
27989.000,-238861034.950
27990.000,-238861351.446
27991.000,-238861667.942
27992.000,-238861509.694
27993.000,-238861114.074
27994.000,-238861114.074
27995.000,-238861430.570
27996.000,-238861667.942
27997.000,-238861430.570
27998.000,-238861114.074
27999.000,-238861034.950
28000.000,-238861430.570
28001.000,-238861667.942
28002.000,-238861509.694
28003.000,-238861114.074
28004.000,-238861034.950
28005.000,-238861351.446
28006.000,-238861667.942
28007.000,-238861430.570
28008.000,-238861114.074
28009.000,-238861034.950
28010.000,-238861430.570
28011.000,-238861667.942
28012.000,-238861509.694
28013.000,-238861114.074
28014.000,-238861034.950
28015.000,-238861351.446
28016.000,-238861667.942
28017.000,-238861509.694
28018.000,-238861114.074
28019.000,-238861034.950
28020.000,-238861351.446
28021.000,-238861667.942
28022.000,-238861430.570
28023.000,-238861114.074
28024.000,-238861034.950
28025.000,-238861351.446
28026.000,-238861667.942
28027.000,-238861509.694
28028.000,-238861114.074
28029.000,-238861034.950
28030.000,-238861351.446
28031.000,-238861667.942
28032.000,-238861509.694
28033.000,-238861114.074
28034.000,-238861034.950
28035.000,-238861430.570
28036.000,-238861667.942
28037.000,-238861430.570
28038.000,-238861114.074
28039.000,-238861034.950
28040.000,-238861351.446
28041.000,-238861667.942
28042.000,-238861509.694
28043.000,-238861114.074
28044.000,-238861034.950
28045.000,-238861351.446
28046.000,-238861588.818
28047.000,-238861430.570
28048.000,-238861114.074
28049.000,-238861034.950
28050.000,-238861430.570
28051.000,-238861667.942
28052.000,-238861509.694
28053.000,-238861114.074
28054.000,-238861034.950
28055.000,-238861351.446
28056.000,-238861588.818
28057.000,-238861430.570
28058.000,-238861114.074
28059.000,-238861034.950
28060.000,-238861430.570
28061.000,-238861667.942
28062.000,-238861509.694
28063.000,-238861114.074
28064.000,-238861034.950
28065.000,-238861351.446
28066.000,-238861667.942
28067.000,-238861509.694
28068.000,-238861114.074
28069.000,-238861034.950
28070.000,-238861351.446
28071.000,-238861667.942
28072.000,-238861430.570
28073.000,-238861114.074
28074.000,-238861034.950
28075.000,-238861351.446
28076.000,-238861667.942
28077.000,-238861509.694
28078.000,-238861114.074
28079.000,-238861034.950
28080.000,-238861351.446
28081.000,-238861667.942
28082.000,-238861430.570
28083.000,-238861114.074
28084.000,-238861034.950
28085.000,-238861430.570
28086.000,-238861667.942
28087.000,-238861509.694
28088.000,-238861114.074
28089.000,-238861034.950
28090.000,-238861351.446
28091.000,-238861667.942
28092.000,-238861509.694
28093.000,-238861114.074
28094.000,-238861034.950
28095.000,-238861430.570
28096.000,-238861667.942
28097.000,-238861430.570
28098.000,-238861114.074
28099.000,-238861034.950
28100.000,-238861430.570
28101.000,-238861667.942
28102.000,-238861509.694
28103.000,-238861114.074
28104.000,-238861034.950
28105.000,-238861351.446
28106.000,-238861667.942
28107.000,-238861430.570
28108.000,-238861114.074
28109.000,-238861034.950
28110.000,-238861430.570
28111.000,-238861667.942
28112.000,-238861509.694
28113.000,-238861114.074
28114.000,-238861034.950
28115.000,-238861351.446
28116.000,-238861667.942
28117.000,-238861509.694
28118.000,-238861114.074
28119.000,-238861034.950
28120.000,-238861351.446
28121.000,-238861667.942
28122.000,-238861430.570
28123.000,-238861114.074
28124.000,-238861034.950
28125.000,-238861351.446
28126.000,-238861667.942
28127.000,-238861509.694
28128.000,-238861114.074
28129.000,-238861034.950
28130.000,-238861351.446
28131.000,-238861588.818
28132.000,-238861430.570
28133.000,-238861114.074
28134.000,-238861034.950
28135.000,-238861430.570
28136.000,-238861667.942
28137.000,-238861509.694
28138.000,-238861114.074
28139.000,-238861034.950
28140.000,-238861351.446
28141.000,-238861667.942
28142.000,-238861509.694
28143.000,-238861114.074
28144.000,-238861034.950
28145.000,-238861430.570
28146.000,-238861667.942
28147.000,-238861430.570
28148.000,-238861114.074
28149.000,-238861034.950
28150.000,-238861430.570
28151.000,-238861667.942
28152.000,-238861509.694
28153.000,-238861114.074
28154.000,-238861034.950
28155.000,-238861351.446
28156.000,-238861667.942
28157.000,-238861509.694
28158.000,-238861114.074
28159.000,-238861034.950
28160.000,-238861430.570
28161.000,-238861667.942
28162.000,-238861509.694
28163.000,-238861114.074
28164.000,-238861034.950
28165.000,-238861351.446
28166.000,-238861667.942
28167.000,-238861509.694
28168.000,-238861114.074
28169.000,-238861034.950
28170.000,-238861351.446
28171.000,-238861667.942
28172.000,-238861430.570
28173.000,-238861114.074
28174.000,-238861034.950
28175.000,-238861351.446
28176.000,-238861667.942
28177.000,-238861509.694
28178.000,-238861114.074
28179.000,-238861034.950
28180.000,-238861351.446
28181.000,-238861667.942
28182.000,-238861509.694
28183.000,-238861114.074
28184.000,-238861034.950
28185.000,-238861430.570
28186.000,-238861667.942
28187.000,-238861509.694
28188.000,-238861114.074
28189.000,-238861034.950
28190.000,-238861351.446
28191.000,-238861667.942
28192.000,-238861509.694
28193.000,-238861114.074
28194.000,-238861114.074
28195.000,-238861351.446
28196.000,-238861667.942
28197.000,-238861430.570
28198.000,-238861114.074
28199.000,-238861034.950
28200.000,-238861430.570
28201.000,-238861667.942
28202.000,-238861509.694
28203.000,-238861114.074
28204.000,-238861034.950
28205.000,-238861351.446
28206.000,-238861667.942
28207.000,-238861430.570
28208.000,-238861114.074
28209.000,-238861034.950
28210.000,-238861430.570
28211.000,-238861667.942
28212.000,-238861509.694
28213.000,-238861114.074
28214.000,-238861034.950
28215.000,-238861351.446
28216.000,-238861667.942
28217.000,-238861509.694
28218.000,-238861114.074
28219.000,-238861034.950
28220.000,-238861430.570
28221.000,-238861667.942
28222.000,-238861430.570
28223.000,-238861114.074
28224.000,-238861034.950
28225.000,-238861351.446
28226.000,-238861667.942
28227.000,-238861509.694
28228.000,-238861114.074
28229.000,-238861034.950
28230.000,-238861351.446
28231.000,-238861588.818
28232.000,-238861430.570
28233.000,-238861114.074
28234.000,-238861034.950
28235.000,-238861430.570
28236.000,-238861667.942
28237.000,-238861509.694
28238.000,-238861114.074
28239.000,-238861034.950
28240.000,-238861351.446
28241.000,-238861667.942
28242.000,-238861509.694
28243.000,-238861114.074
28244.000,-238861034.950
28245.000,-238861430.570
28246.000,-238861667.942
28247.000,-238861430.570
28248.000,-238861114.074
28249.000,-238861034.950
28250.000,-238861351.446
28251.000,-238861667.942
28252.000,-238861509.694
28253.000,-238861114.074
28254.000,-238861034.950
28255.000,-238861351.446
28256.000,-238861667.942
28257.000,-238861509.694
28258.000,-238861114.074
28259.000,-238861034.950
28260.000,-238861430.570
28261.000,-238861667.942
28262.000,-238861509.694
28263.000,-238861114.074
28264.000,-238861034.950
28265.000,-238861351.446
28266.000,-238861667.942
28267.000,-238861509.694
28268.000,-238861114.074
28269.000,-238861034.950
28270.000,-238861351.446
28271.000,-238861667.942
28272.000,-238861430.570
28273.000,-238861114.074
28274.000,-238861034.950
28275.000,-238861430.570
28276.000,-238861667.942
28277.000,-238861509.694
28278.000,-238861114.074
28279.000,-238861034.950
28280.000,-238861351.446
28281.000,-238861588.818
28282.000,-238861430.570
28283.000,-238861114.074
28284.000,-238861034.950
28285.000,-238861430.570
28286.000,-238861667.942
28287.000,-238861509.694
28288.000,-238861114.074
28289.000,-238861034.950
28290.000,-238861351.446
28291.000,-238861667.942
28292.000,-238861509.694
28293.000,-238861114.074
28294.000,-238861034.950
28295.000,-238861430.570
28296.000,-238861667.942
28297.000,-238861430.570
28298.000,-238861114.074
28299.000,-238861034.950
28300.000,-238861351.446
28301.000,-238861667.942
28302.000,-238861509.694
28303.000,-238861114.074
28304.000,-238861034.950
28305.000,-238861351.446
28306.000,-238861667.942
28307.000,-238861430.570
28308.000,-238861114.074
28309.000,-238861034.950
28310.000,-238861430.570
28311.000,-238861667.942
28312.000,-238861509.694
28313.000,-238861114.074
28314.000,-238861034.950
28315.000,-238861351.446
28316.000,-238861667.942
28317.000,-238861509.694
28318.000,-238861114.074
28319.000,-238861034.950
28320.000,-238861430.570
28321.000,-238861667.942
28322.000,-238861430.570
28323.000,-238861114.074
28324.000,-238861034.950
28325.000,-238861351.446
28326.000,-238861667.942
28327.000,-238861509.694
28328.000,-238861114.074
28329.000,-238861034.950
28330.000,-238861351.446
28331.000,-238861667.942
28332.000,-238861430.570
28333.000,-238861114.074
28334.000,-238861034.950
28335.000,-238861351.446
28336.000,-238861667.942
28337.000,-238861509.694
28338.000,-238861114.074
28339.000,-238861034.950
28340.000,-238861351.446
28341.000,-238861667.942
28342.000,-238861509.694
28343.000,-238861114.074
28344.000,-238861034.950
28345.000,-238861351.446
28346.000,-238861667.942
28347.000,-238861430.570
28348.000,-238861114.074
28349.000,-238861034.950
28350.000,-238861430.570
28351.000,-238861667.942
28352.000,-238861509.694
28353.000,-238861114.074
28354.000,-238861034.950
28355.000,-238861351.446
28356.000,-238861667.942
28357.000,-238861509.694
28358.000,-238861114.074
28359.000,-238861114.074
28360.000,-238861430.570
28361.000,-238861667.942
28362.000,-238861509.694
28363.000,-238861114.074
28364.000,-238861034.950
28365.000,-238861351.446
28366.000,-238861667.942
28367.000,-238861509.694
28368.000,-238861114.074
28369.000,-238861034.950
28370.000,-238861351.446
28371.000,-238861667.942
28372.000,-238861430.570
28373.000,-238861114.074
28374.000,-238861034.950
28375.000,-238861430.570
28376.000,-238861667.942
28377.000,-238861509.694
28378.000,-238861114.074
28379.000,-238861034.950
28380.000,-238861351.446
28381.000,-238861588.818
28382.000,-238861430.570
28383.000,-238861114.074
28384.000,-238861034.950
28385.000,-238861430.570
28386.000,-238861667.942
28387.000,-238861509.694
28388.000,-238861114.074
28389.000,-238861034.950
28390.000,-238861351.446
28391.000,-238861667.942
28392.000,-238861509.694
28393.000,-238861114.074
28394.000,-238861034.950
28395.000,-238861351.446
28396.000,-238861667.942
28397.000,-238861430.570
28398.000,-238861114.074
28399.000,-238861034.950
28400.000,-238861430.570
28401.000,-238861667.942
28402.000,-238861509.694
28403.000,-238861114.074
28404.000,-238861034.950
28405.000,-238861351.446
28406.000,-238861588.818
28407.000,-238861509.694
28408.000,-238861114.074
28409.000,-238861034.950
28410.000,-238861430.570
28411.000,-238861667.942
28412.000,-238861509.694
28413.000,-238861114.074
28414.000,-238861034.950
28415.000,-238861351.446
28416.000,-238861667.942
28417.000,-238861509.694
28418.000,-238861114.074
28419.000,-238861034.950
28420.000,-238861351.446
28421.000,-238861667.942
28422.000,-238861430.570
28423.000,-238861114.074
28424.000,-238861034.950
28425.000,-238861430.570
28426.000,-238861667.942
28427.000,-238861509.694
28428.000,-238861114.074
28429.000,-238861034.950
28430.000,-238861351.446
28431.000,-238861588.818
28432.000,-238861430.570
28433.000,-238861114.074
28434.000,-238861034.950
28435.000,-238861430.570
28436.000,-238861667.942
28437.000,-238861509.694
28438.000,-238861114.074
28439.000,-238861034.950
28440.000,-238861351.446
28441.000,-238861667.942
28442.000,-238861509.694
28443.000,-238861114.074
28444.000,-238861034.950
28445.000,-238861351.446
28446.000,-238861667.942
28447.000,-238861430.570
28448.000,-238861114.074
28449.000,-238861034.950
28450.000,-238861430.570
28451.000,-238861667.942
28452.000,-238861509.694
28453.000,-238861114.074
28454.000,-238861034.950
28455.000,-238861351.446
28456.000,-238861588.818
28457.000,-238861509.694
28458.000,-238861114.074
28459.000,-238861114.074
28460.000,-238861430.570
28461.000,-238861667.942
28462.000,-238861509.694
28463.000,-238861114.074
28464.000,-238861034.950
28465.000,-238861351.446
28466.000,-238861667.942
28467.000,-238861509.694
28468.000,-238861114.074
28469.000,-238861034.950
28470.000,-238861351.446
28471.000,-238861667.942
28472.000,-238861430.570
28473.000,-238861114.074
28474.000,-238861034.950
28475.000,-238861351.446
28476.000,-238861667.942
28477.000,-238861509.694
28478.000,-238861114.074
28479.000,-238861034.950
28480.000,-238861351.446
28481.000,-238861588.818
28482.000,-238861430.570
28483.000,-238861114.074
28484.000,-238861034.950
28485.000,-238861430.570
28486.000,-238861667.942
28487.000,-238861509.694
28488.000,-238861114.074
28489.000,-238861034.950
28490.000,-238861351.446
28491.000,-238861667.942
28492.000,-238861509.694
28493.000,-238861114.074
28494.000,-238861034.950
28495.000,-238861351.446
28496.000,-238861667.942
28497.000,-238861430.570
28498.000,-238861114.074
28499.000,-238861034.950
28500.000,-238861351.446
28501.000,-238861667.942
28502.000,-238861509.694
28503.000,-238861114.074
28504.000,-238861034.950
28505.000,-238861351.446
28506.000,-238861588.818
28507.000,-238861430.570
28508.000,-238861114.074
28509.000,-238861034.950
28510.000,-238861430.570
28511.000,-238861667.942
28512.000,-238861509.694
28513.000,-238861114.074
28514.000,-238861034.950
28515.000,-238861351.446
28516.000,-238861667.942
28517.000,-238861509.694
28518.000,-238861114.074
28519.000,-238861034.950
28520.000,-238861351.446
28521.000,-238861667.942
28522.000,-238861430.570
28523.000,-238861114.074
28524.000,-238861034.950
28525.000,-238861351.446
28526.000,-238861667.942
28527.000,-238861509.694
28528.000,-238861114.074
28529.000,-238861034.950
28530.000,-238861351.446
28531.000,-238861667.942
28532.000,-238861509.694
28533.000,-238861114.074
28534.000,-238861034.950
28535.000,-238861430.570
28536.000,-238861667.942
28537.000,-238861509.694
28538.000,-238861114.074
28539.000,-238861034.950
28540.000,-238861351.446
28541.000,-238861667.942
28542.000,-238861509.694
28543.000,-238861114.074
28544.000,-238861034.950
28545.000,-238861351.446
28546.000,-238861667.942
28547.000,-238861430.570
28548.000,-238861114.074
28549.000,-238861034.950
28550.000,-238861351.446
28551.000,-238861667.942
28552.000,-238861509.694
28553.000,-238861114.074
28554.000,-238861034.950
28555.000,-238861351.446
28556.000,-238861588.818
28557.000,-238861509.694
28558.000,-238861114.074
28559.000,-238861034.950
28560.000,-238861430.570
28561.000,-238861667.942
28562.000,-238861509.694
28563.000,-238861114.074
28564.000,-238861034.950
28565.000,-238861351.446
28566.000,-238861667.942
28567.000,-238861509.694
28568.000,-238861114.074
28569.000,-238861034.950
28570.000,-238861351.446
28571.000,-238861667.942
28572.000,-238861430.570
28573.000,-238861114.074
28574.000,-238861034.950
28575.000,-238861351.446
28576.000,-238861667.942
28577.000,-238861509.694
28578.000,-238861114.074
28579.000,-238861034.950
28580.000,-238861351.446
28581.000,-238861588.818
28582.000,-238861430.570
28583.000,-238861114.074
28584.000,-238861034.950
28585.000,-238861430.570
28586.000,-238861667.942
28587.000,-238861509.694
28588.000,-238861114.074
28589.000,-238861034.950
28590.000,-238861351.446
28591.000,-238861667.942
28592.000,-238861509.694
28593.000,-238861114.074
28594.000,-238861034.950
28595.000,-238861351.446
28596.000,-238861667.942
28597.000,-238861430.570
28598.000,-238861114.074
28599.000,-238861034.950
28600.000,-238861351.446
28601.000,-238861667.942
28602.000,-238861509.694
28603.000,-238861114.074
28604.000,-238861034.950
28605.000,-238861351.446
28606.000,-238861588.818
28607.000,-238861509.694
28608.000,-238861114.074
28609.000,-238861034.950
28610.000,-238861351.446
28611.000,-238861667.942
28612.000,-238861509.694
28613.000,-238861114.074
28614.000,-238861034.950
28615.000,-238861351.446
28616.000,-238861667.942
28617.000,-238861509.694
28618.000,-238861114.074
28619.000,-238861034.950
28620.000,-238861351.446
28621.000,-238861667.942
28622.000,-238861430.570
28623.000,-238861114.074
28624.000,-238861034.950
28625.000,-238861351.446
28626.000,-238861667.942
28627.000,-238861509.694
28628.000,-238861114.074
28629.000,-238861034.950
28630.000,-238861351.446
28631.000,-238861667.942
28632.000,-238861509.694
28633.000,-238861114.074
28634.000,-238861034.950
28635.000,-238861430.570
28636.000,-238861667.942
28637.000,-238861509.694
28638.000,-238861114.074
28639.000,-238861034.950
28640.000,-238861351.446
28641.000,-238861667.942
28642.000,-238861509.694
28643.000,-238861114.074
28644.000,-238861034.950
28645.000,-238861351.446
28646.000,-238861667.942
28647.000,-238861430.570
28648.000,-238861114.074
28649.000,-238861034.950
28650.000,-238861351.446
28651.000,-238861667.942
28652.000,-238861509.694
28653.000,-238861114.074
28654.000,-238861034.950
28655.000,-238861351.446
28656.000,-238861588.818
28657.000,-238861509.694
28658.000,-238861114.074
28659.000,-238861034.950
28660.000,-238861351.446
28661.000,-238861667.942
28662.000,-238861509.694
28663.000,-238861114.074
28664.000,-238861034.950
28665.000,-238861351.446
28666.000,-238861667.942
28667.000,-238861509.694
28668.000,-238861114.074
28669.000,-238861034.950
28670.000,-238861351.446
28671.000,-238861667.942
28672.000,-238861509.694
28673.000,-238861114.074
28674.000,-238861034.950
28675.000,-238861351.446
28676.000,-238861667.942
28677.000,-238861509.694
28678.000,-238861114.074
28679.000,-238861034.950
28680.000,-238861351.446
28681.000,-238861667.942
28682.000,-238861509.694
28683.000,-238861114.074
28684.000,-238861034.950
28685.000,-238861351.446
28686.000,-238861667.942
28687.000,-238861509.694
28688.000,-238861114.074
28689.000,-238861034.950
28690.000,-238861351.446
28691.000,-238861667.942
28692.000,-238861509.694
28693.000,-238861114.074
28694.000,-238861034.950
28695.000,-238861351.446
28696.000,-238861667.942
28697.000,-238861430.570
28698.000,-238861114.074
28699.000,-238861034.950
28700.000,-238861351.446
28701.000,-238861667.942
28702.000,-238861509.694
28703.000,-238861114.074
28704.000,-238861034.950
28705.000,-238861351.446
28706.000,-238861588.818
28707.000,-238861509.694
28708.000,-238861114.074
28709.000,-238861034.950
28710.000,-238861430.570
28711.000,-238861667.942
28712.000,-238861509.694
28713.000,-238861114.074
28714.000,-238861034.950
28715.000,-238861351.446
28716.000,-238861667.942
28717.000,-238861509.694
28718.000,-238861114.074
28719.000,-238861034.950
28720.000,-238861351.446
28721.000,-238861667.942
28722.000,-238861509.694
28723.000,-238861114.074
28724.000,-238861034.950
28725.000,-238861351.446
28726.000,-238861667.942
28727.000,-238861509.694
28728.000,-238861114.074
28729.000,-238861034.950
28730.000,-238861351.446
28731.000,-238861667.942
28732.000,-238861509.694
28733.000,-238861114.074
28734.000,-238861034.950
28735.000,-238861430.570
28736.000,-238861667.942
28737.000,-238861509.694
28738.000,-238861114.074
28739.000,-238861034.950
28740.000,-238861351.446
28741.000,-238861667.942
28742.000,-238861509.694
28743.000,-238861114.074
28744.000,-238861034.950
28745.000,-238861351.446
28746.000,-238861667.942
28747.000,-238861430.570
28748.000,-238861114.074
28749.000,-238861034.950
28750.000,-238861351.446
28751.000,-238861667.942
28752.000,-238861509.694
28753.000,-238861114.074
28754.000,-238861034.950
28755.000,-238861351.446
28756.000,-238861588.818
28757.000,-238861509.694
28758.000,-238861114.074
28759.000,-238861034.950
28760.000,-238861430.570
28761.000,-238861667.942
28762.000,-238861509.694
28763.000,-238861114.074
28764.000,-238861034.950
28765.000,-238861351.446
28766.000,-238861667.942
28767.000,-238861509.694
28768.000,-238861114.074
28769.000,-238861034.950
28770.000,-238861351.446
28771.000,-238861667.942
28772.000,-238861509.694
28773.000,-238861114.074
28774.000,-238861034.950
28775.000,-238861351.446
28776.000,-238861667.942
28777.000,-238861509.694
28778.000,-238861114.074
28779.000,-238861034.950
28780.000,-238861351.446
28781.000,-238861667.942
28782.000,-238861509.694
28783.000,-238861114.074
28784.000,-238861034.950
28785.000,-238861351.446
28786.000,-238861667.942
28787.000,-238861509.694
28788.000,-238861114.074
28789.000,-238861034.950
28790.000,-238861351.446
28791.000,-238861667.942
28792.000,-238861509.694
28793.000,-238861114.074
28794.000,-238861034.950
28795.000,-238861351.446
28796.000,-238861667.942
28797.000,-238861509.694
28798.000,-238861114.074
28799.000,-238861034.950
28800.000,-238861351.446
28801.000,-238861667.942
28802.000,-238861509.694
28803.000,-238861114.074
28804.000,-238861034.950
28805.000,-238861351.446
28806.000,-238861667.942
28807.000,-238861509.694
28808.000,-238861114.074
28809.000,-238861034.950
28810.000,-238861430.570
28811.000,-238861667.942
28812.000,-238861509.694
28813.000,-238861114.074
28814.000,-238861034.950
28815.000,-238861351.446
28816.000,-238861667.942
28817.000,-238861509.694
28818.000,-238861114.074
28819.000,-238861034.950
28820.000,-238861351.446
28821.000,-238861667.942
28822.000,-238861430.570
28823.000,-238861114.074
28824.000,-238861034.950
28825.000,-238861351.446
28826.000,-238861667.942
28827.000,-238861509.694
28828.000,-238861114.074
28829.000,-238861034.950
28830.000,-238861351.446
28831.000,-238861588.818
28832.000,-238861509.694
28833.000,-238861114.074
28834.000,-238861034.950
28835.000,-238861351.446
28836.000,-238861667.942
28837.000,-238861509.694
28838.000,-238861114.074
28839.000,-238861034.950
28840.000,-238861351.446
28841.000,-238861667.942
28842.000,-238861509.694
28843.000,-238861114.074
28844.000,-238861034.950
28845.000,-238861351.446
28846.000,-238861667.942
28847.000,-238861430.570
28848.000,-238861114.074
28849.000,-238861034.950
28850.000,-238861351.446
28851.000,-238861667.942
28852.000,-238861509.694
28853.000,-238861114.074
28854.000,-238861034.950
28855.000,-238861351.446
28856.000,-238861667.942
28857.000,-238861509.694
28858.000,-238861114.074
28859.000,-238861034.950
28860.000,-238861351.446
28861.000,-238861667.942
28862.000,-238861509.694
28863.000,-238861114.074
28864.000,-238861034.950
28865.000,-238861351.446
28866.000,-238861667.942
28867.000,-238861509.694
28868.000,-238861114.074
28869.000,-238861034.950
28870.000,-238861351.446
28871.000,-238861667.942
28872.000,-238861509.694
28873.000,-238861114.074
28874.000,-238861034.950
28875.000,-238861351.446
28876.000,-238861667.942
28877.000,-238861509.694
28878.000,-238861114.074
28879.000,-238861034.950
28880.000,-238861351.446
28881.000,-238861667.942
28882.000,-238861509.694
28883.000,-238861114.074
28884.000,-238861034.950
28885.000,-238861351.446
28886.000,-238861667.942
28887.000,-238861509.694
28888.000,-238861114.074
28889.000,-238861034.950
28890.000,-238861351.446
28891.000,-238861667.942
28892.000,-238861509.694
28893.000,-238861114.074
28894.000,-238861034.950
28895.000,-238861351.446
28896.000,-238861667.942
28897.000,-238861509.694
28898.000,-238861114.074
28899.000,-238861034.950
28900.000,-238861351.446
28901.000,-238861667.942
28902.000,-238861509.694
28903.000,-238861114.074
28904.000,-238861034.950
28905.000,-238861351.446
28906.000,-238861588.818
28907.000,-238861509.694
28908.000,-238861114.074
28909.000,-238861034.950
28910.000,-238861351.446
28911.000,-238861667.942
28912.000,-238861509.694
28913.000,-238861114.074
28914.000,-238861034.950
28915.000,-238861351.446
28916.000,-238861667.942
28917.000,-238861509.694
28918.000,-238861114.074
28919.000,-238861034.950
28920.000,-238861351.446
28921.000,-238861667.942
28922.000,-238861430.570
28923.000,-238861114.074
28924.000,-238861034.950
28925.000,-238861351.446
28926.000,-238861667.942
28927.000,-238861509.694
28928.000,-238861114.074
28929.000,-238861034.950
28930.000,-238861351.446
28931.000,-238861588.818
28932.000,-238861509.694
28933.000,-238861114.074
28934.000,-238861034.950
28935.000,-238861351.446
28936.000,-238861667.942
28937.000,-238861509.694
28938.000,-238861114.074
28939.000,-238861034.950
28940.000,-238861351.446
28941.000,-238861667.942
28942.000,-238861509.694
28943.000,-238861114.074
28944.000,-238861034.950
28945.000,-238861351.446
28946.000,-238861667.942
28947.000,-238861509.694
28948.000,-238861114.074
28949.000,-238861034.950
28950.000,-238861351.446
28951.000,-238861667.942
28952.000,-238861509.694
28953.000,-238861114.074
28954.000,-238861034.950
28955.000,-238861351.446
28956.000,-238861667.942
28957.000,-238861509.694
28958.000,-238861114.074
28959.000,-238861034.950
28960.000,-238861351.446
28961.000,-238861667.942
28962.000,-238861509.694
28963.000,-238861114.074
28964.000,-238861034.950
28965.000,-238861351.446
28966.000,-238861667.942
28967.000,-238861509.694
28968.000,-238861114.074
28969.000,-238861034.950
28970.000,-238861351.446
28971.000,-238861667.942
28972.000,-238861509.694
28973.000,-238861114.074
28974.000,-238861034.950
28975.000,-238861351.446
28976.000,-238861667.942
28977.000,-238861509.694
28978.000,-238861114.074
28979.000,-238861034.950
28980.000,-238861351.446
28981.000,-238861667.942
28982.000,-238861509.694
28983.000,-238861114.074
28984.000,-238861034.950
28985.000,-238861351.446
28986.000,-238861667.942
28987.000,-238861509.694
28988.000,-238861114.074
28989.000,-238861034.950
28990.000,-238861351.446
28991.000,-238861667.942
28992.000,-238861509.694
28993.000,-238861114.074
28994.000,-238861034.950
28995.000,-238861351.446
28996.000,-238861667.942
28997.000,-238861509.694
28998.000,-238861114.074
28999.000,-238861034.950
29000.000,-238861351.446
29001.000,-238861667.942
29002.000,-238861509.694
29003.000,-238861114.074
29004.000,-238861034.950
29005.000,-238861351.446
29006.000,-238861588.818
29007.000,-238861509.694
29008.000,-238861114.074
29009.000,-238861034.950
29010.000,-238861351.446
29011.000,-238861667.942
29012.000,-238861509.694
29013.000,-238861114.074
29014.000,-238861034.950
29015.000,-238861351.446
29016.000,-238861667.942
29017.000,-238861509.694
29018.000,-238861114.074
29019.000,-238861034.950
29020.000,-238861351.446
29021.000,-238861667.942
29022.000,-238861509.694
29023.000,-238861114.074
29024.000,-238861034.950
29025.000,-238861351.446
29026.000,-238861667.942
29027.000,-238861509.694
29028.000,-238861114.074
29029.000,-238861034.950
29030.000,-238861351.446
29031.000,-238861667.942
29032.000,-238861509.694
29033.000,-238861114.074
29034.000,-238861034.950
29035.000,-238861351.446
29036.000,-238861667.942
29037.000,-238861509.694
29038.000,-238861114.074
29039.000,-238861034.950
29040.000,-238861351.446
29041.000,-238861667.942
29042.000,-238861509.694
29043.000,-238861114.074
29044.000,-238861034.950
29045.000,-238861351.446
29046.000,-238861667.942
29047.000,-238861509.694
29048.000,-238861114.074
29049.000,-238861034.950
29050.000,-238861351.446
29051.000,-238861667.942
29052.000,-238861509.694
29053.000,-238861114.074
29054.000,-238861034.950
29055.000,-238861351.446
29056.000,-238861588.818
29057.000,-238861509.694
29058.000,-238861114.074
29059.000,-238861034.950
29060.000,-238861351.446
29061.000,-238861667.942
29062.000,-238861509.694
29063.000,-238861114.074
29064.000,-238861034.950
29065.000,-238861351.446
29066.000,-238861667.942
29067.000,-238861509.694
29068.000,-238861114.074
29069.000,-238861034.950
29070.000,-238861351.446
29071.000,-238861667.942
29072.000,-238861509.694
29073.000,-238861114.074
29074.000,-238861034.950
29075.000,-238861351.446
29076.000,-238861667.942
29077.000,-238861509.694
29078.000,-238861114.074
29079.000,-238861034.950
29080.000,-238861351.446
29081.000,-238861667.942
29082.000,-238861509.694
29083.000,-238861114.074
29084.000,-238861034.950
29085.000,-238861351.446
29086.000,-238861667.942
29087.000,-238861509.694
29088.000,-238861114.074
29089.000,-238861034.950
29090.000,-238861351.446
29091.000,-238861667.942
29092.000,-238861509.694
29093.000,-238861114.074
29094.000,-238861034.950
29095.000,-238861351.446
29096.000,-238861667.942
29097.000,-238861509.694
29098.000,-238861114.074
29099.000,-238861034.950
29100.000,-238861351.446
29101.000,-238861667.942
29102.000,-238861509.694
29103.000,-238861114.074
29104.000,-238861034.950
29105.000,-238861351.446
29106.000,-238861667.942
29107.000,-238861509.694
29108.000,-238861114.074
29109.000,-238861034.950
29110.000,-238861351.446
29111.000,-238861667.942
29112.000,-238861509.694
29113.000,-238861114.074
29114.000,-238861034.950
29115.000,-238861351.446
29116.000,-238861667.942
29117.000,-238861509.694
29118.000,-238861114.074
29119.000,-238861034.950
29120.000,-238861351.446
29121.000,-238861667.942
29122.000,-238861509.694
29123.000,-238861114.074
29124.000,-238861034.950
29125.000,-238861351.446
29126.000,-238861667.942
29127.000,-238861509.694
29128.000,-238861114.074
29129.000,-238861034.950
29130.000,-238861351.446
29131.000,-238861667.942
29132.000,-238861509.694
29133.000,-238861114.074
29134.000,-238861034.950
29135.000,-238861351.446
29136.000,-238861667.942
29137.000,-238861509.694
