{
  "per_file": {
    "sineWave_categorized_processed.json": {
      "correct": 0,
      "total": 1106,
      "accuracy": 0.0
    },
    "squareWave_categorized_processed.json": {
      "correct": 0,
      "total": 1073,
      "accuracy": 0.0
    },
    "randomNoise_categorized.json": {
      "correct": 313,
      "total": 313,
      "accuracy": 1.0
    },
    "randomNoise_categorized_rule.json": {
      "correct": 208,
      "total": 313,
      "accuracy": 0.6645367412140575
    },
    "squareWave_categorized.json": {
      "correct": 0,
      "total": 1073,
      "accuracy": 0.0
    },
    "sineWave_categorized.json": {
      "correct": 0,
      "total": 1106,
      "accuracy": 0.0
    },
    "randomNoise_categorized_processed.json": {
      "correct": 0,
      "total": 313,
      "accuracy": 0.0
    },
    "sineWave_categorized_rule.json": {
      "correct": 1,
      "total": 1106,
      "accuracy": 0.0009041591320072332
    },
    "squareWave_categorized_rule.json": {
      "correct": 460,
      "total": 1073,
      "accuracy": 0.42870456663560114
    }
  },
  "overall": {
    "accuracy": 0.19703049759229535,
    "classification_report": {
      "A": {
        "precision": 0.13025,
        "recall": 0.8322683706070287,
        "f1-score": 0.22524859489840035,
        "support": 626.0
      },
      "B": {
        "precision": 0.125,
        "recall": 0.0004520795660036166,
        "f1-score": 0.0009009009009009009,
        "support": 2212.0
      },
      "C": {
        "precision": 0.4713114754098361,
        "recall": 0.21435228331780057,
        "f1-score": 0.2946828955797566,
        "support": 2146.0
      },
      "accuracy": 0.19703049759229535,
      "macro avg": {
        "precision": 0.24218715846994535,
        "recall": 0.3490242444969443,
        "f1-score": 0.1736107971263526,
        "support": 4984.0
      },
      "weighted avg": {
        "precision": 0.2747734603189222,
        "recall": 0.19703049759229535,
        "f1-score": 0.15557542277555156,
        "support": 4984.0
      }
    },
    "labels": [
      "A",
      "B",
      "C"
    ]
  }
}