Time_ms,Absolute_Displacement_nm
0.000,-158.248
1.000,-158.248
2.000,-158.248
3.000,-158.248
4.000,-79.124
5.000,-79.124
6.000,-79.124
7.000,-79.124
8.000,-158.248
9.000,-158.248
10.000,-158.248
11.000,-158.248
12.000,-79.124
13.000,-79.124
14.000,-79.124
15.000,-79.124
16.000,-158.248
17.000,-158.248
18.000,-158.248
19.000,-158.248
20.000,-79.124
21.000,-79.124
22.000,-79.124
23.000,-79.124
24.000,-158.248
25.000,-158.248
26.000,-158.248
27.000,-158.248
28.000,-79.124
29.000,-79.124
30.000,-79.124
31.000,-79.124
32.000,-158.248
33.000,-158.248
34.000,-158.248
35.000,-158.248
36.000,-79.124
37.000,-79.124
38.000,-79.124
39.000,-79.124
40.000,-79.124
41.000,-158.248
42.000,-158.248
43.000,-158.248
44.000,-158.248
45.000,-79.124
46.000,-79.124
47.000,-79.124
48.000,-79.124
49.000,-158.248
50.000,-158.248
51.000,-158.248
52.000,-158.248
53.000,-79.124
54.000,-79.124
55.000,-79.124
56.000,-79.124
57.000,-158.248
58.000,-158.248
59.000,-158.248
60.000,-158.248
61.000,-158.248
62.000,-79.124
63.000,-79.124
64.000,-79.124
65.000,-158.248
66.000,-158.248
67.000,-158.248
68.000,-158.248
69.000,-158.248
70.000,-79.124
71.000,-79.124
72.000,-79.124
73.000,-158.248
74.000,-158.248
75.000,-158.248
76.000,-158.248
77.000,-158.248
78.000,-79.124
79.000,-79.124
80.000,-79.124
81.000,-79.124
82.000,-158.248
83.000,-158.248
84.000,-158.248
85.000,-158.248
86.000,-79.124
87.000,-79.124
88.000,-79.124
89.000,-79.124
90.000,-79.124
91.000,-158.248
92.000,-158.248
93.000,-158.248
94.000,-158.248
95.000,-79.124
96.000,-79.124
97.000,-79.124
98.000,-79.124
99.000,-158.248
100.000,-158.248
101.000,-158.248
102.000,-158.248
103.000,-158.248
104.000,-79.124
105.000,-79.124
106.000,-79.124
107.000,-79.124
108.000,-158.248
109.000,-158.248
110.000,-158.248
111.000,-158.248
112.000,-79.124
113.000,-79.124
114.000,-79.124
115.000,-79.124
116.000,-158.248
117.000,-158.248
118.000,-158.248
119.000,-158.248
120.000,-158.248
121.000,-79.124
122.000,-79.124
123.000,-79.124
124.000,-79.124
125.000,-158.248
126.000,-158.248
127.000,-158.248
128.000,-158.248
129.000,-79.124
130.000,-79.124
131.000,-79.124
132.000,-79.124
133.000,-158.248
134.000,-158.248
135.000,-158.248
136.000,-158.248
137.000,-79.124
138.000,-79.124
139.000,-79.124
140.000,-158.248
141.000,-158.248
142.000,-158.248
143.000,-158.248
144.000,-79.124
145.000,-79.124
146.000,-79.124
147.000,-79.124
148.000,-158.248
149.000,-158.248
150.000,-158.248
151.000,-158.248
152.000,-158.248
153.000,-79.124
154.000,-79.124
155.000,-79.124
156.000,-79.124
157.000,-158.248
158.000,-158.248
159.000,-158.248
160.000,-158.248
161.000,-79.124
162.000,-79.124
163.000,-79.124
164.000,-79.124
165.000,-158.248
166.000,-158.248
167.000,-158.248
168.000,-158.248
169.000,-158.248
170.000,-79.124
171.000,-79.124
172.000,-79.124
173.000,-79.124
174.000,-158.248
175.000,-158.248
176.000,-158.248
177.000,-158.248
178.000,-79.124
179.000,-79.124
180.000,-79.124
181.000,-79.124
182.000,-158.248
183.000,-158.248
184.000,-158.248
185.000,-158.248
186.000,-158.248
187.000,-79.124
188.000,-79.124
189.000,-79.124
190.000,-79.124
191.000,-158.248
192.000,-158.248
193.000,-158.248
194.000,-158.248
195.000,-79.124
196.000,-79.124
197.000,-79.124
198.000,-79.124
199.000,-158.248
200.000,-158.248
201.000,-158.248
202.000,-158.248
203.000,-158.248
204.000,-79.124
205.000,-79.124
206.000,-79.124
207.000,-79.124
208.000,-158.248
209.000,-158.248
210.000,-158.248
211.000,-158.248
212.000,-79.124
213.000,-79.124
214.000,-79.124
215.000,-79.124
216.000,-158.248
217.000,-158.248
218.000,-158.248
219.000,-158.248
220.000,-79.124
221.000,-79.124
222.000,-79.124
223.000,-79.124
224.000,-158.248
225.000,-158.248
226.000,-158.248
227.000,-158.248
228.000,-158.248
229.000,-79.124
230.000,-79.124
231.000,-79.124
232.000,-79.124
233.000,-158.248
234.000,-158.248
235.000,-158.248
236.000,-158.248
237.000,-79.124
238.000,-79.124
239.000,-79.124
240.000,-79.124
241.000,-158.248
242.000,-158.248
243.000,-158.248
244.000,-158.248
245.000,-79.124
246.000,-79.124
247.000,-79.124
248.000,-79.124
249.000,-158.248
250.000,-158.248
251.000,-158.248
252.000,-158.248
253.000,-79.124
254.000,-79.124
255.000,-79.124
256.000,-79.124
257.000,-158.248
258.000,-158.248
259.000,-158.248
260.000,-158.248
261.000,-158.248
262.000,-79.124
263.000,-79.124
264.000,-79.124
265.000,-79.124
266.000,-158.248
267.000,-158.248
268.000,-158.248
269.000,-158.248
270.000,-79.124
271.000,-79.124
272.000,-79.124
273.000,-79.124
274.000,-158.248
275.000,-158.248
276.000,-158.248
277.000,-158.248
278.000,-79.124
279.000,-79.124
280.000,-79.124
281.000,-79.124
282.000,-79.124
283.000,-158.248
284.000,-158.248
285.000,-158.248
286.000,-158.248
287.000,-79.124
288.000,-79.124
289.000,-79.124
290.000,-79.124
291.000,-158.248
292.000,-158.248
293.000,-158.248
294.000,-158.248
295.000,-79.124
296.000,-79.124
297.000,-79.124
298.000,-79.124
299.000,-158.248
300.000,-158.248
301.000,-158.248
302.000,-158.248
303.000,-79.124
304.000,-79.124
305.000,-79.124
306.000,-79.124
307.000,-158.248
308.000,-158.248
309.000,-158.248
310.000,-158.248
311.000,-79.124
312.000,-79.124
313.000,-79.124
314.000,-79.124
315.000,-158.248
316.000,-158.248
317.000,-158.248
318.000,-158.248
319.000,-158.248
320.000,-79.124
321.000,-79.124
322.000,-79.124
323.000,-79.124
324.000,-158.248
325.000,-158.248
326.000,-158.248
327.000,-158.248
328.000,-79.124
329.000,-79.124
330.000,-79.124
331.000,-79.124
332.000,-158.248
333.000,-158.248
334.000,-158.248
335.000,-158.248
336.000,-158.248
337.000,-79.124
338.000,-79.124
339.000,-79.124
340.000,-79.124
341.000,-158.248
342.000,-158.248
343.000,-158.248
344.000,-158.248
345.000,-79.124
346.000,-79.124
347.000,-79.124
348.000,-79.124
349.000,-158.248
350.000,-158.248
351.000,-158.248
352.000,-158.248
353.000,-79.124
354.000,-79.124
355.000,-79.124
356.000,-79.124
357.000,-158.248
358.000,-158.248
359.000,-158.248
360.000,-158.248
361.000,-158.248
362.000,-79.124
363.000,-79.124
364.000,-79.124
365.000,-79.124
366.000,-158.248
367.000,-158.248
368.000,-158.248
369.000,-158.248
370.000,-79.124
371.000,-79.124
372.000,-79.124
373.000,-79.124
374.000,-158.248
375.000,-158.248
376.000,-158.248
377.000,-158.248
378.000,-79.124
379.000,-79.124
380.000,-79.124
381.000,-79.124
382.000,-158.248
383.000,-158.248
384.000,-158.248
385.000,-158.248
386.000,-79.124
387.000,-79.124
388.000,-79.124
389.000,-79.124
390.000,-79.124
391.000,-158.248
392.000,-158.248
393.000,-158.248
394.000,-158.248
395.000,-79.124
396.000,-79.124
397.000,-79.124
398.000,-79.124
399.000,-158.248
400.000,-158.248
401.000,-158.248
402.000,-158.248
403.000,-79.124
404.000,-79.124
405.000,-79.124
406.000,-79.124
407.000,-158.248
408.000,-158.248
409.000,-158.248
410.000,-158.248
411.000,-158.248
412.000,-79.124
413.000,-79.124
414.000,-79.124
415.000,-79.124
416.000,-158.248
417.000,-158.248
418.000,-158.248
419.000,-158.248
420.000,-79.124
421.000,-79.124
422.000,-79.124
423.000,-79.124
424.000,-158.248
425.000,-158.248
426.000,-158.248
427.000,-158.248
428.000,-79.124
429.000,-79.124
430.000,-79.124
431.000,-79.124
432.000,-158.248
433.000,-158.248
434.000,-158.248
435.000,-158.248
436.000,-79.124
437.000,-79.124
438.000,-79.124
439.000,-79.124
440.000,-158.248
441.000,-158.248
442.000,-158.248
443.000,-158.248
444.000,-79.124
445.000,-79.124
446.000,-79.124
447.000,-79.124
448.000,-79.124
449.000,-158.248
450.000,-158.248
451.000,-158.248
452.000,-158.248
453.000,-79.124
454.000,-79.124
455.000,-79.124
456.000,-79.124
457.000,-158.248
458.000,-158.248
459.000,-158.248
460.000,-158.248
461.000,-79.124
462.000,-79.124
463.000,-79.124
464.000,-79.124
465.000,-79.124
466.000,-158.248
467.000,-158.248
468.000,-158.248
469.000,-158.248
470.000,-79.124
471.000,-79.124
472.000,-79.124
473.000,-79.124
474.000,-158.248
475.000,-158.248
476.000,-158.248
477.000,-158.248
478.000,-158.248
479.000,-79.124
480.000,-79.124
481.000,-79.124
482.000,-79.124
483.000,-158.248
484.000,-158.248
485.000,-158.248
486.000,-158.248
487.000,-79.124
488.000,-79.124
489.000,-79.124
490.000,-79.124
491.000,-158.248
492.000,-158.248
493.000,-158.248
494.000,-158.248
495.000,-79.124
496.000,-79.124
497.000,-79.124
498.000,-79.124
499.000,-158.248
500.000,-158.248
501.000,-158.248
502.000,-158.248
503.000,-79.124
504.000,-79.124
505.000,-79.124
506.000,-79.124
507.000,-158.248
508.000,-158.248
509.000,-158.248
510.000,-158.248
511.000,-79.124
512.000,-79.124
513.000,-79.124
514.000,-79.124
515.000,-158.248
516.000,-158.248
517.000,-158.248
518.000,-158.248
519.000,-158.248
520.000,-79.124
521.000,-79.124
522.000,-79.124
523.000,-79.124
524.000,-158.248
525.000,-158.248
526.000,-158.248
527.000,-158.248
528.000,-79.124
529.000,-79.124
530.000,-79.124
531.000,-79.124
532.000,-158.248
533.000,-158.248
534.000,-158.248
535.000,-158.248
536.000,-158.248
537.000,-79.124
538.000,-79.124
539.000,-79.124
540.000,-79.124
541.000,-158.248
542.000,-158.248
543.000,-158.248
544.000,-158.248
545.000,-79.124
546.000,-79.124
547.000,-79.124
548.000,-79.124
549.000,-158.248
550.000,-158.248
551.000,-158.248
552.000,-158.248
553.000,-79.124
554.000,-79.124
555.000,-79.124
556.000,-79.124
557.000,-158.248
558.000,-158.248
559.000,-158.248
560.000,-158.248
561.000,-79.124
562.000,-79.124
563.000,-79.124
564.000,-79.124
565.000,-158.248
566.000,-158.248
567.000,-158.248
568.000,-158.248
569.000,-158.248
570.000,-79.124
571.000,-79.124
572.000,-79.124
573.000,-79.124
574.000,-158.248
575.000,-158.248
576.000,-158.248
577.000,-158.248
578.000,-79.124
579.000,-79.124
580.000,-79.124
581.000,-79.124
582.000,-158.248
583.000,-158.248
584.000,-158.248
585.000,-158.248
586.000,-158.248
587.000,-79.124
588.000,-79.124
589.000,-79.124
590.000,-79.124
591.000,-158.248
592.000,-158.248
593.000,-158.248
594.000,-158.248
595.000,-79.124
596.000,-79.124
597.000,-79.124
598.000,-79.124
599.000,-158.248
600.000,-158.248
601.000,-158.248
602.000,-158.248
603.000,-79.124
604.000,-79.124
605.000,-79.124
606.000,-79.124
607.000,-158.248
608.000,-158.248
609.000,-158.248
610.000,-158.248
611.000,-158.248
612.000,-79.124
613.000,-79.124
614.000,-79.124
615.000,-79.124
616.000,-158.248
617.000,-158.248
618.000,-158.248
619.000,-158.248
620.000,-79.124
621.000,-79.124
622.000,-79.124
623.000,-79.124
624.000,-158.248
625.000,-158.248
626.000,-158.248
627.000,-158.248
628.000,-79.124
629.000,-79.124
630.000,-79.124
631.000,-79.124
632.000,-158.248
633.000,-158.248
634.000,-158.248
635.000,-158.248
636.000,-79.124
637.000,-79.124
638.000,-79.124
639.000,-79.124
640.000,-158.248
641.000,-158.248
642.000,-158.248
643.000,-158.248
644.000,-79.124
645.000,-79.124
646.000,-79.124
647.000,-79.124
648.000,-158.248
649.000,-158.248
650.000,-158.248
651.000,-158.248
652.000,-79.124
653.000,-79.124
654.000,-79.124
655.000,-79.124
656.000,-79.124
657.000,-158.248
658.000,-158.248
659.000,-158.248
660.000,-158.248
661.000,-79.124
662.000,-79.124
663.000,-79.124
664.000,-79.124
665.000,-158.248
666.000,-158.248
667.000,-158.248
668.000,-158.248
669.000,-79.124
670.000,-79.124
671.000,-79.124
672.000,-79.124
673.000,-79.124
674.000,-158.248
675.000,-158.248
676.000,-158.248
677.000,-158.248
678.000,-79.124
679.000,-79.124
680.000,-79.124
681.000,-79.124
682.000,-158.248
683.000,-158.248
684.000,-158.248
685.000,-158.248
686.000,-158.248
687.000,-79.124
688.000,-79.124
689.000,-79.124
690.000,-79.124
691.000,-158.248
692.000,-158.248
693.000,-158.248
694.000,-158.248
695.000,-79.124
696.000,-79.124
697.000,-79.124
698.000,-79.124
699.000,-158.248
700.000,-158.248
701.000,-158.248
702.000,-158.248
703.000,-79.124
704.000,-79.124
705.000,-79.124
706.000,-79.124
707.000,-158.248
708.000,-158.248
709.000,-158.248
710.000,-158.248
711.000,-79.124
712.000,-79.124
713.000,-79.124
714.000,-79.124
715.000,-158.248
716.000,-158.248
717.000,-158.248
718.000,-158.248
719.000,-79.124
720.000,-79.124
721.000,-79.124
722.000,-79.124
723.000,-79.124
724.000,-158.248
725.000,-158.248
726.000,-158.248
727.000,-158.248
728.000,-79.124
729.000,-79.124
730.000,-79.124
731.000,-79.124
732.000,-158.248
733.000,-158.248
734.000,-158.248
735.000,-158.248
736.000,-79.124
737.000,-79.124
738.000,-79.124
739.000,-79.124
740.000,-158.248
741.000,-158.248
742.000,-158.248
743.000,-158.248
744.000,-79.124
745.000,-79.124
746.000,-79.124
747.000,-79.124
748.000,-79.124
749.000,-158.248
750.000,-158.248
751.000,-158.248
752.000,-158.248
753.000,-79.124
754.000,-79.124
755.000,-79.124
756.000,-79.124
757.000,-158.248
758.000,-158.248
759.000,-158.248
760.000,-158.248
761.000,-79.124
762.000,-79.124
763.000,-79.124
764.000,-79.124
765.000,-158.248
766.000,-158.248
767.000,-158.248
768.000,-158.248
769.000,-158.248
770.000,-79.124
771.000,-79.124
772.000,-79.124
773.000,-79.124
774.000,-158.248
775.000,-158.248
776.000,-158.248
777.000,-158.248
778.000,-79.124
779.000,-79.124
780.000,-79.124
781.000,-79.124
782.000,-158.248
783.000,-158.248
784.000,-158.248
785.000,-158.248
786.000,-79.124
787.000,-79.124
788.000,-79.124
789.000,-79.124
790.000,-158.248
791.000,-158.248
792.000,-158.248
793.000,-158.248
794.000,-79.124
795.000,-79.124
796.000,-79.124
797.000,-79.124
798.000,-158.248
799.000,-158.248
800.000,-158.248
801.000,-158.248
802.000,-79.124
803.000,-79.124
804.000,-79.124
805.000,-79.124
806.000,-79.124
807.000,-158.248
808.000,-158.248
809.000,-158.248
810.000,-158.248
811.000,-79.124
812.000,-79.124
813.000,-79.124
814.000,-79.124
815.000,-158.248
816.000,-158.248
817.000,-158.248
818.000,-158.248
819.000,-158.248
820.000,-79.124
821.000,-79.124
822.000,-79.124
823.000,-79.124
824.000,-158.248
825.000,-158.248
826.000,-158.248
827.000,-158.248
828.000,-79.124
829.000,-79.124
830.000,-79.124
831.000,-79.124
832.000,-158.248
833.000,-158.248
834.000,-158.248
835.000,-158.248
836.000,-158.248
837.000,-79.124
838.000,-79.124
839.000,-79.124
840.000,-158.248
841.000,-158.248
842.000,-158.248
843.000,-158.248
844.000,-79.124
845.000,-79.124
846.000,-79.124
847.000,-79.124
848.000,-158.248
849.000,-158.248
850.000,-158.248
851.000,-158.248
852.000,-79.124
853.000,-79.124
854.000,-79.124
855.000,-79.124
856.000,-79.124
857.000,-158.248
858.000,-158.248
859.000,-158.248
860.000,-158.248
861.000,-79.124
862.000,-79.124
863.000,-79.124
864.000,-79.124
865.000,-158.248
866.000,-158.248
867.000,-158.248
868.000,-158.248
869.000,-79.124
870.000,-79.124
871.000,-79.124
872.000,-79.124
873.000,-79.124
874.000,-158.248
875.000,-158.248
876.000,-158.248
877.000,-158.248
878.000,-79.124
879.000,-79.124
880.000,-79.124
881.000,-79.124
882.000,-158.248
883.000,-158.248
884.000,-158.248
885.000,-158.248
886.000,-158.248
887.000,-79.124
888.000,-79.124
889.000,-79.124
890.000,-79.124
891.000,-158.248
892.000,-158.248
893.000,-158.248
894.000,-158.248
895.000,-79.124
896.000,-79.124
897.000,-79.124
898.000,-79.124
899.000,-158.248
900.000,-158.248
901.000,-158.248
902.000,-79.124
903.000,-79.124
904.000,-79.124
905.000,-79.124
906.000,-79.124
907.000,-158.248
908.000,-158.248
909.000,-158.248
910.000,-79.124
911.000,-79.124
912.000,-79.124
913.000,-79.124
914.000,-79.124
915.000,-158.248
916.000,-158.248
917.000,-158.248
918.000,-158.248
919.000,-79.124
920.000,-79.124
921.000,-79.124
922.000,-79.124
923.000,-158.248
924.000,-158.248
925.000,-158.248
926.000,-158.248
927.000,-79.124
928.000,-79.124
929.000,-79.124
930.000,-79.124
931.000,-79.124
932.000,-158.248
933.000,-158.248
934.000,-158.248
935.000,-158.248
936.000,-79.124
937.000,-79.124
938.000,-79.124
939.000,-79.124
940.000,-158.248
941.000,-158.248
942.000,-158.248
943.000,-158.248
944.000,-158.248
945.000,-79.124
946.000,-79.124
947.000,-79.124
948.000,-79.124
949.000,-158.248
950.000,-158.248
951.000,-158.248
952.000,-158.248
953.000,-79.124
954.000,-79.124
955.000,-79.124
956.000,-79.124
957.000,-79.124
958.000,-158.248
959.000,-158.248
960.000,-158.248
961.000,-158.248
962.000,-79.124
963.000,-79.124
964.000,-79.124
965.000,-79.124
966.000,-158.248
967.000,-158.248
968.000,-158.248
969.000,-158.248
970.000,-79.124
971.000,-79.124
972.000,-79.124
973.000,-79.124
974.000,-158.248
975.000,-158.248
976.000,-158.248
977.000,-158.248
978.000,-79.124
979.000,-79.124
980.000,-79.124
981.000,-79.124
982.000,-158.248
983.000,-158.248
984.000,-158.248
985.000,-158.248
986.000,-79.124
987.000,-79.124
988.000,-79.124
989.000,-79.124
990.000,-79.124
991.000,-158.248
992.000,-158.248
993.000,-158.248
994.000,-158.248
995.000,-79.124
996.000,-79.124
997.000,-79.124
998.000,-158.248
999.000,-158.248
1000.000,-158.248
1001.000,-158.248
1002.000,-79.124
1003.000,-79.124
1004.000,-79.124
1005.000,-79.124
1006.000,-158.248
1007.000,-158.248
1008.000,-158.248
1009.000,-158.248
1010.000,-79.124
1011.000,-79.124
1012.000,-79.124
1013.000,-79.124
1014.000,-79.124
1015.000,-158.248
1016.000,-158.248
1017.000,-158.248
1018.000,-158.248
1019.000,-79.124
1020.000,-79.124
1021.000,-79.124
1022.000,-79.124
1023.000,-158.248
1024.000,-158.248
1025.000,-158.248
1026.000,-158.248
1027.000,-158.248
1028.000,-79.124
1029.000,-79.124
1030.000,-79.124
1031.000,-79.124
1032.000,-158.248
1033.000,-158.248
1034.000,-158.248
1035.000,-158.248
1036.000,-79.124
1037.000,-79.124
1038.000,-79.124
1039.000,-79.124
1040.000,-79.124
1041.000,-158.248
1042.000,-158.248
1043.000,-158.248
1044.000,-158.248
1045.000,-79.124
1046.000,-79.124
1047.000,-79.124
1048.000,-79.124
1049.000,-158.248
1050.000,-158.248
1051.000,-158.248
1052.000,-158.248
1053.000,-79.124
1054.000,-79.124
1055.000,-79.124
1056.000,-79.124
1057.000,-158.248
1058.000,-158.248
1059.000,-158.248
1060.000,-158.248
1061.000,-79.124
1062.000,-79.124
1063.000,-79.124
1064.000,-79.124
1065.000,-79.124
1066.000,-158.248
1067.000,-158.248
1068.000,-158.248
1069.000,-158.248
1070.000,-79.124
1071.000,-79.124
1072.000,-79.124
1073.000,-79.124
1074.000,-158.248
1075.000,-158.248
1076.000,-158.248
1077.000,-158.248
1078.000,-79.124
1079.000,-79.124
1080.000,-79.124
1081.000,-79.124
1082.000,-158.248
1083.000,-158.248
1084.000,-158.248
1085.000,-158.248
1086.000,-79.124
1087.000,-79.124
1088.000,-79.124
1089.000,-79.124
1090.000,-158.248
1091.000,-158.248
1092.000,-158.248
1093.000,-158.248
1094.000,-158.248
1095.000,-79.124
1096.000,-79.124
1097.000,-79.124
1098.000,-79.124
1099.000,-158.248
1100.000,-158.248
1101.000,-158.248
1102.000,-158.248
1103.000,-79.124
1104.000,-79.124
1105.000,-79.124
1106.000,-79.124
1107.000,-158.248
1108.000,-158.248
1109.000,-158.248
1110.000,-158.248
1111.000,-79.124
1112.000,-79.124
1113.000,-79.124
1114.000,-79.124
1115.000,-158.248
1116.000,-158.248
1117.000,-158.248
1118.000,-158.248
1119.000,-79.124
1120.000,-79.124
1121.000,-79.124
1122.000,-79.124
1123.000,-79.124
1124.000,-158.248
1125.000,-158.248
1126.000,-158.248
1127.000,-158.248
1128.000,-79.124
1129.000,-79.124
1130.000,-79.124
1131.000,-79.124
1132.000,-158.248
1133.000,-158.248
1134.000,-158.248
1135.000,-158.248
1136.000,-79.124
1137.000,-79.124
1138.000,-79.124
1139.000,-79.124
1140.000,-158.248
1141.000,-158.248
1142.000,-158.248
1143.000,-158.248
1144.000,-158.248
1145.000,-79.124
1146.000,-79.124
1147.000,-79.124
1148.000,-158.248
1149.000,-158.248
1150.000,-158.248
1151.000,-158.248
1152.000,-158.248
1153.000,-79.124
1154.000,-79.124
1155.000,-79.124
1156.000,-79.124
1157.000,-158.248
1158.000,-158.248
1159.000,-158.248
1160.000,-158.248
1161.000,-79.124
1162.000,-79.124
1163.000,-79.124
1164.000,-79.124
1165.000,-158.248
1166.000,-158.248
1167.000,-158.248
1168.000,-158.248
1169.000,-79.124
1170.000,-79.124
1171.000,-79.124
1172.000,-79.124
1173.000,-79.124
1174.000,-158.248
1175.000,-158.248
1176.000,-158.248
1177.000,-158.248
1178.000,-79.124
1179.000,-79.124
1180.000,-79.124
1181.000,-79.124
1182.000,-158.248
1183.000,-158.248
1184.000,-158.248
1185.000,-158.248
1186.000,-158.248
1187.000,-79.124
1188.000,-79.124
1189.000,-79.124
1190.000,-79.124
1191.000,-158.248
1192.000,-158.248
1193.000,-158.248
1194.000,-158.248
1195.000,-79.124
1196.000,-79.124
1197.000,-79.124
1198.000,-79.124
1199.000,-158.248
1200.000,-158.248
1201.000,-158.248
1202.000,-158.248
1203.000,-79.124
1204.000,-79.124
1205.000,-79.124
1206.000,-79.124
1207.000,-158.248
1208.000,-158.248
1209.000,-158.248
1210.000,-158.248
1211.000,-79.124
1212.000,-79.124
1213.000,-79.124
1214.000,-79.124
1215.000,-158.248
1216.000,-158.248
1217.000,-158.248
1218.000,-158.248
1219.000,-79.124
1220.000,-79.124
1221.000,-79.124
1222.000,-79.124
1223.000,-79.124
1224.000,-158.248
1225.000,-158.248
1226.000,-158.248
1227.000,-158.248
1228.000,-79.124
1229.000,-79.124
1230.000,-79.124
1231.000,-79.124
1232.000,-158.248
1233.000,-158.248
1234.000,-158.248
1235.000,-158.248
1236.000,-158.248
1237.000,-79.124
1238.000,-79.124
1239.000,-79.124
1240.000,-79.124
1241.000,-158.248
1242.000,-158.248
1243.000,-158.248
1244.000,-158.248
1245.000,-79.124
1246.000,-79.124
1247.000,-79.124
1248.000,-79.124
1249.000,-79.124
1250.000,-158.248
1251.000,-158.248
1252.000,-158.248
1253.000,-158.248
1254.000,-79.124
1255.000,-79.124
1256.000,-79.124
1257.000,-79.124
1258.000,-158.248
1259.000,-158.248
1260.000,-158.248
1261.000,-158.248
1262.000,-79.124
1263.000,-79.124
1264.000,-79.124
1265.000,-79.124
1266.000,-158.248
1267.000,-158.248
1268.000,-158.248
1269.000,-79.124
1270.000,-79.124
1271.000,-79.124
1272.000,-79.124
1273.000,-158.248
1274.000,-158.248
1275.000,-158.248
1276.000,-158.248
1277.000,-79.124
1278.000,-79.124
1279.000,-79.124
1280.000,-79.124
1281.000,-158.248
1282.000,-158.248
1283.000,-158.248
1284.000,-158.248
1285.000,-158.248
1286.000,-79.124
1287.000,-79.124
1288.000,-79.124
1289.000,-79.124
1290.000,-158.248
1291.000,-158.248
1292.000,-158.248
1293.000,-158.248
1294.000,-79.124
1295.000,-79.124
1296.000,-79.124
1297.000,-79.124
1298.000,-79.124
1299.000,-158.248
1300.000,-158.248
1301.000,-158.248
1302.000,-158.248
1303.000,-79.124
1304.000,-79.124
1305.000,-79.124
1306.000,-79.124
1307.000,-158.248
1308.000,-158.248
1309.000,-158.248
1310.000,-158.248
1311.000,-158.248
1312.000,-79.124
1313.000,-79.124
1314.000,-79.124
1315.000,-79.124
1316.000,-158.248
1317.000,-158.248
1318.000,-158.248
1319.000,-158.248
1320.000,-79.124
1321.000,-79.124
1322.000,-79.124
1323.000,-79.124
1324.000,-79.124
1325.000,-158.248
1326.000,-158.248
1327.000,-158.248
1328.000,-158.248
1329.000,-79.124
1330.000,-79.124
1331.000,-79.124
1332.000,-79.124
1333.000,-158.248
1334.000,-158.248
1335.000,-158.248
1336.000,-158.248
1337.000,-79.124
1338.000,-79.124
1339.000,-79.124
1340.000,-79.124
1341.000,-158.248
1342.000,-158.248
1343.000,-158.248
1344.000,-158.248
1345.000,-79.124
1346.000,-79.124
1347.000,-79.124
1348.000,-79.124
1349.000,-158.248
1350.000,-158.248
1351.000,-158.248
1352.000,-158.248
1353.000,-79.124
1354.000,-79.124
1355.000,-79.124
1356.000,-79.124
1357.000,-158.248
1358.000,-158.248
1359.000,-158.248
1360.000,-158.248
1361.000,-158.248
1362.000,-79.124
1363.000,-79.124
1364.000,-79.124
1365.000,-79.124
1366.000,-158.248
1367.000,-158.248
1368.000,-158.248
1369.000,-158.248
1370.000,-79.124
1371.000,-79.124
1372.000,-79.124
1373.000,-79.124
1374.000,-158.248
1375.000,-158.248
1376.000,-158.248
1377.000,-158.248
1378.000,-79.124
1379.000,-79.124
1380.000,-79.124
1381.000,-79.124
1382.000,-158.248
1383.000,-158.248
1384.000,-158.248
1385.000,-158.248
1386.000,-158.248
1387.000,-79.124
1388.000,-79.124
1389.000,-79.124
1390.000,-79.124
1391.000,-158.248
1392.000,-158.248
1393.000,-158.248
1394.000,-158.248
1395.000,-79.124
1396.000,-79.124
1397.000,-79.124
1398.000,-79.124
1399.000,-158.248
1400.000,-158.248
1401.000,-158.248
1402.000,-158.248
1403.000,-79.124
1404.000,-79.124
1405.000,-79.124
1406.000,-79.124
1407.000,-158.248
1408.000,-158.248
1409.000,-158.248
1410.000,-158.248
1411.000,-79.124
1412.000,-79.124
1413.000,-79.124
1414.000,-79.124
1415.000,-158.248
1416.000,-158.248
1417.000,-158.248
1418.000,-158.248
1419.000,-158.248
1420.000,-79.124
1421.000,-79.124
1422.000,-79.124
1423.000,-79.124
1424.000,-158.248
1425.000,-158.248
1426.000,-158.248
1427.000,-158.248
1428.000,-79.124
1429.000,-79.124
1430.000,-79.124
1431.000,-79.124
1432.000,-158.248
1433.000,-158.248
1434.000,-158.248
1435.000,-158.248
1436.000,-79.124
1437.000,-79.124
1438.000,-79.124
1439.000,-79.124
1440.000,-79.124
1441.000,-158.248
1442.000,-158.248
1443.000,-158.248
1444.000,-158.248
1445.000,-79.124
1446.000,-79.124
1447.000,-79.124
1448.000,-79.124
1449.000,-158.248
1450.000,-158.248
1451.000,-158.248
1452.000,-158.248
1453.000,-158.248
1454.000,-79.124
1455.000,-79.124
1456.000,-79.124
1457.000,-79.124
1458.000,-158.248
1459.000,-158.248
1460.000,-158.248
1461.000,-158.248
1462.000,-79.124
1463.000,-79.124
1464.000,-79.124
1465.000,-79.124
1466.000,-158.248
1467.000,-158.248
1468.000,-158.248
1469.000,-158.248
1470.000,-79.124
1471.000,-79.124
1472.000,-79.124
1473.000,-79.124
1474.000,-158.248
1475.000,-158.248
1476.000,-158.248
1477.000,-158.248
1478.000,-79.124
1479.000,-79.124
1480.000,-79.124
1481.000,-79.124
1482.000,-158.248
1483.000,-158.248
1484.000,-158.248
1485.000,-158.248
1486.000,-79.124
1487.000,-79.124
1488.000,-79.124
1489.000,-79.124
1490.000,-79.124
1491.000,-158.248
1492.000,-158.248
1493.000,-158.248
1494.000,-158.248
1495.000,-79.124
1496.000,-79.124
1497.000,-79.124
1498.000,-79.124
1499.000,-158.248
1500.000,-158.248
1501.000,-158.248
1502.000,-158.248
1503.000,-79.124
1504.000,-79.124
1505.000,-79.124
1506.000,-79.124
1507.000,-158.248
1508.000,-158.248
1509.000,-158.248
1510.000,-158.248
1511.000,-79.124
1512.000,-79.124
1513.000,-79.124
1514.000,-79.124
1515.000,-158.248
1516.000,-158.248
1517.000,-158.248
1518.000,-158.248
1519.000,-79.124
1520.000,-79.124
1521.000,-79.124
1522.000,-79.124
1523.000,-79.124
1524.000,-158.248
1525.000,-158.248
1526.000,-158.248
1527.000,-158.248
1528.000,-79.124
1529.000,-79.124
1530.000,-79.124
1531.000,-79.124
1532.000,-158.248
1533.000,-158.248
1534.000,-158.248
1535.000,-158.248
1536.000,-158.248
1537.000,-79.124
1538.000,-79.124
1539.000,-79.124
1540.000,-79.124
1541.000,-158.248
1542.000,-158.248
1543.000,-158.248
1544.000,-158.248
1545.000,-79.124
1546.000,-79.124
1547.000,-79.124
1548.000,-79.124
1549.000,-158.248
1550.000,-158.248
1551.000,-158.248
1552.000,-158.248
1553.000,-158.248
1554.000,-79.124
1555.000,-79.124
1556.000,-79.124
1557.000,-79.124
1558.000,-158.248
1559.000,-158.248
1560.000,-158.248
1561.000,-158.248
1562.000,-79.124
1563.000,-79.124
1564.000,-79.124
1565.000,-79.124
1566.000,-158.248
1567.000,-158.248
1568.000,-158.248
1569.000,-158.248
1570.000,-79.124
1571.000,-79.124
1572.000,-79.124
1573.000,-79.124
1574.000,-158.248
1575.000,-158.248
1576.000,-158.248
1577.000,-158.248
1578.000,-79.124
1579.000,-79.124
1580.000,-79.124
1581.000,-79.124
1582.000,-158.248
1583.000,-158.248
1584.000,-158.248
1585.000,-158.248
1586.000,-79.124
1587.000,-79.124
1588.000,-79.124
1589.000,-79.124
1590.000,-79.124
1591.000,-158.248
1592.000,-158.248
1593.000,-158.248
1594.000,-158.248
1595.000,-79.124
1596.000,-79.124
1597.000,-79.124
1598.000,-79.124
1599.000,-158.248
1600.000,-158.248
1601.000,-158.248
1602.000,-158.248
1603.000,-79.124
1604.000,-79.124
1605.000,-79.124
1606.000,-79.124
1607.000,-158.248
1608.000,-158.248
1609.000,-158.248
1610.000,-158.248
1611.000,-158.248
1612.000,-79.124
1613.000,-79.124
1614.000,-79.124
1615.000,-79.124
1616.000,-158.248
1617.000,-158.248
1618.000,-158.248
1619.000,-158.248
1620.000,-79.124
1621.000,-79.124
1622.000,-79.124
1623.000,-79.124
1624.000,-158.248
1625.000,-158.248
1626.000,-158.248
1627.000,-158.248
1628.000,-79.124
1629.000,-79.124
1630.000,-79.124
1631.000,-79.124
1632.000,-158.248
1633.000,-158.248
1634.000,-158.248
1635.000,-158.248
1636.000,-79.124
1637.000,-79.124
1638.000,-79.124
1639.000,-79.124
1640.000,-158.248
1641.000,-158.248
1642.000,-158.248
1643.000,-158.248
1644.000,-158.248
1645.000,-79.124
1646.000,-79.124
1647.000,-79.124
1648.000,-79.124
1649.000,-158.248
1650.000,-158.248
1651.000,-158.248
1652.000,-158.248
1653.000,-79.124
1654.000,-79.124
1655.000,-79.124
1656.000,-79.124
1657.000,-158.248
1658.000,-158.248
1659.000,-158.248
1660.000,-158.248
1661.000,-158.248
1662.000,-79.124
1663.000,-79.124
1664.000,-79.124
1665.000,-79.124
1666.000,-158.248
1667.000,-158.248
1668.000,-158.248
1669.000,-158.248
1670.000,-79.124
1671.000,-79.124
1672.000,-79.124
1673.000,-79.124
1674.000,-158.248
1675.000,-158.248
1676.000,-158.248
1677.000,-158.248
1678.000,-79.124
1679.000,-79.124
1680.000,-79.124
1681.000,-79.124
1682.000,-158.248
1683.000,-158.248
1684.000,-158.248
1685.000,-158.248
1686.000,-79.124
1687.000,-79.124
1688.000,-79.124
1689.000,-79.124
1690.000,-158.248
1691.000,-158.248
1692.000,-158.248
1693.000,-158.248
1694.000,-79.124
1695.000,-79.124
1696.000,-79.124
1697.000,-79.124
1698.000,-79.124
1699.000,-158.248
1700.000,-158.248
1701.000,-158.248
1702.000,-158.248
1703.000,-79.124
1704.000,-79.124
1705.000,-79.124
1706.000,-79.124
1707.000,-158.248
1708.000,-158.248
1709.000,-158.248
1710.000,-158.248
1711.000,-79.124
1712.000,-79.124
1713.000,-79.124
1714.000,-79.124
1715.000,-79.124
1716.000,-158.248
1717.000,-158.248
1718.000,-158.248
1719.000,-158.248
1720.000,-79.124
1721.000,-79.124
1722.000,-79.124
1723.000,-79.124
1724.000,-158.248
1725.000,-158.248
1726.000,-158.248
1727.000,-158.248
1728.000,-79.124
1729.000,-79.124
1730.000,-79.124
1731.000,-79.124
1732.000,-158.248
1733.000,-158.248
1734.000,-158.248
1735.000,-158.248
1736.000,-79.124
1737.000,-79.124
1738.000,-79.124
1739.000,-79.124
1740.000,-79.124
1741.000,-158.248
1742.000,-158.248
1743.000,-158.248
1744.000,-158.248
1745.000,-79.124
1746.000,-79.124
1747.000,-79.124
1748.000,-79.124
1749.000,-158.248
1750.000,-158.248
1751.000,-158.248
1752.000,-158.248
1753.000,-79.124
1754.000,-79.124
1755.000,-79.124
1756.000,-79.124
1757.000,-158.248
1758.000,-158.248
1759.000,-158.248
1760.000,-158.248
1761.000,-79.124
1762.000,-79.124
1763.000,-79.124
1764.000,-79.124
1765.000,-158.248
1766.000,-158.248
1767.000,-158.248
1768.000,-158.248
1769.000,-79.124
1770.000,-79.124
1771.000,-79.124
1772.000,-79.124
1773.000,-158.248
1774.000,-158.248
1775.000,-158.248
1776.000,-158.248
1777.000,-158.248
1778.000,-79.124
1779.000,-79.124
1780.000,-79.124
1781.000,-79.124
1782.000,-158.248
1783.000,-158.248
1784.000,-158.248
1785.000,-158.248
1786.000,-79.124
1787.000,-79.124
1788.000,-79.124
1789.000,-79.124
1790.000,-158.248
1791.000,-158.248
1792.000,-158.248
1793.000,-158.248
1794.000,-158.248
1795.000,-79.124
1796.000,-79.124
1797.000,-79.124
1798.000,-79.124
1799.000,-158.248
1800.000,-158.248
1801.000,-158.248
1802.000,-158.248
1803.000,-79.124
1804.000,-79.124
1805.000,-79.124
1806.000,-79.124
1807.000,-158.248
1808.000,-158.248
1809.000,-158.248
1810.000,-158.248
1811.000,-158.248
1812.000,-79.124
1813.000,-79.124
1814.000,-79.124
1815.000,-79.124
1816.000,-158.248
1817.000,-158.248
1818.000,-158.248
1819.000,-158.248
1820.000,-79.124
1821.000,-79.124
1822.000,-79.124
1823.000,-79.124
1824.000,-158.248
1825.000,-158.248
1826.000,-158.248
1827.000,-158.248
1828.000,-79.124
1829.000,-79.124
1830.000,-79.124
1831.000,-79.124
1832.000,-158.248
1833.000,-158.248
1834.000,-158.248
1835.000,-158.248
1836.000,-79.124
1837.000,-79.124
1838.000,-79.124
1839.000,-79.124
1840.000,-79.124
1841.000,-158.248
1842.000,-158.248
1843.000,-158.248
1844.000,-158.248
1845.000,-79.124
1846.000,-79.124
1847.000,-79.124
1848.000,-79.124
1849.000,-158.248
1850.000,-158.248
1851.000,-158.248
1852.000,-158.248
1853.000,-79.124
1854.000,-79.124
1855.000,-79.124
1856.000,-79.124
1857.000,-158.248
1858.000,-158.248
1859.000,-158.248
1860.000,-158.248
1861.000,-79.124
1862.000,-79.124
1863.000,-79.124
1864.000,-79.124
1865.000,-158.248
1866.000,-158.248
1867.000,-158.248
1868.000,-158.248
1869.000,-79.124
1870.000,-79.124
1871.000,-79.124
1872.000,-79.124
1873.000,-158.248
1874.000,-158.248
1875.000,-158.248
1876.000,-158.248
1877.000,-158.248
1878.000,-79.124
1879.000,-79.124
1880.000,-79.124
1881.000,-79.124
1882.000,-158.248
1883.000,-158.248
1884.000,-158.248
1885.000,-158.248
1886.000,-79.124
1887.000,-79.124
1888.000,-79.124
1889.000,-79.124
1890.000,-158.248
1891.000,-158.248
1892.000,-158.248
1893.000,-158.248
1894.000,-158.248
1895.000,-79.124
1896.000,-79.124
1897.000,-79.124
1898.000,-79.124
1899.000,-158.248
1900.000,-158.248
1901.000,-158.248
1902.000,-158.248
1903.000,-79.124
1904.000,-79.124
1905.000,-79.124
1906.000,-79.124
1907.000,-158.248
1908.000,-158.248
1909.000,-158.248
1910.000,-158.248
1911.000,-79.124
1912.000,-79.124
1913.000,-79.124
1914.000,-79.124
1915.000,-158.248
1916.000,-158.248
1917.000,-158.248
1918.000,-158.248
1919.000,-158.248
1920.000,-79.124
1921.000,-79.124
1922.000,-79.124
1923.000,-79.124
1924.000,-158.248
1925.000,-158.248
1926.000,-158.248
1927.000,-158.248
1928.000,-79.124
1929.000,-79.124
1930.000,-79.124
1931.000,-79.124
1932.000,-158.248
1933.000,-158.248
1934.000,-158.248
1935.000,-158.248
1936.000,-79.124
1937.000,-79.124
1938.000,-79.124
1939.000,-79.124
1940.000,-79.124
1941.000,-158.248
1942.000,-158.248
1943.000,-158.248
1944.000,-158.248
1945.000,-79.124
1946.000,-79.124
1947.000,-79.124
1948.000,-79.124
1949.000,-158.248
1950.000,-158.248
1951.000,-158.248
1952.000,-158.248
1953.000,-79.124
1954.000,-79.124
1955.000,-79.124
1956.000,-79.124
1957.000,-158.248
1958.000,-158.248
1959.000,-158.248
1960.000,-158.248
1961.000,-158.248
1962.000,-79.124
1963.000,-79.124
1964.000,-79.124
1965.000,-79.124
1966.000,-158.248
1967.000,-158.248
1968.000,-158.248
1969.000,-158.248
1970.000,-79.124
1971.000,-79.124
1972.000,-79.124
1973.000,-158.248
1974.000,-158.248
1975.000,-158.248
1976.000,-158.248
1977.000,-79.124
1978.000,-79.124
1979.000,-79.124
1980.000,-79.124
1981.000,-158.248
1982.000,-158.248
1983.000,-158.248
1984.000,-158.248
1985.000,-158.248
1986.000,-79.124
1987.000,-79.124
1988.000,-79.124
1989.000,-79.124
1990.000,-158.248
1991.000,-158.248
1992.000,-158.248
1993.000,-158.248
1994.000,-79.124
1995.000,-79.124
1996.000,-79.124
1997.000,-79.124
1998.000,-158.248
1999.000,-158.248
2000.000,-158.248
2001.000,-158.248
2002.000,-158.248
2003.000,-79.124
2004.000,-79.124
2005.000,-79.124
2006.000,-79.124
2007.000,-158.248
2008.000,-158.248
2009.000,-158.248
2010.000,-158.248
2011.000,-79.124
2012.000,-79.124
2013.000,-79.124
2014.000,-79.124
2015.000,-79.124
2016.000,-158.248
2017.000,-158.248
2018.000,-158.248
2019.000,-158.248
2020.000,-79.124
2021.000,-79.124
2022.000,-79.124
2023.000,-79.124
2024.000,-158.248
2025.000,-158.248
2026.000,-158.248
2027.000,-158.248
2028.000,-79.124
2029.000,-79.124
2030.000,-79.124
2031.000,-79.124
2032.000,-158.248
2033.000,-158.248
2034.000,-158.248
2035.000,-158.248
2036.000,-79.124
2037.000,-79.124
2038.000,-79.124
2039.000,-79.124
2040.000,-158.248
2041.000,-158.248
2042.000,-158.248
2043.000,-158.248
2044.000,-79.124
2045.000,-79.124
2046.000,-79.124
2047.000,-79.124
2048.000,-158.248
2049.000,-158.248
2050.000,-158.248
2051.000,-158.248
2052.000,-79.124
2053.000,-79.124
2054.000,-79.124
2055.000,-79.124
2056.000,-79.124
2057.000,-158.248
2058.000,-158.248
2059.000,-158.248
2060.000,-158.248
2061.000,-79.124
2062.000,-79.124
2063.000,-79.124
2064.000,-79.124
2065.000,-158.248
2066.000,-158.248
2067.000,-158.248
2068.000,-158.248
2069.000,-79.124
2070.000,-79.124
2071.000,-79.124
2072.000,-79.124
2073.000,-79.124
2074.000,-158.248
2075.000,-158.248
2076.000,-158.248
2077.000,-158.248
2078.000,-79.124
2079.000,-79.124
2080.000,-79.124
2081.000,-79.124
2082.000,-158.248
2083.000,-158.248
2084.000,-158.248
2085.000,-158.248
2086.000,-79.124
2087.000,-79.124
2088.000,-79.124
2089.000,-79.124
2090.000,-158.248
2091.000,-158.248
2092.000,-158.248
2093.000,-158.248
2094.000,-79.124
2095.000,-79.124
2096.000,-79.124
2097.000,-79.124
2098.000,-158.248
2099.000,-158.248
2100.000,-158.248
2101.000,-158.248
2102.000,-79.124
2103.000,-79.124
2104.000,-79.124
2105.000,-79.124
2106.000,-79.124
2107.000,-158.248
2108.000,-158.248
2109.000,-158.248
2110.000,-158.248
2111.000,-79.124
2112.000,-79.124
2113.000,-79.124
2114.000,-79.124
2115.000,-158.248
2116.000,-158.248
2117.000,-158.248
2118.000,-158.248
2119.000,-79.124
2120.000,-79.124
2121.000,-79.124
2122.000,-79.124
2123.000,-158.248
2124.000,-158.248
2125.000,-158.248
2126.000,-158.248
2127.000,-158.248
2128.000,-79.124
2129.000,-79.124
2130.000,-79.124
2131.000,-79.124
2132.000,-158.248
2133.000,-158.248
2134.000,-158.248
2135.000,-158.248
2136.000,-79.124
2137.000,-79.124
2138.000,-79.124
2139.000,-79.124
2140.000,-158.248
2141.000,-158.248
2142.000,-158.248
2143.000,-158.248
2144.000,-79.124
2145.000,-79.124
2146.000,-79.124
2147.000,-79.124
2148.000,-79.124
2149.000,-158.248
2150.000,-158.248
2151.000,-158.248
2152.000,-158.248
2153.000,-79.124
2154.000,-79.124
2155.000,-79.124
2156.000,-79.124
2157.000,-158.248
2158.000,-158.248
2159.000,-158.248
2160.000,-158.248
2161.000,-79.124
2162.000,-79.124
2163.000,-79.124
2164.000,-79.124
2165.000,-158.248
2166.000,-158.248
2167.000,-158.248
2168.000,-158.248
2169.000,-158.248
2170.000,-79.124
2171.000,-79.124
2172.000,-79.124
2173.000,-79.124
2174.000,-158.248
2175.000,-158.248
2176.000,-158.248
2177.000,-158.248
2178.000,-79.124
2179.000,-79.124
2180.000,-79.124
2181.000,-79.124
2182.000,-158.248
2183.000,-158.248
2184.000,-158.248
2185.000,-158.248
2186.000,-79.124
2187.000,-79.124
2188.000,-79.124
2189.000,-79.124
2190.000,-158.248
2191.000,-158.248
2192.000,-158.248
2193.000,-158.248
2194.000,-79.124
2195.000,-79.124
2196.000,-79.124
2197.000,-79.124
2198.000,-158.248
2199.000,-158.248
2200.000,-158.248
2201.000,-158.248
2202.000,-158.248
2203.000,-79.124
2204.000,-79.124
2205.000,-79.124
2206.000,-79.124
2207.000,-158.248
2208.000,-158.248
2209.000,-158.248
2210.000,-158.248
2211.000,-79.124
2212.000,-79.124
2213.000,-79.124
2214.000,-79.124
2215.000,-158.248
2216.000,-158.248
2217.000,-158.248
2218.000,-158.248
2219.000,-79.124
2220.000,-79.124
2221.000,-79.124
2222.000,-79.124
2223.000,-79.124
2224.000,-158.248
2225.000,-158.248
2226.000,-158.248
2227.000,-79.124
2228.000,-79.124
2229.000,-79.124
2230.000,-79.124
2231.000,-79.124
2232.000,-158.248
2233.000,-158.248
2234.000,-158.248
2235.000,-158.248
2236.000,-79.124
2237.000,-79.124
2238.000,-79.124
2239.000,-79.124
2240.000,-158.248
2241.000,-158.248
2242.000,-158.248
2243.000,-158.248
2244.000,-79.124
2245.000,-79.124
2246.000,-79.124
2247.000,-79.124
2248.000,-79.124
2249.000,-158.248
2250.000,-158.248
2251.000,-158.248
2252.000,-79.124
2253.000,-79.124
2254.000,-79.124
2255.000,-79.124
2256.000,-79.124
2257.000,-158.248
2258.000,-158.248
2259.000,-158.248
2260.000,-158.248
2261.000,-79.124
2262.000,-79.124
2263.000,-79.124
2264.000,-79.124
2265.000,-158.248
2266.000,-158.248
2267.000,-158.248
2268.000,-158.248
2269.000,-79.124
2270.000,-79.124
2271.000,-79.124
2272.000,-79.124
2273.000,-158.248
2274.000,-158.248
2275.000,-158.248
2276.000,-158.248
2277.000,-79.124
2278.000,-79.124
2279.000,-79.124
2280.000,-79.124
2281.000,-79.124
2282.000,-158.248
2283.000,-158.248
2284.000,-158.248
2285.000,-158.248
2286.000,-79.124
2287.000,-79.124
2288.000,-79.124
2289.000,-79.124
2290.000,-158.248
2291.000,-158.248
2292.000,-158.248
2293.000,-158.248
2294.000,-79.124
2295.000,-79.124
2296.000,-79.124
2297.000,-79.124
2298.000,-79.124
2299.000,-158.248
2300.000,-158.248
2301.000,-158.248
2302.000,-158.248
2303.000,-79.124
2304.000,-79.124
2305.000,-79.124
2306.000,-79.124
2307.000,-158.248
2308.000,-158.248
2309.000,-158.248
2310.000,-158.248
2311.000,-158.248
2312.000,-79.124
2313.000,-79.124
2314.000,-79.124
2315.000,-79.124
2316.000,-158.248
2317.000,-158.248
2318.000,-158.248
2319.000,-158.248
2320.000,-79.124
2321.000,-79.124
2322.000,-79.124
2323.000,-79.124
2324.000,-79.124
2325.000,-158.248
2326.000,-158.248
2327.000,-158.248
2328.000,-79.124
2329.000,-79.124
2330.000,-79.124
2331.000,-79.124
2332.000,-79.124
2333.000,-158.248
2334.000,-158.248
2335.000,-158.248
2336.000,-79.124
2337.000,-79.124
2338.000,-79.124
2339.000,-79.124
2340.000,-158.248
2341.000,-158.248
2342.000,-158.248
2343.000,-79.124
2344.000,-79.124
2345.000,-79.124
2346.000,-79.124
2347.000,-79.124
2348.000,-158.248
2349.000,-158.248
2350.000,-158.248
2351.000,-158.248
2352.000,-79.124
2353.000,-79.124
2354.000,-79.124
2355.000,-79.124
2356.000,-158.248
2357.000,-158.248
2358.000,-158.248
2359.000,-158.248
2360.000,-158.248
2361.000,-79.124
2362.000,-79.124
2363.000,-79.124
2364.000,-79.124
2365.000,-158.248
2366.000,-158.248
2367.000,-158.248
2368.000,-158.248
2369.000,-79.124
2370.000,-79.124
2371.000,-79.124
2372.000,-79.124
2373.000,-79.124
2374.000,-158.248
2375.000,-158.248
2376.000,-158.248
2377.000,-158.248
2378.000,-79.124
2379.000,-79.124
2380.000,-79.124
2381.000,-79.124
2382.000,-158.248
2383.000,-158.248
2384.000,-158.248
2385.000,-158.248
2386.000,-79.124
2387.000,-79.124
2388.000,-79.124
2389.000,-79.124
2390.000,-79.124
2391.000,-158.248
2392.000,-158.248
2393.000,-158.248
2394.000,-158.248
2395.000,-79.124
2396.000,-79.124
2397.000,-79.124
2398.000,-79.124
2399.000,-158.248
2400.000,-158.248
2401.000,-158.248
2402.000,-79.124
2403.000,-79.124
2404.000,-79.124
2405.000,-79.124
2406.000,-79.124
2407.000,-158.248
2408.000,-158.248
2409.000,-158.248
2410.000,-158.248
2411.000,-79.124
2412.000,-79.124
2413.000,-79.124
2414.000,-79.124
2415.000,-158.248
2416.000,-158.248
2417.000,-158.248
2418.000,-158.248
2419.000,-158.248
2420.000,-79.124
2421.000,-79.124
2422.000,-79.124
2423.000,-79.124
2424.000,-158.248
2425.000,-158.248
2426.000,-158.248
2427.000,-158.248
2428.000,-79.124
2429.000,-79.124
2430.000,-79.124
2431.000,-79.124
2432.000,-79.124
2433.000,-158.248
2434.000,-158.248
2435.000,-158.248
2436.000,-158.248
2437.000,-79.124
2438.000,-79.124
2439.000,-79.124
2440.000,-79.124
2441.000,-158.248
2442.000,-158.248
2443.000,-158.248
2444.000,-158.248
2445.000,-79.124
2446.000,-79.124
2447.000,-79.124
2448.000,-79.124
2449.000,-79.124
2450.000,-158.248
2451.000,-158.248
2452.000,-79.124
2453.000,-79.124
2454.000,-79.124
2455.000,-79.124
2456.000,-158.248
2457.000,-158.248
2458.000,-158.248
2459.000,-158.248
2460.000,-79.124
2461.000,-79.124
2462.000,-79.124
2463.000,-79.124
2464.000,-79.124
2465.000,-158.248
2466.000,-158.248
2467.000,-158.248
2468.000,-158.248
2469.000,-79.124
2470.000,-79.124
2471.000,-79.124
2472.000,-79.124
2473.000,-158.248
2474.000,-158.248
2475.000,-158.248
2476.000,-158.248
2477.000,-79.124
2478.000,-79.124
2479.000,-79.124
2480.000,-79.124
2481.000,-79.124
2482.000,-158.248
2483.000,-158.248
2484.000,-158.248
2485.000,-158.248
2486.000,-79.124
2487.000,-79.124
2488.000,-79.124
2489.000,-79.124
2490.000,-158.248
2491.000,-158.248
2492.000,-158.248
2493.000,-158.248
2494.000,-79.124
2495.000,-79.124
2496.000,-79.124
2497.000,-79.124
2498.000,-79.124
2499.000,-158.248
2500.000,-158.248
2501.000,-158.248
2502.000,-158.248
2503.000,-79.124
2504.000,-79.124
2505.000,-79.124
2506.000,-79.124
2507.000,-79.124
2508.000,-158.248
2509.000,-158.248
2510.000,-158.248
2511.000,-158.248
2512.000,-79.124
2513.000,-79.124
2514.000,-79.124
2515.000,-79.124
2516.000,-158.248
2517.000,-158.248
2518.000,-158.248
2519.000,-158.248
2520.000,-79.124
2521.000,-79.124
2522.000,-79.124
2523.000,-79.124
2524.000,-79.124
2525.000,-158.248
2526.000,-158.248
2527.000,-158.248
2528.000,-79.124
2529.000,-79.124
2530.000,-79.124
2531.000,-79.124
2532.000,-79.124
2533.000,-158.248
2534.000,-158.248
2535.000,-158.248
2536.000,-79.124
2537.000,-79.124
2538.000,-79.124
2539.000,-79.124
2540.000,-158.248
2541.000,-158.248
2542.000,-158.248
2543.000,-158.248
2544.000,-79.124
2545.000,-79.124
2546.000,-79.124
2547.000,-79.124
2548.000,-79.124
2549.000,-158.248
2550.000,-158.248
2551.000,-158.248
2552.000,-79.124
2553.000,-79.124
2554.000,-79.124
2555.000,-79.124
2556.000,-79.124
2557.000,-158.248
2558.000,-158.248
2559.000,-158.248
2560.000,-158.248
2561.000,-79.124
2562.000,-79.124
2563.000,-79.124
2564.000,-79.124
2565.000,-79.124
2566.000,-158.248
2567.000,-158.248
2568.000,-158.248
2569.000,-158.248
2570.000,-79.124
2571.000,-79.124
2572.000,-79.124
2573.000,-79.124
2574.000,-158.248
2575.000,-158.248
2576.000,-158.248
2577.000,-158.248
2578.000,-79.124
2579.000,-79.124
2580.000,-79.124
2581.000,-79.124
2582.000,-158.248
2583.000,-158.248
2584.000,-158.248
2585.000,-158.248
2586.000,-158.248
2587.000,-79.124
2588.000,-79.124
2589.000,-79.124
2590.000,-79.124
2591.000,-158.248
2592.000,-158.248
2593.000,-158.248
2594.000,-158.248
2595.000,-79.124
2596.000,-79.124
2597.000,-79.124
2598.000,-79.124
2599.000,-158.248
2600.000,-158.248
2601.000,-158.248
2602.000,-158.248
2603.000,-79.124
2604.000,-79.124
2605.000,-79.124
2606.000,-79.124
2607.000,-79.124
2608.000,-158.248
2609.000,-158.248
2610.000,-158.248
2611.000,-79.124
2612.000,-79.124
2613.000,-79.124
2614.000,-79.124
2615.000,-79.124
2616.000,-158.248
2617.000,-158.248
2618.000,-158.248
2619.000,-79.124
2620.000,-79.124
2621.000,-79.124
2622.000,-79.124
2623.000,-79.124
2624.000,-158.248
2625.000,-158.248
2626.000,-158.248
2627.000,-158.248
2628.000,-79.124
2629.000,-79.124
2630.000,-79.124
2631.000,-79.124
2632.000,-158.248
2633.000,-158.248
2634.000,-158.248
2635.000,-158.248
2636.000,-79.124
2637.000,-79.124
2638.000,-79.124
2639.000,-79.124
2640.000,-158.248
2641.000,-158.248
2642.000,-158.248
2643.000,-158.248
2644.000,-79.124
2645.000,-79.124
2646.000,-79.124
2647.000,-79.124
2648.000,-79.124
2649.000,-158.248
2650.000,-158.248
2651.000,-158.248
2652.000,-158.248
2653.000,-79.124
2654.000,-79.124
2655.000,-79.124
2656.000,-79.124
2657.000,-79.124
2658.000,-158.248
2659.000,-158.248
2660.000,-158.248
2661.000,-79.124
2662.000,-79.124
2663.000,-79.124
2664.000,-79.124
2665.000,-79.124
2666.000,-158.248
2667.000,-158.248
2668.000,-158.248
2669.000,-158.248
2670.000,-79.124
2671.000,-79.124
2672.000,-79.124
2673.000,-79.124
2674.000,-79.124
2675.000,-158.248
2676.000,-158.248
2677.000,-158.248
2678.000,-79.124
2679.000,-79.124
2680.000,-79.124
2681.000,-79.124
2682.000,-79.124
2683.000,-158.248
2684.000,-158.248
2685.000,-158.248
2686.000,-158.248
2687.000,-79.124
2688.000,-79.124
2689.000,-79.124
2690.000,-79.124
2691.000,-158.248
2692.000,-158.248
2693.000,-158.248
2694.000,-158.248
2695.000,-79.124
2696.000,-79.124
2697.000,-79.124
2698.000,-79.124
2699.000,-158.248
2700.000,-158.248
2701.000,-158.248
2702.000,-158.248
2703.000,-79.124
2704.000,-79.124
2705.000,-79.124
2706.000,-79.124
2707.000,-158.248
2708.000,-158.248
2709.000,-158.248
2710.000,-158.248
2711.000,-79.124
2712.000,-79.124
2713.000,-79.124
2714.000,-79.124
2715.000,-158.248
2716.000,-158.248
2717.000,-158.248
2718.000,-158.248
2719.000,-79.124
2720.000,-79.124
2721.000,-79.124
2722.000,-79.124
2723.000,-79.124
2724.000,-158.248
2725.000,-158.248
2726.000,-158.248
2727.000,-158.248
2728.000,-79.124
2729.000,-79.124
2730.000,-79.124
2731.000,-79.124
2732.000,-158.248
2733.000,-158.248
2734.000,-158.248
2735.000,-158.248
2736.000,-158.248
2737.000,-79.124
2738.000,-79.124
2739.000,-79.124
2740.000,-79.124
2741.000,-158.248
2742.000,-158.248
2743.000,-158.248
2744.000,-158.248
2745.000,-79.124
2746.000,-79.124
2747.000,-79.124
2748.000,-79.124
2749.000,-158.248
2750.000,-158.248
2751.000,-158.248
2752.000,-158.248
2753.000,-79.124
2754.000,-79.124
2755.000,-79.124
2756.000,-79.124
2757.000,-158.248
2758.000,-158.248
2759.000,-158.248
2760.000,-158.248
2761.000,-79.124
2762.000,-79.124
2763.000,-79.124
2764.000,-79.124
2765.000,-158.248
2766.000,-158.248
2767.000,-158.248
2768.000,-158.248
2769.000,-79.124
2770.000,-79.124
2771.000,-79.124
2772.000,-79.124
2773.000,-79.124
2774.000,-158.248
2775.000,-158.248
2776.000,-158.248
2777.000,-158.248
2778.000,-79.124
2779.000,-79.124
2780.000,-79.124
2781.000,-79.124
2782.000,-79.124
2783.000,-158.248
2784.000,-158.248
2785.000,-158.248
2786.000,-158.248
2787.000,-79.124
2788.000,-79.124
2789.000,-79.124
2790.000,-79.124
2791.000,-158.248
2792.000,-158.248
2793.000,-158.248
2794.000,-158.248
2795.000,-79.124
2796.000,-79.124
2797.000,-79.124
2798.000,-79.124
2799.000,-79.124
2800.000,-158.248
2801.000,-158.248
2802.000,-158.248
2803.000,-158.248
2804.000,-79.124
2805.000,-79.124
2806.000,-79.124
2807.000,-79.124
2808.000,-158.248
2809.000,-158.248
2810.000,-158.248
2811.000,-158.248
2812.000,-79.124
2813.000,-79.124
2814.000,-79.124
2815.000,-79.124
2816.000,-158.248
2817.000,-158.248
2818.000,-158.248
2819.000,-79.124
2820.000,-79.124
2821.000,-79.124
2822.000,-79.124
2823.000,-79.124
2824.000,-158.248
2825.000,-158.248
2826.000,-158.248
2827.000,-79.124
2828.000,-79.124
2829.000,-79.124
2830.000,-79.124
2831.000,-79.124
2832.000,-158.248
2833.000,-158.248
2834.000,-158.248
2835.000,-158.248
2836.000,-79.124
2837.000,-79.124
2838.000,-79.124
2839.000,-79.124
2840.000,-158.248
2841.000,-158.248
2842.000,-158.248
2843.000,-158.248
2844.000,-79.124
2845.000,-79.124
2846.000,-79.124
2847.000,-79.124
2848.000,-79.124
2849.000,-158.248
2850.000,-158.248
2851.000,-158.248
2852.000,-158.248
2853.000,-79.124
2854.000,-79.124
2855.000,-79.124
2856.000,-79.124
2857.000,-158.248
2858.000,-158.248
2859.000,-158.248
2860.000,-158.248
2861.000,-79.124
2862.000,-79.124
2863.000,-79.124
2864.000,-79.124
2865.000,-79.124
2866.000,-158.248
2867.000,-158.248
2868.000,-158.248
2869.000,-158.248
2870.000,-79.124
2871.000,-79.124
2872.000,-79.124
2873.000,-79.124
2874.000,-158.248
2875.000,-158.248
2876.000,-158.248
2877.000,-158.248
2878.000,-79.124
2879.000,-79.124
2880.000,-79.124
2881.000,-79.124
2882.000,-79.124
2883.000,-158.248
2884.000,-158.248
2885.000,-158.248
2886.000,-79.124
2887.000,-79.124
2888.000,-79.124
2889.000,-79.124
2890.000,-79.124
2891.000,-158.248
2892.000,-158.248
2893.000,-158.248
2894.000,-158.248
2895.000,-79.124
2896.000,-79.124
2897.000,-79.124
2898.000,-79.124
2899.000,-158.248
2900.000,-158.248
2901.000,-158.248
2902.000,-158.248
2903.000,-79.124
2904.000,-79.124
2905.000,-79.124
2906.000,-79.124
2907.000,-158.248
2908.000,-158.248
2909.000,-158.248
2910.000,-158.248
2911.000,-79.124
2912.000,-79.124
2913.000,-79.124
2914.000,-79.124
2915.000,-79.124
2916.000,-158.248
2917.000,-158.248
2918.000,-158.248
2919.000,-158.248
2920.000,-79.124
2921.000,-79.124
2922.000,-79.124
2923.000,-79.124
2924.000,-158.248
2925.000,-158.248
2926.000,-158.248
2927.000,-158.248
2928.000,-79.124
2929.000,-79.124
2930.000,-79.124
2931.000,-79.124
2932.000,-158.248
2933.000,-158.248
2934.000,-158.248
2935.000,-158.248
2936.000,-79.124
2937.000,-79.124
2938.000,-79.124
2939.000,-79.124
2940.000,-79.124
2941.000,-158.248
2942.000,-158.248
2943.000,-158.248
2944.000,-79.124
2945.000,-79.124
2946.000,-79.124
2947.000,-79.124
2948.000,-79.124
2949.000,-158.248
2950.000,-158.248
2951.000,-158.248
2952.000,-158.248
2953.000,-79.124
2954.000,-79.124
2955.000,-79.124
2956.000,-79.124
2957.000,-158.248
2958.000,-158.248
2959.000,-158.248
2960.000,-158.248
2961.000,-79.124
2962.000,-79.124
2963.000,-79.124
2964.000,-79.124
2965.000,-158.248
2966.000,-158.248
2967.000,-158.248
2968.000,-158.248
2969.000,-79.124
2970.000,-79.124
2971.000,-79.124
2972.000,-79.124
2973.000,-79.124
2974.000,-158.248
2975.000,-158.248
2976.000,-158.248
2977.000,-158.248
2978.000,-79.124
2979.000,-79.124
2980.000,-79.124
2981.000,-79.124
2982.000,-158.248
2983.000,-158.248
2984.000,-158.248
2985.000,-158.248
2986.000,-79.124
2987.000,-79.124
2988.000,-79.124
2989.000,-79.124
2990.000,-158.248
2991.000,-158.248
2992.000,-158.248
2993.000,-158.248
2994.000,-158.248
2995.000,-79.124
2996.000,-79.124
2997.000,-79.124
2998.000,-79.124
2999.000,-158.248
3000.000,-158.248
3001.000,-158.248
3002.000,-158.248
3003.000,-79.124
3004.000,-79.124
3005.000,-79.124
3006.000,-79.124
3007.000,-158.248
3008.000,-158.248
3009.000,-158.248
3010.000,-158.248
3011.000,-79.124
3012.000,-79.124
3013.000,-79.124
3014.000,-79.124
3015.000,-79.124
3016.000,-158.248
3017.000,-158.248
3018.000,-158.248
3019.000,-158.248
3020.000,-79.124
3021.000,-79.124
3022.000,-79.124
3023.000,-79.124
3024.000,-158.248
3025.000,-158.248
3026.000,-158.248
3027.000,-158.248
3028.000,-79.124
3029.000,-79.124
3030.000,-79.124
3031.000,-79.124
3032.000,-79.124
3033.000,-158.248
3034.000,-158.248
3035.000,-158.248
3036.000,-79.124
3037.000,-79.124
3038.000,-79.124
3039.000,-79.124
3040.000,-79.124
3041.000,-158.248
3042.000,-158.248
3043.000,-158.248
3044.000,-79.124
3045.000,-79.124
3046.000,-79.124
3047.000,-79.124
3048.000,-79.124
3049.000,-158.248
3050.000,-158.248
3051.000,-158.248
3052.000,-79.124
3053.000,-79.124
3054.000,-79.124
3055.000,-79.124
3056.000,-79.124
3057.000,-158.248
3058.000,-158.248
3059.000,-158.248
3060.000,-158.248
3061.000,-79.124
3062.000,-79.124
3063.000,-79.124
3064.000,-79.124
3065.000,-158.248
3066.000,-158.248
3067.000,-158.248
3068.000,-158.248
3069.000,-79.124
3070.000,-79.124
3071.000,-79.124
3072.000,-79.124
3073.000,-79.124
3074.000,-158.248
3075.000,-158.248
3076.000,-158.248
3077.000,-158.248
3078.000,-79.124
3079.000,-79.124
3080.000,-79.124
3081.000,-79.124
3082.000,-158.248
3083.000,-158.248
3084.000,-158.248
3085.000,-158.248
3086.000,-79.124
3087.000,-79.124
3088.000,-79.124
3089.000,-79.124
3090.000,-79.124
3091.000,-158.248
3092.000,-158.248
3093.000,-158.248
3094.000,-158.248
3095.000,-79.124
3096.000,-79.124
3097.000,-79.124
3098.000,-79.124
3099.000,-158.248
3100.000,-158.248
3101.000,-158.248
3102.000,-158.248
3103.000,-79.124
3104.000,-79.124
3105.000,-79.124
3106.000,-79.124
3107.000,-158.248
3108.000,-158.248
3109.000,-158.248
3110.000,-158.248
3111.000,-79.124
3112.000,-79.124
3113.000,-79.124
3114.000,-79.124
3115.000,-158.248
3116.000,-158.248
3117.000,-158.248
3118.000,-158.248
3119.000,-79.124
3120.000,-79.124
3121.000,-79.124
3122.000,-79.124
3123.000,-158.248
3124.000,-158.248
3125.000,-158.248
3126.000,-158.248
3127.000,-79.124
3128.000,-79.124
3129.000,-79.124
3130.000,-79.124
3131.000,-79.124
3132.000,-158.248
3133.000,-158.248
3134.000,-158.248
3135.000,-158.248
3136.000,-79.124
3137.000,-79.124
3138.000,-79.124
3139.000,-79.124
3140.000,-158.248
3141.000,-158.248
3142.000,-158.248
3143.000,-158.248
3144.000,-79.124
3145.000,-79.124
3146.000,-79.124
3147.000,-79.124
3148.000,-79.124
3149.000,-158.248
3150.000,-158.248
3151.000,-158.248
3152.000,-158.248
3153.000,-79.124
3154.000,-79.124
3155.000,-79.124
3156.000,-79.124
3157.000,-79.124
3158.000,-158.248
3159.000,-158.248
3160.000,-158.248
3161.000,-79.124
3162.000,-79.124
3163.000,-79.124
3164.000,-79.124
3165.000,-79.124
3166.000,-158.248
3167.000,-158.248
3168.000,-158.248
3169.000,-158.248
3170.000,-79.124
3171.000,-79.124
3172.000,-79.124
3173.000,-79.124
3174.000,-158.248
3175.000,-158.248
3176.000,-158.248
3177.000,-158.248
3178.000,-79.124
3179.000,-79.124
3180.000,-79.124
3181.000,-79.124
3182.000,-158.248
3183.000,-158.248
3184.000,-158.248
3185.000,-158.248
3186.000,-79.124
3187.000,-79.124
3188.000,-79.124
3189.000,-79.124
3190.000,-158.248
3191.000,-158.248
3192.000,-158.248
3193.000,-158.248
3194.000,-79.124
3195.000,-79.124
3196.000,-79.124
3197.000,-79.124
3198.000,-79.124
3199.000,-158.248
3200.000,-158.248
3201.000,-158.248
3202.000,-158.248
3203.000,-79.124
3204.000,-79.124
3205.000,-79.124
3206.000,-79.124
3207.000,-158.248
3208.000,-158.248
3209.000,-158.248
3210.000,-158.248
3211.000,-79.124
3212.000,-79.124
3213.000,-79.124
3214.000,-79.124
3215.000,-158.248
3216.000,-158.248
3217.000,-158.248
3218.000,-158.248
3219.000,-79.124
3220.000,-79.124
3221.000,-79.124
3222.000,-79.124
3223.000,-79.124
3224.000,-158.248
3225.000,-158.248
3226.000,-158.248
3227.000,-79.124
3228.000,-79.124
3229.000,-79.124
3230.000,-79.124
3231.000,-79.124
3232.000,-158.248
3233.000,-158.248
3234.000,-158.248
3235.000,-158.248
3236.000,-79.124
3237.000,-79.124
3238.000,-79.124
3239.000,-79.124
3240.000,-158.248
3241.000,-158.248
3242.000,-158.248
3243.000,-158.248
3244.000,-79.124
3245.000,-79.124
3246.000,-79.124
3247.000,-79.124
3248.000,-79.124
3249.000,-158.248
3250.000,-158.248
3251.000,-158.248
3252.000,-158.248
3253.000,-79.124
3254.000,-79.124
3255.000,-79.124
3256.000,-79.124
3257.000,-158.248
3258.000,-158.248
3259.000,-158.248
3260.000,-158.248
3261.000,-79.124
3262.000,-79.124
3263.000,-79.124
3264.000,-79.124
3265.000,-79.124
3266.000,-158.248
3267.000,-158.248
3268.000,-158.248
3269.000,-79.124
3270.000,-79.124
3271.000,-79.124
3272.000,-79.124
3273.000,-79.124
3274.000,-158.248
3275.000,-158.248
3276.000,-158.248
3277.000,-158.248
3278.000,-79.124
3279.000,-79.124
3280.000,-79.124
3281.000,-79.124
3282.000,-79.124
3283.000,-158.248
3284.000,-158.248
3285.000,-158.248
3286.000,-79.124
3287.000,-79.124
3288.000,-79.124
3289.000,-79.124
3290.000,-79.124
3291.000,-158.248
3292.000,-158.248
3293.000,-158.248
3294.000,-158.248
3295.000,-79.124
3296.000,-79.124
3297.000,-79.124
3298.000,-79.124
3299.000,-158.248
3300.000,-158.248
3301.000,-158.248
3302.000,-79.124
3303.000,-79.124
3304.000,-79.124
3305.000,-79.124
3306.000,-79.124
3307.000,-158.248
3308.000,-158.248
3309.000,-158.248
3310.000,-79.124
3311.000,-79.124
3312.000,-79.124
3313.000,-79.124
3314.000,-79.124
3315.000,-158.248
3316.000,-158.248
3317.000,-158.248
3318.000,-158.248
3319.000,-79.124
3320.000,-79.124
3321.000,-79.124
3322.000,-79.124
3323.000,-158.248
3324.000,-158.248
3325.000,-158.248
3326.000,-158.248
3327.000,-79.124
3328.000,-79.124
3329.000,-79.124
3330.000,-79.124
3331.000,-79.124
3332.000,-158.248
3333.000,-158.248
3334.000,-158.248
3335.000,-158.248
3336.000,-79.124
3337.000,-79.124
3338.000,-79.124
3339.000,-79.124
3340.000,-158.248
3341.000,-158.248
3342.000,-158.248
3343.000,-158.248
3344.000,-79.124
3345.000,-79.124
3346.000,-79.124
3347.000,-79.124
3348.000,-79.124
3349.000,-158.248
3350.000,-158.248
3351.000,-158.248
3352.000,-158.248
3353.000,-79.124
3354.000,-79.124
3355.000,-79.124
3356.000,-79.124
3357.000,-158.248
3358.000,-158.248
3359.000,-158.248
3360.000,-158.248
3361.000,-79.124
3362.000,-79.124
3363.000,-79.124
3364.000,-79.124
3365.000,-79.124
3366.000,-158.248
3367.000,-158.248
3368.000,-158.248
3369.000,-79.124
3370.000,-79.124
3371.000,-79.124
3372.000,-79.124
3373.000,-79.124
3374.000,-158.248
3375.000,-158.248
3376.000,-158.248
3377.000,-158.248
3378.000,-79.124
3379.000,-79.124
3380.000,-79.124
3381.000,-79.124
3382.000,-79.124
3383.000,-158.248
3384.000,-158.248
3385.000,-158.248
3386.000,-79.124
3387.000,-79.124
3388.000,-79.124
3389.000,-79.124
3390.000,-79.124
3391.000,-158.248
3392.000,-158.248
3393.000,-158.248
3394.000,-79.124
3395.000,-79.124
3396.000,-79.124
3397.000,-79.124
3398.000,-79.124
3399.000,-158.248
3400.000,-158.248
3401.000,-158.248
3402.000,-79.124
3403.000,-79.124
3404.000,-79.124
3405.000,-79.124
3406.000,-79.124
3407.000,-158.248
3408.000,-158.248
3409.000,-158.248
3410.000,-79.124
3411.000,-79.124
3412.000,-79.124
3413.000,-79.124
3414.000,-79.124
3415.000,-158.248
3416.000,-158.248
3417.000,-158.248
3418.000,-158.248
3419.000,-79.124
3420.000,-79.124
3421.000,-79.124
3422.000,-79.124
3423.000,-79.124
3424.000,-158.248
3425.000,-158.248
3426.000,-158.248
3427.000,-79.124
3428.000,-79.124
3429.000,-79.124
3430.000,-79.124
3431.000,-79.124
3432.000,-158.248
3433.000,-158.248
3434.000,-158.248
3435.000,-158.248
3436.000,-79.124
3437.000,-79.124
3438.000,-79.124
3439.000,-79.124
3440.000,-79.124
3441.000,-158.248
3442.000,-158.248
3443.000,-158.248
3444.000,-79.124
3445.000,-79.124
3446.000,-79.124
3447.000,-79.124
3448.000,-79.124
3449.000,-158.248
3450.000,-158.248
3451.000,-158.248
3452.000,-158.248
3453.000,-79.124
3454.000,-79.124
3455.000,-79.124
3456.000,-79.124
3457.000,-158.248
3458.000,-158.248
3459.000,-158.248
3460.000,-158.248
3461.000,-79.124
3462.000,-79.124
3463.000,-79.124
3464.000,-79.124
3465.000,-158.248
3466.000,-158.248
3467.000,-158.248
3468.000,-158.248
3469.000,-79.124
3470.000,-79.124
3471.000,-79.124
3472.000,-79.124
3473.000,-158.248
3474.000,-158.248
3475.000,-158.248
3476.000,-158.248
3477.000,-79.124
3478.000,-79.124
3479.000,-79.124
3480.000,-79.124
3481.000,-79.124
3482.000,-158.248
3483.000,-158.248
3484.000,-158.248
3485.000,-79.124
3486.000,-79.124
3487.000,-79.124
3488.000,-79.124
3489.000,-79.124
3490.000,-158.248
3491.000,-158.248
3492.000,-158.248
3493.000,-158.248
3494.000,-79.124
3495.000,-79.124
3496.000,-79.124
3497.000,-79.124
3498.000,-79.124
3499.000,-158.248
3500.000,-158.248
3501.000,-158.248
3502.000,-158.248
3503.000,-79.124
3504.000,-79.124
3505.000,-79.124
3506.000,-79.124
3507.000,-158.248
3508.000,-158.248
3509.000,-158.248
3510.000,-158.248
3511.000,-79.124
3512.000,-79.124
3513.000,-79.124
3514.000,-79.124
3515.000,-79.124
3516.000,-158.248
3517.000,-158.248
3518.000,-158.248
3519.000,-158.248
3520.000,-79.124
3521.000,-79.124
3522.000,-79.124
3523.000,-79.124
3524.000,-158.248
3525.000,-158.248
3526.000,-158.248
3527.000,-79.124
3528.000,-79.124
3529.000,-79.124
3530.000,-79.124
3531.000,-79.124
3532.000,-158.248
3533.000,-158.248
3534.000,-158.248
3535.000,-79.124
3536.000,-79.124
3537.000,-79.124
3538.000,-79.124
3539.000,-79.124
3540.000,-158.248
3541.000,-158.248
3542.000,-158.248
3543.000,-158.248
3544.000,-79.124
3545.000,-79.124
3546.000,-79.124
3547.000,-79.124
3548.000,-79.124
3549.000,-158.248
3550.000,-158.248
3551.000,-158.248
3552.000,-158.248
3553.000,-79.124
3554.000,-79.124
3555.000,-79.124
3556.000,-79.124
3557.000,-158.248
3558.000,-158.248
3559.000,-158.248
3560.000,-158.248
3561.000,-79.124
3562.000,-79.124
3563.000,-79.124
3564.000,-79.124
3565.000,-79.124
3566.000,-158.248
3567.000,-158.248
3568.000,-158.248
3569.000,-79.124
3570.000,-79.124
3571.000,-79.124
3572.000,-79.124
3573.000,-79.124
3574.000,-158.248
3575.000,-158.248
3576.000,-158.248
3577.000,-79.124
3578.000,-79.124
3579.000,-79.124
3580.000,-79.124
3581.000,-79.124
3582.000,-158.248
3583.000,-158.248
3584.000,-158.248
3585.000,-79.124
3586.000,-79.124
3587.000,-79.124
3588.000,-79.124
3589.000,-79.124
3590.000,-158.248
3591.000,-158.248
3592.000,-158.248
3593.000,-79.124
3594.000,-79.124
3595.000,-79.124
3596.000,-79.124
3597.000,-79.124
3598.000,-158.248
3599.000,-158.248
3600.000,-158.248
3601.000,-158.248
3602.000,-79.124
3603.000,-79.124
3604.000,-79.124
3605.000,-79.124
3606.000,-79.124
3607.000,-158.248
3608.000,-158.248
3609.000,-158.248
3610.000,-158.248
3611.000,-79.124
3612.000,-79.124
3613.000,-79.124
3614.000,-79.124
3615.000,-158.248
3616.000,-158.248
3617.000,-158.248
3618.000,-158.248
3619.000,-79.124
3620.000,-79.124
3621.000,-79.124
3622.000,-79.124
3623.000,-79.124
3624.000,-158.248
3625.000,-158.248
3626.000,-158.248
3627.000,-158.248
3628.000,-79.124
3629.000,-79.124
3630.000,-79.124
3631.000,-79.124
3632.000,-158.248
3633.000,-158.248
3634.000,-158.248
3635.000,-158.248
3636.000,-79.124
3637.000,-79.124
3638.000,-79.124
3639.000,-79.124
3640.000,-79.124
3641.000,-158.248
3642.000,-158.248
3643.000,-158.248
3644.000,-158.248
3645.000,-79.124
3646.000,-79.124
3647.000,-79.124
3648.000,-79.124
3649.000,-158.248
3650.000,-158.248
3651.000,-158.248
3652.000,-158.248
3653.000,-79.124
3654.000,-79.124
3655.000,-79.124
3656.000,-79.124
3657.000,-79.124
3658.000,-158.248
3659.000,-158.248
3660.000,-158.248
3661.000,-79.124
3662.000,-79.124
3663.000,-79.124
3664.000,-79.124
3665.000,-79.124
3666.000,-158.248
3667.000,-158.248
3668.000,-158.248
3669.000,-79.124
3670.000,-79.124
3671.000,-79.124
3672.000,-79.124
3673.000,-79.124
3674.000,-158.248
3675.000,-158.248
3676.000,-158.248
3677.000,-79.124
3678.000,-79.124
3679.000,-79.124
3680.000,-79.124
3681.000,-79.124
3682.000,-158.248
3683.000,-158.248
3684.000,-158.248
3685.000,-79.124
3686.000,-79.124
3687.000,-79.124
3688.000,-79.124
3689.000,-79.124
3690.000,-158.248
3691.000,-158.248
3692.000,-158.248
3693.000,-158.248
3694.000,-79.124
3695.000,-79.124
3696.000,-79.124
3697.000,-79.124
3698.000,-79.124
3699.000,-158.248
3700.000,-158.248
3701.000,-158.248
3702.000,-79.124
3703.000,-79.124
3704.000,-79.124
3705.000,-79.124
3706.000,-79.124
3707.000,-158.248
3708.000,-158.248
3709.000,-158.248
3710.000,-158.248
3711.000,-79.124
3712.000,-79.124
3713.000,-79.124
3714.000,-79.124
3715.000,-158.248
3716.000,-158.248
3717.000,-158.248
3718.000,-158.248
3719.000,-79.124
3720.000,-79.124
3721.000,-79.124
3722.000,-79.124
3723.000,-79.124
3724.000,-158.248
3725.000,-158.248
3726.000,-158.248
3727.000,-158.248
3728.000,-79.124
3729.000,-79.124
3730.000,-79.124
3731.000,-79.124
3732.000,-158.248
3733.000,-158.248
3734.000,-158.248
3735.000,-158.248
3736.000,-79.124
3737.000,-79.124
3738.000,-79.124
3739.000,-79.124
3740.000,-79.124
3741.000,-158.248
3742.000,-158.248
3743.000,-158.248
3744.000,-79.124
3745.000,-79.124
3746.000,-79.124
3747.000,-79.124
3748.000,-79.124
3749.000,-158.248
3750.000,-158.248
3751.000,-158.248
3752.000,-158.248
3753.000,-79.124
3754.000,-79.124
3755.000,-79.124
3756.000,-79.124
3757.000,-79.124
3758.000,-158.248
3759.000,-158.248
3760.000,-158.248
3761.000,-79.124
3762.000,-79.124
3763.000,-79.124
3764.000,-79.124
3765.000,-79.124
3766.000,-158.248
3767.000,-158.248
3768.000,-158.248
3769.000,-158.248
3770.000,-79.124
3771.000,-79.124
3772.000,-79.124
3773.000,-79.124
3774.000,-158.248
3775.000,-158.248
3776.000,-158.248
3777.000,-158.248
3778.000,-79.124
3779.000,-79.124
3780.000,-79.124
3781.000,-79.124
3782.000,-79.124
3783.000,-158.248
3784.000,-158.248
3785.000,-158.248
3786.000,-79.124
3787.000,-79.124
3788.000,-79.124
3789.000,-79.124
3790.000,-79.124
3791.000,-158.248
3792.000,-158.248
3793.000,-158.248
3794.000,-79.124
3795.000,-79.124
3796.000,-79.124
3797.000,-79.124
3798.000,-79.124
3799.000,-158.248
3800.000,-158.248
3801.000,-158.248
3802.000,-158.248
3803.000,-79.124
3804.000,-79.124
3805.000,-79.124
3806.000,-79.124
3807.000,-79.124
3808.000,-158.248
3809.000,-158.248
3810.000,-158.248
3811.000,-79.124
3812.000,-79.124
3813.000,-79.124
3814.000,-79.124
3815.000,-79.124
3816.000,-158.248
3817.000,-158.248
3818.000,-158.248
3819.000,-79.124
3820.000,-79.124
3821.000,-79.124
3822.000,-79.124
3823.000,-79.124
3824.000,-158.248
3825.000,-158.248
3826.000,-158.248
3827.000,-79.124
3828.000,-79.124
3829.000,-79.124
3830.000,-79.124
3831.000,-79.124
3832.000,-158.248
3833.000,-158.248
3834.000,-158.248
3835.000,-79.124
3836.000,-79.124
3837.000,-79.124
3838.000,-79.124
3839.000,-79.124
3840.000,-158.248
3841.000,-158.248
3842.000,-158.248
3843.000,-158.248
3844.000,-79.124
3845.000,-79.124
3846.000,-79.124
3847.000,-79.124
3848.000,-79.124
3849.000,-158.248
3850.000,-158.248
3851.000,-158.248
3852.000,-158.248
3853.000,-79.124
3854.000,-79.124
3855.000,-79.124
3856.000,-79.124
3857.000,-79.124
3858.000,-158.248
3859.000,-158.248
3860.000,-158.248
3861.000,-158.248
3862.000,-79.124
3863.000,-79.124
3864.000,-79.124
3865.000,-79.124
3866.000,-158.248
3867.000,-158.248
3868.000,-158.248
3869.000,-158.248
3870.000,-79.124
3871.000,-79.124
3872.000,-79.124
3873.000,-79.124
3874.000,-79.124
3875.000,-158.248
3876.000,-158.248
3877.000,-158.248
3878.000,-79.124
3879.000,-79.124
3880.000,-79.124
3881.000,-79.124
3882.000,-79.124
3883.000,-158.248
3884.000,-158.248
3885.000,-79.124
3886.000,-79.124
3887.000,-79.124
3888.000,-79.124
3889.000,-79.124
3890.000,-79.124
3891.000,-158.248
3892.000,-158.248
3893.000,-158.248
3894.000,-79.124
3895.000,-79.124
3896.000,-79.124
3897.000,-79.124
3898.000,-158.248
3899.000,-158.248
3900.000,-158.248
3901.000,-158.248
3902.000,-79.124
3903.000,-79.124
3904.000,-79.124
3905.000,-79.124
3906.000,-79.124
3907.000,-158.248
3908.000,-158.248
3909.000,-158.248
3910.000,-158.248
3911.000,-79.124
3912.000,-79.124
3913.000,-79.124
3914.000,-79.124
3915.000,-79.124
3916.000,-158.248
3917.000,-158.248
3918.000,-158.248
3919.000,-158.248
3920.000,-79.124
3921.000,-79.124
3922.000,-79.124
3923.000,-79.124
3924.000,-158.248
3925.000,-158.248
3926.000,-158.248
3927.000,-158.248
3928.000,-79.124
3929.000,-79.124
3930.000,-79.124
3931.000,-79.124
3932.000,-79.124
3933.000,-158.248
3934.000,-158.248
3935.000,-158.248
3936.000,-79.124
3937.000,-79.124
3938.000,-79.124
3939.000,-79.124
3940.000,-79.124
3941.000,-158.248
3942.000,-158.248
3943.000,-158.248
3944.000,-158.248
3945.000,-79.124
3946.000,-79.124
3947.000,-79.124
3948.000,-79.124
3949.000,-158.248
3950.000,-158.248
3951.000,-158.248
3952.000,-158.248
3953.000,-79.124
3954.000,-79.124
3955.000,-79.124
3956.000,-79.124
3957.000,-158.248
3958.000,-158.248
3959.000,-158.248
3960.000,-158.248
3961.000,-79.124
3962.000,-79.124
3963.000,-79.124
3964.000,-79.124
3965.000,-158.248
3966.000,-158.248
3967.000,-158.248
3968.000,-158.248
3969.000,-79.124
3970.000,-79.124
3971.000,-79.124
3972.000,-79.124
3973.000,-79.124
3974.000,-158.248
3975.000,-158.248
3976.000,-158.248
3977.000,-158.248
3978.000,-79.124
3979.000,-79.124
3980.000,-79.124
3981.000,-79.124
3982.000,-158.248
3983.000,-158.248
3984.000,-158.248
3985.000,-158.248
3986.000,-79.124
3987.000,-79.124
3988.000,-79.124
3989.000,-79.124
3990.000,-79.124
3991.000,-158.248
3992.000,-158.248
3993.000,-158.248
3994.000,-158.248
3995.000,-79.124
3996.000,-79.124
3997.000,-79.124
3998.000,-79.124
3999.000,-79.124
4000.000,-158.248
4001.000,-158.248
4002.000,-158.248
4003.000,-79.124
4004.000,-79.124
4005.000,-79.124
4006.000,-79.124
4007.000,-79.124
4008.000,-158.248
4009.000,-158.248
4010.000,-158.248
4011.000,-79.124
4012.000,-79.124
4013.000,-79.124
4014.000,-79.124
4015.000,-79.124
4016.000,-158.248
4017.000,-158.248
4018.000,-158.248
4019.000,-158.248
4020.000,-79.124
4021.000,-79.124
4022.000,-79.124
4023.000,-79.124
4024.000,-158.248
4025.000,-158.248
4026.000,-158.248
4027.000,-158.248
4028.000,-79.124
4029.000,-79.124
4030.000,-79.124
4031.000,-79.124
4032.000,-79.124
4033.000,-158.248
4034.000,-158.248
4035.000,-158.248
4036.000,-79.124
4037.000,-79.124
4038.000,-79.124
4039.000,-79.124
4040.000,-79.124
4041.000,-158.248
4042.000,-158.248
4043.000,-158.248
4044.000,-158.248
4045.000,-79.124
4046.000,-79.124
4047.000,-79.124
4048.000,-79.124
4049.000,-158.248
4050.000,-158.248
4051.000,-158.248
4052.000,-158.248
4053.000,-79.124
4054.000,-79.124
4055.000,-79.124
4056.000,-79.124
4057.000,-79.124
4058.000,-158.248
4059.000,-158.248
4060.000,-158.248
4061.000,-79.124
4062.000,-79.124
4063.000,-79.124
4064.000,-79.124
4065.000,-79.124
4066.000,-158.248
4067.000,-158.248
4068.000,-158.248
4069.000,-79.124
4070.000,-79.124
4071.000,-79.124
4072.000,-79.124
4073.000,-79.124
4074.000,-158.248
4075.000,-158.248
4076.000,-158.248
4077.000,-158.248
4078.000,-79.124
4079.000,-79.124
4080.000,-79.124
4081.000,-79.124
4082.000,-158.248
4083.000,-158.248
4084.000,-158.248
4085.000,-158.248
4086.000,-79.124
4087.000,-79.124
4088.000,-79.124
4089.000,-79.124
4090.000,-158.248
4091.000,-158.248
4092.000,-158.248
4093.000,-158.248
4094.000,-79.124
4095.000,-79.124
4096.000,-79.124
4097.000,-79.124
4098.000,-79.124
4099.000,-158.248
4100.000,-158.248
4101.000,-158.248
4102.000,-79.124
4103.000,-79.124
4104.000,-79.124
4105.000,-79.124
4106.000,-79.124
4107.000,-158.248
4108.000,-158.248
4109.000,-158.248
4110.000,-158.248
4111.000,-79.124
4112.000,-79.124
4113.000,-79.124
4114.000,-79.124
4115.000,-79.124
4116.000,-158.248
4117.000,-158.248
4118.000,-158.248
4119.000,-158.248
4120.000,-79.124
4121.000,-79.124
4122.000,-79.124
4123.000,-79.124
4124.000,-158.248
4125.000,-158.248
4126.000,-158.248
4127.000,-158.248
4128.000,-79.124
4129.000,-79.124
4130.000,-79.124
4131.000,-79.124
4132.000,-79.124
4133.000,-158.248
4134.000,-158.248
4135.000,-158.248
4136.000,-158.248
4137.000,-79.124
4138.000,-79.124
4139.000,-79.124
4140.000,-79.124
4141.000,-158.248
4142.000,-158.248
4143.000,-158.248
4144.000,-158.248
4145.000,-79.124
4146.000,-79.124
4147.000,-79.124
4148.000,-79.124
4149.000,-79.124
4150.000,-158.248
4151.000,-158.248
4152.000,-158.248
4153.000,-79.124
4154.000,-79.124
4155.000,-79.124
4156.000,-79.124
4157.000,-79.124
4158.000,-158.248
4159.000,-158.248
4160.000,-158.248
4161.000,-79.124
4162.000,-79.124
4163.000,-79.124
4164.000,-79.124
4165.000,-79.124
4166.000,-158.248
4167.000,-158.248
4168.000,-158.248
4169.000,-79.124
4170.000,-79.124
4171.000,-79.124
4172.000,-79.124
4173.000,-79.124
4174.000,-158.248
4175.000,-158.248
4176.000,-158.248
4177.000,-158.248
4178.000,-79.124
4179.000,-79.124
4180.000,-79.124
4181.000,-79.124
4182.000,-158.248
4183.000,-158.248
4184.000,-158.248
4185.000,-158.248
4186.000,-79.124
4187.000,-79.124
4188.000,-79.124
4189.000,-79.124
4190.000,-158.248
4191.000,-158.248
4192.000,-158.248
4193.000,-158.248
4194.000,-79.124
4195.000,-79.124
4196.000,-79.124
4197.000,-79.124
4198.000,-79.124
4199.000,-158.248
4200.000,-158.248
4201.000,-158.248
4202.000,-79.124
4203.000,-79.124
4204.000,-79.124
4205.000,-79.124
4206.000,-79.124
4207.000,-158.248
4208.000,-158.248
4209.000,-158.248
4210.000,-158.248
4211.000,-79.124
4212.000,-79.124
4213.000,-79.124
4214.000,-79.124
4215.000,-79.124
4216.000,-158.248
4217.000,-158.248
4218.000,-158.248
4219.000,-158.248
4220.000,-79.124
4221.000,-79.124
4222.000,-79.124
4223.000,-79.124
4224.000,-158.248
4225.000,-158.248
4226.000,-158.248
4227.000,-158.248
4228.000,-79.124
4229.000,-79.124
4230.000,-79.124
4231.000,-79.124
4232.000,-79.124
4233.000,-158.248
4234.000,-158.248
4235.000,-158.248
4236.000,-79.124
4237.000,-79.124
4238.000,-79.124
4239.000,-79.124
4240.000,-79.124
4241.000,-158.248
4242.000,-158.248
4243.000,-158.248
4244.000,-79.124
4245.000,-79.124
4246.000,-79.124
4247.000,-79.124
4248.000,-79.124
4249.000,-158.248
4250.000,-158.248
4251.000,-158.248
4252.000,-158.248
4253.000,-79.124
4254.000,-79.124
4255.000,-79.124
4256.000,-79.124
4257.000,-158.248
4258.000,-158.248
4259.000,-158.248
4260.000,-158.248
4261.000,-79.124
4262.000,-79.124
4263.000,-79.124
4264.000,-79.124
4265.000,-158.248
4266.000,-158.248
4267.000,-158.248
4268.000,-158.248
4269.000,-79.124
4270.000,-79.124
4271.000,-79.124
4272.000,-79.124
4273.000,-79.124
4274.000,-158.248
4275.000,-158.248
4276.000,-158.248
4277.000,-158.248
4278.000,-79.124
4279.000,-79.124
4280.000,-79.124
4281.000,-79.124
4282.000,-158.248
4283.000,-158.248
4284.000,-158.248
4285.000,-158.248
4286.000,-79.124
4287.000,-79.124
4288.000,-79.124
4289.000,-79.124
4290.000,-79.124
4291.000,-158.248
4292.000,-158.248
4293.000,-158.248
4294.000,-158.248
4295.000,-79.124
4296.000,-79.124
4297.000,-79.124
4298.000,-79.124
4299.000,-158.248
4300.000,-158.248
4301.000,-158.248
4302.000,-158.248
4303.000,-79.124
4304.000,-79.124
4305.000,-79.124
4306.000,-79.124
4307.000,-158.248
4308.000,-158.248
4309.000,-158.248
4310.000,-79.124
4311.000,-79.124
4312.000,-79.124
4313.000,-79.124
4314.000,-79.124
4315.000,-158.248
4316.000,-158.248
4317.000,-158.248
4318.000,-158.248
4319.000,-79.124
4320.000,-79.124
4321.000,-79.124
4322.000,-79.124
4323.000,-79.124
4324.000,-158.248
4325.000,-158.248
4326.000,-158.248
4327.000,-79.124
4328.000,-79.124
4329.000,-79.124
4330.000,-79.124
4331.000,-79.124
4332.000,-158.248
4333.000,-158.248
4334.000,-158.248
4335.000,-158.248
4336.000,-79.124
4337.000,-79.124
4338.000,-79.124
4339.000,-79.124
4340.000,-158.248
4341.000,-158.248
4342.000,-158.248
4343.000,-158.248
4344.000,-79.124
4345.000,-79.124
4346.000,-79.124
4347.000,-79.124
4348.000,-79.124
4349.000,-158.248
4350.000,-158.248
4351.000,-158.248
4352.000,-158.248
4353.000,-79.124
4354.000,-79.124
4355.000,-79.124
4356.000,-79.124
4357.000,-79.124
4358.000,-158.248
4359.000,-158.248
4360.000,-158.248
4361.000,-79.124
4362.000,-79.124
4363.000,-79.124
4364.000,-79.124
4365.000,-79.124
4366.000,-158.248
4367.000,-158.248
4368.000,-158.248
4369.000,-79.124
4370.000,-79.124
4371.000,-79.124
4372.000,-79.124
4373.000,-79.124
4374.000,-158.248
4375.000,-158.248
4376.000,-158.248
4377.000,-79.124
4378.000,-79.124
4379.000,-79.124
4380.000,-79.124
4381.000,-79.124
4382.000,-158.248
4383.000,-158.248
4384.000,-158.248
4385.000,-158.248
4386.000,-79.124
4387.000,-79.124
4388.000,-79.124
4389.000,-79.124
4390.000,-158.248
4391.000,-158.248
4392.000,-158.248
4393.000,-158.248
4394.000,-79.124
4395.000,-79.124
4396.000,-79.124
4397.000,-79.124
4398.000,-79.124
4399.000,-158.248
4400.000,-158.248
4401.000,-158.248
4402.000,-158.248
4403.000,-79.124
4404.000,-79.124
4405.000,-79.124
4406.000,-79.124
4407.000,-158.248
4408.000,-158.248
4409.000,-158.248
4410.000,-158.248
4411.000,-79.124
4412.000,-79.124
4413.000,-79.124
4414.000,-79.124
4415.000,-79.124
4416.000,-158.248
4417.000,-158.248
4418.000,-158.248
4419.000,-158.248
4420.000,-79.124
4421.000,-79.124
4422.000,-79.124
4423.000,-79.124
4424.000,-158.248
4425.000,-158.248
4426.000,-158.248
4427.000,-158.248
4428.000,-79.124
4429.000,-79.124
4430.000,-79.124
4431.000,-79.124
4432.000,-158.248
4433.000,-158.248
4434.000,-158.248
4435.000,-158.248
4436.000,-79.124
4437.000,-79.124
4438.000,-79.124
4439.000,-79.124
4440.000,-158.248
4441.000,-158.248
4442.000,-158.248
4443.000,-158.248
4444.000,-79.124
4445.000,-79.124
4446.000,-79.124
4447.000,-79.124
4448.000,-158.248
4449.000,-158.248
4450.000,-158.248
4451.000,-158.248
4452.000,-79.124
4453.000,-79.124
4454.000,-79.124
4455.000,-79.124
4456.000,-79.124
4457.000,-158.248
4458.000,-158.248
4459.000,-158.248
4460.000,-79.124
4461.000,-79.124
4462.000,-79.124
4463.000,-79.124
4464.000,-79.124
4465.000,-158.248
4466.000,-158.248
4467.000,-158.248
4468.000,-158.248
4469.000,-79.124
4470.000,-79.124
4471.000,-79.124
4472.000,-79.124
4473.000,-79.124
4474.000,-158.248
4475.000,-158.248
4476.000,-158.248
4477.000,-158.248
4478.000,-79.124
4479.000,-79.124
4480.000,-79.124
4481.000,-79.124
4482.000,-158.248
4483.000,-158.248
4484.000,-158.248
4485.000,-158.248
4486.000,-79.124
4487.000,-79.124
4488.000,-79.124
4489.000,-79.124
4490.000,-79.124
4491.000,-158.248
4492.000,-158.248
4493.000,-158.248
4494.000,-158.248
4495.000,-79.124
4496.000,-79.124
4497.000,-79.124
4498.000,-79.124
4499.000,-158.248
4500.000,-158.248
4501.000,-158.248
4502.000,-158.248
4503.000,-79.124
4504.000,-79.124
4505.000,-79.124
4506.000,-79.124
4507.000,-158.248
4508.000,-158.248
4509.000,-158.248
4510.000,-158.248
4511.000,-79.124
4512.000,-79.124
4513.000,-79.124
4514.000,-79.124
4515.000,-79.124
4516.000,-158.248
4517.000,-158.248
4518.000,-158.248
4519.000,-79.124
4520.000,-79.124
4521.000,-79.124
4522.000,-79.124
4523.000,-79.124
4524.000,-158.248
4525.000,-158.248
4526.000,-158.248
4527.000,-158.248
4528.000,-79.124
4529.000,-79.124
4530.000,-79.124
4531.000,-79.124
4532.000,-158.248
4533.000,-158.248
4534.000,-158.248
4535.000,-158.248
4536.000,-79.124
4537.000,-79.124
4538.000,-79.124
4539.000,-79.124
4540.000,-79.124
4541.000,-158.248
4542.000,-158.248
4543.000,-158.248
4544.000,-79.124
4545.000,-79.124
4546.000,-79.124
4547.000,-79.124
4548.000,-79.124
4549.000,-158.248
4550.000,-158.248
4551.000,-158.248
4552.000,-79.124
4553.000,-79.124
4554.000,-79.124
4555.000,-79.124
4556.000,-79.124
4557.000,-158.248
4558.000,-158.248
4559.000,-158.248
4560.000,-79.124
4561.000,-79.124
4562.000,-79.124
4563.000,-79.124
4564.000,-79.124
4565.000,-158.248
4566.000,-158.248
4567.000,-158.248
4568.000,-158.248
4569.000,-79.124
4570.000,-79.124
4571.000,-79.124
4572.000,-79.124
4573.000,-79.124
4574.000,-158.248
4575.000,-158.248
4576.000,-158.248
4577.000,-79.124
4578.000,-79.124
4579.000,-79.124
4580.000,-79.124
4581.000,-79.124
4582.000,-158.248
4583.000,-158.248
4584.000,-158.248
4585.000,-158.248
4586.000,-79.124
4587.000,-79.124
4588.000,-79.124
4589.000,-79.124
4590.000,-158.248
4591.000,-158.248
4592.000,-158.248
4593.000,-158.248
4594.000,-79.124
4595.000,-79.124
4596.000,-79.124
4597.000,-79.124
4598.000,-158.248
4599.000,-158.248
4600.000,-158.248
4601.000,-158.248
4602.000,-79.124
4603.000,-79.124
4604.000,-79.124
4605.000,-79.124
4606.000,-79.124
4607.000,-158.248
4608.000,-158.248
4609.000,-158.248
4610.000,-79.124
4611.000,-79.124
4612.000,-79.124
4613.000,-79.124
4614.000,-79.124
4615.000,-158.248
4616.000,-158.248
4617.000,-158.248
4618.000,-158.248
4619.000,-79.124
4620.000,-79.124
4621.000,-79.124
4622.000,-79.124
4623.000,-79.124
4624.000,-158.248
4625.000,-158.248
4626.000,-158.248
4627.000,-158.248
4628.000,-79.124
4629.000,-79.124
4630.000,-79.124
4631.000,-79.124
4632.000,-79.124
4633.000,-158.248
4634.000,-158.248
4635.000,-158.248
4636.000,-158.248
4637.000,-79.124
4638.000,-79.124
4639.000,-79.124
4640.000,-79.124
4641.000,-158.248
4642.000,-158.248
4643.000,-158.248
4644.000,-158.248
4645.000,-79.124
4646.000,-79.124
4647.000,-79.124
4648.000,-79.124
4649.000,-158.248
4650.000,-158.248
4651.000,-158.248
4652.000,-158.248
4653.000,-79.124
4654.000,-79.124
4655.000,-79.124
4656.000,-79.124
4657.000,-158.248
4658.000,-158.248
4659.000,-158.248
4660.000,-79.124
4661.000,-79.124
4662.000,-79.124
4663.000,-79.124
4664.000,-79.124
4665.000,-158.248
4666.000,-158.248
4667.000,-158.248
4668.000,-79.124
4669.000,-79.124
4670.000,-79.124
4671.000,-79.124
4672.000,-79.124
4673.000,-158.248
4674.000,-158.248
4675.000,-158.248
4676.000,-158.248
4677.000,-79.124
4678.000,-79.124
4679.000,-79.124
4680.000,-79.124
4681.000,-158.248
4682.000,-158.248
4683.000,-158.248
4684.000,-158.248
4685.000,-79.124
4686.000,-79.124
4687.000,-79.124
4688.000,-79.124
4689.000,-79.124
4690.000,-158.248
4691.000,-158.248
4692.000,-158.248
4693.000,-158.248
4694.000,-79.124
4695.000,-79.124
4696.000,-79.124
4697.000,-79.124
4698.000,-79.124
4699.000,-158.248
4700.000,-158.248
4701.000,-158.248
4702.000,-158.248
4703.000,-79.124
4704.000,-79.124
4705.000,-79.124
4706.000,-79.124
4707.000,-158.248
4708.000,-158.248
4709.000,-158.248
4710.000,-158.248
4711.000,-79.124
4712.000,-79.124
4713.000,-79.124
4714.000,-79.124
4715.000,-79.124
4716.000,-158.248
4717.000,-158.248
4718.000,-158.248
4719.000,-79.124
4720.000,-79.124
4721.000,-79.124
4722.000,-79.124
4723.000,-79.124
4724.000,-158.248
4725.000,-158.248
4726.000,-158.248
4727.000,-158.248
4728.000,-79.124
4729.000,-79.124
4730.000,-79.124
4731.000,-79.124
4732.000,-158.248
4733.000,-158.248
4734.000,-158.248
4735.000,-79.124
4736.000,-79.124
4737.000,-79.124
4738.000,-79.124
4739.000,-79.124
4740.000,-158.248
4741.000,-158.248
4742.000,-158.248
4743.000,-158.248
4744.000,-79.124
4745.000,-79.124
4746.000,-79.124
4747.000,-79.124
4748.000,-79.124
4749.000,-158.248
4750.000,-158.248
4751.000,-158.248
4752.000,-79.124
4753.000,-79.124
4754.000,-79.124
4755.000,-79.124
4756.000,-79.124
4757.000,-158.248
4758.000,-158.248
4759.000,-158.248
4760.000,-158.248
4761.000,-79.124
4762.000,-79.124
4763.000,-79.124
4764.000,-79.124
4765.000,-79.124
4766.000,-158.248
4767.000,-158.248
4768.000,-158.248
4769.000,-79.124
4770.000,-79.124
4771.000,-79.124
4772.000,-79.124
4773.000,-79.124
4774.000,-158.248
4775.000,-158.248
4776.000,-158.248
4777.000,-158.248
4778.000,-79.124
4779.000,-79.124
4780.000,-79.124
4781.000,-79.124
4782.000,-158.248
4783.000,-158.248
4784.000,-158.248
4785.000,-158.248
4786.000,-79.124
4787.000,-79.124
4788.000,-79.124
4789.000,-79.124
4790.000,-79.124
4791.000,-158.248
4792.000,-158.248
4793.000,-158.248
4794.000,-79.124
4795.000,-79.124
4796.000,-79.124
4797.000,-79.124
4798.000,-79.124
4799.000,-158.248
4800.000,-158.248
4801.000,-158.248
4802.000,-79.124
4803.000,-79.124
4804.000,-79.124
4805.000,-79.124
4806.000,-79.124
4807.000,-158.248
4808.000,-158.248
4809.000,-158.248
4810.000,-79.124
4811.000,-79.124
4812.000,-79.124
4813.000,-79.124
4814.000,-79.124
4815.000,-158.248
4816.000,-158.248
4817.000,-158.248
4818.000,-158.248
4819.000,-79.124
4820.000,-79.124
4821.000,-79.124
4822.000,-79.124
4823.000,-79.124
4824.000,-158.248
4825.000,-158.248
4826.000,-158.248
4827.000,-79.124
4828.000,-79.124
4829.000,-79.124
4830.000,-79.124
4831.000,-79.124
4832.000,-158.248
4833.000,-158.248
4834.000,-158.248
4835.000,-158.248
4836.000,-79.124
4837.000,-79.124
4838.000,-79.124
4839.000,-79.124
4840.000,-79.124
4841.000,-158.248
4842.000,-158.248
4843.000,-158.248
4844.000,-79.124
4845.000,-79.124
4846.000,-79.124
4847.000,-79.124
4848.000,-79.124
4849.000,-158.248
4850.000,-158.248
4851.000,-158.248
4852.000,-79.124
4853.000,-79.124
4854.000,-79.124
4855.000,-79.124
4856.000,-79.124
4857.000,-158.248
4858.000,-158.248
4859.000,-158.248
4860.000,-79.124
4861.000,-79.124
4862.000,-79.124
4863.000,-79.124
4864.000,-79.124
4865.000,-158.248
4866.000,-158.248
4867.000,-158.248
4868.000,-158.248
4869.000,-79.124
4870.000,-79.124
4871.000,-79.124
4872.000,-79.124
4873.000,-79.124
4874.000,-158.248
4875.000,-158.248
4876.000,-158.248
4877.000,-79.124
4878.000,-79.124
4879.000,-79.124
4880.000,-79.124
4881.000,-79.124
4882.000,-158.248
4883.000,-158.248
4884.000,-158.248
4885.000,-158.248
4886.000,-79.124
4887.000,-79.124
4888.000,-79.124
4889.000,-79.124
4890.000,-79.124
4891.000,-158.248
4892.000,-158.248
4893.000,-158.248
4894.000,-158.248
4895.000,-79.124
4896.000,-79.124
4897.000,-79.124
4898.000,-79.124
4899.000,-79.124
4900.000,-158.248
4901.000,-158.248
4902.000,-158.248
4903.000,-79.124
4904.000,-79.124
4905.000,-79.124
4906.000,-79.124
4907.000,-79.124
4908.000,-158.248
4909.000,-158.248
4910.000,-158.248
4911.000,-79.124
4912.000,-79.124
4913.000,-79.124
4914.000,-79.124
4915.000,-79.124
4916.000,-158.248
4917.000,-158.248
4918.000,-158.248
4919.000,-79.124
4920.000,-79.124
4921.000,-79.124
4922.000,-79.124
4923.000,-79.124
4924.000,-158.248
4925.000,-158.248
4926.000,-158.248
4927.000,-79.124
4928.000,-79.124
4929.000,-79.124
4930.000,-79.124
4931.000,-79.124
4932.000,-158.248
4933.000,-158.248
4934.000,-158.248
4935.000,-79.124
4936.000,-79.124
4937.000,-79.124
4938.000,-79.124
4939.000,-79.124
4940.000,-158.248
4941.000,-158.248
4942.000,-158.248
4943.000,-158.248
4944.000,-79.124
4945.000,-79.124
4946.000,-79.124
4947.000,-79.124
4948.000,-158.248
4949.000,-158.248
4950.000,-158.248
4951.000,-158.248
4952.000,-79.124
4953.000,-79.124
4954.000,-79.124
4955.000,-79.124
4956.000,-79.124
4957.000,-158.248
4958.000,-158.248
4959.000,-158.248
4960.000,-79.124
4961.000,-79.124
4962.000,-79.124
4963.000,-79.124
4964.000,-79.124
4965.000,-158.248
4966.000,-158.248
4967.000,-158.248
4968.000,-158.248
4969.000,-79.124
4970.000,-79.124
4971.000,-79.124
4972.000,-79.124
4973.000,-79.124
4974.000,-158.248
4975.000,-158.248
4976.000,-158.248
4977.000,-158.248
4978.000,-79.124
4979.000,-79.124
4980.000,-79.124
4981.000,-79.124
4982.000,-158.248
4983.000,-158.248
4984.000,-158.248
4985.000,-158.248
4986.000,-79.124
4987.000,-79.124
4988.000,-79.124
4989.000,-79.124
4990.000,-79.124
4991.000,-158.248
4992.000,-158.248
4993.000,-158.248
4994.000,-158.248
4995.000,-79.124
4996.000,-79.124
4997.000,-79.124
4998.000,-79.124
4999.000,-79.124
5000.000,-158.248
5001.000,-158.248
5002.000,-158.248
5003.000,-158.248
5004.000,-79.124
5005.000,-79.124
5006.000,-79.124
5007.000,-79.124
5008.000,-158.248
5009.000,-158.248
5010.000,-158.248
5011.000,-158.248
5012.000,-79.124
5013.000,-79.124
5014.000,-79.124
5015.000,-79.124
5016.000,-79.124
5017.000,-158.248
5018.000,-158.248
5019.000,-79.124
5020.000,-79.124
5021.000,-79.124
5022.000,-79.124
5023.000,-79.124
5024.000,-158.248
5025.000,-158.248
5026.000,-158.248
5027.000,-79.124
5028.000,-79.124
5029.000,-79.124
5030.000,-79.124
5031.000,-79.124
5032.000,-158.248
5033.000,-158.248
5034.000,-158.248
5035.000,-79.124
5036.000,-79.124
5037.000,-79.124
5038.000,-79.124
5039.000,-79.124
5040.000,-158.248
5041.000,-158.248
5042.000,-158.248
5043.000,-158.248
5044.000,-79.124
5045.000,-79.124
5046.000,-79.124
5047.000,-79.124
5048.000,-79.124
5049.000,-158.248
5050.000,-158.248
5051.000,-158.248
5052.000,-158.248
5053.000,-79.124
5054.000,-79.124
5055.000,-79.124
5056.000,-79.124
5057.000,-158.248
5058.000,-158.248
5059.000,-158.248
5060.000,-158.248
5061.000,-79.124
5062.000,-79.124
5063.000,-79.124
5064.000,-79.124
5065.000,-79.124
5066.000,-158.248
5067.000,-158.248
5068.000,-158.248
5069.000,-79.124
5070.000,-79.124
5071.000,-79.124
5072.000,-79.124
5073.000,-79.124
5074.000,-158.248
5075.000,-158.248
5076.000,-158.248
5077.000,-79.124
5078.000,-79.124
5079.000,-79.124
5080.000,-79.124
5081.000,-79.124
5082.000,-158.248
5083.000,-158.248
5084.000,-158.248
5085.000,-158.248
5086.000,-79.124
5087.000,-79.124
5088.000,-79.124
5089.000,-79.124
5090.000,-158.248
5091.000,-158.248
5092.000,-158.248
5093.000,-158.248
5094.000,-79.124
5095.000,-79.124
5096.000,-79.124
5097.000,-79.124
5098.000,-79.124
5099.000,-158.248
5100.000,-158.248
5101.000,-158.248
5102.000,-158.248
5103.000,-79.124
5104.000,-79.124
5105.000,-79.124
5106.000,-79.124
5107.000,-79.124
5108.000,-158.248
5109.000,-158.248
5110.000,-158.248
5111.000,-79.124
5112.000,-79.124
5113.000,-79.124
5114.000,-79.124
5115.000,-79.124
5116.000,-158.248
5117.000,-158.248
5118.000,-158.248
5119.000,-158.248
5120.000,-79.124
5121.000,-79.124
5122.000,-79.124
5123.000,-79.124
5124.000,-79.124
5125.000,-158.248
5126.000,-158.248
5127.000,-158.248
5128.000,-79.124
5129.000,-79.124
5130.000,-79.124
5131.000,-79.124
5132.000,-79.124
5133.000,-158.248
5134.000,-158.248
5135.000,-158.248
5136.000,-79.124
5137.000,-79.124
5138.000,-79.124
5139.000,-79.124
5140.000,-79.124
5141.000,-158.248
5142.000,-158.248
5143.000,-158.248
5144.000,-79.124
5145.000,-79.124
5146.000,-79.124
5147.000,-79.124
5148.000,-79.124
5149.000,-158.248
5150.000,-158.248
5151.000,-158.248
5152.000,-158.248
5153.000,-79.124
5154.000,-79.124
5155.000,-79.124
5156.000,-79.124
5157.000,-158.248
5158.000,-158.248
5159.000,-158.248
5160.000,-158.248
5161.000,-79.124
5162.000,-79.124
5163.000,-79.124
5164.000,-79.124
5165.000,-79.124
5166.000,-158.248
5167.000,-158.248
5168.000,-158.248
5169.000,-79.124
5170.000,-79.124
5171.000,-79.124
5172.000,-79.124
5173.000,-79.124
5174.000,-158.248
5175.000,-158.248
5176.000,-158.248
5177.000,-158.248
5178.000,-79.124
5179.000,-79.124
5180.000,-79.124
5181.000,-79.124
5182.000,-158.248
5183.000,-158.248
5184.000,-158.248
5185.000,-158.248
5186.000,-79.124
5187.000,-79.124
5188.000,-79.124
5189.000,-79.124
5190.000,-79.124
5191.000,-158.248
5192.000,-158.248
5193.000,-158.248
5194.000,-158.248
5195.000,-79.124
5196.000,-79.124
5197.000,-79.124
5198.000,-79.124
5199.000,-158.248
5200.000,-158.248
5201.000,-158.248
5202.000,-158.248
5203.000,-79.124
5204.000,-79.124
5205.000,-79.124
5206.000,-79.124
5207.000,-79.124
5208.000,-158.248
5209.000,-158.248
5210.000,-158.248
5211.000,-79.124
5212.000,-79.124
5213.000,-79.124
5214.000,-79.124
5215.000,-79.124
5216.000,-158.248
5217.000,-158.248
5218.000,-158.248
5219.000,-79.124
5220.000,-79.124
5221.000,-79.124
5222.000,-79.124
5223.000,-79.124
5224.000,-158.248
5225.000,-158.248
5226.000,-158.248
5227.000,-79.124
5228.000,-79.124
5229.000,-79.124
5230.000,-79.124
5231.000,-79.124
5232.000,-158.248
5233.000,-158.248
5234.000,-158.248
5235.000,-158.248
5236.000,-79.124
5237.000,-79.124
5238.000,-79.124
5239.000,-79.124
5240.000,-158.248
5241.000,-158.248
5242.000,-158.248
5243.000,-158.248
5244.000,-158.248
5245.000,-79.124
5246.000,-79.124
5247.000,-79.124
5248.000,-79.124
5249.000,-158.248
5250.000,-158.248
5251.000,-158.248
5252.000,-158.248
5253.000,-79.124
5254.000,-79.124
5255.000,-79.124
5256.000,-79.124
5257.000,-79.124
5258.000,-158.248
5259.000,-158.248
5260.000,-158.248
5261.000,-158.248
5262.000,-79.124
5263.000,-79.124
5264.000,-79.124
5265.000,-79.124
5266.000,-158.248
5267.000,-158.248
5268.000,-158.248
5269.000,-158.248
5270.000,-79.124
5271.000,-79.124
5272.000,-79.124
5273.000,-79.124
5274.000,-79.124
5275.000,-158.248
5276.000,-158.248
5277.000,-158.248
5278.000,-79.124
5279.000,-79.124
5280.000,-79.124
5281.000,-79.124
5282.000,-158.248
5283.000,-158.248
5284.000,-158.248
5285.000,-158.248
5286.000,-79.124
5287.000,-79.124
5288.000,-79.124
5289.000,-79.124
5290.000,-79.124
5291.000,-158.248
5292.000,-158.248
5293.000,-158.248
5294.000,-79.124
5295.000,-79.124
5296.000,-79.124
5297.000,-79.124
5298.000,-79.124
5299.000,-158.248
5300.000,-158.248
5301.000,-158.248
5302.000,-158.248
5303.000,-79.124
5304.000,-79.124
5305.000,-79.124
5306.000,-79.124
5307.000,-158.248
5308.000,-158.248
5309.000,-158.248
5310.000,-158.248
5311.000,-79.124
5312.000,-79.124
5313.000,-79.124
5314.000,-79.124
5315.000,-79.124
5316.000,-158.248
5317.000,-158.248
5318.000,-158.248
5319.000,-79.124
5320.000,-79.124
5321.000,-79.124
5322.000,-79.124
5323.000,-79.124
5324.000,-158.248
5325.000,-158.248
5326.000,-158.248
5327.000,-158.248
5328.000,-79.124
5329.000,-79.124
5330.000,-79.124
5331.000,-79.124
5332.000,-158.248
5333.000,-158.248
5334.000,-158.248
5335.000,-158.248
5336.000,-79.124
5337.000,-79.124
5338.000,-79.124
5339.000,-79.124
5340.000,-79.124
5341.000,-158.248
5342.000,-158.248
5343.000,-158.248
5344.000,-79.124
5345.000,-79.124
5346.000,-79.124
5347.000,-79.124
5348.000,-79.124
5349.000,-158.248
5350.000,-158.248
5351.000,-158.248
5352.000,-158.248
5353.000,-79.124
5354.000,-79.124
5355.000,-79.124
5356.000,-79.124
5357.000,-158.248
5358.000,-158.248
5359.000,-158.248
5360.000,-158.248
5361.000,-79.124
5362.000,-79.124
5363.000,-79.124
5364.000,-79.124
5365.000,-79.124
5366.000,-158.248
5367.000,-158.248
5368.000,-158.248
5369.000,-158.248
5370.000,-79.124
5371.000,-79.124
5372.000,-79.124
5373.000,-79.124
5374.000,-158.248
5375.000,-158.248
5376.000,-158.248
5377.000,-158.248
5378.000,-79.124
5379.000,-79.124
5380.000,-79.124
5381.000,-79.124
5382.000,-79.124
5383.000,-158.248
5384.000,-158.248
5385.000,-158.248
5386.000,-79.124
5387.000,-79.124
5388.000,-79.124
5389.000,-79.124
5390.000,-79.124
5391.000,-158.248
5392.000,-158.248
5393.000,-158.248
5394.000,-158.248
5395.000,-79.124
5396.000,-79.124
5397.000,-79.124
5398.000,-79.124
5399.000,-158.248
5400.000,-158.248
5401.000,-158.248
5402.000,-158.248
5403.000,-79.124
5404.000,-79.124
5405.000,-79.124
5406.000,-79.124
5407.000,-79.124
5408.000,-158.248
5409.000,-158.248
5410.000,-158.248
5411.000,-79.124
5412.000,-79.124
5413.000,-79.124
5414.000,-79.124
5415.000,-79.124
5416.000,-158.248
5417.000,-158.248
5418.000,-158.248
5419.000,-158.248
5420.000,-79.124
5421.000,-79.124
5422.000,-79.124
5423.000,-79.124
5424.000,-158.248
5425.000,-158.248
5426.000,-158.248
5427.000,-158.248
5428.000,-79.124
5429.000,-79.124
5430.000,-79.124
5431.000,-79.124
5432.000,-158.248
5433.000,-158.248
5434.000,-158.248
5435.000,-158.248
5436.000,-79.124
5437.000,-79.124
5438.000,-79.124
5439.000,-79.124
5440.000,-158.248
5441.000,-158.248
5442.000,-158.248
5443.000,-158.248
5444.000,-79.124
5445.000,-79.124
5446.000,-79.124
5447.000,-79.124
5448.000,-79.124
5449.000,-158.248
5450.000,-158.248
5451.000,-158.248
5452.000,-79.124
5453.000,-79.124
5454.000,-79.124
5455.000,-79.124
5456.000,-79.124
5457.000,-158.248
5458.000,-158.248
5459.000,-158.248
5460.000,-158.248
5461.000,-79.124
5462.000,-79.124
5463.000,-79.124
5464.000,-79.124
5465.000,-158.248
5466.000,-158.248
5467.000,-158.248
5468.000,-158.248
5469.000,-158.248
5470.000,-79.124
5471.000,-79.124
5472.000,-79.124
5473.000,-79.124
5474.000,-158.248
5475.000,-158.248
5476.000,-158.248
5477.000,-158.248
5478.000,-79.124
5479.000,-79.124
5480.000,-79.124
5481.000,-79.124
5482.000,-79.124
5483.000,-158.248
5484.000,-158.248
5485.000,-158.248
5486.000,-158.248
5487.000,-79.124
5488.000,-79.124
5489.000,-79.124
5490.000,-79.124
5491.000,-158.248
5492.000,-158.248
5493.000,-158.248
5494.000,-158.248
5495.000,-79.124
5496.000,-79.124
5497.000,-79.124
5498.000,-79.124
5499.000,-79.124
5500.000,-158.248
5501.000,-158.248
5502.000,-158.248
5503.000,-79.124
5504.000,-79.124
5505.000,-79.124
5506.000,-79.124
5507.000,-79.124
5508.000,-158.248
5509.000,-158.248
5510.000,-158.248
5511.000,-79.124
5512.000,-79.124
5513.000,-79.124
5514.000,-79.124
5515.000,-79.124
5516.000,-158.248
5517.000,-158.248
5518.000,-158.248
5519.000,-79.124
5520.000,-79.124
5521.000,-79.124
5522.000,-79.124
5523.000,-79.124
5524.000,-158.248
5525.000,-158.248
5526.000,-158.248
5527.000,-158.248
5528.000,-79.124
5529.000,-79.124
5530.000,-79.124
5531.000,-79.124
5532.000,-158.248
5533.000,-158.248
5534.000,-158.248
5535.000,-158.248
5536.000,-79.124
5537.000,-79.124
5538.000,-79.124
5539.000,-79.124
5540.000,-158.248
5541.000,-158.248
5542.000,-158.248
5543.000,-158.248
5544.000,-79.124
5545.000,-79.124
5546.000,-79.124
5547.000,-79.124
5548.000,-79.124
5549.000,-158.248
5550.000,-158.248
5551.000,-158.248
5552.000,-158.248
5553.000,-79.124
5554.000,-79.124
5555.000,-79.124
5556.000,-79.124
5557.000,-158.248
5558.000,-158.248
5559.000,-158.248
5560.000,-158.248
5561.000,-79.124
5562.000,-79.124
5563.000,-79.124
5564.000,-79.124
5565.000,-79.124
5566.000,-158.248
5567.000,-158.248
5568.000,-158.248
5569.000,-79.124
5570.000,-79.124
5571.000,-79.124
5572.000,-79.124
5573.000,-79.124
5574.000,-158.248
5575.000,-158.248
5576.000,-158.248
5577.000,-158.248
5578.000,-79.124
5579.000,-79.124
5580.000,-79.124
5581.000,-79.124
5582.000,-158.248
5583.000,-158.248
5584.000,-158.248
5585.000,-158.248
5586.000,-79.124
5587.000,-79.124
5588.000,-79.124
5589.000,-79.124
5590.000,-158.248
5591.000,-158.248
5592.000,-158.248
5593.000,-158.248
5594.000,-79.124
5595.000,-79.124
5596.000,-79.124
5597.000,-79.124
5598.000,-79.124
5599.000,-158.248
5600.000,-158.248
5601.000,-158.248
5602.000,-158.248
5603.000,-79.124
5604.000,-79.124
5605.000,-79.124
5606.000,-79.124
5607.000,-79.124
5608.000,-158.248
5609.000,-158.248
5610.000,-158.248
5611.000,-158.248
5612.000,-79.124
5613.000,-79.124
5614.000,-79.124
5615.000,-79.124
5616.000,-158.248
5617.000,-158.248
5618.000,-158.248
5619.000,-158.248
5620.000,-79.124
5621.000,-79.124
5622.000,-79.124
5623.000,-79.124
5624.000,-158.248
5625.000,-158.248
5626.000,-158.248
5627.000,-158.248
5628.000,-79.124
5629.000,-79.124
5630.000,-79.124
5631.000,-79.124
5632.000,-158.248
5633.000,-158.248
5634.000,-158.248
5635.000,-158.248
5636.000,-79.124
5637.000,-79.124
5638.000,-79.124
5639.000,-79.124
5640.000,-158.248
5641.000,-158.248
5642.000,-158.248
5643.000,-158.248
5644.000,-79.124
5645.000,-79.124
5646.000,-79.124
5647.000,-79.124
5648.000,-79.124
5649.000,-158.248
5650.000,-158.248
5651.000,-158.248
5652.000,-158.248
5653.000,-79.124
5654.000,-79.124
5655.000,-79.124
5656.000,-79.124
5657.000,-158.248
5658.000,-158.248
5659.000,-158.248
5660.000,-158.248
5661.000,-79.124
5662.000,-79.124
5663.000,-79.124
5664.000,-79.124
5665.000,-79.124
5666.000,-158.248
5667.000,-158.248
5668.000,-158.248
5669.000,-158.248
5670.000,-79.124
5671.000,-79.124
5672.000,-79.124
5673.000,-79.124
5674.000,-158.248
5675.000,-158.248
5676.000,-158.248
5677.000,-158.248
5678.000,-79.124
5679.000,-79.124
5680.000,-79.124
5681.000,-79.124
5682.000,-79.124
5683.000,-158.248
5684.000,-158.248
5685.000,-158.248
5686.000,-79.124
5687.000,-79.124
5688.000,-79.124
5689.000,-79.124
5690.000,-79.124
5691.000,-158.248
5692.000,-158.248
5693.000,-158.248
5694.000,-79.124
5695.000,-79.124
5696.000,-79.124
5697.000,-79.124
5698.000,-79.124
5699.000,-158.248
5700.000,-158.248
5701.000,-158.248
5702.000,-79.124
5703.000,-79.124
5704.000,-79.124
5705.000,-79.124
5706.000,-79.124
5707.000,-158.248
5708.000,-158.248
5709.000,-158.248
5710.000,-158.248
5711.000,-79.124
5712.000,-79.124
5713.000,-79.124
5714.000,-79.124
5715.000,-158.248
5716.000,-158.248
5717.000,-158.248
5718.000,-158.248
5719.000,-79.124
5720.000,-79.124
5721.000,-79.124
5722.000,-79.124
5723.000,-79.124
5724.000,-158.248
5725.000,-158.248
5726.000,-158.248
5727.000,-158.248
5728.000,-79.124
5729.000,-79.124
5730.000,-79.124
5731.000,-79.124
5732.000,-158.248
5733.000,-158.248
5734.000,-158.248
5735.000,-158.248
5736.000,-79.124
5737.000,-79.124
5738.000,-79.124
5739.000,-79.124
5740.000,-79.124
5741.000,-158.248
5742.000,-158.248
5743.000,-158.248
5744.000,-158.248
5745.000,-79.124
5746.000,-79.124
5747.000,-79.124
5748.000,-79.124
5749.000,-158.248
5750.000,-158.248
5751.000,-158.248
5752.000,-158.248
5753.000,-79.124
5754.000,-79.124
5755.000,-79.124
5756.000,-79.124
5757.000,-158.248
5758.000,-158.248
5759.000,-158.248
5760.000,-158.248
5761.000,-79.124
5762.000,-79.124
5763.000,-79.124
5764.000,-79.124
5765.000,-79.124
5766.000,-158.248
5767.000,-158.248
5768.000,-158.248
5769.000,-158.248
5770.000,-79.124
5771.000,-79.124
5772.000,-79.124
5773.000,-79.124
5774.000,-158.248
5775.000,-158.248
5776.000,-158.248
5777.000,-158.248
5778.000,-79.124
5779.000,-79.124
5780.000,-79.124
5781.000,-79.124
5782.000,-158.248
5783.000,-158.248
5784.000,-158.248
5785.000,-158.248
5786.000,-79.124
5787.000,-79.124
5788.000,-79.124
5789.000,-79.124
5790.000,-158.248
5791.000,-158.248
5792.000,-158.248
5793.000,-158.248
5794.000,-79.124
5795.000,-79.124
5796.000,-79.124
5797.000,-79.124
5798.000,-158.248
5799.000,-158.248
5800.000,-158.248
5801.000,-158.248
5802.000,-79.124
5803.000,-79.124
5804.000,-79.124
5805.000,-79.124
5806.000,-79.124
5807.000,-158.248
5808.000,-158.248
5809.000,-158.248
5810.000,-158.248
5811.000,-79.124
5812.000,-79.124
5813.000,-79.124
5814.000,-79.124
5815.000,-158.248
5816.000,-158.248
5817.000,-158.248
5818.000,-158.248
5819.000,-79.124
5820.000,-79.124
5821.000,-79.124
5822.000,-79.124
5823.000,-79.124
5824.000,-158.248
5825.000,-158.248
5826.000,-158.248
5827.000,-158.248
5828.000,-79.124
5829.000,-79.124
5830.000,-79.124
5831.000,-79.124
5832.000,-158.248
5833.000,-158.248
5834.000,-158.248
5835.000,-158.248
5836.000,-79.124
5837.000,-79.124
5838.000,-79.124
5839.000,-79.124
5840.000,-79.124
5841.000,-158.248
5842.000,-158.248
5843.000,-158.248
5844.000,-158.248
5845.000,-79.124
5846.000,-79.124
5847.000,-79.124
5848.000,-79.124
5849.000,-158.248
5850.000,-158.248
5851.000,-158.248
5852.000,-158.248
5853.000,-79.124
5854.000,-79.124
5855.000,-79.124
5856.000,-79.124
5857.000,-158.248
5858.000,-158.248
5859.000,-158.248
5860.000,-158.248
5861.000,-79.124
5862.000,-79.124
5863.000,-79.124
5864.000,-79.124
5865.000,-79.124
5866.000,-158.248
5867.000,-158.248
5868.000,-158.248
5869.000,-79.124
5870.000,-79.124
5871.000,-79.124
5872.000,-79.124
5873.000,-79.124
5874.000,-158.248
5875.000,-158.248
5876.000,-158.248
5877.000,-158.248
5878.000,-79.124
5879.000,-79.124
5880.000,-79.124
5881.000,-79.124
5882.000,-158.248
5883.000,-158.248
5884.000,-158.248
5885.000,-158.248
5886.000,-79.124
5887.000,-79.124
5888.000,-79.124
5889.000,-79.124
5890.000,-158.248
5891.000,-158.248
5892.000,-158.248
5893.000,-158.248
5894.000,-79.124
5895.000,-79.124
5896.000,-79.124
5897.000,-79.124
5898.000,-79.124
5899.000,-158.248
5900.000,-158.248
5901.000,-158.248
5902.000,-79.124
5903.000,-79.124
5904.000,-79.124
5905.000,-79.124
5906.000,-79.124
5907.000,-158.248
5908.000,-158.248
5909.000,-158.248
5910.000,-158.248
5911.000,-79.124
5912.000,-79.124
5913.000,-79.124
5914.000,-79.124
5915.000,-158.248
5916.000,-158.248
5917.000,-158.248
5918.000,-158.248
5919.000,-79.124
5920.000,-79.124
5921.000,-79.124
5922.000,-79.124
5923.000,-158.248
5924.000,-158.248
5925.000,-158.248
5926.000,-158.248
5927.000,-79.124
5928.000,-79.124
5929.000,-79.124
5930.000,-79.124
5931.000,-79.124
5932.000,-158.248
5933.000,-158.248
5934.000,-158.248
5935.000,-79.124
5936.000,-79.124
5937.000,-79.124
5938.000,-79.124
5939.000,-79.124
5940.000,-158.248
5941.000,-158.248
5942.000,-158.248
5943.000,-158.248
5944.000,-79.124
5945.000,-79.124
5946.000,-79.124
5947.000,-79.124
5948.000,-158.248
5949.000,-158.248
5950.000,-158.248
5951.000,-158.248
5952.000,-79.124
5953.000,-79.124
5954.000,-79.124
5955.000,-79.124
5956.000,-79.124
5957.000,-158.248
5958.000,-158.248
5959.000,-158.248
5960.000,-158.248
5961.000,-79.124
5962.000,-79.124
5963.000,-79.124
5964.000,-79.124
5965.000,-79.124
5966.000,-158.248
5967.000,-158.248
5968.000,-158.248
5969.000,-158.248
5970.000,-79.124
5971.000,-79.124
5972.000,-79.124
5973.000,-79.124
5974.000,-158.248
5975.000,-158.248
5976.000,-158.248
5977.000,-158.248
5978.000,-79.124
5979.000,-79.124
5980.000,-79.124
5981.000,-79.124
5982.000,-79.124
5983.000,-158.248
5984.000,-158.248
5985.000,-158.248
5986.000,-79.124
5987.000,-79.124
5988.000,-79.124
5989.000,-79.124
5990.000,-158.248
5991.000,-158.248
5992.000,-158.248
5993.000,-158.248
5994.000,-79.124
5995.000,-79.124
5996.000,-79.124
5997.000,-79.124
5998.000,-158.248
5999.000,-158.248
6000.000,-158.248
6001.000,-158.248
6002.000,-79.124
6003.000,-79.124
6004.000,-79.124
6005.000,-79.124
6006.000,-79.124
6007.000,-158.248
6008.000,-158.248
6009.000,-158.248
6010.000,-158.248
6011.000,-79.124
6012.000,-79.124
6013.000,-79.124
6014.000,-79.124
6015.000,-158.248
6016.000,-158.248
6017.000,-158.248
6018.000,-158.248
6019.000,-79.124
6020.000,-79.124
6021.000,-79.124
6022.000,-79.124
6023.000,-79.124
6024.000,-158.248
6025.000,-158.248
6026.000,-158.248
6027.000,-158.248
6028.000,-79.124
6029.000,-79.124
6030.000,-79.124
6031.000,-79.124
6032.000,-79.124
6033.000,-158.248
6034.000,-158.248
6035.000,-158.248
6036.000,-79.124
6037.000,-79.124
6038.000,-79.124
6039.000,-79.124
6040.000,-79.124
6041.000,-158.248
6042.000,-158.248
6043.000,-158.248
6044.000,-79.124
6045.000,-79.124
6046.000,-79.124
6047.000,-79.124
6048.000,-79.124
6049.000,-158.248
6050.000,-158.248
6051.000,-158.248
6052.000,-79.124
6053.000,-79.124
6054.000,-79.124
6055.000,-79.124
6056.000,-79.124
6057.000,-158.248
6058.000,-158.248
6059.000,-158.248
6060.000,-79.124
6061.000,-79.124
6062.000,-79.124
6063.000,-79.124
6064.000,-79.124
6065.000,-158.248
6066.000,-158.248
6067.000,-158.248
6068.000,-158.248
6069.000,-79.124
6070.000,-79.124
6071.000,-79.124
6072.000,-79.124
6073.000,-79.124
6074.000,-158.248
6075.000,-158.248
6076.000,-158.248
6077.000,-79.124
6078.000,-79.124
6079.000,-79.124
6080.000,-79.124
6081.000,-79.124
6082.000,-158.248
6083.000,-158.248
6084.000,-158.248
6085.000,-158.248
6086.000,-79.124
6087.000,-79.124
6088.000,-79.124
6089.000,-79.124
6090.000,-158.248
6091.000,-158.248
6092.000,-158.248
6093.000,-158.248
6094.000,-79.124
6095.000,-79.124
6096.000,-79.124
6097.000,-79.124
6098.000,-79.124
6099.000,-158.248
6100.000,-158.248
6101.000,-158.248
6102.000,-79.124
6103.000,-79.124
6104.000,-79.124
6105.000,-79.124
6106.000,-79.124
6107.000,-158.248
6108.000,-158.248
6109.000,-158.248
6110.000,-158.248
6111.000,-79.124
6112.000,-79.124
6113.000,-79.124
6114.000,-79.124
6115.000,-79.124
6116.000,-158.248
6117.000,-158.248
6118.000,-158.248
6119.000,-79.124
6120.000,-79.124
6121.000,-79.124
6122.000,-79.124
6123.000,-79.124
6124.000,-158.248
6125.000,-158.248
6126.000,-158.248
6127.000,-158.248
6128.000,-79.124
6129.000,-79.124
6130.000,-79.124
6131.000,-79.124
6132.000,-158.248
6133.000,-158.248
6134.000,-158.248
6135.000,-158.248
6136.000,-79.124
6137.000,-79.124
6138.000,-79.124
6139.000,-79.124
6140.000,-79.124
6141.000,-158.248
6142.000,-158.248
6143.000,-158.248
6144.000,-79.124
6145.000,-79.124
6146.000,-79.124
6147.000,-79.124
6148.000,-79.124
6149.000,-158.248
6150.000,-158.248
6151.000,-158.248
6152.000,-79.124
6153.000,-79.124
6154.000,-79.124
6155.000,-79.124
6156.000,-79.124
6157.000,-158.248
6158.000,-158.248
6159.000,-158.248
6160.000,-79.124
6161.000,-79.124
6162.000,-79.124
6163.000,-79.124
6164.000,-79.124
6165.000,-158.248
6166.000,-158.248
6167.000,-158.248
6168.000,-158.248
6169.000,-79.124
6170.000,-79.124
6171.000,-79.124
6172.000,-79.124
6173.000,-79.124
6174.000,-158.248
6175.000,-158.248
6176.000,-158.248
6177.000,-79.124
6178.000,-79.124
6179.000,-79.124
6180.000,-79.124
6181.000,-79.124
6182.000,-158.248
6183.000,-158.248
6184.000,-158.248
6185.000,-158.248
6186.000,-79.124
6187.000,-79.124
6188.000,-79.124
6189.000,-79.124
6190.000,-79.124
6191.000,-158.248
6192.000,-158.248
6193.000,-158.248
6194.000,-79.124
6195.000,-79.124
6196.000,-79.124
6197.000,-79.124
6198.000,-79.124
6199.000,-158.248
6200.000,-158.248
6201.000,-158.248
6202.000,-79.124
6203.000,-79.124
6204.000,-79.124
6205.000,-79.124
6206.000,-79.124
6207.000,-158.248
6208.000,-158.248
6209.000,-158.248
6210.000,-79.124
6211.000,-79.124
6212.000,-79.124
6213.000,-79.124
6214.000,-79.124
6215.000,-158.248
6216.000,-158.248
6217.000,-158.248
6218.000,-158.248
6219.000,-79.124
6220.000,-79.124
6221.000,-79.124
6222.000,-79.124
6223.000,-79.124
6224.000,-158.248
6225.000,-158.248
6226.000,-158.248
6227.000,-79.124
6228.000,-79.124
6229.000,-79.124
6230.000,-79.124
6231.000,-79.124
6232.000,-158.248
6233.000,-158.248
6234.000,-158.248
6235.000,-158.248
6236.000,-79.124
6237.000,-79.124
6238.000,-79.124
6239.000,-79.124
6240.000,-79.124
6241.000,-158.248
6242.000,-158.248
6243.000,-158.248
6244.000,-158.248
6245.000,-79.124
6246.000,-79.124
6247.000,-79.124
6248.000,-79.124
6249.000,-158.248
6250.000,-158.248
6251.000,-158.248
6252.000,-158.248
6253.000,-79.124
6254.000,-79.124
6255.000,-79.124
6256.000,-79.124
6257.000,-79.124
6258.000,-158.248
6259.000,-158.248
6260.000,-158.248
6261.000,-158.248
6262.000,-79.124
6263.000,-79.124
6264.000,-79.124
6265.000,-79.124
6266.000,-79.124
6267.000,-158.248
6268.000,-158.248
6269.000,-158.248
6270.000,-79.124
6271.000,-79.124
6272.000,-79.124
6273.000,-79.124
6274.000,-79.124
6275.000,-158.248
6276.000,-158.248
6277.000,-158.248
6278.000,-79.124
6279.000,-79.124
6280.000,-79.124
6281.000,-79.124
6282.000,-158.248
6283.000,-158.248
6284.000,-158.248
6285.000,-79.124
6286.000,-79.124
6287.000,-79.124
6288.000,-79.124
6289.000,-79.124
6290.000,-158.248
6291.000,-158.248
6292.000,-158.248
6293.000,-79.124
6294.000,-79.124
6295.000,-79.124
6296.000,-79.124
6297.000,-79.124
6298.000,-158.248
6299.000,-158.248
6300.000,-158.248
6301.000,-158.248
6302.000,-79.124
6303.000,-79.124
6304.000,-79.124
6305.000,-79.124
6306.000,-79.124
6307.000,-158.248
6308.000,-158.248
6309.000,-158.248
6310.000,-158.248
6311.000,-79.124
6312.000,-79.124
6313.000,-79.124
6314.000,-79.124
6315.000,-158.248
6316.000,-158.248
6317.000,-158.248
6318.000,-158.248
6319.000,-79.124
6320.000,-79.124
6321.000,-79.124
6322.000,-79.124
6323.000,-79.124
6324.000,-158.248
6325.000,-158.248
6326.000,-158.248
6327.000,-158.248
6328.000,-79.124
6329.000,-79.124
6330.000,-79.124
6331.000,-79.124
6332.000,-79.124
6333.000,-158.248
6334.000,-158.248
6335.000,-158.248
6336.000,-158.248
6337.000,-79.124
6338.000,-79.124
6339.000,-79.124
6340.000,-79.124
6341.000,-158.248
6342.000,-158.248
6343.000,-158.248
6344.000,-158.248
6345.000,-79.124
6346.000,-79.124
6347.000,-79.124
6348.000,-79.124
6349.000,-158.248
6350.000,-158.248
6351.000,-158.248
6352.000,-158.248
6353.000,-79.124
6354.000,-79.124
6355.000,-79.124
6356.000,-79.124
6357.000,-158.248
6358.000,-158.248
6359.000,-158.248
6360.000,-158.248
6361.000,-79.124
6362.000,-79.124
6363.000,-79.124
6364.000,-79.124
6365.000,-79.124
6366.000,-158.248
6367.000,-158.248
6368.000,-158.248
6369.000,-79.124
6370.000,-79.124
6371.000,-79.124
6372.000,-79.124
6373.000,-79.124
6374.000,-158.248
6375.000,-158.248
6376.000,-158.248
6377.000,-158.248
6378.000,-79.124
6379.000,-79.124
6380.000,-79.124
6381.000,-79.124
6382.000,-79.124
6383.000,-158.248
6384.000,-158.248
6385.000,-158.248
6386.000,-158.248
6387.000,-79.124
6388.000,-79.124
6389.000,-79.124
6390.000,-79.124
6391.000,-158.248
6392.000,-158.248
6393.000,-158.248
6394.000,-158.248
6395.000,-79.124
6396.000,-79.124
6397.000,-79.124
6398.000,-79.124
6399.000,-158.248
6400.000,-158.248
6401.000,-158.248
6402.000,-158.248
6403.000,-79.124
6404.000,-79.124
6405.000,-79.124
6406.000,-79.124
6407.000,-158.248
6408.000,-158.248
6409.000,-158.248
6410.000,-79.124
6411.000,-79.124
6412.000,-79.124
6413.000,-79.124
6414.000,-79.124
6415.000,-158.248
6416.000,-158.248
6417.000,-158.248
6418.000,-158.248
6419.000,-79.124
6420.000,-79.124
6421.000,-79.124
6422.000,-79.124
6423.000,-158.248
6424.000,-158.248
6425.000,-158.248
6426.000,-158.248
6427.000,-79.124
6428.000,-79.124
6429.000,-79.124
6430.000,-79.124
6431.000,-79.124
6432.000,-158.248
6433.000,-158.248
6434.000,-158.248
6435.000,-158.248
6436.000,-79.124
6437.000,-79.124
6438.000,-79.124
6439.000,-79.124
6440.000,-79.124
6441.000,-158.248
6442.000,-158.248
6443.000,-158.248
6444.000,-158.248
6445.000,-79.124
6446.000,-79.124
6447.000,-79.124
6448.000,-79.124
6449.000,-158.248
6450.000,-158.248
6451.000,-158.248
6452.000,-158.248
6453.000,-79.124
6454.000,-79.124
6455.000,-79.124
6456.000,-79.124
6457.000,-79.124
6458.000,-158.248
6459.000,-158.248
6460.000,-158.248
6461.000,-158.248
6462.000,-79.124
6463.000,-79.124
6464.000,-79.124
6465.000,-79.124
6466.000,-158.248
6467.000,-158.248
6468.000,-158.248
6469.000,-158.248
6470.000,-79.124
6471.000,-79.124
6472.000,-79.124
6473.000,-79.124
6474.000,-158.248
6475.000,-158.248
6476.000,-158.248
6477.000,-158.248
6478.000,-79.124
6479.000,-79.124
6480.000,-79.124
6481.000,-79.124
6482.000,-158.248
6483.000,-158.248
6484.000,-158.248
6485.000,-158.248
6486.000,-79.124
6487.000,-79.124
6488.000,-79.124
6489.000,-79.124
6490.000,-79.124
6491.000,-158.248
6492.000,-158.248
6493.000,-158.248
6494.000,-79.124
6495.000,-79.124
6496.000,-79.124
6497.000,-79.124
6498.000,-79.124
6499.000,-158.248
6500.000,-158.248
6501.000,-158.248
6502.000,-158.248
6503.000,-79.124
6504.000,-79.124
6505.000,-79.124
6506.000,-79.124
6507.000,-158.248
6508.000,-158.248
6509.000,-158.248
6510.000,-158.248
6511.000,-79.124
6512.000,-79.124
6513.000,-79.124
6514.000,-79.124
6515.000,-79.124
6516.000,-158.248
6517.000,-158.248
6518.000,-158.248
6519.000,-158.248
6520.000,-79.124
6521.000,-79.124
6522.000,-79.124
6523.000,-79.124
6524.000,-158.248
6525.000,-158.248
6526.000,-158.248
6527.000,-158.248
6528.000,-79.124
6529.000,-79.124
6530.000,-79.124
6531.000,-79.124
6532.000,-79.124
6533.000,-158.248
6534.000,-158.248
6535.000,-158.248
6536.000,-79.124
6537.000,-79.124
6538.000,-79.124
6539.000,-79.124
6540.000,-79.124
6541.000,-158.248
6542.000,-158.248
6543.000,-158.248
6544.000,-158.248
6545.000,-79.124
6546.000,-79.124
6547.000,-79.124
6548.000,-79.124
6549.000,-79.124
6550.000,-158.248
6551.000,-158.248
6552.000,-158.248
6553.000,-79.124
6554.000,-79.124
6555.000,-79.124
6556.000,-79.124
6557.000,-79.124
6558.000,-158.248
6559.000,-158.248
6560.000,-158.248
6561.000,-79.124
6562.000,-79.124
6563.000,-79.124
6564.000,-79.124
6565.000,-158.248
6566.000,-158.248
6567.000,-158.248
6568.000,-158.248
6569.000,-79.124
6570.000,-79.124
6571.000,-79.124
6572.000,-79.124
6573.000,-79.124
6574.000,-158.248
6575.000,-158.248
6576.000,-158.248
6577.000,-79.124
6578.000,-79.124
6579.000,-79.124
6580.000,-79.124
6581.000,-79.124
6582.000,-158.248
6583.000,-158.248
6584.000,-158.248
6585.000,-158.248
6586.000,-79.124
6587.000,-79.124
6588.000,-79.124
6589.000,-79.124
6590.000,-158.248
6591.000,-158.248
6592.000,-158.248
6593.000,-158.248
6594.000,-158.248
6595.000,-79.124
6596.000,-79.124
6597.000,-79.124
6598.000,-79.124
6599.000,-158.248
6600.000,-158.248
6601.000,-158.248
6602.000,-158.248
6603.000,-79.124
6604.000,-79.124
6605.000,-79.124
6606.000,-79.124
6607.000,-79.124
6608.000,-158.248
6609.000,-158.248
6610.000,-158.248
6611.000,-158.248
6612.000,-79.124
6613.000,-79.124
6614.000,-79.124
6615.000,-79.124
6616.000,-158.248
6617.000,-158.248
6618.000,-158.248
6619.000,-158.248
6620.000,-79.124
6621.000,-79.124
6622.000,-79.124
6623.000,-79.124
6624.000,-79.124
6625.000,-158.248
6626.000,-158.248
6627.000,-158.248
6628.000,-79.124
6629.000,-79.124
6630.000,-79.124
6631.000,-79.124
6632.000,-79.124
6633.000,-158.248
6634.000,-158.248
6635.000,-158.248
6636.000,-158.248
6637.000,-79.124
6638.000,-79.124
6639.000,-79.124
6640.000,-79.124
6641.000,-158.248
6642.000,-158.248
6643.000,-158.248
6644.000,-158.248
6645.000,-79.124
6646.000,-79.124
6647.000,-79.124
6648.000,-79.124
6649.000,-158.248
6650.000,-158.248
6651.000,-158.248
6652.000,-79.124
6653.000,-79.124
6654.000,-79.124
6655.000,-79.124
6656.000,-79.124
6657.000,-158.248
6658.000,-158.248
6659.000,-158.248
6660.000,-158.248
6661.000,-79.124
6662.000,-79.124
6663.000,-79.124
6664.000,-79.124
6665.000,-158.248
6666.000,-158.248
6667.000,-158.248
6668.000,-158.248
6669.000,-79.124
6670.000,-79.124
6671.000,-79.124
6672.000,-79.124
6673.000,-79.124
6674.000,-158.248
6675.000,-158.248
6676.000,-158.248
6677.000,-158.248
6678.000,-79.124
6679.000,-79.124
6680.000,-79.124
6681.000,-79.124
6682.000,-158.248
6683.000,-158.248
6684.000,-158.248
6685.000,-158.248
6686.000,-79.124
6687.000,-79.124
6688.000,-79.124
6689.000,-79.124
6690.000,-79.124
6691.000,-158.248
6692.000,-158.248
6693.000,-158.248
6694.000,-158.248
6695.000,-79.124
6696.000,-79.124
6697.000,-79.124
6698.000,-79.124
6699.000,-158.248
6700.000,-158.248
6701.000,-158.248
6702.000,-158.248
6703.000,-79.124
6704.000,-79.124
6705.000,-79.124
6706.000,-79.124
6707.000,-158.248
6708.000,-158.248
6709.000,-158.248
6710.000,-158.248
6711.000,-79.124
6712.000,-79.124
6713.000,-79.124
6714.000,-79.124
6715.000,-79.124
6716.000,-158.248
6717.000,-158.248
6718.000,-158.248
6719.000,-79.124
6720.000,-79.124
6721.000,-79.124
6722.000,-79.124
6723.000,-79.124
6724.000,-158.248
6725.000,-158.248
6726.000,-158.248
6727.000,-158.248
6728.000,-79.124
6729.000,-79.124
6730.000,-79.124
6731.000,-79.124
6732.000,-79.124
6733.000,-158.248
6734.000,-158.248
6735.000,-158.248
6736.000,-158.248
6737.000,-79.124
6738.000,-79.124
6739.000,-79.124
6740.000,-79.124
6741.000,-158.248
6742.000,-158.248
6743.000,-158.248
6744.000,-158.248
6745.000,-79.124
6746.000,-79.124
6747.000,-79.124
6748.000,-79.124
6749.000,-79.124
6750.000,-158.248
6751.000,-158.248
6752.000,-158.248
6753.000,-158.248
6754.000,-79.124
6755.000,-79.124
6756.000,-79.124
6757.000,-79.124
6758.000,-158.248
6759.000,-158.248
6760.000,-158.248
6761.000,-79.124
6762.000,-79.124
6763.000,-79.124
6764.000,-79.124
6765.000,-79.124
6766.000,-158.248
6767.000,-158.248
6768.000,-158.248
6769.000,-79.124
6770.000,-79.124
6771.000,-79.124
6772.000,-79.124
6773.000,-79.124
6774.000,-158.248
6775.000,-158.248
6776.000,-158.248
6777.000,-79.124
6778.000,-79.124
6779.000,-79.124
6780.000,-79.124
6781.000,-79.124
6782.000,-158.248
6783.000,-158.248
6784.000,-158.248
6785.000,-158.248
6786.000,-79.124
6787.000,-79.124
6788.000,-79.124
6789.000,-79.124
6790.000,-158.248
6791.000,-158.248
6792.000,-158.248
6793.000,-158.248
6794.000,-79.124
6795.000,-79.124
6796.000,-79.124
6797.000,-79.124
6798.000,-79.124
6799.000,-158.248
6800.000,-158.248
6801.000,-158.248
6802.000,-158.248
6803.000,-79.124
6804.000,-79.124
6805.000,-79.124
6806.000,-79.124
6807.000,-79.124
6808.000,-158.248
6809.000,-158.248
6810.000,-158.248
6811.000,-79.124
6812.000,-79.124
6813.000,-79.124
6814.000,-79.124
6815.000,-79.124
6816.000,-158.248
6817.000,-158.248
6818.000,-158.248
6819.000,-158.248
6820.000,-79.124
6821.000,-79.124
6822.000,-79.124
6823.000,-79.124
6824.000,-158.248
6825.000,-158.248
6826.000,-158.248
6827.000,-158.248
6828.000,-79.124
6829.000,-79.124
6830.000,-79.124
6831.000,-79.124
6832.000,-158.248
6833.000,-158.248
6834.000,-158.248
6835.000,-158.248
6836.000,-79.124
6837.000,-79.124
6838.000,-79.124
6839.000,-79.124
6840.000,-79.124
6841.000,-158.248
6842.000,-158.248
6843.000,-158.248
6844.000,-79.124
6845.000,-79.124
6846.000,-79.124
6847.000,-79.124
6848.000,-79.124
6849.000,-158.248
6850.000,-158.248
6851.000,-158.248
6852.000,-158.248
6853.000,-79.124
6854.000,-79.124
6855.000,-79.124
6856.000,-79.124
6857.000,-158.248
6858.000,-158.248
6859.000,-158.248
6860.000,-158.248
6861.000,-79.124
6862.000,-79.124
6863.000,-79.124
6864.000,-79.124
6865.000,-79.124
6866.000,-158.248
6867.000,-158.248
6868.000,-158.248
6869.000,-158.248
6870.000,-79.124
6871.000,-79.124
6872.000,-79.124
6873.000,-79.124
6874.000,-158.248
6875.000,-158.248
6876.000,-158.248
6877.000,-158.248
6878.000,-79.124
6879.000,-79.124
6880.000,-79.124
6881.000,-79.124
6882.000,-79.124
6883.000,-158.248
6884.000,-158.248
6885.000,-158.248
6886.000,-79.124
6887.000,-79.124
6888.000,-79.124
6889.000,-79.124
6890.000,-79.124
6891.000,-158.248
6892.000,-158.248
6893.000,-158.248
6894.000,-158.248
6895.000,-79.124
6896.000,-79.124
6897.000,-79.124
6898.000,-79.124
6899.000,-158.248
6900.000,-158.248
6901.000,-158.248
6902.000,-158.248
6903.000,-79.124
6904.000,-79.124
6905.000,-79.124
6906.000,-79.124
6907.000,-79.124
6908.000,-158.248
6909.000,-158.248
6910.000,-158.248
6911.000,-79.124
6912.000,-79.124
6913.000,-79.124
6914.000,-79.124
6915.000,-79.124
6916.000,-158.248
6917.000,-158.248
6918.000,-158.248
6919.000,-79.124
6920.000,-79.124
6921.000,-79.124
6922.000,-79.124
6923.000,-79.124
6924.000,-158.248
6925.000,-158.248
6926.000,-158.248
6927.000,-79.124
6928.000,-79.124
6929.000,-79.124
6930.000,-79.124
6931.000,-79.124
6932.000,-158.248
6933.000,-158.248
6934.000,-158.248
6935.000,-158.248
6936.000,-79.124
6937.000,-79.124
6938.000,-79.124
6939.000,-79.124
6940.000,-158.248
6941.000,-158.248
6942.000,-158.248
6943.000,-158.248
6944.000,-79.124
6945.000,-79.124
6946.000,-79.124
6947.000,-79.124
6948.000,-79.124
6949.000,-158.248
6950.000,-158.248
6951.000,-158.248
6952.000,-158.248
6953.000,-79.124
6954.000,-79.124
6955.000,-79.124
6956.000,-79.124
6957.000,-158.248
6958.000,-158.248
6959.000,-158.248
6960.000,-158.248
6961.000,-79.124
6962.000,-79.124
6963.000,-79.124
6964.000,-79.124
6965.000,-79.124
6966.000,-158.248
6967.000,-158.248
6968.000,-158.248
6969.000,-79.124
6970.000,-79.124
6971.000,-79.124
6972.000,-79.124
6973.000,-79.124
6974.000,-158.248
6975.000,-158.248
6976.000,-158.248
6977.000,-158.248
6978.000,-79.124
6979.000,-79.124
6980.000,-79.124
6981.000,-79.124
6982.000,-158.248
6983.000,-158.248
6984.000,-158.248
6985.000,-158.248
6986.000,-79.124
6987.000,-79.124
6988.000,-79.124
6989.000,-79.124
6990.000,-79.124
6991.000,-158.248
6992.000,-158.248
6993.000,-158.248
6994.000,-79.124
6995.000,-79.124
6996.000,-79.124
6997.000,-79.124
6998.000,-79.124
6999.000,-158.248
7000.000,-158.248
7001.000,-158.248
7002.000,-158.248
7003.000,-79.124
7004.000,-79.124
7005.000,-79.124
7006.000,-79.124
7007.000,-158.248
7008.000,-158.248
7009.000,-158.248
7010.000,-158.248
7011.000,-79.124
7012.000,-79.124
7013.000,-79.124
7014.000,-79.124
7015.000,-158.248
7016.000,-158.248
7017.000,-158.248
7018.000,-158.248
7019.000,-79.124
7020.000,-79.124
7021.000,-79.124
7022.000,-79.124
7023.000,-79.124
7024.000,-158.248
7025.000,-158.248
7026.000,-158.248
7027.000,-158.248
7028.000,-79.124
7029.000,-79.124
7030.000,-79.124
7031.000,-79.124
7032.000,-158.248
7033.000,-158.248
7034.000,-158.248
7035.000,-158.248
7036.000,-79.124
7037.000,-79.124
7038.000,-79.124
7039.000,-79.124
7040.000,-79.124
7041.000,-158.248
7042.000,-158.248
7043.000,-158.248
7044.000,-158.248
7045.000,-79.124
7046.000,-79.124
7047.000,-79.124
7048.000,-79.124
7049.000,-158.248
7050.000,-158.248
7051.000,-158.248
7052.000,-158.248
7053.000,-79.124
7054.000,-79.124
7055.000,-79.124
7056.000,-79.124
7057.000,-158.248
7058.000,-158.248
7059.000,-158.248
7060.000,-79.124
7061.000,-79.124
7062.000,-79.124
7063.000,-79.124
7064.000,-79.124
7065.000,-158.248
7066.000,-158.248
7067.000,-158.248
7068.000,-158.248
7069.000,-79.124
7070.000,-79.124
7071.000,-79.124
7072.000,-79.124
7073.000,-158.248
7074.000,-158.248
7075.000,-158.248
7076.000,-158.248
7077.000,-79.124
7078.000,-79.124
7079.000,-79.124
7080.000,-79.124
7081.000,-79.124
7082.000,-158.248
7083.000,-158.248
7084.000,-158.248
7085.000,-158.248
7086.000,-79.124
7087.000,-79.124
7088.000,-79.124
7089.000,-79.124
7090.000,-158.248
7091.000,-158.248
7092.000,-158.248
7093.000,-158.248
7094.000,-158.248
7095.000,-79.124
7096.000,-79.124
7097.000,-79.124
7098.000,-79.124
7099.000,-158.248
7100.000,-158.248
7101.000,-158.248
7102.000,-158.248
7103.000,-79.124
7104.000,-79.124
7105.000,-79.124
7106.000,-79.124
7107.000,-79.124
7108.000,-158.248
7109.000,-158.248
7110.000,-158.248
7111.000,-158.248
7112.000,-79.124
7113.000,-79.124
7114.000,-79.124
7115.000,-79.124
7116.000,-158.248
7117.000,-158.248
7118.000,-158.248
7119.000,-158.248
7120.000,-79.124
7121.000,-79.124
7122.000,-79.124
7123.000,-79.124
7124.000,-158.248
7125.000,-158.248
7126.000,-158.248
7127.000,-79.124
7128.000,-79.124
7129.000,-79.124
7130.000,-79.124
7131.000,-79.124
7132.000,-158.248
7133.000,-158.248
7134.000,-158.248
7135.000,-79.124
7136.000,-79.124
7137.000,-79.124
7138.000,-79.124
7139.000,-79.124
7140.000,-158.248
7141.000,-158.248
7142.000,-158.248
7143.000,-158.248
7144.000,-79.124
7145.000,-79.124
7146.000,-79.124
7147.000,-79.124
7148.000,-79.124
7149.000,-158.248
7150.000,-158.248
7151.000,-158.248
7152.000,-158.248
7153.000,-79.124
7154.000,-79.124
7155.000,-79.124
7156.000,-79.124
7157.000,-158.248
7158.000,-158.248
7159.000,-158.248
7160.000,-158.248
7161.000,-79.124
7162.000,-79.124
7163.000,-79.124
7164.000,-79.124
7165.000,-79.124
7166.000,-158.248
7167.000,-158.248
7168.000,-158.248
7169.000,-79.124
7170.000,-79.124
7171.000,-79.124
7172.000,-79.124
7173.000,-79.124
7174.000,-158.248
7175.000,-158.248
7176.000,-158.248
7177.000,-79.124
7178.000,-79.124
7179.000,-79.124
7180.000,-79.124
7181.000,-79.124
7182.000,-158.248
7183.000,-158.248
7184.000,-158.248
7185.000,-79.124
7186.000,-79.124
7187.000,-79.124
7188.000,-79.124
7189.000,-79.124
7190.000,-158.248
7191.000,-158.248
7192.000,-158.248
7193.000,-158.248
7194.000,-79.124
7195.000,-79.124
7196.000,-79.124
7197.000,-79.124
7198.000,-158.248
7199.000,-158.248
7200.000,-158.248
7201.000,-158.248
7202.000,-79.124
7203.000,-79.124
7204.000,-79.124
7205.000,-79.124
7206.000,-79.124
7207.000,-158.248
7208.000,-158.248
7209.000,-158.248
7210.000,-158.248
7211.000,-79.124
7212.000,-79.124
7213.000,-79.124
7214.000,-79.124
7215.000,-79.124
7216.000,-158.248
7217.000,-158.248
7218.000,-158.248
7219.000,-158.248
7220.000,-79.124
7221.000,-79.124
7222.000,-79.124
7223.000,-79.124
7224.000,-158.248
7225.000,-158.248
7226.000,-158.248
7227.000,-158.248
7228.000,-79.124
7229.000,-79.124
7230.000,-79.124
7231.000,-79.124
7232.000,-79.124
7233.000,-158.248
7234.000,-158.248
7235.000,-158.248
7236.000,-79.124
7237.000,-79.124
7238.000,-79.124
7239.000,-79.124
7240.000,-79.124
7241.000,-158.248
7242.000,-158.248
7243.000,-158.248
7244.000,-79.124
7245.000,-79.124
7246.000,-79.124
7247.000,-79.124
7248.000,-79.124
7249.000,-158.248
7250.000,-158.248
7251.000,-158.248
7252.000,-79.124
7253.000,-79.124
7254.000,-79.124
7255.000,-79.124
7256.000,-79.124
7257.000,-158.248
7258.000,-158.248
7259.000,-158.248
7260.000,-158.248
7261.000,-79.124
7262.000,-79.124
7263.000,-79.124
7264.000,-79.124
7265.000,-158.248
7266.000,-158.248
7267.000,-158.248
7268.000,-158.248
7269.000,-79.124
7270.000,-79.124
7271.000,-79.124
7272.000,-79.124
7273.000,-158.248
7274.000,-158.248
7275.000,-158.248
7276.000,-158.248
7277.000,-79.124
7278.000,-79.124
7279.000,-79.124
7280.000,-79.124
7281.000,-79.124
7282.000,-158.248
7283.000,-158.248
7284.000,-158.248
7285.000,-158.248
7286.000,-79.124
7287.000,-79.124
7288.000,-79.124
7289.000,-79.124
7290.000,-158.248
7291.000,-158.248
7292.000,-158.248
7293.000,-158.248
7294.000,-79.124
7295.000,-79.124
7296.000,-79.124
7297.000,-79.124
7298.000,-79.124
7299.000,-158.248
7300.000,-158.248
7301.000,-158.248
7302.000,-158.248
7303.000,-79.124
7304.000,-79.124
7305.000,-79.124
7306.000,-79.124
7307.000,-158.248
7308.000,-158.248
7309.000,-158.248
7310.000,-158.248
7311.000,-79.124
7312.000,-79.124
7313.000,-79.124
7314.000,-79.124
7315.000,-79.124
7316.000,-158.248
7317.000,-158.248
7318.000,-158.248
7319.000,-79.124
7320.000,-79.124
7321.000,-79.124
7322.000,-79.124
7323.000,-79.124
7324.000,-158.248
7325.000,-158.248
7326.000,-158.248
7327.000,-158.248
7328.000,-79.124
7329.000,-79.124
7330.000,-79.124
7331.000,-79.124
7332.000,-158.248
7333.000,-158.248
7334.000,-158.248
7335.000,-158.248
7336.000,-79.124
7337.000,-79.124
7338.000,-79.124
7339.000,-79.124
7340.000,-158.248
7341.000,-158.248
7342.000,-158.248
7343.000,-158.248
7344.000,-79.124
7345.000,-79.124
7346.000,-79.124
7347.000,-79.124
7348.000,-158.248
7349.000,-158.248
7350.000,-158.248
7351.000,-158.248
7352.000,-79.124
7353.000,-79.124
7354.000,-79.124
7355.000,-79.124
7356.000,-79.124
7357.000,-158.248
7358.000,-158.248
7359.000,-158.248
7360.000,-158.248
7361.000,-79.124
7362.000,-79.124
7363.000,-79.124
7364.000,-79.124
7365.000,-158.248
7366.000,-158.248
7367.000,-158.248
7368.000,-158.248
7369.000,-79.124
7370.000,-79.124
7371.000,-79.124
7372.000,-79.124
7373.000,-79.124
7374.000,-158.248
7375.000,-158.248
7376.000,-158.248
7377.000,-158.248
7378.000,-79.124
7379.000,-79.124
7380.000,-79.124
7381.000,-79.124
7382.000,-79.124
7383.000,-158.248
7384.000,-158.248
7385.000,-158.248
7386.000,-79.124
7387.000,-79.124
7388.000,-79.124
7389.000,-79.124
7390.000,-79.124
7391.000,-158.248
7392.000,-158.248
7393.000,-158.248
7394.000,-158.248
7395.000,-79.124
7396.000,-79.124
7397.000,-79.124
7398.000,-79.124
7399.000,-79.124
7400.000,-158.248
7401.000,-158.248
7402.000,-158.248
7403.000,-79.124
7404.000,-79.124
7405.000,-79.124
7406.000,-79.124
7407.000,-79.124
7408.000,-158.248
7409.000,-158.248
7410.000,-79.124
7411.000,-79.124
7412.000,-79.124
7413.000,-79.124
7414.000,-79.124
7415.000,-158.248
7416.000,-158.248
7417.000,-158.248
7418.000,-79.124
7419.000,-79.124
7420.000,-79.124
7421.000,-79.124
7422.000,-79.124
7423.000,-158.248
7424.000,-158.248
7425.000,-158.248
7426.000,-158.248
7427.000,-79.124
7428.000,-79.124
7429.000,-79.124
7430.000,-79.124
7431.000,-158.248
7432.000,-158.248
7433.000,-158.248
7434.000,-158.248
7435.000,-79.124
7436.000,-79.124
7437.000,-79.124
7438.000,-79.124
7439.000,-79.124
7440.000,-158.248
7441.000,-158.248
7442.000,-158.248
7443.000,-158.248
7444.000,-79.124
7445.000,-79.124
7446.000,-79.124
7447.000,-79.124
7448.000,-79.124
7449.000,-158.248
7450.000,-158.248
7451.000,-158.248
7452.000,-158.248
7453.000,-79.124
7454.000,-79.124
7455.000,-79.124
7456.000,-79.124
7457.000,-158.248
7458.000,-158.248
7459.000,-158.248
7460.000,-158.248
7461.000,-79.124
7462.000,-79.124
7463.000,-79.124
7464.000,-79.124
7465.000,-79.124
7466.000,-158.248
7467.000,-158.248
7468.000,-158.248
7469.000,-158.248
7470.000,-79.124
7471.000,-79.124
7472.000,-79.124
7473.000,-79.124
7474.000,-158.248
7475.000,-158.248
7476.000,-158.248
7477.000,-158.248
7478.000,-79.124
7479.000,-79.124
7480.000,-79.124
7481.000,-79.124
7482.000,-79.124
7483.000,-158.248
7484.000,-158.248
7485.000,-158.248
7486.000,-79.124
7487.000,-79.124
7488.000,-79.124
7489.000,-79.124
7490.000,-79.124
7491.000,-158.248
7492.000,-158.248
7493.000,-158.248
7494.000,-79.124
7495.000,-79.124
7496.000,-79.124
7497.000,-79.124
7498.000,-79.124
7499.000,-158.248
7500.000,-158.248
7501.000,-158.248
7502.000,-158.248
7503.000,-79.124
7504.000,-79.124
7505.000,-79.124
7506.000,-79.124
7507.000,-158.248
7508.000,-158.248
7509.000,-158.248
7510.000,-158.248
7511.000,-79.124
7512.000,-79.124
7513.000,-79.124
7514.000,-79.124
7515.000,-79.124
7516.000,-158.248
7517.000,-158.248
7518.000,-158.248
7519.000,-158.248
7520.000,-79.124
7521.000,-79.124
7522.000,-79.124
7523.000,-79.124
7524.000,-79.124
7525.000,-158.248
7526.000,-158.248
7527.000,-158.248
7528.000,-79.124
7529.000,-79.124
7530.000,-79.124
7531.000,-79.124
7532.000,-79.124
7533.000,-158.248
7534.000,-158.248
7535.000,-79.124
7536.000,-79.124
7537.000,-79.124
7538.000,-79.124
7539.000,-79.124
7540.000,-158.248
7541.000,-158.248
7542.000,-158.248
7543.000,-79.124
7544.000,-79.124
7545.000,-79.124
7546.000,-79.124
7547.000,-79.124
7548.000,-158.248
7549.000,-158.248
7550.000,-158.248
7551.000,-158.248
7552.000,-79.124
7553.000,-79.124
7554.000,-79.124
7555.000,-79.124
7556.000,-158.248
7557.000,-158.248
7558.000,-158.248
7559.000,-158.248
7560.000,-158.248
7561.000,-79.124
7562.000,-79.124
7563.000,-79.124
7564.000,-79.124
7565.000,-158.248
7566.000,-158.248
7567.000,-158.248
7568.000,-158.248
7569.000,-79.124
7570.000,-79.124
7571.000,-79.124
7572.000,-79.124
7573.000,-79.124
7574.000,-158.248
7575.000,-158.248
7576.000,-158.248
7577.000,-158.248
7578.000,-79.124
7579.000,-79.124
7580.000,-79.124
7581.000,-79.124
7582.000,-79.124
7583.000,-158.248
7584.000,-158.248
7585.000,-158.248
7586.000,-79.124
7587.000,-79.124
7588.000,-79.124
7589.000,-79.124
7590.000,-79.124
7591.000,-158.248
7592.000,-158.248
7593.000,-158.248
7594.000,-158.248
7595.000,-79.124
7596.000,-79.124
7597.000,-79.124
7598.000,-79.124
7599.000,-79.124
7600.000,-158.248
7601.000,-158.248
7602.000,-158.248
7603.000,-79.124
7604.000,-79.124
7605.000,-79.124
7606.000,-79.124
7607.000,-79.124
7608.000,-158.248
7609.000,-158.248
7610.000,-158.248
7611.000,-79.124
7612.000,-79.124
7613.000,-79.124
7614.000,-79.124
7615.000,-79.124
7616.000,-158.248
7617.000,-158.248
7618.000,-158.248
7619.000,-79.124
7620.000,-79.124
7621.000,-79.124
7622.000,-79.124
7623.000,-79.124
7624.000,-158.248
7625.000,-158.248
7626.000,-158.248
7627.000,-158.248
7628.000,-79.124
7629.000,-79.124
7630.000,-79.124
7631.000,-79.124
7632.000,-158.248
7633.000,-158.248
7634.000,-158.248
7635.000,-158.248
7636.000,-79.124
7637.000,-79.124
7638.000,-79.124
7639.000,-79.124
7640.000,-79.124
7641.000,-158.248
7642.000,-158.248
7643.000,-158.248
7644.000,-79.124
7645.000,-79.124
7646.000,-79.124
7647.000,-79.124
7648.000,-79.124
7649.000,-158.248
7650.000,-158.248
7651.000,-158.248
7652.000,-158.248
7653.000,-79.124
7654.000,-79.124
7655.000,-79.124
7656.000,-79.124
7657.000,-158.248
7658.000,-158.248
7659.000,-158.248
7660.000,-158.248
7661.000,-79.124
7662.000,-79.124
7663.000,-79.124
7664.000,-79.124
7665.000,-79.124
7666.000,-158.248
7667.000,-158.248
7668.000,-158.248
7669.000,-158.248
7670.000,-79.124
7671.000,-79.124
7672.000,-79.124
7673.000,-79.124
7674.000,-158.248
7675.000,-158.248
7676.000,-158.248
7677.000,-158.248
7678.000,-79.124
7679.000,-79.124
7680.000,-79.124
7681.000,-79.124
7682.000,-158.248
7683.000,-158.248
7684.000,-158.248
7685.000,-158.248
7686.000,-79.124
7687.000,-79.124
7688.000,-79.124
7689.000,-79.124
7690.000,-79.124
7691.000,-158.248
7692.000,-158.248
7693.000,-158.248
7694.000,-79.124
7695.000,-79.124
7696.000,-79.124
7697.000,-79.124
7698.000,-79.124
7699.000,-158.248
7700.000,-158.248
7701.000,-158.248
7702.000,-158.248
7703.000,-79.124
7704.000,-79.124
7705.000,-79.124
7706.000,-79.124
7707.000,-158.248
7708.000,-158.248
7709.000,-158.248
7710.000,-158.248
7711.000,-79.124
7712.000,-79.124
7713.000,-79.124
7714.000,-79.124
7715.000,-79.124
7716.000,-158.248
7717.000,-158.248
7718.000,-158.248
7719.000,-158.248
7720.000,-79.124
7721.000,-79.124
7722.000,-79.124
7723.000,-79.124
7724.000,-158.248
7725.000,-158.248
7726.000,-158.248
7727.000,-158.248
7728.000,-79.124
7729.000,-79.124
7730.000,-79.124
7731.000,-79.124
7732.000,-79.124
7733.000,-158.248
7734.000,-158.248
7735.000,-158.248
7736.000,-79.124
7737.000,-79.124
7738.000,-79.124
7739.000,-79.124
7740.000,-79.124
7741.000,-158.248
7742.000,-158.248
7743.000,-158.248
7744.000,-158.248
7745.000,-79.124
7746.000,-79.124
7747.000,-79.124
7748.000,-79.124
7749.000,-158.248
7750.000,-158.248
7751.000,-158.248
7752.000,-158.248
7753.000,-79.124
7754.000,-79.124
7755.000,-79.124
7756.000,-79.124
7757.000,-79.124
7758.000,-158.248
7759.000,-158.248
7760.000,-158.248
7761.000,-79.124
7762.000,-79.124
7763.000,-79.124
7764.000,-79.124
7765.000,-79.124
7766.000,-158.248
7767.000,-158.248
7768.000,-158.248
7769.000,-79.124
7770.000,-79.124
7771.000,-79.124
7772.000,-79.124
7773.000,-79.124
7774.000,-158.248
7775.000,-158.248
7776.000,-158.248
7777.000,-79.124
7778.000,-79.124
7779.000,-79.124
7780.000,-79.124
7781.000,-79.124
7782.000,-158.248
7783.000,-158.248
7784.000,-158.248
7785.000,-158.248
7786.000,-79.124
7787.000,-79.124
7788.000,-79.124
7789.000,-79.124
7790.000,-158.248
7791.000,-158.248
7792.000,-158.248
7793.000,-158.248
7794.000,-79.124
7795.000,-79.124
7796.000,-79.124
7797.000,-79.124
7798.000,-79.124
7799.000,-158.248
7800.000,-158.248
7801.000,-158.248
7802.000,-158.248
7803.000,-79.124
7804.000,-79.124
7805.000,-79.124
7806.000,-79.124
7807.000,-79.124
7808.000,-158.248
7809.000,-158.248
7810.000,-158.248
7811.000,-158.248
7812.000,-79.124
7813.000,-79.124
7814.000,-79.124
7815.000,-79.124
7816.000,-158.248
7817.000,-158.248
7818.000,-158.248
7819.000,-158.248
7820.000,-79.124
7821.000,-79.124
7822.000,-79.124
7823.000,-79.124
7824.000,-158.248
7825.000,-158.248
7826.000,-158.248
7827.000,-158.248
7828.000,-79.124
7829.000,-79.124
7830.000,-79.124
7831.000,-79.124
7832.000,-79.124
7833.000,-158.248
7834.000,-158.248
7835.000,-158.248
7836.000,-79.124
7837.000,-79.124
7838.000,-79.124
7839.000,-79.124
7840.000,-79.124
7841.000,-158.248
7842.000,-158.248
7843.000,-158.248
7844.000,-79.124
7845.000,-79.124
7846.000,-79.124
7847.000,-79.124
7848.000,-79.124
7849.000,-158.248
7850.000,-158.248
7851.000,-158.248
7852.000,-79.124
7853.000,-79.124
7854.000,-79.124
7855.000,-79.124
7856.000,-79.124
7857.000,-158.248
7858.000,-158.248
7859.000,-158.248
7860.000,-158.248
7861.000,-79.124
7862.000,-79.124
7863.000,-79.124
7864.000,-79.124
7865.000,-79.124
7866.000,-158.248
7867.000,-158.248
7868.000,-158.248
7869.000,-158.248
7870.000,-79.124
7871.000,-79.124
7872.000,-79.124
7873.000,-79.124
7874.000,-158.248
7875.000,-158.248
7876.000,-158.248
7877.000,-158.248
7878.000,-158.248
7879.000,-79.124
7880.000,-79.124
7881.000,-79.124
7882.000,-79.124
7883.000,-158.248
7884.000,-158.248
7885.000,-158.248
7886.000,-158.248
7887.000,-79.124
7888.000,-79.124
7889.000,-79.124
7890.000,-79.124
7891.000,-79.124
7892.000,-158.248
7893.000,-158.248
7894.000,-158.248
7895.000,-79.124
7896.000,-79.124
7897.000,-79.124
7898.000,-79.124
7899.000,-79.124
7900.000,-158.248
7901.000,-158.248
7902.000,-158.248
7903.000,-79.124
7904.000,-79.124
7905.000,-79.124
7906.000,-79.124
7907.000,-158.248
7908.000,-158.248
7909.000,-158.248
7910.000,-158.248
7911.000,-79.124
7912.000,-79.124
7913.000,-79.124
7914.000,-79.124
7915.000,-158.248
7916.000,-158.248
7917.000,-158.248
7918.000,-158.248
7919.000,-79.124
7920.000,-79.124
7921.000,-79.124
7922.000,-79.124
7923.000,-79.124
7924.000,-158.248
7925.000,-158.248
7926.000,-158.248
7927.000,-158.248
7928.000,-79.124
7929.000,-79.124
7930.000,-79.124
7931.000,-79.124
7932.000,-158.248
7933.000,-158.248
7934.000,-158.248
7935.000,-158.248
7936.000,-79.124
7937.000,-79.124
7938.000,-79.124
7939.000,-79.124
7940.000,-79.124
7941.000,-158.248
7942.000,-158.248
7943.000,-158.248
7944.000,-158.248
7945.000,-79.124
7946.000,-79.124
7947.000,-79.124
7948.000,-79.124
7949.000,-158.248
7950.000,-158.248
7951.000,-158.248
7952.000,-158.248
7953.000,-79.124
7954.000,-79.124
7955.000,-79.124
7956.000,-79.124
7957.000,-158.248
7958.000,-158.248
7959.000,-158.248
7960.000,-158.248
7961.000,-79.124
7962.000,-79.124
7963.000,-79.124
7964.000,-79.124
7965.000,-79.124
7966.000,-158.248
7967.000,-158.248
7968.000,-158.248
7969.000,-158.248
7970.000,-79.124
7971.000,-79.124
7972.000,-79.124
7973.000,-79.124
7974.000,-158.248
7975.000,-158.248
7976.000,-158.248
7977.000,-158.248
7978.000,-79.124
7979.000,-79.124
7980.000,-79.124
7981.000,-79.124
7982.000,-79.124
7983.000,-158.248
7984.000,-158.248
7985.000,-158.248
7986.000,-158.248
7987.000,-79.124
7988.000,-79.124
7989.000,-79.124
7990.000,-79.124
7991.000,-158.248
7992.000,-158.248
7993.000,-158.248
7994.000,-158.248
7995.000,-79.124
7996.000,-79.124
7997.000,-79.124
7998.000,-79.124
7999.000,-79.124
8000.000,-158.248
8001.000,-158.248
8002.000,-158.248
8003.000,-79.124
8004.000,-79.124
8005.000,-79.124
8006.000,-79.124
8007.000,-79.124
8008.000,-158.248
8009.000,-158.248
8010.000,-158.248
8011.000,-79.124
8012.000,-79.124
8013.000,-79.124
8014.000,-79.124
8015.000,-79.124
8016.000,-158.248
8017.000,-158.248
8018.000,-158.248
8019.000,-158.248
8020.000,-79.124
8021.000,-79.124
8022.000,-79.124
8023.000,-79.124
8024.000,-158.248
8025.000,-158.248
8026.000,-158.248
8027.000,-158.248
8028.000,-79.124
8029.000,-79.124
8030.000,-79.124
8031.000,-79.124
8032.000,-158.248
8033.000,-158.248
8034.000,-158.248
8035.000,-158.248
8036.000,-79.124
8037.000,-79.124
8038.000,-79.124
8039.000,-79.124
8040.000,-158.248
8041.000,-158.248
8042.000,-158.248
8043.000,-158.248
8044.000,-79.124
8045.000,-79.124
8046.000,-79.124
8047.000,-79.124
8048.000,-79.124
8049.000,-158.248
8050.000,-158.248
8051.000,-158.248
8052.000,-79.124
8053.000,-79.124
8054.000,-79.124
8055.000,-79.124
8056.000,-79.124
8057.000,-158.248
8058.000,-158.248
8059.000,-158.248
8060.000,-158.248
8061.000,-79.124
8062.000,-79.124
8063.000,-79.124
8064.000,-79.124
8065.000,-79.124
8066.000,-158.248
8067.000,-158.248
8068.000,-158.248
8069.000,-158.248
8070.000,-79.124
8071.000,-79.124
8072.000,-79.124
8073.000,-79.124
8074.000,-158.248
8075.000,-158.248
8076.000,-158.248
8077.000,-158.248
8078.000,-79.124
8079.000,-79.124
8080.000,-79.124
8081.000,-79.124
8082.000,-79.124
8083.000,-158.248
8084.000,-158.248
8085.000,-158.248
8086.000,-158.248
8087.000,-79.124
8088.000,-79.124
8089.000,-79.124
8090.000,-79.124
8091.000,-158.248
8092.000,-158.248
8093.000,-158.248
8094.000,-158.248
8095.000,-79.124
8096.000,-79.124
8097.000,-79.124
8098.000,-79.124
8099.000,-158.248
8100.000,-158.248
8101.000,-158.248
8102.000,-158.248
8103.000,-79.124
8104.000,-79.124
8105.000,-79.124
8106.000,-79.124
8107.000,-79.124
8108.000,-158.248
8109.000,-158.248
8110.000,-158.248
8111.000,-79.124
8112.000,-79.124
8113.000,-79.124
8114.000,-79.124
8115.000,-79.124
8116.000,-158.248
8117.000,-158.248
8118.000,-158.248
8119.000,-79.124
8120.000,-79.124
8121.000,-79.124
8122.000,-79.124
8123.000,-79.124
8124.000,-158.248
8125.000,-158.248
8126.000,-158.248
8127.000,-158.248
8128.000,-79.124
8129.000,-79.124
8130.000,-79.124
8131.000,-79.124
8132.000,-158.248
8133.000,-158.248
8134.000,-158.248
8135.000,-158.248
8136.000,-79.124
8137.000,-79.124
8138.000,-79.124
8139.000,-79.124
8140.000,-158.248
8141.000,-158.248
8142.000,-158.248
8143.000,-158.248
8144.000,-79.124
8145.000,-79.124
8146.000,-79.124
8147.000,-79.124
8148.000,-79.124
8149.000,-158.248
8150.000,-158.248
8151.000,-158.248
8152.000,-158.248
8153.000,-79.124
8154.000,-79.124
8155.000,-79.124
8156.000,-79.124
8157.000,-158.248
8158.000,-158.248
8159.000,-158.248
8160.000,-158.248
8161.000,-79.124
8162.000,-79.124
8163.000,-79.124
8164.000,-79.124
8165.000,-79.124
8166.000,-158.248
8167.000,-158.248
8168.000,-158.248
8169.000,-158.248
8170.000,-79.124
8171.000,-79.124
8172.000,-79.124
8173.000,-79.124
8174.000,-158.248
8175.000,-158.248
8176.000,-158.248
8177.000,-158.248
8178.000,-79.124
8179.000,-79.124
8180.000,-79.124
8181.000,-79.124
8182.000,-79.124
8183.000,-158.248
8184.000,-158.248
8185.000,-158.248
8186.000,-79.124
8187.000,-79.124
8188.000,-79.124
8189.000,-79.124
8190.000,-158.248
8191.000,-158.248
8192.000,-158.248
8193.000,-158.248
8194.000,-79.124
8195.000,-79.124
8196.000,-79.124
8197.000,-79.124
8198.000,-158.248
8199.000,-158.248
8200.000,-158.248
8201.000,-158.248
8202.000,-79.124
8203.000,-79.124
8204.000,-79.124
8205.000,-79.124
8206.000,-79.124
8207.000,-158.248
8208.000,-158.248
8209.000,-158.248
8210.000,-158.248
8211.000,-79.124
8212.000,-79.124
8213.000,-79.124
8214.000,-79.124
8215.000,-158.248
8216.000,-158.248
8217.000,-158.248
8218.000,-158.248
8219.000,-79.124
8220.000,-79.124
8221.000,-79.124
8222.000,-79.124
8223.000,-79.124
8224.000,-158.248
8225.000,-158.248
8226.000,-158.248
8227.000,-158.248
8228.000,-79.124
8229.000,-79.124
8230.000,-79.124
8231.000,-79.124
8232.000,-79.124
8233.000,-158.248
8234.000,-158.248
8235.000,-158.248
8236.000,-158.248
8237.000,-79.124
8238.000,-79.124
8239.000,-79.124
8240.000,-79.124
8241.000,-158.248
8242.000,-158.248
8243.000,-158.248
8244.000,-158.248
8245.000,-79.124
8246.000,-79.124
8247.000,-79.124
8248.000,-79.124
8249.000,-79.124
8250.000,-158.248
8251.000,-158.248
8252.000,-158.248
8253.000,-79.124
8254.000,-79.124
8255.000,-79.124
8256.000,-79.124
8257.000,-158.248
8258.000,-158.248
8259.000,-158.248
8260.000,-158.248
8261.000,-79.124
8262.000,-79.124
8263.000,-79.124
8264.000,-79.124
8265.000,-158.248
8266.000,-158.248
8267.000,-158.248
8268.000,-158.248
8269.000,-79.124
8270.000,-79.124
8271.000,-79.124
8272.000,-79.124
8273.000,-79.124
8274.000,-158.248
8275.000,-158.248
8276.000,-158.248
8277.000,-158.248
8278.000,-79.124
8279.000,-79.124
8280.000,-79.124
8281.000,-79.124
8282.000,-158.248
8283.000,-158.248
8284.000,-158.248
8285.000,-158.248
8286.000,-79.124
8287.000,-79.124
8288.000,-79.124
8289.000,-79.124
8290.000,-79.124
8291.000,-158.248
8292.000,-158.248
8293.000,-158.248
8294.000,-158.248
8295.000,-79.124
8296.000,-79.124
8297.000,-79.124
8298.000,-79.124
8299.000,-158.248
8300.000,-158.248
8301.000,-158.248
8302.000,-158.248
8303.000,-79.124
8304.000,-79.124
8305.000,-79.124
8306.000,-79.124
8307.000,-158.248
8308.000,-158.248
8309.000,-158.248
8310.000,-79.124
8311.000,-79.124
8312.000,-79.124
8313.000,-79.124
8314.000,-79.124
8315.000,-158.248
8316.000,-158.248
8317.000,-158.248
8318.000,-158.248
8319.000,-79.124
8320.000,-79.124
8321.000,-79.124
8322.000,-79.124
8323.000,-158.248
8324.000,-158.248
8325.000,-158.248
8326.000,-158.248
8327.000,-79.124
8328.000,-79.124
8329.000,-79.124
8330.000,-79.124
8331.000,-79.124
8332.000,-158.248
8333.000,-158.248
8334.000,-158.248
8335.000,-158.248
8336.000,-79.124
8337.000,-79.124
8338.000,-79.124
8339.000,-79.124
8340.000,-158.248
8341.000,-158.248
8342.000,-158.248
8343.000,-158.248
8344.000,-158.248
8345.000,-79.124
8346.000,-79.124
8347.000,-79.124
8348.000,-79.124
8349.000,-158.248
8350.000,-158.248
8351.000,-158.248
8352.000,-158.248
8353.000,-79.124
8354.000,-79.124
8355.000,-79.124
8356.000,-79.124
8357.000,-79.124
8358.000,-158.248
8359.000,-158.248
8360.000,-158.248
8361.000,-79.124
8362.000,-79.124
8363.000,-79.124
8364.000,-79.124
8365.000,-79.124
8366.000,-158.248
8367.000,-158.248
8368.000,-158.248
8369.000,-158.248
8370.000,-79.124
8371.000,-79.124
8372.000,-79.124
8373.000,-79.124
8374.000,-158.248
8375.000,-158.248
8376.000,-158.248
8377.000,-158.248
8378.000,-79.124
8379.000,-79.124
8380.000,-79.124
8381.000,-79.124
8382.000,-158.248
8383.000,-158.248
8384.000,-158.248
8385.000,-158.248
8386.000,-79.124
8387.000,-79.124
8388.000,-79.124
8389.000,-79.124
8390.000,-158.248
8391.000,-158.248
8392.000,-158.248
8393.000,-158.248
8394.000,-79.124
8395.000,-79.124
8396.000,-79.124
8397.000,-79.124
8398.000,-158.248
8399.000,-158.248
8400.000,-158.248
8401.000,-158.248
8402.000,-79.124
8403.000,-79.124
8404.000,-79.124
8405.000,-79.124
8406.000,-79.124
8407.000,-158.248
8408.000,-158.248
8409.000,-158.248
8410.000,-79.124
8411.000,-79.124
8412.000,-79.124
8413.000,-79.124
8414.000,-79.124
8415.000,-158.248
8416.000,-158.248
8417.000,-158.248
8418.000,-158.248
8419.000,-79.124
8420.000,-79.124
8421.000,-79.124
8422.000,-79.124
8423.000,-79.124
8424.000,-158.248
8425.000,-158.248
8426.000,-158.248
8427.000,-158.248
8428.000,-79.124
8429.000,-79.124
8430.000,-79.124
8431.000,-79.124
8432.000,-158.248
8433.000,-158.248
8434.000,-158.248
8435.000,-158.248
8436.000,-79.124
8437.000,-79.124
8438.000,-79.124
8439.000,-79.124
8440.000,-79.124
8441.000,-158.248
8442.000,-158.248
8443.000,-158.248
8444.000,-79.124
8445.000,-79.124
8446.000,-79.124
8447.000,-79.124
8448.000,-79.124
8449.000,-158.248
8450.000,-158.248
8451.000,-158.248
8452.000,-158.248
8453.000,-79.124
8454.000,-79.124
8455.000,-79.124
8456.000,-79.124
8457.000,-158.248
8458.000,-158.248
8459.000,-158.248
8460.000,-158.248
8461.000,-79.124
8462.000,-79.124
8463.000,-79.124
8464.000,-79.124
8465.000,-158.248
8466.000,-158.248
8467.000,-158.248
8468.000,-158.248
8469.000,-79.124
8470.000,-79.124
8471.000,-79.124
8472.000,-79.124
8473.000,-79.124
8474.000,-158.248
8475.000,-158.248
8476.000,-158.248
8477.000,-158.248
8478.000,-79.124
8479.000,-79.124
8480.000,-79.124
8481.000,-79.124
8482.000,-158.248
8483.000,-158.248
8484.000,-158.248
8485.000,-158.248
8486.000,-79.124
8487.000,-79.124
8488.000,-79.124
8489.000,-79.124
8490.000,-79.124
8491.000,-158.248
8492.000,-158.248
8493.000,-158.248
8494.000,-158.248
8495.000,-79.124
8496.000,-79.124
8497.000,-79.124
8498.000,-79.124
8499.000,-158.248
8500.000,-158.248
8501.000,-158.248
8502.000,-158.248
8503.000,-79.124
8504.000,-79.124
8505.000,-79.124
8506.000,-79.124
8507.000,-158.248
8508.000,-158.248
8509.000,-158.248
8510.000,-158.248
8511.000,-79.124
8512.000,-79.124
8513.000,-79.124
8514.000,-79.124
8515.000,-79.124
8516.000,-158.248
8517.000,-158.248
8518.000,-158.248
8519.000,-79.124
8520.000,-79.124
8521.000,-79.124
8522.000,-79.124
8523.000,-79.124
8524.000,-158.248
8525.000,-158.248
8526.000,-158.248
8527.000,-79.124
8528.000,-79.124
8529.000,-79.124
8530.000,-79.124
8531.000,-79.124
8532.000,-158.248
8533.000,-158.248
8534.000,-158.248
8535.000,-79.124
8536.000,-79.124
8537.000,-79.124
8538.000,-79.124
8539.000,-79.124
8540.000,-158.248
8541.000,-158.248
8542.000,-158.248
8543.000,-158.248
8544.000,-79.124
8545.000,-79.124
8546.000,-79.124
8547.000,-79.124
8548.000,-158.248
8549.000,-158.248
8550.000,-158.248
8551.000,-158.248
8552.000,-79.124
8553.000,-79.124
8554.000,-79.124
8555.000,-79.124
8556.000,-79.124
8557.000,-158.248
8558.000,-158.248
8559.000,-158.248
8560.000,-158.248
8561.000,-79.124
8562.000,-79.124
8563.000,-79.124
8564.000,-79.124
8565.000,-158.248
8566.000,-158.248
8567.000,-158.248
8568.000,-158.248
8569.000,-79.124
8570.000,-79.124
8571.000,-79.124
8572.000,-79.124
8573.000,-79.124
8574.000,-158.248
8575.000,-158.248
8576.000,-158.248
8577.000,-158.248
8578.000,-79.124
8579.000,-79.124
8580.000,-79.124
8581.000,-79.124
8582.000,-158.248
8583.000,-158.248
8584.000,-158.248
8585.000,-158.248
8586.000,-79.124
8587.000,-79.124
8588.000,-79.124
8589.000,-79.124
8590.000,-79.124
8591.000,-158.248
8592.000,-158.248
8593.000,-158.248
8594.000,-158.248
8595.000,-79.124
8596.000,-79.124
8597.000,-79.124
8598.000,-79.124
8599.000,-158.248
8600.000,-158.248
8601.000,-158.248
8602.000,-158.248
8603.000,-79.124
8604.000,-79.124
8605.000,-79.124
8606.000,-79.124
8607.000,-158.248
8608.000,-158.248
8609.000,-158.248
8610.000,-158.248
8611.000,-79.124
8612.000,-79.124
8613.000,-79.124
8614.000,-79.124
8615.000,-158.248
8616.000,-158.248
8617.000,-158.248
8618.000,-158.248
8619.000,-79.124
8620.000,-79.124
8621.000,-79.124
8622.000,-79.124
8623.000,-158.248
8624.000,-158.248
8625.000,-158.248
8626.000,-158.248
8627.000,-79.124
8628.000,-79.124
8629.000,-79.124
8630.000,-79.124
8631.000,-79.124
8632.000,-158.248
8633.000,-158.248
8634.000,-158.248
8635.000,-158.248
8636.000,-79.124
8637.000,-79.124
8638.000,-79.124
8639.000,-79.124
8640.000,-158.248
8641.000,-158.248
8642.000,-158.248
8643.000,-158.248
8644.000,-79.124
8645.000,-79.124
8646.000,-79.124
8647.000,-79.124
8648.000,-79.124
8649.000,-158.248
8650.000,-158.248
8651.000,-158.248
8652.000,-158.248
8653.000,-79.124
8654.000,-79.124
8655.000,-79.124
8656.000,-79.124
8657.000,-79.124
8658.000,-158.248
8659.000,-158.248
8660.000,-158.248
8661.000,-79.124
8662.000,-79.124
8663.000,-79.124
8664.000,-79.124
8665.000,-79.124
8666.000,-158.248
8667.000,-158.248
8668.000,-158.248
8669.000,-79.124
8670.000,-79.124
8671.000,-79.124
8672.000,-79.124
8673.000,-79.124
8674.000,-158.248
8675.000,-158.248
8676.000,-158.248
8677.000,-79.124
8678.000,-79.124
8679.000,-79.124
8680.000,-79.124
8681.000,-79.124
8682.000,-158.248
8683.000,-158.248
8684.000,-158.248
8685.000,-79.124
8686.000,-79.124
8687.000,-79.124
8688.000,-79.124
8689.000,-79.124
8690.000,-158.248
8691.000,-158.248
8692.000,-158.248
8693.000,-158.248
8694.000,-79.124
8695.000,-79.124
8696.000,-79.124
8697.000,-79.124
8698.000,-79.124
8699.000,-158.248
8700.000,-158.248
8701.000,-158.248
8702.000,-79.124
8703.000,-79.124
8704.000,-79.124
8705.000,-79.124
8706.000,-79.124
8707.000,-158.248
8708.000,-158.248
8709.000,-158.248
8710.000,-158.248
8711.000,-79.124
8712.000,-79.124
8713.000,-79.124
8714.000,-79.124
8715.000,-79.124
8716.000,-158.248
8717.000,-158.248
8718.000,-158.248
8719.000,-79.124
8720.000,-79.124
8721.000,-79.124
8722.000,-79.124
8723.000,-79.124
8724.000,-158.248
8725.000,-158.248
8726.000,-158.248
8727.000,-158.248
8728.000,-79.124
8729.000,-79.124
8730.000,-79.124
8731.000,-79.124
8732.000,-79.124
8733.000,-158.248
8734.000,-158.248
8735.000,-158.248
8736.000,-79.124
8737.000,-79.124
8738.000,-79.124
8739.000,-79.124
8740.000,-79.124
8741.000,-158.248
8742.000,-158.248
8743.000,-158.248
8744.000,-158.248
8745.000,-79.124
8746.000,-79.124
8747.000,-79.124
8748.000,-79.124
8749.000,-158.248
8750.000,-158.248
8751.000,-158.248
8752.000,-158.248
8753.000,-79.124
8754.000,-79.124
8755.000,-79.124
8756.000,-79.124
8757.000,-158.248
8758.000,-158.248
8759.000,-158.248
8760.000,-158.248
8761.000,-79.124
8762.000,-79.124
8763.000,-79.124
8764.000,-79.124
8765.000,-158.248
8766.000,-158.248
8767.000,-158.248
8768.000,-158.248
8769.000,-79.124
8770.000,-79.124
8771.000,-79.124
8772.000,-79.124
8773.000,-79.124
8774.000,-158.248
8775.000,-158.248
8776.000,-158.248
8777.000,-79.124
8778.000,-79.124
8779.000,-79.124
8780.000,-79.124
8781.000,-79.124
8782.000,-158.248
8783.000,-158.248
8784.000,-158.248
8785.000,-158.248
8786.000,-79.124
8787.000,-79.124
8788.000,-79.124
8789.000,-79.124
8790.000,-79.124
8791.000,-158.248
8792.000,-158.248
8793.000,-158.248
8794.000,-79.124
8795.000,-79.124
8796.000,-79.124
8797.000,-79.124
8798.000,-79.124
8799.000,-158.248
8800.000,-158.248
8801.000,-158.248
8802.000,-79.124
8803.000,-79.124
8804.000,-79.124
8805.000,-79.124
8806.000,-79.124
8807.000,-158.248
8808.000,-158.248
8809.000,-158.248
8810.000,-79.124
8811.000,-79.124
8812.000,-79.124
8813.000,-79.124
8814.000,-79.124
8815.000,-158.248
8816.000,-158.248
8817.000,-158.248
8818.000,-158.248
8819.000,-79.124
8820.000,-79.124
8821.000,-79.124
8822.000,-79.124
8823.000,-79.124
8824.000,-158.248
8825.000,-158.248
8826.000,-158.248
8827.000,-79.124
8828.000,-79.124
8829.000,-79.124
8830.000,-79.124
8831.000,-79.124
8832.000,-158.248
8833.000,-158.248
8834.000,-158.248
8835.000,-158.248
8836.000,-79.124
8837.000,-79.124
8838.000,-79.124
8839.000,-79.124
8840.000,-79.124
8841.000,-158.248
8842.000,-158.248
8843.000,-158.248
8844.000,-158.248
8845.000,-79.124
8846.000,-79.124
8847.000,-79.124
8848.000,-79.124
8849.000,-158.248
8850.000,-158.248
8851.000,-158.248
8852.000,-158.248
8853.000,-79.124
8854.000,-79.124
8855.000,-79.124
8856.000,-79.124
8857.000,-79.124
8858.000,-158.248
8859.000,-158.248
8860.000,-158.248
8861.000,-158.248
8862.000,-79.124
8863.000,-79.124
8864.000,-79.124
8865.000,-79.124
8866.000,-79.124
8867.000,-158.248
8868.000,-158.248
8869.000,-158.248
8870.000,-79.124
8871.000,-79.124
8872.000,-79.124
8873.000,-79.124
8874.000,-79.124
8875.000,-158.248
8876.000,-158.248
8877.000,-79.124
8878.000,-79.124
8879.000,-79.124
8880.000,-79.124
8881.000,-79.124
8882.000,-79.124
8883.000,-158.248
8884.000,-158.248
8885.000,-79.124
8886.000,-79.124
8887.000,-79.124
8888.000,-79.124
8889.000,-79.124
8890.000,-158.248
8891.000,-158.248
8892.000,-158.248
8893.000,-158.248
8894.000,-79.124
8895.000,-79.124
8896.000,-79.124
8897.000,-79.124
8898.000,-158.248
8899.000,-158.248
8900.000,-158.248
8901.000,-158.248
8902.000,-79.124
8903.000,-79.124
8904.000,-79.124
8905.000,-79.124
8906.000,-79.124
8907.000,-158.248
8908.000,-158.248
8909.000,-158.248
8910.000,-158.248
8911.000,-79.124
8912.000,-79.124
8913.000,-79.124
8914.000,-79.124
8915.000,-158.248
8916.000,-158.248
8917.000,-158.248
8918.000,-158.248
8919.000,-79.124
8920.000,-79.124
8921.000,-79.124
8922.000,-79.124
8923.000,-79.124
8924.000,-158.248
8925.000,-158.248
8926.000,-158.248
8927.000,-158.248
8928.000,-79.124
8929.000,-79.124
8930.000,-79.124
8931.000,-79.124
8932.000,-158.248
8933.000,-158.248
8934.000,-158.248
8935.000,-158.248
8936.000,-79.124
8937.000,-79.124
8938.000,-79.124
8939.000,-79.124
8940.000,-79.124
8941.000,-158.248
8942.000,-158.248
8943.000,-158.248
8944.000,-158.248
8945.000,-79.124
8946.000,-79.124
8947.000,-79.124
8948.000,-79.124
8949.000,-79.124
8950.000,-158.248
8951.000,-158.248
8952.000,-158.248
8953.000,-158.248
8954.000,-79.124
8955.000,-79.124
8956.000,-79.124
8957.000,-79.124
8958.000,-158.248
8959.000,-158.248
8960.000,-158.248
8961.000,-158.248
8962.000,-79.124
8963.000,-79.124
8964.000,-79.124
8965.000,-79.124
8966.000,-79.124
8967.000,-158.248
8968.000,-158.248
8969.000,-158.248
8970.000,-79.124
8971.000,-79.124
8972.000,-79.124
8973.000,-79.124
8974.000,-158.248
8975.000,-158.248
8976.000,-158.248
8977.000,-79.124
8978.000,-79.124
8979.000,-79.124
8980.000,-79.124
8981.000,-79.124
8982.000,-158.248
8983.000,-158.248
8984.000,-158.248
8985.000,-158.248
8986.000,-79.124
8987.000,-79.124
8988.000,-79.124
8989.000,-79.124
8990.000,-79.124
8991.000,-158.248
8992.000,-158.248
8993.000,-158.248
8994.000,-79.124
8995.000,-79.124
8996.000,-79.124
8997.000,-79.124
8998.000,-79.124
8999.000,-158.248
9000.000,-158.248
9001.000,-158.248
9002.000,-158.248
9003.000,-79.124
9004.000,-79.124
9005.000,-79.124
9006.000,-79.124
9007.000,-79.124
9008.000,-158.248
9009.000,-158.248
9010.000,-158.248
9011.000,-158.248
9012.000,-79.124
9013.000,-79.124
9014.000,-79.124
9015.000,-79.124
9016.000,-158.248
9017.000,-158.248
9018.000,-158.248
9019.000,-158.248
9020.000,-79.124
9021.000,-79.124
9022.000,-79.124
9023.000,-79.124
9024.000,-79.124
9025.000,-158.248
9026.000,-158.248
9027.000,-158.248
9028.000,-79.124
9029.000,-79.124
9030.000,-79.124
9031.000,-79.124
9032.000,-79.124
9033.000,-158.248
9034.000,-158.248
9035.000,-158.248
9036.000,-79.124
9037.000,-79.124
9038.000,-79.124
9039.000,-79.124
9040.000,-158.248
9041.000,-158.248
9042.000,-158.248
9043.000,-158.248
9044.000,-79.124
9045.000,-79.124
9046.000,-79.124
9047.000,-79.124
9048.000,-79.124
9049.000,-158.248
9050.000,-158.248
9051.000,-158.248
9052.000,-158.248
9053.000,-79.124
9054.000,-79.124
9055.000,-79.124
9056.000,-79.124
9057.000,-158.248
9058.000,-158.248
9059.000,-158.248
9060.000,-158.248
9061.000,-79.124
9062.000,-79.124
9063.000,-79.124
9064.000,-79.124
9065.000,-79.124
9066.000,-158.248
9067.000,-158.248
9068.000,-158.248
9069.000,-158.248
9070.000,-79.124
9071.000,-79.124
9072.000,-79.124
9073.000,-79.124
9074.000,-79.124
9075.000,-158.248
9076.000,-158.248
9077.000,-158.248
9078.000,-79.124
9079.000,-79.124
9080.000,-79.124
9081.000,-79.124
9082.000,-79.124
9083.000,-158.248
9084.000,-158.248
9085.000,-158.248
9086.000,-79.124
9087.000,-79.124
9088.000,-79.124
9089.000,-79.124
9090.000,-79.124
9091.000,-158.248
9092.000,-158.248
9093.000,-158.248
9094.000,-79.124
9095.000,-79.124
9096.000,-79.124
9097.000,-79.124
9098.000,-79.124
9099.000,-158.248
9100.000,-158.248
9101.000,-158.248
9102.000,-158.248
9103.000,-79.124
9104.000,-79.124
9105.000,-79.124
9106.000,-79.124
9107.000,-79.124
9108.000,-158.248
9109.000,-158.248
9110.000,-158.248
9111.000,-79.124
9112.000,-79.124
9113.000,-79.124
9114.000,-79.124
9115.000,-79.124
9116.000,-158.248
9117.000,-158.248
9118.000,-158.248
9119.000,-158.248
9120.000,-79.124
9121.000,-79.124
9122.000,-79.124
9123.000,-79.124
9124.000,-158.248
9125.000,-158.248
9126.000,-158.248
9127.000,-158.248
9128.000,-79.124
9129.000,-79.124
9130.000,-79.124
9131.000,-79.124
9132.000,-79.124
9133.000,-158.248
9134.000,-158.248
9135.000,-158.248
9136.000,-79.124
9137.000,-79.124
9138.000,-79.124
9139.000,-79.124
9140.000,-79.124
9141.000,-158.248
9142.000,-158.248
9143.000,-158.248
9144.000,-158.248
9145.000,-79.124
9146.000,-79.124
9147.000,-79.124
9148.000,-79.124
9149.000,-79.124
9150.000,-158.248
9151.000,-158.248
9152.000,-158.248
9153.000,-79.124
9154.000,-79.124
9155.000,-79.124
9156.000,-79.124
9157.000,-79.124
9158.000,-158.248
9159.000,-158.248
9160.000,-158.248
9161.000,-79.124
9162.000,-79.124
9163.000,-79.124
9164.000,-79.124
9165.000,-158.248
9166.000,-158.248
9167.000,-158.248
9168.000,-158.248
9169.000,-79.124
9170.000,-79.124
9171.000,-79.124
9172.000,-79.124
9173.000,-79.124
9174.000,-158.248
9175.000,-158.248
9176.000,-158.248
9177.000,-79.124
9178.000,-79.124
9179.000,-79.124
9180.000,-79.124
9181.000,-79.124
9182.000,-158.248
9183.000,-158.248
9184.000,-158.248
9185.000,-158.248
9186.000,-79.124
9187.000,-79.124
9188.000,-79.124
9189.000,-79.124
9190.000,-79.124
9191.000,-158.248
9192.000,-158.248
9193.000,-158.248
9194.000,-79.124
9195.000,-79.124
9196.000,-79.124
9197.000,-79.124
9198.000,-79.124
9199.000,-158.248
9200.000,-158.248
9201.000,-158.248
9202.000,-158.248
9203.000,-79.124
9204.000,-79.124
9205.000,-79.124
9206.000,-79.124
9207.000,-79.124
9208.000,-158.248
9209.000,-158.248
9210.000,-158.248
9211.000,-79.124
9212.000,-79.124
9213.000,-79.124
9214.000,-79.124
9215.000,-79.124
9216.000,-158.248
9217.000,-158.248
9218.000,-158.248
9219.000,-158.248
9220.000,-79.124
9221.000,-79.124
9222.000,-79.124
9223.000,-79.124
9224.000,-79.124
9225.000,-158.248
9226.000,-158.248
9227.000,-158.248
9228.000,-79.124
9229.000,-79.124
9230.000,-79.124
9231.000,-79.124
9232.000,-79.124
9233.000,-158.248
9234.000,-158.248
9235.000,-158.248
9236.000,-79.124
9237.000,-79.124
9238.000,-79.124
9239.000,-79.124
9240.000,-79.124
9241.000,-158.248
9242.000,-158.248
9243.000,-158.248
9244.000,-158.248
9245.000,-79.124
9246.000,-79.124
9247.000,-79.124
9248.000,-79.124
9249.000,-79.124
9250.000,-158.248
9251.000,-158.248
9252.000,-158.248
9253.000,-79.124
9254.000,-79.124
9255.000,-79.124
9256.000,-79.124
9257.000,-79.124
9258.000,-158.248
9259.000,-158.248
9260.000,-158.248
9261.000,-79.124
9262.000,-79.124
9263.000,-79.124
9264.000,-79.124
9265.000,-79.124
9266.000,-158.248
9267.000,-158.248
9268.000,-158.248
9269.000,-79.124
9270.000,-79.124
9271.000,-79.124
9272.000,-79.124
9273.000,-79.124
9274.000,-158.248
9275.000,-158.248
9276.000,-158.248
9277.000,-158.248
9278.000,-79.124
9279.000,-79.124
9280.000,-79.124
9281.000,-79.124
9282.000,-158.248
9283.000,-158.248
9284.000,-158.248
9285.000,-158.248
9286.000,-79.124
9287.000,-79.124
9288.000,-79.124
9289.000,-79.124
9290.000,-79.124
9291.000,-158.248
9292.000,-158.248
9293.000,-158.248
9294.000,-79.124
9295.000,-79.124
9296.000,-79.124
9297.000,-79.124
9298.000,-79.124
9299.000,-158.248
9300.000,-158.248
9301.000,-158.248
9302.000,-158.248
9303.000,-79.124
9304.000,-79.124
9305.000,-79.124
9306.000,-79.124
9307.000,-158.248
9308.000,-158.248
9309.000,-158.248
9310.000,-158.248
9311.000,-79.124
9312.000,-79.124
9313.000,-79.124
9314.000,-79.124
9315.000,-79.124
9316.000,-158.248
9317.000,-158.248
9318.000,-158.248
9319.000,-158.248
9320.000,-79.124
9321.000,-79.124
9322.000,-79.124
9323.000,-79.124
9324.000,-158.248
9325.000,-158.248
9326.000,-158.248
9327.000,-158.248
9328.000,-79.124
9329.000,-79.124
9330.000,-79.124
9331.000,-79.124
9332.000,-79.124
9333.000,-158.248
9334.000,-158.248
9335.000,-158.248
9336.000,-79.124
9337.000,-79.124
9338.000,-79.124
9339.000,-79.124
9340.000,-79.124
9341.000,-158.248
9342.000,-158.248
9343.000,-158.248
9344.000,-79.124
9345.000,-79.124
9346.000,-79.124
9347.000,-79.124
9348.000,-79.124
9349.000,-158.248
9350.000,-158.248
9351.000,-158.248
9352.000,-158.248
9353.000,-79.124
9354.000,-79.124
9355.000,-79.124
9356.000,-79.124
9357.000,-79.124
9358.000,-158.248
9359.000,-158.248
9360.000,-158.248
9361.000,-158.248
9362.000,-79.124
9363.000,-79.124
9364.000,-79.124
9365.000,-79.124
9366.000,-158.248
9367.000,-158.248
9368.000,-158.248
9369.000,-158.248
9370.000,-79.124
9371.000,-79.124
9372.000,-79.124
9373.000,-79.124
9374.000,-79.124
9375.000,-158.248
9376.000,-158.248
9377.000,-158.248
9378.000,-79.124
9379.000,-79.124
9380.000,-79.124
9381.000,-79.124
9382.000,-79.124
9383.000,-158.248
9384.000,-158.248
9385.000,-79.124
9386.000,-79.124
9387.000,-79.124
9388.000,-79.124
9389.000,-79.124
9390.000,-158.248
9391.000,-158.248
9392.000,-158.248
9393.000,-158.248
9394.000,-79.124
9395.000,-79.124
9396.000,-79.124
9397.000,-79.124
9398.000,-79.124
9399.000,-158.248
9400.000,-158.248
9401.000,-158.248
9402.000,-79.124
9403.000,-79.124
9404.000,-79.124
9405.000,-79.124
9406.000,-79.124
9407.000,-158.248
9408.000,-158.248
9409.000,-158.248
9410.000,-158.248
9411.000,-79.124
9412.000,-79.124
9413.000,-79.124
9414.000,-79.124
9415.000,-79.124
9416.000,-158.248
9417.000,-158.248
9418.000,-158.248
9419.000,-158.248
9420.000,-79.124
9421.000,-79.124
9422.000,-79.124
9423.000,-79.124
9424.000,-158.248
9425.000,-158.248
9426.000,-158.248
9427.000,-158.248
9428.000,-79.124
9429.000,-79.124
9430.000,-79.124
9431.000,-79.124
9432.000,-79.124
9433.000,-158.248
9434.000,-158.248
9435.000,-158.248
9436.000,-79.124
9437.000,-79.124
9438.000,-79.124
9439.000,-79.124
9440.000,-79.124
9441.000,-158.248
9442.000,-158.248
9443.000,-158.248
9444.000,-158.248
9445.000,-79.124
9446.000,-79.124
9447.000,-79.124
9448.000,-79.124
9449.000,-158.248
9450.000,-158.248
9451.000,-158.248
9452.000,-158.248
9453.000,-79.124
9454.000,-79.124
9455.000,-79.124
9456.000,-79.124
9457.000,-79.124
9458.000,-158.248
9459.000,-158.248
9460.000,-158.248
9461.000,-79.124
9462.000,-79.124
9463.000,-79.124
9464.000,-79.124
9465.000,-79.124
9466.000,-158.248
9467.000,-158.248
9468.000,-158.248
9469.000,-79.124
9470.000,-79.124
9471.000,-79.124
9472.000,-79.124
9473.000,-79.124
9474.000,-158.248
9475.000,-158.248
9476.000,-158.248
9477.000,-158.248
9478.000,-79.124
9479.000,-79.124
9480.000,-79.124
9481.000,-79.124
9482.000,-158.248
9483.000,-158.248
9484.000,-158.248
9485.000,-158.248
9486.000,-79.124
9487.000,-79.124
9488.000,-79.124
9489.000,-79.124
9490.000,-79.124
9491.000,-158.248
9492.000,-158.248
9493.000,-158.248
9494.000,-79.124
9495.000,-79.124
9496.000,-79.124
9497.000,-79.124
9498.000,-79.124
9499.000,-158.248
9500.000,-158.248
9501.000,-158.248
9502.000,-158.248
9503.000,-79.124
9504.000,-79.124
9505.000,-79.124
9506.000,-79.124
9507.000,-79.124
9508.000,-158.248
9509.000,-158.248
9510.000,-158.248
9511.000,-79.124
9512.000,-79.124
9513.000,-79.124
9514.000,-79.124
9515.000,-79.124
9516.000,-158.248
9517.000,-158.248
9518.000,-158.248
9519.000,-79.124
9520.000,-79.124
9521.000,-79.124
9522.000,-79.124
9523.000,-79.124
9524.000,-158.248
9525.000,-158.248
9526.000,-158.248
9527.000,-79.124
9528.000,-79.124
9529.000,-79.124
9530.000,-79.124
9531.000,-79.124
9532.000,-158.248
9533.000,-158.248
9534.000,-158.248
9535.000,-158.248
9536.000,-79.124
9537.000,-79.124
9538.000,-79.124
9539.000,-79.124
9540.000,-158.248
9541.000,-158.248
9542.000,-158.248
9543.000,-158.248
9544.000,-79.124
9545.000,-79.124
9546.000,-79.124
9547.000,-79.124
9548.000,-79.124
9549.000,-158.248
9550.000,-158.248
9551.000,-158.248
9552.000,-158.248
9553.000,-79.124
9554.000,-79.124
9555.000,-79.124
9556.000,-79.124
9557.000,-158.248
9558.000,-158.248
9559.000,-158.248
9560.000,-158.248
9561.000,-79.124
9562.000,-79.124
9563.000,-79.124
9564.000,-79.124
9565.000,-79.124
9566.000,-158.248
9567.000,-158.248
9568.000,-158.248
9569.000,-158.248
9570.000,-79.124
9571.000,-79.124
9572.000,-79.124
9573.000,-79.124
9574.000,-158.248
9575.000,-158.248
9576.000,-158.248
9577.000,-158.248
9578.000,-79.124
9579.000,-79.124
9580.000,-79.124
9581.000,-79.124
9582.000,-158.248
9583.000,-158.248
9584.000,-158.248
9585.000,-158.248
9586.000,-79.124
9587.000,-79.124
9588.000,-79.124
9589.000,-79.124
9590.000,-79.124
9591.000,-158.248
9592.000,-158.248
9593.000,-158.248
9594.000,-79.124
9595.000,-79.124
9596.000,-79.124
9597.000,-79.124
9598.000,-79.124
9599.000,-158.248
9600.000,-158.248
9601.000,-158.248
9602.000,-158.248
9603.000,-79.124
9604.000,-79.124
9605.000,-79.124
9606.000,-79.124
9607.000,-158.248
9608.000,-158.248
9609.000,-158.248
9610.000,-158.248
9611.000,-79.124
9612.000,-79.124
9613.000,-79.124
9614.000,-79.124
9615.000,-79.124
9616.000,-158.248
9617.000,-158.248
9618.000,-158.248
9619.000,-158.248
9620.000,-79.124
9621.000,-79.124
9622.000,-79.124
9623.000,-79.124
9624.000,-158.248
9625.000,-158.248
9626.000,-158.248
9627.000,-158.248
9628.000,-79.124
9629.000,-79.124
9630.000,-79.124
9631.000,-79.124
9632.000,-79.124
9633.000,-158.248
9634.000,-158.248
9635.000,-158.248
9636.000,-79.124
9637.000,-79.124
9638.000,-79.124
9639.000,-79.124
9640.000,-79.124
9641.000,-158.248
9642.000,-158.248
9643.000,-158.248
9644.000,-79.124
9645.000,-79.124
9646.000,-79.124
9647.000,-79.124
9648.000,-79.124
9649.000,-158.248
9650.000,-158.248
9651.000,-158.248
9652.000,-79.124
9653.000,-79.124
9654.000,-79.124
9655.000,-79.124
9656.000,-79.124
9657.000,-158.248
9658.000,-158.248
9659.000,-158.248
9660.000,-79.124
9661.000,-79.124
9662.000,-79.124
9663.000,-79.124
9664.000,-79.124
9665.000,-158.248
9666.000,-158.248
9667.000,-158.248
9668.000,-158.248
9669.000,-79.124
9670.000,-79.124
9671.000,-79.124
9672.000,-79.124
9673.000,-79.124
9674.000,-158.248
9675.000,-158.248
9676.000,-158.248
9677.000,-79.124
9678.000,-79.124
9679.000,-79.124
9680.000,-79.124
9681.000,-79.124
9682.000,-158.248
9683.000,-158.248
9684.000,-158.248
9685.000,-158.248
9686.000,-79.124
9687.000,-79.124
9688.000,-79.124
9689.000,-79.124
9690.000,-79.124
9691.000,-158.248
9692.000,-158.248
9693.000,-158.248
9694.000,-79.124
9695.000,-79.124
9696.000,-79.124
9697.000,-79.124
9698.000,-79.124
9699.000,-158.248
9700.000,-158.248
9701.000,-158.248
9702.000,-158.248
9703.000,-79.124
9704.000,-79.124
9705.000,-79.124
9706.000,-79.124
9707.000,-79.124
9708.000,-158.248
9709.000,-158.248
9710.000,-158.248
9711.000,-79.124
9712.000,-79.124
9713.000,-79.124
9714.000,-79.124
9715.000,-79.124
9716.000,-158.248
9717.000,-158.248
9718.000,-158.248
9719.000,-158.248
9720.000,-79.124
9721.000,-79.124
9722.000,-79.124
9723.000,-79.124
9724.000,-79.124
9725.000,-158.248
9726.000,-158.248
9727.000,-158.248
9728.000,-79.124
9729.000,-79.124
9730.000,-79.124
9731.000,-79.124
9732.000,-79.124
9733.000,-158.248
9734.000,-158.248
9735.000,-158.248
9736.000,-79.124
9737.000,-79.124
9738.000,-79.124
9739.000,-79.124
9740.000,-79.124
9741.000,-158.248
9742.000,-158.248
9743.000,-79.124
9744.000,-79.124
9745.000,-79.124
9746.000,-79.124
9747.000,-79.124
9748.000,-158.248
9749.000,-158.248
9750.000,-158.248
9751.000,-79.124
9752.000,-79.124
9753.000,-79.124
9754.000,-79.124
9755.000,-79.124
9756.000,-79.124
9757.000,-158.248
9758.000,-158.248
9759.000,-158.248
9760.000,-79.124
9761.000,-79.124
9762.000,-79.124
9763.000,-79.124
9764.000,-79.124
9765.000,-158.248
9766.000,-158.248
9767.000,-158.248
9768.000,-158.248
9769.000,-79.124
9770.000,-79.124
9771.000,-79.124
9772.000,-79.124
9773.000,-79.124
9774.000,-158.248
9775.000,-158.248
9776.000,-158.248
9777.000,-79.124
9778.000,-79.124
9779.000,-79.124
9780.000,-79.124
9781.000,-79.124
9782.000,-158.248
9783.000,-158.248
9784.000,-158.248
9785.000,-158.248
9786.000,-79.124
9787.000,-79.124
9788.000,-79.124
9789.000,-79.124
9790.000,-79.124
9791.000,-158.248
9792.000,-158.248
9793.000,-158.248
9794.000,-79.124
9795.000,-79.124
9796.000,-79.124
9797.000,-79.124
9798.000,-79.124
9799.000,-158.248
9800.000,-158.248
9801.000,-158.248
9802.000,-79.124
9803.000,-79.124
9804.000,-79.124
9805.000,-79.124
9806.000,-79.124
9807.000,-79.124
9808.000,-158.248
9809.000,-158.248
9810.000,-158.248
9811.000,-79.124
9812.000,-79.124
9813.000,-79.124
9814.000,-79.124
9815.000,-79.124
9816.000,-158.248
9817.000,-158.248
9818.000,-158.248
9819.000,-79.124
9820.000,-79.124
9821.000,-79.124
9822.000,-79.124
9823.000,-79.124
9824.000,-158.248
9825.000,-158.248
9826.000,-158.248
9827.000,-79.124
9828.000,-79.124
9829.000,-79.124
9830.000,-79.124
9831.000,-79.124
9832.000,-158.248
9833.000,-158.248
9834.000,-158.248
9835.000,-158.248
9836.000,-79.124
9837.000,-79.124
9838.000,-79.124
9839.000,-79.124
9840.000,-79.124
9841.000,-158.248
9842.000,-158.248
9843.000,-158.248
9844.000,-79.124
9845.000,-79.124
9846.000,-79.124
9847.000,-79.124
9848.000,-79.124
9849.000,-158.248
9850.000,-158.248
9851.000,-158.248
9852.000,-79.124
9853.000,-79.124
9854.000,-79.124
9855.000,-79.124
9856.000,-79.124
9857.000,-79.124
9858.000,-158.248
9859.000,-158.248
9860.000,-158.248
9861.000,-79.124
9862.000,-79.124
9863.000,-79.124
9864.000,-79.124
9865.000,-79.124
9866.000,-158.248
9867.000,-158.248
9868.000,-158.248
9869.000,-79.124
9870.000,-79.124
9871.000,-79.124
9872.000,-79.124
9873.000,-79.124
9874.000,-158.248
9875.000,-158.248
9876.000,-158.248
9877.000,-79.124
9878.000,-79.124
9879.000,-79.124
9880.000,-79.124
9881.000,-79.124
9882.000,-158.248
9883.000,-158.248
9884.000,-158.248
9885.000,-79.124
9886.000,-79.124
9887.000,-79.124
9888.000,-79.124
9889.000,-79.124
9890.000,-158.248
9891.000,-158.248
9892.000,-158.248
9893.000,-158.248
9894.000,-79.124
9895.000,-79.124
9896.000,-79.124
9897.000,-79.124
9898.000,-79.124
9899.000,-158.248
9900.000,-158.248
9901.000,-158.248
9902.000,-79.124
9903.000,-79.124
9904.000,-79.124
9905.000,-79.124
9906.000,-79.124
9907.000,-158.248
9908.000,-158.248
9909.000,-158.248
9910.000,-158.248
9911.000,-79.124
9912.000,-79.124
9913.000,-79.124
9914.000,-79.124
9915.000,-79.124
9916.000,-158.248
9917.000,-158.248
9918.000,-158.248
9919.000,-79.124
9920.000,-79.124
9921.000,-79.124
9922.000,-79.124
9923.000,-79.124
9924.000,-158.248
9925.000,-158.248
9926.000,-158.248
9927.000,-79.124
9928.000,-79.124
9929.000,-79.124
9930.000,-79.124
9931.000,-79.124
9932.000,-79.124
9933.000,-158.248
9934.000,-158.248
9935.000,-79.124
9936.000,-79.124
9937.000,-79.124
9938.000,-79.124
9939.000,-79.124
9940.000,-158.248
9941.000,-158.248
9942.000,-158.248
9943.000,-79.124
9944.000,-79.124
9945.000,-79.124
9946.000,-79.124
9947.000,-79.124
9948.000,-79.124
9949.000,-158.248
9950.000,-158.248
9951.000,-158.248
9952.000,-79.124
9953.000,-79.124
9954.000,-79.124
9955.000,-79.124
9956.000,-79.124
9957.000,-158.248
9958.000,-158.248
9959.000,-158.248
9960.000,-79.124
9961.000,-79.124
9962.000,-79.124
9963.000,-79.124
9964.000,-79.124
9965.000,-79.124
9966.000,-158.248
9967.000,-158.248
9968.000,-158.248
9969.000,-79.124
9970.000,-79.124
9971.000,-79.124
9972.000,-79.124
9973.000,-79.124
9974.000,-158.248
9975.000,-158.248
9976.000,-158.248
9977.000,-158.248
9978.000,-79.124
9979.000,-79.124
9980.000,-79.124
9981.000,-79.124
9982.000,-79.124
9983.000,-158.248
9984.000,-158.248
9985.000,-158.248
9986.000,-79.124
9987.000,-79.124
9988.000,-79.124
9989.000,-79.124
9990.000,-79.124
9991.000,-79.124
9992.000,-158.248
9993.000,-158.248
9994.000,-158.248
9995.000,-79.124
9996.000,-79.124
9997.000,-79.124
9998.000,-79.124
9999.000,-79.124
10000.000,-158.248
10001.000,-158.248
10002.000,-79.124
10003.000,-79.124
10004.000,-79.124
10005.000,-79.124
10006.000,-79.124
10007.000,-79.124
10008.000,-158.248
10009.000,-158.248
10010.000,-79.124
10011.000,-79.124
10012.000,-79.124
10013.000,-79.124
10014.000,-79.124
10015.000,-158.248
10016.000,-158.248
10017.000,-158.248
10018.000,-79.124
10019.000,-79.124
10020.000,-79.124
10021.000,-79.124
10022.000,-79.124
10023.000,-79.124
10024.000,-158.248
10025.000,-158.248
10026.000,-158.248
10027.000,-79.124
10028.000,-79.124
10029.000,-79.124
10030.000,-79.124
10031.000,-79.124
10032.000,-158.248
10033.000,-158.248
10034.000,-158.248
10035.000,-158.248
10036.000,-79.124
10037.000,-79.124
10038.000,-79.124
10039.000,-79.124
10040.000,-79.124
10041.000,-158.248
10042.000,-158.248
10043.000,-158.248
10044.000,-79.124
10045.000,-79.124
10046.000,-79.124
10047.000,-79.124
10048.000,-79.124
10049.000,-158.248
10050.000,-158.248
10051.000,-158.248
10052.000,-79.124
10053.000,-79.124
10054.000,-79.124
10055.000,-79.124
10056.000,-79.124
10057.000,-158.248
10058.000,-158.248
10059.000,-158.248
10060.000,-158.248
10061.000,-79.124
10062.000,-79.124
10063.000,-79.124
10064.000,-79.124
10065.000,-79.124
10066.000,-158.248
10067.000,-158.248
10068.000,-158.248
10069.000,-79.124
10070.000,-79.124
10071.000,-79.124
10072.000,-79.124
10073.000,-79.124
10074.000,-158.248
10075.000,-158.248
10076.000,-158.248
10077.000,-158.248
10078.000,-79.124
10079.000,-79.124
10080.000,-79.124
10081.000,-79.124
10082.000,-79.124
10083.000,-158.248
10084.000,-158.248
10085.000,-158.248
10086.000,-79.124
10087.000,-79.124
10088.000,-79.124
10089.000,-79.124
10090.000,-79.124
10091.000,-79.124
10092.000,-158.248
10093.000,-158.248
10094.000,-79.124
10095.000,-79.124
10096.000,-79.124
10097.000,-79.124
10098.000,-79.124
10099.000,-79.124
10100.000,-158.248
10101.000,-158.248
10102.000,-79.124
10103.000,-79.124
10104.000,-79.124
10105.000,-79.124
10106.000,-79.124
10107.000,-79.124
10108.000,-158.248
10109.000,-158.248
10110.000,-79.124
10111.000,-79.124
10112.000,-79.124
10113.000,-79.124
10114.000,-79.124
10115.000,-79.124
10116.000,-158.248
10117.000,-158.248
10118.000,-158.248
10119.000,-79.124
10120.000,-79.124
10121.000,-79.124
10122.000,-79.124
10123.000,-79.124
10124.000,-158.248
10125.000,-158.248
10126.000,-158.248
10127.000,-79.124
10128.000,-79.124
10129.000,-79.124
10130.000,-79.124
10131.000,-79.124
10132.000,-79.124
10133.000,-158.248
10134.000,-158.248
10135.000,-158.248
10136.000,-79.124
10137.000,-79.124
10138.000,-79.124
10139.000,-79.124
10140.000,-79.124
10141.000,-79.124
10142.000,-158.248
10143.000,-158.248
10144.000,-79.124
10145.000,-79.124
10146.000,-79.124
10147.000,-79.124
10148.000,-79.124
10149.000,-79.124
10150.000,-158.248
10151.000,-158.248
10152.000,-79.124
10153.000,-79.124
10154.000,-79.124
10155.000,-79.124
10156.000,-79.124
10157.000,-79.124
10158.000,-158.248
10159.000,-158.248
10160.000,-79.124
10161.000,-79.124
10162.000,-79.124
10163.000,-79.124
10164.000,-79.124
10165.000,-79.124
10166.000,-158.248
10167.000,-158.248
10168.000,-79.124
10169.000,-79.124
10170.000,-79.124
10171.000,-79.124
10172.000,-79.124
10173.000,-79.124
10174.000,-158.248
10175.000,-158.248
10176.000,-158.248
10177.000,-79.124
10178.000,-79.124
10179.000,-79.124
10180.000,-79.124
10181.000,-79.124
10182.000,-158.248
10183.000,-158.248
10184.000,-158.248
10185.000,-158.248
10186.000,-79.124
10187.000,-79.124
10188.000,-79.124
10189.000,-79.124
10190.000,-79.124
10191.000,-158.248
10192.000,-158.248
10193.000,-158.248
10194.000,-158.248
10195.000,-79.124
10196.000,-79.124
10197.000,-79.124
10198.000,-79.124
10199.000,-79.124
10200.000,-158.248
10201.000,-158.248
10202.000,-158.248
10203.000,-79.124
10204.000,-79.124
10205.000,-79.124
10206.000,-79.124
10207.000,-79.124
10208.000,-158.248
10209.000,-158.248
10210.000,-158.248
10211.000,-158.248
10212.000,-79.124
10213.000,-79.124
10214.000,-79.124
10215.000,-79.124
10216.000,-79.124
10217.000,-158.248
10218.000,-158.248
10219.000,-158.248
10220.000,-79.124
10221.000,-79.124
10222.000,-79.124
10223.000,-79.124
10224.000,-79.124
10225.000,-158.248
10226.000,-158.248
10227.000,-158.248
10228.000,-79.124
10229.000,-79.124
10230.000,-79.124
10231.000,-79.124
10232.000,-79.124
10233.000,-79.124
10234.000,-79.124
10235.000,-79.124
10236.000,-79.124
10237.000,-79.124
10238.000,-79.124
10239.000,-79.124
10240.000,-79.124
10241.000,-158.248
10242.000,-158.248
10243.000,-79.124
10244.000,-79.124
10245.000,-79.124
10246.000,-79.124
10247.000,-79.124
10248.000,-79.124
10249.000,-158.248
10250.000,-158.248
10251.000,-158.248
10252.000,-79.124
10253.000,-79.124
10254.000,-79.124
10255.000,-79.124
10256.000,-79.124
10257.000,-158.248
10258.000,-158.248
10259.000,-158.248
10260.000,-158.248
10261.000,-79.124
10262.000,-79.124
10263.000,-79.124
10264.000,-79.124
10265.000,-79.124
10266.000,-158.248
10267.000,-158.248
10268.000,-158.248
10269.000,-79.124
10270.000,-79.124
10271.000,-79.124
10272.000,-79.124
10273.000,-79.124
10274.000,-79.124
10275.000,-158.248
10276.000,-158.248
10277.000,-158.248
10278.000,-79.124
10279.000,-79.124
10280.000,-79.124
10281.000,-79.124
10282.000,-79.124
10283.000,-158.248
10284.000,-158.248
10285.000,-158.248
10286.000,-79.124
10287.000,-79.124
10288.000,-79.124
10289.000,-79.124
10290.000,-79.124
10291.000,-158.248
10292.000,-158.248
10293.000,-158.248
10294.000,-79.124
10295.000,-79.124
10296.000,-79.124
10297.000,-79.124
10298.000,-79.124
10299.000,-158.248
10300.000,-158.248
10301.000,-158.248
10302.000,-79.124
10303.000,-79.124
10304.000,-79.124
10305.000,-79.124
10306.000,-79.124
10307.000,-79.124
10308.000,-158.248
10309.000,-158.248
10310.000,-158.248
10311.000,-79.124
10312.000,-79.124
10313.000,-79.124
10314.000,-79.124
10315.000,-79.124
10316.000,-158.248
10317.000,-158.248
10318.000,-158.248
10319.000,-79.124
10320.000,-79.124
10321.000,-79.124
10322.000,-79.124
10323.000,-79.124
10324.000,-158.248
10325.000,-158.248
10326.000,-158.248
10327.000,-158.248
10328.000,-79.124
10329.000,-79.124
10330.000,-79.124
10331.000,-79.124
10332.000,-79.124
10333.000,-158.248
10334.000,-158.248
10335.000,-158.248
10336.000,-158.248
10337.000,-79.124
10338.000,-79.124
10339.000,-79.124
10340.000,-79.124
10341.000,-158.248
10342.000,-158.248
10343.000,-158.248
10344.000,-158.248
10345.000,-79.124
10346.000,-79.124
10347.000,-79.124
10348.000,-79.124
10349.000,-79.124
10350.000,-158.248
10351.000,-158.248
10352.000,-158.248
10353.000,-79.124
10354.000,-79.124
10355.000,-79.124
10356.000,-79.124
10357.000,-79.124
10358.000,-79.124
10359.000,-158.248
10360.000,-158.248
10361.000,-79.124
10362.000,-79.124
10363.000,-79.124
10364.000,-79.124
10365.000,-79.124
10366.000,-158.248
10367.000,-158.248
10368.000,-158.248
10369.000,-79.124
10370.000,-79.124
10371.000,-79.124
10372.000,-79.124
10373.000,-79.124
10374.000,-158.248
10375.000,-158.248
10376.000,-158.248
10377.000,-158.248
10378.000,-79.124
10379.000,-79.124
10380.000,-79.124
10381.000,-79.124
10382.000,-79.124
10383.000,-158.248
10384.000,-158.248
10385.000,-158.248
10386.000,-79.124
10387.000,-79.124
10388.000,-79.124
10389.000,-79.124
10390.000,-79.124
10391.000,-158.248
10392.000,-158.248
10393.000,-158.248
10394.000,-158.248
10395.000,-79.124
10396.000,-79.124
10397.000,-79.124
10398.000,-79.124
10399.000,-79.124
10400.000,-158.248
10401.000,-158.248
10402.000,-158.248
10403.000,-79.124
10404.000,-79.124
10405.000,-79.124
10406.000,-79.124
10407.000,-79.124
10408.000,-158.248
10409.000,-158.248
10410.000,-158.248
10411.000,-79.124
10412.000,-79.124
10413.000,-79.124
10414.000,-79.124
10415.000,-79.124
10416.000,-158.248
10417.000,-158.248
10418.000,-158.248
10419.000,-79.124
10420.000,-79.124
10421.000,-79.124
10422.000,-79.124
10423.000,-79.124
10424.000,-158.248
10425.000,-158.248
10426.000,-158.248
10427.000,-79.124
10428.000,-79.124
10429.000,-79.124
10430.000,-79.124
10431.000,-79.124
10432.000,-79.124
10433.000,-158.248
10434.000,-158.248
10435.000,-158.248
10436.000,-79.124
10437.000,-79.124
10438.000,-79.124
10439.000,-79.124
10440.000,-79.124
10441.000,-158.248
10442.000,-158.248
10443.000,-158.248
10444.000,-79.124
10445.000,-79.124
10446.000,-79.124
10447.000,-79.124
10448.000,-79.124
10449.000,-158.248
10450.000,-158.248
10451.000,-158.248
10452.000,-158.248
10453.000,-79.124
10454.000,-79.124
10455.000,-79.124
10456.000,-79.124
10457.000,-79.124
10458.000,-158.248
10459.000,-158.248
10460.000,-158.248
10461.000,-79.124
10462.000,-79.124
10463.000,-79.124
10464.000,-79.124
10465.000,-79.124
10466.000,-158.248
10467.000,-158.248
10468.000,-158.248
10469.000,-158.248
10470.000,-79.124
10471.000,-79.124
10472.000,-79.124
10473.000,-79.124
10474.000,-79.124
10475.000,-158.248
10476.000,-158.248
10477.000,-158.248
10478.000,-79.124
10479.000,-79.124
10480.000,-79.124
10481.000,-79.124
10482.000,-79.124
10483.000,-158.248
10484.000,-158.248
10485.000,-158.248
10486.000,-158.248
10487.000,-79.124
10488.000,-79.124
10489.000,-79.124
10490.000,-79.124
10491.000,-158.248
10492.000,-158.248
10493.000,-158.248
10494.000,-158.248
10495.000,-79.124
10496.000,-79.124
10497.000,-79.124
10498.000,-79.124
10499.000,-79.124
10500.000,-158.248
10501.000,-158.248
10502.000,-158.248
10503.000,-79.124
10504.000,-79.124
10505.000,-79.124
10506.000,-79.124
10507.000,-79.124
10508.000,-158.248
10509.000,-158.248
10510.000,-158.248
10511.000,-79.124
10512.000,-79.124
10513.000,-79.124
10514.000,-79.124
10515.000,-79.124
10516.000,-158.248
10517.000,-158.248
10518.000,-158.248
10519.000,-79.124
10520.000,-79.124
10521.000,-79.124
10522.000,-79.124
10523.000,-79.124
10524.000,-158.248
10525.000,-158.248
10526.000,-158.248
10527.000,-79.124
10528.000,-79.124
10529.000,-79.124
10530.000,-79.124
10531.000,-79.124
10532.000,-158.248
10533.000,-158.248
10534.000,-158.248
10535.000,-158.248
10536.000,-79.124
10537.000,-79.124
10538.000,-79.124
10539.000,-79.124
10540.000,-79.124
10541.000,-158.248
10542.000,-158.248
10543.000,-158.248
10544.000,-79.124
10545.000,-79.124
10546.000,-79.124
10547.000,-79.124
10548.000,-79.124
10549.000,-158.248
10550.000,-158.248
10551.000,-158.248
10552.000,-158.248
10553.000,-79.124
10554.000,-79.124
10555.000,-79.124
10556.000,-79.124
10557.000,-79.124
10558.000,-158.248
10559.000,-158.248
10560.000,-158.248
10561.000,-79.124
10562.000,-79.124
10563.000,-79.124
10564.000,-79.124
10565.000,-79.124
10566.000,-158.248
10567.000,-158.248
10568.000,-158.248
10569.000,-158.248
10570.000,-79.124
10571.000,-79.124
10572.000,-79.124
10573.000,-79.124
10574.000,-79.124
10575.000,-158.248
10576.000,-158.248
10577.000,-158.248
10578.000,-79.124
10579.000,-79.124
10580.000,-79.124
10581.000,-79.124
10582.000,-79.124
10583.000,-158.248
10584.000,-158.248
10585.000,-158.248
10586.000,-158.248
10587.000,-79.124
10588.000,-79.124
10589.000,-79.124
10590.000,-79.124
10591.000,-79.124
10592.000,-158.248
10593.000,-158.248
10594.000,-79.124
10595.000,-79.124
10596.000,-79.124
10597.000,-79.124
10598.000,-79.124
10599.000,-158.248
10600.000,-158.248
10601.000,-158.248
10602.000,-79.124
10603.000,-79.124
10604.000,-79.124
10605.000,-79.124
10606.000,-79.124
10607.000,-158.248
10608.000,-158.248
10609.000,-158.248
10610.000,-158.248
10611.000,-79.124
10612.000,-79.124
10613.000,-79.124
10614.000,-79.124
10615.000,-79.124
10616.000,-158.248
10617.000,-158.248
10618.000,-158.248
10619.000,-79.124
10620.000,-79.124
10621.000,-79.124
10622.000,-79.124
10623.000,-79.124
10624.000,-158.248
10625.000,-158.248
10626.000,-158.248
10627.000,-158.248
10628.000,-79.124
10629.000,-79.124
10630.000,-79.124
10631.000,-79.124
10632.000,-79.124
10633.000,-158.248
10634.000,-158.248
10635.000,-158.248
10636.000,-79.124
10637.000,-79.124
10638.000,-79.124
10639.000,-79.124
10640.000,-79.124
10641.000,-158.248
10642.000,-158.248
10643.000,-158.248
10644.000,-79.124
10645.000,-79.124
10646.000,-79.124
10647.000,-79.124
10648.000,-79.124
10649.000,-158.248
10650.000,-158.248
10651.000,-158.248
10652.000,-158.248
10653.000,-79.124
10654.000,-79.124
10655.000,-79.124
10656.000,-79.124
10657.000,-158.248
10658.000,-158.248
10659.000,-158.248
10660.000,-158.248
10661.000,-79.124
10662.000,-79.124
10663.000,-79.124
10664.000,-79.124
10665.000,-79.124
10666.000,-158.248
10667.000,-158.248
10668.000,-158.248
10669.000,-79.124
10670.000,-79.124
10671.000,-79.124
10672.000,-79.124
10673.000,-79.124
10674.000,-158.248
10675.000,-158.248
10676.000,-158.248
10677.000,-79.124
10678.000,-79.124
10679.000,-79.124
10680.000,-79.124
10681.000,-79.124
10682.000,-79.124
10683.000,-158.248
10684.000,-158.248
10685.000,-158.248
10686.000,-79.124
10687.000,-79.124
10688.000,-79.124
10689.000,-79.124
10690.000,-79.124
10691.000,-158.248
10692.000,-158.248
10693.000,-158.248
10694.000,-158.248
10695.000,-79.124
10696.000,-79.124
10697.000,-79.124
10698.000,-79.124
10699.000,-79.124
10700.000,-158.248
10701.000,-158.248
10702.000,-158.248
10703.000,-79.124
10704.000,-79.124
10705.000,-79.124
10706.000,-79.124
10707.000,-79.124
10708.000,-158.248
10709.000,-158.248
10710.000,-158.248
10711.000,-79.124
10712.000,-79.124
10713.000,-79.124
10714.000,-79.124
10715.000,-79.124
10716.000,-158.248
10717.000,-158.248
10718.000,-158.248
10719.000,-79.124
10720.000,-79.124
10721.000,-79.124
10722.000,-79.124
10723.000,-79.124
10724.000,-158.248
10725.000,-158.248
10726.000,-158.248
10727.000,-79.124
10728.000,-79.124
10729.000,-79.124
10730.000,-79.124
10731.000,-79.124
10732.000,-158.248
10733.000,-158.248
10734.000,-158.248
10735.000,-158.248
10736.000,-79.124
10737.000,-79.124
10738.000,-79.124
10739.000,-79.124
10740.000,-79.124
10741.000,-158.248
10742.000,-158.248
10743.000,-158.248
10744.000,-79.124
10745.000,-79.124
10746.000,-79.124
10747.000,-79.124
10748.000,-79.124
10749.000,-158.248
10750.000,-158.248
10751.000,-158.248
10752.000,-158.248
10753.000,-79.124
10754.000,-79.124
10755.000,-79.124
10756.000,-79.124
10757.000,-79.124
10758.000,-158.248
10759.000,-158.248
10760.000,-158.248
10761.000,-79.124
10762.000,-79.124
10763.000,-79.124
10764.000,-79.124
10765.000,-79.124
10766.000,-158.248
10767.000,-158.248
10768.000,-158.248
10769.000,-158.248
10770.000,-79.124
10771.000,-79.124
10772.000,-79.124
10773.000,-79.124
10774.000,-158.248
10775.000,-158.248
10776.000,-158.248
10777.000,-79.124
10778.000,-79.124
10779.000,-79.124
10780.000,-79.124
10781.000,-79.124
10782.000,-79.124
10783.000,-158.248
10784.000,-158.248
10785.000,-158.248
10786.000,-79.124
10787.000,-79.124
10788.000,-79.124
10789.000,-79.124
10790.000,-79.124
10791.000,-158.248
10792.000,-158.248
10793.000,-158.248
10794.000,-79.124
10795.000,-79.124
10796.000,-79.124
10797.000,-79.124
10798.000,-79.124
10799.000,-158.248
10800.000,-158.248
10801.000,-158.248
10802.000,-158.248
10803.000,-79.124
10804.000,-79.124
10805.000,-79.124
10806.000,-79.124
10807.000,-158.248
10808.000,-158.248
10809.000,-158.248
10810.000,-158.248
10811.000,-79.124
10812.000,-79.124
10813.000,-79.124
10814.000,-79.124
10815.000,-79.124
10816.000,-158.248
10817.000,-158.248
10818.000,-158.248
10819.000,-79.124
10820.000,-79.124
10821.000,-79.124
10822.000,-79.124
10823.000,-79.124
10824.000,-158.248
10825.000,-158.248
10826.000,-158.248
10827.000,-158.248
10828.000,-79.124
10829.000,-79.124
10830.000,-79.124
10831.000,-79.124
10832.000,-79.124
10833.000,-158.248
10834.000,-158.248
10835.000,-158.248
10836.000,-79.124
10837.000,-79.124
10838.000,-79.124
10839.000,-79.124
10840.000,-79.124
10841.000,-158.248
10842.000,-158.248
10843.000,-158.248
10844.000,-158.248
10845.000,-79.124
10846.000,-79.124
10847.000,-79.124
10848.000,-79.124
10849.000,-79.124
10850.000,-158.248
10851.000,-158.248
10852.000,-158.248
10853.000,-79.124
10854.000,-79.124
10855.000,-79.124
10856.000,-79.124
10857.000,-79.124
10858.000,-158.248
10859.000,-158.248
10860.000,-158.248
10861.000,-79.124
10862.000,-79.124
10863.000,-79.124
10864.000,-79.124
10865.000,-79.124
10866.000,-158.248
10867.000,-158.248
10868.000,-158.248
10869.000,-79.124
10870.000,-79.124
10871.000,-79.124
10872.000,-79.124
10873.000,-79.124
10874.000,-158.248
10875.000,-158.248
10876.000,-158.248
10877.000,-79.124
10878.000,-79.124
10879.000,-79.124
10880.000,-79.124
10881.000,-79.124
10882.000,-158.248
10883.000,-158.248
10884.000,-158.248
10885.000,-158.248
10886.000,-79.124
10887.000,-79.124
10888.000,-79.124
10889.000,-79.124
10890.000,-79.124
10891.000,-158.248
10892.000,-158.248
10893.000,-158.248
10894.000,-79.124
10895.000,-79.124
10896.000,-79.124
10897.000,-79.124
10898.000,-79.124
10899.000,-158.248
10900.000,-158.248
10901.000,-158.248
10902.000,-79.124
10903.000,-79.124
10904.000,-79.124
10905.000,-79.124
10906.000,-79.124
10907.000,-158.248
10908.000,-158.248
10909.000,-158.248
10910.000,-158.248
10911.000,-79.124
10912.000,-79.124
10913.000,-79.124
10914.000,-79.124
10915.000,-79.124
10916.000,-158.248
10917.000,-158.248
10918.000,-158.248
10919.000,-79.124
10920.000,-79.124
10921.000,-79.124
10922.000,-79.124
10923.000,-79.124
10924.000,-158.248
10925.000,-158.248
10926.000,-158.248
10927.000,-158.248
10928.000,-79.124
10929.000,-79.124
10930.000,-79.124
10931.000,-79.124
10932.000,-158.248
10933.000,-158.248
10934.000,-158.248
10935.000,-158.248
10936.000,-79.124
10937.000,-79.124
10938.000,-79.124
10939.000,-79.124
10940.000,-79.124
10941.000,-158.248
10942.000,-158.248
10943.000,-158.248
10944.000,-79.124
10945.000,-79.124
10946.000,-79.124
10947.000,-79.124
10948.000,-79.124
10949.000,-158.248
10950.000,-158.248
10951.000,-158.248
10952.000,-158.248
10953.000,-79.124
10954.000,-79.124
10955.000,-79.124
10956.000,-79.124
10957.000,-158.248
10958.000,-158.248
10959.000,-158.248
10960.000,-158.248
10961.000,-79.124
10962.000,-79.124
10963.000,-79.124
10964.000,-79.124
10965.000,-79.124
10966.000,-158.248
10967.000,-158.248
10968.000,-158.248
10969.000,-79.124
10970.000,-79.124
10971.000,-79.124
10972.000,-79.124
10973.000,-79.124
10974.000,-158.248
10975.000,-158.248
10976.000,-158.248
10977.000,-158.248
10978.000,-79.124
10979.000,-79.124
10980.000,-79.124
10981.000,-79.124
10982.000,-79.124
10983.000,-158.248
10984.000,-158.248
10985.000,-158.248
10986.000,-79.124
10987.000,-79.124
10988.000,-79.124
10989.000,-79.124
10990.000,-79.124
10991.000,-158.248
10992.000,-158.248
10993.000,-158.248
10994.000,-79.124
10995.000,-79.124
10996.000,-79.124
10997.000,-79.124
10998.000,-79.124
10999.000,-158.248
11000.000,-158.248
11001.000,-158.248
11002.000,-79.124
11003.000,-79.124
11004.000,-79.124
11005.000,-79.124
11006.000,-79.124
11007.000,-158.248
11008.000,-158.248
11009.000,-158.248
11010.000,-79.124
11011.000,-79.124
11012.000,-79.124
11013.000,-79.124
11014.000,-79.124
11015.000,-158.248
11016.000,-158.248
11017.000,-158.248
11018.000,-79.124
11019.000,-79.124
11020.000,-79.124
11021.000,-79.124
11022.000,-79.124
11023.000,-158.248
11024.000,-158.248
11025.000,-158.248
11026.000,-158.248
11027.000,-79.124
11028.000,-79.124
11029.000,-79.124
11030.000,-79.124
11031.000,-79.124
11032.000,-158.248
11033.000,-158.248
11034.000,-158.248
11035.000,-158.248
11036.000,-79.124
11037.000,-79.124
11038.000,-79.124
11039.000,-79.124
11040.000,-158.248
11041.000,-158.248
11042.000,-158.248
11043.000,-158.248
11044.000,-79.124
11045.000,-79.124
11046.000,-79.124
11047.000,-79.124
11048.000,-79.124
11049.000,-158.248
11050.000,-158.248
11051.000,-158.248
11052.000,-158.248
11053.000,-79.124
11054.000,-79.124
11055.000,-79.124
11056.000,-79.124
11057.000,-79.124
11058.000,-158.248
11059.000,-158.248
11060.000,-158.248
11061.000,-79.124
11062.000,-79.124
11063.000,-79.124
11064.000,-79.124
11065.000,-79.124
11066.000,-158.248
11067.000,-158.248
11068.000,-158.248
11069.000,-158.248
11070.000,-79.124
11071.000,-79.124
11072.000,-79.124
11073.000,-79.124
11074.000,-79.124
11075.000,-158.248
11076.000,-158.248
11077.000,-79.124
11078.000,-79.124
11079.000,-79.124
11080.000,-79.124
11081.000,-79.124
11082.000,-158.248
11083.000,-158.248
11084.000,-158.248
11085.000,-79.124
11086.000,-79.124
11087.000,-79.124
11088.000,-79.124
11089.000,-79.124
11090.000,-158.248
11091.000,-158.248
11092.000,-158.248
11093.000,-158.248
11094.000,-79.124
11095.000,-79.124
11096.000,-79.124
11097.000,-79.124
11098.000,-79.124
11099.000,-158.248
11100.000,-158.248
11101.000,-158.248
11102.000,-79.124
11103.000,-79.124
11104.000,-79.124
11105.000,-79.124
11106.000,-79.124
11107.000,-79.124
11108.000,-158.248
11109.000,-158.248
11110.000,-158.248
11111.000,-79.124
11112.000,-79.124
11113.000,-79.124
11114.000,-79.124
11115.000,-79.124
11116.000,-158.248
11117.000,-158.248
11118.000,-158.248
11119.000,-79.124
11120.000,-79.124
11121.000,-79.124
11122.000,-79.124
11123.000,-79.124
11124.000,-79.124
11125.000,-158.248
11126.000,-158.248
11127.000,-79.124
11128.000,-79.124
11129.000,-79.124
11130.000,-79.124
11131.000,-79.124
11132.000,-79.124
11133.000,-158.248
11134.000,-158.248
11135.000,-79.124
11136.000,-79.124
11137.000,-79.124
11138.000,-79.124
11139.000,-79.124
11140.000,-158.248
11141.000,-158.248
11142.000,-158.248
11143.000,-79.124
11144.000,-79.124
11145.000,-79.124
11146.000,-79.124
11147.000,-79.124
11148.000,-158.248
11149.000,-158.248
11150.000,-158.248
11151.000,-158.248
11152.000,-79.124
11153.000,-79.124
11154.000,-79.124
11155.000,-79.124
11156.000,-79.124
11157.000,-158.248
11158.000,-158.248
11159.000,-158.248
11160.000,-158.248
11161.000,-79.124
11162.000,-79.124
11163.000,-79.124
11164.000,-79.124
11165.000,-79.124
11166.000,-158.248
11167.000,-158.248
11168.000,-158.248
11169.000,-79.124
11170.000,-79.124
11171.000,-79.124
11172.000,-79.124
11173.000,-79.124
11174.000,-158.248
11175.000,-158.248
11176.000,-158.248
11177.000,-158.248
11178.000,-79.124
11179.000,-79.124
11180.000,-79.124
11181.000,-79.124
11182.000,-79.124
11183.000,-158.248
11184.000,-158.248
11185.000,-158.248
11186.000,-79.124
11187.000,-79.124
11188.000,-79.124
11189.000,-79.124
11190.000,-79.124
11191.000,-158.248
11192.000,-158.248
11193.000,-158.248
11194.000,-79.124
11195.000,-79.124
11196.000,-79.124
11197.000,-79.124
11198.000,-79.124
11199.000,-158.248
11200.000,-158.248
11201.000,-158.248
11202.000,-79.124
11203.000,-79.124
11204.000,-79.124
11205.000,-79.124
11206.000,-79.124
11207.000,-158.248
11208.000,-158.248
11209.000,-158.248
11210.000,-79.124
11211.000,-79.124
11212.000,-79.124
11213.000,-79.124
11214.000,-79.124
11215.000,-158.248
11216.000,-158.248
11217.000,-158.248
11218.000,-158.248
11219.000,-79.124
11220.000,-79.124
11221.000,-79.124
11222.000,-79.124
11223.000,-79.124
11224.000,-158.248
11225.000,-158.248
11226.000,-158.248
11227.000,-79.124
11228.000,-79.124
11229.000,-79.124
11230.000,-79.124
11231.000,-79.124
11232.000,-158.248
11233.000,-158.248
11234.000,-158.248
11235.000,-158.248
11236.000,-79.124
11237.000,-79.124
11238.000,-79.124
11239.000,-79.124
11240.000,-79.124
11241.000,-158.248
11242.000,-158.248
11243.000,-158.248
11244.000,-79.124
11245.000,-79.124
11246.000,-79.124
11247.000,-79.124
11248.000,-79.124
11249.000,-158.248
11250.000,-158.248
11251.000,-158.248
11252.000,-79.124
11253.000,-79.124
11254.000,-79.124
11255.000,-79.124
11256.000,-79.124
11257.000,-79.124
11258.000,-158.248
11259.000,-158.248
11260.000,-158.248
11261.000,-79.124
11262.000,-79.124
11263.000,-79.124
11264.000,-79.124
11265.000,-79.124
11266.000,-158.248
11267.000,-158.248
11268.000,-158.248
11269.000,-79.124
11270.000,-79.124
11271.000,-79.124
11272.000,-79.124
11273.000,-79.124
11274.000,-158.248
11275.000,-158.248
11276.000,-158.248
11277.000,-79.124
11278.000,-79.124
11279.000,-79.124
11280.000,-79.124
11281.000,-79.124
11282.000,-79.124
11283.000,-158.248
11284.000,-158.248
11285.000,-79.124
11286.000,-79.124
11287.000,-79.124
11288.000,-79.124
11289.000,-79.124
11290.000,-158.248
11291.000,-158.248
11292.000,-158.248
11293.000,-79.124
11294.000,-79.124
11295.000,-79.124
11296.000,-79.124
11297.000,-79.124
11298.000,-79.124
11299.000,-158.248
11300.000,-158.248
11301.000,-158.248
11302.000,-79.124
11303.000,-79.124
11304.000,-79.124
11305.000,-79.124
11306.000,-79.124
11307.000,-158.248
11308.000,-158.248
11309.000,-158.248
11310.000,-158.248
11311.000,-79.124
11312.000,-79.124
11313.000,-79.124
11314.000,-79.124
11315.000,-79.124
11316.000,-158.248
11317.000,-158.248
11318.000,-158.248
11319.000,-79.124
11320.000,-79.124
11321.000,-79.124
11322.000,-79.124
11323.000,-79.124
11324.000,-158.248
11325.000,-158.248
11326.000,-158.248
11327.000,-158.248
11328.000,-79.124
11329.000,-79.124
11330.000,-79.124
11331.000,-79.124
11332.000,-79.124
11333.000,-158.248
11334.000,-158.248
11335.000,-158.248
11336.000,-79.124
11337.000,-79.124
11338.000,-79.124
11339.000,-79.124
11340.000,-79.124
11341.000,-79.124
11342.000,-158.248
11343.000,-158.248
11344.000,-158.248
11345.000,-79.124
11346.000,-79.124
11347.000,-79.124
11348.000,-79.124
11349.000,-79.124
11350.000,-158.248
11351.000,-158.248
11352.000,-158.248
11353.000,-79.124
11354.000,-79.124
11355.000,-79.124
11356.000,-79.124
11357.000,-79.124
11358.000,-79.124
11359.000,-158.248
11360.000,-158.248
11361.000,-79.124
11362.000,-79.124
11363.000,-79.124
11364.000,-79.124
11365.000,-79.124
11366.000,-79.124
11367.000,-79.124
11368.000,-79.124
11369.000,-79.124
11370.000,-79.124
11371.000,-79.124
11372.000,-79.124
11373.000,-79.124
11374.000,-158.248
11375.000,-158.248
11376.000,-79.124
11377.000,-79.124
11378.000,-79.124
11379.000,-79.124
11380.000,-79.124
11381.000,-79.124
11382.000,-158.248
11383.000,-158.248
11384.000,-158.248
11385.000,-79.124
11386.000,-79.124
11387.000,-79.124
11388.000,-79.124
11389.000,-79.124
11390.000,-158.248
11391.000,-158.248
11392.000,-158.248
11393.000,-79.124
11394.000,-79.124
11395.000,-79.124
11396.000,-79.124
11397.000,-79.124
11398.000,-79.124
11399.000,-158.248
11400.000,-158.248
11401.000,-158.248
11402.000,-79.124
11403.000,-79.124
11404.000,-79.124
11405.000,-79.124
11406.000,-79.124
11407.000,-158.248
11408.000,-158.248
11409.000,-158.248
11410.000,-158.248
11411.000,-79.124
11412.000,-79.124
11413.000,-79.124
11414.000,-79.124
11415.000,-79.124
11416.000,-158.248
11417.000,-158.248
11418.000,-158.248
11419.000,-158.248
11420.000,-79.124
11421.000,-79.124
11422.000,-79.124
11423.000,-79.124
11424.000,-79.124
11425.000,-158.248
11426.000,-158.248
11427.000,-158.248
11428.000,-79.124
11429.000,-79.124
11430.000,-79.124
11431.000,-79.124
11432.000,-79.124
11433.000,-158.248
11434.000,-158.248
11435.000,-158.248
11436.000,-79.124
11437.000,-79.124
11438.000,-79.124
11439.000,-79.124
11440.000,-79.124
11441.000,-158.248
11442.000,-158.248
11443.000,-158.248
11444.000,-79.124
11445.000,-79.124
11446.000,-79.124
11447.000,-79.124
11448.000,-79.124
11449.000,-79.124
11450.000,-158.248
11451.000,-158.248
11452.000,-79.124
11453.000,-79.124
11454.000,-79.124
11455.000,-79.124
11456.000,-79.124
11457.000,-79.124
11458.000,-158.248
11459.000,-158.248
11460.000,-158.248
11461.000,-79.124
11462.000,-79.124
11463.000,-79.124
11464.000,-79.124
11465.000,-79.124
11466.000,-158.248
11467.000,-158.248
11468.000,-158.248
11469.000,-158.248
11470.000,-79.124
11471.000,-79.124
11472.000,-79.124
11473.000,-79.124
11474.000,-79.124
11475.000,-158.248
11476.000,-158.248
11477.000,-158.248
11478.000,-79.124
11479.000,-79.124
11480.000,-79.124
11481.000,-79.124
11482.000,-79.124
11483.000,-79.124
11484.000,-158.248
11485.000,-158.248
11486.000,-79.124
11487.000,-79.124
11488.000,-79.124
11489.000,-79.124
11490.000,-79.124
11491.000,-79.124
11492.000,-158.248
11493.000,-79.124
11494.000,-79.124
11495.000,-79.124
11496.000,-79.124
11497.000,-79.124
11498.000,-79.124
11499.000,-158.248
11500.000,-158.248
11501.000,-158.248
11502.000,-79.124
11503.000,-79.124
11504.000,-79.124
11505.000,-79.124
11506.000,-79.124
11507.000,-158.248
11508.000,-158.248
11509.000,-158.248
11510.000,-79.124
11511.000,-79.124
11512.000,-79.124
11513.000,-79.124
11514.000,-79.124
11515.000,-79.124
11516.000,-158.248
11517.000,-158.248
11518.000,-158.248
11519.000,-79.124
11520.000,-79.124
11521.000,-79.124
11522.000,-79.124
11523.000,-79.124
11524.000,-158.248
11525.000,-158.248
11526.000,-158.248
11527.000,-158.248
11528.000,-79.124
11529.000,-79.124
11530.000,-79.124
11531.000,-79.124
11532.000,-79.124
11533.000,-158.248
11534.000,-158.248
11535.000,-158.248
11536.000,-79.124
11537.000,-79.124
11538.000,-79.124
11539.000,-79.124
11540.000,-79.124
11541.000,-79.124
11542.000,-158.248
11543.000,-158.248
11544.000,-158.248
11545.000,-79.124
11546.000,-79.124
11547.000,-79.124
11548.000,-79.124
11549.000,-79.124
11550.000,-158.248
11551.000,-158.248
11552.000,-158.248
11553.000,-79.124
11554.000,-79.124
11555.000,-79.124
11556.000,-79.124
11557.000,-79.124
11558.000,-158.248
11559.000,-158.248
11560.000,-158.248
11561.000,-79.124
11562.000,-79.124
11563.000,-79.124
11564.000,-79.124
11565.000,-79.124
11566.000,-79.124
11567.000,-158.248
11568.000,-158.248
11569.000,-79.124
11570.000,-79.124
11571.000,-79.124
11572.000,-79.124
11573.000,-79.124
11574.000,-79.124
11575.000,-158.248
11576.000,-158.248
11577.000,-158.248
11578.000,-79.124
11579.000,-79.124
11580.000,-79.124
11581.000,-79.124
11582.000,-79.124
11583.000,-158.248
11584.000,-158.248
11585.000,-158.248
11586.000,-79.124
11587.000,-79.124
11588.000,-79.124
11589.000,-79.124
11590.000,-79.124
11591.000,-158.248
11592.000,-158.248
11593.000,-158.248
11594.000,-79.124
11595.000,-79.124
11596.000,-79.124
11597.000,-79.124
11598.000,-79.124
11599.000,-79.124
11600.000,-158.248
11601.000,-158.248
11602.000,-158.248
11603.000,-79.124
11604.000,-79.124
11605.000,-79.124
11606.000,-79.124
11607.000,-79.124
11608.000,-158.248
11609.000,-158.248
11610.000,-158.248
11611.000,-79.124
11612.000,-79.124
11613.000,-79.124
11614.000,-79.124
11615.000,-79.124
11616.000,-79.124
11617.000,-158.248
11618.000,-158.248
11619.000,-158.248
11620.000,-79.124
11621.000,-79.124
11622.000,-79.124
11623.000,-79.124
11624.000,-79.124
11625.000,-158.248
11626.000,-158.248
11627.000,-158.248
11628.000,-79.124
11629.000,-79.124
11630.000,-79.124
11631.000,-79.124
11632.000,-79.124
11633.000,-158.248
11634.000,-158.248
11635.000,-158.248
11636.000,-79.124
11637.000,-79.124
11638.000,-79.124
11639.000,-79.124
11640.000,-79.124
11641.000,-158.248
11642.000,-158.248
11643.000,-158.248
11644.000,-79.124
11645.000,-79.124
11646.000,-79.124
11647.000,-79.124
11648.000,-79.124
11649.000,-79.124
11650.000,-158.248
11651.000,-158.248
11652.000,-79.124
11653.000,-79.124
11654.000,-79.124
11655.000,-79.124
11656.000,-79.124
11657.000,-79.124
11658.000,-158.248
11659.000,-158.248
11660.000,-158.248
11661.000,-79.124
11662.000,-79.124
11663.000,-79.124
11664.000,-79.124
11665.000,-79.124
11666.000,-158.248
11667.000,-158.248
11668.000,-158.248
11669.000,-79.124
11670.000,-79.124
11671.000,-79.124
11672.000,-79.124
11673.000,-79.124
11674.000,-158.248
11675.000,-158.248
11676.000,-158.248
11677.000,-158.248
11678.000,-79.124
11679.000,-79.124
11680.000,-79.124
11681.000,-79.124
11682.000,-79.124
11683.000,-158.248
11684.000,-158.248
11685.000,-158.248
11686.000,-79.124
11687.000,-79.124
11688.000,-79.124
11689.000,-79.124
11690.000,-79.124
11691.000,-158.248
11692.000,-158.248
11693.000,-158.248
11694.000,-158.248
11695.000,-79.124
11696.000,-79.124
11697.000,-79.124
11698.000,-79.124
11699.000,-79.124
11700.000,-158.248
11701.000,-158.248
11702.000,-158.248
11703.000,-79.124
11704.000,-79.124
11705.000,-79.124
11706.000,-79.124
11707.000,-79.124
11708.000,-158.248
11709.000,-158.248
11710.000,-158.248
11711.000,-158.248
11712.000,-79.124
11713.000,-79.124
11714.000,-79.124
11715.000,-79.124
11716.000,-79.124
11717.000,-158.248
11718.000,-158.248
11719.000,-158.248
11720.000,-79.124
11721.000,-79.124
11722.000,-79.124
11723.000,-79.124
11724.000,-79.124
11725.000,-158.248
11726.000,-158.248
11727.000,-158.248
11728.000,-79.124
11729.000,-79.124
11730.000,-79.124
11731.000,-79.124
11732.000,-79.124
11733.000,-158.248
11734.000,-158.248
11735.000,-158.248
11736.000,-79.124
11737.000,-79.124
11738.000,-79.124
11739.000,-79.124
11740.000,-79.124
11741.000,-158.248
11742.000,-158.248
11743.000,-158.248
11744.000,-79.124
11745.000,-79.124
11746.000,-79.124
11747.000,-79.124
11748.000,-79.124
11749.000,-158.248
11750.000,-158.248
11751.000,-158.248
11752.000,-158.248
11753.000,-79.124
11754.000,-79.124
11755.000,-79.124
11756.000,-79.124
11757.000,-79.124
11758.000,-158.248
11759.000,-158.248
11760.000,-158.248
11761.000,-79.124
11762.000,-79.124
11763.000,-79.124
11764.000,-79.124
11765.000,-79.124
11766.000,-158.248
11767.000,-158.248
11768.000,-158.248
11769.000,-158.248
11770.000,-79.124
11771.000,-79.124
11772.000,-79.124
11773.000,-79.124
11774.000,-79.124
11775.000,-158.248
11776.000,-158.248
11777.000,-158.248
11778.000,-79.124
11779.000,-79.124
11780.000,-79.124
11781.000,-79.124
11782.000,-79.124
11783.000,-158.248
11784.000,-158.248
11785.000,-158.248
11786.000,-79.124
11787.000,-79.124
11788.000,-79.124
11789.000,-79.124
11790.000,-79.124
11791.000,-158.248
11792.000,-158.248
11793.000,-158.248
11794.000,-79.124
11795.000,-79.124
11796.000,-79.124
11797.000,-79.124
11798.000,-79.124
11799.000,-158.248
11800.000,-158.248
11801.000,-158.248
11802.000,-79.124
11803.000,-79.124
11804.000,-79.124
11805.000,-79.124
11806.000,-79.124
11807.000,-158.248
11808.000,-158.248
11809.000,-158.248
11810.000,-158.248
11811.000,-79.124
11812.000,-79.124
11813.000,-79.124
11814.000,-79.124
11815.000,-79.124
11816.000,-158.248
11817.000,-158.248
11818.000,-158.248
11819.000,-158.248
11820.000,-79.124
11821.000,-79.124
11822.000,-79.124
11823.000,-79.124
11824.000,-79.124
11825.000,-158.248
11826.000,-158.248
11827.000,-158.248
11828.000,-79.124
11829.000,-79.124
11830.000,-79.124
11831.000,-79.124
11832.000,-79.124
11833.000,-158.248
11834.000,-158.248
11835.000,-158.248
11836.000,-158.248
11837.000,-79.124
11838.000,-79.124
11839.000,-79.124
11840.000,-79.124
11841.000,-79.124
11842.000,-158.248
11843.000,-158.248
11844.000,-158.248
11845.000,-79.124
11846.000,-79.124
11847.000,-79.124
11848.000,-79.124
11849.000,-79.124
11850.000,-158.248
11851.000,-158.248
11852.000,-158.248
11853.000,-79.124
11854.000,-79.124
11855.000,-79.124
11856.000,-79.124
11857.000,-79.124
11858.000,-158.248
11859.000,-158.248
11860.000,-79.124
11861.000,-79.124
11862.000,-79.124
11863.000,-79.124
11864.000,-79.124
11865.000,-79.124
11866.000,-158.248
11867.000,-158.248
11868.000,-158.248
11869.000,-79.124
11870.000,-79.124
11871.000,-79.124
11872.000,-79.124
11873.000,-79.124
11874.000,-158.248
11875.000,-158.248
11876.000,-158.248
11877.000,-79.124
11878.000,-79.124
11879.000,-79.124
11880.000,-79.124
11881.000,-79.124
11882.000,-158.248
11883.000,-158.248
11884.000,-158.248
11885.000,-158.248
11886.000,-79.124
11887.000,-79.124
11888.000,-79.124
11889.000,-79.124
11890.000,-79.124
11891.000,-158.248
11892.000,-158.248
11893.000,-158.248
11894.000,-79.124
11895.000,-79.124
11896.000,-79.124
11897.000,-79.124
11898.000,-79.124
11899.000,-158.248
11900.000,-158.248
11901.000,-158.248
11902.000,-158.248
11903.000,-79.124
11904.000,-79.124
11905.000,-79.124
11906.000,-79.124
11907.000,-79.124
11908.000,-158.248
11909.000,-158.248
11910.000,-158.248
11911.000,-79.124
11912.000,-79.124
11913.000,-79.124
11914.000,-79.124
11915.000,-79.124
11916.000,-158.248
11917.000,-158.248
11918.000,-158.248
11919.000,-79.124
11920.000,-79.124
11921.000,-79.124
11922.000,-79.124
11923.000,-79.124
11924.000,-158.248
11925.000,-158.248
11926.000,-158.248
11927.000,-158.248
11928.000,-79.124
11929.000,-79.124
11930.000,-79.124
11931.000,-79.124
11932.000,-79.124
11933.000,-158.248
11934.000,-158.248
11935.000,-158.248
11936.000,-79.124
11937.000,-79.124
11938.000,-79.124
11939.000,-79.124
11940.000,-79.124
11941.000,-158.248
11942.000,-158.248
11943.000,-158.248
11944.000,-79.124
11945.000,-79.124
11946.000,-79.124
11947.000,-79.124
11948.000,-79.124
11949.000,-158.248
11950.000,-158.248
11951.000,-158.248
11952.000,-158.248
11953.000,-79.124
11954.000,-79.124
11955.000,-79.124
11956.000,-79.124
11957.000,-79.124
11958.000,-158.248
11959.000,-158.248
11960.000,-158.248
11961.000,-79.124
11962.000,-79.124
11963.000,-79.124
11964.000,-79.124
11965.000,-79.124
11966.000,-158.248
11967.000,-158.248
11968.000,-158.248
11969.000,-158.248
11970.000,-79.124
11971.000,-79.124
11972.000,-79.124
11973.000,-79.124
11974.000,-79.124
11975.000,-158.248
11976.000,-158.248
11977.000,-158.248
11978.000,-79.124
11979.000,-79.124
11980.000,-79.124
11981.000,-79.124
11982.000,-79.124
11983.000,-158.248
11984.000,-158.248
11985.000,-158.248
11986.000,-79.124
11987.000,-79.124
11988.000,-79.124
11989.000,-79.124
11990.000,-79.124
11991.000,-158.248
11992.000,-158.248
11993.000,-158.248
11994.000,-79.124
11995.000,-79.124
11996.000,-79.124
11997.000,-79.124
11998.000,-79.124
11999.000,-158.248
12000.000,-158.248
12001.000,-158.248
12002.000,-79.124
12003.000,-79.124
12004.000,-79.124
12005.000,-79.124
12006.000,-79.124
12007.000,-158.248
12008.000,-158.248
12009.000,-158.248
12010.000,-158.248
12011.000,-79.124
12012.000,-79.124
12013.000,-79.124
12014.000,-79.124
12015.000,-79.124
12016.000,-158.248
12017.000,-158.248
12018.000,-158.248
12019.000,-79.124
12020.000,-79.124
12021.000,-79.124
12022.000,-79.124
12023.000,-79.124
12024.000,-158.248
12025.000,-158.248
12026.000,-158.248
12027.000,-158.248
12028.000,-79.124
12029.000,-79.124
12030.000,-79.124
12031.000,-79.124
12032.000,-79.124
12033.000,-158.248
12034.000,-158.248
12035.000,-158.248
12036.000,-79.124
12037.000,-79.124
12038.000,-79.124
12039.000,-79.124
12040.000,-79.124
12041.000,-158.248
12042.000,-158.248
12043.000,-158.248
12044.000,-158.248
12045.000,-79.124
12046.000,-79.124
12047.000,-79.124
12048.000,-79.124
12049.000,-158.248
12050.000,-158.248
12051.000,-158.248
12052.000,-158.248
12053.000,-79.124
12054.000,-79.124
12055.000,-79.124
12056.000,-79.124
12057.000,-79.124
12058.000,-158.248
12059.000,-158.248
12060.000,-158.248
12061.000,-79.124
12062.000,-79.124
12063.000,-79.124
12064.000,-79.124
12065.000,-79.124
12066.000,-158.248
12067.000,-158.248
12068.000,-158.248
12069.000,-79.124
12070.000,-79.124
12071.000,-79.124
12072.000,-79.124
12073.000,-79.124
12074.000,-158.248
12075.000,-158.248
12076.000,-158.248
12077.000,-158.248
12078.000,-79.124
12079.000,-79.124
12080.000,-79.124
12081.000,-79.124
12082.000,-158.248
12083.000,-158.248
12084.000,-158.248
12085.000,-158.248
12086.000,-79.124
12087.000,-79.124
12088.000,-79.124
12089.000,-79.124
12090.000,-79.124
12091.000,-158.248
12092.000,-158.248
12093.000,-158.248
12094.000,-79.124
12095.000,-79.124
12096.000,-79.124
12097.000,-79.124
12098.000,-79.124
12099.000,-158.248
12100.000,-158.248
12101.000,-158.248
12102.000,-158.248
12103.000,-79.124
12104.000,-79.124
12105.000,-79.124
12106.000,-79.124
12107.000,-79.124
12108.000,-158.248
12109.000,-158.248
12110.000,-158.248
12111.000,-79.124
12112.000,-79.124
12113.000,-79.124
12114.000,-79.124
12115.000,-79.124
12116.000,-158.248
12117.000,-158.248
12118.000,-158.248
12119.000,-79.124
12120.000,-79.124
12121.000,-79.124
12122.000,-79.124
12123.000,-79.124
12124.000,-79.124
12125.000,-158.248
12126.000,-158.248
12127.000,-158.248
12128.000,-79.124
12129.000,-79.124
12130.000,-79.124
12131.000,-79.124
12132.000,-79.124
12133.000,-158.248
12134.000,-158.248
12135.000,-158.248
12136.000,-79.124
12137.000,-79.124
12138.000,-79.124
12139.000,-79.124
12140.000,-79.124
12141.000,-158.248
12142.000,-158.248
12143.000,-158.248
12144.000,-79.124
12145.000,-79.124
12146.000,-79.124
12147.000,-79.124
12148.000,-79.124
12149.000,-158.248
12150.000,-158.248
12151.000,-158.248
12152.000,-79.124
12153.000,-79.124
12154.000,-79.124
12155.000,-79.124
12156.000,-79.124
12157.000,-158.248
12158.000,-158.248
12159.000,-158.248
12160.000,-79.124
12161.000,-79.124
12162.000,-79.124
12163.000,-79.124
12164.000,-79.124
12165.000,-158.248
12166.000,-158.248
12167.000,-158.248
12168.000,-158.248
12169.000,-79.124
12170.000,-79.124
12171.000,-79.124
12172.000,-79.124
12173.000,-79.124
12174.000,-158.248
12175.000,-158.248
12176.000,-158.248
12177.000,-158.248
12178.000,-79.124
12179.000,-79.124
12180.000,-79.124
12181.000,-79.124
12182.000,-79.124
12183.000,-158.248
12184.000,-158.248
12185.000,-158.248
12186.000,-79.124
12187.000,-79.124
12188.000,-79.124
12189.000,-79.124
12190.000,-79.124
12191.000,-158.248
12192.000,-158.248
12193.000,-158.248
12194.000,-158.248
12195.000,-79.124
12196.000,-79.124
12197.000,-79.124
12198.000,-79.124
12199.000,-79.124
12200.000,-158.248
12201.000,-158.248
12202.000,-158.248
12203.000,-79.124
12204.000,-79.124
12205.000,-79.124
12206.000,-79.124
12207.000,-79.124
12208.000,-158.248
12209.000,-158.248
12210.000,-158.248
12211.000,-79.124
12212.000,-79.124
12213.000,-79.124
12214.000,-79.124
12215.000,-79.124
12216.000,-158.248
12217.000,-158.248
12218.000,-158.248
12219.000,-79.124
12220.000,-79.124
12221.000,-79.124
12222.000,-79.124
12223.000,-79.124
12224.000,-158.248
12225.000,-158.248
12226.000,-158.248
12227.000,-79.124
12228.000,-79.124
12229.000,-79.124
12230.000,-79.124
12231.000,-79.124
12232.000,-158.248
12233.000,-158.248
12234.000,-158.248
12235.000,-158.248
12236.000,-79.124
12237.000,-79.124
12238.000,-79.124
12239.000,-79.124
12240.000,-79.124
12241.000,-158.248
12242.000,-158.248
12243.000,-158.248
12244.000,-79.124
12245.000,-79.124
12246.000,-79.124
12247.000,-79.124
12248.000,-79.124
12249.000,-158.248
12250.000,-158.248
12251.000,-158.248
12252.000,-79.124
12253.000,-79.124
12254.000,-79.124
12255.000,-79.124
12256.000,-79.124
12257.000,-158.248
12258.000,-158.248
12259.000,-158.248
12260.000,-79.124
12261.000,-79.124
12262.000,-79.124
12263.000,-79.124
12264.000,-79.124
12265.000,-79.124
12266.000,-158.248
12267.000,-158.248
12268.000,-158.248
12269.000,-79.124
12270.000,-79.124
12271.000,-79.124
12272.000,-79.124
12273.000,-79.124
12274.000,-158.248
12275.000,-158.248
12276.000,-158.248
12277.000,-79.124
12278.000,-79.124
12279.000,-79.124
12280.000,-79.124
12281.000,-79.124
12282.000,-158.248
12283.000,-158.248
12284.000,-158.248
12285.000,-79.124
12286.000,-79.124
12287.000,-79.124
12288.000,-79.124
12289.000,-79.124
12290.000,-158.248
12291.000,-158.248
12292.000,-158.248
12293.000,-158.248
12294.000,-79.124
12295.000,-79.124
12296.000,-79.124
12297.000,-79.124
12298.000,-79.124
12299.000,-158.248
12300.000,-158.248
12301.000,-158.248
12302.000,-158.248
12303.000,-79.124
12304.000,-79.124
12305.000,-79.124
12306.000,-79.124
12307.000,-158.248
12308.000,-158.248
12309.000,-158.248
12310.000,-158.248
12311.000,-79.124
12312.000,-79.124
12313.000,-79.124
12314.000,-79.124
12315.000,-79.124
12316.000,-158.248
12317.000,-158.248
12318.000,-158.248
12319.000,-158.248
12320.000,-79.124
12321.000,-79.124
12322.000,-79.124
12323.000,-79.124
12324.000,-79.124
12325.000,-158.248
12326.000,-158.248
12327.000,-158.248
12328.000,-79.124
12329.000,-79.124
12330.000,-79.124
12331.000,-79.124
12332.000,-79.124
12333.000,-158.248
12334.000,-158.248
12335.000,-158.248
12336.000,-79.124
12337.000,-79.124
12338.000,-79.124
12339.000,-79.124
12340.000,-79.124
12341.000,-158.248
12342.000,-158.248
12343.000,-79.124
12344.000,-79.124
12345.000,-79.124
12346.000,-79.124
12347.000,-79.124
12348.000,-79.124
12349.000,-158.248
12350.000,-158.248
12351.000,-158.248
12352.000,-79.124
12353.000,-79.124
12354.000,-79.124
12355.000,-79.124
12356.000,-79.124
12357.000,-158.248
12358.000,-158.248
12359.000,-158.248
12360.000,-79.124
12361.000,-79.124
12362.000,-79.124
12363.000,-79.124
12364.000,-79.124
12365.000,-158.248
12366.000,-158.248
12367.000,-158.248
12368.000,-158.248
12369.000,-79.124
12370.000,-79.124
12371.000,-79.124
12372.000,-79.124
12373.000,-79.124
12374.000,-158.248
12375.000,-158.248
12376.000,-158.248
12377.000,-79.124
12378.000,-79.124
12379.000,-79.124
12380.000,-79.124
12381.000,-79.124
12382.000,-158.248
12383.000,-158.248
12384.000,-158.248
12385.000,-158.248
12386.000,-79.124
12387.000,-79.124
12388.000,-79.124
12389.000,-79.124
12390.000,-79.124
12391.000,-158.248
12392.000,-158.248
12393.000,-158.248
12394.000,-79.124
12395.000,-79.124
12396.000,-79.124
12397.000,-79.124
12398.000,-79.124
12399.000,-158.248
12400.000,-158.248
12401.000,-158.248
12402.000,-79.124
12403.000,-79.124
12404.000,-79.124
12405.000,-79.124
12406.000,-79.124
12407.000,-79.124
12408.000,-158.248
12409.000,-158.248
12410.000,-158.248
12411.000,-79.124
12412.000,-79.124
12413.000,-79.124
12414.000,-79.124
12415.000,-79.124
12416.000,-158.248
12417.000,-158.248
12418.000,-158.248
12419.000,-79.124
12420.000,-79.124
12421.000,-79.124
12422.000,-79.124
12423.000,-79.124
12424.000,-158.248
12425.000,-158.248
12426.000,-158.248
12427.000,-79.124
12428.000,-79.124
12429.000,-79.124
12430.000,-79.124
12431.000,-79.124
12432.000,-158.248
12433.000,-158.248
12434.000,-158.248
12435.000,-79.124
12436.000,-79.124
12437.000,-79.124
12438.000,-79.124
12439.000,-79.124
12440.000,-79.124
12441.000,-158.248
12442.000,-158.248
12443.000,-158.248
12444.000,-79.124
12445.000,-79.124
12446.000,-79.124
12447.000,-79.124
12448.000,-79.124
12449.000,-158.248
12450.000,-158.248
12451.000,-158.248
12452.000,-79.124
12453.000,-79.124
12454.000,-79.124
12455.000,-79.124
12456.000,-79.124
12457.000,-158.248
12458.000,-158.248
12459.000,-158.248
12460.000,-158.248
12461.000,-79.124
12462.000,-79.124
12463.000,-79.124
12464.000,-79.124
12465.000,-79.124
12466.000,-158.248
12467.000,-158.248
12468.000,-158.248
12469.000,-79.124
12470.000,-79.124
12471.000,-79.124
12472.000,-79.124
12473.000,-79.124
12474.000,-79.124
12475.000,-158.248
12476.000,-158.248
12477.000,-79.124
12478.000,-79.124
12479.000,-79.124
12480.000,-79.124
12481.000,-79.124
12482.000,-79.124
12483.000,-158.248
12484.000,-158.248
12485.000,-158.248
12486.000,-79.124
12487.000,-79.124
12488.000,-79.124
12489.000,-79.124
12490.000,-79.124
12491.000,-79.124
12492.000,-158.248
12493.000,-158.248
12494.000,-79.124
12495.000,-79.124
12496.000,-79.124
12497.000,-79.124
12498.000,-79.124
12499.000,-79.124
12500.000,-158.248
12501.000,-158.248
12502.000,-79.124
12503.000,-79.124
12504.000,-79.124
12505.000,-79.124
12506.000,-79.124
12507.000,-158.248
12508.000,-158.248
12509.000,-158.248
12510.000,-79.124
12511.000,-79.124
12512.000,-79.124
12513.000,-79.124
12514.000,-79.124
12515.000,-158.248
12516.000,-158.248
12517.000,-158.248
12518.000,-79.124
12519.000,-79.124
12520.000,-79.124
12521.000,-79.124
12522.000,-79.124
12523.000,-79.124
12524.000,-158.248
12525.000,-158.248
12526.000,-158.248
12527.000,-79.124
12528.000,-79.124
12529.000,-79.124
12530.000,-79.124
12531.000,-79.124
12532.000,-158.248
12533.000,-158.248
12534.000,-158.248
12535.000,-158.248
12536.000,-79.124
12537.000,-79.124
12538.000,-79.124
12539.000,-79.124
12540.000,-79.124
12541.000,-158.248
12542.000,-158.248
12543.000,-158.248
12544.000,-79.124
12545.000,-79.124
12546.000,-79.124
12547.000,-79.124
12548.000,-79.124
12549.000,-79.124
12550.000,-158.248
12551.000,-158.248
12552.000,-158.248
12553.000,-79.124
12554.000,-79.124
12555.000,-79.124
12556.000,-79.124
12557.000,-79.124
12558.000,-79.124
12559.000,-158.248
12560.000,-158.248
12561.000,-79.124
12562.000,-79.124
12563.000,-79.124
12564.000,-79.124
12565.000,-79.124
12566.000,-79.124
12567.000,-158.248
12568.000,-79.124
12569.000,-79.124
12570.000,-79.124
12571.000,-79.124
12572.000,-79.124
12573.000,-79.124
12574.000,-158.248
12575.000,-158.248
12576.000,-158.248
12577.000,-79.124
12578.000,-79.124
12579.000,-79.124
12580.000,-79.124
12581.000,-79.124
12582.000,-158.248
12583.000,-158.248
12584.000,-158.248
12585.000,-158.248
12586.000,-79.124
12587.000,-79.124
12588.000,-79.124
12589.000,-79.124
12590.000,-79.124
12591.000,-158.248
12592.000,-158.248
12593.000,-158.248
12594.000,-79.124
12595.000,-79.124
12596.000,-79.124
12597.000,-79.124
12598.000,-79.124
12599.000,-79.124
12600.000,-158.248
12601.000,-158.248
12602.000,-158.248
12603.000,-79.124
12604.000,-79.124
12605.000,-79.124
12606.000,-79.124
12607.000,-79.124
12608.000,-158.248
12609.000,-158.248
12610.000,-158.248
12611.000,-158.248
12612.000,-79.124
12613.000,-79.124
12614.000,-79.124
12615.000,-79.124
12616.000,-79.124
12617.000,-79.124
12618.000,-158.248
12619.000,-79.124
12620.000,-79.124
12621.000,-79.124
12622.000,-79.124
12623.000,-79.124
12624.000,-79.124
12625.000,-79.124
12626.000,-79.124
12627.000,-79.124
12628.000,-79.124
12629.000,-79.124
12630.000,-79.124
12631.000,-79.124
12632.000,-79.124
12633.000,-158.248
12634.000,-79.124
12635.000,-79.124
12636.000,-79.124
12637.000,-79.124
12638.000,-79.124
12639.000,-79.124
12640.000,-79.124
12641.000,-158.248
12642.000,-158.248
12643.000,-79.124
12644.000,-79.124
12645.000,-79.124
12646.000,-79.124
12647.000,-79.124
12648.000,-79.124
12649.000,-158.248
12650.000,-158.248
12651.000,-158.248
12652.000,-79.124
12653.000,-79.124
12654.000,-79.124
12655.000,-79.124
12656.000,-79.124
12657.000,-158.248
12658.000,-158.248
12659.000,-158.248
12660.000,-158.248
12661.000,-79.124
12662.000,-79.124
12663.000,-79.124
12664.000,-79.124
12665.000,-79.124
12666.000,-158.248
12667.000,-158.248
12668.000,-158.248
12669.000,-79.124
12670.000,-79.124
12671.000,-79.124
12672.000,-79.124
12673.000,-79.124
12674.000,-79.124
12675.000,-158.248
12676.000,-158.248
12677.000,-158.248
12678.000,-79.124
12679.000,-79.124
12680.000,-79.124
12681.000,-79.124
12682.000,-79.124
12683.000,-158.248
12684.000,-158.248
12685.000,-158.248
12686.000,-79.124
12687.000,-79.124
12688.000,-79.124
12689.000,-79.124
12690.000,-79.124
12691.000,-79.124
12692.000,-158.248
12693.000,-158.248
12694.000,-158.248
12695.000,-79.124
12696.000,-79.124
12697.000,-79.124
12698.000,-79.124
12699.000,-79.124
12700.000,-158.248
12701.000,-158.248
12702.000,-158.248
12703.000,-79.124
12704.000,-79.124
12705.000,-79.124
12706.000,-79.124
12707.000,-79.124
12708.000,-79.124
12709.000,-158.248
12710.000,-158.248
12711.000,-79.124
12712.000,-79.124
12713.000,-79.124
12714.000,-79.124
12715.000,-79.124
12716.000,-79.124
12717.000,-158.248
12718.000,-158.248
12719.000,-79.124
12720.000,-79.124
12721.000,-79.124
12722.000,-79.124
12723.000,-79.124
12724.000,-79.124
12725.000,-158.248
12726.000,-158.248
12727.000,-158.248
12728.000,-79.124
12729.000,-79.124
12730.000,-79.124
12731.000,-79.124
12732.000,-79.124
12733.000,-158.248
12734.000,-158.248
12735.000,-158.248
12736.000,-79.124
12737.000,-79.124
12738.000,-79.124
12739.000,-79.124
12740.000,-79.124
12741.000,-158.248
12742.000,-158.248
12743.000,-158.248
12744.000,-79.124
12745.000,-79.124
12746.000,-79.124
12747.000,-79.124
12748.000,-79.124
12749.000,-79.124
12750.000,-158.248
12751.000,-158.248
12752.000,-79.124
12753.000,-79.124
12754.000,-79.124
12755.000,-79.124
12756.000,-79.124
12757.000,-79.124
12758.000,-158.248
12759.000,-158.248
12760.000,-79.124
12761.000,-79.124
12762.000,-79.124
12763.000,-79.124
12764.000,-79.124
12765.000,-79.124
12766.000,-158.248
12767.000,-158.248
12768.000,-158.248
12769.000,-79.124
12770.000,-79.124
12771.000,-79.124
12772.000,-79.124
12773.000,-79.124
12774.000,-158.248
12775.000,-158.248
12776.000,-158.248
12777.000,-79.124
12778.000,-79.124
12779.000,-79.124
12780.000,-79.124
12781.000,-79.124
12782.000,-158.248
12783.000,-158.248
12784.000,-158.248
12785.000,-158.248
12786.000,-79.124
12787.000,-79.124
12788.000,-79.124
12789.000,-79.124
12790.000,-79.124
12791.000,-158.248
12792.000,-158.248
12793.000,-158.248
12794.000,-79.124
12795.000,-79.124
12796.000,-79.124
12797.000,-79.124
12798.000,-79.124
12799.000,-158.248
12800.000,-158.248
12801.000,-158.248
12802.000,-158.248
12803.000,-79.124
12804.000,-79.124
12805.000,-79.124
12806.000,-79.124
12807.000,-79.124
12808.000,-158.248
12809.000,-158.248
12810.000,-158.248
12811.000,-158.248
12812.000,-79.124
12813.000,-79.124
12814.000,-79.124
12815.000,-79.124
12816.000,-158.248
12817.000,-158.248
12818.000,-158.248
12819.000,-158.248
12820.000,-79.124
12821.000,-79.124
12822.000,-79.124
12823.000,-79.124
12824.000,-79.124
12825.000,-158.248
12826.000,-158.248
12827.000,-158.248
12828.000,-79.124
12829.000,-79.124
12830.000,-79.124
12831.000,-79.124
12832.000,-79.124
12833.000,-158.248
12834.000,-158.248
12835.000,-158.248
12836.000,-79.124
12837.000,-79.124
12838.000,-79.124
12839.000,-79.124
12840.000,-79.124
12841.000,-79.124
12842.000,-158.248
12843.000,-158.248
12844.000,-158.248
12845.000,-79.124
12846.000,-79.124
12847.000,-79.124
12848.000,-79.124
12849.000,-79.124
12850.000,-158.248
12851.000,-158.248
12852.000,-158.248
12853.000,-79.124
12854.000,-79.124
12855.000,-79.124
12856.000,-79.124
12857.000,-79.124
12858.000,-158.248
12859.000,-158.248
12860.000,-158.248
12861.000,-79.124
12862.000,-79.124
12863.000,-79.124
12864.000,-79.124
12865.000,-79.124
12866.000,-158.248
12867.000,-158.248
12868.000,-158.248
12869.000,-79.124
12870.000,-79.124
12871.000,-79.124
12872.000,-79.124
12873.000,-79.124
12874.000,-158.248
12875.000,-158.248
12876.000,-158.248
12877.000,-158.248
12878.000,-79.124
12879.000,-79.124
12880.000,-79.124
12881.000,-79.124
12882.000,-79.124
12883.000,-158.248
12884.000,-158.248
12885.000,-158.248
12886.000,-79.124
12887.000,-79.124
12888.000,-79.124
12889.000,-79.124
12890.000,-79.124
12891.000,-158.248
12892.000,-158.248
12893.000,-158.248
12894.000,-158.248
12895.000,-79.124
12896.000,-79.124
12897.000,-79.124
12898.000,-79.124
12899.000,-79.124
12900.000,-158.248
12901.000,-158.248
12902.000,-158.248
12903.000,-79.124
12904.000,-79.124
12905.000,-79.124
12906.000,-79.124
12907.000,-79.124
12908.000,-158.248
12909.000,-158.248
12910.000,-158.248
12911.000,-158.248
12912.000,-79.124
12913.000,-79.124
12914.000,-79.124
12915.000,-79.124
12916.000,-79.124
12917.000,-158.248
12918.000,-158.248
12919.000,-158.248
12920.000,-79.124
12921.000,-79.124
12922.000,-79.124
12923.000,-79.124
12924.000,-79.124
12925.000,-158.248
12926.000,-158.248
12927.000,-79.124
12928.000,-79.124
12929.000,-79.124
12930.000,-79.124
12931.000,-79.124
12932.000,-158.248
12933.000,-158.248
12934.000,-158.248
12935.000,-158.248
12936.000,-79.124
12937.000,-79.124
12938.000,-79.124
12939.000,-79.124
12940.000,-79.124
12941.000,-158.248
12942.000,-158.248
12943.000,-158.248
12944.000,-79.124
12945.000,-79.124
12946.000,-79.124
12947.000,-79.124
12948.000,-79.124
12949.000,-158.248
12950.000,-158.248
12951.000,-158.248
12952.000,-158.248
12953.000,-79.124
12954.000,-79.124
12955.000,-79.124
12956.000,-79.124
12957.000,-79.124
12958.000,-158.248
12959.000,-158.248
12960.000,-158.248
12961.000,-158.248
12962.000,-79.124
12963.000,-79.124
12964.000,-79.124
12965.000,-79.124
12966.000,-79.124
12967.000,-158.248
12968.000,-158.248
12969.000,-158.248
12970.000,-79.124
12971.000,-79.124
12972.000,-79.124
12973.000,-79.124
12974.000,-79.124
12975.000,-158.248
12976.000,-158.248
12977.000,-158.248
12978.000,-158.248
12979.000,-79.124
12980.000,-79.124
12981.000,-79.124
12982.000,-79.124
12983.000,-79.124
12984.000,-158.248
12985.000,-158.248
12986.000,-158.248
12987.000,-79.124
12988.000,-79.124
12989.000,-79.124
12990.000,-79.124
12991.000,-79.124
12992.000,-158.248
12993.000,-158.248
12994.000,-79.124
12995.000,-79.124
12996.000,-79.124
12997.000,-79.124
12998.000,-79.124
12999.000,-158.248
13000.000,-158.248
13001.000,-158.248
13002.000,-79.124
13003.000,-79.124
13004.000,-79.124
13005.000,-79.124
13006.000,-79.124
13007.000,-158.248
13008.000,-158.248
13009.000,-158.248
13010.000,-158.248
13011.000,-79.124
13012.000,-79.124
13013.000,-79.124
13014.000,-79.124
13015.000,-79.124
13016.000,-158.248
13017.000,-158.248
13018.000,-158.248
13019.000,-79.124
13020.000,-79.124
13021.000,-79.124
13022.000,-79.124
13023.000,-79.124
13024.000,-158.248
13025.000,-158.248
13026.000,-158.248
13027.000,-158.248
13028.000,-79.124
13029.000,-79.124
13030.000,-79.124
13031.000,-79.124
13032.000,-79.124
13033.000,-158.248
13034.000,-158.248
13035.000,-158.248
13036.000,-79.124
13037.000,-79.124
13038.000,-79.124
13039.000,-79.124
13040.000,-79.124
13041.000,-158.248
13042.000,-158.248
13043.000,-158.248
13044.000,-158.248
13045.000,-79.124
13046.000,-79.124
13047.000,-79.124
13048.000,-79.124
13049.000,-79.124
13050.000,-158.248
13051.000,-158.248
13052.000,-158.248
13053.000,-79.124
13054.000,-79.124
13055.000,-79.124
13056.000,-79.124
13057.000,-79.124
13058.000,-158.248
13059.000,-158.248
13060.000,-158.248
13061.000,-79.124
13062.000,-79.124
13063.000,-79.124
13064.000,-79.124
13065.000,-79.124
13066.000,-158.248
13067.000,-158.248
13068.000,-158.248
13069.000,-158.248
13070.000,-79.124
13071.000,-79.124
13072.000,-79.124
13073.000,-79.124
13074.000,-158.248
13075.000,-158.248
13076.000,-158.248
13077.000,-158.248
13078.000,-79.124
13079.000,-79.124
13080.000,-79.124
13081.000,-79.124
13082.000,-79.124
13083.000,-158.248
13084.000,-158.248
13085.000,-158.248
13086.000,-158.248
13087.000,-79.124
13088.000,-79.124
13089.000,-79.124
13090.000,-79.124
13091.000,-158.248
13092.000,-158.248
13093.000,-158.248
13094.000,-158.248
13095.000,-79.124
13096.000,-79.124
13097.000,-79.124
13098.000,-79.124
13099.000,-79.124
13100.000,-158.248
13101.000,-158.248
13102.000,-158.248
13103.000,-79.124
13104.000,-79.124
13105.000,-79.124
13106.000,-79.124
13107.000,-79.124
13108.000,-158.248
13109.000,-158.248
13110.000,-158.248
13111.000,-79.124
13112.000,-79.124
13113.000,-79.124
13114.000,-79.124
13115.000,-79.124
13116.000,-158.248
13117.000,-158.248
13118.000,-158.248
13119.000,-79.124
13120.000,-79.124
13121.000,-79.124
13122.000,-79.124
13123.000,-79.124
13124.000,-158.248
13125.000,-158.248
13126.000,-158.248
13127.000,-79.124
13128.000,-79.124
13129.000,-79.124
13130.000,-79.124
13131.000,-79.124
13132.000,-158.248
13133.000,-158.248
13134.000,-158.248
13135.000,-158.248
13136.000,-79.124
13137.000,-79.124
13138.000,-79.124
13139.000,-79.124
13140.000,-79.124
13141.000,-158.248
13142.000,-158.248
13143.000,-158.248
13144.000,-79.124
13145.000,-79.124
13146.000,-79.124
13147.000,-79.124
13148.000,-79.124
13149.000,-158.248
13150.000,-158.248
13151.000,-158.248
13152.000,-158.248
13153.000,-79.124
13154.000,-79.124
13155.000,-79.124
13156.000,-79.124
13157.000,-79.124
13158.000,-158.248
13159.000,-158.248
13160.000,-158.248
13161.000,-79.124
13162.000,-79.124
13163.000,-79.124
13164.000,-79.124
13165.000,-79.124
13166.000,-158.248
13167.000,-158.248
13168.000,-158.248
13169.000,-158.248
13170.000,-79.124
13171.000,-79.124
13172.000,-79.124
13173.000,-79.124
13174.000,-79.124
13175.000,-158.248
13176.000,-158.248
13177.000,-158.248
13178.000,-79.124
13179.000,-79.124
13180.000,-79.124
13181.000,-79.124
13182.000,-79.124
13183.000,-158.248
13184.000,-158.248
13185.000,-158.248
13186.000,-158.248
13187.000,-79.124
13188.000,-79.124
13189.000,-79.124
13190.000,-79.124
13191.000,-158.248
13192.000,-158.248
13193.000,-158.248
13194.000,-158.248
13195.000,-79.124
13196.000,-79.124
13197.000,-79.124
13198.000,-79.124
13199.000,-79.124
13200.000,-158.248
13201.000,-158.248
13202.000,-158.248
13203.000,-79.124
13204.000,-79.124
13205.000,-79.124
13206.000,-79.124
13207.000,-79.124
13208.000,-158.248
13209.000,-158.248
13210.000,-158.248
13211.000,-79.124
13212.000,-79.124
13213.000,-79.124
13214.000,-79.124
13215.000,-79.124
13216.000,-158.248
13217.000,-158.248
13218.000,-158.248
13219.000,-158.248
13220.000,-79.124
13221.000,-79.124
13222.000,-79.124
13223.000,-79.124
13224.000,-158.248
13225.000,-158.248
13226.000,-158.248
13227.000,-158.248
13228.000,-79.124
13229.000,-79.124
13230.000,-79.124
13231.000,-79.124
13232.000,-158.248
13233.000,-158.248
13234.000,-158.248
13235.000,-158.248
13236.000,-79.124
13237.000,-79.124
13238.000,-79.124
13239.000,-79.124
13240.000,-79.124
13241.000,-158.248
13242.000,-158.248
13243.000,-158.248
13244.000,-79.124
13245.000,-79.124
13246.000,-79.124
13247.000,-79.124
13248.000,-79.124
13249.000,-158.248
13250.000,-158.248
13251.000,-158.248
13252.000,-158.248
13253.000,-79.124
13254.000,-79.124
13255.000,-79.124
13256.000,-79.124
13257.000,-79.124
13258.000,-158.248
13259.000,-158.248
13260.000,-158.248
13261.000,-79.124
13262.000,-79.124
13263.000,-79.124
13264.000,-79.124
13265.000,-79.124
13266.000,-158.248
13267.000,-158.248
13268.000,-158.248
13269.000,-158.248
13270.000,-79.124
13271.000,-79.124
13272.000,-79.124
13273.000,-79.124
13274.000,-158.248
13275.000,-158.248
13276.000,-158.248
13277.000,-158.248
13278.000,-79.124
13279.000,-79.124
13280.000,-79.124
13281.000,-79.124
13282.000,-158.248
13283.000,-158.248
13284.000,-158.248
13285.000,-158.248
13286.000,-79.124
13287.000,-79.124
13288.000,-79.124
13289.000,-79.124
13290.000,-79.124
13291.000,-158.248
13292.000,-158.248
13293.000,-158.248
13294.000,-79.124
13295.000,-79.124
13296.000,-79.124
13297.000,-79.124
13298.000,-79.124
13299.000,-158.248
13300.000,-158.248
13301.000,-158.248
13302.000,-158.248
13303.000,-79.124
13304.000,-79.124
13305.000,-79.124
13306.000,-79.124
13307.000,-158.248
13308.000,-158.248
13309.000,-158.248
13310.000,-158.248
13311.000,-79.124
13312.000,-79.124
13313.000,-79.124
13314.000,-79.124
13315.000,-79.124
13316.000,-158.248
13317.000,-158.248
13318.000,-158.248
13319.000,-158.248
13320.000,-79.124
13321.000,-79.124
13322.000,-79.124
13323.000,-79.124
13324.000,-79.124
13325.000,-158.248
13326.000,-158.248
13327.000,-158.248
13328.000,-79.124
13329.000,-79.124
13330.000,-79.124
13331.000,-79.124
13332.000,-79.124
13333.000,-158.248
13334.000,-158.248
13335.000,-158.248
13336.000,-158.248
13337.000,-79.124
13338.000,-79.124
13339.000,-79.124
13340.000,-79.124
13341.000,-79.124
13342.000,-158.248
13343.000,-158.248
13344.000,-79.124
13345.000,-79.124
13346.000,-79.124
13347.000,-79.124
13348.000,-79.124
13349.000,-158.248
13350.000,-158.248
13351.000,-158.248
13352.000,-79.124
13353.000,-79.124
13354.000,-79.124
13355.000,-79.124
13356.000,-79.124
13357.000,-158.248
13358.000,-158.248
13359.000,-158.248
13360.000,-158.248
13361.000,-79.124
13362.000,-79.124
13363.000,-79.124
13364.000,-79.124
13365.000,-158.248
13366.000,-158.248
13367.000,-158.248
13368.000,-158.248
13369.000,-79.124
13370.000,-79.124
13371.000,-79.124
13372.000,-79.124
13373.000,-79.124
13374.000,-158.248
13375.000,-158.248
13376.000,-158.248
13377.000,-158.248
13378.000,-79.124
13379.000,-79.124
13380.000,-79.124
13381.000,-79.124
13382.000,-79.124
13383.000,-158.248
13384.000,-158.248
13385.000,-158.248
13386.000,-79.124
13387.000,-79.124
13388.000,-79.124
13389.000,-79.124
13390.000,-79.124
13391.000,-158.248
13392.000,-158.248
13393.000,-158.248
13394.000,-158.248
13395.000,-79.124
13396.000,-79.124
13397.000,-79.124
13398.000,-79.124
13399.000,-79.124
13400.000,-158.248
13401.000,-158.248
13402.000,-158.248
13403.000,-79.124
13404.000,-79.124
13405.000,-79.124
13406.000,-79.124
13407.000,-79.124
13408.000,-158.248
13409.000,-158.248
13410.000,-158.248
13411.000,-79.124
13412.000,-79.124
13413.000,-79.124
13414.000,-79.124
13415.000,-79.124
13416.000,-158.248
13417.000,-158.248
13418.000,-158.248
13419.000,-79.124
13420.000,-79.124
13421.000,-79.124
13422.000,-79.124
13423.000,-158.248
13424.000,-158.248
13425.000,-158.248
13426.000,-158.248
13427.000,-79.124
13428.000,-79.124
13429.000,-79.124
13430.000,-79.124
13431.000,-79.124
13432.000,-158.248
13433.000,-158.248
13434.000,-158.248
13435.000,-158.248
13436.000,-79.124
13437.000,-79.124
13438.000,-79.124
13439.000,-79.124
13440.000,-79.124
13441.000,-158.248
13442.000,-158.248
13443.000,-158.248
13444.000,-79.124
13445.000,-79.124
13446.000,-79.124
13447.000,-79.124
13448.000,-79.124
13449.000,-158.248
13450.000,-158.248
13451.000,-158.248
13452.000,-158.248
13453.000,-79.124
13454.000,-79.124
13455.000,-79.124
13456.000,-79.124
13457.000,-79.124
13458.000,-158.248
13459.000,-158.248
13460.000,-158.248
13461.000,-158.248
13462.000,-79.124
13463.000,-79.124
13464.000,-79.124
13465.000,-79.124
13466.000,-79.124
13467.000,-158.248
13468.000,-158.248
13469.000,-158.248
13470.000,-79.124
13471.000,-79.124
13472.000,-79.124
13473.000,-79.124
13474.000,-79.124
13475.000,-158.248
13476.000,-158.248
13477.000,-158.248
13478.000,-79.124
13479.000,-79.124
13480.000,-79.124
13481.000,-79.124
13482.000,-79.124
13483.000,-158.248
13484.000,-158.248
13485.000,-158.248
13486.000,-79.124
13487.000,-79.124
13488.000,-79.124
13489.000,-79.124
13490.000,-79.124
13491.000,-158.248
13492.000,-158.248
13493.000,-158.248
13494.000,-79.124
13495.000,-79.124
13496.000,-79.124
13497.000,-79.124
13498.000,-79.124
13499.000,-158.248
13500.000,-158.248
13501.000,-158.248
13502.000,-79.124
13503.000,-79.124
13504.000,-79.124
13505.000,-79.124
13506.000,-79.124
13507.000,-158.248
13508.000,-158.248
13509.000,-158.248
13510.000,-158.248
13511.000,-79.124
13512.000,-79.124
13513.000,-79.124
13514.000,-79.124
13515.000,-79.124
13516.000,-158.248
13517.000,-158.248
13518.000,-158.248
13519.000,-79.124
13520.000,-79.124
13521.000,-79.124
13522.000,-79.124
13523.000,-79.124
13524.000,-158.248
13525.000,-158.248
13526.000,-158.248
13527.000,-158.248
13528.000,-79.124
13529.000,-79.124
13530.000,-79.124
13531.000,-79.124
13532.000,-158.248
13533.000,-158.248
13534.000,-158.248
13535.000,-158.248
13536.000,-79.124
13537.000,-79.124
13538.000,-79.124
13539.000,-79.124
13540.000,-79.124
13541.000,-158.248
13542.000,-158.248
13543.000,-158.248
13544.000,-79.124
13545.000,-79.124
13546.000,-79.124
13547.000,-79.124
13548.000,-79.124
13549.000,-158.248
13550.000,-158.248
13551.000,-158.248
13552.000,-158.248
13553.000,-79.124
13554.000,-79.124
13555.000,-79.124
13556.000,-79.124
13557.000,-79.124
13558.000,-158.248
13559.000,-158.248
13560.000,-158.248
13561.000,-79.124
13562.000,-79.124
13563.000,-79.124
13564.000,-79.124
13565.000,-79.124
13566.000,-158.248
13567.000,-158.248
13568.000,-158.248
13569.000,-158.248
13570.000,-79.124
13571.000,-79.124
13572.000,-79.124
13573.000,-79.124
13574.000,-79.124
13575.000,-158.248
13576.000,-158.248
13577.000,-158.248
13578.000,-79.124
13579.000,-79.124
13580.000,-79.124
13581.000,-79.124
13582.000,-79.124
13583.000,-158.248
13584.000,-158.248
13585.000,-158.248
13586.000,-79.124
13587.000,-79.124
13588.000,-79.124
13589.000,-79.124
13590.000,-79.124
13591.000,-158.248
13592.000,-158.248
13593.000,-158.248
13594.000,-79.124
13595.000,-79.124
13596.000,-79.124
13597.000,-79.124
13598.000,-79.124
13599.000,-158.248
13600.000,-158.248
13601.000,-158.248
13602.000,-79.124
13603.000,-79.124
13604.000,-79.124
13605.000,-79.124
13606.000,-79.124
13607.000,-158.248
13608.000,-158.248
13609.000,-158.248
13610.000,-79.124
13611.000,-79.124
13612.000,-79.124
13613.000,-79.124
13614.000,-79.124
13615.000,-79.124
13616.000,-158.248
13617.000,-158.248
13618.000,-158.248
13619.000,-79.124
13620.000,-79.124
13621.000,-79.124
13622.000,-79.124
13623.000,-79.124
13624.000,-158.248
13625.000,-158.248
13626.000,-158.248
13627.000,-158.248
13628.000,-79.124
13629.000,-79.124
13630.000,-79.124
13631.000,-79.124
13632.000,-79.124
13633.000,-158.248
13634.000,-158.248
13635.000,-158.248
13636.000,-79.124
13637.000,-79.124
13638.000,-79.124
13639.000,-79.124
13640.000,-79.124
13641.000,-158.248
13642.000,-158.248
13643.000,-158.248
13644.000,-79.124
13645.000,-79.124
13646.000,-79.124
13647.000,-79.124
13648.000,-79.124
13649.000,-158.248
13650.000,-158.248
13651.000,-158.248
13652.000,-79.124
13653.000,-79.124
13654.000,-79.124
13655.000,-79.124
13656.000,-79.124
13657.000,-158.248
13658.000,-158.248
13659.000,-158.248
13660.000,-158.248
13661.000,-79.124
13662.000,-79.124
13663.000,-79.124
13664.000,-79.124
13665.000,-79.124
13666.000,-158.248
13667.000,-158.248
13668.000,-158.248
13669.000,-158.248
13670.000,-79.124
13671.000,-79.124
13672.000,-79.124
13673.000,-79.124
13674.000,-158.248
13675.000,-158.248
13676.000,-158.248
13677.000,-158.248
13678.000,-79.124
13679.000,-79.124
13680.000,-79.124
13681.000,-79.124
13682.000,-79.124
13683.000,-158.248
13684.000,-158.248
13685.000,-158.248
13686.000,-158.248
13687.000,-79.124
13688.000,-79.124
13689.000,-79.124
13690.000,-79.124
13691.000,-79.124
13692.000,-158.248
13693.000,-158.248
13694.000,-79.124
13695.000,-79.124
13696.000,-79.124
13697.000,-79.124
13698.000,-79.124
13699.000,-79.124
13700.000,-158.248
13701.000,-158.248
13702.000,-79.124
13703.000,-79.124
13704.000,-79.124
13705.000,-79.124
13706.000,-79.124
13707.000,-158.248
13708.000,-158.248
13709.000,-158.248
13710.000,-79.124
13711.000,-79.124
13712.000,-79.124
13713.000,-79.124
13714.000,-79.124
13715.000,-158.248
13716.000,-158.248
13717.000,-158.248
13718.000,-158.248
13719.000,-79.124
13720.000,-79.124
13721.000,-79.124
13722.000,-79.124
13723.000,-79.124
13724.000,-158.248
13725.000,-158.248
13726.000,-158.248
13727.000,-158.248
13728.000,-79.124
13729.000,-79.124
13730.000,-79.124
13731.000,-79.124
13732.000,-79.124
13733.000,-158.248
13734.000,-158.248
13735.000,-158.248
13736.000,-79.124
13737.000,-79.124
13738.000,-79.124
13739.000,-79.124
13740.000,-79.124
13741.000,-158.248
13742.000,-158.248
13743.000,-158.248
13744.000,-158.248
13745.000,-79.124
13746.000,-79.124
13747.000,-79.124
13748.000,-79.124
13749.000,-79.124
13750.000,-158.248
13751.000,-158.248
13752.000,-158.248
13753.000,-79.124
13754.000,-79.124
13755.000,-79.124
13756.000,-79.124
13757.000,-79.124
13758.000,-79.124
13759.000,-158.248
13760.000,-79.124
13761.000,-79.124
13762.000,-79.124
13763.000,-79.124
13764.000,-79.124
13765.000,-79.124
13766.000,-158.248
13767.000,-79.124
13768.000,-79.124
13769.000,-79.124
13770.000,-79.124
13771.000,-79.124
13772.000,-79.124
13773.000,-158.248
13774.000,-158.248
13775.000,-158.248
13776.000,-158.248
13777.000,-79.124
13778.000,-79.124
13779.000,-79.124
13780.000,-79.124
13781.000,-79.124
13782.000,-158.248
13783.000,-158.248
13784.000,-158.248
13785.000,-79.124
13786.000,-79.124
13787.000,-79.124
13788.000,-79.124
13789.000,-79.124
13790.000,-158.248
13791.000,-158.248
13792.000,-158.248
13793.000,-158.248
13794.000,-79.124
13795.000,-79.124
13796.000,-79.124
13797.000,-79.124
13798.000,-79.124
13799.000,-158.248
13800.000,-158.248
13801.000,-158.248
13802.000,-158.248
13803.000,-79.124
13804.000,-79.124
13805.000,-79.124
13806.000,-79.124
13807.000,-79.124
13808.000,-158.248
13809.000,-158.248
13810.000,-158.248
13811.000,-79.124
13812.000,-79.124
13813.000,-79.124
13814.000,-79.124
13815.000,-79.124
13816.000,-158.248
13817.000,-158.248
13818.000,-158.248
13819.000,-158.248
13820.000,-79.124
13821.000,-79.124
13822.000,-79.124
13823.000,-79.124
13824.000,-79.124
13825.000,-158.248
13826.000,-158.248
13827.000,-158.248
13828.000,-79.124
13829.000,-79.124
13830.000,-79.124
13831.000,-79.124
13832.000,-79.124
13833.000,-158.248
13834.000,-158.248
13835.000,-158.248
13836.000,-79.124
13837.000,-79.124
13838.000,-79.124
13839.000,-79.124
13840.000,-79.124
13841.000,-158.248
13842.000,-158.248
13843.000,-158.248
13844.000,-79.124
13845.000,-79.124
13846.000,-79.124
13847.000,-79.124
13848.000,-79.124
13849.000,-79.124
13850.000,-158.248
13851.000,-158.248
13852.000,-79.124
13853.000,-79.124
13854.000,-79.124
13855.000,-79.124
13856.000,-79.124
13857.000,-79.124
13858.000,-158.248
13859.000,-158.248
13860.000,-158.248
13861.000,-79.124
13862.000,-79.124
13863.000,-79.124
13864.000,-79.124
13865.000,-79.124
13866.000,-158.248
13867.000,-158.248
13868.000,-158.248
13869.000,-79.124
13870.000,-79.124
13871.000,-79.124
13872.000,-79.124
13873.000,-79.124
13874.000,-158.248
13875.000,-158.248
13876.000,-158.248
13877.000,-158.248
13878.000,-79.124
13879.000,-79.124
13880.000,-79.124
13881.000,-79.124
13882.000,-79.124
13883.000,-158.248
13884.000,-158.248
13885.000,-158.248
13886.000,-79.124
13887.000,-79.124
13888.000,-79.124
13889.000,-79.124
13890.000,-79.124
13891.000,-158.248
13892.000,-158.248
13893.000,-158.248
13894.000,-79.124
13895.000,-79.124
13896.000,-79.124
13897.000,-79.124
13898.000,-79.124
13899.000,-158.248
13900.000,-158.248
13901.000,-158.248
13902.000,-79.124
13903.000,-79.124
13904.000,-79.124
13905.000,-79.124
13906.000,-79.124
13907.000,-158.248
13908.000,-158.248
13909.000,-158.248
13910.000,-79.124
13911.000,-79.124
13912.000,-79.124
13913.000,-79.124
13914.000,-79.124
13915.000,-79.124
13916.000,-158.248
13917.000,-158.248
13918.000,-158.248
13919.000,-79.124
13920.000,-79.124
13921.000,-79.124
13922.000,-79.124
13923.000,-79.124
13924.000,-158.248
13925.000,-158.248
13926.000,-158.248
13927.000,-158.248
13928.000,-79.124
13929.000,-79.124
13930.000,-79.124
13931.000,-79.124
13932.000,-79.124
13933.000,-158.248
13934.000,-158.248
13935.000,-158.248
13936.000,-79.124
13937.000,-79.124
13938.000,-79.124
13939.000,-79.124
13940.000,-79.124
13941.000,-158.248
13942.000,-158.248
13943.000,-158.248
13944.000,-158.248
13945.000,-79.124
13946.000,-79.124
13947.000,-79.124
13948.000,-79.124
13949.000,-79.124
13950.000,-158.248
13951.000,-158.248
13952.000,-158.248
13953.000,-79.124
13954.000,-79.124
13955.000,-79.124
13956.000,-79.124
13957.000,-79.124
13958.000,-79.124
13959.000,-158.248
13960.000,-158.248
13961.000,-79.124
13962.000,-79.124
13963.000,-79.124
13964.000,-79.124
13965.000,-79.124
13966.000,-79.124
13967.000,-158.248
13968.000,-158.248
13969.000,-79.124
13970.000,-79.124
13971.000,-79.124
13972.000,-79.124
13973.000,-79.124
13974.000,-79.124
13975.000,-158.248
13976.000,-158.248
13977.000,-158.248
13978.000,-79.124
13979.000,-79.124
13980.000,-79.124
13981.000,-79.124
13982.000,-79.124
13983.000,-158.248
13984.000,-158.248
13985.000,-158.248
13986.000,-79.124
13987.000,-79.124
13988.000,-79.124
13989.000,-79.124
13990.000,-79.124
13991.000,-79.124
13992.000,-158.248
13993.000,-158.248
13994.000,-79.124
13995.000,-79.124
13996.000,-79.124
13997.000,-79.124
13998.000,-79.124
13999.000,-79.124
14000.000,-158.248
14001.000,-158.248
14002.000,-79.124
14003.000,-79.124
14004.000,-79.124
14005.000,-79.124
14006.000,-79.124
14007.000,-79.124
14008.000,-158.248
14009.000,-158.248
14010.000,-79.124
14011.000,-79.124
14012.000,-79.124
14013.000,-79.124
14014.000,-79.124
14015.000,-79.124
14016.000,-158.248
14017.000,-158.248
14018.000,-158.248
14019.000,-79.124
14020.000,-79.124
14021.000,-79.124
14022.000,-79.124
14023.000,-79.124
14024.000,-158.248
14025.000,-158.248
14026.000,-158.248
14027.000,-158.248
14028.000,-79.124
14029.000,-79.124
14030.000,-79.124
14031.000,-79.124
14032.000,-79.124
14033.000,-158.248
14034.000,-158.248
14035.000,-158.248
14036.000,-79.124
14037.000,-79.124
14038.000,-79.124
14039.000,-79.124
14040.000,-79.124
14041.000,-158.248
14042.000,-158.248
14043.000,-158.248
14044.000,-158.248
14045.000,-79.124
14046.000,-79.124
14047.000,-79.124
14048.000,-79.124
14049.000,-79.124
14050.000,-158.248
14051.000,-158.248
14052.000,-158.248
14053.000,-79.124
14054.000,-79.124
14055.000,-79.124
14056.000,-79.124
14057.000,-79.124
14058.000,-158.248
14059.000,-158.248
14060.000,-158.248
14061.000,-79.124
14062.000,-79.124
14063.000,-79.124
14064.000,-79.124
14065.000,-79.124
14066.000,-158.248
14067.000,-158.248
14068.000,-158.248
14069.000,-79.124
14070.000,-79.124
14071.000,-79.124
14072.000,-79.124
14073.000,-79.124
14074.000,-79.124
14075.000,-158.248
14076.000,-158.248
14077.000,-79.124
14078.000,-79.124
14079.000,-79.124
14080.000,-79.124
14081.000,-79.124
14082.000,-79.124
14083.000,-158.248
14084.000,-158.248
14085.000,-158.248
14086.000,-79.124
14087.000,-79.124
14088.000,-79.124
14089.000,-79.124
14090.000,-79.124
14091.000,-158.248
14092.000,-158.248
14093.000,-158.248
14094.000,-158.248
14095.000,-79.124
14096.000,-79.124
14097.000,-79.124
14098.000,-79.124
14099.000,-79.124
14100.000,-158.248
14101.000,-158.248
14102.000,-158.248
14103.000,-79.124
14104.000,-79.124
14105.000,-79.124
14106.000,-79.124
14107.000,-79.124
14108.000,-79.124
14109.000,-158.248
14110.000,-158.248
14111.000,-79.124
14112.000,-79.124
14113.000,-79.124
14114.000,-79.124
14115.000,-79.124
14116.000,-79.124
14117.000,-158.248
14118.000,-158.248
14119.000,-79.124
14120.000,-79.124
14121.000,-79.124
14122.000,-79.124
14123.000,-79.124
14124.000,-79.124
14125.000,-79.124
14126.000,-158.248
14127.000,-79.124
14128.000,-79.124
14129.000,-79.124
14130.000,-79.124
14131.000,-79.124
14132.000,-79.124
14133.000,-158.248
14134.000,-158.248
14135.000,-158.248
14136.000,-79.124
14137.000,-79.124
14138.000,-79.124
14139.000,-79.124
14140.000,-79.124
14141.000,-158.248
14142.000,-158.248
14143.000,-158.248
14144.000,-79.124
14145.000,-79.124
14146.000,-79.124
14147.000,-79.124
14148.000,-79.124
14149.000,-158.248
14150.000,-158.248
14151.000,-158.248
14152.000,-158.248
14153.000,-79.124
14154.000,-79.124
14155.000,-79.124
14156.000,-79.124
14157.000,-79.124
14158.000,-158.248
14159.000,-158.248
14160.000,-158.248
14161.000,-79.124
14162.000,-79.124
14163.000,-79.124
14164.000,-79.124
14165.000,-79.124
14166.000,-79.124
14167.000,-158.248
14168.000,-158.248
14169.000,-158.248
14170.000,-79.124
14171.000,-79.124
14172.000,-79.124
14173.000,-79.124
14174.000,-79.124
14175.000,-158.248
14176.000,-158.248
14177.000,-158.248
14178.000,-79.124
14179.000,-79.124
14180.000,-79.124
14181.000,-79.124
14182.000,-79.124
14183.000,-158.248
14184.000,-158.248
14185.000,-158.248
14186.000,-79.124
14187.000,-79.124
14188.000,-79.124
14189.000,-79.124
14190.000,-79.124
14191.000,-158.248
14192.000,-158.248
14193.000,-158.248
14194.000,-79.124
14195.000,-79.124
14196.000,-79.124
14197.000,-79.124
14198.000,-79.124
14199.000,-158.248
14200.000,-158.248
14201.000,-158.248
14202.000,-158.248
14203.000,-79.124
14204.000,-79.124
14205.000,-79.124
14206.000,-79.124
14207.000,-79.124
14208.000,-158.248
14209.000,-158.248
14210.000,-158.248
14211.000,-79.124
14212.000,-79.124
14213.000,-79.124
14214.000,-79.124
14215.000,-79.124
14216.000,-158.248
14217.000,-158.248
14218.000,-158.248
14219.000,-158.248
14220.000,-79.124
14221.000,-79.124
14222.000,-79.124
14223.000,-79.124
14224.000,-79.124
14225.000,-158.248
14226.000,-158.248
14227.000,-158.248
14228.000,-79.124
14229.000,-79.124
14230.000,-79.124
14231.000,-79.124
14232.000,-79.124
14233.000,-79.124
14234.000,-158.248
14235.000,-158.248
14236.000,-158.248
14237.000,-79.124
14238.000,-79.124
14239.000,-79.124
14240.000,-79.124
14241.000,-79.124
14242.000,-158.248
14243.000,-158.248
14244.000,-158.248
14245.000,-79.124
14246.000,-79.124
14247.000,-79.124
14248.000,-79.124
14249.000,-79.124
14250.000,-79.124
14251.000,-158.248
14252.000,-158.248
14253.000,-79.124
14254.000,-79.124
14255.000,-79.124
14256.000,-79.124
14257.000,-79.124
14258.000,-79.124
14259.000,-79.124
14260.000,-79.124
14261.000,-79.124
14262.000,-79.124
14263.000,-79.124
14264.000,-79.124
14265.000,-79.124
14266.000,-158.248
14267.000,-158.248
14268.000,-158.248
14269.000,-79.124
14270.000,-79.124
14271.000,-79.124
14272.000,-79.124
14273.000,-79.124
14274.000,-158.248
14275.000,-158.248
14276.000,-158.248
14277.000,-79.124
14278.000,-79.124
14279.000,-79.124
14280.000,-79.124
14281.000,-79.124
14282.000,-79.124
14283.000,-158.248
14284.000,-158.248
14285.000,-158.248
14286.000,-79.124
14287.000,-79.124
14288.000,-79.124
14289.000,-79.124
14290.000,-79.124
14291.000,-158.248
14292.000,-158.248
14293.000,-158.248
14294.000,-158.248
14295.000,-79.124
14296.000,-79.124
14297.000,-79.124
14298.000,-79.124
14299.000,-79.124
14300.000,-158.248
14301.000,-158.248
14302.000,-158.248
14303.000,-79.124
14304.000,-79.124
14305.000,-79.124
14306.000,-79.124
14307.000,-79.124
14308.000,-158.248
14309.000,-158.248
14310.000,-158.248
14311.000,-158.248
14312.000,-79.124
14313.000,-79.124
14314.000,-79.124
14315.000,-79.124
14316.000,-79.124
14317.000,-158.248
14318.000,-158.248
14319.000,-158.248
14320.000,-79.124
14321.000,-79.124
14322.000,-79.124
14323.000,-79.124
14324.000,-79.124
14325.000,-158.248
14326.000,-158.248
14327.000,-158.248
14328.000,-79.124
14329.000,-79.124
14330.000,-79.124
14331.000,-79.124
14332.000,-79.124
14333.000,-79.124
14334.000,-158.248
14335.000,-158.248
14336.000,-79.124
14337.000,-79.124
14338.000,-79.124
14339.000,-79.124
14340.000,-79.124
14341.000,-79.124
14342.000,-158.248
14343.000,-158.248
14344.000,-158.248
14345.000,-79.124
14346.000,-79.124
14347.000,-79.124
14348.000,-79.124
14349.000,-79.124
14350.000,-158.248
14351.000,-158.248
14352.000,-158.248
14353.000,-79.124
14354.000,-79.124
14355.000,-79.124
14356.000,-79.124
14357.000,-79.124
14358.000,-158.248
14359.000,-158.248
14360.000,-158.248
14361.000,-79.124
14362.000,-79.124
14363.000,-79.124
14364.000,-79.124
14365.000,-79.124
14366.000,-158.248
14367.000,-158.248
14368.000,-158.248
14369.000,-79.124
14370.000,-79.124
14371.000,-79.124
14372.000,-79.124
14373.000,-79.124
14374.000,-158.248
14375.000,-158.248
14376.000,-158.248
14377.000,-79.124
14378.000,-79.124
14379.000,-79.124
14380.000,-79.124
14381.000,-79.124
14382.000,-79.124
14383.000,-158.248
14384.000,-158.248
14385.000,-158.248
14386.000,-79.124
14387.000,-79.124
14388.000,-79.124
14389.000,-79.124
14390.000,-79.124
14391.000,-158.248
14392.000,-158.248
14393.000,-158.248
14394.000,-79.124
14395.000,-79.124
14396.000,-79.124
14397.000,-79.124
14398.000,-79.124
14399.000,-79.124
14400.000,-158.248
14401.000,-158.248
14402.000,-158.248
14403.000,-79.124
14404.000,-79.124
14405.000,-79.124
14406.000,-79.124
14407.000,-79.124
14408.000,-158.248
14409.000,-158.248
14410.000,-158.248
14411.000,-79.124
14412.000,-79.124
14413.000,-79.124
14414.000,-79.124
14415.000,-79.124
14416.000,-158.248
14417.000,-158.248
14418.000,-158.248
14419.000,-158.248
14420.000,-79.124
14421.000,-79.124
14422.000,-79.124
14423.000,-79.124
14424.000,-79.124
14425.000,-158.248
14426.000,-158.248
14427.000,-158.248
14428.000,-79.124
14429.000,-79.124
14430.000,-79.124
14431.000,-79.124
14432.000,-79.124
14433.000,-158.248
14434.000,-158.248
14435.000,-158.248
14436.000,-79.124
14437.000,-79.124
14438.000,-79.124
14439.000,-79.124
14440.000,-79.124
14441.000,-158.248
14442.000,-158.248
14443.000,-158.248
14444.000,-79.124
14445.000,-79.124
14446.000,-79.124
14447.000,-79.124
14448.000,-79.124
14449.000,-79.124
14450.000,-158.248
14451.000,-158.248
14452.000,-158.248
14453.000,-79.124
14454.000,-79.124
14455.000,-79.124
14456.000,-79.124
14457.000,-79.124
14458.000,-158.248
14459.000,-158.248
14460.000,-158.248
14461.000,-79.124
14462.000,-79.124
14463.000,-79.124
14464.000,-79.124
14465.000,-79.124
14466.000,-79.124
14467.000,-158.248
14468.000,-158.248
14469.000,-158.248
14470.000,-79.124
14471.000,-79.124
14472.000,-79.124
14473.000,-79.124
14474.000,-79.124
14475.000,-158.248
14476.000,-158.248
14477.000,-79.124
14478.000,-79.124
14479.000,-79.124
14480.000,-79.124
14481.000,-79.124
14482.000,-79.124
14483.000,-158.248
14484.000,-158.248
14485.000,-158.248
14486.000,-79.124
14487.000,-79.124
14488.000,-79.124
14489.000,-79.124
14490.000,-79.124
14491.000,-158.248
14492.000,-158.248
14493.000,-158.248
14494.000,-79.124
14495.000,-79.124
14496.000,-79.124
14497.000,-79.124
14498.000,-79.124
14499.000,-158.248
14500.000,-158.248
14501.000,-158.248
14502.000,-158.248
14503.000,-79.124
14504.000,-79.124
14505.000,-79.124
14506.000,-79.124
14507.000,-79.124
14508.000,-158.248
14509.000,-158.248
14510.000,-158.248
14511.000,-79.124
14512.000,-79.124
14513.000,-79.124
14514.000,-79.124
14515.000,-79.124
14516.000,-158.248
14517.000,-158.248
14518.000,-158.248
14519.000,-158.248
14520.000,-79.124
14521.000,-79.124
14522.000,-79.124
14523.000,-79.124
14524.000,-79.124
14525.000,-158.248
14526.000,-158.248
14527.000,-158.248
14528.000,-79.124
14529.000,-79.124
14530.000,-79.124
14531.000,-79.124
14532.000,-79.124
14533.000,-158.248
14534.000,-158.248
14535.000,-158.248
14536.000,-79.124
14537.000,-79.124
14538.000,-79.124
14539.000,-79.124
14540.000,-79.124
14541.000,-79.124
14542.000,-158.248
14543.000,-158.248
14544.000,-79.124
14545.000,-79.124
14546.000,-79.124
14547.000,-79.124
14548.000,-79.124
14549.000,-158.248
14550.000,-158.248
14551.000,-158.248
14552.000,-79.124
14553.000,-79.124
14554.000,-79.124
14555.000,-79.124
14556.000,-79.124
14557.000,-158.248
14558.000,-158.248
14559.000,-158.248
14560.000,-158.248
14561.000,-79.124
14562.000,-79.124
14563.000,-79.124
14564.000,-79.124
14565.000,-79.124
14566.000,-158.248
14567.000,-158.248
14568.000,-158.248
14569.000,-79.124
14570.000,-79.124
14571.000,-79.124
14572.000,-79.124
14573.000,-79.124
14574.000,-158.248
14575.000,-158.248
14576.000,-158.248
14577.000,-158.248
14578.000,-79.124
14579.000,-79.124
14580.000,-79.124
14581.000,-79.124
14582.000,-79.124
14583.000,-158.248
14584.000,-158.248
14585.000,-158.248
14586.000,-79.124
14587.000,-79.124
14588.000,-79.124
14589.000,-79.124
14590.000,-79.124
14591.000,-79.124
14592.000,-158.248
14593.000,-158.248
14594.000,-158.248
14595.000,-79.124
14596.000,-79.124
14597.000,-79.124
14598.000,-79.124
14599.000,-79.124
14600.000,-158.248
14601.000,-158.248
14602.000,-158.248
14603.000,-79.124
14604.000,-79.124
14605.000,-79.124
14606.000,-79.124
14607.000,-79.124
14608.000,-79.124
14609.000,-158.248
14610.000,-158.248
14611.000,-79.124
14612.000,-79.124
14613.000,-79.124
14614.000,-79.124
14615.000,-79.124
14616.000,-79.124
14617.000,-158.248
14618.000,-79.124
14619.000,-79.124
14620.000,-79.124
14621.000,-79.124
14622.000,-79.124
14623.000,-79.124
14624.000,-158.248
14625.000,-158.248
14626.000,-158.248
14627.000,-79.124
14628.000,-79.124
14629.000,-79.124
14630.000,-79.124
14631.000,-79.124
14632.000,-158.248
14633.000,-158.248
14634.000,-158.248
14635.000,-79.124
14636.000,-79.124
14637.000,-79.124
14638.000,-79.124
14639.000,-79.124
14640.000,-79.124
14641.000,-158.248
14642.000,-158.248
14643.000,-158.248
14644.000,-79.124
14645.000,-79.124
14646.000,-79.124
14647.000,-79.124
14648.000,-79.124
14649.000,-158.248
14650.000,-158.248
14651.000,-158.248
14652.000,-158.248
14653.000,-79.124
14654.000,-79.124
14655.000,-79.124
14656.000,-79.124
14657.000,-79.124
14658.000,-158.248
14659.000,-158.248
14660.000,-158.248
14661.000,-79.124
14662.000,-79.124
14663.000,-79.124
14664.000,-79.124
14665.000,-79.124
14666.000,-158.248
14667.000,-158.248
14668.000,-158.248
14669.000,-79.124
14670.000,-79.124
14671.000,-79.124
14672.000,-79.124
14673.000,-79.124
14674.000,-79.124
14675.000,-158.248
14676.000,-158.248
14677.000,-79.124
14678.000,-79.124
14679.000,-79.124
14680.000,-79.124
14681.000,-79.124
14682.000,-79.124
14683.000,-158.248
14684.000,-158.248
14685.000,-158.248
14686.000,-79.124
14687.000,-79.124
14688.000,-79.124
14689.000,-79.124
14690.000,-79.124
14691.000,-158.248
14692.000,-158.248
14693.000,-158.248
14694.000,-79.124
14695.000,-79.124
14696.000,-79.124
14697.000,-79.124
14698.000,-79.124
14699.000,-158.248
14700.000,-158.248
14701.000,-158.248
14702.000,-158.248
14703.000,-79.124
14704.000,-79.124
14705.000,-79.124
14706.000,-79.124
14707.000,-79.124
14708.000,-158.248
14709.000,-158.248
14710.000,-158.248
14711.000,-79.124
14712.000,-79.124
14713.000,-79.124
14714.000,-79.124
14715.000,-79.124
14716.000,-158.248
14717.000,-158.248
14718.000,-158.248
14719.000,-79.124
14720.000,-79.124
14721.000,-79.124
14722.000,-79.124
14723.000,-79.124
14724.000,-79.124
14725.000,-158.248
14726.000,-158.248
14727.000,-158.248
14728.000,-79.124
14729.000,-79.124
14730.000,-79.124
14731.000,-79.124
14732.000,-79.124
14733.000,-158.248
14734.000,-158.248
14735.000,-158.248
14736.000,-79.124
14737.000,-79.124
14738.000,-79.124
14739.000,-79.124
14740.000,-79.124
14741.000,-79.124
14742.000,-158.248
14743.000,-158.248
14744.000,-79.124
14745.000,-79.124
14746.000,-79.124
14747.000,-79.124
14748.000,-79.124
14749.000,-79.124
14750.000,-158.248
14751.000,-158.248
14752.000,-79.124
14753.000,-79.124
14754.000,-79.124
14755.000,-79.124
14756.000,-79.124
14757.000,-79.124
14758.000,-158.248
14759.000,-158.248
14760.000,-79.124
14761.000,-79.124
14762.000,-79.124
14763.000,-79.124
14764.000,-79.124
14765.000,-79.124
14766.000,-158.248
14767.000,-158.248
14768.000,-158.248
14769.000,-79.124
14770.000,-79.124
14771.000,-79.124
14772.000,-79.124
14773.000,-79.124
14774.000,-158.248
14775.000,-158.248
14776.000,-158.248
14777.000,-79.124
14778.000,-79.124
14779.000,-79.124
14780.000,-79.124
14781.000,-79.124
14782.000,-158.248
14783.000,-158.248
14784.000,-158.248
14785.000,-158.248
14786.000,-79.124
14787.000,-79.124
14788.000,-79.124
14789.000,-79.124
14790.000,-79.124
14791.000,-158.248
14792.000,-158.248
14793.000,-158.248
14794.000,-79.124
14795.000,-79.124
14796.000,-79.124
14797.000,-79.124
14798.000,-79.124
14799.000,-158.248
14800.000,-158.248
14801.000,-158.248
14802.000,-158.248
14803.000,-79.124
14804.000,-79.124
14805.000,-79.124
14806.000,-79.124
14807.000,-79.124
14808.000,-158.248
14809.000,-158.248
14810.000,-158.248
14811.000,-79.124
14812.000,-79.124
14813.000,-79.124
14814.000,-79.124
14815.000,-79.124
14816.000,-79.124
14817.000,-158.248
14818.000,-158.248
14819.000,-158.248
14820.000,-79.124
14821.000,-79.124
14822.000,-79.124
14823.000,-79.124
14824.000,-79.124
14825.000,-158.248
14826.000,-158.248
14827.000,-158.248
14828.000,-79.124
14829.000,-79.124
14830.000,-79.124
14831.000,-79.124
14832.000,-79.124
14833.000,-79.124
14834.000,-158.248
14835.000,-79.124
14836.000,-79.124
14837.000,-79.124
14838.000,-79.124
14839.000,-79.124
14840.000,-79.124
14841.000,-158.248
14842.000,-158.248
14843.000,-79.124
14844.000,-79.124
14845.000,-79.124
14846.000,-79.124
14847.000,-79.124
14848.000,-79.124
14849.000,-158.248
14850.000,-158.248
14851.000,-158.248
14852.000,-79.124
14853.000,-79.124
14854.000,-79.124
14855.000,-79.124
14856.000,-79.124
14857.000,-79.124
14858.000,-158.248
14859.000,-158.248
14860.000,-158.248
14861.000,-79.124
14862.000,-79.124
14863.000,-79.124
14864.000,-79.124
14865.000,-79.124
14866.000,-158.248
14867.000,-158.248
14868.000,-158.248
14869.000,-79.124
14870.000,-79.124
14871.000,-79.124
14872.000,-79.124
14873.000,-79.124
14874.000,-79.124
14875.000,-158.248
14876.000,-158.248
14877.000,-158.248
14878.000,-79.124
14879.000,-79.124
14880.000,-79.124
14881.000,-79.124
14882.000,-79.124
14883.000,-158.248
14884.000,-158.248
14885.000,-158.248
14886.000,-79.124
14887.000,-79.124
14888.000,-79.124
14889.000,-79.124
14890.000,-79.124
14891.000,-79.124
14892.000,-158.248
14893.000,-79.124
14894.000,-79.124
14895.000,-79.124
14896.000,-79.124
14897.000,-79.124
14898.000,-79.124
14899.000,-79.124
14900.000,-158.248
14901.000,-158.248
14902.000,-79.124
14903.000,-79.124
14904.000,-79.124
14905.000,-79.124
14906.000,-79.124
14907.000,-158.248
14908.000,-158.248
14909.000,-158.248
14910.000,-79.124
14911.000,-79.124
14912.000,-79.124
14913.000,-79.124
14914.000,-79.124
14915.000,-79.124
14916.000,-158.248
14917.000,-158.248
14918.000,-158.248
14919.000,-79.124
14920.000,-79.124
14921.000,-79.124
14922.000,-79.124
14923.000,-79.124
14924.000,-158.248
14925.000,-158.248
14926.000,-158.248
14927.000,-158.248
14928.000,-79.124
14929.000,-79.124
14930.000,-79.124
14931.000,-79.124
14932.000,-79.124
14933.000,-158.248
14934.000,-158.248
14935.000,-158.248
14936.000,-79.124
14937.000,-79.124
14938.000,-79.124
14939.000,-79.124
14940.000,-79.124
14941.000,-158.248
14942.000,-158.248
14943.000,-158.248
14944.000,-79.124
14945.000,-79.124
14946.000,-79.124
14947.000,-79.124
14948.000,-79.124
14949.000,-79.124
14950.000,-158.248
14951.000,-158.248
14952.000,-79.124
14953.000,-79.124
14954.000,-79.124
14955.000,-79.124
14956.000,-79.124
14957.000,-79.124
14958.000,-158.248
14959.000,-158.248
14960.000,-158.248
14961.000,-79.124
14962.000,-79.124
14963.000,-79.124
14964.000,-79.124
14965.000,-79.124
14966.000,-79.124
14967.000,-158.248
14968.000,-158.248
14969.000,-79.124
14970.000,-79.124
14971.000,-79.124
14972.000,-79.124
14973.000,-79.124
14974.000,-158.248
14975.000,-158.248
14976.000,-158.248
14977.000,-79.124
14978.000,-79.124
14979.000,-79.124
14980.000,-79.124
14981.000,-79.124
14982.000,-79.124
14983.000,-158.248
14984.000,-158.248
14985.000,-158.248
14986.000,-79.124
14987.000,-79.124
14988.000,-79.124
14989.000,-79.124
14990.000,-79.124
14991.000,-158.248
14992.000,-158.248
14993.000,-158.248
14994.000,-79.124
14995.000,-79.124
14996.000,-79.124
14997.000,-79.124
14998.000,-79.124
14999.000,-79.124
15000.000,-158.248
15001.000,-158.248
15002.000,-158.248
15003.000,-79.124
15004.000,-79.124
15005.000,-79.124
15006.000,-79.124
15007.000,-79.124
15008.000,-158.248
15009.000,-158.248
15010.000,-158.248
15011.000,-79.124
15012.000,-79.124
15013.000,-79.124
15014.000,-79.124
15015.000,-79.124
15016.000,-79.124
15017.000,-158.248
15018.000,-158.248
15019.000,-79.124
15020.000,-79.124
15021.000,-79.124
15022.000,-79.124
15023.000,-79.124
15024.000,-79.124
15025.000,-79.124
15026.000,-79.124
15027.000,-79.124
15028.000,-79.124
15029.000,-79.124
15030.000,-79.124
15031.000,-79.124
15032.000,-79.124
15033.000,-158.248
15034.000,-158.248
15035.000,-79.124
15036.000,-79.124
15037.000,-79.124
15038.000,-79.124
15039.000,-79.124
15040.000,-79.124
15041.000,-158.248
15042.000,-158.248
15043.000,-158.248
15044.000,-79.124
15045.000,-79.124
15046.000,-79.124
15047.000,-79.124
15048.000,-79.124
15049.000,-158.248
15050.000,-158.248
15051.000,-158.248
15052.000,-79.124
15053.000,-79.124
15054.000,-79.124
15055.000,-79.124
15056.000,-79.124
15057.000,-79.124
15058.000,-158.248
15059.000,-158.248
15060.000,-158.248
15061.000,-79.124
15062.000,-79.124
15063.000,-79.124
15064.000,-79.124
15065.000,-79.124
15066.000,-158.248
15067.000,-158.248
15068.000,-158.248
15069.000,-158.248
15070.000,-79.124
15071.000,-79.124
15072.000,-79.124
15073.000,-79.124
15074.000,-79.124
15075.000,-158.248
15076.000,-158.248
15077.000,-158.248
15078.000,-79.124
15079.000,-79.124
15080.000,-79.124
15081.000,-79.124
15082.000,-79.124
15083.000,-79.124
15084.000,-158.248
15085.000,-158.248
15086.000,-158.248
15087.000,-79.124
15088.000,-79.124
15089.000,-79.124
15090.000,-79.124
15091.000,-79.124
15092.000,-79.124
15093.000,-158.248
15094.000,-79.124
15095.000,-79.124
15096.000,-79.124
15097.000,-79.124
15098.000,-79.124
15099.000,-79.124
15100.000,-79.124
15101.000,-79.124
15102.000,-79.124
15103.000,-79.124
15104.000,-79.124
15105.000,-79.124
15106.000,-79.124
15107.000,-79.124
15108.000,-79.124
15109.000,-79.124
15110.000,-79.124
15111.000,-79.124
15112.000,-79.124
15113.000,-79.124
15114.000,-79.124
15115.000,-79.124
15116.000,-79.124
15117.000,-158.248
15118.000,-79.124
15119.000,-79.124
15120.000,-79.124
15121.000,-79.124
15122.000,-79.124
15123.000,-79.124
15124.000,-158.248
15125.000,-158.248
15126.000,-158.248
15127.000,-79.124
15128.000,-79.124
15129.000,-79.124
15130.000,-79.124
15131.000,-79.124
15132.000,-158.248
15133.000,-158.248
15134.000,-158.248
15135.000,-79.124
15136.000,-79.124
15137.000,-79.124
15138.000,-79.124
15139.000,-79.124
15140.000,-79.124
15141.000,-158.248
15142.000,-158.248
15143.000,-158.248
15144.000,-79.124
15145.000,-79.124
15146.000,-79.124
15147.000,-79.124
15148.000,-79.124
15149.000,-158.248
15150.000,-158.248
15151.000,-158.248
15152.000,-79.124
15153.000,-79.124
15154.000,-79.124
15155.000,-79.124
15156.000,-79.124
15157.000,-79.124
15158.000,-158.248
15159.000,-158.248
15160.000,-158.248
15161.000,-79.124
15162.000,-79.124
15163.000,-79.124
15164.000,-79.124
15165.000,-79.124
15166.000,-158.248
15167.000,-158.248
15168.000,-158.248
15169.000,-79.124
15170.000,-79.124
15171.000,-79.124
15172.000,-79.124
15173.000,-79.124
15174.000,-79.124
15175.000,-158.248
15176.000,-158.248
15177.000,-158.248
15178.000,-79.124
15179.000,-79.124
15180.000,-79.124
15181.000,-79.124
15182.000,-79.124
15183.000,-79.124
15184.000,-158.248
15185.000,-158.248
15186.000,-158.248
15187.000,-79.124
15188.000,-79.124
15189.000,-79.124
15190.000,-79.124
15191.000,-79.124
15192.000,-158.248
15193.000,-158.248
15194.000,-79.124
15195.000,-79.124
15196.000,-79.124
15197.000,-79.124
15198.000,-79.124
15199.000,-79.124
15200.000,-79.124
15201.000,-158.248
15202.000,-79.124
15203.000,-79.124
15204.000,-79.124
15205.000,-79.124
15206.000,-79.124
15207.000,-79.124
15208.000,-79.124
15209.000,-158.248
15210.000,-79.124
15211.000,-79.124
15212.000,-79.124
15213.000,-79.124
15214.000,-79.124
15215.000,-79.124
15216.000,-158.248
15217.000,-158.248
15218.000,-158.248
15219.000,-79.124
15220.000,-79.124
15221.000,-79.124
15222.000,-79.124
15223.000,-79.124
15224.000,-79.124
15225.000,-158.248
15226.000,-158.248
15227.000,-158.248
15228.000,-79.124
15229.000,-79.124
15230.000,-79.124
15231.000,-79.124
15232.000,-79.124
15233.000,-158.248
15234.000,-158.248
15235.000,-158.248
15236.000,-79.124
15237.000,-79.124
15238.000,-79.124
15239.000,-79.124
15240.000,-79.124
15241.000,-79.124
15242.000,-158.248
15243.000,-158.248
15244.000,-79.124
15245.000,-79.124
15246.000,-79.124
15247.000,-79.124
15248.000,-79.124
15249.000,-79.124
15250.000,-79.124
15251.000,-158.248
15252.000,-79.124
15253.000,-79.124
15254.000,-79.124
15255.000,-79.124
15256.000,-79.124
15257.000,-79.124
15258.000,-79.124
15259.000,-158.248
15260.000,-79.124
15261.000,-79.124
15262.000,-79.124
15263.000,-79.124
15264.000,-79.124
15265.000,-79.124
15266.000,-158.248
15267.000,-158.248
15268.000,-158.248
15269.000,-79.124
15270.000,-79.124
15271.000,-79.124
15272.000,-79.124
15273.000,-79.124
15274.000,-158.248
15275.000,-158.248
15276.000,-158.248
15277.000,-158.248
15278.000,-79.124
15279.000,-79.124
15280.000,-79.124
15281.000,-79.124
15282.000,-79.124
15283.000,-158.248
15284.000,-158.248
15285.000,-158.248
15286.000,-79.124
15287.000,-79.124
15288.000,-79.124
15289.000,-79.124
15290.000,-79.124
15291.000,-79.124
15292.000,-158.248
15293.000,-158.248
15294.000,-158.248
15295.000,-79.124
15296.000,-79.124
15297.000,-79.124
15298.000,-79.124
15299.000,-79.124
15300.000,-158.248
15301.000,-158.248
15302.000,-158.248
15303.000,-79.124
15304.000,-79.124
15305.000,-79.124
15306.000,-79.124
15307.000,-79.124
15308.000,-79.124
15309.000,-158.248
15310.000,-158.248
15311.000,-79.124
15312.000,-79.124
15313.000,-79.124
15314.000,-79.124
15315.000,-79.124
15316.000,-79.124
15317.000,-158.248
15318.000,-158.248
15319.000,-158.248
15320.000,-79.124
15321.000,-79.124
15322.000,-79.124
15323.000,-79.124
15324.000,-79.124
15325.000,-158.248
15326.000,-158.248
15327.000,-79.124
15328.000,-79.124
15329.000,-79.124
15330.000,-79.124
15331.000,-79.124
15332.000,-79.124
15333.000,-79.124
15334.000,-158.248
15335.000,-158.248
15336.000,-79.124
15337.000,-79.124
15338.000,-79.124
15339.000,-79.124
15340.000,-79.124
15341.000,-79.124
15342.000,-158.248
15343.000,-158.248
15344.000,-79.124
15345.000,-79.124
15346.000,-79.124
15347.000,-79.124
15348.000,-79.124
15349.000,-79.124
15350.000,-158.248
15351.000,-158.248
15352.000,-158.248
15353.000,-79.124
15354.000,-79.124
15355.000,-79.124
15356.000,-79.124
15357.000,-79.124
15358.000,-158.248
15359.000,-158.248
15360.000,-158.248
15361.000,-79.124
15362.000,-79.124
15363.000,-79.124
15364.000,-79.124
15365.000,-79.124
15366.000,-79.124
15367.000,-158.248
15368.000,-158.248
15369.000,-158.248
15370.000,-79.124
15371.000,-79.124
15372.000,-79.124
15373.000,-79.124
15374.000,-79.124
15375.000,-79.124
15376.000,-158.248
15377.000,-158.248
15378.000,-158.248
15379.000,-79.124
15380.000,-79.124
15381.000,-79.124
15382.000,-79.124
15383.000,-79.124
15384.000,-158.248
15385.000,-158.248
15386.000,-79.124
15387.000,-79.124
15388.000,-79.124
15389.000,-79.124
15390.000,-79.124
15391.000,-79.124
15392.000,-79.124
15393.000,-158.248
15394.000,-79.124
15395.000,-79.124
15396.000,-79.124
15397.000,-79.124
15398.000,-79.124
15399.000,-79.124
15400.000,-158.248
15401.000,-158.248
15402.000,-79.124
15403.000,-79.124
15404.000,-79.124
15405.000,-79.124
15406.000,-79.124
15407.000,-79.124
15408.000,-158.248
15409.000,-158.248
15410.000,-158.248
15411.000,-79.124
15412.000,-79.124
15413.000,-79.124
15414.000,-79.124
15415.000,-79.124
15416.000,-158.248
15417.000,-158.248
15418.000,-158.248
15419.000,-79.124
15420.000,-79.124
15421.000,-79.124
15422.000,-79.124
15423.000,-79.124
15424.000,-79.124
15425.000,-158.248
15426.000,-158.248
15427.000,-158.248
15428.000,-79.124
15429.000,-79.124
15430.000,-79.124
15431.000,-79.124
15432.000,-79.124
15433.000,-158.248
15434.000,-158.248
15435.000,-158.248
15436.000,-158.248
15437.000,-79.124
15438.000,-79.124
15439.000,-79.124
15440.000,-79.124
15441.000,-79.124
15442.000,-158.248
15443.000,-158.248
15444.000,-158.248
15445.000,-79.124
15446.000,-79.124
15447.000,-79.124
15448.000,-79.124
15449.000,-79.124
15450.000,-79.124
15451.000,-158.248
15452.000,-158.248
15453.000,-158.248
15454.000,-79.124
15455.000,-79.124
15456.000,-79.124
15457.000,-79.124
15458.000,-79.124
15459.000,-158.248
15460.000,-158.248
15461.000,-79.124
15462.000,-79.124
15463.000,-79.124
15464.000,-79.124
15465.000,-79.124
15466.000,-79.124
15467.000,-158.248
15468.000,-158.248
15469.000,-79.124
15470.000,-79.124
15471.000,-79.124
15472.000,-79.124
15473.000,-79.124
15474.000,-79.124
15475.000,-158.248
15476.000,-158.248
15477.000,-158.248
15478.000,-79.124
15479.000,-79.124
15480.000,-79.124
15481.000,-79.124
15482.000,-79.124
15483.000,-158.248
15484.000,-158.248
15485.000,-158.248
15486.000,-79.124
15487.000,-79.124
15488.000,-79.124
15489.000,-79.124
15490.000,-79.124
15491.000,-79.124
15492.000,-158.248
15493.000,-158.248
15494.000,-158.248
15495.000,-79.124
15496.000,-79.124
15497.000,-79.124
15498.000,-79.124
15499.000,-79.124
15500.000,-158.248
15501.000,-158.248
15502.000,-158.248
15503.000,-79.124
15504.000,-79.124
15505.000,-79.124
15506.000,-79.124
15507.000,-79.124
15508.000,-79.124
15509.000,-158.248
15510.000,-158.248
15511.000,-79.124
15512.000,-79.124
15513.000,-79.124
15514.000,-79.124
15515.000,-79.124
15516.000,-79.124
15517.000,-158.248
15518.000,-158.248
15519.000,-79.124
15520.000,-79.124
15521.000,-79.124
15522.000,-79.124
15523.000,-79.124
15524.000,-79.124
15525.000,-158.248
15526.000,-158.248
15527.000,-158.248
15528.000,-79.124
15529.000,-79.124
15530.000,-79.124
15531.000,-79.124
15532.000,-79.124
15533.000,-158.248
15534.000,-158.248
15535.000,-158.248
15536.000,-79.124
15537.000,-79.124
15538.000,-79.124
15539.000,-79.124
15540.000,-79.124
15541.000,-158.248
15542.000,-158.248
15543.000,-158.248
15544.000,-158.248
15545.000,-79.124
15546.000,-79.124
15547.000,-79.124
15548.000,-79.124
15549.000,-79.124
15550.000,-158.248
15551.000,-158.248
15552.000,-158.248
15553.000,-79.124
15554.000,-79.124
15555.000,-79.124
15556.000,-79.124
15557.000,-79.124
15558.000,-158.248
15559.000,-158.248
15560.000,-158.248
15561.000,-79.124
15562.000,-79.124
15563.000,-79.124
15564.000,-79.124
15565.000,-79.124
15566.000,-79.124
15567.000,-158.248
15568.000,-158.248
15569.000,-158.248
15570.000,-79.124
15571.000,-79.124
15572.000,-79.124
15573.000,-79.124
15574.000,-79.124
15575.000,-158.248
15576.000,-158.248
15577.000,-158.248
15578.000,-79.124
15579.000,-79.124
15580.000,-79.124
15581.000,-79.124
15582.000,-79.124
15583.000,-158.248
15584.000,-158.248
15585.000,-158.248
15586.000,-158.248
15587.000,-79.124
15588.000,-79.124
15589.000,-79.124
15590.000,-79.124
15591.000,-79.124
15592.000,-158.248
15593.000,-158.248
15594.000,-158.248
15595.000,-79.124
15596.000,-79.124
15597.000,-79.124
15598.000,-79.124
15599.000,-79.124
15600.000,-158.248
15601.000,-158.248
15602.000,-158.248
15603.000,-79.124
15604.000,-79.124
15605.000,-79.124
15606.000,-79.124
15607.000,-79.124
15608.000,-79.124
15609.000,-158.248
15610.000,-158.248
15611.000,-79.124
15612.000,-79.124
15613.000,-79.124
15614.000,-79.124
15615.000,-79.124
15616.000,-79.124
15617.000,-158.248
15618.000,-158.248
15619.000,-79.124
15620.000,-79.124
15621.000,-79.124
15622.000,-79.124
15623.000,-79.124
15624.000,-158.248
15625.000,-158.248
15626.000,-158.248
15627.000,-79.124
15628.000,-79.124
15629.000,-79.124
15630.000,-79.124
15631.000,-79.124
15632.000,-79.124
15633.000,-158.248
15634.000,-158.248
15635.000,-158.248
15636.000,-79.124
15637.000,-79.124
15638.000,-79.124
15639.000,-79.124
15640.000,-79.124
15641.000,-158.248
15642.000,-158.248
15643.000,-158.248
15644.000,-79.124
15645.000,-79.124
15646.000,-79.124
15647.000,-79.124
15648.000,-79.124
15649.000,-79.124
15650.000,-158.248
15651.000,-158.248
15652.000,-158.248
15653.000,-79.124
15654.000,-79.124
15655.000,-79.124
15656.000,-79.124
15657.000,-79.124
15658.000,-158.248
15659.000,-158.248
15660.000,-158.248
15661.000,-79.124
15662.000,-79.124
15663.000,-79.124
15664.000,-79.124
15665.000,-79.124
15666.000,-79.124
15667.000,-158.248
15668.000,-158.248
15669.000,-158.248
15670.000,-79.124
15671.000,-79.124
15672.000,-79.124
15673.000,-79.124
15674.000,-79.124
15675.000,-158.248
15676.000,-158.248
15677.000,-158.248
15678.000,-79.124
15679.000,-79.124
15680.000,-79.124
15681.000,-79.124
15682.000,-79.124
15683.000,-79.124
15684.000,-158.248
15685.000,-158.248
15686.000,-79.124
15687.000,-79.124
15688.000,-79.124
15689.000,-79.124
15690.000,-79.124
15691.000,-79.124
15692.000,-158.248
15693.000,-158.248
15694.000,-79.124
15695.000,-79.124
15696.000,-79.124
15697.000,-79.124
15698.000,-79.124
15699.000,-79.124
15700.000,-158.248
15701.000,-158.248
15702.000,-158.248
15703.000,-79.124
15704.000,-79.124
15705.000,-79.124
15706.000,-79.124
15707.000,-79.124
15708.000,-158.248
15709.000,-158.248
15710.000,-158.248
15711.000,-79.124
15712.000,-79.124
15713.000,-79.124
15714.000,-79.124
15715.000,-79.124
15716.000,-79.124
15717.000,-158.248
15718.000,-158.248
15719.000,-158.248
15720.000,-79.124
15721.000,-79.124
15722.000,-79.124
15723.000,-79.124
15724.000,-79.124
15725.000,-158.248
15726.000,-158.248
15727.000,-158.248
15728.000,-79.124
15729.000,-79.124
15730.000,-79.124
15731.000,-79.124
15732.000,-79.124
15733.000,-79.124
15734.000,-158.248
15735.000,-158.248
15736.000,-79.124
15737.000,-79.124
15738.000,-79.124
15739.000,-79.124
15740.000,-79.124
15741.000,-79.124
15742.000,-158.248
15743.000,-158.248
15744.000,-79.124
15745.000,-79.124
15746.000,-79.124
15747.000,-79.124
15748.000,-79.124
15749.000,-79.124
15750.000,-158.248
15751.000,-158.248
15752.000,-79.124
15753.000,-79.124
15754.000,-79.124
15755.000,-79.124
15756.000,-79.124
15757.000,-79.124
15758.000,-158.248
15759.000,-158.248
15760.000,-158.248
15761.000,-79.124
15762.000,-79.124
15763.000,-79.124
15764.000,-79.124
15765.000,-79.124
15766.000,-158.248
15767.000,-158.248
15768.000,-158.248
15769.000,-79.124
15770.000,-79.124
15771.000,-79.124
15772.000,-79.124
15773.000,-79.124
15774.000,-79.124
15775.000,-158.248
15776.000,-158.248
15777.000,-158.248
15778.000,-79.124
15779.000,-79.124
15780.000,-79.124
15781.000,-79.124
15782.000,-79.124
15783.000,-158.248
15784.000,-158.248
15785.000,-158.248
15786.000,-79.124
15787.000,-79.124
15788.000,-79.124
15789.000,-79.124
15790.000,-79.124
15791.000,-79.124
15792.000,-158.248
15793.000,-158.248
15794.000,-158.248
15795.000,-79.124
15796.000,-79.124
15797.000,-79.124
15798.000,-79.124
15799.000,-79.124
15800.000,-158.248
15801.000,-158.248
15802.000,-158.248
15803.000,-79.124
15804.000,-79.124
15805.000,-79.124
15806.000,-79.124
15807.000,-79.124
15808.000,-158.248
15809.000,-158.248
15810.000,-158.248
15811.000,-79.124
15812.000,-79.124
15813.000,-79.124
15814.000,-79.124
15815.000,-79.124
15816.000,-158.248
15817.000,-158.248
15818.000,-158.248
15819.000,-79.124
15820.000,-79.124
15821.000,-79.124
15822.000,-79.124
15823.000,-79.124
15824.000,-158.248
15825.000,-158.248
15826.000,-158.248
15827.000,-158.248
15828.000,-79.124
15829.000,-79.124
15830.000,-79.124
15831.000,-79.124
15832.000,-79.124
15833.000,-158.248
15834.000,-158.248
15835.000,-158.248
15836.000,-79.124
15837.000,-79.124
15838.000,-79.124
15839.000,-79.124
15840.000,-79.124
15841.000,-158.248
15842.000,-158.248
15843.000,-158.248
15844.000,-158.248
15845.000,-79.124
15846.000,-79.124
15847.000,-79.124
15848.000,-79.124
15849.000,-79.124
15850.000,-158.248
15851.000,-158.248
15852.000,-158.248
15853.000,-79.124
15854.000,-79.124
15855.000,-79.124
15856.000,-79.124
15857.000,-79.124
15858.000,-79.124
15859.000,-158.248
15860.000,-158.248
15861.000,-158.248
15862.000,-79.124
15863.000,-79.124
15864.000,-79.124
15865.000,-79.124
15866.000,-79.124
15867.000,-158.248
15868.000,-158.248
15869.000,-79.124
15870.000,-79.124
15871.000,-79.124
15872.000,-79.124
15873.000,-79.124
15874.000,-79.124
15875.000,-79.124
15876.000,-79.124
15877.000,-79.124
15878.000,-79.124
15879.000,-79.124
15880.000,-79.124
15881.000,-79.124
15882.000,-79.124
15883.000,-158.248
15884.000,-158.248
15885.000,-79.124
15886.000,-79.124
15887.000,-79.124
15888.000,-79.124
15889.000,-79.124
15890.000,-79.124
15891.000,-158.248
15892.000,-158.248
15893.000,-158.248
15894.000,-79.124
15895.000,-79.124
15896.000,-79.124
15897.000,-79.124
15898.000,-79.124
15899.000,-158.248
15900.000,-158.248
15901.000,-158.248
15902.000,-79.124
15903.000,-79.124
15904.000,-79.124
15905.000,-79.124
15906.000,-79.124
15907.000,-79.124
15908.000,-158.248
15909.000,-158.248
15910.000,-158.248
15911.000,-79.124
15912.000,-79.124
15913.000,-79.124
15914.000,-79.124
15915.000,-79.124
15916.000,-158.248
15917.000,-158.248
15918.000,-158.248
15919.000,-79.124
15920.000,-79.124
15921.000,-79.124
15922.000,-79.124
15923.000,-79.124
15924.000,-79.124
15925.000,-158.248
15926.000,-158.248
15927.000,-158.248
15928.000,-79.124
15929.000,-79.124
15930.000,-79.124
15931.000,-79.124
15932.000,-79.124
15933.000,-158.248
15934.000,-158.248
15935.000,-158.248
15936.000,-79.124
15937.000,-79.124
15938.000,-79.124
15939.000,-79.124
15940.000,-79.124
15941.000,-158.248
15942.000,-158.248
15943.000,-158.248
15944.000,-158.248
15945.000,-79.124
15946.000,-79.124
15947.000,-79.124
15948.000,-79.124
15949.000,-79.124
15950.000,-158.248
15951.000,-158.248
15952.000,-158.248
15953.000,-79.124
15954.000,-79.124
15955.000,-79.124
15956.000,-79.124
15957.000,-79.124
15958.000,-79.124
15959.000,-158.248
15960.000,-158.248
15961.000,-79.124
15962.000,-79.124
15963.000,-79.124
15964.000,-79.124
15965.000,-79.124
15966.000,-79.124
15967.000,-158.248
15968.000,-158.248
15969.000,-79.124
15970.000,-79.124
15971.000,-79.124
15972.000,-79.124
15973.000,-79.124
15974.000,-79.124
15975.000,-158.248
15976.000,-158.248
15977.000,-79.124
15978.000,-79.124
15979.000,-79.124
15980.000,-79.124
15981.000,-79.124
15982.000,-79.124
15983.000,-158.248
15984.000,-158.248
15985.000,-79.124
15986.000,-79.124
15987.000,-79.124
15988.000,-79.124
15989.000,-79.124
15990.000,-79.124
15991.000,-158.248
15992.000,-158.248
15993.000,-158.248
15994.000,-79.124
15995.000,-79.124
15996.000,-79.124
15997.000,-79.124
15998.000,-79.124
15999.000,-158.248
16000.000,-158.248
16001.000,-158.248
16002.000,-79.124
16003.000,-79.124
16004.000,-79.124
16005.000,-79.124
16006.000,-79.124
16007.000,-79.124
16008.000,-158.248
16009.000,-158.248
16010.000,-158.248
16011.000,-79.124
16012.000,-79.124
16013.000,-79.124
16014.000,-79.124
16015.000,-79.124
16016.000,-158.248
16017.000,-158.248
16018.000,-158.248
16019.000,-79.124
16020.000,-79.124
16021.000,-79.124
16022.000,-79.124
16023.000,-79.124
16024.000,-79.124
16025.000,-158.248
16026.000,-158.248
16027.000,-79.124
16028.000,-79.124
16029.000,-79.124
16030.000,-79.124
16031.000,-79.124
16032.000,-79.124
16033.000,-158.248
16034.000,-158.248
16035.000,-158.248
16036.000,-79.124
16037.000,-79.124
16038.000,-79.124
16039.000,-79.124
16040.000,-79.124
16041.000,-158.248
16042.000,-158.248
16043.000,-158.248
16044.000,-79.124
16045.000,-79.124
16046.000,-79.124
16047.000,-79.124
16048.000,-79.124
16049.000,-158.248
16050.000,-158.248
16051.000,-158.248
16052.000,-79.124
16053.000,-79.124
16054.000,-79.124
16055.000,-79.124
16056.000,-79.124
16057.000,-79.124
16058.000,-158.248
16059.000,-158.248
16060.000,-158.248
16061.000,-79.124
16062.000,-79.124
16063.000,-79.124
16064.000,-79.124
16065.000,-79.124
16066.000,-158.248
16067.000,-158.248
16068.000,-158.248
16069.000,-79.124
16070.000,-79.124
16071.000,-79.124
16072.000,-79.124
16073.000,-79.124
16074.000,-79.124
16075.000,-158.248
16076.000,-158.248
16077.000,-158.248
16078.000,-79.124
16079.000,-79.124
16080.000,-79.124
16081.000,-79.124
16082.000,-79.124
16083.000,-158.248
16084.000,-158.248
16085.000,-158.248
16086.000,-79.124
16087.000,-79.124
16088.000,-79.124
16089.000,-79.124
16090.000,-79.124
16091.000,-79.124
16092.000,-158.248
16093.000,-158.248
16094.000,-79.124
16095.000,-79.124
16096.000,-79.124
16097.000,-79.124
16098.000,-79.124
16099.000,-79.124
16100.000,-158.248
16101.000,-158.248
16102.000,-79.124
16103.000,-79.124
16104.000,-79.124
16105.000,-79.124
16106.000,-79.124
16107.000,-79.124
16108.000,-158.248
16109.000,-158.248
16110.000,-79.124
16111.000,-79.124
16112.000,-79.124
16113.000,-79.124
16114.000,-79.124
16115.000,-79.124
16116.000,-158.248
16117.000,-158.248
16118.000,-79.124
16119.000,-79.124
16120.000,-79.124
16121.000,-79.124
16122.000,-79.124
16123.000,-79.124
16124.000,-158.248
16125.000,-158.248
16126.000,-158.248
16127.000,-79.124
16128.000,-79.124
16129.000,-79.124
16130.000,-79.124
16131.000,-79.124
16132.000,-79.124
16133.000,-158.248
16134.000,-158.248
16135.000,-158.248
16136.000,-79.124
16137.000,-79.124
16138.000,-79.124
16139.000,-79.124
16140.000,-79.124
16141.000,-158.248
16142.000,-158.248
16143.000,-158.248
16144.000,-79.124
16145.000,-79.124
16146.000,-79.124
16147.000,-79.124
16148.000,-79.124
16149.000,-79.124
16150.000,-158.248
16151.000,-158.248
16152.000,-158.248
16153.000,-79.124
16154.000,-79.124
16155.000,-79.124
16156.000,-79.124
16157.000,-79.124
16158.000,-79.124
16159.000,-158.248
16160.000,-79.124
16161.000,-79.124
16162.000,-79.124
16163.000,-79.124
16164.000,-79.124
16165.000,-79.124
16166.000,-79.124
16167.000,-158.248
16168.000,-79.124
16169.000,-79.124
16170.000,-79.124
16171.000,-79.124
16172.000,-79.124
16173.000,-79.124
16174.000,-79.124
16175.000,-158.248
16176.000,-158.248
16177.000,-79.124
16178.000,-79.124
16179.000,-79.124
16180.000,-79.124
16181.000,-79.124
16182.000,-158.248
16183.000,-158.248
16184.000,-158.248
16185.000,-79.124
16186.000,-79.124
16187.000,-79.124
16188.000,-79.124
16189.000,-79.124
16190.000,-79.124
16191.000,-158.248
16192.000,-158.248
16193.000,-158.248
16194.000,-79.124
16195.000,-79.124
16196.000,-79.124
16197.000,-79.124
16198.000,-79.124
16199.000,-158.248
16200.000,-158.248
16201.000,-158.248
16202.000,-158.248
16203.000,-79.124
16204.000,-79.124
16205.000,-79.124
16206.000,-79.124
16207.000,-79.124
16208.000,-158.248
16209.000,-158.248
16210.000,-158.248
16211.000,-79.124
16212.000,-79.124
16213.000,-79.124
16214.000,-79.124
16215.000,-79.124
16216.000,-79.124
16217.000,-158.248
16218.000,-158.248
16219.000,-158.248
16220.000,-79.124
16221.000,-79.124
16222.000,-79.124
16223.000,-79.124
16224.000,-79.124
16225.000,-79.124
16226.000,-79.124
16227.000,-79.124
16228.000,-79.124
16229.000,-79.124
16230.000,-79.124
16231.000,-79.124
16232.000,-79.124
16233.000,-79.124
16234.000,-79.124
16235.000,-79.124
16236.000,-79.124
16237.000,-79.124
16238.000,-79.124
16239.000,-79.124
16240.000,-79.124
16241.000,-158.248
16242.000,-158.248
16243.000,-79.124
16244.000,-79.124
16245.000,-79.124
16246.000,-79.124
16247.000,-79.124
16248.000,-79.124
16249.000,-158.248
16250.000,-158.248
16251.000,-158.248
16252.000,-79.124
16253.000,-79.124
16254.000,-79.124
16255.000,-79.124
16256.000,-79.124
16257.000,-79.124
16258.000,-158.248
16259.000,-158.248
16260.000,-79.124
16261.000,-79.124
16262.000,-79.124
16263.000,-79.124
16264.000,-79.124
16265.000,-79.124
16266.000,-158.248
16267.000,-158.248
16268.000,-158.248
16269.000,-79.124
16270.000,-79.124
16271.000,-79.124
16272.000,-79.124
16273.000,-79.124
16274.000,-79.124
16275.000,-158.248
16276.000,-158.248
16277.000,-79.124
16278.000,-79.124
16279.000,-79.124
16280.000,-79.124
16281.000,-79.124
16282.000,-79.124
16283.000,-158.248
16284.000,-158.248
16285.000,-158.248
16286.000,-79.124
16287.000,-79.124
16288.000,-79.124
16289.000,-79.124
16290.000,-79.124
16291.000,-158.248
16292.000,-158.248
16293.000,-158.248
16294.000,-79.124
16295.000,-79.124
16296.000,-79.124
16297.000,-79.124
16298.000,-79.124
16299.000,-79.124
16300.000,-158.248
16301.000,-158.248
16302.000,-158.248
16303.000,-79.124
16304.000,-79.124
16305.000,-79.124
16306.000,-79.124
16307.000,-79.124
16308.000,-158.248
16309.000,-158.248
16310.000,-158.248
16311.000,-79.124
16312.000,-79.124
16313.000,-79.124
16314.000,-79.124
16315.000,-79.124
16316.000,-79.124
16317.000,-158.248
16318.000,-158.248
16319.000,-79.124
16320.000,-79.124
16321.000,-79.124
16322.000,-79.124
16323.000,-79.124
16324.000,-79.124
16325.000,-158.248
16326.000,-158.248
16327.000,-79.124
16328.000,-79.124
16329.000,-79.124
16330.000,-79.124
16331.000,-79.124
16332.000,-79.124
16333.000,-158.248
16334.000,-158.248
16335.000,-79.124
16336.000,-79.124
16337.000,-79.124
16338.000,-79.124
16339.000,-79.124
16340.000,-79.124
16341.000,-79.124
16342.000,-158.248
16343.000,-158.248
16344.000,-79.124
16345.000,-79.124
16346.000,-79.124
16347.000,-79.124
16348.000,-79.124
16349.000,-79.124
16350.000,-158.248
16351.000,-158.248
16352.000,-158.248
16353.000,-79.124
16354.000,-79.124
16355.000,-79.124
16356.000,-79.124
16357.000,-79.124
16358.000,-79.124
16359.000,-158.248
16360.000,-158.248
16361.000,-79.124
16362.000,-79.124
16363.000,-79.124
16364.000,-79.124
16365.000,-79.124
16366.000,-79.124
16367.000,-79.124
16368.000,-79.124
16369.000,-79.124
16370.000,-79.124
16371.000,-79.124
16372.000,-79.124
16373.000,-79.124
16374.000,-79.124
16375.000,-79.124
16376.000,-79.124
16377.000,-79.124
16378.000,-79.124
16379.000,-79.124
16380.000,-79.124
16381.000,-79.124
16382.000,-79.124
16383.000,-79.124
16384.000,-79.124
16385.000,-79.124
16386.000,-79.124
16387.000,-79.124
16388.000,-79.124
16389.000,-79.124
16390.000,-79.124
16391.000,-79.124
16392.000,-79.124
16393.000,-79.124
16394.000,-79.124
16395.000,-79.124
16396.000,-79.124
16397.000,-79.124
16398.000,-79.124
16399.000,-158.248
16400.000,-158.248
16401.000,-158.248
16402.000,-79.124
16403.000,-79.124
16404.000,-79.124
16405.000,-79.124
16406.000,-79.124
16407.000,-79.124
16408.000,-158.248
16409.000,-158.248
16410.000,-158.248
16411.000,-79.124
16412.000,-79.124
16413.000,-79.124
16414.000,-79.124
16415.000,-79.124
16416.000,-158.248
16417.000,-158.248
16418.000,-158.248
16419.000,-79.124
16420.000,-79.124
16421.000,-79.124
16422.000,-79.124
16423.000,-79.124
16424.000,-79.124
16425.000,-158.248
16426.000,-158.248
16427.000,-158.248
16428.000,-79.124
16429.000,-79.124
16430.000,-79.124
16431.000,-79.124
16432.000,-79.124
16433.000,-79.124
16434.000,-158.248
16435.000,-158.248
16436.000,-79.124
16437.000,-79.124
16438.000,-79.124
16439.000,-79.124
16440.000,-79.124
16441.000,-79.124
16442.000,-79.124
16443.000,-158.248
16444.000,-158.248
16445.000,-79.124
16446.000,-79.124
16447.000,-79.124
16448.000,-79.124
16449.000,-79.124
16450.000,-79.124
16451.000,-79.124
16452.000,-158.248
16453.000,-79.124
16454.000,-79.124
16455.000,-79.124
16456.000,-79.124
16457.000,-79.124
16458.000,-79.124
16459.000,-79.124
16460.000,-79.124
16461.000,-79.124
16462.000,-79.124
16463.000,-79.124
16464.000,-79.124
16465.000,-79.124
16466.000,-79.124
16467.000,-79.124
16468.000,-79.124
16469.000,-79.124
16470.000,-79.124
16471.000,-79.124
16472.000,-79.124
16473.000,-79.124
16474.000,-79.124
16475.000,-79.124
16476.000,-79.124
16477.000,-79.124
16478.000,-79.124
16479.000,-79.124
16480.000,-79.124
16481.000,-79.124
16482.000,-79.124
16483.000,-158.248
16484.000,-158.248
16485.000,-79.124
16486.000,-79.124
16487.000,-79.124
16488.000,-79.124
16489.000,-79.124
16490.000,-79.124
16491.000,-79.124
16492.000,-158.248
16493.000,-158.248
16494.000,-79.124
16495.000,-79.124
16496.000,-79.124
16497.000,-79.124
16498.000,-79.124
16499.000,-79.124
16500.000,-158.248
16501.000,-158.248
16502.000,-79.124
16503.000,-79.124
16504.000,-79.124
16505.000,-79.124
16506.000,-79.124
16507.000,-79.124
16508.000,-158.248
16509.000,-158.248
16510.000,-158.248
16511.000,-79.124
16512.000,-79.124
16513.000,-79.124
16514.000,-79.124
16515.000,-79.124
16516.000,-79.124
16517.000,-158.248
16518.000,-158.248
16519.000,-79.124
16520.000,-79.124
16521.000,-79.124
16522.000,-79.124
16523.000,-79.124
16524.000,-79.124
16525.000,-79.124
16526.000,-158.248
16527.000,-79.124
16528.000,-79.124
16529.000,-79.124
16530.000,-79.124
16531.000,-79.124
16532.000,-79.124
16533.000,-79.124
16534.000,-158.248
16535.000,-79.124
16536.000,-79.124
16537.000,-79.124
16538.000,-79.124
16539.000,-79.124
16540.000,-79.124
16541.000,-79.124
16542.000,-158.248
16543.000,-158.248
16544.000,-79.124
16545.000,-79.124
16546.000,-79.124
16547.000,-79.124
16548.000,-79.124
16549.000,-79.124
16550.000,-158.248
16551.000,-158.248
16552.000,-79.124
16553.000,-79.124
16554.000,-79.124
16555.000,-79.124
16556.000,-79.124
16557.000,-79.124
16558.000,-158.248
16559.000,-158.248
16560.000,-158.248
16561.000,-79.124
16562.000,-79.124
16563.000,-79.124
16564.000,-79.124
16565.000,-79.124
16566.000,-79.124
16567.000,-158.248
16568.000,-158.248
16569.000,-158.248
16570.000,-79.124
16571.000,-79.124
16572.000,-79.124
16573.000,-79.124
16574.000,-79.124
16575.000,-79.124
16576.000,-158.248
16577.000,-158.248
16578.000,-79.124
16579.000,-79.124
16580.000,-79.124
16581.000,-79.124
16582.000,-79.124
16583.000,-79.124
16584.000,-79.124
16585.000,-79.124
16586.000,-79.124
16587.000,-79.124
16588.000,-79.124
16589.000,-79.124
16590.000,-79.124
16591.000,-79.124
16592.000,-79.124
16593.000,-79.124
16594.000,-79.124
16595.000,-79.124
16596.000,-79.124
16597.000,-79.124
16598.000,-79.124
16599.000,-79.124
16600.000,-158.248
16601.000,-158.248
16602.000,-79.124
16603.000,-79.124
16604.000,-79.124
16605.000,-79.124
16606.000,-79.124
16607.000,-79.124
16608.000,-158.248
16609.000,-158.248
16610.000,-158.248
16611.000,-79.124
16612.000,-79.124
16613.000,-79.124
16614.000,-79.124
16615.000,-79.124
16616.000,-79.124
16617.000,-158.248
16618.000,-158.248
16619.000,-158.248
16620.000,-79.124
16621.000,-79.124
16622.000,-79.124
16623.000,-79.124
16624.000,-79.124
16625.000,-158.248
16626.000,-158.248
16627.000,-158.248
16628.000,-79.124
16629.000,-79.124
16630.000,-79.124
16631.000,-79.124
16632.000,-79.124
16633.000,-79.124
16634.000,-158.248
16635.000,-158.248
16636.000,-79.124
16637.000,-79.124
16638.000,-79.124
16639.000,-79.124
16640.000,-79.124
16641.000,-79.124
16642.000,-79.124
16643.000,-158.248
16644.000,-79.124
16645.000,-79.124
16646.000,-79.124
16647.000,-79.124
16648.000,-79.124
16649.000,-79.124
16650.000,-79.124
16651.000,-158.248
16652.000,-79.124
16653.000,-79.124
16654.000,-79.124
16655.000,-79.124
16656.000,-79.124
16657.000,-79.124
16658.000,-79.124
16659.000,-158.248
16660.000,-79.124
16661.000,-79.124
16662.000,-79.124
16663.000,-79.124
16664.000,-79.124
16665.000,-79.124
16666.000,-79.124
16667.000,-158.248
16668.000,-158.248
16669.000,-79.124
16670.000,-79.124
16671.000,-79.124
16672.000,-79.124
16673.000,-79.124
16674.000,-79.124
16675.000,-158.248
16676.000,-158.248
16677.000,-158.248
16678.000,-79.124
16679.000,-79.124
16680.000,-79.124
16681.000,-79.124
16682.000,-79.124
16683.000,-158.248
16684.000,-158.248
16685.000,-158.248
16686.000,-79.124
16687.000,-79.124
16688.000,-79.124
16689.000,-79.124
16690.000,-79.124
16691.000,-79.124
16692.000,-158.248
16693.000,-158.248
16694.000,-79.124
16695.000,-79.124
16696.000,-79.124
16697.000,-79.124
16698.000,-79.124
16699.000,-79.124
16700.000,-158.248
16701.000,-158.248
16702.000,-158.248
16703.000,-79.124
16704.000,-79.124
16705.000,-79.124
16706.000,-79.124
16707.000,-79.124
16708.000,-79.124
16709.000,-158.248
16710.000,-158.248
16711.000,-158.248
16712.000,-79.124
16713.000,-79.124
16714.000,-79.124
16715.000,-79.124
16716.000,-79.124
16717.000,-158.248
16718.000,-158.248
16719.000,-158.248
16720.000,-79.124
16721.000,-79.124
16722.000,-79.124
16723.000,-79.124
16724.000,-79.124
16725.000,-79.124
16726.000,-158.248
16727.000,-158.248
16728.000,-79.124
16729.000,-79.124
16730.000,-79.124
16731.000,-79.124
16732.000,-79.124
16733.000,-79.124
16734.000,-79.124
16735.000,-158.248
16736.000,-79.124
16737.000,-79.124
16738.000,-79.124
16739.000,-79.124
16740.000,-79.124
16741.000,-79.124
16742.000,-79.124
16743.000,-79.124
16744.000,-79.124
16745.000,-79.124
16746.000,-79.124
16747.000,-79.124
16748.000,-79.124
16749.000,-79.124
16750.000,-79.124
16751.000,-79.124
16752.000,-79.124
16753.000,-79.124
16754.000,-79.124
16755.000,-79.124
16756.000,-79.124
16757.000,-79.124
16758.000,-158.248
16759.000,-158.248
16760.000,-79.124
16761.000,-79.124
16762.000,-79.124
16763.000,-79.124
16764.000,-79.124
16765.000,-79.124
16766.000,-158.248
16767.000,-158.248
16768.000,-158.248
16769.000,-79.124
16770.000,-79.124
16771.000,-79.124
16772.000,-79.124
16773.000,-79.124
16774.000,-79.124
16775.000,-158.248
16776.000,-158.248
16777.000,-158.248
16778.000,-79.124
16779.000,-79.124
16780.000,-79.124
16781.000,-79.124
16782.000,-79.124
16783.000,-158.248
16784.000,-158.248
16785.000,-158.248
16786.000,-79.124
16787.000,-79.124
16788.000,-79.124
16789.000,-79.124
16790.000,-79.124
16791.000,-79.124
16792.000,-158.248
16793.000,-158.248
16794.000,-158.248
16795.000,-79.124
16796.000,-79.124
16797.000,-79.124
16798.000,-79.124
16799.000,-79.124
16800.000,-79.124
16801.000,-158.248
16802.000,-158.248
16803.000,-79.124
16804.000,-79.124
16805.000,-79.124
16806.000,-79.124
16807.000,-79.124
16808.000,-79.124
16809.000,-158.248
16810.000,-158.248
16811.000,-158.248
16812.000,-79.124
16813.000,-79.124
16814.000,-79.124
16815.000,-79.124
16816.000,-79.124
16817.000,-79.124
16818.000,-158.248
16819.000,-158.248
16820.000,-79.124
16821.000,-79.124
16822.000,-79.124
16823.000,-79.124
16824.000,-79.124
16825.000,-79.124
16826.000,-158.248
16827.000,-158.248
16828.000,-79.124
16829.000,-79.124
16830.000,-79.124
16831.000,-79.124
16832.000,-79.124
16833.000,-79.124
16834.000,-158.248
16835.000,-158.248
16836.000,-79.124
16837.000,-79.124
16838.000,-79.124
16839.000,-79.124
16840.000,-79.124
16841.000,-79.124
16842.000,-158.248
16843.000,-158.248
16844.000,-79.124
16845.000,-79.124
16846.000,-79.124
16847.000,-79.124
16848.000,-79.124
16849.000,-79.124
16850.000,-79.124
16851.000,-158.248
16852.000,-158.248
16853.000,-79.124
16854.000,-79.124
16855.000,-79.124
16856.000,-79.124
16857.000,-79.124
16858.000,-79.124
16859.000,-158.248
16860.000,-158.248
16861.000,-79.124
16862.000,-79.124
16863.000,-79.124
16864.000,-79.124
16865.000,-79.124
16866.000,-79.124
16867.000,-158.248
16868.000,-158.248
16869.000,-79.124
16870.000,-79.124
16871.000,-79.124
16872.000,-79.124
16873.000,-79.124
16874.000,-79.124
16875.000,-158.248
16876.000,-158.248
16877.000,-158.248
16878.000,-79.124
16879.000,-79.124
16880.000,-79.124
16881.000,-79.124
16882.000,-79.124
16883.000,-79.124
16884.000,-158.248
16885.000,-158.248
16886.000,-79.124
16887.000,-79.124
16888.000,-79.124
16889.000,-79.124
16890.000,-79.124
16891.000,-79.124
16892.000,-158.248
16893.000,-158.248
16894.000,-79.124
16895.000,-79.124
16896.000,-79.124
16897.000,-79.124
16898.000,-79.124
16899.000,-79.124
16900.000,-158.248
16901.000,-158.248
16902.000,-158.248
16903.000,-79.124
16904.000,-79.124
16905.000,-79.124
16906.000,-79.124
16907.000,-79.124
16908.000,-158.248
16909.000,-158.248
16910.000,-158.248
16911.000,-79.124
16912.000,-79.124
16913.000,-79.124
16914.000,-79.124
16915.000,-79.124
16916.000,-79.124
16917.000,-158.248
16918.000,-158.248
16919.000,-158.248
16920.000,-79.124
16921.000,-79.124
16922.000,-79.124
16923.000,-79.124
16924.000,-79.124
16925.000,-158.248
16926.000,-158.248
16927.000,-158.248
16928.000,-79.124
16929.000,-79.124
16930.000,-79.124
16931.000,-79.124
16932.000,-79.124
16933.000,-79.124
16934.000,-158.248
16935.000,-158.248
16936.000,-158.248
16937.000,-79.124
16938.000,-79.124
16939.000,-79.124
16940.000,-79.124
16941.000,-79.124
16942.000,-79.124
16943.000,-158.248
16944.000,-79.124
16945.000,-79.124
16946.000,-79.124
16947.000,-79.124
16948.000,-79.124
16949.000,-79.124
16950.000,-158.248
16951.000,-158.248
16952.000,-79.124
16953.000,-79.124
16954.000,-79.124
16955.000,-79.124
16956.000,-79.124
16957.000,-79.124
16958.000,-158.248
16959.000,-158.248
16960.000,-158.248
16961.000,-79.124
16962.000,-79.124
16963.000,-79.124
16964.000,-79.124
16965.000,-79.124
16966.000,-158.248
16967.000,-158.248
16968.000,-158.248
16969.000,-79.124
16970.000,-79.124
16971.000,-79.124
16972.000,-79.124
16973.000,-79.124
16974.000,-79.124
16975.000,-158.248
16976.000,-158.248
16977.000,-158.248
16978.000,-79.124
16979.000,-79.124
16980.000,-79.124
16981.000,-79.124
16982.000,-79.124
16983.000,-79.124
16984.000,-158.248
16985.000,-158.248
16986.000,-158.248
16987.000,-79.124
16988.000,-79.124
16989.000,-79.124
16990.000,-79.124
16991.000,-79.124
16992.000,-158.248
16993.000,-158.248
16994.000,-158.248
16995.000,-79.124
16996.000,-79.124
16997.000,-79.124
16998.000,-79.124
16999.000,-79.124
17000.000,-79.124
17001.000,-158.248
17002.000,-158.248
17003.000,-79.124
17004.000,-79.124
17005.000,-79.124
17006.000,-79.124
17007.000,-79.124
17008.000,-79.124
17009.000,-158.248
17010.000,-158.248
17011.000,-79.124
17012.000,-79.124
17013.000,-79.124
17014.000,-79.124
17015.000,-79.124
17016.000,-158.248
17017.000,-158.248
17018.000,-158.248
17019.000,-79.124
17020.000,-79.124
17021.000,-79.124
17022.000,-79.124
17023.000,-79.124
17024.000,-79.124
17025.000,-158.248
17026.000,-158.248
17027.000,-158.248
17028.000,-79.124
17029.000,-79.124
17030.000,-79.124
17031.000,-79.124
17032.000,-79.124
17033.000,-158.248
17034.000,-158.248
17035.000,-158.248
17036.000,-79.124
17037.000,-79.124
17038.000,-79.124
17039.000,-79.124
17040.000,-79.124
17041.000,-79.124
17042.000,-158.248
17043.000,-158.248
17044.000,-158.248
17045.000,-79.124
17046.000,-79.124
17047.000,-79.124
17048.000,-79.124
17049.000,-79.124
17050.000,-158.248
17051.000,-158.248
17052.000,-158.248
17053.000,-79.124
17054.000,-79.124
17055.000,-79.124
17056.000,-79.124
17057.000,-79.124
17058.000,-79.124
17059.000,-158.248
17060.000,-158.248
17061.000,-79.124
17062.000,-79.124
17063.000,-79.124
17064.000,-79.124
17065.000,-79.124
17066.000,-79.124
17067.000,-158.248
17068.000,-158.248
17069.000,-158.248
17070.000,-79.124
17071.000,-79.124
17072.000,-79.124
17073.000,-79.124
17074.000,-79.124
17075.000,-158.248
17076.000,-158.248
17077.000,-158.248
17078.000,-79.124
17079.000,-79.124
17080.000,-79.124
17081.000,-79.124
17082.000,-79.124
17083.000,-79.124
17084.000,-158.248
17085.000,-158.248
17086.000,-79.124
17087.000,-79.124
17088.000,-79.124
17089.000,-79.124
17090.000,-79.124
17091.000,-79.124
17092.000,-158.248
17093.000,-158.248
17094.000,-79.124
17095.000,-79.124
17096.000,-79.124
17097.000,-79.124
17098.000,-79.124
17099.000,-79.124
17100.000,-158.248
17101.000,-158.248
17102.000,-79.124
17103.000,-79.124
17104.000,-79.124
17105.000,-79.124
17106.000,-79.124
17107.000,-79.124
17108.000,-79.124
17109.000,-158.248
17110.000,-158.248
17111.000,-79.124
17112.000,-79.124
17113.000,-79.124
17114.000,-79.124
17115.000,-79.124
17116.000,-79.124
17117.000,-158.248
17118.000,-158.248
17119.000,-79.124
17120.000,-79.124
17121.000,-79.124
17122.000,-79.124
17123.000,-79.124
17124.000,-79.124
17125.000,-158.248
17126.000,-158.248
17127.000,-79.124
17128.000,-79.124
17129.000,-79.124
17130.000,-79.124
17131.000,-79.124
17132.000,-79.124
17133.000,-158.248
17134.000,-158.248
17135.000,-158.248
17136.000,-79.124
17137.000,-79.124
17138.000,-79.124
17139.000,-79.124
17140.000,-79.124
17141.000,-79.124
17142.000,-158.248
17143.000,-158.248
17144.000,-158.248
17145.000,-79.124
17146.000,-79.124
17147.000,-79.124
17148.000,-79.124
17149.000,-79.124
17150.000,-158.248
17151.000,-158.248
17152.000,-158.248
17153.000,-79.124
17154.000,-79.124
17155.000,-79.124
17156.000,-79.124
17157.000,-79.124
17158.000,-79.124
17159.000,-158.248
17160.000,-158.248
17161.000,-79.124
17162.000,-79.124
17163.000,-79.124
17164.000,-79.124
17165.000,-79.124
17166.000,-79.124
17167.000,-158.248
17168.000,-158.248
17169.000,-79.124
17170.000,-79.124
17171.000,-79.124
17172.000,-79.124
17173.000,-79.124
17174.000,-79.124
17175.000,-158.248
17176.000,-158.248
17177.000,-79.124
17178.000,-79.124
17179.000,-79.124
17180.000,-79.124
17181.000,-79.124
17182.000,-79.124
17183.000,-158.248
17184.000,-158.248
17185.000,-158.248
17186.000,-79.124
17187.000,-79.124
17188.000,-79.124
17189.000,-79.124
17190.000,-79.124
17191.000,-158.248
17192.000,-158.248
17193.000,-158.248
17194.000,-158.248
17195.000,-79.124
17196.000,-79.124
17197.000,-79.124
17198.000,-79.124
17199.000,-79.124
17200.000,-158.248
17201.000,-158.248
17202.000,-158.248
17203.000,-79.124
17204.000,-79.124
17205.000,-79.124
17206.000,-79.124
17207.000,-79.124
17208.000,-79.124
17209.000,-158.248
17210.000,-158.248
17211.000,-158.248
17212.000,-79.124
17213.000,-79.124
17214.000,-79.124
17215.000,-79.124
17216.000,-79.124
17217.000,-158.248
17218.000,-158.248
17219.000,-158.248
17220.000,-79.124
17221.000,-79.124
17222.000,-79.124
17223.000,-79.124
17224.000,-79.124
17225.000,-79.124
17226.000,-158.248
17227.000,-79.124
17228.000,-79.124
17229.000,-79.124
17230.000,-79.124
17231.000,-79.124
17232.000,-79.124
17233.000,-79.124
17234.000,-158.248
17235.000,-79.124
17236.000,-79.124
17237.000,-79.124
17238.000,-79.124
17239.000,-79.124
17240.000,-79.124
17241.000,-79.124
17242.000,-158.248
17243.000,-79.124
17244.000,-79.124
17245.000,-79.124
17246.000,-79.124
17247.000,-79.124
17248.000,-79.124
17249.000,-158.248
17250.000,-158.248
17251.000,-158.248
17252.000,-79.124
17253.000,-79.124
17254.000,-79.124
17255.000,-79.124
17256.000,-79.124
17257.000,-79.124
17258.000,-158.248
17259.000,-158.248
17260.000,-79.124
17261.000,-79.124
17262.000,-79.124
17263.000,-79.124
17264.000,-79.124
17265.000,-79.124
17266.000,-158.248
17267.000,-158.248
17268.000,-158.248
17269.000,-79.124
17270.000,-79.124
17271.000,-79.124
17272.000,-79.124
17273.000,-79.124
17274.000,-158.248
17275.000,-158.248
17276.000,-158.248
17277.000,-158.248
17278.000,-79.124
17279.000,-79.124
17280.000,-79.124
17281.000,-79.124
17282.000,-79.124
17283.000,-158.248
17284.000,-158.248
17285.000,-158.248
17286.000,-158.248
17287.000,-79.124
17288.000,-79.124
17289.000,-79.124
17290.000,-79.124
17291.000,-79.124
17292.000,-158.248
17293.000,-158.248
17294.000,-158.248
17295.000,-79.124
17296.000,-79.124
17297.000,-79.124
17298.000,-79.124
17299.000,-79.124
17300.000,-79.124
17301.000,-158.248
17302.000,-158.248
17303.000,-79.124
17304.000,-79.124
17305.000,-79.124
17306.000,-79.124
17307.000,-79.124
17308.000,-79.124
17309.000,-158.248
17310.000,-158.248
17311.000,-79.124
17312.000,-79.124
17313.000,-79.124
17314.000,-79.124
17315.000,-79.124
17316.000,-79.124
17317.000,-158.248
17318.000,-158.248
17319.000,-79.124
17320.000,-79.124
17321.000,-79.124
17322.000,-79.124
17323.000,-79.124
17324.000,-79.124
17325.000,-158.248
17326.000,-158.248
17327.000,-79.124
17328.000,-79.124
17329.000,-79.124
17330.000,-79.124
17331.000,-79.124
17332.000,-79.124
17333.000,-158.248
17334.000,-158.248
17335.000,-158.248
17336.000,-79.124
17337.000,-79.124
17338.000,-79.124
17339.000,-79.124
17340.000,-79.124
17341.000,-79.124
17342.000,-158.248
17343.000,-158.248
17344.000,-79.124
17345.000,-79.124
17346.000,-79.124
17347.000,-79.124
17348.000,-79.124
17349.000,-79.124
17350.000,-79.124
17351.000,-158.248
17352.000,-79.124
17353.000,-79.124
17354.000,-79.124
17355.000,-79.124
17356.000,-79.124
17357.000,-79.124
17358.000,-79.124
17359.000,-158.248
17360.000,-79.124
17361.000,-79.124
17362.000,-79.124
17363.000,-79.124
17364.000,-79.124
17365.000,-79.124
17366.000,-158.248
17367.000,-158.248
17368.000,-79.124
17369.000,-79.124
17370.000,-79.124
17371.000,-79.124
17372.000,-79.124
17373.000,-79.124
17374.000,-158.248
17375.000,-158.248
17376.000,-158.248
17377.000,-79.124
17378.000,-79.124
17379.000,-79.124
17380.000,-79.124
17381.000,-79.124
17382.000,-79.124
17383.000,-158.248
17384.000,-158.248
17385.000,-158.248
17386.000,-79.124
17387.000,-79.124
17388.000,-79.124
17389.000,-79.124
17390.000,-79.124
17391.000,-158.248
17392.000,-158.248
17393.000,-158.248
17394.000,-79.124
17395.000,-79.124
17396.000,-79.124
17397.000,-79.124
17398.000,-79.124
17399.000,-79.124
17400.000,-158.248
17401.000,-158.248
17402.000,-158.248
17403.000,-79.124
17404.000,-79.124
17405.000,-79.124
17406.000,-79.124
17407.000,-79.124
17408.000,-158.248
17409.000,-158.248
17410.000,-158.248
17411.000,-79.124
17412.000,-79.124
17413.000,-79.124
17414.000,-79.124
17415.000,-79.124
17416.000,-79.124
17417.000,-158.248
17418.000,-158.248
17419.000,-79.124
17420.000,-79.124
17421.000,-79.124
17422.000,-79.124
17423.000,-79.124
17424.000,-79.124
17425.000,-158.248
17426.000,-158.248
17427.000,-79.124
17428.000,-79.124
17429.000,-79.124
17430.000,-79.124
17431.000,-79.124
17432.000,-79.124
17433.000,-158.248
17434.000,-158.248
17435.000,-79.124
17436.000,-79.124
17437.000,-79.124
17438.000,-79.124
17439.000,-79.124
17440.000,-79.124
17441.000,-158.248
17442.000,-158.248
17443.000,-158.248
17444.000,-79.124
17445.000,-79.124
17446.000,-79.124
17447.000,-79.124
17448.000,-79.124
17449.000,-158.248
17450.000,-158.248
17451.000,-158.248
17452.000,-79.124
17453.000,-79.124
17454.000,-79.124
17455.000,-79.124
17456.000,-79.124
17457.000,-79.124
17458.000,-158.248
17459.000,-158.248
17460.000,-158.248
17461.000,-79.124
17462.000,-79.124
17463.000,-79.124
17464.000,-79.124
17465.000,-79.124
17466.000,-79.124
17467.000,-158.248
17468.000,-158.248
17469.000,-79.124
17470.000,-79.124
17471.000,-79.124
17472.000,-79.124
17473.000,-79.124
17474.000,-79.124
17475.000,-158.248
17476.000,-158.248
17477.000,-158.248
17478.000,-79.124
17479.000,-79.124
17480.000,-79.124
17481.000,-79.124
17482.000,-79.124
17483.000,-79.124
17484.000,-158.248
17485.000,-158.248
17486.000,-79.124
17487.000,-79.124
17488.000,-79.124
17489.000,-79.124
17490.000,-79.124
17491.000,-79.124
17492.000,-158.248
17493.000,-158.248
17494.000,-79.124
17495.000,-79.124
17496.000,-79.124
17497.000,-79.124
17498.000,-79.124
17499.000,-79.124
17500.000,-158.248
17501.000,-158.248
17502.000,-79.124
17503.000,-79.124
17504.000,-79.124
17505.000,-79.124
17506.000,-79.124
17507.000,-79.124
17508.000,-79.124
17509.000,-79.124
17510.000,-79.124
17511.000,-79.124
17512.000,-79.124
17513.000,-79.124
17514.000,-79.124
17515.000,-79.124
17516.000,-79.124
17517.000,-158.248
17518.000,-79.124
17519.000,-79.124
17520.000,-79.124
17521.000,-79.124
17522.000,-79.124
17523.000,-79.124
17524.000,-79.124
17525.000,-158.248
17526.000,-79.124
17527.000,-79.124
17528.000,-79.124
17529.000,-79.124
17530.000,-79.124
17531.000,-79.124
17532.000,-79.124
17533.000,-158.248
17534.000,-158.248
17535.000,-79.124
17536.000,-79.124
17537.000,-79.124
17538.000,-79.124
17539.000,-79.124
17540.000,-79.124
17541.000,-158.248
17542.000,-158.248
17543.000,-158.248
17544.000,-79.124
17545.000,-79.124
17546.000,-79.124
17547.000,-79.124
17548.000,-79.124
17549.000,-79.124
17550.000,-158.248
17551.000,-158.248
17552.000,-158.248
17553.000,-79.124
17554.000,-79.124
17555.000,-79.124
17556.000,-79.124
17557.000,-79.124
17558.000,-158.248
17559.000,-158.248
17560.000,-158.248
17561.000,-79.124
17562.000,-79.124
17563.000,-79.124
17564.000,-79.124
17565.000,-79.124
17566.000,-79.124
17567.000,-158.248
17568.000,-158.248
17569.000,-158.248
17570.000,-79.124
17571.000,-79.124
17572.000,-79.124
17573.000,-79.124
17574.000,-79.124
17575.000,-79.124
17576.000,-158.248
17577.000,-158.248
17578.000,-79.124
17579.000,-79.124
17580.000,-79.124
17581.000,-79.124
17582.000,-79.124
17583.000,-79.124
17584.000,-79.124
17585.000,-79.124
17586.000,-79.124
17587.000,-79.124
17588.000,-79.124
17589.000,-79.124
17590.000,-79.124
17591.000,-79.124
17592.000,-79.124
17593.000,-79.124
17594.000,-79.124
17595.000,-79.124
17596.000,-79.124
17597.000,-79.124
17598.000,-79.124
17599.000,-79.124
17600.000,-79.124
17601.000,-79.124
17602.000,-79.124
17603.000,-79.124
17604.000,-79.124
17605.000,-79.124
17606.000,-79.124
17607.000,-79.124
17608.000,-79.124
17609.000,-79.124
17610.000,-79.124
17611.000,-79.124
17612.000,-79.124
17613.000,-79.124
17614.000,-79.124
17615.000,-79.124
17616.000,-158.248
17617.000,-158.248
17618.000,-79.124
17619.000,-79.124
17620.000,-79.124
17621.000,-79.124
17622.000,-79.124
17623.000,-79.124
17624.000,-79.124
17625.000,-158.248
17626.000,-158.248
17627.000,-79.124
17628.000,-79.124
17629.000,-79.124
17630.000,-79.124
17631.000,-79.124
17632.000,-79.124
17633.000,-158.248
17634.000,-158.248
17635.000,-158.248
17636.000,-79.124
17637.000,-79.124
17638.000,-79.124
17639.000,-79.124
17640.000,-79.124
17641.000,-79.124
17642.000,-158.248
17643.000,-158.248
17644.000,-79.124
17645.000,-79.124
17646.000,-79.124
17647.000,-79.124
17648.000,-79.124
17649.000,-79.124
17650.000,-158.248
17651.000,-158.248
17652.000,-158.248
17653.000,-79.124
17654.000,-79.124
17655.000,-79.124
17656.000,-79.124
17657.000,-79.124
17658.000,-79.124
17659.000,-158.248
17660.000,-79.124
17661.000,-79.124
17662.000,-79.124
17663.000,-79.124
17664.000,-79.124
17665.000,-79.124
17666.000,-79.124
17667.000,-158.248
17668.000,-79.124
17669.000,-79.124
17670.000,-79.124
17671.000,-79.124
17672.000,-79.124
17673.000,-79.124
17674.000,-79.124
17675.000,-158.248
17676.000,-158.248
17677.000,-79.124
17678.000,-79.124
17679.000,-79.124
17680.000,-79.124
17681.000,-79.124
17682.000,-79.124
17683.000,-158.248
17684.000,-158.248
17685.000,-158.248
17686.000,-79.124
17687.000,-79.124
17688.000,-79.124
17689.000,-79.124
17690.000,-79.124
17691.000,-79.124
17692.000,-158.248
17693.000,-158.248
17694.000,-158.248
17695.000,-79.124
17696.000,-79.124
17697.000,-79.124
17698.000,-79.124
17699.000,-79.124
17700.000,-79.124
17701.000,-158.248
17702.000,-158.248
17703.000,-79.124
17704.000,-79.124
17705.000,-79.124
17706.000,-79.124
17707.000,-79.124
17708.000,-79.124
17709.000,-158.248
17710.000,-158.248
17711.000,-158.248
17712.000,-79.124
17713.000,-79.124
17714.000,-79.124
17715.000,-79.124
17716.000,-79.124
17717.000,-79.124
17718.000,-79.124
17719.000,-79.124
17720.000,-79.124
17721.000,-79.124
17722.000,-79.124
17723.000,-79.124
17724.000,-79.124
17725.000,-79.124
17726.000,-79.124
17727.000,-79.124
17728.000,-79.124
17729.000,-79.124
17730.000,-79.124
17731.000,-79.124
17732.000,-79.124
17733.000,-79.124
17734.000,-79.124
17735.000,-79.124
17736.000,-79.124
17737.000,-79.124
17738.000,-79.124
17739.000,-79.124
17740.000,-79.124
17741.000,-79.124
17742.000,-158.248
17743.000,-79.124
17744.000,-79.124
17745.000,-79.124
17746.000,-79.124
17747.000,-79.124
17748.000,-79.124
17749.000,-79.124
17750.000,-158.248
17751.000,-158.248
17752.000,-79.124
17753.000,-79.124
17754.000,-79.124
17755.000,-79.124
17756.000,-79.124
17757.000,-79.124
17758.000,-158.248
17759.000,-158.248
17760.000,-158.248
17761.000,-79.124
17762.000,-79.124
17763.000,-79.124
17764.000,-79.124
17765.000,-79.124
17766.000,-79.124
17767.000,-158.248
17768.000,-158.248
17769.000,-158.248
17770.000,-79.124
17771.000,-79.124
17772.000,-79.124
17773.000,-79.124
17774.000,-79.124
17775.000,-79.124
17776.000,-158.248
17777.000,-158.248
17778.000,-79.124
17779.000,-79.124
17780.000,-79.124
17781.000,-79.124
17782.000,-79.124
17783.000,-79.124
17784.000,-79.124
17785.000,-158.248
17786.000,-79.124
17787.000,-79.124
17788.000,-79.124
17789.000,-79.124
17790.000,-79.124
17791.000,-79.124
17792.000,-79.124
17793.000,-158.248
17794.000,-79.124
17795.000,-79.124
17796.000,-79.124
17797.000,-79.124
17798.000,-79.124
17799.000,-79.124
17800.000,-79.124
17801.000,-158.248
17802.000,-79.124
17803.000,-79.124
17804.000,-79.124
17805.000,-79.124
17806.000,-79.124
17807.000,-79.124
17808.000,-79.124
17809.000,-158.248
17810.000,-158.248
17811.000,-79.124
17812.000,-79.124
17813.000,-79.124
17814.000,-79.124
17815.000,-79.124
17816.000,-79.124
17817.000,-158.248
17818.000,-158.248
17819.000,-79.124
17820.000,-79.124
17821.000,-79.124
17822.000,-79.124
17823.000,-79.124
17824.000,-79.124
17825.000,-79.124
17826.000,-158.248
17827.000,-79.124
17828.000,-79.124
17829.000,-79.124
17830.000,-79.124
17831.000,-79.124
17832.000,-79.124
17833.000,-79.124
17834.000,-79.124
17835.000,-158.248
17836.000,-79.124
17837.000,-79.124
17838.000,-79.124
17839.000,-79.124
17840.000,-79.124
17841.000,-79.124
17842.000,-79.124
17843.000,-158.248
17844.000,-79.124
17845.000,-79.124
17846.000,-79.124
17847.000,-79.124
17848.000,-79.124
17849.000,-79.124
17850.000,-79.124
17851.000,-158.248
17852.000,-79.124
17853.000,-79.124
17854.000,-79.124
17855.000,-79.124
17856.000,-79.124
17857.000,-79.124
17858.000,-79.124
17859.000,-79.124
17860.000,-158.248
17861.000,-79.124
17862.000,-79.124
17863.000,-79.124
17864.000,-79.124
17865.000,-79.124
17866.000,-79.124
17867.000,-79.124
17868.000,-158.248
17869.000,-79.124
17870.000,-79.124
17871.000,-79.124
17872.000,-79.124
17873.000,-79.124
17874.000,-79.124
17875.000,-79.124
17876.000,-158.248
17877.000,-79.124
17878.000,-79.124
17879.000,-79.124
17880.000,-79.124
17881.000,-79.124
17882.000,-79.124
17883.000,-79.124
17884.000,-79.124
17885.000,-79.124
17886.000,-79.124
17887.000,-79.124
17888.000,-79.124
17889.000,-79.124
17890.000,-79.124
17891.000,-79.124
17892.000,-158.248
17893.000,-158.248
17894.000,-79.124
17895.000,-79.124
17896.000,-79.124
17897.000,-79.124
17898.000,-79.124
17899.000,-79.124
17900.000,-158.248
17901.000,-158.248
17902.000,-79.124
17903.000,-79.124
17904.000,-79.124
17905.000,-79.124
17906.000,-79.124
17907.000,-79.124
17908.000,-79.124
17909.000,-158.248
17910.000,-158.248
17911.000,-79.124
17912.000,-79.124
17913.000,-79.124
17914.000,-79.124
17915.000,-79.124
17916.000,-79.124
17917.000,-158.248
17918.000,-158.248
17919.000,-158.248
17920.000,-79.124
17921.000,-79.124
17922.000,-79.124
17923.000,-79.124
17924.000,-79.124
17925.000,-79.124
17926.000,-158.248
17927.000,-158.248
17928.000,-79.124
17929.000,-79.124
17930.000,-79.124
17931.000,-79.124
17932.000,-79.124
17933.000,-79.124
17934.000,-79.124
17935.000,-158.248
17936.000,-79.124
17937.000,-79.124
17938.000,-79.124
17939.000,-79.124
17940.000,-79.124
17941.000,-79.124
17942.000,-79.124
17943.000,-158.248
17944.000,-79.124
17945.000,-79.124
17946.000,-79.124
17947.000,-79.124
17948.000,-79.124
17949.000,-79.124
17950.000,-79.124
17951.000,-158.248
17952.000,-79.124
17953.000,-79.124
17954.000,-79.124
17955.000,-79.124
17956.000,-79.124
17957.000,-79.124
17958.000,-79.124
17959.000,-158.248
17960.000,-158.248
17961.000,-79.124
17962.000,-79.124
17963.000,-79.124
17964.000,-79.124
17965.000,-79.124
17966.000,-79.124
17967.000,-158.248
17968.000,-158.248
17969.000,-79.124
17970.000,-79.124
17971.000,-79.124
17972.000,-79.124
17973.000,-79.124
17974.000,-79.124
17975.000,-79.124
17976.000,-158.248
17977.000,-158.248
17978.000,-79.124
17979.000,-79.124
17980.000,-79.124
17981.000,-79.124
17982.000,-79.124
17983.000,-79.124
17984.000,-158.248
17985.000,-158.248
17986.000,-79.124
17987.000,-79.124
17988.000,-79.124
17989.000,-79.124
17990.000,-79.124
17991.000,-79.124
17992.000,-79.124
17993.000,-158.248
17994.000,-158.248
17995.000,-79.124
17996.000,-79.124
17997.000,-79.124
17998.000,-79.124
17999.000,-79.124
18000.000,-79.124
18001.000,-158.248
18002.000,-158.248
18003.000,-79.124
18004.000,-79.124
18005.000,-79.124
18006.000,-79.124
18007.000,-79.124
18008.000,-79.124
18009.000,-79.124
18010.000,-79.124
18011.000,-79.124
18012.000,-79.124
18013.000,-79.124
18014.000,-79.124
18015.000,-79.124
18016.000,-79.124
18017.000,-79.124
18018.000,-79.124
18019.000,-79.124
18020.000,-79.124
18021.000,-79.124
18022.000,-79.124
18023.000,-79.124
18024.000,-79.124
18025.000,-158.248
18026.000,-158.248
18027.000,-79.124
18028.000,-79.124
18029.000,-79.124
18030.000,-79.124
18031.000,-79.124
18032.000,-79.124
18033.000,-158.248
18034.000,-158.248
18035.000,-158.248
18036.000,-79.124
18037.000,-79.124
18038.000,-79.124
18039.000,-79.124
18040.000,-79.124
18041.000,-158.248
18042.000,-158.248
18043.000,-158.248
18044.000,-158.248
18045.000,-79.124
18046.000,-79.124
18047.000,-79.124
18048.000,-79.124
18049.000,-79.124
18050.000,-158.248
18051.000,-158.248
18052.000,-158.248
18053.000,-79.124
18054.000,-79.124
18055.000,-79.124
18056.000,-79.124
18057.000,-79.124
18058.000,-79.124
18059.000,-158.248
18060.000,-158.248
18061.000,-158.248
18062.000,-79.124
18063.000,-79.124
18064.000,-79.124
18065.000,-79.124
18066.000,-79.124
18067.000,-79.124
18068.000,-158.248
18069.000,-158.248
18070.000,-158.248
18071.000,-79.124
18072.000,-79.124
18073.000,-79.124
18074.000,-79.124
18075.000,-79.124
18076.000,-79.124
18077.000,-158.248
18078.000,-79.124
18079.000,-79.124
18080.000,-79.124
18081.000,-79.124
18082.000,-79.124
18083.000,-79.124
18084.000,-79.124
18085.000,-79.124
18086.000,-79.124
18087.000,-79.124
18088.000,-79.124
18089.000,-79.124
18090.000,-79.124
18091.000,-79.124
18092.000,-79.124
18093.000,-79.124
18094.000,-79.124
18095.000,-79.124
18096.000,-79.124
18097.000,-79.124
18098.000,-79.124
18099.000,-79.124
18100.000,-158.248
18101.000,-158.248
18102.000,-79.124
18103.000,-79.124
18104.000,-79.124
18105.000,-79.124
18106.000,-79.124
18107.000,-79.124
18108.000,-158.248
18109.000,-158.248
18110.000,-158.248
18111.000,-79.124
18112.000,-79.124
18113.000,-79.124
18114.000,-79.124
18115.000,-79.124
18116.000,-79.124
18117.000,-158.248
18118.000,-158.248
18119.000,-158.248
18120.000,-79.124
18121.000,-79.124
18122.000,-79.124
18123.000,-79.124
18124.000,-79.124
18125.000,-158.248
18126.000,-158.248
18127.000,-158.248
18128.000,-79.124
18129.000,-79.124
18130.000,-79.124
18131.000,-79.124
18132.000,-79.124
18133.000,-79.124
18134.000,-158.248
18135.000,-158.248
18136.000,-79.124
18137.000,-79.124
18138.000,-79.124
18139.000,-79.124
18140.000,-79.124
18141.000,-79.124
18142.000,-158.248
18143.000,-158.248
18144.000,-79.124
18145.000,-79.124
18146.000,-79.124
18147.000,-79.124
18148.000,-79.124
18149.000,-79.124
18150.000,-158.248
18151.000,-158.248
18152.000,-158.248
18153.000,-79.124
18154.000,-79.124
18155.000,-79.124
18156.000,-79.124
18157.000,-79.124
18158.000,-158.248
18159.000,-158.248
18160.000,-158.248
18161.000,-79.124
18162.000,-79.124
18163.000,-79.124
18164.000,-79.124
18165.000,-79.124
18166.000,-79.124
18167.000,-158.248
18168.000,-158.248
18169.000,-158.248
18170.000,-79.124
18171.000,-79.124
18172.000,-79.124
18173.000,-79.124
18174.000,-79.124
18175.000,-158.248
18176.000,-158.248
18177.000,-158.248
18178.000,-79.124
18179.000,-79.124
18180.000,-79.124
18181.000,-79.124
18182.000,-79.124
18183.000,-79.124
18184.000,-158.248
18185.000,-158.248
18186.000,-158.248
18187.000,-79.124
18188.000,-79.124
18189.000,-79.124
18190.000,-79.124
18191.000,-79.124
18192.000,-79.124
18193.000,-158.248
18194.000,-158.248
18195.000,-79.124
18196.000,-79.124
18197.000,-79.124
18198.000,-79.124
18199.000,-79.124
18200.000,-79.124
18201.000,-158.248
18202.000,-79.124
18203.000,-79.124
18204.000,-79.124
18205.000,-79.124
18206.000,-79.124
18207.000,-79.124
18208.000,-79.124
18209.000,-158.248
18210.000,-158.248
18211.000,-79.124
18212.000,-79.124
18213.000,-79.124
18214.000,-79.124
18215.000,-79.124
18216.000,-79.124
18217.000,-158.248
18218.000,-158.248
18219.000,-79.124
18220.000,-79.124
18221.000,-79.124
18222.000,-79.124
18223.000,-79.124
18224.000,-79.124
18225.000,-158.248
18226.000,-158.248
18227.000,-158.248
18228.000,-79.124
18229.000,-79.124
18230.000,-79.124
18231.000,-79.124
18232.000,-79.124
18233.000,-158.248
18234.000,-158.248
18235.000,-158.248
18236.000,-79.124
18237.000,-79.124
18238.000,-79.124
18239.000,-79.124
18240.000,-79.124
18241.000,-79.124
18242.000,-158.248
18243.000,-158.248
18244.000,-158.248
18245.000,-79.124
18246.000,-79.124
18247.000,-79.124
18248.000,-79.124
18249.000,-79.124
18250.000,-158.248
18251.000,-158.248
18252.000,-158.248
18253.000,-79.124
18254.000,-79.124
18255.000,-79.124
18256.000,-79.124
18257.000,-79.124
18258.000,-158.248
18259.000,-158.248
18260.000,-158.248
18261.000,-79.124
18262.000,-79.124
18263.000,-79.124
18264.000,-79.124
18265.000,-79.124
18266.000,-79.124
18267.000,-158.248
18268.000,-158.248
18269.000,-158.248
18270.000,-79.124
18271.000,-79.124
18272.000,-79.124
18273.000,-79.124
18274.000,-79.124
18275.000,-158.248
18276.000,-158.248
18277.000,-158.248
18278.000,-79.124
18279.000,-79.124
18280.000,-79.124
18281.000,-79.124
18282.000,-79.124
18283.000,-79.124
18284.000,-158.248
18285.000,-158.248
18286.000,-79.124
18287.000,-79.124
18288.000,-79.124
18289.000,-79.124
18290.000,-79.124
18291.000,-79.124
18292.000,-158.248
18293.000,-158.248
18294.000,-79.124
18295.000,-79.124
18296.000,-79.124
18297.000,-79.124
18298.000,-79.124
18299.000,-79.124
18300.000,-158.248
18301.000,-158.248
18302.000,-158.248
18303.000,-79.124
18304.000,-79.124
18305.000,-79.124
18306.000,-79.124
18307.000,-79.124
18308.000,-158.248
18309.000,-158.248
18310.000,-158.248
18311.000,-79.124
18312.000,-79.124
18313.000,-79.124
18314.000,-79.124
18315.000,-79.124
18316.000,-79.124
18317.000,-158.248
18318.000,-158.248
18319.000,-158.248
18320.000,-79.124
18321.000,-79.124
18322.000,-79.124
18323.000,-79.124
18324.000,-79.124
18325.000,-158.248
18326.000,-158.248
18327.000,-158.248
18328.000,-79.124
18329.000,-79.124
18330.000,-79.124
18331.000,-79.124
18332.000,-79.124
18333.000,-79.124
18334.000,-158.248
18335.000,-158.248
18336.000,-79.124
18337.000,-79.124
18338.000,-79.124
18339.000,-79.124
18340.000,-79.124
18341.000,-79.124
18342.000,-158.248
18343.000,-158.248
18344.000,-158.248
18345.000,-79.124
18346.000,-79.124
18347.000,-79.124
18348.000,-79.124
18349.000,-79.124
18350.000,-158.248
18351.000,-158.248
18352.000,-158.248
18353.000,-79.124
18354.000,-79.124
18355.000,-79.124
18356.000,-79.124
18357.000,-79.124
18358.000,-79.124
18359.000,-158.248
18360.000,-158.248
18361.000,-79.124
18362.000,-79.124
18363.000,-79.124
18364.000,-79.124
18365.000,-79.124
18366.000,-79.124
18367.000,-158.248
18368.000,-158.248
18369.000,-79.124
18370.000,-79.124
18371.000,-79.124
18372.000,-79.124
18373.000,-79.124
18374.000,-79.124
18375.000,-158.248
18376.000,-158.248
18377.000,-79.124
18378.000,-79.124
18379.000,-79.124
18380.000,-79.124
18381.000,-79.124
18382.000,-79.124
18383.000,-158.248
18384.000,-158.248
18385.000,-79.124
18386.000,-79.124
18387.000,-79.124
18388.000,-79.124
18389.000,-79.124
18390.000,-79.124
18391.000,-158.248
18392.000,-158.248
18393.000,-158.248
18394.000,-79.124
18395.000,-79.124
18396.000,-79.124
18397.000,-79.124
18398.000,-79.124
18399.000,-79.124
18400.000,-158.248
18401.000,-158.248
18402.000,-158.248
18403.000,-79.124
18404.000,-79.124
18405.000,-79.124
18406.000,-79.124
18407.000,-79.124
18408.000,-158.248
18409.000,-158.248
18410.000,-158.248
18411.000,-79.124
18412.000,-79.124
18413.000,-79.124
18414.000,-79.124
18415.000,-79.124
18416.000,-79.124
18417.000,-158.248
18418.000,-158.248
18419.000,-158.248
18420.000,-79.124
18421.000,-79.124
18422.000,-79.124
18423.000,-79.124
18424.000,-79.124
18425.000,-158.248
18426.000,-158.248
18427.000,-158.248
18428.000,-79.124
18429.000,-79.124
18430.000,-79.124
18431.000,-79.124
18432.000,-79.124
18433.000,-79.124
18434.000,-158.248
18435.000,-158.248
18436.000,-79.124
18437.000,-79.124
18438.000,-79.124
18439.000,-79.124
18440.000,-79.124
18441.000,-79.124
18442.000,-158.248
18443.000,-158.248
18444.000,-79.124
18445.000,-79.124
18446.000,-79.124
18447.000,-79.124
18448.000,-79.124
18449.000,-79.124
18450.000,-158.248
18451.000,-158.248
18452.000,-158.248
18453.000,-79.124
18454.000,-79.124
18455.000,-79.124
18456.000,-79.124
18457.000,-79.124
18458.000,-79.124
18459.000,-158.248
18460.000,-158.248
18461.000,-79.124
18462.000,-79.124
18463.000,-79.124
18464.000,-79.124
18465.000,-79.124
18466.000,-79.124
18467.000,-158.248
18468.000,-158.248
18469.000,-158.248
18470.000,-79.124
18471.000,-79.124
18472.000,-79.124
18473.000,-79.124
18474.000,-79.124
18475.000,-158.248
18476.000,-158.248
18477.000,-158.248
18478.000,-79.124
18479.000,-79.124
18480.000,-79.124
18481.000,-79.124
18482.000,-79.124
18483.000,-79.124
18484.000,-158.248
18485.000,-158.248
18486.000,-79.124
18487.000,-79.124
18488.000,-79.124
18489.000,-79.124
18490.000,-79.124
18491.000,-79.124
18492.000,-158.248
18493.000,-158.248
18494.000,-79.124
18495.000,-79.124
18496.000,-79.124
18497.000,-79.124
18498.000,-79.124
18499.000,-79.124
18500.000,-79.124
18501.000,-158.248
18502.000,-79.124
18503.000,-79.124
18504.000,-79.124
18505.000,-79.124
18506.000,-79.124
18507.000,-79.124
18508.000,-158.248
18509.000,-158.248
18510.000,-79.124
18511.000,-79.124
18512.000,-79.124
18513.000,-79.124
18514.000,-79.124
18515.000,-79.124
18516.000,-158.248
18517.000,-158.248
18518.000,-158.248
18519.000,-79.124
18520.000,-79.124
18521.000,-79.124
18522.000,-79.124
18523.000,-79.124
18524.000,-79.124
18525.000,-158.248
18526.000,-158.248
18527.000,-158.248
18528.000,-79.124
18529.000,-79.124
18530.000,-79.124
18531.000,-79.124
18532.000,-79.124
18533.000,-158.248
18534.000,-158.248
18535.000,-158.248
18536.000,-79.124
18537.000,-79.124
18538.000,-79.124
18539.000,-79.124
18540.000,-79.124
18541.000,-79.124
18542.000,-158.248
18543.000,-158.248
18544.000,-158.248
18545.000,-79.124
18546.000,-79.124
18547.000,-79.124
18548.000,-79.124
18549.000,-79.124
18550.000,-79.124
18551.000,-158.248
18552.000,-158.248
18553.000,-79.124
18554.000,-79.124
18555.000,-79.124
18556.000,-79.124
18557.000,-79.124
18558.000,-79.124
18559.000,-79.124
18560.000,-79.124
18561.000,-79.124
18562.000,-79.124
18563.000,-79.124
18564.000,-79.124
18565.000,-79.124
18566.000,-79.124
18567.000,-79.124
18568.000,-79.124
18569.000,-79.124
18570.000,-79.124
18571.000,-79.124
18572.000,-79.124
18573.000,-79.124
18574.000,-79.124
18575.000,-158.248
18576.000,-158.248
18577.000,-79.124
18578.000,-79.124
18579.000,-79.124
18580.000,-79.124
18581.000,-79.124
18582.000,-79.124
18583.000,-158.248
18584.000,-158.248
18585.000,-79.124
18586.000,-79.124
18587.000,-79.124
18588.000,-79.124
18589.000,-79.124
18590.000,-79.124
18591.000,-79.124
18592.000,-158.248
18593.000,-158.248
18594.000,-79.124
18595.000,-79.124
18596.000,-79.124
18597.000,-79.124
18598.000,-79.124
18599.000,-79.124
18600.000,-158.248
18601.000,-158.248
18602.000,-79.124
18603.000,-79.124
18604.000,-79.124
18605.000,-79.124
18606.000,-79.124
18607.000,-79.124
18608.000,-158.248
18609.000,-158.248
18610.000,-158.248
18611.000,-79.124
18612.000,-79.124
18613.000,-79.124
18614.000,-79.124
18615.000,-79.124
18616.000,-79.124
18617.000,-158.248
18618.000,-158.248
18619.000,-79.124
18620.000,-79.124
18621.000,-79.124
18622.000,-79.124
18623.000,-79.124
18624.000,-79.124
18625.000,-158.248
18626.000,-158.248
18627.000,-79.124
18628.000,-79.124
18629.000,-79.124
18630.000,-79.124
18631.000,-79.124
18632.000,-79.124
18633.000,-158.248
18634.000,-158.248
18635.000,-158.248
18636.000,-79.124
18637.000,-79.124
18638.000,-79.124
18639.000,-79.124
18640.000,-79.124
18641.000,-79.124
18642.000,-158.248
18643.000,-158.248
18644.000,-79.124
18645.000,-79.124
18646.000,-79.124
18647.000,-79.124
18648.000,-79.124
18649.000,-79.124
18650.000,-158.248
18651.000,-158.248
18652.000,-79.124
18653.000,-79.124
18654.000,-79.124
18655.000,-79.124
18656.000,-79.124
18657.000,-79.124
18658.000,-158.248
18659.000,-158.248
18660.000,-158.248
18661.000,-79.124
18662.000,-79.124
18663.000,-79.124
18664.000,-79.124
18665.000,-79.124
18666.000,-79.124
18667.000,-158.248
18668.000,-158.248
18669.000,-79.124
18670.000,-79.124
18671.000,-79.124
18672.000,-79.124
18673.000,-79.124
18674.000,-79.124
18675.000,-158.248
18676.000,-158.248
18677.000,-158.248
18678.000,-79.124
18679.000,-79.124
18680.000,-79.124
18681.000,-79.124
18682.000,-79.124
18683.000,-79.124
18684.000,-158.248
18685.000,-158.248
18686.000,-79.124
18687.000,-79.124
18688.000,-79.124
18689.000,-79.124
18690.000,-79.124
18691.000,-79.124
18692.000,-79.124
18693.000,-158.248
18694.000,-79.124
18695.000,-79.124
18696.000,-79.124
18697.000,-79.124
18698.000,-79.124
18699.000,-79.124
18700.000,-79.124
18701.000,-79.124
18702.000,-79.124
18703.000,-79.124
18704.000,-79.124
18705.000,-79.124
18706.000,-79.124
18707.000,-79.124
18708.000,-79.124
18709.000,-158.248
18710.000,-79.124
18711.000,-79.124
18712.000,-79.124
18713.000,-79.124
18714.000,-79.124
18715.000,-79.124
18716.000,-79.124
18717.000,-158.248
18718.000,-158.248
18719.000,-79.124
18720.000,-79.124
18721.000,-79.124
18722.000,-79.124
18723.000,-79.124
18724.000,-79.124
18725.000,-158.248
18726.000,-158.248
18727.000,-79.124
18728.000,-79.124
18729.000,-79.124
18730.000,-79.124
18731.000,-79.124
18732.000,-79.124
18733.000,-158.248
18734.000,-158.248
18735.000,-158.248
18736.000,-79.124
18737.000,-79.124
18738.000,-79.124
18739.000,-79.124
18740.000,-79.124
18741.000,-79.124
18742.000,-158.248
18743.000,-158.248
18744.000,-79.124
18745.000,-79.124
18746.000,-79.124
18747.000,-79.124
18748.000,-79.124
18749.000,-79.124
18750.000,-158.248
18751.000,-158.248
18752.000,-79.124
18753.000,-79.124
18754.000,-79.124
18755.000,-79.124
18756.000,-79.124
18757.000,-79.124
18758.000,-79.124
18759.000,-158.248
18760.000,-158.248
18761.000,-79.124
18762.000,-79.124
18763.000,-79.124
18764.000,-79.124
18765.000,-79.124
18766.000,-79.124
18767.000,-158.248
18768.000,-158.248
18769.000,-79.124
18770.000,-79.124
18771.000,-79.124
18772.000,-79.124
18773.000,-79.124
18774.000,-79.124
18775.000,-79.124
18776.000,-158.248
18777.000,-158.248
18778.000,-79.124
18779.000,-79.124
18780.000,-79.124
18781.000,-79.124
18782.000,-79.124
18783.000,-79.124
18784.000,-158.248
18785.000,-79.124
18786.000,-79.124
18787.000,-79.124
18788.000,-79.124
18789.000,-79.124
18790.000,-79.124
18791.000,-79.124
18792.000,-158.248
18793.000,-79.124
18794.000,-79.124
18795.000,-79.124
18796.000,-79.124
18797.000,-79.124
18798.000,-79.124
18799.000,-79.124
18800.000,-158.248
18801.000,-158.248
18802.000,-79.124
18803.000,-79.124
18804.000,-79.124
18805.000,-79.124
18806.000,-79.124
18807.000,-79.124
18808.000,-158.248
18809.000,-158.248
18810.000,-79.124
18811.000,-79.124
18812.000,-79.124
18813.000,-79.124
18814.000,-79.124
18815.000,-79.124
18816.000,-79.124
18817.000,-158.248
18818.000,-158.248
18819.000,-79.124
18820.000,-79.124
18821.000,-79.124
18822.000,-79.124
18823.000,-79.124
18824.000,-79.124
18825.000,-158.248
18826.000,-158.248
18827.000,-158.248
18828.000,-79.124
18829.000,-79.124
18830.000,-79.124
18831.000,-79.124
18832.000,-79.124
18833.000,-79.124
18834.000,-158.248
18835.000,-158.248
18836.000,-158.248
18837.000,-79.124
18838.000,-79.124
18839.000,-79.124
18840.000,-79.124
18841.000,-79.124
18842.000,-79.124
18843.000,-158.248
18844.000,-158.248
18845.000,-79.124
18846.000,-79.124
18847.000,-79.124
18848.000,-79.124
18849.000,-79.124
18850.000,-79.124
18851.000,-79.124
18852.000,-79.124
18853.000,-79.124
18854.000,-79.124
18855.000,-79.124
18856.000,-79.124
18857.000,-79.124
18858.000,-79.124
18859.000,-79.124
18860.000,-79.124
18861.000,-79.124
18862.000,-79.124
18863.000,-79.124
18864.000,-79.124
18865.000,-79.124
18866.000,-79.124
18867.000,-79.124
18868.000,-79.124
18869.000,-79.124
18870.000,-79.124
18871.000,-79.124
18872.000,-79.124
18873.000,-79.124
18874.000,-158.248
18875.000,-158.248
18876.000,-158.248
18877.000,-79.124
18878.000,-79.124
18879.000,-79.124
18880.000,-79.124
18881.000,-79.124
18882.000,-79.124
18883.000,-158.248
18884.000,-158.248
18885.000,-158.248
18886.000,-79.124
18887.000,-79.124
18888.000,-79.124
18889.000,-79.124
18890.000,-79.124
18891.000,-79.124
18892.000,-158.248
18893.000,-158.248
18894.000,-158.248
18895.000,-79.124
18896.000,-79.124
18897.000,-79.124
18898.000,-79.124
18899.000,-79.124
18900.000,-158.248
18901.000,-158.248
18902.000,-158.248
18903.000,-79.124
18904.000,-79.124
18905.000,-79.124
18906.000,-79.124
18907.000,-79.124
18908.000,-79.124
18909.000,-158.248
18910.000,-158.248
18911.000,-79.124
18912.000,-79.124
18913.000,-79.124
18914.000,-79.124
18915.000,-79.124
18916.000,-79.124
18917.000,-79.124
18918.000,-158.248
18919.000,-79.124
18920.000,-79.124
18921.000,-79.124
18922.000,-79.124
18923.000,-79.124
18924.000,-79.124
18925.000,-79.124
18926.000,-158.248
18927.000,-79.124
18928.000,-79.124
18929.000,-79.124
18930.000,-79.124
18931.000,-79.124
18932.000,-79.124
18933.000,-79.124
18934.000,-158.248
18935.000,-158.248
18936.000,-79.124
18937.000,-79.124
18938.000,-79.124
18939.000,-79.124
18940.000,-79.124
18941.000,-79.124
18942.000,-79.124
18943.000,-158.248
18944.000,-79.124
18945.000,-79.124
18946.000,-79.124
18947.000,-79.124
18948.000,-79.124
18949.000,-79.124
18950.000,-79.124
18951.000,-158.248
18952.000,-79.124
18953.000,-79.124
18954.000,-79.124
18955.000,-79.124
18956.000,-79.124
18957.000,-79.124
18958.000,-79.124
18959.000,-79.124
18960.000,-79.124
18961.000,-79.124
18962.000,-79.124
18963.000,-79.124
18964.000,-79.124
18965.000,-79.124
18966.000,-79.124
18967.000,-79.124
18968.000,-79.124
18969.000,-79.124
18970.000,-79.124
18971.000,-79.124
18972.000,-79.124
18973.000,-79.124
18974.000,-79.124
18975.000,-79.124
18976.000,-79.124
18977.000,-79.124
18978.000,-79.124
18979.000,-79.124
18980.000,-79.124
18981.000,-79.124
18982.000,-79.124
18983.000,-79.124
18984.000,-79.124
18985.000,-79.124
18986.000,-79.124
18987.000,-79.124
18988.000,-79.124
18989.000,-79.124
18990.000,-79.124
18991.000,-79.124
18992.000,-158.248
18993.000,-79.124
18994.000,-79.124
18995.000,-79.124
18996.000,-79.124
18997.000,-79.124
18998.000,-79.124
18999.000,-79.124
19000.000,-158.248
19001.000,-158.248
19002.000,-79.124
19003.000,-79.124
19004.000,-79.124
19005.000,-79.124
19006.000,-79.124
19007.000,-79.124
19008.000,-158.248
19009.000,-158.248
19010.000,-158.248
19011.000,-79.124
19012.000,-79.124
19013.000,-79.124
19014.000,-79.124
19015.000,-79.124
19016.000,-79.124
19017.000,-158.248
19018.000,-158.248
19019.000,-79.124
19020.000,-79.124
19021.000,-79.124
19022.000,-79.124
19023.000,-79.124
19024.000,-79.124
19025.000,-158.248
19026.000,-158.248
19027.000,-158.248
19028.000,-79.124
19029.000,-79.124
19030.000,-79.124
19031.000,-79.124
19032.000,-79.124
19033.000,-79.124
19034.000,-158.248
19035.000,-158.248
19036.000,-158.248
19037.000,-79.124
19038.000,-79.124
19039.000,-79.124
19040.000,-79.124
19041.000,-79.124
19042.000,-79.124
19043.000,-158.248
19044.000,-158.248
19045.000,-79.124
19046.000,-79.124
19047.000,-79.124
19048.000,-79.124
19049.000,-79.124
19050.000,-79.124
19051.000,-79.124
19052.000,-79.124
19053.000,-79.124
19054.000,-79.124
19055.000,-79.124
19056.000,-79.124
19057.000,-79.124
19058.000,-79.124
19059.000,-79.124
19060.000,-79.124
19061.000,-79.124
19062.000,-79.124
19063.000,-79.124
19064.000,-79.124
19065.000,-79.124
19066.000,-79.124
19067.000,-79.124
19068.000,-79.124
19069.000,-79.124
19070.000,-79.124
19071.000,-79.124
19072.000,-79.124
19073.000,-79.124
19074.000,-79.124
19075.000,-79.124
19076.000,-79.124
19077.000,-79.124
19078.000,-79.124
19079.000,-79.124
19080.000,-79.124
19081.000,-79.124
19082.000,-79.124
19083.000,-79.124
19084.000,-158.248
19085.000,-158.248
19086.000,-79.124
19087.000,-79.124
19088.000,-79.124
19089.000,-79.124
19090.000,-79.124
19091.000,-79.124
19092.000,-158.248
19093.000,-158.248
19094.000,-79.124
19095.000,-79.124
19096.000,-79.124
19097.000,-79.124
19098.000,-79.124
19099.000,-79.124
19100.000,-79.124
19101.000,-158.248
19102.000,-158.248
19103.000,-79.124
19104.000,-79.124
19105.000,-79.124
19106.000,-79.124
19107.000,-79.124
19108.000,-79.124
19109.000,-158.248
19110.000,-158.248
19111.000,-79.124
19112.000,-79.124
19113.000,-79.124
19114.000,-79.124
19115.000,-79.124
19116.000,-79.124
19117.000,-158.248
19118.000,-158.248
19119.000,-158.248
19120.000,-79.124
19121.000,-79.124
19122.000,-79.124
19123.000,-79.124
19124.000,-79.124
19125.000,-79.124
19126.000,-158.248
19127.000,-158.248
19128.000,-79.124
19129.000,-79.124
19130.000,-79.124
19131.000,-79.124
19132.000,-79.124
19133.000,-79.124
19134.000,-79.124
19135.000,-158.248
19136.000,-79.124
19137.000,-79.124
19138.000,-79.124
19139.000,-79.124
19140.000,-79.124
19141.000,-79.124
19142.000,-79.124
19143.000,-158.248
19144.000,-79.124
19145.000,-79.124
19146.000,-79.124
19147.000,-79.124
19148.000,-79.124
19149.000,-79.124
19150.000,-79.124
19151.000,-79.124
19152.000,-79.124
19153.000,-79.124
19154.000,-79.124
19155.000,-79.124
19156.000,-79.124
19157.000,-79.124
19158.000,-79.124
19159.000,-158.248
19160.000,-79.124
19161.000,-79.124
19162.000,-79.124
19163.000,-79.124
19164.000,-79.124
19165.000,-79.124
19166.000,-79.124
19167.000,-158.248
19168.000,-158.248
19169.000,-79.124
19170.000,-79.124
19171.000,-79.124
19172.000,-79.124
19173.000,-79.124
19174.000,-79.124
19175.000,-158.248
19176.000,-158.248
19177.000,-158.248
19178.000,-79.124
19179.000,-79.124
19180.000,-79.124
19181.000,-79.124
19182.000,-79.124
19183.000,-79.124
19184.000,-158.248
19185.000,-158.248
19186.000,-158.248
19187.000,-79.124
19188.000,-79.124
19189.000,-79.124
19190.000,-79.124
19191.000,-79.124
19192.000,-79.124
19193.000,-158.248
19194.000,-158.248
19195.000,-79.124
19196.000,-79.124
19197.000,-79.124
19198.000,-79.124
19199.000,-79.124
19200.000,-79.124
19201.000,-158.248
19202.000,-158.248
19203.000,-79.124
19204.000,-79.124
19205.000,-79.124
19206.000,-79.124
19207.000,-79.124
19208.000,-79.124
19209.000,-79.124
19210.000,-79.124
19211.000,-79.124
19212.000,-79.124
19213.000,-79.124
19214.000,-79.124
19215.000,-79.124
19216.000,-79.124
19217.000,-79.124
19218.000,-79.124
19219.000,-79.124
19220.000,-79.124
19221.000,-79.124
19222.000,-79.124
19223.000,-79.124
19224.000,-79.124
19225.000,-79.124
19226.000,-79.124
19227.000,-79.124
19228.000,-79.124
19229.000,-79.124
19230.000,-79.124
19231.000,-79.124
19232.000,-79.124
19233.000,-79.124
19234.000,-158.248
19235.000,-158.248
19236.000,-79.124
19237.000,-79.124
19238.000,-79.124
19239.000,-79.124
19240.000,-79.124
19241.000,-79.124
19242.000,-158.248
19243.000,-158.248
19244.000,-79.124
19245.000,-79.124
19246.000,-79.124
19247.000,-79.124
19248.000,-79.124
19249.000,-79.124
19250.000,-158.248
19251.000,-158.248
19252.000,-158.248
19253.000,-79.124
19254.000,-79.124
19255.000,-79.124
19256.000,-79.124
19257.000,-79.124
19258.000,-79.124
19259.000,-158.248
19260.000,-158.248
19261.000,-158.248
19262.000,-79.124
19263.000,-79.124
19264.000,-79.124
19265.000,-79.124
19266.000,-79.124
19267.000,-79.124
19268.000,-158.248
19269.000,-158.248
19270.000,-79.124
19271.000,-79.124
19272.000,-79.124
19273.000,-79.124
19274.000,-79.124
19275.000,-79.124
19276.000,-158.248
19277.000,-79.124
19278.000,-79.124
19279.000,-79.124
19280.000,-79.124
19281.000,-79.124
19282.000,-79.124
19283.000,-79.124
19284.000,-158.248
19285.000,-158.248
19286.000,-79.124
19287.000,-79.124
19288.000,-79.124
19289.000,-79.124
19290.000,-79.124
19291.000,-79.124
19292.000,-158.248
19293.000,-158.248
19294.000,-158.248
19295.000,-79.124
19296.000,-79.124
19297.000,-79.124
19298.000,-79.124
19299.000,-79.124
19300.000,-79.124
19301.000,-158.248
19302.000,-158.248
19303.000,-79.124
19304.000,-79.124
19305.000,-79.124
19306.000,-79.124
19307.000,-79.124
19308.000,-79.124
19309.000,-158.248
19310.000,-158.248
19311.000,-158.248
19312.000,-79.124
19313.000,-79.124
19314.000,-79.124
19315.000,-79.124
19316.000,-79.124
19317.000,-79.124
19318.000,-158.248
19319.000,-158.248
19320.000,-79.124
19321.000,-79.124
19322.000,-79.124
19323.000,-79.124
19324.000,-79.124
19325.000,-79.124
19326.000,-158.248
19327.000,-158.248
19328.000,-79.124
19329.000,-79.124
19330.000,-79.124
19331.000,-79.124
19332.000,-79.124
19333.000,-79.124
19334.000,-79.124
19335.000,-79.124
19336.000,-79.124
19337.000,-79.124
19338.000,-79.124
19339.000,-79.124
19340.000,-79.124
19341.000,-79.124
19342.000,-79.124
19343.000,-79.124
19344.000,-79.124
19345.000,-79.124
19346.000,-79.124
19347.000,-79.124
19348.000,-79.124
19349.000,-79.124
19350.000,-79.124
19351.000,-79.124
19352.000,-79.124
19353.000,-79.124
19354.000,-79.124
19355.000,-79.124
19356.000,-79.124
19357.000,-79.124
19358.000,-79.124
19359.000,-158.248
19360.000,-158.248
19361.000,-79.124
19362.000,-79.124
19363.000,-79.124
19364.000,-79.124
19365.000,-79.124
19366.000,-79.124
19367.000,-158.248
19368.000,-158.248
19369.000,-79.124
19370.000,-79.124
19371.000,-79.124
19372.000,-79.124
19373.000,-79.124
19374.000,-79.124
19375.000,-158.248
19376.000,-158.248
19377.000,-158.248
19378.000,-79.124
19379.000,-79.124
19380.000,-79.124
19381.000,-79.124
19382.000,-79.124
19383.000,-79.124
19384.000,-158.248
19385.000,-158.248
19386.000,-158.248
19387.000,-79.124
19388.000,-79.124
19389.000,-79.124
19390.000,-79.124
19391.000,-79.124
19392.000,-158.248
19393.000,-158.248
19394.000,-158.248
19395.000,-79.124
19396.000,-79.124
19397.000,-79.124
19398.000,-79.124
19399.000,-79.124
19400.000,-79.124
19401.000,-158.248
19402.000,-158.248
19403.000,-79.124
19404.000,-79.124
19405.000,-79.124
19406.000,-79.124
19407.000,-79.124
19408.000,-79.124
19409.000,-158.248
19410.000,-158.248
19411.000,-158.248
19412.000,-79.124
19413.000,-79.124
19414.000,-79.124
19415.000,-79.124
19416.000,-79.124
19417.000,-79.124
19418.000,-158.248
19419.000,-158.248
19420.000,-79.124
19421.000,-79.124
19422.000,-79.124
19423.000,-79.124
19424.000,-79.124
19425.000,-79.124
19426.000,-158.248
19427.000,-158.248
19428.000,-79.124
19429.000,-79.124
19430.000,-79.124
19431.000,-79.124
19432.000,-79.124
19433.000,-79.124
19434.000,-158.248
19435.000,-158.248
19436.000,-79.124
19437.000,-79.124
19438.000,-79.124
19439.000,-79.124
19440.000,-79.124
19441.000,-79.124
19442.000,-158.248
19443.000,-158.248
19444.000,-158.248
19445.000,-79.124
19446.000,-79.124
19447.000,-79.124
19448.000,-79.124
19449.000,-79.124
19450.000,-79.124
19451.000,-158.248
19452.000,-158.248
19453.000,-79.124
19454.000,-79.124
19455.000,-79.124
19456.000,-79.124
19457.000,-79.124
19458.000,-79.124
19459.000,-158.248
19460.000,-158.248
19461.000,-158.248
19462.000,-79.124
19463.000,-79.124
19464.000,-79.124
19465.000,-79.124
19466.000,-79.124
19467.000,-158.248
19468.000,-158.248
19469.000,-79.124
19470.000,-79.124
19471.000,-79.124
19472.000,-79.124
19473.000,-79.124
19474.000,-79.124
19475.000,-79.124
19476.000,-158.248
19477.000,-158.248
19478.000,-79.124
19479.000,-79.124
19480.000,-79.124
19481.000,-79.124
19482.000,-79.124
19483.000,-79.124
19484.000,-158.248
19485.000,-158.248
19486.000,-79.124
19487.000,-79.124
19488.000,-79.124
19489.000,-79.124
19490.000,-79.124
19491.000,-79.124
19492.000,-158.248
19493.000,-158.248
19494.000,-79.124
19495.000,-79.124
19496.000,-79.124
19497.000,-79.124
19498.000,-79.124
19499.000,-79.124
19500.000,-158.248
19501.000,-158.248
19502.000,-158.248
19503.000,-79.124
19504.000,-79.124
19505.000,-79.124
19506.000,-79.124
19507.000,-79.124
19508.000,-158.248
19509.000,-158.248
19510.000,-158.248
19511.000,-79.124
19512.000,-79.124
19513.000,-79.124
19514.000,-79.124
19515.000,-79.124
19516.000,-79.124
19517.000,-158.248
19518.000,-158.248
19519.000,-158.248
19520.000,-79.124
19521.000,-79.124
19522.000,-79.124
19523.000,-79.124
19524.000,-79.124
19525.000,-158.248
19526.000,-158.248
19527.000,-158.248
19528.000,-79.124
19529.000,-79.124
19530.000,-79.124
19531.000,-79.124
19532.000,-79.124
19533.000,-79.124
19534.000,-158.248
19535.000,-158.248
19536.000,-158.248
19537.000,-79.124
19538.000,-79.124
19539.000,-79.124
19540.000,-79.124
19541.000,-79.124
19542.000,-158.248
19543.000,-158.248
19544.000,-158.248
19545.000,-79.124
19546.000,-79.124
19547.000,-79.124
19548.000,-79.124
19549.000,-79.124
19550.000,-79.124
19551.000,-158.248
19552.000,-158.248
19553.000,-79.124
19554.000,-79.124
19555.000,-79.124
19556.000,-79.124
19557.000,-79.124
19558.000,-79.124
19559.000,-158.248
19560.000,-158.248
19561.000,-79.124
19562.000,-79.124
19563.000,-79.124
19564.000,-79.124
19565.000,-79.124
19566.000,-79.124
19567.000,-79.124
19568.000,-158.248
19569.000,-79.124
19570.000,-79.124
19571.000,-79.124
19572.000,-79.124
19573.000,-79.124
19574.000,-79.124
19575.000,-79.124
19576.000,-79.124
19577.000,-79.124
19578.000,-79.124
19579.000,-79.124
19580.000,-79.124
19581.000,-79.124
19582.000,-79.124
19583.000,-79.124
19584.000,-158.248
19585.000,-79.124
19586.000,-79.124
19587.000,-79.124
19588.000,-79.124
19589.000,-79.124
19590.000,-79.124
19591.000,-79.124
19592.000,-158.248
19593.000,-158.248
19594.000,-79.124
19595.000,-79.124
19596.000,-79.124
19597.000,-79.124
19598.000,-79.124
19599.000,-79.124
19600.000,-158.248
19601.000,-158.248
19602.000,-158.248
19603.000,-79.124
19604.000,-79.124
19605.000,-79.124
19606.000,-79.124
19607.000,-79.124
19608.000,-79.124
19609.000,-158.248
19610.000,-158.248
19611.000,-158.248
19612.000,-79.124
19613.000,-79.124
19614.000,-79.124
19615.000,-79.124
19616.000,-79.124
19617.000,-158.248
19618.000,-158.248
19619.000,-158.248
19620.000,-79.124
19621.000,-79.124
19622.000,-79.124
19623.000,-79.124
19624.000,-79.124
19625.000,-79.124
19626.000,-158.248
19627.000,-158.248
19628.000,-79.124
19629.000,-79.124
19630.000,-79.124
19631.000,-79.124
19632.000,-79.124
19633.000,-79.124
19634.000,-79.124
19635.000,-79.124
19636.000,-79.124
19637.000,-79.124
19638.000,-79.124
19639.000,-79.124
19640.000,-79.124
19641.000,-79.124
19642.000,-158.248
19643.000,-79.124
19644.000,-79.124
19645.000,-79.124
19646.000,-79.124
19647.000,-79.124
19648.000,-79.124
19649.000,-79.124
19650.000,-158.248
19651.000,-158.248
19652.000,-79.124
19653.000,-79.124
19654.000,-79.124
19655.000,-79.124
19656.000,-79.124
19657.000,-79.124
19658.000,-158.248
19659.000,-158.248
19660.000,-158.248
19661.000,-79.124
19662.000,-79.124
19663.000,-79.124
19664.000,-79.124
19665.000,-79.124
19666.000,-79.124
19667.000,-158.248
19668.000,-158.248
19669.000,-158.248
19670.000,-79.124
19671.000,-79.124
19672.000,-79.124
19673.000,-79.124
19674.000,-79.124
19675.000,-79.124
19676.000,-158.248
19677.000,-158.248
19678.000,-158.248
19679.000,-79.124
19680.000,-79.124
19681.000,-79.124
19682.000,-79.124
19683.000,-79.124
19684.000,-158.248
19685.000,-158.248
19686.000,-158.248
19687.000,-79.124
19688.000,-79.124
19689.000,-79.124
19690.000,-79.124
19691.000,-79.124
19692.000,-79.124
19693.000,-158.248
19694.000,-158.248
19695.000,-79.124
19696.000,-79.124
19697.000,-79.124
19698.000,-79.124
19699.000,-79.124
19700.000,-79.124
19701.000,-79.124
19702.000,-79.124
19703.000,-79.124
19704.000,-79.124
19705.000,-79.124
19706.000,-79.124
19707.000,-79.124
19708.000,-79.124
19709.000,-158.248
19710.000,-79.124
19711.000,-79.124
19712.000,-79.124
19713.000,-79.124
19714.000,-79.124
19715.000,-79.124
19716.000,-79.124
19717.000,-158.248
19718.000,-158.248
19719.000,-79.124
19720.000,-79.124
19721.000,-79.124
19722.000,-79.124
19723.000,-79.124
19724.000,-79.124
19725.000,-158.248
19726.000,-158.248
19727.000,-158.248
19728.000,-79.124
19729.000,-79.124
19730.000,-79.124
19731.000,-79.124
19732.000,-79.124
19733.000,-79.124
19734.000,-158.248
19735.000,-158.248
19736.000,-79.124
19737.000,-79.124
19738.000,-79.124
19739.000,-79.124
19740.000,-79.124
19741.000,-79.124
19742.000,-158.248
19743.000,-158.248
19744.000,-79.124
19745.000,-79.124
19746.000,-79.124
19747.000,-79.124
19748.000,-79.124
19749.000,-79.124
19750.000,-158.248
19751.000,-158.248
19752.000,-79.124
19753.000,-79.124
19754.000,-79.124
19755.000,-79.124
19756.000,-79.124
19757.000,-79.124
19758.000,-158.248
19759.000,-158.248
19760.000,-158.248
19761.000,-79.124
19762.000,-79.124
19763.000,-79.124
19764.000,-79.124
19765.000,-79.124
19766.000,-79.124
19767.000,-158.248
19768.000,-158.248
19769.000,-79.124
19770.000,-79.124
19771.000,-79.124
19772.000,-79.124
19773.000,-79.124
19774.000,-79.124
19775.000,-158.248
19776.000,-158.248
19777.000,-158.248
19778.000,-79.124
19779.000,-79.124
19780.000,-79.124
19781.000,-79.124
19782.000,-79.124
19783.000,-79.124
19784.000,-158.248
19785.000,-158.248
19786.000,-79.124
19787.000,-79.124
19788.000,-79.124
19789.000,-79.124
19790.000,-79.124
19791.000,-79.124
19792.000,-158.248
19793.000,-158.248
19794.000,-158.248
19795.000,-79.124
19796.000,-79.124
19797.000,-79.124
19798.000,-79.124
19799.000,-79.124
19800.000,-79.124
19801.000,-158.248
19802.000,-158.248
19803.000,-79.124
19804.000,-79.124
19805.000,-79.124
19806.000,-79.124
19807.000,-79.124
19808.000,-79.124
19809.000,-79.124
19810.000,-158.248
19811.000,-79.124
19812.000,-79.124
19813.000,-79.124
19814.000,-79.124
19815.000,-79.124
19816.000,-79.124
19817.000,-79.124
19818.000,-79.124
19819.000,-79.124
19820.000,-79.124
19821.000,-79.124
19822.000,-79.124
19823.000,-79.124
19824.000,-79.124
19825.000,-79.124
19826.000,-79.124
19827.000,-79.124
19828.000,-79.124
19829.000,-79.124
19830.000,-79.124
19831.000,-79.124
19832.000,-79.124
19833.000,-79.124
19834.000,-158.248
19835.000,-79.124
19836.000,-79.124
19837.000,-79.124
19838.000,-79.124
19839.000,-79.124
19840.000,-79.124
19841.000,-79.124
19842.000,-158.248
19843.000,-158.248
19844.000,-79.124
19845.000,-79.124
19846.000,-79.124
19847.000,-79.124
19848.000,-79.124
19849.000,-79.124
19850.000,-158.248
19851.000,-158.248
19852.000,-79.124
19853.000,-79.124
19854.000,-79.124
19855.000,-79.124
19856.000,-79.124
19857.000,-79.124
19858.000,-158.248
19859.000,-158.248
19860.000,-158.248
19861.000,-79.124
19862.000,-79.124
19863.000,-79.124
19864.000,-79.124
19865.000,-79.124
19866.000,-79.124
19867.000,-158.248
19868.000,-158.248
19869.000,-79.124
19870.000,-79.124
19871.000,-79.124
19872.000,-79.124
19873.000,-79.124
19874.000,-79.124
19875.000,-158.248
19876.000,-158.248
19877.000,-158.248
19878.000,-79.124
19879.000,-79.124
19880.000,-79.124
19881.000,-79.124
19882.000,-79.124
19883.000,-79.124
19884.000,-158.248
19885.000,-158.248
19886.000,-158.248
19887.000,-79.124
19888.000,-79.124
19889.000,-79.124
19890.000,-79.124
19891.000,-79.124
19892.000,-158.248
19893.000,-158.248
19894.000,-158.248
19895.000,-79.124
19896.000,-79.124
19897.000,-79.124
19898.000,-79.124
19899.000,-79.124
19900.000,-79.124
19901.000,-158.248
19902.000,-158.248
19903.000,-79.124
19904.000,-79.124
19905.000,-79.124
19906.000,-79.124
19907.000,-79.124
19908.000,-79.124
19909.000,-158.248
19910.000,-158.248
19911.000,-79.124
19912.000,-79.124
19913.000,-79.124
19914.000,-79.124
19915.000,-79.124
19916.000,-79.124
19917.000,-79.124
19918.000,-79.124
19919.000,-79.124
19920.000,-79.124
19921.000,-79.124
19922.000,-79.124
19923.000,-79.124
19924.000,-79.124
19925.000,-79.124
19926.000,-79.124
19927.000,-79.124
19928.000,-79.124
19929.000,-79.124
19930.000,-79.124
19931.000,-79.124
19932.000,-79.124
19933.000,-79.124
19934.000,-79.124
19935.000,-79.124
19936.000,-79.124
19937.000,-79.124
19938.000,-79.124
19939.000,-79.124
19940.000,-79.124
19941.000,-79.124
19942.000,-158.248
19943.000,-79.124
19944.000,-79.124
19945.000,-79.124
19946.000,-79.124
19947.000,-79.124
19948.000,-79.124
19949.000,-79.124
19950.000,-158.248
19951.000,-158.248
19952.000,-79.124
19953.000,-79.124
19954.000,-79.124
19955.000,-79.124
19956.000,-79.124
19957.000,-79.124
19958.000,-79.124
19959.000,-158.248
19960.000,-158.248
19961.000,-79.124
19962.000,-79.124
19963.000,-79.124
19964.000,-79.124
19965.000,-79.124
19966.000,-79.124
19967.000,-158.248
19968.000,-158.248
19969.000,-158.248
19970.000,-79.124
19971.000,-79.124
19972.000,-79.124
19973.000,-79.124
19974.000,-79.124
19975.000,-79.124
19976.000,-158.248
19977.000,-158.248
19978.000,-79.124
19979.000,-79.124
19980.000,-79.124
19981.000,-79.124
19982.000,-79.124
19983.000,-79.124
19984.000,-79.124
19985.000,-79.124
19986.000,-79.124
19987.000,-79.124
19988.000,-79.124
19989.000,-79.124
19990.000,-79.124
19991.000,-79.124
19992.000,-79.124
19993.000,-79.124
19994.000,-79.124
19995.000,-79.124
19996.000,-79.124
19997.000,-79.124
19998.000,-79.124
19999.000,-79.124
20000.000,-79.124
20001.000,-79.124
20002.000,-79.124
20003.000,-79.124
20004.000,-79.124
20005.000,-79.124
20006.000,-79.124
20007.000,-79.124
20008.000,-158.248
20009.000,-158.248
20010.000,-79.124
20011.000,-79.124
20012.000,-79.124
20013.000,-79.124
20014.000,-79.124
20015.000,-79.124
20016.000,-79.124
20017.000,-158.248
20018.000,-158.248
20019.000,-79.124
20020.000,-79.124
20021.000,-79.124
20022.000,-79.124
20023.000,-79.124
20024.000,-79.124
20025.000,-158.248
20026.000,-158.248
20027.000,-158.248
20028.000,-79.124
20029.000,-79.124
20030.000,-79.124
20031.000,-79.124
20032.000,-79.124
20033.000,-79.124
20034.000,-158.248
20035.000,-158.248
20036.000,-79.124
20037.000,-79.124
20038.000,-79.124
20039.000,-79.124
20040.000,-79.124
20041.000,-79.124
20042.000,-79.124
20043.000,-158.248
20044.000,-79.124
20045.000,-79.124
20046.000,-79.124
20047.000,-79.124
20048.000,-79.124
20049.000,-79.124
20050.000,-79.124
20051.000,-79.124
20052.000,-79.124
20053.000,-79.124
20054.000,-79.124
20055.000,-79.124
20056.000,-79.124
20057.000,-79.124
20058.000,-79.124
20059.000,-79.124
20060.000,-79.124
20061.000,-79.124
20062.000,-79.124
20063.000,-79.124
20064.000,-79.124
20065.000,-79.124
20066.000,-79.124
20067.000,-79.124
20068.000,-79.124
20069.000,-79.124
20070.000,-79.124
20071.000,-79.124
20072.000,-79.124
20073.000,-79.124
20074.000,-79.124
20075.000,-79.124
20076.000,-79.124
20077.000,-79.124
20078.000,-79.124
20079.000,-79.124
20080.000,-79.124
20081.000,-79.124
20082.000,-79.124
20083.000,-79.124
20084.000,-158.248
20085.000,-158.248
20086.000,-79.124
20087.000,-79.124
20088.000,-79.124
20089.000,-79.124
20090.000,-79.124
20091.000,-79.124
20092.000,-79.124
20093.000,-158.248
20094.000,-79.124
20095.000,-79.124
20096.000,-79.124
20097.000,-79.124
20098.000,-79.124
20099.000,-79.124
20100.000,-79.124
20101.000,-79.124
20102.000,-79.124
20103.000,-79.124
20104.000,-79.124
20105.000,-79.124
20106.000,-79.124
20107.000,-79.124
20108.000,-79.124
20109.000,-79.124
20110.000,-79.124
20111.000,-79.124
20112.000,-79.124
20113.000,-79.124
20114.000,-79.124
20115.000,-79.124
20116.000,-79.124
20117.000,-79.124
20118.000,-79.124
20119.000,-79.124
20120.000,-79.124
20121.000,-79.124
20122.000,-79.124
20123.000,-79.124
20124.000,-79.124
20125.000,-79.124
20126.000,-79.124
20127.000,-79.124
20128.000,-79.124
20129.000,-79.124
20130.000,-79.124
20131.000,-79.124
20132.000,-79.124
20133.000,-158.248
20134.000,-158.248
20135.000,-79.124
20136.000,-79.124
20137.000,-79.124
20138.000,-79.124
20139.000,-79.124
20140.000,-79.124
20141.000,-79.124
20142.000,-158.248
20143.000,-158.248
20144.000,-79.124
20145.000,-79.124
20146.000,-79.124
20147.000,-79.124
20148.000,-79.124
20149.000,-79.124
20150.000,-158.248
20151.000,-158.248
20152.000,-158.248
20153.000,-79.124
20154.000,-79.124
20155.000,-79.124
20156.000,-79.124
20157.000,-79.124
20158.000,-79.124
20159.000,-158.248
20160.000,-158.248
20161.000,-158.248
20162.000,-79.124
20163.000,-79.124
20164.000,-79.124
20165.000,-79.124
20166.000,-79.124
20167.000,-79.124
20168.000,-158.248
20169.000,-158.248
20170.000,-79.124
20171.000,-79.124
20172.000,-79.124
20173.000,-79.124
20174.000,-79.124
20175.000,-79.124
20176.000,-79.124
20177.000,-79.124
20178.000,-79.124
20179.000,-79.124
20180.000,-79.124
20181.000,-79.124
20182.000,-79.124
20183.000,-79.124
20184.000,-79.124
20185.000,-79.124
20186.000,-79.124
20187.000,-79.124
20188.000,-79.124
20189.000,-79.124
20190.000,-79.124
20191.000,-79.124
20192.000,-79.124
20193.000,-79.124
20194.000,-79.124
20195.000,-79.124
20196.000,-79.124
20197.000,-79.124
20198.000,-79.124
20199.000,-79.124
20200.000,-79.124
20201.000,-79.124
20202.000,-79.124
20203.000,-79.124
20204.000,-79.124
20205.000,-79.124
20206.000,-79.124
20207.000,-79.124
20208.000,-79.124
20209.000,-79.124
20210.000,-79.124
20211.000,-79.124
20212.000,-79.124
20213.000,-79.124
20214.000,-79.124
20215.000,-79.124
20216.000,-79.124
20217.000,-79.124
20218.000,-79.124
20219.000,-79.124
20220.000,-79.124
20221.000,-79.124
20222.000,-79.124
20223.000,-79.124
20224.000,-79.124
20225.000,-79.124
20226.000,-158.248
20227.000,-79.124
20228.000,-79.124
20229.000,-79.124
20230.000,-79.124
20231.000,-79.124
20232.000,-79.124
20233.000,-79.124
20234.000,-158.248
20235.000,-158.248
20236.000,-79.124
20237.000,-79.124
20238.000,-79.124
20239.000,-79.124
20240.000,-79.124
20241.000,-79.124
20242.000,-79.124
20243.000,-158.248
20244.000,-79.124
20245.000,-79.124
20246.000,-79.124
20247.000,-79.124
20248.000,-79.124
20249.000,-79.124
20250.000,-79.124
20251.000,-158.248
20252.000,-79.124
20253.000,-79.124
20254.000,-79.124
20255.000,-79.124
20256.000,-79.124
20257.000,-79.124
20258.000,-79.124
20259.000,-79.124
20260.000,-158.248
20261.000,-79.124
20262.000,-79.124
20263.000,-79.124
20264.000,-79.124
20265.000,-79.124
20266.000,-79.124
20267.000,-79.124
20268.000,-158.248
20269.000,-79.124
20270.000,-79.124
20271.000,-79.124
20272.000,-79.124
20273.000,-79.124
20274.000,-79.124
20275.000,-79.124
20276.000,-158.248
20277.000,-79.124
20278.000,-79.124
20279.000,-79.124
20280.000,-79.124
20281.000,-79.124
20282.000,-79.124
20283.000,-79.124
20284.000,-158.248
20285.000,-158.248
20286.000,-79.124
20287.000,-79.124
20288.000,-79.124
20289.000,-79.124
20290.000,-79.124
20291.000,-79.124
20292.000,-79.124
20293.000,-158.248
20294.000,-79.124
20295.000,-79.124
20296.000,-79.124
20297.000,-79.124
20298.000,-79.124
20299.000,-79.124
20300.000,-79.124
20301.000,-79.124
20302.000,-158.248
20303.000,-79.124
20304.000,-79.124
20305.000,-79.124
20306.000,-79.124
20307.000,-79.124
20308.000,-79.124
20309.000,-79.124
20310.000,-158.248
20311.000,-79.124
20312.000,-79.124
20313.000,-79.124
20314.000,-79.124
20315.000,-79.124
20316.000,-79.124
20317.000,-79.124
20318.000,-79.124
20319.000,-79.124
20320.000,-79.124
20321.000,-79.124
20322.000,-79.124
20323.000,-79.124
20324.000,-79.124
20325.000,-79.124
20326.000,-79.124
20327.000,-79.124
20328.000,-79.124
20329.000,-79.124
20330.000,-79.124
20331.000,-79.124
20332.000,-79.124
20333.000,-79.124
20334.000,-79.124
20335.000,-79.124
20336.000,-79.124
20337.000,-79.124
20338.000,-79.124
20339.000,-79.124
20340.000,-79.124
20341.000,-79.124
20342.000,-79.124
20343.000,-79.124
20344.000,-79.124
20345.000,-79.124
20346.000,-79.124
20347.000,-79.124
20348.000,-79.124
20349.000,-79.124
20350.000,-79.124
20351.000,-79.124
20352.000,-79.124
20353.000,-79.124
20354.000,-79.124
20355.000,-79.124
20356.000,-79.124
20357.000,-79.124
20358.000,-79.124
20359.000,-79.124
20360.000,-79.124
20361.000,-79.124
20362.000,-79.124
20363.000,-79.124
20364.000,-79.124
20365.000,-79.124
20366.000,-79.124
20367.000,-158.248
20368.000,-158.248
20369.000,-79.124
20370.000,-79.124
20371.000,-79.124
20372.000,-79.124
20373.000,-79.124
20374.000,-79.124
20375.000,-79.124
20376.000,-158.248
20377.000,-158.248
20378.000,-79.124
20379.000,-79.124
20380.000,-79.124
20381.000,-79.124
20382.000,-79.124
20383.000,-79.124
20384.000,-158.248
20385.000,-158.248
20386.000,-158.248
20387.000,-79.124
20388.000,-79.124
20389.000,-79.124
20390.000,-79.124
20391.000,-79.124
20392.000,-79.124
20393.000,-158.248
20394.000,-158.248
20395.000,-79.124
20396.000,-79.124
20397.000,-79.124
20398.000,-79.124
20399.000,-79.124
20400.000,-79.124
20401.000,-79.124
20402.000,-79.124
20403.000,-79.124
20404.000,-79.124
20405.000,-79.124
20406.000,-79.124
20407.000,-79.124
20408.000,-79.124
20409.000,-79.124
20410.000,-79.124
20411.000,-79.124
20412.000,-79.124
20413.000,-79.124
20414.000,-79.124
20415.000,-79.124
20416.000,-79.124
20417.000,-79.124
20418.000,-79.124
20419.000,-79.124
20420.000,-79.124
20421.000,-79.124
20422.000,-79.124
20423.000,-79.124
20424.000,-79.124
20425.000,-79.124
20426.000,-79.124
20427.000,-79.124
20428.000,-79.124
20429.000,-79.124
20430.000,-79.124
20431.000,-79.124
20432.000,-79.124
20433.000,-79.124
20434.000,-158.248
20435.000,-158.248
20436.000,-79.124
20437.000,-79.124
20438.000,-79.124
20439.000,-79.124
20440.000,-79.124
20441.000,-79.124
20442.000,-158.248
20443.000,-158.248
20444.000,-158.248
20445.000,-79.124
20446.000,-79.124
20447.000,-79.124
20448.000,-79.124
20449.000,-79.124
20450.000,-79.124
20451.000,-158.248
20452.000,-158.248
20453.000,-79.124
20454.000,-79.124
20455.000,-79.124
20456.000,-79.124
20457.000,-79.124
20458.000,-79.124
20459.000,-79.124
20460.000,-158.248
20461.000,-158.248
20462.000,-79.124
20463.000,-79.124
20464.000,-79.124
20465.000,-79.124
20466.000,-79.124
20467.000,-79.124
20468.000,-158.248
20469.000,-158.248
20470.000,-79.124
20471.000,-79.124
20472.000,-79.124
20473.000,-79.124
20474.000,-79.124
20475.000,-79.124
20476.000,-79.124
20477.000,-79.124
20478.000,-79.124
20479.000,-79.124
20480.000,-79.124
20481.000,-79.124
20482.000,-79.124
20483.000,-79.124
20484.000,-79.124
20485.000,-79.124
20486.000,-79.124
20487.000,-79.124
20488.000,-79.124
20489.000,-79.124
20490.000,-79.124
20491.000,-79.124
20492.000,-79.124
20493.000,-158.248
20494.000,-79.124
20495.000,-79.124
20496.000,-79.124
20497.000,-79.124
20498.000,-79.124
20499.000,-79.124
20500.000,-79.124
20501.000,-158.248
20502.000,-158.248
20503.000,-79.124
20504.000,-79.124
20505.000,-79.124
20506.000,-79.124
20507.000,-79.124
20508.000,-79.124
20509.000,-158.248
20510.000,-158.248
20511.000,-79.124
20512.000,-79.124
20513.000,-79.124
20514.000,-79.124
20515.000,-79.124
20516.000,-79.124
20517.000,-158.248
20518.000,-158.248
20519.000,-158.248
20520.000,-79.124
20521.000,-79.124
20522.000,-79.124
20523.000,-79.124
20524.000,-79.124
20525.000,-79.124
20526.000,-158.248
20527.000,-158.248
20528.000,-79.124
20529.000,-79.124
20530.000,-79.124
20531.000,-79.124
20532.000,-79.124
20533.000,-79.124
20534.000,-79.124
20535.000,-158.248
20536.000,-158.248
20537.000,-79.124
20538.000,-79.124
20539.000,-79.124
20540.000,-79.124
20541.000,-79.124
20542.000,-79.124
20543.000,-158.248
20544.000,-158.248
20545.000,-79.124
20546.000,-79.124
20547.000,-79.124
20548.000,-79.124
20549.000,-79.124
20550.000,-79.124
20551.000,-158.248
20552.000,-158.248
20553.000,-79.124
20554.000,-79.124
20555.000,-79.124
20556.000,-79.124
20557.000,-79.124
20558.000,-79.124
20559.000,-79.124
20560.000,-158.248
20561.000,-79.124
20562.000,-79.124
20563.000,-79.124
20564.000,-79.124
20565.000,-79.124
20566.000,-79.124
20567.000,-79.124
20568.000,-158.248
20569.000,-158.248
20570.000,-79.124
20571.000,-79.124
20572.000,-79.124
20573.000,-79.124
20574.000,-79.124
20575.000,-79.124
20576.000,-158.248
20577.000,-158.248
20578.000,-79.124
20579.000,-79.124
20580.000,-79.124
20581.000,-79.124
20582.000,-79.124
20583.000,-79.124
20584.000,-79.124
20585.000,-158.248
20586.000,-158.248
20587.000,-79.124
20588.000,-79.124
20589.000,-79.124
20590.000,-79.124
20591.000,-79.124
20592.000,-79.124
20593.000,-158.248
20594.000,-158.248
20595.000,-79.124
20596.000,-79.124
20597.000,-79.124
20598.000,-79.124
20599.000,-79.124
20600.000,-79.124
20601.000,-79.124
20602.000,-79.124
20603.000,-79.124
20604.000,-79.124
20605.000,-79.124
20606.000,-79.124
20607.000,-79.124
20608.000,-79.124
20609.000,-158.248
20610.000,-79.124
20611.000,-79.124
20612.000,-79.124
20613.000,-79.124
20614.000,-79.124
20615.000,-79.124
20616.000,-79.124
20617.000,-158.248
20618.000,-158.248
20619.000,-79.124
20620.000,-79.124
20621.000,-79.124
20622.000,-79.124
20623.000,-79.124
20624.000,-79.124
20625.000,-158.248
20626.000,-158.248
20627.000,-158.248
20628.000,-79.124
20629.000,-79.124
20630.000,-79.124
20631.000,-79.124
20632.000,-79.124
20633.000,-158.248
20634.000,-158.248
20635.000,-158.248
20636.000,-79.124
20637.000,-79.124
20638.000,-79.124
20639.000,-79.124
20640.000,-79.124
20641.000,-79.124
20642.000,-158.248
20643.000,-158.248
20644.000,-158.248
20645.000,-79.124
20646.000,-79.124
20647.000,-79.124
20648.000,-79.124
20649.000,-79.124
20650.000,-79.124
20651.000,-158.248
20652.000,-158.248
20653.000,-158.248
20654.000,-79.124
20655.000,-79.124
20656.000,-79.124
20657.000,-79.124
20658.000,-79.124
20659.000,-79.124
20660.000,-158.248
20661.000,-158.248
20662.000,-79.124
20663.000,-79.124
20664.000,-79.124
20665.000,-79.124
20666.000,-79.124
20667.000,-79.124
20668.000,-158.248
20669.000,-158.248
20670.000,-79.124
20671.000,-79.124
20672.000,-79.124
20673.000,-79.124
20674.000,-79.124
20675.000,-79.124
20676.000,-79.124
20677.000,-158.248
20678.000,-79.124
20679.000,-79.124
20680.000,-79.124
20681.000,-79.124
20682.000,-79.124
20683.000,-79.124
20684.000,-79.124
20685.000,-79.124
20686.000,-79.124
20687.000,-79.124
20688.000,-79.124
20689.000,-79.124
20690.000,-79.124
20691.000,-79.124
20692.000,-79.124
20693.000,-79.124
20694.000,-79.124
20695.000,-79.124
20696.000,-79.124
20697.000,-79.124
20698.000,-79.124
20699.000,-79.124
20700.000,-79.124
20701.000,-158.248
20702.000,-79.124
20703.000,-79.124
20704.000,-79.124
20705.000,-79.124
20706.000,-79.124
20707.000,-79.124
20708.000,-79.124
20709.000,-158.248
20710.000,-158.248
20711.000,-79.124
20712.000,-79.124
20713.000,-79.124
20714.000,-79.124
20715.000,-79.124
20716.000,-79.124
20717.000,-158.248
20718.000,-158.248
20719.000,-79.124
20720.000,-79.124
20721.000,-79.124
20722.000,-79.124
20723.000,-79.124
20724.000,-79.124
20725.000,-158.248
20726.000,-158.248
20727.000,-158.248
20728.000,-79.124
20729.000,-79.124
20730.000,-79.124
20731.000,-79.124
20732.000,-79.124
20733.000,-79.124
20734.000,-158.248
20735.000,-158.248
20736.000,-158.248
20737.000,-79.124
20738.000,-79.124
20739.000,-79.124
20740.000,-79.124
20741.000,-79.124
20742.000,-158.248
20743.000,-158.248
20744.000,-158.248
20745.000,-79.124
20746.000,-79.124
20747.000,-79.124
20748.000,-79.124
20749.000,-79.124
20750.000,-79.124
20751.000,-158.248
20752.000,-158.248
20753.000,-158.248
20754.000,-79.124
20755.000,-79.124
20756.000,-79.124
20757.000,-79.124
20758.000,-79.124
20759.000,-158.248
20760.000,-158.248
20761.000,-158.248
20762.000,-79.124
20763.000,-79.124
20764.000,-79.124
20765.000,-79.124
20766.000,-79.124
20767.000,-79.124
20768.000,-158.248
20769.000,-158.248
20770.000,-79.124
20771.000,-79.124
20772.000,-79.124
20773.000,-79.124
20774.000,-79.124
20775.000,-79.124
20776.000,-158.248
20777.000,-158.248
20778.000,-79.124
20779.000,-79.124
20780.000,-79.124
20781.000,-79.124
20782.000,-79.124
20783.000,-79.124
20784.000,-158.248
20785.000,-158.248
20786.000,-79.124
20787.000,-79.124
20788.000,-79.124
20789.000,-79.124
20790.000,-79.124
20791.000,-79.124
20792.000,-158.248
20793.000,-158.248
20794.000,-158.248
20795.000,-79.124
20796.000,-79.124
20797.000,-79.124
20798.000,-79.124
20799.000,-79.124
20800.000,-158.248
20801.000,-158.248
20802.000,-158.248
20803.000,-79.124
20804.000,-79.124
20805.000,-79.124
20806.000,-79.124
20807.000,-79.124
20808.000,-79.124
20809.000,-158.248
20810.000,-158.248
20811.000,-158.248
20812.000,-79.124
20813.000,-79.124
20814.000,-79.124
20815.000,-79.124
20816.000,-79.124
20817.000,-79.124
20818.000,-158.248
20819.000,-158.248
20820.000,-79.124
20821.000,-79.124
20822.000,-79.124
20823.000,-79.124
20824.000,-79.124
20825.000,-79.124
20826.000,-158.248
20827.000,-158.248
20828.000,-79.124
20829.000,-79.124
20830.000,-79.124
20831.000,-79.124
20832.000,-79.124
20833.000,-79.124
20834.000,-79.124
20835.000,-158.248
20836.000,-79.124
20837.000,-79.124
20838.000,-79.124
20839.000,-79.124
20840.000,-79.124
20841.000,-79.124
20842.000,-158.248
20843.000,-158.248
20844.000,-79.124
20845.000,-79.124
20846.000,-79.124
20847.000,-79.124
20848.000,-79.124
20849.000,-79.124
20850.000,-158.248
20851.000,-158.248
20852.000,-158.248
20853.000,-79.124
20854.000,-79.124
20855.000,-79.124
20856.000,-79.124
20857.000,-79.124
20858.000,-79.124
20859.000,-158.248
20860.000,-158.248
20861.000,-79.124
20862.000,-79.124
20863.000,-79.124
20864.000,-79.124
20865.000,-79.124
20866.000,-79.124
20867.000,-158.248
20868.000,-158.248
20869.000,-158.248
20870.000,-79.124
20871.000,-79.124
20872.000,-79.124
20873.000,-79.124
20874.000,-79.124
20875.000,-79.124
20876.000,-158.248
20877.000,-158.248
20878.000,-79.124
20879.000,-79.124
20880.000,-79.124
20881.000,-79.124
20882.000,-79.124
20883.000,-79.124
20884.000,-158.248
20885.000,-158.248
20886.000,-79.124
20887.000,-79.124
20888.000,-79.124
20889.000,-79.124
20890.000,-79.124
20891.000,-79.124
20892.000,-158.248
20893.000,-158.248
20894.000,-158.248
20895.000,-79.124
20896.000,-79.124
20897.000,-79.124
20898.000,-79.124
20899.000,-79.124
20900.000,-158.248
20901.000,-158.248
20902.000,-158.248
20903.000,-79.124
20904.000,-79.124
20905.000,-79.124
20906.000,-79.124
20907.000,-79.124
20908.000,-79.124
20909.000,-158.248
20910.000,-158.248
20911.000,-79.124
20912.000,-79.124
20913.000,-79.124
20914.000,-79.124
20915.000,-79.124
20916.000,-79.124
20917.000,-158.248
20918.000,-158.248
20919.000,-158.248
20920.000,-79.124
20921.000,-79.124
20922.000,-79.124
20923.000,-79.124
20924.000,-79.124
20925.000,-79.124
20926.000,-158.248
20927.000,-158.248
20928.000,-79.124
20929.000,-79.124
20930.000,-79.124
20931.000,-79.124
20932.000,-79.124
20933.000,-79.124
20934.000,-158.248
20935.000,-158.248
20936.000,-158.248
20937.000,-79.124
20938.000,-79.124
20939.000,-79.124
20940.000,-79.124
20941.000,-79.124
20942.000,-79.124
20943.000,-158.248
20944.000,-158.248
20945.000,-79.124
20946.000,-79.124
20947.000,-79.124
20948.000,-79.124
20949.000,-79.124
20950.000,-79.124
20951.000,-158.248
20952.000,-158.248
20953.000,-79.124
20954.000,-79.124
20955.000,-79.124
20956.000,-79.124
20957.000,-79.124
20958.000,-79.124
20959.000,-79.124
20960.000,-79.124
20961.000,-79.124
20962.000,-79.124
20963.000,-79.124
20964.000,-79.124
20965.000,-79.124
20966.000,-79.124
20967.000,-79.124
20968.000,-79.124
20969.000,-79.124
20970.000,-79.124
20971.000,-79.124
20972.000,-79.124
20973.000,-79.124
20974.000,-79.124
20975.000,-158.248
20976.000,-158.248
20977.000,-79.124
20978.000,-79.124
20979.000,-79.124
20980.000,-79.124
20981.000,-79.124
20982.000,-79.124
20983.000,-158.248
20984.000,-158.248
20985.000,-158.248
20986.000,-79.124
20987.000,-79.124
20988.000,-79.124
20989.000,-79.124
20990.000,-79.124
20991.000,-158.248
20992.000,-158.248
20993.000,-158.248
20994.000,-158.248
20995.000,-79.124
20996.000,-79.124
20997.000,-79.124
20998.000,-79.124
20999.000,-79.124
21000.000,-158.248
21001.000,-158.248
21002.000,-158.248
21003.000,-79.124
21004.000,-79.124
21005.000,-79.124
21006.000,-79.124
21007.000,-79.124
21008.000,-79.124
21009.000,-158.248
21010.000,-158.248
21011.000,-158.248
21012.000,-79.124
21013.000,-79.124
21014.000,-79.124
21015.000,-79.124
21016.000,-79.124
21017.000,-158.248
21018.000,-158.248
21019.000,-158.248
21020.000,-79.124
21021.000,-79.124
21022.000,-79.124
21023.000,-79.124
21024.000,-79.124
21025.000,-79.124
21026.000,-158.248
21027.000,-158.248
21028.000,-79.124
21029.000,-79.124
21030.000,-79.124
21031.000,-79.124
21032.000,-79.124
21033.000,-79.124
21034.000,-158.248
21035.000,-158.248
21036.000,-79.124
21037.000,-79.124
21038.000,-79.124
21039.000,-79.124
21040.000,-79.124
21041.000,-79.124
21042.000,-158.248
21043.000,-158.248
21044.000,-158.248
21045.000,-79.124
21046.000,-79.124
21047.000,-79.124
21048.000,-79.124
21049.000,-79.124
21050.000,-79.124
21051.000,-158.248
21052.000,-158.248
21053.000,-79.124
21054.000,-79.124
21055.000,-79.124
21056.000,-79.124
21057.000,-79.124
21058.000,-79.124
21059.000,-158.248
21060.000,-158.248
21061.000,-79.124
21062.000,-79.124
21063.000,-79.124
21064.000,-79.124
21065.000,-79.124
21066.000,-79.124
21067.000,-79.124
21068.000,-158.248
21069.000,-79.124
21070.000,-79.124
21071.000,-79.124
21072.000,-79.124
21073.000,-79.124
21074.000,-79.124
21075.000,-79.124
21076.000,-158.248
21077.000,-79.124
21078.000,-79.124
21079.000,-79.124
21080.000,-79.124
21081.000,-79.124
21082.000,-79.124
21083.000,-79.124
21084.000,-158.248
21085.000,-158.248
21086.000,-79.124
21087.000,-79.124
21088.000,-79.124
21089.000,-79.124
21090.000,-79.124
21091.000,-79.124
21092.000,-158.248
21093.000,-158.248
21094.000,-79.124
21095.000,-79.124
21096.000,-79.124
21097.000,-79.124
21098.000,-79.124
21099.000,-79.124
21100.000,-158.248
21101.000,-158.248
21102.000,-158.248
21103.000,-79.124
21104.000,-79.124
21105.000,-79.124
21106.000,-79.124
21107.000,-79.124
21108.000,-79.124
21109.000,-158.248
21110.000,-158.248
21111.000,-79.124
21112.000,-79.124
21113.000,-79.124
21114.000,-79.124
21115.000,-79.124
21116.000,-79.124
21117.000,-79.124
21118.000,-158.248
21119.000,-79.124
21120.000,-79.124
21121.000,-79.124
21122.000,-79.124
21123.000,-79.124
21124.000,-79.124
21125.000,-79.124
21126.000,-158.248
21127.000,-79.124
21128.000,-79.124
21129.000,-79.124
21130.000,-79.124
21131.000,-79.124
21132.000,-79.124
21133.000,-79.124
21134.000,-158.248
21135.000,-158.248
21136.000,-79.124
21137.000,-79.124
21138.000,-79.124
21139.000,-79.124
21140.000,-79.124
21141.000,-79.124
21142.000,-158.248
21143.000,-158.248
21144.000,-158.248
21145.000,-79.124
21146.000,-79.124
21147.000,-79.124
21148.000,-79.124
21149.000,-79.124
21150.000,-79.124
21151.000,-158.248
21152.000,-158.248
21153.000,-79.124
21154.000,-79.124
21155.000,-79.124
21156.000,-79.124
21157.000,-79.124
21158.000,-79.124
21159.000,-158.248
21160.000,-158.248
21161.000,-158.248
21162.000,-79.124
21163.000,-79.124
21164.000,-79.124
21165.000,-79.124
21166.000,-79.124
21167.000,-79.124
21168.000,-158.248
21169.000,-158.248
21170.000,-79.124
21171.000,-79.124
21172.000,-79.124
21173.000,-79.124
21174.000,-79.124
21175.000,-79.124
21176.000,-79.124
21177.000,-79.124
21178.000,-79.124
21179.000,-79.124
21180.000,-79.124
21181.000,-79.124
21182.000,-79.124
21183.000,-79.124
21184.000,-79.124
21185.000,-79.124
21186.000,-79.124
21187.000,-79.124
21188.000,-79.124
21189.000,-79.124
21190.000,-79.124
21191.000,-79.124
21192.000,-79.124
21193.000,-79.124
21194.000,-79.124
21195.000,-79.124
21196.000,-79.124
21197.000,-79.124
21198.000,-79.124
21199.000,-79.124
21200.000,-158.248
21201.000,-158.248
21202.000,-79.124
21203.000,-79.124
21204.000,-79.124
21205.000,-79.124
21206.000,-79.124
21207.000,-79.124
21208.000,-158.248
21209.000,-158.248
21210.000,-158.248
21211.000,-79.124
21212.000,-79.124
21213.000,-79.124
21214.000,-79.124
21215.000,-79.124
21216.000,-79.124
21217.000,-158.248
21218.000,-158.248
21219.000,-79.124
21220.000,-79.124
21221.000,-79.124
21222.000,-79.124
21223.000,-79.124
21224.000,-79.124
21225.000,-79.124
21226.000,-158.248
21227.000,-158.248
21228.000,-79.124
21229.000,-79.124
21230.000,-79.124
21231.000,-79.124
21232.000,-79.124
21233.000,-79.124
21234.000,-158.248
21235.000,-158.248
21236.000,-79.124
21237.000,-79.124
21238.000,-79.124
21239.000,-79.124
21240.000,-79.124
21241.000,-79.124
21242.000,-79.124
21243.000,-79.124
21244.000,-79.124
21245.000,-79.124
21246.000,-79.124
21247.000,-79.124
21248.000,-79.124
21249.000,-79.124
21250.000,-79.124
21251.000,-79.124
21252.000,-79.124
21253.000,-79.124
21254.000,-79.124
21255.000,-79.124
21256.000,-79.124
21257.000,-79.124
21258.000,-79.124
21259.000,-79.124
21260.000,-79.124
21261.000,-79.124
21262.000,-79.124
21263.000,-79.124
21264.000,-79.124
21265.000,-79.124
21266.000,-79.124
21267.000,-158.248
21268.000,-158.248
21269.000,-79.124
21270.000,-79.124
21271.000,-79.124
21272.000,-79.124
21273.000,-79.124
21274.000,-79.124
21275.000,-158.248
21276.000,-158.248
21277.000,-158.248
21278.000,-79.124
21279.000,-79.124
21280.000,-79.124
21281.000,-79.124
21282.000,-79.124
21283.000,-79.124
21284.000,-158.248
21285.000,-158.248
21286.000,-79.124
21287.000,-79.124
21288.000,-79.124
21289.000,-79.124
21290.000,-79.124
21291.000,-79.124
21292.000,-158.248
21293.000,-158.248
21294.000,-158.248
21295.000,-79.124
21296.000,-79.124
21297.000,-79.124
21298.000,-79.124
21299.000,-79.124
21300.000,-79.124
21301.000,-158.248
21302.000,-158.248
21303.000,-79.124
21304.000,-79.124
21305.000,-79.124
21306.000,-79.124
21307.000,-79.124
21308.000,-79.124
21309.000,-79.124
21310.000,-158.248
21311.000,-79.124
21312.000,-79.124
21313.000,-79.124
21314.000,-79.124
21315.000,-79.124
21316.000,-79.124
21317.000,-79.124
21318.000,-79.124
21319.000,-79.124
21320.000,-79.124
21321.000,-79.124
21322.000,-79.124
21323.000,-79.124
21324.000,-79.124
21325.000,-79.124
21326.000,-79.124
21327.000,-79.124
21328.000,-79.124
21329.000,-79.124
21330.000,-79.124
21331.000,-79.124
21332.000,-79.124
21333.000,-79.124
21334.000,-79.124
21335.000,-79.124
21336.000,-79.124
21337.000,-79.124
21338.000,-79.124
21339.000,-79.124
21340.000,-79.124
21341.000,-79.124
21342.000,-79.124
21343.000,-79.124
21344.000,-79.124
21345.000,-79.124
21346.000,-79.124
21347.000,-79.124
21348.000,-79.124
21349.000,-79.124
21350.000,-79.124
21351.000,-158.248
21352.000,-79.124
21353.000,-79.124
21354.000,-79.124
21355.000,-79.124
21356.000,-79.124
21357.000,-79.124
21358.000,-79.124
21359.000,-158.248
21360.000,-158.248
21361.000,-79.124
21362.000,-79.124
21363.000,-79.124
21364.000,-79.124
21365.000,-79.124
21366.000,-79.124
21367.000,-158.248
21368.000,-158.248
21369.000,-79.124
21370.000,-79.124
21371.000,-79.124
21372.000,-79.124
21373.000,-79.124
21374.000,-79.124
21375.000,-79.124
21376.000,-158.248
21377.000,-79.124
21378.000,-79.124
21379.000,-79.124
21380.000,-79.124
21381.000,-79.124
21382.000,-79.124
21383.000,-79.124
21384.000,-79.124
21385.000,-79.124
21386.000,-79.124
21387.000,-79.124
21388.000,-79.124
21389.000,-79.124
21390.000,-79.124
21391.000,-79.124
21392.000,-79.124
21393.000,-158.248
21394.000,-79.124
21395.000,-79.124
21396.000,-79.124
21397.000,-79.124
21398.000,-79.124
21399.000,-79.124
21400.000,-79.124
21401.000,-158.248
21402.000,-158.248
21403.000,-79.124
21404.000,-79.124
21405.000,-79.124
21406.000,-79.124
21407.000,-79.124
21408.000,-79.124
21409.000,-158.248
21410.000,-158.248
21411.000,-79.124
21412.000,-79.124
21413.000,-79.124
21414.000,-79.124
21415.000,-79.124
21416.000,-79.124
21417.000,-79.124
21418.000,-158.248
21419.000,-158.248
21420.000,-79.124
21421.000,-79.124
21422.000,-79.124
21423.000,-79.124
21424.000,-79.124
21425.000,-79.124
21426.000,-79.124
21427.000,-79.124
21428.000,-79.124
21429.000,-79.124
21430.000,-79.124
21431.000,-79.124
21432.000,-79.124
21433.000,-79.124
21434.000,-79.124
21435.000,-79.124
21436.000,-79.124
21437.000,-79.124
21438.000,-79.124
21439.000,-79.124
21440.000,-79.124
21441.000,-79.124
21442.000,-79.124
21443.000,-79.124
21444.000,-79.124
21445.000,-79.124
21446.000,-79.124
21447.000,-79.124
21448.000,-79.124
21449.000,-79.124
21450.000,-79.124
21451.000,-79.124
21452.000,-79.124
21453.000,-79.124
21454.000,-79.124
21455.000,-79.124
21456.000,-79.124
21457.000,-79.124
21458.000,-79.124
21459.000,-79.124
21460.000,-79.124
21461.000,-79.124
21462.000,-79.124
21463.000,-79.124
21464.000,-79.124
21465.000,-79.124
21466.000,-79.124
21467.000,-79.124
21468.000,-79.124
21469.000,-79.124
21470.000,-79.124
21471.000,-79.124
21472.000,-79.124
21473.000,-79.124
21474.000,-79.124
21475.000,-79.124
21476.000,-79.124
21477.000,-79.124
21478.000,-79.124
21479.000,-79.124
21480.000,-79.124
21481.000,-79.124
21482.000,-79.124
21483.000,-79.124
21484.000,-158.248
21485.000,-79.124
21486.000,-79.124
21487.000,-79.124
21488.000,-79.124
21489.000,-79.124
21490.000,-79.124
21491.000,-79.124
21492.000,-158.248
21493.000,-158.248
21494.000,-79.124
21495.000,-79.124
21496.000,-79.124
21497.000,-79.124
21498.000,-79.124
21499.000,-79.124
21500.000,-158.248
21501.000,-158.248
21502.000,-158.248
21503.000,-79.124
21504.000,-79.124
21505.000,-79.124
21506.000,-79.124
21507.000,-79.124
21508.000,-79.124
21509.000,-158.248
21510.000,-158.248
21511.000,-158.248
21512.000,-79.124
21513.000,-79.124
21514.000,-79.124
21515.000,-79.124
21516.000,-79.124
21517.000,-79.124
21518.000,-158.248
21519.000,-158.248
21520.000,-79.124
21521.000,-79.124
21522.000,-79.124
21523.000,-79.124
21524.000,-79.124
21525.000,-79.124
21526.000,-79.124
21527.000,-158.248
21528.000,-158.248
21529.000,-79.124
21530.000,-79.124
21531.000,-79.124
21532.000,-79.124
21533.000,-79.124
21534.000,-79.124
21535.000,-79.124
21536.000,-158.248
21537.000,-79.124
21538.000,-79.124
21539.000,-79.124
21540.000,-79.124
21541.000,-79.124
21542.000,-79.124
21543.000,-79.124
21544.000,-79.124
21545.000,-79.124
21546.000,-79.124
21547.000,-79.124
21548.000,-79.124
21549.000,-79.124
21550.000,-79.124
21551.000,-79.124
21552.000,-79.124
21553.000,-79.124
21554.000,-79.124
21555.000,-79.124
21556.000,-79.124
21557.000,-79.124
21558.000,-79.124
21559.000,-79.124
21560.000,-79.124
21561.000,-79.124
21562.000,-79.124
21563.000,-79.124
21564.000,-79.124
21565.000,-79.124
21566.000,-79.124
21567.000,-158.248
21568.000,-158.248
21569.000,-79.124
21570.000,-79.124
21571.000,-79.124
21572.000,-79.124
21573.000,-79.124
21574.000,-79.124
21575.000,-79.124
21576.000,-158.248
21577.000,-158.248
21578.000,-79.124
21579.000,-79.124
21580.000,-79.124
21581.000,-79.124
21582.000,-79.124
21583.000,-79.124
21584.000,-158.248
21585.000,-158.248
21586.000,-158.248
21587.000,-79.124
21588.000,-79.124
21589.000,-79.124
21590.000,-79.124
21591.000,-79.124
21592.000,-79.124
21593.000,-158.248
21594.000,-158.248
21595.000,-79.124
21596.000,-79.124
21597.000,-79.124
21598.000,-79.124
21599.000,-79.124
21600.000,-79.124
21601.000,-79.124
21602.000,-158.248
21603.000,-79.124
21604.000,-79.124
21605.000,-79.124
21606.000,-79.124
21607.000,-79.124
21608.000,-79.124
21609.000,-79.124
21610.000,-79.124
21611.000,-79.124
21612.000,-79.124
21613.000,-79.124
21614.000,-79.124
21615.000,-79.124
21616.000,-79.124
21617.000,-79.124
21618.000,-79.124
21619.000,-79.124
21620.000,-79.124
21621.000,-79.124
21622.000,-79.124
21623.000,-79.124
21624.000,-79.124
21625.000,-79.124
21626.000,-79.124
21627.000,-79.124
21628.000,-79.124
21629.000,-79.124
21630.000,-79.124
21631.000,-79.124
21632.000,-79.124
21633.000,-79.124
21634.000,-79.124
21635.000,-158.248
21636.000,-79.124
21637.000,-79.124
21638.000,-79.124
21639.000,-79.124
21640.000,-79.124
21641.000,-79.124
21642.000,-79.124
21643.000,-158.248
21644.000,-158.248
21645.000,-79.124
21646.000,-79.124
21647.000,-79.124
21648.000,-79.124
21649.000,-79.124
21650.000,-79.124
21651.000,-79.124
21652.000,-158.248
21653.000,-79.124
21654.000,-79.124
21655.000,-79.124
21656.000,-79.124
21657.000,-79.124
21658.000,-79.124
21659.000,-79.124
21660.000,-158.248
21661.000,-79.124
21662.000,-79.124
21663.000,-79.124
21664.000,-79.124
21665.000,-79.124
21666.000,-79.124
21667.000,-79.124
21668.000,-79.124
21669.000,-79.124
21670.000,-79.124
21671.000,-79.124
21672.000,-79.124
21673.000,-79.124
21674.000,-79.124
21675.000,-79.124
21676.000,-79.124
21677.000,-158.248
21678.000,-79.124
21679.000,-79.124
21680.000,-79.124
21681.000,-79.124
21682.000,-79.124
21683.000,-79.124
21684.000,-79.124
21685.000,-158.248
21686.000,-79.124
21687.000,-79.124
21688.000,-79.124
21689.000,-79.124
21690.000,-79.124
21691.000,-79.124
21692.000,-79.124
21693.000,-158.248
21694.000,-79.124
21695.000,-79.124
21696.000,-79.124
21697.000,-79.124
21698.000,-79.124
21699.000,-79.124
21700.000,-79.124
21701.000,-158.248
21702.000,-158.248
21703.000,-79.124
21704.000,-79.124
21705.000,-79.124
21706.000,-79.124
21707.000,-79.124
21708.000,-79.124
21709.000,-79.124
21710.000,-158.248
21711.000,-158.248
21712.000,-79.124
21713.000,-79.124
21714.000,-79.124
21715.000,-79.124
21716.000,-79.124
21717.000,-79.124
21718.000,-158.248
21719.000,-158.248
21720.000,-79.124
21721.000,-79.124
21722.000,-79.124
21723.000,-79.124
21724.000,-79.124
21725.000,-79.124
21726.000,-79.124
21727.000,-158.248
21728.000,-79.124
21729.000,-79.124
21730.000,-79.124
21731.000,-79.124
21732.000,-79.124
21733.000,-79.124
21734.000,-79.124
21735.000,-158.248
21736.000,-79.124
21737.000,-79.124
21738.000,-79.124
21739.000,-79.124
21740.000,-79.124
21741.000,-79.124
21742.000,-79.124
21743.000,-79.124
21744.000,-79.124
21745.000,-79.124
21746.000,-79.124
21747.000,-79.124
21748.000,-79.124
21749.000,-79.124
21750.000,-79.124
21751.000,-158.248
21752.000,-158.248
21753.000,-79.124
21754.000,-79.124
21755.000,-79.124
21756.000,-79.124
21757.000,-79.124
21758.000,-79.124
21759.000,-158.248
21760.000,-158.248
21761.000,-79.124
21762.000,-79.124
21763.000,-79.124
21764.000,-79.124
21765.000,-79.124
21766.000,-79.124
21767.000,-79.124
21768.000,-158.248
21769.000,-158.248
21770.000,-79.124
21771.000,-79.124
21772.000,-79.124
21773.000,-79.124
21774.000,-79.124
21775.000,-79.124
21776.000,-158.248
21777.000,-158.248
21778.000,-158.248
21779.000,-79.124
21780.000,-79.124
21781.000,-79.124
21782.000,-79.124
21783.000,-79.124
21784.000,-79.124
21785.000,-158.248
21786.000,-158.248
21787.000,-79.124
21788.000,-79.124
21789.000,-79.124
21790.000,-79.124
21791.000,-79.124
21792.000,-79.124
21793.000,-158.248
21794.000,-158.248
21795.000,-158.248
21796.000,-79.124
21797.000,-79.124
21798.000,-79.124
21799.000,-79.124
21800.000,-79.124
21801.000,-79.124
21802.000,-158.248
21803.000,-158.248
21804.000,-79.124
21805.000,-79.124
21806.000,-79.124
21807.000,-79.124
21808.000,-79.124
21809.000,-79.124
21810.000,-79.124
21811.000,-79.124
21812.000,-79.124
21813.000,-79.124
21814.000,-79.124
21815.000,-79.124
21816.000,-79.124
21817.000,-79.124
21818.000,-79.124
21819.000,-79.124
21820.000,-79.124
21821.000,-79.124
21822.000,-79.124
21823.000,-79.124
21824.000,-79.124
21825.000,-79.124
21826.000,-79.124
21827.000,-79.124
21828.000,-79.124
21829.000,-79.124
21830.000,-79.124
21831.000,-79.124
21832.000,-79.124
21833.000,-79.124
21834.000,-79.124
21835.000,-79.124
21836.000,-79.124
21837.000,-79.124
21838.000,-79.124
21839.000,-79.124
21840.000,-79.124
21841.000,-79.124
21842.000,-158.248
21843.000,-158.248
21844.000,-158.248
21845.000,-79.124
21846.000,-79.124
21847.000,-79.124
21848.000,-79.124
21849.000,-79.124
21850.000,-79.124
21851.000,-158.248
21852.000,-158.248
21853.000,-79.124
21854.000,-79.124
21855.000,-79.124
21856.000,-79.124
21857.000,-79.124
21858.000,-79.124
21859.000,-158.248
21860.000,-158.248
21861.000,-158.248
21862.000,-79.124
21863.000,-79.124
21864.000,-79.124
21865.000,-79.124
21866.000,-79.124
21867.000,-158.248
21868.000,-158.248
21869.000,-158.248
21870.000,-79.124
21871.000,-79.124
21872.000,-79.124
21873.000,-79.124
21874.000,-79.124
21875.000,-79.124
21876.000,-158.248
21877.000,-158.248
21878.000,-158.248
21879.000,-79.124
21880.000,-79.124
21881.000,-79.124
21882.000,-79.124
21883.000,-79.124
21884.000,-79.124
21885.000,-158.248
21886.000,-158.248
21887.000,-79.124
21888.000,-79.124
21889.000,-79.124
21890.000,-79.124
21891.000,-79.124
21892.000,-79.124
21893.000,-158.248
21894.000,-158.248
21895.000,-79.124
21896.000,-79.124
21897.000,-79.124
21898.000,-79.124
21899.000,-79.124
21900.000,-79.124
21901.000,-79.124
21902.000,-158.248
21903.000,-158.248
21904.000,-79.124
21905.000,-79.124
21906.000,-79.124
21907.000,-79.124
21908.000,-79.124
21909.000,-79.124
21910.000,-158.248
21911.000,-79.124
21912.000,-79.124
21913.000,-79.124
21914.000,-79.124
21915.000,-79.124
21916.000,-79.124
21917.000,-79.124
21918.000,-158.248
21919.000,-158.248
21920.000,-79.124
21921.000,-79.124
21922.000,-79.124
21923.000,-79.124
21924.000,-79.124
21925.000,-79.124
21926.000,-158.248
21927.000,-158.248
21928.000,-79.124
21929.000,-79.124
21930.000,-79.124
21931.000,-79.124
21932.000,-79.124
21933.000,-79.124
21934.000,-158.248
21935.000,-158.248
21936.000,-158.248
21937.000,-79.124
21938.000,-79.124
21939.000,-79.124
21940.000,-79.124
21941.000,-79.124
21942.000,-79.124
21943.000,-158.248
21944.000,-158.248
21945.000,-79.124
21946.000,-79.124
21947.000,-79.124
21948.000,-79.124
21949.000,-79.124
21950.000,-79.124
21951.000,-158.248
21952.000,-158.248
21953.000,-79.124
21954.000,-79.124
21955.000,-79.124
21956.000,-79.124
21957.000,-79.124
21958.000,-79.124
21959.000,-79.124
21960.000,-158.248
21961.000,-79.124
21962.000,-79.124
21963.000,-79.124
21964.000,-79.124
21965.000,-79.124
21966.000,-79.124
21967.000,-79.124
21968.000,-158.248
21969.000,-79.124
21970.000,-79.124
21971.000,-79.124
21972.000,-79.124
21973.000,-79.124
21974.000,-79.124
21975.000,-79.124
21976.000,-158.248
21977.000,-158.248
21978.000,-79.124
21979.000,-79.124
21980.000,-79.124
21981.000,-79.124
21982.000,-79.124
21983.000,-79.124
21984.000,-158.248
21985.000,-158.248
21986.000,-79.124
21987.000,-79.124
21988.000,-79.124
21989.000,-79.124
21990.000,-79.124
21991.000,-79.124
21992.000,-158.248
21993.000,-158.248
21994.000,-158.248
21995.000,-79.124
21996.000,-79.124
21997.000,-79.124
21998.000,-79.124
21999.000,-79.124
22000.000,-79.124
22001.000,-158.248
22002.000,-158.248
22003.000,-158.248
22004.000,-79.124
22005.000,-79.124
22006.000,-79.124
22007.000,-79.124
22008.000,-79.124
22009.000,-158.248
22010.000,-158.248
22011.000,-158.248
22012.000,-79.124
22013.000,-79.124
22014.000,-79.124
22015.000,-79.124
22016.000,-79.124
22017.000,-79.124
22018.000,-158.248
22019.000,-158.248
22020.000,-79.124
22021.000,-79.124
22022.000,-79.124
22023.000,-79.124
22024.000,-79.124
22025.000,-79.124
22026.000,-79.124
22027.000,-158.248
22028.000,-79.124
22029.000,-79.124
22030.000,-79.124
22031.000,-79.124
22032.000,-79.124
22033.000,-79.124
22034.000,-79.124
22035.000,-158.248
22036.000,-79.124
22037.000,-79.124
22038.000,-79.124
22039.000,-79.124
22040.000,-79.124
22041.000,-79.124
22042.000,-79.124
22043.000,-158.248
22044.000,-79.124
22045.000,-79.124
22046.000,-79.124
22047.000,-79.124
22048.000,-79.124
22049.000,-79.124
22050.000,-79.124
22051.000,-158.248
22052.000,-158.248
22053.000,-79.124
22054.000,-79.124
22055.000,-79.124
22056.000,-79.124
22057.000,-79.124
22058.000,-79.124
22059.000,-158.248
22060.000,-158.248
22061.000,-79.124
22062.000,-79.124
22063.000,-79.124
22064.000,-79.124
22065.000,-79.124
22066.000,-79.124
22067.000,-158.248
22068.000,-158.248
22069.000,-158.248
22070.000,-79.124
22071.000,-79.124
22072.000,-79.124
22073.000,-79.124
22074.000,-79.124
22075.000,-79.124
22076.000,-158.248
22077.000,-158.248
22078.000,-79.124
22079.000,-79.124
22080.000,-79.124
22081.000,-79.124
22082.000,-79.124
22083.000,-79.124
22084.000,-158.248
22085.000,-158.248
22086.000,-158.248
22087.000,-79.124
22088.000,-79.124
22089.000,-79.124
22090.000,-79.124
22091.000,-79.124
22092.000,-79.124
22093.000,-158.248
22094.000,-158.248
22095.000,-79.124
22096.000,-79.124
22097.000,-79.124
22098.000,-79.124
22099.000,-79.124
22100.000,-79.124
22101.000,-158.248
22102.000,-158.248
22103.000,-79.124
22104.000,-79.124
22105.000,-79.124
22106.000,-79.124
22107.000,-79.124
22108.000,-79.124
22109.000,-158.248
22110.000,-158.248
22111.000,-79.124
22112.000,-79.124
22113.000,-79.124
22114.000,-79.124
22115.000,-79.124
22116.000,-79.124
22117.000,-158.248
22118.000,-158.248
22119.000,-158.248
22120.000,-79.124
22121.000,-79.124
22122.000,-79.124
22123.000,-79.124
22124.000,-79.124
22125.000,-158.248
22126.000,-158.248
22127.000,-158.248
22128.000,-79.124
22129.000,-79.124
22130.000,-79.124
22131.000,-79.124
22132.000,-79.124
22133.000,-79.124
22134.000,-158.248
22135.000,-158.248
22136.000,-158.248
22137.000,-79.124
22138.000,-79.124
22139.000,-79.124
22140.000,-79.124
22141.000,-79.124
22142.000,-79.124
22143.000,-158.248
22144.000,-158.248
22145.000,-79.124
22146.000,-79.124
22147.000,-79.124
22148.000,-79.124
22149.000,-79.124
22150.000,-79.124
22151.000,-158.248
22152.000,-158.248
22153.000,-79.124
22154.000,-79.124
22155.000,-79.124
22156.000,-79.124
22157.000,-79.124
22158.000,-79.124
22159.000,-79.124
22160.000,-158.248
22161.000,-79.124
22162.000,-79.124
22163.000,-79.124
22164.000,-79.124
22165.000,-79.124
22166.000,-79.124
22167.000,-79.124
22168.000,-158.248
22169.000,-79.124
22170.000,-79.124
22171.000,-79.124
22172.000,-79.124
22173.000,-79.124
22174.000,-79.124
22175.000,-79.124
22176.000,-158.248
22177.000,-158.248
22178.000,-79.124
22179.000,-79.124
22180.000,-79.124
22181.000,-79.124
22182.000,-79.124
22183.000,-79.124
22184.000,-158.248
22185.000,-158.248
22186.000,-79.124
22187.000,-79.124
22188.000,-79.124
22189.000,-79.124
22190.000,-79.124
22191.000,-79.124
22192.000,-158.248
22193.000,-158.248
22194.000,-79.124
22195.000,-79.124
22196.000,-79.124
22197.000,-79.124
22198.000,-79.124
22199.000,-79.124
22200.000,-79.124
22201.000,-158.248
22202.000,-158.248
22203.000,-79.124
22204.000,-79.124
22205.000,-79.124
22206.000,-79.124
22207.000,-79.124
22208.000,-79.124
22209.000,-158.248
22210.000,-158.248
22211.000,-79.124
22212.000,-79.124
22213.000,-79.124
22214.000,-79.124
22215.000,-79.124
22216.000,-79.124
22217.000,-158.248
22218.000,-158.248
22219.000,-158.248
22220.000,-79.124
22221.000,-79.124
22222.000,-79.124
22223.000,-79.124
22224.000,-79.124
22225.000,-79.124
22226.000,-158.248
22227.000,-158.248
22228.000,-79.124
22229.000,-79.124
22230.000,-79.124
22231.000,-79.124
22232.000,-79.124
22233.000,-79.124
22234.000,-158.248
22235.000,-158.248
22236.000,-79.124
22237.000,-79.124
22238.000,-79.124
22239.000,-79.124
22240.000,-79.124
22241.000,-79.124
22242.000,-158.248
22243.000,-158.248
22244.000,-79.124
22245.000,-79.124
22246.000,-79.124
22247.000,-79.124
22248.000,-79.124
22249.000,-79.124
22250.000,-79.124
22251.000,-158.248
22252.000,-158.248
22253.000,-79.124
22254.000,-79.124
22255.000,-79.124
22256.000,-79.124
22257.000,-79.124
22258.000,-79.124
22259.000,-158.248
22260.000,-158.248
22261.000,-79.124
22262.000,-79.124
22263.000,-79.124
22264.000,-79.124
22265.000,-79.124
22266.000,-79.124
22267.000,-79.124
22268.000,-158.248
22269.000,-158.248
22270.000,-79.124
22271.000,-79.124
22272.000,-79.124
22273.000,-79.124
22274.000,-79.124
22275.000,-79.124
22276.000,-158.248
22277.000,-158.248
22278.000,-79.124
22279.000,-79.124
22280.000,-79.124
22281.000,-79.124
22282.000,-79.124
22283.000,-79.124
22284.000,-158.248
22285.000,-158.248
22286.000,-158.248
22287.000,-79.124
22288.000,-79.124
22289.000,-79.124
22290.000,-79.124
22291.000,-79.124
22292.000,-79.124
22293.000,-158.248
22294.000,-158.248
22295.000,-79.124
22296.000,-79.124
22297.000,-79.124
22298.000,-79.124
22299.000,-79.124
22300.000,-79.124
22301.000,-158.248
22302.000,-158.248
22303.000,-79.124
22304.000,-79.124
22305.000,-79.124
22306.000,-79.124
22307.000,-79.124
22308.000,-79.124
22309.000,-79.124
22310.000,-79.124
22311.000,-79.124
22312.000,-79.124
22313.000,-79.124
22314.000,-79.124
22315.000,-79.124
22316.000,-79.124
22317.000,-79.124
22318.000,-79.124
22319.000,-79.124
22320.000,-79.124
22321.000,-79.124
22322.000,-79.124
22323.000,-79.124
22324.000,-79.124
22325.000,-79.124
22326.000,-158.248
22327.000,-79.124
22328.000,-79.124
22329.000,-79.124
22330.000,-79.124
22331.000,-79.124
22332.000,-79.124
22333.000,-158.248
22334.000,-158.248
22335.000,-158.248
22336.000,-79.124
22337.000,-79.124
22338.000,-79.124
22339.000,-79.124
22340.000,-79.124
22341.000,-79.124
22342.000,-158.248
22343.000,-158.248
22344.000,-158.248
22345.000,-79.124
22346.000,-79.124
22347.000,-79.124
22348.000,-79.124
22349.000,-79.124
22350.000,-158.248
22351.000,-158.248
22352.000,-158.248
22353.000,-79.124
22354.000,-79.124
22355.000,-79.124
22356.000,-79.124
22357.000,-79.124
22358.000,-79.124
22359.000,-158.248
22360.000,-158.248
22361.000,-158.248
22362.000,-79.124
22363.000,-79.124
22364.000,-79.124
22365.000,-79.124
22366.000,-79.124
22367.000,-79.124
22368.000,-158.248
22369.000,-158.248
22370.000,-79.124
22371.000,-79.124
22372.000,-79.124
22373.000,-79.124
22374.000,-79.124
22375.000,-79.124
22376.000,-158.248
22377.000,-158.248
22378.000,-79.124
22379.000,-79.124
22380.000,-79.124
22381.000,-79.124
22382.000,-79.124
22383.000,-79.124
22384.000,-79.124
22385.000,-158.248
22386.000,-79.124
22387.000,-79.124
22388.000,-79.124
22389.000,-79.124
22390.000,-79.124
22391.000,-79.124
22392.000,-79.124
22393.000,-79.124
22394.000,-79.124
22395.000,-79.124
22396.000,-79.124
22397.000,-79.124
22398.000,-79.124
22399.000,-79.124
22400.000,-79.124
22401.000,-79.124
22402.000,-79.124
22403.000,-79.124
22404.000,-79.124
22405.000,-79.124
22406.000,-79.124
22407.000,-79.124
22408.000,-79.124
22409.000,-158.248
22410.000,-158.248
22411.000,-79.124
22412.000,-79.124
22413.000,-79.124
22414.000,-79.124
22415.000,-79.124
22416.000,-79.124
22417.000,-158.248
22418.000,-158.248
22419.000,-79.124
22420.000,-79.124
22421.000,-79.124
22422.000,-79.124
22423.000,-79.124
22424.000,-79.124
22425.000,-79.124
22426.000,-158.248
22427.000,-158.248
22428.000,-79.124
22429.000,-79.124
22430.000,-79.124
22431.000,-79.124
22432.000,-79.124
22433.000,-79.124
22434.000,-158.248
22435.000,-158.248
22436.000,-79.124
22437.000,-79.124
22438.000,-79.124
22439.000,-79.124
22440.000,-79.124
22441.000,-79.124
22442.000,-79.124
22443.000,-158.248
22444.000,-79.124
22445.000,-79.124
22446.000,-79.124
22447.000,-79.124
22448.000,-79.124
22449.000,-79.124
22450.000,-79.124
22451.000,-158.248
22452.000,-158.248
22453.000,-79.124
22454.000,-79.124
22455.000,-79.124
22456.000,-79.124
22457.000,-79.124
22458.000,-79.124
22459.000,-158.248
22460.000,-158.248
22461.000,-79.124
22462.000,-79.124
22463.000,-79.124
22464.000,-79.124
22465.000,-79.124
22466.000,-79.124
22467.000,-158.248
22468.000,-158.248
22469.000,-79.124
22470.000,-79.124
22471.000,-79.124
22472.000,-79.124
22473.000,-79.124
22474.000,-79.124
22475.000,-79.124
22476.000,-158.248
22477.000,-158.248
22478.000,-79.124
22479.000,-79.124
22480.000,-79.124
22481.000,-79.124
22482.000,-79.124
22483.000,-79.124
22484.000,-158.248
22485.000,-158.248
22486.000,-79.124
22487.000,-79.124
22488.000,-79.124
22489.000,-79.124
22490.000,-79.124
22491.000,-79.124
22492.000,-79.124
22493.000,-158.248
22494.000,-158.248
22495.000,-79.124
22496.000,-79.124
22497.000,-79.124
22498.000,-79.124
22499.000,-79.124
22500.000,-79.124
22501.000,-158.248
22502.000,-158.248
22503.000,-79.124
22504.000,-79.124
22505.000,-79.124
22506.000,-79.124
22507.000,-79.124
22508.000,-79.124
22509.000,-79.124
22510.000,-79.124
22511.000,-79.124
22512.000,-79.124
22513.000,-79.124
22514.000,-79.124
22515.000,-79.124
22516.000,-79.124
22517.000,-79.124
22518.000,-79.124
22519.000,-79.124
22520.000,-79.124
22521.000,-79.124
22522.000,-79.124
22523.000,-79.124
22524.000,-79.124
22525.000,-79.124
22526.000,-79.124
22527.000,-79.124
22528.000,-79.124
22529.000,-79.124
22530.000,-79.124
22531.000,-79.124
22532.000,-79.124
22533.000,-79.124
22534.000,-79.124
22535.000,-79.124
22536.000,-79.124
22537.000,-79.124
22538.000,-79.124
22539.000,-79.124
22540.000,-79.124
22541.000,-79.124
22542.000,-79.124
22543.000,-158.248
22544.000,-79.124
22545.000,-79.124
22546.000,-79.124
22547.000,-79.124
22548.000,-79.124
22549.000,-79.124
22550.000,-79.124
22551.000,-158.248
22552.000,-158.248
22553.000,-79.124
22554.000,-79.124
22555.000,-79.124
22556.000,-79.124
22557.000,-79.124
22558.000,-79.124
22559.000,-79.124
22560.000,-158.248
22561.000,-79.124
22562.000,-79.124
22563.000,-79.124
22564.000,-79.124
22565.000,-79.124
22566.000,-79.124
22567.000,-79.124
22568.000,-158.248
22569.000,-79.124
22570.000,-79.124
22571.000,-79.124
22572.000,-79.124
22573.000,-79.124
22574.000,-79.124
22575.000,-79.124
22576.000,-79.124
22577.000,-79.124
22578.000,-79.124
22579.000,-79.124
22580.000,-79.124
22581.000,-79.124
22582.000,-79.124
22583.000,-79.124
22584.000,-79.124
22585.000,-79.124
22586.000,-79.124
22587.000,-79.124
22588.000,-79.124
22589.000,-79.124
22590.000,-79.124
22591.000,-79.124
22592.000,-79.124
22593.000,-79.124
22594.000,-79.124
22595.000,-79.124
22596.000,-79.124
22597.000,-79.124
22598.000,-79.124
22599.000,-79.124
22600.000,-79.124
22601.000,-158.248
22602.000,-79.124
22603.000,-79.124
22604.000,-79.124
22605.000,-79.124
22606.000,-79.124
22607.000,-79.124
22608.000,-79.124
22609.000,-158.248
22610.000,-158.248
22611.000,-79.124
22612.000,-79.124
22613.000,-79.124
22614.000,-79.124
22615.000,-79.124
22616.000,-79.124
22617.000,-158.248
22618.000,-158.248
22619.000,-79.124
22620.000,-79.124
22621.000,-79.124
22622.000,-79.124
22623.000,-79.124
22624.000,-79.124
22625.000,-79.124
22626.000,-158.248
22627.000,-158.248
22628.000,-79.124
22629.000,-79.124
22630.000,-79.124
22631.000,-79.124
22632.000,-79.124
22633.000,-79.124
22634.000,-79.124
22635.000,-158.248
22636.000,-79.124
22637.000,-79.124
22638.000,-79.124
22639.000,-79.124
22640.000,-79.124
22641.000,-79.124
22642.000,-79.124
22643.000,-158.248
22644.000,-158.248
22645.000,-79.124
22646.000,-79.124
22647.000,-79.124
22648.000,-79.124
22649.000,-79.124
22650.000,-79.124
22651.000,-158.248
22652.000,-158.248
22653.000,-158.248
22654.000,-79.124
22655.000,-79.124
22656.000,-79.124
22657.000,-79.124
22658.000,-79.124
22659.000,-79.124
22660.000,-158.248
22661.000,-79.124
22662.000,-79.124
22663.000,-79.124
22664.000,-79.124
22665.000,-79.124
22666.000,-79.124
22667.000,-79.124
22668.000,-79.124
22669.000,-79.124
22670.000,-79.124
22671.000,-79.124
22672.000,-79.124
22673.000,-79.124
22674.000,-79.124
22675.000,-79.124
22676.000,-79.124
22677.000,-79.124
22678.000,-79.124
22679.000,-79.124
22680.000,-79.124
22681.000,-79.124
22682.000,-79.124
22683.000,-79.124
22684.000,-79.124
22685.000,-79.124
22686.000,-79.124
22687.000,-79.124
22688.000,-79.124
22689.000,-79.124
22690.000,-79.124
22691.000,-79.124
22692.000,-158.248
22693.000,-79.124
22694.000,-79.124
22695.000,-79.124
22696.000,-79.124
22697.000,-79.124
22698.000,-79.124
22699.000,-79.124
22700.000,-158.248
22701.000,-158.248
22702.000,-79.124
22703.000,-79.124
22704.000,-79.124
22705.000,-79.124
22706.000,-79.124
22707.000,-79.124
22708.000,-79.124
22709.000,-158.248
22710.000,-158.248
22711.000,-79.124
22712.000,-79.124
22713.000,-79.124
22714.000,-79.124
22715.000,-79.124
22716.000,-79.124
22717.000,-158.248
22718.000,-158.248
22719.000,-158.248
22720.000,-79.124
22721.000,-79.124
22722.000,-79.124
22723.000,-79.124
22724.000,-79.124
22725.000,-79.124
22726.000,-158.248
22727.000,-158.248
22728.000,-158.248
22729.000,-79.124
22730.000,-79.124
22731.000,-79.124
22732.000,-79.124
22733.000,-79.124
22734.000,-79.124
22735.000,-158.248
22736.000,-158.248
22737.000,-79.124
22738.000,-79.124
22739.000,-79.124
22740.000,-79.124
22741.000,-79.124
22742.000,-79.124
22743.000,-79.124
22744.000,-79.124
22745.000,-79.124
22746.000,-79.124
22747.000,-79.124
22748.000,-79.124
22749.000,-79.124
22750.000,-79.124
22751.000,-79.124
22752.000,-79.124
22753.000,-79.124
22754.000,-79.124
22755.000,-79.124
22756.000,-79.124
22757.000,-79.124
22758.000,-79.124
22759.000,-79.124
22760.000,-79.124
22761.000,-79.124
22762.000,-79.124
22763.000,-79.124
22764.000,-79.124
22765.000,-79.124
22766.000,-79.124
22767.000,-79.124
22768.000,-158.248
22769.000,-79.124
22770.000,-79.124
22771.000,-79.124
22772.000,-79.124
22773.000,-79.124
22774.000,-79.124
22775.000,-79.124
22776.000,-79.124
22777.000,-158.248
22778.000,-79.124
22779.000,-79.124
22780.000,-79.124
22781.000,-79.124
22782.000,-79.124
22783.000,-79.124
22784.000,-79.124
22785.000,-158.248
22786.000,-79.124
22787.000,-79.124
22788.000,-79.124
22789.000,-79.124
22790.000,-79.124
22791.000,-79.124
22792.000,-79.124
22793.000,-79.124
22794.000,-158.248
22795.000,-79.124
22796.000,-79.124
22797.000,-79.124
22798.000,-79.124
22799.000,-79.124
22800.000,-79.124
22801.000,-79.124
22802.000,-79.124
22803.000,-79.124
22804.000,-79.124
22805.000,-79.124
22806.000,-79.124
22807.000,-79.124
22808.000,-79.124
22809.000,-79.124
22810.000,-79.124
22811.000,-79.124
22812.000,-79.124
22813.000,-79.124
22814.000,-79.124
22815.000,-79.124
22816.000,-79.124
22817.000,-79.124
22818.000,-79.124
22819.000,-79.124
22820.000,-79.124
22821.000,-79.124
22822.000,-79.124
22823.000,-79.124
22824.000,-79.124
22825.000,-79.124
22826.000,-79.124
22827.000,-79.124
22828.000,-79.124
22829.000,-79.124
22830.000,-79.124
22831.000,-79.124
22832.000,-79.124
22833.000,-79.124
22834.000,-158.248
22835.000,-158.248
22836.000,-79.124
22837.000,-79.124
22838.000,-79.124
22839.000,-79.124
22840.000,-79.124
22841.000,-79.124
22842.000,-158.248
22843.000,-158.248
22844.000,-158.248
22845.000,-79.124
22846.000,-79.124
22847.000,-79.124
22848.000,-79.124
22849.000,-79.124
22850.000,-79.124
22851.000,-158.248
22852.000,-158.248
22853.000,-158.248
22854.000,-79.124
22855.000,-79.124
22856.000,-79.124
22857.000,-79.124
22858.000,-79.124
22859.000,-79.124
22860.000,-158.248
22861.000,-158.248
22862.000,-79.124
22863.000,-79.124
22864.000,-79.124
22865.000,-79.124
22866.000,-79.124
22867.000,-79.124
22868.000,-79.124
22869.000,-158.248
22870.000,-79.124
22871.000,-79.124
22872.000,-79.124
22873.000,-79.124
22874.000,-79.124
22875.000,-79.124
22876.000,-79.124
22877.000,-79.124
22878.000,-79.124
22879.000,-79.124
22880.000,-79.124
22881.000,-79.124
22882.000,-79.124
22883.000,-79.124
22884.000,-79.124
22885.000,-79.124
22886.000,-79.124
22887.000,-79.124
22888.000,-79.124
22889.000,-79.124
22890.000,-79.124
22891.000,-79.124
22892.000,-79.124
22893.000,-158.248
22894.000,-79.124
22895.000,-79.124
22896.000,-79.124
22897.000,-79.124
22898.000,-79.124
22899.000,-79.124
22900.000,-79.124
22901.000,-79.124
22902.000,-158.248
22903.000,-79.124
22904.000,-79.124
22905.000,-79.124
22906.000,-79.124
22907.000,-79.124
22908.000,-79.124
22909.000,-79.124
22910.000,-158.248
22911.000,-79.124
22912.000,-79.124
22913.000,-79.124
22914.000,-79.124
22915.000,-79.124
22916.000,-79.124
22917.000,-79.124
22918.000,-158.248
22919.000,-158.248
22920.000,-79.124
22921.000,-79.124
22922.000,-79.124
22923.000,-79.124
22924.000,-79.124
22925.000,-79.124
22926.000,-79.124
22927.000,-158.248
22928.000,-79.124
22929.000,-79.124
22930.000,-79.124
22931.000,-79.124
22932.000,-79.124
22933.000,-79.124
22934.000,-79.124
22935.000,-158.248
22936.000,-79.124
22937.000,-79.124
22938.000,-79.124
22939.000,-79.124
22940.000,-79.124
22941.000,-79.124
22942.000,-79.124
22943.000,-158.248
22944.000,-79.124
22945.000,-79.124
22946.000,-79.124
22947.000,-79.124
22948.000,-79.124
22949.000,-79.124
22950.000,-79.124
22951.000,-79.124
22952.000,-158.248
22953.000,-79.124
22954.000,-79.124
22955.000,-79.124
22956.000,-79.124
22957.000,-79.124
22958.000,-79.124
22959.000,-158.248
22960.000,-158.248
22961.000,-79.124
22962.000,-79.124
22963.000,-79.124
22964.000,-79.124
22965.000,-79.124
22966.000,-79.124
22967.000,-79.124
22968.000,-158.248
22969.000,-158.248
22970.000,-79.124
22971.000,-79.124
22972.000,-79.124
22973.000,-79.124
22974.000,-79.124
22975.000,-79.124
22976.000,-158.248
22977.000,-158.248
22978.000,-158.248
22979.000,-79.124
22980.000,-79.124
22981.000,-79.124
22982.000,-79.124
22983.000,-79.124
22984.000,-79.124
22985.000,-158.248
22986.000,-158.248
22987.000,-79.124
22988.000,-79.124
22989.000,-79.124
22990.000,-79.124
22991.000,-79.124
22992.000,-79.124
22993.000,-158.248
22994.000,-158.248
22995.000,-79.124
22996.000,-79.124
22997.000,-79.124
22998.000,-79.124
22999.000,-79.124
23000.000,-79.124
23001.000,-79.124
23002.000,-158.248
23003.000,-79.124
23004.000,-79.124
23005.000,-79.124
23006.000,-79.124
23007.000,-79.124
23008.000,-79.124
23009.000,-79.124
23010.000,-158.248
23011.000,-158.248
23012.000,-79.124
23013.000,-79.124
23014.000,-79.124
23015.000,-79.124
23016.000,-79.124
23017.000,-79.124
23018.000,-158.248
23019.000,-158.248
23020.000,-79.124
23021.000,-79.124
23022.000,-79.124
23023.000,-79.124
23024.000,-79.124
23025.000,-79.124
23026.000,-79.124
23027.000,-158.248
23028.000,-158.248
23029.000,-79.124
23030.000,-79.124
23031.000,-79.124
23032.000,-79.124
23033.000,-79.124
23034.000,-79.124
23035.000,-158.248
23036.000,-158.248
23037.000,-79.124
23038.000,-79.124
23039.000,-79.124
23040.000,-79.124
23041.000,-79.124
23042.000,-79.124
23043.000,-79.124
23044.000,-158.248
23045.000,-79.124
23046.000,-79.124
23047.000,-79.124
23048.000,-79.124
23049.000,-79.124
23050.000,-79.124
23051.000,-79.124
23052.000,-158.248
23053.000,-79.124
23054.000,-79.124
23055.000,-79.124
23056.000,-79.124
23057.000,-79.124
23058.000,-79.124
23059.000,-79.124
23060.000,-158.248
23061.000,-79.124
23062.000,-79.124
23063.000,-79.124
23064.000,-79.124
23065.000,-79.124
23066.000,-79.124
23067.000,-79.124
23068.000,-158.248
23069.000,-158.248
23070.000,-79.124
23071.000,-79.124
23072.000,-79.124
23073.000,-79.124
23074.000,-79.124
23075.000,-79.124
23076.000,-79.124
23077.000,-158.248
23078.000,-158.248
23079.000,-79.124
23080.000,-79.124
23081.000,-79.124
23082.000,-79.124
23083.000,-79.124
23084.000,-79.124
23085.000,-158.248
23086.000,-158.248
23087.000,-79.124
23088.000,-79.124
23089.000,-79.124
23090.000,-79.124
23091.000,-79.124
23092.000,-79.124
23093.000,-79.124
23094.000,-79.124
23095.000,-79.124
23096.000,-79.124
23097.000,-79.124
23098.000,-79.124
23099.000,-79.124
23100.000,-79.124
23101.000,-158.248
23102.000,-158.248
23103.000,-79.124
23104.000,-79.124
23105.000,-79.124
23106.000,-79.124
23107.000,-79.124
23108.000,-79.124
23109.000,-158.248
23110.000,-158.248
23111.000,-158.248
23112.000,-79.124
23113.000,-79.124
23114.000,-79.124
23115.000,-79.124
23116.000,-79.124
23117.000,-158.248
23118.000,-158.248
23119.000,-158.248
23120.000,-79.124
23121.000,-79.124
23122.000,-79.124
23123.000,-79.124
23124.000,-79.124
23125.000,-79.124
23126.000,-158.248
23127.000,-158.248
23128.000,-158.248
23129.000,-79.124
23130.000,-79.124
23131.000,-79.124
23132.000,-79.124
23133.000,-79.124
23134.000,-79.124
23135.000,-158.248
23136.000,-158.248
23137.000,-79.124
23138.000,-79.124
23139.000,-79.124
23140.000,-79.124
23141.000,-79.124
23142.000,-79.124
23143.000,-158.248
23144.000,-158.248
23145.000,-158.248
23146.000,-79.124
23147.000,-79.124
23148.000,-79.124
23149.000,-79.124
23150.000,-79.124
23151.000,-79.124
23152.000,-158.248
23153.000,-158.248
23154.000,-79.124
23155.000,-79.124
23156.000,-79.124
23157.000,-79.124
23158.000,-79.124
23159.000,-79.124
23160.000,-79.124
23161.000,-79.124
23162.000,-79.124
23163.000,-79.124
23164.000,-79.124
23165.000,-79.124
23166.000,-79.124
23167.000,-79.124
23168.000,-79.124
23169.000,-79.124
23170.000,-79.124
23171.000,-79.124
23172.000,-79.124
23173.000,-79.124
23174.000,-79.124
23175.000,-79.124
23176.000,-79.124
23177.000,-79.124
23178.000,-79.124
23179.000,-79.124
23180.000,-79.124
23181.000,-79.124
23182.000,-79.124
23183.000,-79.124
23184.000,-158.248
23185.000,-158.248
23186.000,-79.124
23187.000,-79.124
23188.000,-79.124
23189.000,-79.124
23190.000,-79.124
23191.000,-79.124
23192.000,-158.248
23193.000,-158.248
23194.000,-158.248
23195.000,-79.124
23196.000,-79.124
23197.000,-79.124
23198.000,-79.124
23199.000,-79.124
23200.000,-79.124
23201.000,-158.248
23202.000,-158.248
23203.000,-158.248
23204.000,-79.124
23205.000,-79.124
23206.000,-79.124
23207.000,-79.124
23208.000,-79.124
23209.000,-158.248
23210.000,-158.248
23211.000,-158.248
23212.000,-79.124
23213.000,-79.124
23214.000,-79.124
23215.000,-79.124
23216.000,-79.124
23217.000,-79.124
23218.000,-158.248
23219.000,-158.248
23220.000,-79.124
23221.000,-79.124
23222.000,-79.124
23223.000,-79.124
23224.000,-79.124
23225.000,-79.124
23226.000,-79.124
23227.000,-158.248
23228.000,-158.248
23229.000,-79.124
23230.000,-79.124
23231.000,-79.124
23232.000,-79.124
23233.000,-79.124
23234.000,-79.124
23235.000,-158.248
23236.000,-158.248
23237.000,-79.124
23238.000,-79.124
23239.000,-79.124
23240.000,-79.124
23241.000,-79.124
23242.000,-79.124
23243.000,-158.248
23244.000,-158.248
23245.000,-79.124
23246.000,-79.124
23247.000,-79.124
23248.000,-79.124
23249.000,-79.124
23250.000,-79.124
23251.000,-79.124
23252.000,-158.248
23253.000,-79.124
23254.000,-79.124
23255.000,-79.124
23256.000,-79.124
23257.000,-79.124
23258.000,-79.124
23259.000,-79.124
23260.000,-158.248
23261.000,-158.248
23262.000,-79.124
23263.000,-79.124
23264.000,-79.124
23265.000,-79.124
23266.000,-79.124
23267.000,-79.124
23268.000,-158.248
23269.000,-158.248
23270.000,-79.124
23271.000,-79.124
23272.000,-79.124
23273.000,-79.124
23274.000,-79.124
23275.000,-79.124
23276.000,-79.124
23277.000,-158.248
23278.000,-79.124
23279.000,-79.124
23280.000,-79.124
23281.000,-79.124
23282.000,-79.124
23283.000,-79.124
23284.000,-79.124
23285.000,-158.248
23286.000,-79.124
23287.000,-79.124
23288.000,-79.124
23289.000,-79.124
23290.000,-79.124
23291.000,-79.124
23292.000,-79.124
23293.000,-158.248
23294.000,-158.248
23295.000,-79.124
23296.000,-79.124
23297.000,-79.124
23298.000,-79.124
23299.000,-79.124
23300.000,-79.124
23301.000,-158.248
23302.000,-158.248
23303.000,-79.124
23304.000,-79.124
23305.000,-79.124
23306.000,-79.124
23307.000,-79.124
23308.000,-79.124
23309.000,-158.248
23310.000,-158.248
23311.000,-79.124
23312.000,-79.124
23313.000,-79.124
23314.000,-79.124
23315.000,-79.124
23316.000,-79.124
23317.000,-79.124
23318.000,-158.248
23319.000,-158.248
23320.000,-79.124
23321.000,-79.124
23322.000,-79.124
23323.000,-79.124
23324.000,-79.124
23325.000,-79.124
23326.000,-158.248
23327.000,-158.248
23328.000,-79.124
23329.000,-79.124
23330.000,-79.124
23331.000,-79.124
23332.000,-79.124
23333.000,-79.124
23334.000,-158.248
23335.000,-158.248
23336.000,-158.248
23337.000,-79.124
23338.000,-79.124
23339.000,-79.124
23340.000,-79.124
23341.000,-79.124
23342.000,-79.124
23343.000,-158.248
23344.000,-158.248
23345.000,-79.124
23346.000,-79.124
23347.000,-79.124
23348.000,-79.124
23349.000,-79.124
23350.000,-79.124
23351.000,-79.124
23352.000,-158.248
23353.000,-79.124
23354.000,-79.124
23355.000,-79.124
23356.000,-79.124
23357.000,-79.124
23358.000,-79.124
23359.000,-79.124
23360.000,-158.248
23361.000,-79.124
23362.000,-79.124
23363.000,-79.124
23364.000,-79.124
23365.000,-79.124
23366.000,-79.124
23367.000,-79.124
23368.000,-158.248
23369.000,-158.248
23370.000,-79.124
23371.000,-79.124
23372.000,-79.124
23373.000,-79.124
23374.000,-79.124
23375.000,-79.124
23376.000,-158.248
23377.000,-158.248
23378.000,-79.124
23379.000,-79.124
23380.000,-79.124
23381.000,-79.124
23382.000,-79.124
23383.000,-79.124
23384.000,-158.248
23385.000,-158.248
23386.000,-158.248
23387.000,-79.124
23388.000,-79.124
23389.000,-79.124
23390.000,-79.124
23391.000,-79.124
23392.000,-79.124
23393.000,-158.248
23394.000,-158.248
23395.000,-79.124
23396.000,-79.124
23397.000,-79.124
23398.000,-79.124
23399.000,-79.124
23400.000,-79.124
23401.000,-158.248
23402.000,-158.248
23403.000,-79.124
23404.000,-79.124
23405.000,-79.124
23406.000,-79.124
23407.000,-79.124
23408.000,-79.124
23409.000,-79.124
23410.000,-158.248
23411.000,-158.248
23412.000,-79.124
23413.000,-79.124
23414.000,-79.124
23415.000,-79.124
23416.000,-79.124
23417.000,-79.124
23418.000,-158.248
23419.000,-158.248
23420.000,-79.124
23421.000,-79.124
23422.000,-79.124
23423.000,-79.124
23424.000,-79.124
23425.000,-79.124
23426.000,-79.124
23427.000,-158.248
23428.000,-79.124
23429.000,-79.124
23430.000,-79.124
23431.000,-79.124
23432.000,-79.124
23433.000,-79.124
23434.000,-79.124
23435.000,-158.248
23436.000,-158.248
23437.000,-79.124
23438.000,-79.124
23439.000,-79.124
23440.000,-79.124
23441.000,-79.124
23442.000,-79.124
23443.000,-79.124
23444.000,-79.124
23445.000,-79.124
23446.000,-79.124
23447.000,-79.124
23448.000,-79.124
23449.000,-79.124
23450.000,-79.124
23451.000,-79.124
23452.000,-79.124
23453.000,-79.124
23454.000,-79.124
23455.000,-79.124
23456.000,-79.124
23457.000,-79.124
23458.000,-79.124
23459.000,-158.248
23460.000,-158.248
23461.000,-79.124
23462.000,-79.124
23463.000,-79.124
23464.000,-79.124
23465.000,-79.124
23466.000,-79.124
23467.000,-158.248
23468.000,-158.248
23469.000,-79.124
23470.000,-79.124
23471.000,-79.124
23472.000,-79.124
23473.000,-79.124
23474.000,-79.124
23475.000,-79.124
23476.000,-158.248
23477.000,-158.248
23478.000,-79.124
23479.000,-79.124
23480.000,-79.124
23481.000,-79.124
23482.000,-79.124
23483.000,-79.124
23484.000,-158.248
23485.000,-158.248
23486.000,-158.248
23487.000,-79.124
23488.000,-79.124
23489.000,-79.124
23490.000,-79.124
23491.000,-79.124
23492.000,-79.124
23493.000,-158.248
23494.000,-158.248
23495.000,-79.124
23496.000,-79.124
23497.000,-79.124
23498.000,-79.124
23499.000,-79.124
23500.000,-79.124
23501.000,-158.248
23502.000,-158.248
23503.000,-158.248
23504.000,-79.124
23505.000,-79.124
23506.000,-79.124
23507.000,-79.124
23508.000,-79.124
23509.000,-79.124
23510.000,-158.248
23511.000,-158.248
23512.000,-79.124
23513.000,-79.124
23514.000,-79.124
23515.000,-79.124
23516.000,-79.124
23517.000,-79.124
23518.000,-79.124
23519.000,-158.248
23520.000,-79.124
23521.000,-79.124
23522.000,-79.124
23523.000,-79.124
23524.000,-79.124
23525.000,-79.124
23526.000,-79.124
23527.000,-79.124
23528.000,-79.124
23529.000,-79.124
23530.000,-79.124
23531.000,-79.124
23532.000,-79.124
23533.000,-79.124
23534.000,-79.124
23535.000,-79.124
23536.000,-79.124
23537.000,-79.124
23538.000,-79.124
23539.000,-79.124
23540.000,-79.124
23541.000,-79.124
23542.000,-79.124
23543.000,-79.124
23544.000,-79.124
23545.000,-79.124
23546.000,-79.124
23547.000,-79.124
23548.000,-79.124
23549.000,-79.124
23550.000,-79.124
23551.000,-158.248
23552.000,-158.248
23553.000,-79.124
23554.000,-79.124
23555.000,-79.124
23556.000,-79.124
23557.000,-79.124
23558.000,-79.124
23559.000,-158.248
23560.000,-158.248
23561.000,-79.124
23562.000,-79.124
23563.000,-79.124
23564.000,-79.124
23565.000,-79.124
23566.000,-79.124
23567.000,-79.124
23568.000,-158.248
23569.000,-158.248
23570.000,-79.124
23571.000,-79.124
23572.000,-79.124
23573.000,-79.124
23574.000,-79.124
23575.000,-79.124
23576.000,-158.248
23577.000,-158.248
23578.000,-79.124
23579.000,-79.124
23580.000,-79.124
23581.000,-79.124
23582.000,-79.124
23583.000,-79.124
23584.000,-79.124
23585.000,-158.248
23586.000,-79.124
23587.000,-79.124
23588.000,-79.124
23589.000,-79.124
23590.000,-79.124
23591.000,-79.124
23592.000,-79.124
23593.000,-158.248
23594.000,-79.124
23595.000,-79.124
23596.000,-79.124
23597.000,-79.124
23598.000,-79.124
23599.000,-79.124
23600.000,-79.124
23601.000,-158.248
23602.000,-158.248
23603.000,-79.124
23604.000,-79.124
23605.000,-79.124
23606.000,-79.124
23607.000,-79.124
23608.000,-79.124
23609.000,-158.248
23610.000,-158.248
23611.000,-79.124
23612.000,-79.124
23613.000,-79.124
23614.000,-79.124
23615.000,-79.124
23616.000,-79.124
23617.000,-158.248
23618.000,-158.248
23619.000,-158.248
23620.000,-79.124
23621.000,-79.124
23622.000,-79.124
23623.000,-79.124
23624.000,-79.124
23625.000,-79.124
23626.000,-158.248
23627.000,-158.248
23628.000,-158.248
23629.000,-79.124
23630.000,-79.124
23631.000,-79.124
23632.000,-79.124
23633.000,-79.124
23634.000,-79.124
23635.000,-158.248
23636.000,-158.248
23637.000,-79.124
23638.000,-79.124
23639.000,-79.124
23640.000,-79.124
23641.000,-79.124
23642.000,-79.124
23643.000,-79.124
23644.000,-158.248
23645.000,-79.124
23646.000,-79.124
23647.000,-79.124
23648.000,-79.124
23649.000,-79.124
23650.000,-79.124
23651.000,-79.124
23652.000,-79.124
23653.000,-79.124
23654.000,-79.124
23655.000,-79.124
23656.000,-79.124
23657.000,-79.124
23658.000,-79.124
23659.000,-79.124
23660.000,-79.124
23661.000,-79.124
23662.000,-79.124
23663.000,-79.124
23664.000,-79.124
23665.000,-79.124
23666.000,-79.124
23667.000,-79.124
23668.000,-79.124
23669.000,-79.124
23670.000,-79.124
23671.000,-79.124
23672.000,-79.124
23673.000,-79.124
23674.000,-79.124
23675.000,-79.124
23676.000,-158.248
23677.000,-79.124
23678.000,-79.124
23679.000,-79.124
23680.000,-79.124
23681.000,-79.124
23682.000,-79.124
23683.000,-79.124
23684.000,-158.248
23685.000,-158.248
23686.000,-79.124
23687.000,-79.124
23688.000,-79.124
23689.000,-79.124
23690.000,-79.124
23691.000,-79.124
23692.000,-158.248
23693.000,-158.248
23694.000,-158.248
23695.000,-79.124
23696.000,-79.124
23697.000,-79.124
23698.000,-79.124
23699.000,-79.124
23700.000,-79.124
23701.000,-158.248
23702.000,-158.248
23703.000,-79.124
23704.000,-79.124
23705.000,-79.124
23706.000,-79.124
23707.000,-79.124
23708.000,-79.124
23709.000,-79.124
23710.000,-158.248
23711.000,-79.124
23712.000,-79.124
23713.000,-79.124
23714.000,-79.124
23715.000,-79.124
23716.000,-79.124
23717.000,-79.124
23718.000,-79.124
23719.000,-79.124
23720.000,-79.124
23721.000,-79.124
23722.000,-79.124
23723.000,-79.124
23724.000,-79.124
23725.000,-79.124
23726.000,-79.124
23727.000,-79.124
23728.000,-79.124
23729.000,-79.124
23730.000,-79.124
23731.000,-79.124
23732.000,-79.124
23733.000,-79.124
23734.000,-79.124
23735.000,-158.248
23736.000,-79.124
23737.000,-79.124
23738.000,-79.124
23739.000,-79.124
23740.000,-79.124
23741.000,-79.124
23742.000,-79.124
23743.000,-158.248
23744.000,-158.248
23745.000,-79.124
23746.000,-79.124
23747.000,-79.124
23748.000,-79.124
23749.000,-79.124
23750.000,-79.124
23751.000,-79.124
23752.000,-158.248
23753.000,-79.124
23754.000,-79.124
23755.000,-79.124
23756.000,-79.124
23757.000,-79.124
23758.000,-79.124
23759.000,-79.124
23760.000,-158.248
23761.000,-79.124
23762.000,-79.124
23763.000,-79.124
23764.000,-79.124
23765.000,-79.124
23766.000,-79.124
23767.000,-79.124
23768.000,-79.124
23769.000,-79.124
23770.000,-79.124
23771.000,-79.124
23772.000,-79.124
23773.000,-79.124
23774.000,-79.124
23775.000,-79.124
23776.000,-79.124
23777.000,-79.124
23778.000,-79.124
23779.000,-79.124
23780.000,-79.124
23781.000,-79.124
23782.000,-79.124
23783.000,-79.124
23784.000,-79.124
23785.000,-79.124
23786.000,-79.124
23787.000,-79.124
23788.000,-79.124
23789.000,-79.124
23790.000,-79.124
23791.000,-79.124
23792.000,-79.124
23793.000,-158.248
23794.000,-79.124
23795.000,-79.124
23796.000,-79.124
23797.000,-79.124
23798.000,-79.124
23799.000,-79.124
23800.000,-79.124
23801.000,-79.124
23802.000,-79.124
23803.000,-79.124
23804.000,-79.124
23805.000,-79.124
23806.000,-79.124
23807.000,-79.124
23808.000,-79.124
23809.000,-79.124
23810.000,-79.124
23811.000,-79.124
23812.000,-79.124
23813.000,-79.124
23814.000,-79.124
23815.000,-79.124
23816.000,-79.124
23817.000,-79.124
23818.000,-79.124
23819.000,-79.124
23820.000,-79.124
23821.000,-79.124
23822.000,-79.124
23823.000,-79.124
23824.000,-79.124
23825.000,-79.124
23826.000,-79.124
23827.000,-79.124
23828.000,-79.124
23829.000,-79.124
23830.000,-79.124
23831.000,-79.124
23832.000,-79.124
23833.000,-79.124
23834.000,-79.124
23835.000,-79.124
23836.000,-79.124
23837.000,-79.124
23838.000,-79.124
23839.000,-79.124
23840.000,-79.124
23841.000,-79.124
23842.000,-79.124
23843.000,-158.248
23844.000,-79.124
23845.000,-79.124
23846.000,-79.124
23847.000,-79.124
23848.000,-79.124
23849.000,-79.124
23850.000,-79.124
23851.000,-79.124
23852.000,-158.248
23853.000,-79.124
23854.000,-79.124
23855.000,-79.124
23856.000,-79.124
23857.000,-79.124
23858.000,-79.124
23859.000,-79.124
23860.000,-158.248
23861.000,-79.124
23862.000,-79.124
23863.000,-79.124
23864.000,-79.124
23865.000,-79.124
23866.000,-79.124
23867.000,-79.124
23868.000,-79.124
23869.000,-79.124
23870.000,-79.124
23871.000,-79.124
23872.000,-79.124
23873.000,-79.124
23874.000,-79.124
23875.000,-79.124
23876.000,-79.124
23877.000,-79.124
23878.000,-79.124
23879.000,-79.124
23880.000,-79.124
23881.000,-79.124
23882.000,-79.124
23883.000,-79.124
23884.000,-79.124
23885.000,-79.124
23886.000,-79.124
23887.000,-79.124
23888.000,-79.124
23889.000,-79.124
23890.000,-79.124
23891.000,-79.124
23892.000,-79.124
23893.000,-79.124
23894.000,-79.124
23895.000,-79.124
23896.000,-79.124
23897.000,-79.124
23898.000,-79.124
23899.000,-79.124
23900.000,-79.124
23901.000,-79.124
23902.000,-79.124
23903.000,-79.124
23904.000,-79.124
23905.000,-79.124
23906.000,-79.124
23907.000,-79.124
23908.000,-79.124
23909.000,-79.124
23910.000,-79.124
23911.000,-79.124
23912.000,-79.124
23913.000,-79.124
23914.000,-79.124
23915.000,-79.124
23916.000,-79.124
23917.000,-79.124
23918.000,-79.124
23919.000,-158.248
23920.000,-79.124
23921.000,-79.124
23922.000,-79.124
23923.000,-79.124
23924.000,-79.124
23925.000,-79.124
23926.000,-79.124
23927.000,-79.124
23928.000,-79.124
23929.000,-79.124
23930.000,-79.124
23931.000,-79.124
23932.000,-79.124
23933.000,-79.124
23934.000,-79.124
23935.000,-79.124
23936.000,-79.124
23937.000,-79.124
23938.000,-79.124
23939.000,-79.124
23940.000,-79.124
23941.000,-79.124
23942.000,-79.124
23943.000,-79.124
23944.000,-79.124
23945.000,-79.124
23946.000,-79.124
23947.000,-79.124
23948.000,-79.124
23949.000,-79.124
23950.000,-79.124
23951.000,-79.124
23952.000,-79.124
23953.000,-79.124
23954.000,-79.124
23955.000,-79.124
23956.000,-79.124
23957.000,-79.124
23958.000,-79.124
23959.000,-158.248
23960.000,-79.124
23961.000,-79.124
23962.000,-79.124
23963.000,-79.124
23964.000,-79.124
23965.000,-79.124
23966.000,-79.124
23967.000,-158.248
23968.000,-158.248
23969.000,-79.124
23970.000,-79.124
23971.000,-79.124
23972.000,-79.124
23973.000,-79.124
23974.000,-79.124
23975.000,-79.124
23976.000,-158.248
23977.000,-158.248
23978.000,-79.124
23979.000,-79.124
23980.000,-79.124
23981.000,-79.124
23982.000,-79.124
23983.000,-79.124
23984.000,-158.248
23985.000,-158.248
23986.000,-158.248
23987.000,-79.124
23988.000,-79.124
23989.000,-79.124
23990.000,-79.124
23991.000,-79.124
23992.000,-79.124
23993.000,-158.248
23994.000,-158.248
23995.000,-158.248
23996.000,-79.124
23997.000,-79.124
23998.000,-79.124
23999.000,-79.124
24000.000,-79.124
24001.000,-79.124
24002.000,-158.248
24003.000,-158.248
24004.000,-79.124
24005.000,-79.124
24006.000,-79.124
24007.000,-79.124
24008.000,-79.124
24009.000,-79.124
24010.000,-79.124
24011.000,-79.124
24012.000,-79.124
24013.000,-79.124
24014.000,-79.124
24015.000,-79.124
24016.000,-79.124
24017.000,-79.124
24018.000,-79.124
24019.000,-79.124
24020.000,-79.124
24021.000,-79.124
24022.000,-79.124
24023.000,-79.124
24024.000,-79.124
24025.000,-79.124
24026.000,-79.124
24027.000,-79.124
24028.000,-79.124
24029.000,-79.124
24030.000,-79.124
24031.000,-79.124
24032.000,-79.124
24033.000,-79.124
24034.000,-79.124
24035.000,-79.124
24036.000,-79.124
24037.000,-79.124
24038.000,-79.124
24039.000,-79.124
24040.000,-79.124
24041.000,-79.124
24042.000,-79.124
24043.000,-158.248
24044.000,-79.124
24045.000,-79.124
24046.000,-79.124
24047.000,-79.124
24048.000,-79.124
24049.000,-79.124
24050.000,-79.124
24051.000,-79.124
24052.000,-158.248
24053.000,-79.124
24054.000,-79.124
24055.000,-79.124
24056.000,-79.124
24057.000,-79.124
24058.000,-79.124
24059.000,-79.124
24060.000,-79.124
24061.000,-79.124
24062.000,-79.124
24063.000,-79.124
24064.000,-79.124
24065.000,-79.124
24066.000,-79.124
24067.000,-79.124
24068.000,-79.124
24069.000,-79.124
24070.000,-79.124
24071.000,-79.124
24072.000,-79.124
24073.000,-79.124
24074.000,-79.124
24075.000,-79.124
24076.000,-79.124
24077.000,-79.124
24078.000,-79.124
24079.000,-79.124
24080.000,-79.124
24081.000,-79.124
24082.000,-79.124
24083.000,-79.124
24084.000,-79.124
24085.000,-79.124
24086.000,-79.124
24087.000,-79.124
24088.000,-79.124
24089.000,-79.124
24090.000,-79.124
24091.000,-79.124
24092.000,-79.124
24093.000,-158.248
24094.000,-158.248
24095.000,-79.124
24096.000,-79.124
24097.000,-79.124
24098.000,-79.124
24099.000,-79.124
24100.000,-79.124
24101.000,-79.124
24102.000,-158.248
24103.000,-79.124
24104.000,-79.124
24105.000,-79.124
24106.000,-79.124
24107.000,-79.124
24108.000,-79.124
24109.000,-79.124
24110.000,-158.248
24111.000,-158.248
24112.000,-79.124
24113.000,-79.124
24114.000,-79.124
24115.000,-79.124
24116.000,-79.124
24117.000,-79.124
24118.000,-79.124
24119.000,-158.248
24120.000,-79.124
24121.000,-79.124
24122.000,-79.124
24123.000,-79.124
24124.000,-79.124
24125.000,-79.124
24126.000,-79.124
24127.000,-79.124
24128.000,-79.124
24129.000,-79.124
24130.000,-79.124
24131.000,-79.124
24132.000,-79.124
24133.000,-79.124
24134.000,-79.124
24135.000,-79.124
24136.000,-79.124
24137.000,-79.124
24138.000,-79.124
24139.000,-79.124
24140.000,-79.124
24141.000,-79.124
24142.000,-79.124
24143.000,-79.124
24144.000,-79.124
24145.000,-79.124
24146.000,-79.124
24147.000,-79.124
24148.000,-79.124
24149.000,-79.124
24150.000,-79.124
24151.000,-79.124
24152.000,-158.248
24153.000,-79.124
24154.000,-79.124
24155.000,-79.124
24156.000,-79.124
24157.000,-79.124
24158.000,-79.124
24159.000,-79.124
24160.000,-158.248
24161.000,-79.124
24162.000,-79.124
24163.000,-79.124
24164.000,-79.124
24165.000,-79.124
24166.000,-79.124
24167.000,-79.124
24168.000,-79.124
24169.000,-158.248
24170.000,-79.124
24171.000,-79.124
24172.000,-79.124
24173.000,-79.124
24174.000,-79.124
24175.000,-79.124
24176.000,-79.124
24177.000,-158.248
24178.000,-79.124
24179.000,-79.124
24180.000,-79.124
24181.000,-79.124
24182.000,-79.124
24183.000,-79.124
24184.000,-79.124
24185.000,-79.124
24186.000,-79.124
24187.000,-79.124
24188.000,-79.124
24189.000,-79.124
24190.000,-79.124
24191.000,-79.124
24192.000,-79.124
24193.000,-79.124
24194.000,-79.124
24195.000,-79.124
24196.000,-79.124
24197.000,-79.124
24198.000,-79.124
24199.000,-79.124
24200.000,-79.124
24201.000,-79.124
24202.000,-79.124
24203.000,-79.124
24204.000,-79.124
24205.000,-79.124
24206.000,-79.124
24207.000,-79.124
24208.000,-79.124
24209.000,-79.124
24210.000,-158.248
24211.000,-79.124
24212.000,-79.124
24213.000,-79.124
24214.000,-79.124
24215.000,-79.124
24216.000,-79.124
24217.000,-79.124
24218.000,-79.124
24219.000,-158.248
24220.000,-79.124
24221.000,-79.124
24222.000,-79.124
24223.000,-79.124
24224.000,-79.124
24225.000,-79.124
24226.000,-79.124
24227.000,-158.248
24228.000,-79.124
24229.000,-79.124
24230.000,-79.124
24231.000,-79.124
24232.000,-79.124
24233.000,-79.124
24234.000,-79.124
24235.000,-79.124
24236.000,-79.124
24237.000,-79.124
24238.000,-79.124
24239.000,-79.124
24240.000,-79.124
24241.000,-79.124
24242.000,-79.124
24243.000,-79.124
24244.000,-158.248
24245.000,-79.124
24246.000,-79.124
24247.000,-79.124
24248.000,-79.124
24249.000,-79.124
24250.000,-79.124
24251.000,-158.248
24252.000,-158.248
24253.000,-79.124
24254.000,-79.124
24255.000,-79.124
24256.000,-79.124
24257.000,-79.124
24258.000,-79.124
24259.000,-79.124
24260.000,-158.248
24261.000,-158.248
24262.000,-79.124
24263.000,-79.124
24264.000,-79.124
24265.000,-79.124
24266.000,-79.124
24267.000,-79.124
24268.000,-158.248
24269.000,-158.248
24270.000,-158.248
24271.000,-79.124
24272.000,-79.124
24273.000,-79.124
24274.000,-79.124
24275.000,-79.124
24276.000,-79.124
24277.000,-158.248
24278.000,-158.248
24279.000,-79.124
24280.000,-79.124
24281.000,-79.124
24282.000,-79.124
24283.000,-79.124
24284.000,-79.124
24285.000,-79.124
24286.000,-158.248
24287.000,-158.248
24288.000,-79.124
24289.000,-79.124
24290.000,-79.124
24291.000,-79.124
24292.000,-79.124
24293.000,-79.124
24294.000,-79.124
24295.000,-79.124
24296.000,-79.124
24297.000,-79.124
24298.000,-79.124
24299.000,-79.124
24300.000,-79.124
24301.000,-79.124
24302.000,-79.124
24303.000,-79.124
24304.000,-79.124
24305.000,-79.124
24306.000,-79.124
24307.000,-79.124
24308.000,-79.124
24309.000,-79.124
24310.000,-79.124
24311.000,-79.124
24312.000,-79.124
24313.000,-79.124
24314.000,-79.124
24315.000,-79.124
24316.000,-79.124
24317.000,-79.124
24318.000,-158.248
24319.000,-79.124
24320.000,-79.124
24321.000,-79.124
24322.000,-79.124
24323.000,-79.124
24324.000,-79.124
24325.000,-79.124
24326.000,-158.248
24327.000,-158.248
24328.000,-79.124
24329.000,-79.124
24330.000,-79.124
24331.000,-79.124
24332.000,-79.124
24333.000,-79.124
24334.000,-79.124
24335.000,-158.248
24336.000,-158.248
24337.000,-79.124
24338.000,-79.124
24339.000,-79.124
24340.000,-79.124
24341.000,-79.124
24342.000,-79.124
24343.000,-158.248
24344.000,-158.248
24345.000,-79.124
24346.000,-79.124
24347.000,-79.124
24348.000,-79.124
24349.000,-79.124
24350.000,-79.124
24351.000,-158.248
24352.000,-158.248
24353.000,-158.248
24354.000,-79.124
24355.000,-79.124
24356.000,-79.124
24357.000,-79.124
24358.000,-79.124
24359.000,-79.124
24360.000,-158.248
24361.000,-158.248
24362.000,-79.124
24363.000,-79.124
24364.000,-79.124
24365.000,-79.124
24366.000,-79.124
24367.000,-79.124
24368.000,-79.124
24369.000,-158.248
24370.000,-158.248
24371.000,-79.124
24372.000,-79.124
24373.000,-79.124
24374.000,-79.124
24375.000,-79.124
24376.000,-79.124
24377.000,-158.248
24378.000,-158.248
24379.000,-79.124
24380.000,-79.124
24381.000,-79.124
24382.000,-79.124
24383.000,-79.124
24384.000,-79.124
24385.000,-79.124
24386.000,-158.248
24387.000,-79.124
24388.000,-79.124
24389.000,-79.124
24390.000,-79.124
24391.000,-79.124
24392.000,-79.124
24393.000,-79.124
24394.000,-158.248
24395.000,-79.124
24396.000,-79.124
24397.000,-79.124
24398.000,-79.124
24399.000,-79.124
24400.000,-79.124
24401.000,-158.248
24402.000,-158.248
24403.000,-79.124
24404.000,-79.124
24405.000,-79.124
24406.000,-79.124
24407.000,-79.124
24408.000,-79.124
24409.000,-79.124
24410.000,-158.248
24411.000,-158.248
24412.000,-79.124
24413.000,-79.124
24414.000,-79.124
24415.000,-79.124
24416.000,-79.124
24417.000,-79.124
24418.000,-158.248
24419.000,-158.248
24420.000,-158.248
24421.000,-79.124
24422.000,-79.124
24423.000,-79.124
24424.000,-79.124
24425.000,-79.124
24426.000,-79.124
24427.000,-158.248
24428.000,-158.248
24429.000,-79.124
24430.000,-79.124
24431.000,-79.124
24432.000,-79.124
24433.000,-79.124
24434.000,-79.124
24435.000,-79.124
24436.000,-79.124
24437.000,-79.124
24438.000,-79.124
24439.000,-79.124
24440.000,-79.124
24441.000,-79.124
24442.000,-79.124
24443.000,-79.124
24444.000,-79.124
24445.000,-79.124
24446.000,-79.124
24447.000,-79.124
24448.000,-79.124
24449.000,-79.124
24450.000,-79.124
24451.000,-158.248
24452.000,-158.248
24453.000,-79.124
24454.000,-79.124
24455.000,-79.124
24456.000,-79.124
24457.000,-79.124
24458.000,-79.124
24459.000,-158.248
24460.000,-158.248
24461.000,-158.248
24462.000,-79.124
24463.000,-79.124
24464.000,-79.124
24465.000,-79.124
24466.000,-79.124
24467.000,-79.124
24468.000,-158.248
24469.000,-158.248
24470.000,-79.124
24471.000,-79.124
24472.000,-79.124
24473.000,-79.124
24474.000,-79.124
24475.000,-79.124
24476.000,-158.248
24477.000,-158.248
24478.000,-158.248
24479.000,-79.124
24480.000,-79.124
24481.000,-79.124
24482.000,-79.124
24483.000,-79.124
24484.000,-79.124
24485.000,-158.248
24486.000,-158.248
24487.000,-79.124
24488.000,-79.124
24489.000,-79.124
24490.000,-79.124
24491.000,-79.124
24492.000,-79.124
24493.000,-79.124
24494.000,-158.248
24495.000,-79.124
24496.000,-79.124
24497.000,-79.124
24498.000,-79.124
24499.000,-79.124
24500.000,-79.124
24501.000,-79.124
24502.000,-158.248
24503.000,-79.124
24504.000,-79.124
24505.000,-79.124
24506.000,-79.124
24507.000,-79.124
24508.000,-79.124
24509.000,-79.124
24510.000,-158.248
24511.000,-158.248
24512.000,-79.124
24513.000,-79.124
24514.000,-79.124
24515.000,-79.124
24516.000,-79.124
24517.000,-79.124
24518.000,-158.248
24519.000,-158.248
24520.000,-79.124
24521.000,-79.124
24522.000,-79.124
24523.000,-79.124
24524.000,-79.124
24525.000,-79.124
24526.000,-158.248
24527.000,-158.248
24528.000,-158.248
24529.000,-79.124
24530.000,-79.124
24531.000,-79.124
24532.000,-79.124
24533.000,-79.124
24534.000,-79.124
24535.000,-158.248
24536.000,-158.248
24537.000,-79.124
24538.000,-79.124
24539.000,-79.124
24540.000,-79.124
24541.000,-79.124
24542.000,-79.124
24543.000,-158.248
24544.000,-158.248
24545.000,-158.248
24546.000,-79.124
24547.000,-79.124
24548.000,-79.124
24549.000,-79.124
24550.000,-79.124
24551.000,-79.124
24552.000,-158.248
24553.000,-158.248
24554.000,-79.124
24555.000,-79.124
24556.000,-79.124
24557.000,-79.124
24558.000,-79.124
24559.000,-79.124
24560.000,-79.124
24561.000,-79.124
24562.000,-79.124
24563.000,-79.124
24564.000,-79.124
24565.000,-79.124
24566.000,-79.124
24567.000,-79.124
24568.000,-79.124
24569.000,-158.248
24570.000,-79.124
24571.000,-79.124
24572.000,-79.124
24573.000,-79.124
24574.000,-79.124
24575.000,-79.124
24576.000,-79.124
24577.000,-158.248
24578.000,-79.124
24579.000,-79.124
24580.000,-79.124
24581.000,-79.124
24582.000,-79.124
24583.000,-79.124
24584.000,-79.124
24585.000,-158.248
24586.000,-158.248
24587.000,-79.124
24588.000,-79.124
24589.000,-79.124
24590.000,-79.124
24591.000,-79.124
24592.000,-79.124
24593.000,-158.248
24594.000,-158.248
24595.000,-79.124
24596.000,-79.124
24597.000,-79.124
24598.000,-79.124
24599.000,-79.124
24600.000,-79.124
24601.000,-79.124
24602.000,-158.248
24603.000,-79.124
24604.000,-79.124
24605.000,-79.124
24606.000,-79.124
24607.000,-79.124
24608.000,-79.124
24609.000,-79.124
24610.000,-158.248
24611.000,-158.248
24612.000,-79.124
24613.000,-79.124
24614.000,-79.124
24615.000,-79.124
24616.000,-79.124
24617.000,-79.124
24618.000,-158.248
24619.000,-158.248
24620.000,-79.124
24621.000,-79.124
24622.000,-79.124
24623.000,-79.124
24624.000,-79.124
24625.000,-79.124
24626.000,-158.248
24627.000,-158.248
24628.000,-158.248
24629.000,-79.124
24630.000,-79.124
24631.000,-79.124
24632.000,-79.124
24633.000,-79.124
24634.000,-79.124
24635.000,-158.248
24636.000,-158.248
24637.000,-79.124
24638.000,-79.124
24639.000,-79.124
24640.000,-79.124
24641.000,-79.124
24642.000,-79.124
24643.000,-158.248
24644.000,-158.248
24645.000,-158.248
24646.000,-79.124
24647.000,-79.124
24648.000,-79.124
24649.000,-79.124
24650.000,-79.124
24651.000,-79.124
24652.000,-158.248
24653.000,-158.248
24654.000,-79.124
24655.000,-79.124
24656.000,-79.124
24657.000,-79.124
24658.000,-79.124
24659.000,-79.124
24660.000,-79.124
24661.000,-79.124
24662.000,-79.124
24663.000,-79.124
24664.000,-79.124
24665.000,-79.124
24666.000,-79.124
24667.000,-79.124
24668.000,-79.124
24669.000,-79.124
24670.000,-79.124
24671.000,-79.124
24672.000,-79.124
24673.000,-79.124
24674.000,-79.124
24675.000,-79.124
24676.000,-158.248
24677.000,-158.248
24678.000,-79.124
24679.000,-79.124
24680.000,-79.124
24681.000,-79.124
24682.000,-79.124
24683.000,-79.124
24684.000,-158.248
24685.000,-158.248
24686.000,-158.248
24687.000,-79.124
24688.000,-79.124
24689.000,-79.124
24690.000,-79.124
24691.000,-79.124
24692.000,-79.124
24693.000,-158.248
24694.000,-158.248
24695.000,-79.124
24696.000,-79.124
24697.000,-79.124
24698.000,-79.124
24699.000,-79.124
24700.000,-79.124
24701.000,-158.248
24702.000,-158.248
24703.000,-79.124
24704.000,-79.124
24705.000,-79.124
24706.000,-79.124
24707.000,-79.124
24708.000,-79.124
24709.000,-79.124
24710.000,-158.248
24711.000,-158.248
24712.000,-79.124
24713.000,-79.124
24714.000,-79.124
24715.000,-79.124
24716.000,-79.124
24717.000,-79.124
24718.000,-158.248
24719.000,-158.248
24720.000,-79.124
24721.000,-79.124
24722.000,-79.124
24723.000,-79.124
24724.000,-79.124
24725.000,-79.124
24726.000,-158.248
24727.000,-158.248
24728.000,-79.124
24729.000,-79.124
24730.000,-79.124
24731.000,-79.124
24732.000,-79.124
24733.000,-79.124
24734.000,-158.248
24735.000,-158.248
24736.000,-79.124
24737.000,-79.124
24738.000,-79.124
24739.000,-79.124
24740.000,-79.124
24741.000,-79.124
24742.000,-158.248
24743.000,-158.248
24744.000,-158.248
24745.000,-79.124
24746.000,-79.124
24747.000,-79.124
24748.000,-79.124
24749.000,-79.124
24750.000,-79.124
24751.000,-158.248
24752.000,-158.248
24753.000,-158.248
24754.000,-79.124
24755.000,-79.124
24756.000,-79.124
24757.000,-79.124
24758.000,-79.124
24759.000,-158.248
24760.000,-158.248
24761.000,-158.248
24762.000,-79.124
24763.000,-79.124
24764.000,-79.124
24765.000,-79.124
24766.000,-79.124
24767.000,-79.124
24768.000,-158.248
24769.000,-158.248
24770.000,-158.248
24771.000,-79.124
24772.000,-79.124
24773.000,-79.124
24774.000,-79.124
24775.000,-79.124
24776.000,-79.124
24777.000,-158.248
24778.000,-158.248
24779.000,-79.124
24780.000,-79.124
24781.000,-79.124
24782.000,-79.124
24783.000,-79.124
24784.000,-79.124
24785.000,-79.124
24786.000,-79.124
24787.000,-79.124
24788.000,-79.124
24789.000,-79.124
24790.000,-79.124
24791.000,-79.124
24792.000,-79.124
24793.000,-79.124
24794.000,-79.124
24795.000,-79.124
24796.000,-79.124
24797.000,-79.124
24798.000,-79.124
24799.000,-79.124
24800.000,-79.124
24801.000,-79.124
24802.000,-79.124
24803.000,-79.124
24804.000,-79.124
24805.000,-79.124
24806.000,-79.124
24807.000,-79.124
24808.000,-79.124
24809.000,-158.248
24810.000,-158.248
24811.000,-79.124
24812.000,-79.124
24813.000,-79.124
24814.000,-79.124
24815.000,-79.124
24816.000,-79.124
24817.000,-79.124
24818.000,-158.248
24819.000,-158.248
24820.000,-79.124
24821.000,-79.124
24822.000,-79.124
24823.000,-79.124
24824.000,-79.124
24825.000,-79.124
24826.000,-158.248
24827.000,-158.248
24828.000,-79.124
24829.000,-79.124
24830.000,-79.124
24831.000,-79.124
24832.000,-79.124
24833.000,-79.124
24834.000,-79.124
24835.000,-158.248
24836.000,-158.248
24837.000,-79.124
24838.000,-79.124
24839.000,-79.124
24840.000,-79.124
24841.000,-79.124
24842.000,-79.124
24843.000,-158.248
24844.000,-158.248
24845.000,-79.124
24846.000,-79.124
24847.000,-79.124
24848.000,-79.124
24849.000,-79.124
24850.000,-79.124
24851.000,-79.124
24852.000,-158.248
24853.000,-158.248
24854.000,-79.124
24855.000,-79.124
24856.000,-79.124
24857.000,-79.124
24858.000,-79.124
24859.000,-79.124
24860.000,-79.124
24861.000,-79.124
24862.000,-79.124
24863.000,-79.124
24864.000,-79.124
24865.000,-79.124
24866.000,-79.124
24867.000,-79.124
24868.000,-79.124
24869.000,-79.124
24870.000,-79.124
24871.000,-79.124
24872.000,-79.124
24873.000,-79.124
24874.000,-79.124
24875.000,-79.124
24876.000,-79.124
24877.000,-158.248
24878.000,-79.124
24879.000,-79.124
24880.000,-79.124
24881.000,-79.124
24882.000,-79.124
24883.000,-79.124
24884.000,-79.124
24885.000,-158.248
24886.000,-158.248
24887.000,-79.124
24888.000,-79.124
24889.000,-79.124
24890.000,-79.124
24891.000,-79.124
24892.000,-79.124
24893.000,-158.248
24894.000,-158.248
24895.000,-79.124
24896.000,-79.124
24897.000,-79.124
24898.000,-79.124
24899.000,-79.124
24900.000,-79.124
24901.000,-79.124
24902.000,-79.124
24903.000,-79.124
24904.000,-79.124
24905.000,-79.124
24906.000,-79.124
24907.000,-79.124
24908.000,-79.124
24909.000,-79.124
24910.000,-79.124
24911.000,-79.124
24912.000,-79.124
24913.000,-79.124
24914.000,-79.124
24915.000,-79.124
24916.000,-79.124
24917.000,-79.124
24918.000,-79.124
24919.000,-79.124
24920.000,-79.124
24921.000,-79.124
24922.000,-79.124
24923.000,-79.124
24924.000,-79.124
24925.000,-79.124
24926.000,-79.124
24927.000,-79.124
24928.000,-79.124
24929.000,-79.124
24930.000,-79.124
24931.000,-79.124
24932.000,-79.124
24933.000,-79.124
24934.000,-79.124
24935.000,-158.248
24936.000,-79.124
24937.000,-79.124
24938.000,-79.124
24939.000,-79.124
24940.000,-79.124
24941.000,-79.124
24942.000,-79.124
24943.000,-158.248
24944.000,-158.248
24945.000,-79.124
24946.000,-79.124
24947.000,-79.124
24948.000,-79.124
24949.000,-79.124
24950.000,-79.124
24951.000,-79.124
24952.000,-158.248
24953.000,-79.124
24954.000,-79.124
24955.000,-79.124
24956.000,-79.124
24957.000,-79.124
24958.000,-79.124
24959.000,-79.124
24960.000,-158.248
24961.000,-79.124
24962.000,-79.124
24963.000,-79.124
24964.000,-79.124
24965.000,-79.124
24966.000,-79.124
24967.000,-79.124
24968.000,-79.124
24969.000,-79.124
24970.000,-79.124
24971.000,-79.124
24972.000,-79.124
24973.000,-79.124
24974.000,-79.124
24975.000,-79.124
24976.000,-79.124
24977.000,-158.248
24978.000,-79.124
24979.000,-79.124
24980.000,-79.124
24981.000,-79.124
24982.000,-79.124
24983.000,-79.124
24984.000,-79.124
24985.000,-158.248
24986.000,-79.124
24987.000,-79.124
24988.000,-79.124
24989.000,-79.124
24990.000,-79.124
24991.000,-79.124
24992.000,-79.124
24993.000,-158.248
24994.000,-79.124
24995.000,-79.124
24996.000,-79.124
24997.000,-79.124
24998.000,-79.124
24999.000,-79.124
25000.000,-79.124
25001.000,-79.124
25002.000,-158.248
25003.000,-79.124
25004.000,-79.124
25005.000,-79.124
25006.000,-79.124
25007.000,-79.124
25008.000,-79.124
25009.000,-79.124
25010.000,-158.248
25011.000,-79.124
25012.000,-79.124
25013.000,-79.124
25014.000,-79.124
25015.000,-79.124
25016.000,-79.124
25017.000,-79.124
25018.000,-158.248
25019.000,-158.248
25020.000,-79.124
25021.000,-79.124
25022.000,-79.124
25023.000,-79.124
25024.000,-79.124
25025.000,-79.124
25026.000,-158.248
25027.000,-158.248
25028.000,-79.124
25029.000,-79.124
25030.000,-79.124
25031.000,-79.124
25032.000,-79.124
25033.000,-79.124
25034.000,-79.124
25035.000,-158.248
25036.000,-79.124
25037.000,-79.124
25038.000,-79.124
25039.000,-79.124
25040.000,-79.124
25041.000,-79.124
25042.000,-79.124
25043.000,-79.124
25044.000,-158.248
25045.000,-79.124
25046.000,-79.124
25047.000,-79.124
25048.000,-79.124
25049.000,-79.124
25050.000,-79.124
25051.000,-79.124
25052.000,-79.124
25053.000,-79.124
25054.000,-79.124
25055.000,-79.124
25056.000,-79.124
25057.000,-79.124
25058.000,-79.124
25059.000,-79.124
25060.000,-79.124
25061.000,-79.124
25062.000,-79.124
25063.000,-79.124
25064.000,-79.124
25065.000,-79.124
25066.000,-79.124
25067.000,-79.124
25068.000,-79.124
25069.000,-79.124
25070.000,-79.124
25071.000,-79.124
25072.000,-79.124
25073.000,-79.124
25074.000,-79.124
25075.000,-79.124
25076.000,-79.124
25077.000,-79.124
25078.000,-79.124
25079.000,-79.124
25080.000,-79.124
25081.000,-79.124
25082.000,-79.124
25083.000,-79.124
25084.000,-79.124
25085.000,-79.124
25086.000,-79.124
25087.000,-79.124
25088.000,-79.124
25089.000,-79.124
25090.000,-79.124
25091.000,-79.124
25092.000,-79.124
25093.000,-79.124
25094.000,-79.124
25095.000,-79.124
25096.000,-79.124
25097.000,-79.124
25098.000,-79.124
25099.000,-79.124
25100.000,-79.124
25101.000,-158.248
25102.000,-158.248
25103.000,-79.124
25104.000,-79.124
25105.000,-79.124
25106.000,-79.124
25107.000,-79.124
25108.000,-79.124
25109.000,-158.248
25110.000,-158.248
25111.000,-158.248
25112.000,-79.124
25113.000,-79.124
25114.000,-79.124
25115.000,-79.124
25116.000,-79.124
25117.000,-79.124
25118.000,-158.248
25119.000,-158.248
25120.000,-158.248
25121.000,-79.124
25122.000,-79.124
25123.000,-79.124
25124.000,-79.124
25125.000,-79.124
25126.000,-79.124
25127.000,-158.248
25128.000,-158.248
25129.000,-79.124
25130.000,-79.124
25131.000,-79.124
25132.000,-79.124
25133.000,-79.124
25134.000,-79.124
25135.000,-79.124
25136.000,-158.248
25137.000,-158.248
25138.000,-79.124
25139.000,-79.124
25140.000,-79.124
25141.000,-79.124
25142.000,-79.124
25143.000,-79.124
25144.000,-79.124
25145.000,-79.124
25146.000,-79.124
25147.000,-79.124
25148.000,-79.124
25149.000,-79.124
25150.000,-79.124
25151.000,-79.124
25152.000,-79.124
25153.000,-79.124
25154.000,-79.124
25155.000,-79.124
25156.000,-79.124
25157.000,-79.124
25158.000,-79.124
25159.000,-79.124
25160.000,-79.124
25161.000,-79.124
25162.000,-79.124
25163.000,-79.124
25164.000,-79.124
25165.000,-79.124
25166.000,-79.124
25167.000,-79.124
25168.000,-79.124
25169.000,-79.124
25170.000,-79.124
25171.000,-79.124
25172.000,-79.124
25173.000,-79.124
25174.000,-79.124
25175.000,-79.124
25176.000,-79.124
25177.000,-79.124
25178.000,-79.124
25179.000,-79.124
25180.000,-79.124
25181.000,-79.124
25182.000,-79.124
25183.000,-79.124
25184.000,-79.124
25185.000,-158.248
25186.000,-79.124
25187.000,-79.124
25188.000,-79.124
25189.000,-79.124
25190.000,-79.124
25191.000,-79.124
25192.000,-79.124
25193.000,-79.124
25194.000,-158.248
25195.000,-79.124
25196.000,-79.124
25197.000,-79.124
25198.000,-79.124
25199.000,-79.124
25200.000,-79.124
25201.000,-79.124
25202.000,-79.124
25203.000,-79.124
25204.000,-79.124
25205.000,-79.124
25206.000,-79.124
25207.000,-79.124
25208.000,-79.124
25209.000,-79.124
25210.000,-79.124
25211.000,-79.124
25212.000,-79.124
25213.000,-79.124
25214.000,-79.124
25215.000,-79.124
25216.000,-79.124
25217.000,-79.124
25218.000,-79.124
25219.000,-79.124
25220.000,-79.124
25221.000,-79.124
25222.000,-79.124
25223.000,-79.124
25224.000,-79.124
25225.000,-79.124
25226.000,-79.124
25227.000,-79.124
25228.000,-79.124
25229.000,-79.124
25230.000,-79.124
25231.000,-79.124
25232.000,-79.124
25233.000,-79.124
25234.000,-79.124
25235.000,-158.248
25236.000,-79.124
25237.000,-79.124
25238.000,-79.124
25239.000,-79.124
25240.000,-79.124
25241.000,-79.124
25242.000,-79.124
25243.000,-158.248
25244.000,-158.248
25245.000,-79.124
25246.000,-79.124
25247.000,-79.124
25248.000,-79.124
25249.000,-79.124
25250.000,-79.124
25251.000,-79.124
25252.000,-158.248
25253.000,-158.248
25254.000,-79.124
25255.000,-79.124
25256.000,-79.124
25257.000,-79.124
25258.000,-79.124
25259.000,-79.124
25260.000,-79.124
25261.000,-158.248
25262.000,-79.124
25263.000,-79.124
25264.000,-79.124
25265.000,-79.124
25266.000,-79.124
25267.000,-79.124
25268.000,-79.124
25269.000,-79.124
25270.000,-79.124
25271.000,-79.124
25272.000,-79.124
25273.000,-79.124
25274.000,-79.124
25275.000,-79.124
25276.000,-79.124
25277.000,-79.124
25278.000,-79.124
25279.000,-79.124
25280.000,-79.124
25281.000,-79.124
25282.000,-79.124
25283.000,-79.124
25284.000,-79.124
25285.000,-79.124
25286.000,-79.124
25287.000,-79.124
25288.000,-79.124
25289.000,-79.124
25290.000,-79.124
25291.000,-79.124
25292.000,-79.124
25293.000,-79.124
25294.000,-79.124
25295.000,-79.124
25296.000,-79.124
25297.000,-79.124
25298.000,-79.124
25299.000,-79.124
25300.000,-79.124
25301.000,-79.124
25302.000,-158.248
25303.000,-79.124
25304.000,-79.124
25305.000,-79.124
25306.000,-79.124
25307.000,-79.124
25308.000,-79.124
25309.000,-79.124
25310.000,-79.124
25311.000,-79.124
25312.000,-79.124
25313.000,-79.124
25314.000,-79.124
25315.000,-79.124
25316.000,-79.124
25317.000,-79.124
25318.000,-79.124
25319.000,-79.124
25320.000,-79.124
25321.000,-79.124
25322.000,-79.124
25323.000,-79.124
25324.000,-79.124
25325.000,-79.124
25326.000,-79.124
25327.000,-79.124
25328.000,-79.124
25329.000,-79.124
25330.000,-79.124
25331.000,-79.124
25332.000,-79.124
25333.000,-79.124
25334.000,-79.124
25335.000,-79.124
25336.000,-158.248
25337.000,-79.124
25338.000,-79.124
25339.000,-79.124
25340.000,-79.124
25341.000,-79.124
25342.000,-79.124
25343.000,-79.124
25344.000,-79.124
25345.000,-79.124
25346.000,-79.124
25347.000,-79.124
25348.000,-79.124
25349.000,-79.124
25350.000,-79.124
25351.000,-79.124
25352.000,-79.124
25353.000,-79.124
25354.000,-79.124
25355.000,-79.124
25356.000,-79.124
25357.000,-79.124
25358.000,-79.124
25359.000,-79.124
25360.000,-79.124
25361.000,-79.124
25362.000,-79.124
25363.000,-79.124
25364.000,-79.124
25365.000,-79.124
25366.000,-79.124
25367.000,-79.124
25368.000,-79.124
25369.000,-79.124
25370.000,-79.124
25371.000,-79.124
25372.000,-79.124
25373.000,-79.124
25374.000,-79.124
25375.000,-79.124
25376.000,-79.124
25377.000,-158.248
25378.000,-79.124
25379.000,-79.124
25380.000,-79.124
25381.000,-79.124
25382.000,-79.124
25383.000,-79.124
25384.000,-79.124
25385.000,-158.248
25386.000,-158.248
25387.000,-79.124
25388.000,-79.124
25389.000,-79.124
25390.000,-79.124
25391.000,-79.124
25392.000,-79.124
25393.000,-79.124
25394.000,-158.248
25395.000,-79.124
25396.000,-79.124
25397.000,-79.124
25398.000,-79.124
25399.000,-79.124
25400.000,-79.124
25401.000,-79.124
25402.000,-158.248
25403.000,-158.248
25404.000,-79.124
25405.000,-79.124
25406.000,-79.124
25407.000,-79.124
25408.000,-79.124
25409.000,-79.124
25410.000,-79.124
25411.000,-158.248
25412.000,-79.124
25413.000,-79.124
25414.000,-79.124
25415.000,-79.124
25416.000,-79.124
25417.000,-79.124
25418.000,-79.124
25419.000,-79.124
25420.000,-79.124
25421.000,-79.124
25422.000,-79.124
25423.000,-79.124
25424.000,-79.124
25425.000,-79.124
25426.000,-79.124
25427.000,-79.124
25428.000,-79.124
25429.000,-79.124
25430.000,-79.124
25431.000,-79.124
25432.000,-79.124
25433.000,-79.124
25434.000,-79.124
25435.000,-79.124
25436.000,-79.124
25437.000,-79.124
25438.000,-79.124
25439.000,-79.124
25440.000,-79.124
25441.000,-79.124
25442.000,-79.124
25443.000,-79.124
25444.000,-79.124
25445.000,-79.124
25446.000,-79.124
25447.000,-79.124
25448.000,-79.124
25449.000,-79.124
25450.000,-79.124
25451.000,-79.124
25452.000,-158.248
25453.000,-79.124
25454.000,-79.124
25455.000,-79.124
25456.000,-79.124
25457.000,-79.124
25458.000,-79.124
25459.000,-79.124
25460.000,-158.248
25461.000,-158.248
25462.000,-79.124
25463.000,-79.124
25464.000,-79.124
25465.000,-79.124
25466.000,-79.124
25467.000,-79.124
25468.000,-79.124
25469.000,-158.248
25470.000,-79.124
25471.000,-79.124
25472.000,-79.124
25473.000,-79.124
25474.000,-79.124
25475.000,-79.124
25476.000,-79.124
25477.000,-158.248
25478.000,-158.248
25479.000,-79.124
25480.000,-79.124
25481.000,-79.124
25482.000,-79.124
25483.000,-79.124
25484.000,-79.124
25485.000,-158.248
25486.000,-158.248
25487.000,-79.124
25488.000,-79.124
25489.000,-79.124
25490.000,-79.124
25491.000,-79.124
25492.000,-79.124
25493.000,-79.124
25494.000,-158.248
25495.000,-79.124
25496.000,-79.124
25497.000,-79.124
25498.000,-79.124
25499.000,-79.124
25500.000,-79.124
25501.000,-79.124
25502.000,-158.248
25503.000,-158.248
25504.000,-79.124
25505.000,-79.124
25506.000,-79.124
25507.000,-79.124
25508.000,-79.124
25509.000,-79.124
25510.000,-158.248
25511.000,-158.248
25512.000,-79.124
25513.000,-79.124
25514.000,-79.124
25515.000,-79.124
25516.000,-79.124
25517.000,-79.124
25518.000,-79.124
25519.000,-158.248
25520.000,-79.124
25521.000,-79.124
25522.000,-79.124
25523.000,-79.124
25524.000,-79.124
25525.000,-79.124
25526.000,-79.124
25527.000,-158.248
25528.000,-158.248
25529.000,-79.124
25530.000,-79.124
25531.000,-79.124
25532.000,-79.124
25533.000,-79.124
25534.000,-79.124
25535.000,-158.248
25536.000,-158.248
25537.000,-79.124
25538.000,-79.124
25539.000,-79.124
25540.000,-79.124
25541.000,-79.124
25542.000,-79.124
25543.000,-79.124
25544.000,-158.248
25545.000,-158.248
25546.000,-79.124
25547.000,-79.124
25548.000,-79.124
25549.000,-79.124
25550.000,-79.124
25551.000,-79.124
25552.000,-158.248
25553.000,-158.248
25554.000,-79.124
25555.000,-79.124
25556.000,-79.124
25557.000,-79.124
25558.000,-79.124
25559.000,-79.124
25560.000,-79.124
25561.000,-79.124
25562.000,-79.124
25563.000,-79.124
25564.000,-79.124
25565.000,-79.124
25566.000,-79.124
25567.000,-79.124
25568.000,-79.124
25569.000,-79.124
25570.000,-79.124
25571.000,-79.124
25572.000,-79.124
25573.000,-79.124
25574.000,-79.124
25575.000,-79.124
25576.000,-79.124
25577.000,-79.124
25578.000,-79.124
25579.000,-79.124
25580.000,-79.124
25581.000,-79.124
25582.000,-79.124
25583.000,-79.124
25584.000,-79.124
25585.000,-158.248
25586.000,-79.124
25587.000,-79.124
25588.000,-79.124
25589.000,-79.124
25590.000,-79.124
25591.000,-79.124
25592.000,-79.124
25593.000,-158.248
25594.000,-158.248
25595.000,-79.124
25596.000,-79.124
25597.000,-79.124
25598.000,-79.124
25599.000,-79.124
25600.000,-79.124
25601.000,-158.248
25602.000,-158.248
25603.000,-158.248
25604.000,-79.124
25605.000,-79.124
25606.000,-79.124
25607.000,-79.124
25608.000,-79.124
25609.000,-79.124
25610.000,-158.248
25611.000,-158.248
25612.000,-158.248
25613.000,-79.124
25614.000,-79.124
25615.000,-79.124
25616.000,-79.124
25617.000,-79.124
25618.000,-79.124
25619.000,-158.248
25620.000,-158.248
25621.000,-79.124
25622.000,-79.124
25623.000,-79.124
25624.000,-79.124
25625.000,-79.124
25626.000,-79.124
25627.000,-79.124
25628.000,-158.248
25629.000,-79.124
25630.000,-79.124
25631.000,-79.124
25632.000,-79.124
25633.000,-79.124
25634.000,-79.124
25635.000,-79.124
25636.000,-79.124
25637.000,-79.124
25638.000,-79.124
25639.000,-79.124
25640.000,-79.124
25641.000,-79.124
25642.000,-79.124
25643.000,-79.124
25644.000,-79.124
25645.000,-79.124
25646.000,-79.124
25647.000,-79.124
25648.000,-79.124
25649.000,-79.124
25650.000,-79.124
25651.000,-79.124
25652.000,-79.124
25653.000,-79.124
25654.000,-79.124
25655.000,-79.124
25656.000,-79.124
25657.000,-79.124
25658.000,-79.124
25659.000,-79.124
25660.000,-158.248
25661.000,-158.248
25662.000,-79.124
25663.000,-79.124
25664.000,-79.124
25665.000,-79.124
25666.000,-79.124
25667.000,-79.124
25668.000,-79.124
25669.000,-158.248
25670.000,-79.124
25671.000,-79.124
25672.000,-79.124
25673.000,-79.124
25674.000,-79.124
25675.000,-79.124
25676.000,-79.124
25677.000,-158.248
25678.000,-79.124
25679.000,-79.124
25680.000,-79.124
25681.000,-79.124
25682.000,-79.124
25683.000,-79.124
25684.000,-79.124
25685.000,-158.248
25686.000,-158.248
25687.000,-79.124
25688.000,-79.124
25689.000,-79.124
25690.000,-79.124
25691.000,-79.124
25692.000,-79.124
25693.000,-79.124
25694.000,-158.248
25695.000,-79.124
25696.000,-79.124
25697.000,-79.124
25698.000,-79.124
25699.000,-79.124
25700.000,-79.124
25701.000,-79.124
25702.000,-158.248
25703.000,-158.248
25704.000,-79.124
25705.000,-79.124
25706.000,-79.124
25707.000,-79.124
25708.000,-79.124
25709.000,-79.124
25710.000,-158.248
25711.000,-158.248
25712.000,-79.124
25713.000,-79.124
25714.000,-79.124
25715.000,-79.124
25716.000,-79.124
25717.000,-79.124
25718.000,-158.248
25719.000,-158.248
25720.000,-158.248
25721.000,-79.124
25722.000,-79.124
25723.000,-79.124
25724.000,-79.124
25725.000,-79.124
25726.000,-79.124
25727.000,-158.248
25728.000,-158.248
25729.000,-79.124
25730.000,-79.124
25731.000,-79.124
25732.000,-79.124
25733.000,-79.124
25734.000,-79.124
25735.000,-158.248
25736.000,-158.248
25737.000,-79.124
25738.000,-79.124
25739.000,-79.124
25740.000,-79.124
25741.000,-79.124
25742.000,-79.124
25743.000,-79.124
25744.000,-158.248
25745.000,-158.248
25746.000,-79.124
25747.000,-79.124
25748.000,-79.124
25749.000,-79.124
25750.000,-79.124
25751.000,-79.124
25752.000,-158.248
25753.000,-158.248
25754.000,-79.124
25755.000,-79.124
25756.000,-79.124
25757.000,-79.124
25758.000,-79.124
25759.000,-79.124
25760.000,-158.248
25761.000,-158.248
25762.000,-79.124
25763.000,-79.124
25764.000,-79.124
25765.000,-79.124
25766.000,-79.124
25767.000,-79.124
25768.000,-79.124
25769.000,-158.248
25770.000,-79.124
25771.000,-79.124
25772.000,-79.124
25773.000,-79.124
25774.000,-79.124
25775.000,-79.124
25776.000,-79.124
25777.000,-158.248
25778.000,-158.248
25779.000,-79.124
25780.000,-79.124
25781.000,-79.124
25782.000,-79.124
25783.000,-79.124
25784.000,-79.124
25785.000,-158.248
25786.000,-158.248
25787.000,-79.124
25788.000,-79.124
25789.000,-79.124
25790.000,-79.124
25791.000,-79.124
25792.000,-79.124
25793.000,-79.124
25794.000,-158.248
25795.000,-79.124
25796.000,-79.124
25797.000,-79.124
25798.000,-79.124
25799.000,-79.124
25800.000,-79.124
25801.000,-79.124
25802.000,-158.248
25803.000,-158.248
25804.000,-79.124
25805.000,-79.124
25806.000,-79.124
25807.000,-79.124
25808.000,-79.124
25809.000,-79.124
25810.000,-158.248
25811.000,-158.248
25812.000,-79.124
25813.000,-79.124
25814.000,-79.124
25815.000,-79.124
25816.000,-79.124
25817.000,-79.124
25818.000,-158.248
25819.000,-158.248
25820.000,-79.124
25821.000,-79.124
25822.000,-79.124
25823.000,-79.124
25824.000,-79.124
25825.000,-79.124
25826.000,-79.124
25827.000,-158.248
25828.000,-158.248
25829.000,-79.124
25830.000,-79.124
25831.000,-79.124
25832.000,-79.124
25833.000,-79.124
25834.000,-79.124
25835.000,-158.248
25836.000,-158.248
25837.000,-79.124
25838.000,-79.124
25839.000,-79.124
25840.000,-79.124
25841.000,-79.124
25842.000,-79.124
25843.000,-79.124
25844.000,-158.248
25845.000,-79.124
25846.000,-79.124
25847.000,-79.124
25848.000,-79.124
25849.000,-79.124
25850.000,-79.124
25851.000,-79.124
25852.000,-158.248
25853.000,-79.124
25854.000,-79.124
25855.000,-79.124
25856.000,-79.124
25857.000,-79.124
25858.000,-79.124
25859.000,-79.124
25860.000,-158.248
25861.000,-158.248
25862.000,-79.124
25863.000,-79.124
25864.000,-79.124
25865.000,-79.124
25866.000,-79.124
25867.000,-79.124
25868.000,-158.248
25869.000,-158.248
25870.000,-79.124
25871.000,-79.124
25872.000,-79.124
25873.000,-79.124
25874.000,-79.124
25875.000,-79.124
25876.000,-158.248
25877.000,-158.248
25878.000,-158.248
25879.000,-79.124
25880.000,-79.124
25881.000,-79.124
25882.000,-79.124
25883.000,-79.124
25884.000,-79.124
25885.000,-158.248
25886.000,-158.248
25887.000,-79.124
25888.000,-79.124
25889.000,-79.124
25890.000,-79.124
25891.000,-79.124
25892.000,-79.124
25893.000,-158.248
25894.000,-158.248
25895.000,-158.248
25896.000,-79.124
25897.000,-79.124
25898.000,-79.124
25899.000,-79.124
25900.000,-79.124
25901.000,-79.124
25902.000,-158.248
25903.000,-158.248
25904.000,-79.124
25905.000,-79.124
25906.000,-79.124
25907.000,-79.124
25908.000,-79.124
25909.000,-79.124
25910.000,-79.124
25911.000,-158.248
25912.000,-79.124
25913.000,-79.124
25914.000,-79.124
25915.000,-79.124
25916.000,-79.124
25917.000,-79.124
25918.000,-79.124
25919.000,-79.124
25920.000,-79.124
25921.000,-79.124
25922.000,-79.124
25923.000,-79.124
25924.000,-79.124
25925.000,-79.124
25926.000,-79.124
25927.000,-79.124
25928.000,-79.124
25929.000,-79.124
25930.000,-79.124
25931.000,-79.124
25932.000,-79.124
25933.000,-79.124
25934.000,-79.124
25935.000,-79.124
25936.000,-79.124
25937.000,-79.124
25938.000,-79.124
25939.000,-79.124
25940.000,-79.124
25941.000,-79.124
25942.000,-79.124
25943.000,-158.248
25944.000,-79.124
25945.000,-79.124
25946.000,-79.124
25947.000,-79.124
25948.000,-79.124
25949.000,-79.124
25950.000,-79.124
25951.000,-158.248
25952.000,-158.248
25953.000,-79.124
25954.000,-79.124
25955.000,-79.124
25956.000,-79.124
25957.000,-79.124
25958.000,-79.124
25959.000,-158.248
25960.000,-158.248
25961.000,-158.248
25962.000,-79.124
25963.000,-79.124
25964.000,-79.124
25965.000,-79.124
25966.000,-79.124
25967.000,-79.124
25968.000,-158.248
25969.000,-158.248
25970.000,-158.248
25971.000,-79.124
25972.000,-79.124
25973.000,-79.124
25974.000,-79.124
25975.000,-79.124
25976.000,-79.124
25977.000,-158.248
25978.000,-158.248
25979.000,-79.124
25980.000,-79.124
25981.000,-79.124
25982.000,-79.124
25983.000,-79.124
25984.000,-79.124
25985.000,-158.248
25986.000,-158.248
25987.000,-79.124
25988.000,-79.124
25989.000,-79.124
25990.000,-79.124
25991.000,-79.124
25992.000,-79.124
25993.000,-79.124
25994.000,-158.248
25995.000,-79.124
25996.000,-79.124
25997.000,-79.124
25998.000,-79.124
25999.000,-79.124
26000.000,-79.124
26001.000,-79.124
26002.000,-158.248
26003.000,-79.124
26004.000,-79.124
26005.000,-79.124
26006.000,-79.124
26007.000,-79.124
26008.000,-79.124
26009.000,-79.124
26010.000,-158.248
26011.000,-158.248
26012.000,-79.124
26013.000,-79.124
26014.000,-79.124
26015.000,-79.124
26016.000,-79.124
26017.000,-79.124
26018.000,-79.124
26019.000,-158.248
26020.000,-79.124
26021.000,-79.124
26022.000,-79.124
26023.000,-79.124
26024.000,-79.124
26025.000,-79.124
26026.000,-79.124
26027.000,-158.248
26028.000,-79.124
26029.000,-79.124
26030.000,-79.124
26031.000,-79.124
26032.000,-79.124
26033.000,-79.124
26034.000,-79.124
26035.000,-79.124
26036.000,-79.124
26037.000,-79.124
26038.000,-79.124
26039.000,-79.124
26040.000,-79.124
26041.000,-79.124
26042.000,-79.124
26043.000,-79.124
26044.000,-79.124
26045.000,-79.124
26046.000,-79.124
26047.000,-79.124
26048.000,-79.124
26049.000,-79.124
26050.000,-79.124
26051.000,-79.124
26052.000,-79.124
26053.000,-79.124
26054.000,-79.124
26055.000,-79.124
26056.000,-79.124
26057.000,-79.124
26058.000,-79.124
26059.000,-79.124
26060.000,-79.124
26061.000,-79.124
26062.000,-79.124
26063.000,-79.124
26064.000,-79.124
26065.000,-79.124
26066.000,-79.124
26067.000,-79.124
26068.000,-79.124
26069.000,-79.124
26070.000,-79.124
26071.000,-79.124
26072.000,-79.124
26073.000,-79.124
26074.000,-79.124
26075.000,-79.124
26076.000,-158.248
26077.000,-158.248
26078.000,-79.124
26079.000,-79.124
26080.000,-79.124
26081.000,-79.124
26082.000,-79.124
26083.000,-79.124
26084.000,-79.124
26085.000,-158.248
26086.000,-158.248
26087.000,-79.124
26088.000,-79.124
26089.000,-79.124
26090.000,-79.124
26091.000,-79.124
26092.000,-79.124
26093.000,-158.248
26094.000,-158.248
26095.000,-79.124
26096.000,-79.124
26097.000,-79.124
26098.000,-79.124
26099.000,-79.124
26100.000,-79.124
26101.000,-79.124
26102.000,-158.248
26103.000,-158.248
26104.000,-79.124
26105.000,-79.124
26106.000,-79.124
26107.000,-79.124
26108.000,-79.124
26109.000,-79.124
26110.000,-158.248
26111.000,-158.248
26112.000,-79.124
26113.000,-79.124
26114.000,-79.124
26115.000,-79.124
26116.000,-79.124
26117.000,-79.124
26118.000,-79.124
26119.000,-158.248
26120.000,-79.124
26121.000,-79.124
26122.000,-79.124
26123.000,-79.124
26124.000,-79.124
26125.000,-79.124
26126.000,-79.124
26127.000,-79.124
26128.000,-79.124
26129.000,-79.124
26130.000,-79.124
26131.000,-79.124
26132.000,-79.124
26133.000,-79.124
26134.000,-79.124
26135.000,-79.124
26136.000,-79.124
26137.000,-79.124
26138.000,-79.124
26139.000,-79.124
26140.000,-79.124
26141.000,-79.124
26142.000,-79.124
26143.000,-79.124
26144.000,-79.124
26145.000,-79.124
26146.000,-79.124
26147.000,-79.124
26148.000,-79.124
26149.000,-79.124
26150.000,-79.124
26151.000,-79.124
26152.000,-158.248
26153.000,-79.124
26154.000,-79.124
26155.000,-79.124
26156.000,-79.124
26157.000,-79.124
26158.000,-79.124
26159.000,-79.124
26160.000,-158.248
26161.000,-158.248
26162.000,-79.124
26163.000,-79.124
26164.000,-79.124
26165.000,-79.124
26166.000,-79.124
26167.000,-79.124
26168.000,-79.124
26169.000,-158.248
26170.000,-79.124
26171.000,-79.124
26172.000,-79.124
26173.000,-79.124
26174.000,-79.124
26175.000,-79.124
26176.000,-79.124
26177.000,-158.248
26178.000,-79.124
26179.000,-79.124
26180.000,-79.124
26181.000,-79.124
26182.000,-79.124
26183.000,-79.124
26184.000,-79.124
26185.000,-79.124
26186.000,-79.124
26187.000,-79.124
26188.000,-79.124
26189.000,-79.124
26190.000,-79.124
26191.000,-79.124
26192.000,-79.124
26193.000,-79.124
26194.000,-79.124
26195.000,-79.124
26196.000,-79.124
26197.000,-79.124
26198.000,-79.124
26199.000,-79.124
26200.000,-79.124
26201.000,-79.124
26202.000,-79.124
26203.000,-79.124
26204.000,-79.124
26205.000,-79.124
26206.000,-79.124
26207.000,-79.124
26208.000,-79.124
26209.000,-79.124
26210.000,-79.124
26211.000,-79.124
26212.000,-79.124
26213.000,-79.124
26214.000,-79.124
26215.000,-79.124
26216.000,-79.124
26217.000,-79.124
26218.000,-158.248
26219.000,-158.248
26220.000,-79.124
26221.000,-79.124
26222.000,-79.124
26223.000,-79.124
26224.000,-79.124
26225.000,-79.124
26226.000,-79.124
26227.000,-158.248
26228.000,-158.248
26229.000,-79.124
26230.000,-79.124
26231.000,-79.124
26232.000,-79.124
26233.000,-79.124
26234.000,-79.124
26235.000,-158.248
26236.000,-158.248
26237.000,-79.124
26238.000,-79.124
26239.000,-79.124
26240.000,-79.124
26241.000,-79.124
26242.000,-79.124
26243.000,-79.124
26244.000,-158.248
26245.000,-79.124
26246.000,-79.124
26247.000,-79.124
26248.000,-79.124
26249.000,-79.124
26250.000,-79.124
26251.000,-79.124
26252.000,-158.248
26253.000,-79.124
26254.000,-79.124
26255.000,-79.124
26256.000,-79.124
26257.000,-79.124
26258.000,-79.124
26259.000,-79.124
26260.000,-79.124
26261.000,-158.248
26262.000,-79.124
26263.000,-79.124
26264.000,-79.124
26265.000,-79.124
26266.000,-79.124
26267.000,-79.124
26268.000,-79.124
26269.000,-79.124
26270.000,-79.124
26271.000,-79.124
26272.000,-79.124
26273.000,-79.124
26274.000,-79.124
26275.000,-79.124
26276.000,-79.124
26277.000,-79.124
26278.000,-79.124
26279.000,-79.124
26280.000,-79.124
26281.000,-79.124
26282.000,-79.124
26283.000,-79.124
26284.000,-79.124
26285.000,-79.124
26286.000,-79.124
26287.000,-79.124
26288.000,-79.124
26289.000,-79.124
26290.000,-79.124
26291.000,-79.124
26292.000,-79.124
26293.000,-79.124
26294.000,-79.124
26295.000,-79.124
26296.000,-79.124
26297.000,-79.124
26298.000,-79.124
26299.000,-79.124
26300.000,-79.124
26301.000,-79.124
26302.000,-79.124
26303.000,-79.124
26304.000,-79.124
26305.000,-79.124
26306.000,-79.124
26307.000,-79.124
26308.000,-79.124
26309.000,-79.124
26310.000,-158.248
26311.000,-79.124
26312.000,-79.124
26313.000,-79.124
26314.000,-79.124
26315.000,-79.124
26316.000,-79.124
26317.000,-79.124
26318.000,-79.124
26319.000,-158.248
26320.000,-79.124
26321.000,-79.124
26322.000,-79.124
26323.000,-79.124
26324.000,-79.124
26325.000,-79.124
26326.000,-79.124
26327.000,-79.124
26328.000,-79.124
26329.000,-79.124
26330.000,-79.124
26331.000,-79.124
26332.000,-79.124
26333.000,-79.124
26334.000,-79.124
26335.000,-79.124
26336.000,-79.124
26337.000,-79.124
26338.000,-79.124
26339.000,-79.124
26340.000,-79.124
26341.000,-79.124
26342.000,-79.124
26343.000,-79.124
26344.000,-79.124
26345.000,-79.124
26346.000,-79.124
26347.000,-79.124
26348.000,-79.124
26349.000,-79.124
26350.000,-79.124
26351.000,-79.124
26352.000,-79.124
26353.000,-79.124
26354.000,-79.124
26355.000,-79.124
26356.000,-79.124
26357.000,-79.124
26358.000,-79.124
26359.000,-79.124
26360.000,-158.248
26361.000,-79.124
26362.000,-79.124
26363.000,-79.124
26364.000,-79.124
26365.000,-79.124
26366.000,-79.124
26367.000,-79.124
26368.000,-158.248
26369.000,-158.248
26370.000,-79.124
26371.000,-79.124
26372.000,-79.124
26373.000,-79.124
26374.000,-79.124
26375.000,-79.124
26376.000,-79.124
26377.000,-158.248
26378.000,-158.248
26379.000,-79.124
26380.000,-79.124
26381.000,-79.124
26382.000,-79.124
26383.000,-79.124
26384.000,-79.124
26385.000,-158.248
26386.000,-158.248
26387.000,-158.248
26388.000,-79.124
26389.000,-79.124
26390.000,-79.124
26391.000,-79.124
26392.000,-79.124
26393.000,-79.124
26394.000,-158.248
26395.000,-158.248
26396.000,-79.124
26397.000,-79.124
26398.000,-79.124
26399.000,-79.124
26400.000,-79.124
26401.000,-79.124
26402.000,-79.124
26403.000,-79.124
26404.000,-79.124
26405.000,-79.124
26406.000,-79.124
26407.000,-79.124
26408.000,-79.124
26409.000,-79.124
26410.000,-79.124
26411.000,-79.124
26412.000,-79.124
26413.000,-79.124
26414.000,-79.124
26415.000,-79.124
26416.000,-79.124
26417.000,-79.124
26418.000,-79.124
26419.000,-79.124
26420.000,-79.124
26421.000,-79.124
26422.000,-79.124
26423.000,-79.124
26424.000,-79.124
26425.000,-79.124
26426.000,-79.124
26427.000,-79.124
26428.000,-79.124
26429.000,-79.124
26430.000,-79.124
26431.000,-79.124
26432.000,-79.124
26433.000,-79.124
26434.000,-79.124
26435.000,-158.248
26436.000,-79.124
26437.000,-79.124
26438.000,-79.124
26439.000,-79.124
26440.000,-79.124
26441.000,-79.124
26442.000,-79.124
26443.000,-158.248
26444.000,-158.248
26445.000,-79.124
26446.000,-79.124
26447.000,-79.124
26448.000,-79.124
26449.000,-79.124
26450.000,-79.124
26451.000,-79.124
26452.000,-158.248
26453.000,-79.124
26454.000,-79.124
26455.000,-79.124
26456.000,-79.124
26457.000,-79.124
26458.000,-79.124
26459.000,-79.124
26460.000,-158.248
26461.000,-158.248
26462.000,-79.124
26463.000,-79.124
26464.000,-79.124
26465.000,-79.124
26466.000,-79.124
26467.000,-79.124
26468.000,-79.124
26469.000,-158.248
26470.000,-158.248
26471.000,-79.124
26472.000,-79.124
26473.000,-79.124
26474.000,-79.124
26475.000,-79.124
26476.000,-79.124
26477.000,-158.248
26478.000,-158.248
26479.000,-79.124
26480.000,-79.124
26481.000,-79.124
26482.000,-79.124
26483.000,-79.124
26484.000,-79.124
26485.000,-79.124
26486.000,-79.124
26487.000,-79.124
26488.000,-79.124
26489.000,-79.124
26490.000,-79.124
26491.000,-79.124
26492.000,-79.124
26493.000,-79.124
26494.000,-79.124
26495.000,-79.124
26496.000,-79.124
26497.000,-79.124
26498.000,-79.124
26499.000,-79.124
26500.000,-79.124
26501.000,-79.124
26502.000,-79.124
26503.000,-79.124
26504.000,-79.124
26505.000,-79.124
26506.000,-79.124
26507.000,-79.124
26508.000,-79.124
26509.000,-79.124
26510.000,-79.124
26511.000,-79.124
26512.000,-79.124
26513.000,-79.124
26514.000,-79.124
26515.000,-79.124
26516.000,-79.124
26517.000,-79.124
26518.000,-79.124
26519.000,-79.124
26520.000,-79.124
26521.000,-79.124
26522.000,-79.124
26523.000,-79.124
26524.000,-79.124
26525.000,-79.124
26526.000,-79.124
26527.000,-79.124
26528.000,-79.124
26529.000,-79.124
26530.000,-79.124
26531.000,-79.124
26532.000,-79.124
26533.000,-79.124
26534.000,-79.124
26535.000,-79.124
26536.000,-79.124
26537.000,-79.124
26538.000,-79.124
26539.000,-79.124
26540.000,-79.124
26541.000,-79.124
26542.000,-79.124
26543.000,-79.124
26544.000,-79.124
26545.000,-79.124
26546.000,-79.124
26547.000,-79.124
26548.000,-79.124
26549.000,-79.124
26550.000,-79.124
26551.000,-79.124
26552.000,-79.124
26553.000,-79.124
26554.000,-79.124
26555.000,-79.124
26556.000,-79.124
26557.000,-79.124
26558.000,-79.124
26559.000,-79.124
26560.000,-79.124
26561.000,-79.124
26562.000,-79.124
26563.000,-79.124
26564.000,-79.124
26565.000,-79.124
26566.000,-79.124
26567.000,-79.124
26568.000,-79.124
26569.000,-158.248
26570.000,-79.124
26571.000,-79.124
26572.000,-79.124
26573.000,-79.124
26574.000,-79.124
26575.000,-79.124
26576.000,-79.124
26577.000,-158.248
26578.000,-158.248
26579.000,-79.124
26580.000,-79.124
26581.000,-79.124
26582.000,-79.124
26583.000,-79.124
26584.000,-79.124
26585.000,-158.248
26586.000,-158.248
26587.000,-79.124
26588.000,-79.124
26589.000,-79.124
26590.000,-79.124
26591.000,-79.124
26592.000,-79.124
26593.000,-79.124
26594.000,-158.248
26595.000,-158.248
26596.000,-79.124
26597.000,-79.124
26598.000,-79.124
26599.000,-79.124
26600.000,-79.124
26601.000,-79.124
26602.000,-79.124
26603.000,-79.124
26604.000,-79.124
26605.000,-79.124
26606.000,-79.124
26607.000,-79.124
26608.000,-79.124
26609.000,-79.124
26610.000,-79.124
26611.000,-79.124
26612.000,-79.124
26613.000,-79.124
26614.000,-79.124
26615.000,-79.124
26616.000,-79.124
26617.000,-79.124
26618.000,-79.124
26619.000,-79.124
26620.000,-79.124
26621.000,-79.124
26622.000,-79.124
26623.000,-79.124
26624.000,-79.124
26625.000,-79.124
26626.000,-79.124
26627.000,-79.124
26628.000,-79.124
26629.000,-79.124
26630.000,-79.124
26631.000,-79.124
26632.000,-79.124
26633.000,-79.124
26634.000,-79.124
26635.000,-79.124
26636.000,-158.248
26637.000,-79.124
26638.000,-79.124
26639.000,-79.124
26640.000,-79.124
26641.000,-79.124
26642.000,-79.124
26643.000,-79.124
26644.000,-158.248
26645.000,-79.124
26646.000,-79.124
26647.000,-79.124
26648.000,-79.124
26649.000,-79.124
26650.000,-79.124
26651.000,-79.124
26652.000,-79.124
26653.000,-158.248
26654.000,-79.124
26655.000,-79.124
26656.000,-79.124
26657.000,-79.124
26658.000,-79.124
26659.000,-79.124
26660.000,-79.124
26661.000,-158.248
26662.000,-79.124
26663.000,-79.124
26664.000,-79.124
26665.000,-79.124
26666.000,-79.124
26667.000,-79.124
26668.000,-79.124
26669.000,-158.248
26670.000,-158.248
26671.000,-79.124
26672.000,-79.124
26673.000,-79.124
26674.000,-79.124
26675.000,-79.124
26676.000,-79.124
26677.000,-79.124
26678.000,-158.248
26679.000,-79.124
26680.000,-79.124
26681.000,-79.124
26682.000,-79.124
26683.000,-79.124
26684.000,-79.124
26685.000,-79.124
26686.000,-79.124
26687.000,-79.124
26688.000,-79.124
26689.000,-79.124
26690.000,-79.124
26691.000,-79.124
26692.000,-79.124
26693.000,-79.124
26694.000,-79.124
26695.000,-79.124
26696.000,-79.124
26697.000,-79.124
26698.000,-79.124
26699.000,-79.124
26700.000,-79.124
26701.000,-79.124
26702.000,-79.124
26703.000,-79.124
26704.000,-79.124
26705.000,-79.124
26706.000,-79.124
26707.000,-79.124
26708.000,-79.124
26709.000,-79.124
26710.000,-79.124
26711.000,-79.124
26712.000,-79.124
26713.000,-79.124
26714.000,-79.124
26715.000,-79.124
26716.000,-79.124
26717.000,-79.124
26718.000,-79.124
26719.000,-79.124
26720.000,-79.124
26721.000,-79.124
26722.000,-79.124
26723.000,-79.124
26724.000,-79.124
26725.000,-79.124
26726.000,-79.124
26727.000,-158.248
26728.000,-158.248
26729.000,-79.124
26730.000,-79.124
26731.000,-79.124
26732.000,-79.124
26733.000,-79.124
26734.000,-79.124
26735.000,-158.248
26736.000,-158.248
26737.000,-158.248
26738.000,-79.124
26739.000,-79.124
26740.000,-79.124
26741.000,-79.124
26742.000,-79.124
26743.000,-79.124
26744.000,-158.248
26745.000,-158.248
26746.000,-79.124
26747.000,-79.124
26748.000,-79.124
26749.000,-79.124
26750.000,-79.124
26751.000,-79.124
26752.000,-158.248
26753.000,-158.248
26754.000,-158.248
26755.000,-79.124
26756.000,-79.124
26757.000,-79.124
26758.000,-79.124
26759.000,-79.124
26760.000,-79.124
26761.000,-158.248
26762.000,-158.248
26763.000,-79.124
26764.000,-79.124
26765.000,-79.124
26766.000,-79.124
26767.000,-79.124
26768.000,-79.124
26769.000,-79.124
26770.000,-79.124
26771.000,-79.124
26772.000,-79.124
26773.000,-79.124
26774.000,-79.124
26775.000,-79.124
26776.000,-79.124
26777.000,-79.124
26778.000,-79.124
26779.000,-79.124
26780.000,-79.124
26781.000,-79.124
26782.000,-79.124
26783.000,-79.124
26784.000,-79.124
26785.000,-79.124
26786.000,-79.124
26787.000,-79.124
26788.000,-79.124
26789.000,-79.124
26790.000,-79.124
26791.000,-79.124
26792.000,-79.124
26793.000,-79.124
26794.000,-158.248
26795.000,-79.124
26796.000,-79.124
26797.000,-79.124
26798.000,-79.124
26799.000,-79.124
26800.000,-79.124
26801.000,-79.124
26802.000,-158.248
26803.000,-158.248
26804.000,-79.124
26805.000,-79.124
26806.000,-79.124
26807.000,-79.124
26808.000,-79.124
26809.000,-79.124
26810.000,-79.124
26811.000,-158.248
26812.000,-79.124
26813.000,-79.124
26814.000,-79.124
26815.000,-79.124
26816.000,-79.124
26817.000,-79.124
26818.000,-79.124
26819.000,-158.248
26820.000,-158.248
26821.000,-79.124
26822.000,-79.124
26823.000,-79.124
26824.000,-79.124
26825.000,-79.124
26826.000,-79.124
26827.000,-79.124
26828.000,-79.124
26829.000,-79.124
26830.000,-79.124
26831.000,-79.124
26832.000,-79.124
26833.000,-79.124
26834.000,-79.124
26835.000,-79.124
26836.000,-158.248
26837.000,-79.124
26838.000,-79.124
26839.000,-79.124
26840.000,-79.124
26841.000,-79.124
26842.000,-79.124
26843.000,-79.124
26844.000,-158.248
26845.000,-79.124
26846.000,-79.124
26847.000,-79.124
26848.000,-79.124
26849.000,-79.124
26850.000,-79.124
26851.000,-79.124
26852.000,-158.248
26853.000,-158.248
26854.000,-79.124
26855.000,-79.124
26856.000,-79.124
26857.000,-79.124
26858.000,-79.124
26859.000,-79.124
26860.000,-158.248
26861.000,-158.248
26862.000,-158.248
26863.000,-79.124
26864.000,-79.124
26865.000,-79.124
26866.000,-79.124
26867.000,-79.124
26868.000,-79.124
26869.000,-158.248
26870.000,-158.248
26871.000,-79.124
26872.000,-79.124
26873.000,-79.124
26874.000,-79.124
26875.000,-79.124
26876.000,-79.124
26877.000,-158.248
26878.000,-158.248
26879.000,-79.124
26880.000,-79.124
26881.000,-79.124
26882.000,-79.124
26883.000,-79.124
26884.000,-79.124
26885.000,-79.124
26886.000,-158.248
26887.000,-158.248
26888.000,-79.124
26889.000,-79.124
26890.000,-79.124
26891.000,-79.124
26892.000,-79.124
26893.000,-79.124
26894.000,-158.248
26895.000,-158.248
26896.000,-79.124
26897.000,-79.124
26898.000,-79.124
26899.000,-79.124
26900.000,-79.124
26901.000,-79.124
26902.000,-79.124
26903.000,-79.124
26904.000,-79.124
26905.000,-79.124
26906.000,-79.124
26907.000,-79.124
26908.000,-79.124
26909.000,-79.124
26910.000,-79.124
26911.000,-79.124
26912.000,-79.124
26913.000,-79.124
26914.000,-79.124
26915.000,-79.124
26916.000,-79.124
26917.000,-79.124
26918.000,-79.124
26919.000,-79.124
26920.000,-79.124
26921.000,-79.124
26922.000,-79.124
26923.000,-79.124
26924.000,-79.124
26925.000,-79.124
26926.000,-79.124
26927.000,-158.248
26928.000,-158.248
26929.000,-79.124
26930.000,-79.124
26931.000,-79.124
26932.000,-79.124
26933.000,-79.124
26934.000,-79.124
26935.000,-158.248
26936.000,-158.248
26937.000,-79.124
26938.000,-79.124
26939.000,-79.124
26940.000,-79.124
26941.000,-79.124
26942.000,-79.124
26943.000,-79.124
26944.000,-158.248
26945.000,-158.248
26946.000,-79.124
26947.000,-79.124
26948.000,-79.124
26949.000,-79.124
26950.000,-79.124
26951.000,-79.124
26952.000,-158.248
26953.000,-158.248
26954.000,-79.124
26955.000,-79.124
26956.000,-79.124
26957.000,-79.124
26958.000,-79.124
26959.000,-79.124
26960.000,-79.124
26961.000,-158.248
26962.000,-79.124
26963.000,-79.124
26964.000,-79.124
26965.000,-79.124
26966.000,-79.124
26967.000,-79.124
26968.000,-79.124
26969.000,-158.248
26970.000,-79.124
26971.000,-79.124
26972.000,-79.124
26973.000,-79.124
26974.000,-79.124
26975.000,-79.124
26976.000,-79.124
26977.000,-158.248
26978.000,-158.248
26979.000,-79.124
26980.000,-79.124
26981.000,-79.124
26982.000,-79.124
26983.000,-79.124
26984.000,-79.124
26985.000,-158.248
26986.000,-158.248
26987.000,-79.124
26988.000,-79.124
26989.000,-79.124
26990.000,-79.124
26991.000,-79.124
26992.000,-79.124
26993.000,-79.124
26994.000,-158.248
26995.000,-158.248
26996.000,-79.124
26997.000,-79.124
26998.000,-79.124
26999.000,-79.124
27000.000,-79.124
27001.000,-79.124
27002.000,-158.248
27003.000,-158.248
27004.000,-79.124
27005.000,-79.124
27006.000,-79.124
27007.000,-79.124
27008.000,-79.124
27009.000,-79.124
27010.000,-79.124
27011.000,-158.248
27012.000,-79.124
27013.000,-79.124
27014.000,-79.124
27015.000,-79.124
27016.000,-79.124
27017.000,-79.124
27018.000,-79.124
27019.000,-158.248
27020.000,-158.248
27021.000,-79.124
27022.000,-79.124
27023.000,-79.124
27024.000,-79.124
27025.000,-79.124
27026.000,-79.124
27027.000,-158.248
27028.000,-158.248
27029.000,-79.124
27030.000,-79.124
27031.000,-79.124
27032.000,-79.124
27033.000,-79.124
27034.000,-79.124
27035.000,-79.124
27036.000,-158.248
27037.000,-158.248
27038.000,-79.124
27039.000,-79.124
27040.000,-79.124
27041.000,-79.124
27042.000,-79.124
27043.000,-79.124
27044.000,-79.124
27045.000,-158.248
27046.000,-79.124
27047.000,-79.124
27048.000,-79.124
27049.000,-79.124
27050.000,-79.124
27051.000,-79.124
27052.000,-79.124
27053.000,-79.124
27054.000,-79.124
27055.000,-79.124
27056.000,-79.124
27057.000,-79.124
27058.000,-79.124
27059.000,-79.124
27060.000,-79.124
27061.000,-79.124
27062.000,-79.124
27063.000,-79.124
27064.000,-79.124
27065.000,-79.124
27066.000,-79.124
27067.000,-79.124
27068.000,-79.124
27069.000,-79.124
27070.000,-79.124
27071.000,-79.124
27072.000,-79.124
27073.000,-79.124
27074.000,-79.124
27075.000,-79.124
27076.000,-79.124
27077.000,-158.248
27078.000,-79.124
27079.000,-79.124
27080.000,-79.124
27081.000,-79.124
27082.000,-79.124
27083.000,-79.124
27084.000,-79.124
27085.000,-158.248
27086.000,-158.248
27087.000,-79.124
27088.000,-79.124
27089.000,-79.124
27090.000,-79.124
27091.000,-79.124
27092.000,-79.124
27093.000,-158.248
27094.000,-158.248
27095.000,-158.248
27096.000,-79.124
27097.000,-79.124
27098.000,-79.124
27099.000,-79.124
27100.000,-79.124
27101.000,-79.124
27102.000,-158.248
27103.000,-158.248
27104.000,-79.124
27105.000,-79.124
27106.000,-79.124
27107.000,-79.124
27108.000,-79.124
27109.000,-79.124
27110.000,-158.248
27111.000,-158.248
27112.000,-79.124
27113.000,-79.124
27114.000,-79.124
27115.000,-79.124
27116.000,-79.124
27117.000,-79.124
27118.000,-79.124
27119.000,-158.248
27120.000,-79.124
27121.000,-79.124
27122.000,-79.124
27123.000,-79.124
27124.000,-79.124
27125.000,-79.124
27126.000,-79.124
27127.000,-158.248
27128.000,-79.124
27129.000,-79.124
27130.000,-79.124
27131.000,-79.124
27132.000,-79.124
27133.000,-79.124
27134.000,-79.124
27135.000,-158.248
27136.000,-158.248
27137.000,-79.124
27138.000,-79.124
27139.000,-79.124
27140.000,-79.124
27141.000,-79.124
27142.000,-79.124
27143.000,-79.124
27144.000,-158.248
27145.000,-158.248
27146.000,-79.124
27147.000,-79.124
27148.000,-79.124
27149.000,-79.124
27150.000,-79.124
27151.000,-79.124
27152.000,-158.248
27153.000,-158.248
27154.000,-79.124
27155.000,-79.124
27156.000,-79.124
27157.000,-79.124
27158.000,-79.124
27159.000,-79.124
27160.000,-158.248
27161.000,-158.248
27162.000,-158.248
27163.000,-79.124
27164.000,-79.124
27165.000,-79.124
27166.000,-79.124
27167.000,-79.124
27168.000,-79.124
27169.000,-158.248
27170.000,-158.248
27171.000,-79.124
27172.000,-79.124
27173.000,-79.124
27174.000,-79.124
27175.000,-79.124
27176.000,-79.124
27177.000,-79.124
27178.000,-79.124
27179.000,-79.124
27180.000,-79.124
27181.000,-79.124
27182.000,-79.124
27183.000,-79.124
27184.000,-79.124
27185.000,-79.124
27186.000,-79.124
27187.000,-79.124
27188.000,-79.124
27189.000,-79.124
27190.000,-79.124
27191.000,-79.124
27192.000,-79.124
27193.000,-79.124
27194.000,-79.124
27195.000,-79.124
27196.000,-79.124
27197.000,-79.124
27198.000,-79.124
27199.000,-79.124
27200.000,-79.124
27201.000,-79.124
27202.000,-158.248
27203.000,-79.124
27204.000,-79.124
27205.000,-79.124
27206.000,-79.124
27207.000,-79.124
27208.000,-79.124
27209.000,-79.124
27210.000,-158.248
27211.000,-158.248
27212.000,-79.124
27213.000,-79.124
27214.000,-79.124
27215.000,-79.124
27216.000,-79.124
27217.000,-79.124
27218.000,-158.248
27219.000,-158.248
27220.000,-79.124
27221.000,-79.124
27222.000,-79.124
27223.000,-79.124
27224.000,-79.124
27225.000,-79.124
27226.000,-79.124
27227.000,-158.248
27228.000,-158.248
27229.000,-79.124
27230.000,-79.124
27231.000,-79.124
27232.000,-79.124
27233.000,-79.124
27234.000,-79.124
27235.000,-158.248
27236.000,-158.248
27237.000,-158.248
27238.000,-79.124
27239.000,-79.124
27240.000,-79.124
27241.000,-79.124
27242.000,-79.124
27243.000,-79.124
27244.000,-158.248
27245.000,-158.248
27246.000,-79.124
27247.000,-79.124
27248.000,-79.124
27249.000,-79.124
27250.000,-79.124
27251.000,-79.124
27252.000,-158.248
27253.000,-158.248
27254.000,-79.124
27255.000,-79.124
27256.000,-79.124
27257.000,-79.124
27258.000,-79.124
27259.000,-79.124
27260.000,-79.124
27261.000,-158.248
27262.000,-79.124
27263.000,-79.124
27264.000,-79.124
27265.000,-79.124
27266.000,-79.124
27267.000,-79.124
27268.000,-79.124
27269.000,-79.124
27270.000,-79.124
27271.000,-79.124
27272.000,-79.124
27273.000,-79.124
27274.000,-79.124
27275.000,-79.124
27276.000,-79.124
27277.000,-79.124
27278.000,-79.124
27279.000,-79.124
27280.000,-79.124
27281.000,-79.124
27282.000,-79.124
27283.000,-79.124
27284.000,-79.124
27285.000,-79.124
27286.000,-79.124
27287.000,-79.124
27288.000,-79.124
27289.000,-79.124
27290.000,-79.124
27291.000,-79.124
27292.000,-79.124
27293.000,-79.124
27294.000,-158.248
27295.000,-79.124
27296.000,-79.124
27297.000,-79.124
27298.000,-79.124
27299.000,-79.124
27300.000,-79.124
27301.000,-79.124
27302.000,-158.248
27303.000,-158.248
27304.000,-79.124
27305.000,-79.124
27306.000,-79.124
27307.000,-79.124
27308.000,-79.124
27309.000,-79.124
27310.000,-79.124
27311.000,-158.248
27312.000,-79.124
27313.000,-79.124
27314.000,-79.124
27315.000,-79.124
27316.000,-79.124
27317.000,-79.124
27318.000,-79.124
27319.000,-79.124
27320.000,-79.124
27321.000,-79.124
27322.000,-79.124
27323.000,-79.124
27324.000,-79.124
27325.000,-79.124
27326.000,-79.124
27327.000,-79.124
27328.000,-79.124
27329.000,-79.124
27330.000,-79.124
27331.000,-79.124
27332.000,-79.124
27333.000,-79.124
27334.000,-79.124
27335.000,-79.124
27336.000,-79.124
27337.000,-79.124
27338.000,-79.124
27339.000,-79.124
27340.000,-79.124
27341.000,-79.124
27342.000,-79.124
27343.000,-79.124
27344.000,-158.248
27345.000,-79.124
27346.000,-79.124
27347.000,-79.124
27348.000,-79.124
27349.000,-79.124
27350.000,-79.124
27351.000,-79.124
27352.000,-158.248
27353.000,-158.248
27354.000,-79.124
27355.000,-79.124
27356.000,-79.124
27357.000,-79.124
27358.000,-79.124
27359.000,-79.124
27360.000,-158.248
27361.000,-158.248
27362.000,-79.124
27363.000,-79.124
27364.000,-79.124
27365.000,-79.124
27366.000,-79.124
27367.000,-79.124
27368.000,-79.124
27369.000,-158.248
27370.000,-158.248
27371.000,-79.124
27372.000,-79.124
27373.000,-79.124
27374.000,-79.124
27375.000,-79.124
27376.000,-79.124
27377.000,-79.124
27378.000,-79.124
27379.000,-79.124
27380.000,-79.124
27381.000,-79.124
27382.000,-79.124
27383.000,-79.124
27384.000,-79.124
27385.000,-79.124
27386.000,-79.124
27387.000,-79.124
27388.000,-79.124
27389.000,-79.124
27390.000,-79.124
27391.000,-79.124
27392.000,-79.124
27393.000,-79.124
27394.000,-79.124
27395.000,-79.124
27396.000,-79.124
27397.000,-79.124
27398.000,-79.124
27399.000,-79.124
27400.000,-79.124
27401.000,-79.124
27402.000,-79.124
27403.000,-79.124
27404.000,-79.124
27405.000,-79.124
27406.000,-79.124
27407.000,-79.124
27408.000,-79.124
27409.000,-79.124
27410.000,-79.124
27411.000,-158.248
27412.000,-79.124
27413.000,-79.124
27414.000,-79.124
27415.000,-79.124
27416.000,-79.124
27417.000,-79.124
27418.000,-79.124
27419.000,-158.248
27420.000,-79.124
27421.000,-79.124
27422.000,-79.124
27423.000,-79.124
27424.000,-79.124
27425.000,-79.124
27426.000,-79.124
27427.000,-79.124
27428.000,-79.124
27429.000,-79.124
27430.000,-79.124
27431.000,-79.124
27432.000,-79.124
27433.000,-79.124
27434.000,-79.124
27435.000,-79.124
27436.000,-79.124
27437.000,-79.124
27438.000,-79.124
27439.000,-79.124
27440.000,-79.124
27441.000,-79.124
27442.000,-79.124
27443.000,-79.124
27444.000,-79.124
27445.000,-79.124
27446.000,-79.124
27447.000,-79.124
27448.000,-79.124
27449.000,-79.124
27450.000,-79.124
27451.000,-79.124
27452.000,-79.124
27453.000,-79.124
27454.000,-79.124
27455.000,-79.124
27456.000,-79.124
27457.000,-79.124
27458.000,-79.124
27459.000,-79.124
27460.000,-79.124
27461.000,-79.124
27462.000,-79.124
27463.000,-79.124
27464.000,-79.124
27465.000,-79.124
27466.000,-79.124
27467.000,-79.124
27468.000,-79.124
27469.000,-79.124
27470.000,-79.124
27471.000,-79.124
27472.000,-79.124
27473.000,-79.124
27474.000,-79.124
27475.000,-79.124
27476.000,-79.124
27477.000,-79.124
27478.000,-79.124
27479.000,-79.124
27480.000,-79.124
27481.000,-79.124
27482.000,-79.124
27483.000,-79.124
27484.000,-79.124
27485.000,-79.124
27486.000,-79.124
27487.000,-79.124
27488.000,-79.124
27489.000,-79.124
27490.000,-79.124
27491.000,-79.124
27492.000,-79.124
27493.000,-158.248
27494.000,-158.248
27495.000,-79.124
27496.000,-79.124
27497.000,-79.124
27498.000,-79.124
27499.000,-79.124
27500.000,-79.124
27501.000,-79.124
27502.000,-158.248
27503.000,-158.248
27504.000,-79.124
27505.000,-79.124
27506.000,-79.124
27507.000,-79.124
27508.000,-79.124
27509.000,-79.124
27510.000,-158.248
27511.000,-158.248
27512.000,-158.248
27513.000,-79.124
27514.000,-79.124
27515.000,-79.124
27516.000,-79.124
27517.000,-79.124
27518.000,-79.124
27519.000,-158.248
27520.000,-158.248
27521.000,-79.124
27522.000,-79.124
27523.000,-79.124
27524.000,-79.124
27525.000,-79.124
27526.000,-79.124
27527.000,-79.124
27528.000,-158.248
27529.000,-158.248
27530.000,-79.124
27531.000,-79.124
27532.000,-79.124
27533.000,-79.124
27534.000,-79.124
27535.000,-79.124
27536.000,-79.124
27537.000,-79.124
27538.000,-79.124
27539.000,-79.124
27540.000,-79.124
27541.000,-79.124
27542.000,-79.124
27543.000,-79.124
27544.000,-79.124
27545.000,-79.124
27546.000,-79.124
27547.000,-79.124
27548.000,-79.124
27549.000,-79.124
27550.000,-79.124
27551.000,-79.124
27552.000,-79.124
27553.000,-79.124
27554.000,-79.124
27555.000,-79.124
27556.000,-79.124
27557.000,-79.124
27558.000,-79.124
27559.000,-79.124
27560.000,-79.124
27561.000,-79.124
27562.000,-79.124
27563.000,-79.124
27564.000,-79.124
27565.000,-79.124
27566.000,-79.124
27567.000,-79.124
27568.000,-79.124
27569.000,-79.124
27570.000,-79.124
27571.000,-79.124
27572.000,-79.124
27573.000,-79.124
27574.000,-79.124
27575.000,-79.124
27576.000,-79.124
27577.000,-158.248
27578.000,-79.124
27579.000,-79.124
27580.000,-79.124
27581.000,-79.124
27582.000,-79.124
27583.000,-79.124
27584.000,-79.124
27585.000,-158.248
27586.000,-158.248
27587.000,-79.124
27588.000,-79.124
27589.000,-79.124
27590.000,-79.124
27591.000,-79.124
27592.000,-79.124
27593.000,-79.124
27594.000,-158.248
27595.000,-79.124
27596.000,-79.124
27597.000,-79.124
27598.000,-79.124
27599.000,-79.124
27600.000,-79.124
27601.000,-79.124
27602.000,-79.124
27603.000,-158.248
27604.000,-79.124
27605.000,-79.124
27606.000,-79.124
27607.000,-79.124
27608.000,-79.124
27609.000,-79.124
27610.000,-79.124
27611.000,-79.124
27612.000,-79.124
27613.000,-79.124
27614.000,-79.124
27615.000,-79.124
27616.000,-79.124
27617.000,-79.124
27618.000,-79.124
27619.000,-79.124
27620.000,-79.124
27621.000,-79.124
27622.000,-79.124
27623.000,-79.124
27624.000,-79.124
27625.000,-79.124
27626.000,-79.124
27627.000,-79.124
27628.000,-79.124
27629.000,-79.124
27630.000,-79.124
27631.000,-79.124
27632.000,-79.124
27633.000,-79.124
27634.000,-79.124
27635.000,-79.124
27636.000,-158.248
27637.000,-79.124
27638.000,-79.124
27639.000,-79.124
27640.000,-79.124
27641.000,-79.124
27642.000,-79.124
27643.000,-79.124
27644.000,-158.248
27645.000,-79.124
27646.000,-79.124
27647.000,-79.124
27648.000,-79.124
27649.000,-79.124
27650.000,-79.124
27651.000,-79.124
27652.000,-79.124
27653.000,-158.248
27654.000,-79.124
27655.000,-79.124
27656.000,-79.124
27657.000,-79.124
27658.000,-79.124
27659.000,-79.124
27660.000,-79.124
27661.000,-79.124
27662.000,-79.124
27663.000,-79.124
27664.000,-79.124
27665.000,-79.124
27666.000,-79.124
27667.000,-79.124
27668.000,-79.124
27669.000,-79.124
27670.000,-79.124
27671.000,-79.124
27672.000,-79.124
27673.000,-79.124
27674.000,-79.124
27675.000,-79.124
27676.000,-79.124
27677.000,-79.124
27678.000,-79.124
27679.000,-79.124
27680.000,-79.124
27681.000,-79.124
27682.000,-79.124
27683.000,-79.124
27684.000,-79.124
27685.000,-79.124
27686.000,-79.124
27687.000,-79.124
27688.000,-79.124
27689.000,-79.124
27690.000,-79.124
27691.000,-79.124
27692.000,-79.124
27693.000,-79.124
27694.000,-79.124
27695.000,-79.124
27696.000,-79.124
27697.000,-79.124
27698.000,-79.124
27699.000,-79.124
27700.000,-79.124
27701.000,-79.124
27702.000,-79.124
27703.000,-79.124
27704.000,-79.124
27705.000,-79.124
27706.000,-79.124
27707.000,-79.124
27708.000,-79.124
27709.000,-79.124
27710.000,-79.124
27711.000,-158.248
27712.000,-79.124
27713.000,-79.124
27714.000,-79.124
27715.000,-79.124
27716.000,-79.124
27717.000,-79.124
27718.000,-79.124
27719.000,-79.124
27720.000,-79.124
27721.000,-79.124
27722.000,-79.124
27723.000,-79.124
27724.000,-79.124
27725.000,-79.124
27726.000,-79.124
27727.000,-79.124
27728.000,-79.124
27729.000,-79.124
27730.000,-79.124
27731.000,-79.124
27732.000,-79.124
27733.000,-79.124
27734.000,-79.124
27735.000,-79.124
27736.000,-79.124
27737.000,-79.124
27738.000,-79.124
27739.000,-79.124
27740.000,-79.124
27741.000,-79.124
27742.000,-79.124
27743.000,-79.124
27744.000,-79.124
27745.000,-79.124
27746.000,-79.124
27747.000,-79.124
27748.000,-79.124
27749.000,-79.124
27750.000,-79.124
27751.000,-79.124
27752.000,-79.124
27753.000,-79.124
27754.000,-79.124
27755.000,-79.124
27756.000,-79.124
27757.000,-79.124
27758.000,-79.124
27759.000,-79.124
27760.000,-79.124
27761.000,-79.124
27762.000,-79.124
27763.000,-79.124
27764.000,-79.124
27765.000,-79.124
27766.000,-79.124
27767.000,-79.124
27768.000,-79.124
27769.000,-158.248
27770.000,-79.124
27771.000,-79.124
27772.000,-79.124
27773.000,-79.124
27774.000,-79.124
27775.000,-79.124
27776.000,-79.124
27777.000,-79.124
27778.000,-158.248
27779.000,-79.124
27780.000,-79.124
27781.000,-79.124
27782.000,-79.124
27783.000,-79.124
27784.000,-79.124
27785.000,-79.124
27786.000,-79.124
27787.000,-79.124
27788.000,-79.124
27789.000,-79.124
27790.000,-79.124
27791.000,-79.124
27792.000,-79.124
27793.000,-79.124
27794.000,-79.124
27795.000,-79.124
27796.000,-79.124
27797.000,-79.124
27798.000,-79.124
27799.000,-79.124
27800.000,-79.124
27801.000,-79.124
27802.000,-79.124
27803.000,-79.124
27804.000,-79.124
27805.000,-79.124
27806.000,-79.124
27807.000,-79.124
27808.000,-79.124
27809.000,-79.124
27810.000,-79.124
27811.000,-79.124
27812.000,-79.124
27813.000,-79.124
27814.000,-79.124
27815.000,-79.124
27816.000,-79.124
27817.000,-79.124
27818.000,-79.124
27819.000,-79.124
27820.000,-79.124
27821.000,-79.124
27822.000,-79.124
27823.000,-79.124
27824.000,-79.124
27825.000,-79.124
27826.000,-79.124
27827.000,-79.124
27828.000,-79.124
27829.000,-79.124
27830.000,-79.124
27831.000,-79.124
27832.000,-79.124
27833.000,-79.124
27834.000,-79.124
27835.000,-79.124
27836.000,-79.124
27837.000,-79.124
27838.000,-79.124
27839.000,-79.124
27840.000,-79.124
27841.000,-79.124
27842.000,-79.124
27843.000,-79.124
27844.000,-79.124
27845.000,-79.124
27846.000,-79.124
27847.000,-79.124
27848.000,-79.124
27849.000,-79.124
27850.000,-79.124
27851.000,-79.124
27852.000,-79.124
27853.000,-79.124
27854.000,-79.124
27855.000,-79.124
27856.000,-79.124
27857.000,-79.124
27858.000,-79.124
27859.000,-79.124
27860.000,-79.124
27861.000,-158.248
27862.000,-79.124
27863.000,-79.124
27864.000,-79.124
27865.000,-79.124
27866.000,-79.124
27867.000,-79.124
27868.000,-79.124
27869.000,-158.248
27870.000,-158.248
27871.000,-79.124
27872.000,-79.124
27873.000,-79.124
27874.000,-79.124
27875.000,-79.124
27876.000,-79.124
27877.000,-158.248
27878.000,-158.248
27879.000,-158.248
27880.000,-79.124
27881.000,-79.124
27882.000,-79.124
27883.000,-79.124
27884.000,-79.124
27885.000,-79.124
27886.000,-158.248
27887.000,-158.248
27888.000,-79.124
27889.000,-79.124
27890.000,-79.124
27891.000,-79.124
27892.000,-79.124
27893.000,-79.124
27894.000,-79.124
27895.000,-158.248
27896.000,-79.124
27897.000,-79.124
27898.000,-79.124
27899.000,-79.124
27900.000,-79.124
27901.000,-79.124
27902.000,-79.124
27903.000,-79.124
27904.000,-79.124
27905.000,-79.124
27906.000,-79.124
27907.000,-79.124
27908.000,-79.124
27909.000,-79.124
27910.000,-79.124
27911.000,-79.124
27912.000,-79.124
27913.000,-79.124
27914.000,-79.124
27915.000,-79.124
27916.000,-79.124
27917.000,-79.124
27918.000,-79.124
27919.000,-158.248
27920.000,-79.124
27921.000,-79.124
27922.000,-79.124
27923.000,-79.124
27924.000,-79.124
27925.000,-79.124
27926.000,-79.124
27927.000,-79.124
27928.000,-158.248
27929.000,-79.124
27930.000,-79.124
27931.000,-79.124
27932.000,-79.124
27933.000,-79.124
27934.000,-79.124
27935.000,-79.124
27936.000,-158.248
27937.000,-158.248
27938.000,-79.124
27939.000,-79.124
27940.000,-79.124
27941.000,-79.124
27942.000,-79.124
27943.000,-79.124
27944.000,-79.124
27945.000,-79.124
27946.000,-79.124
27947.000,-79.124
27948.000,-79.124
27949.000,-79.124
27950.000,-79.124
27951.000,-79.124
27952.000,-79.124
27953.000,-79.124
27954.000,-79.124
27955.000,-79.124
27956.000,-79.124
27957.000,-79.124
27958.000,-79.124
27959.000,-79.124
27960.000,-79.124
27961.000,-79.124
27962.000,-79.124
27963.000,-79.124
27964.000,-79.124
27965.000,-79.124
27966.000,-79.124
27967.000,-79.124
27968.000,-79.124
27969.000,-79.124
27970.000,-79.124
27971.000,-79.124
27972.000,-79.124
27973.000,-79.124
27974.000,-79.124
27975.000,-79.124
27976.000,-79.124
27977.000,-79.124
27978.000,-79.124
27979.000,-79.124
27980.000,-79.124
27981.000,-79.124
27982.000,-79.124
27983.000,-79.124
27984.000,-79.124
27985.000,-79.124
27986.000,-158.248
27987.000,-79.124
27988.000,-79.124
27989.000,-79.124
27990.000,-79.124
27991.000,-79.124
27992.000,-79.124
27993.000,-79.124
27994.000,-158.248
27995.000,-158.248
27996.000,-79.124
27997.000,-79.124
27998.000,-79.124
27999.000,-79.124
28000.000,-79.124
28001.000,-79.124
28002.000,-158.248
28003.000,-158.248
28004.000,-79.124
28005.000,-79.124
28006.000,-79.124
28007.000,-79.124
28008.000,-79.124
28009.000,-79.124
28010.000,-79.124
28011.000,-158.248
28012.000,-158.248
28013.000,-79.124
28014.000,-79.124
28015.000,-79.124
28016.000,-79.124
28017.000,-79.124
28018.000,-79.124
28019.000,-158.248
28020.000,-158.248
28021.000,-158.248
28022.000,-79.124
28023.000,-79.124
28024.000,-79.124
28025.000,-79.124
28026.000,-79.124
28027.000,-79.124
28028.000,-158.248
28029.000,-158.248
28030.000,-79.124
28031.000,-79.124
28032.000,-79.124
28033.000,-79.124
28034.000,-79.124
28035.000,-79.124
28036.000,-79.124
28037.000,-79.124
28038.000,-79.124
28039.000,-79.124
28040.000,-79.124
28041.000,-79.124
28042.000,-79.124
28043.000,-79.124
28044.000,-79.124
28045.000,-79.124
28046.000,-79.124
28047.000,-79.124
28048.000,-79.124
28049.000,-79.124
28050.000,-79.124
28051.000,-79.124
28052.000,-79.124
28053.000,-79.124
28054.000,-79.124
28055.000,-79.124
28056.000,-79.124
28057.000,-79.124
28058.000,-79.124
28059.000,-79.124
28060.000,-79.124
28061.000,-79.124
28062.000,-79.124
28063.000,-79.124
28064.000,-79.124
28065.000,-79.124
28066.000,-79.124
28067.000,-79.124
28068.000,-79.124
28069.000,-158.248
28070.000,-158.248
28071.000,-79.124
28072.000,-79.124
28073.000,-79.124
28074.000,-79.124
28075.000,-79.124
28076.000,-79.124
28077.000,-158.248
28078.000,-158.248
28079.000,-79.124
28080.000,-79.124
28081.000,-79.124
28082.000,-79.124
28083.000,-79.124
28084.000,-79.124
28085.000,-79.124
28086.000,-158.248
28087.000,-158.248
28088.000,-79.124
28089.000,-79.124
28090.000,-79.124
28091.000,-79.124
28092.000,-79.124
28093.000,-79.124
28094.000,-79.124
28095.000,-158.248
28096.000,-79.124
28097.000,-79.124
28098.000,-79.124
28099.000,-79.124
28100.000,-79.124
28101.000,-79.124
28102.000,-79.124
28103.000,-158.248
28104.000,-79.124
28105.000,-79.124
28106.000,-79.124
28107.000,-79.124
28108.000,-79.124
28109.000,-79.124
28110.000,-79.124
28111.000,-158.248
28112.000,-79.124
28113.000,-79.124
28114.000,-79.124
28115.000,-79.124
28116.000,-79.124
28117.000,-79.124
28118.000,-79.124
28119.000,-158.248
28120.000,-158.248
28121.000,-79.124
28122.000,-79.124
28123.000,-79.124
28124.000,-79.124
28125.000,-79.124
28126.000,-79.124
28127.000,-158.248
28128.000,-158.248
28129.000,-79.124
28130.000,-79.124
28131.000,-79.124
28132.000,-79.124
28133.000,-79.124
28134.000,-79.124
28135.000,-79.124
28136.000,-158.248
28137.000,-158.248
28138.000,-79.124
28139.000,-79.124
28140.000,-79.124
28141.000,-79.124
28142.000,-79.124
28143.000,-79.124
28144.000,-79.124
28145.000,-158.248
28146.000,-79.124
28147.000,-79.124
28148.000,-79.124
28149.000,-79.124
28150.000,-79.124
28151.000,-79.124
28152.000,-79.124
28153.000,-158.248
28154.000,-79.124
28155.000,-79.124
28156.000,-79.124
28157.000,-79.124
28158.000,-79.124
28159.000,-79.124
28160.000,-79.124
28161.000,-158.248
28162.000,-79.124
28163.000,-79.124
28164.000,-79.124
28165.000,-79.124
28166.000,-79.124
28167.000,-79.124
28168.000,-79.124
28169.000,-158.248
28170.000,-158.248
28171.000,-79.124
28172.000,-79.124
28173.000,-79.124
28174.000,-79.124
28175.000,-79.124
28176.000,-79.124
28177.000,-158.248
28178.000,-158.248
28179.000,-79.124
28180.000,-79.124
28181.000,-79.124
28182.000,-79.124
28183.000,-79.124
28184.000,-79.124
28185.000,-79.124
28186.000,-158.248
28187.000,-158.248
28188.000,-79.124
28189.000,-79.124
28190.000,-79.124
28191.000,-79.124
28192.000,-79.124
28193.000,-79.124
28194.000,-79.124
28195.000,-158.248
28196.000,-79.124
28197.000,-79.124
28198.000,-79.124
28199.000,-79.124
28200.000,-79.124
28201.000,-79.124
28202.000,-79.124
28203.000,-158.248
28204.000,-79.124
28205.000,-79.124
28206.000,-79.124
28207.000,-79.124
28208.000,-79.124
28209.000,-79.124
28210.000,-79.124
28211.000,-79.124
28212.000,-79.124
28213.000,-79.124
28214.000,-79.124
28215.000,-79.124
28216.000,-79.124
28217.000,-79.124
28218.000,-79.124
28219.000,-158.248
28220.000,-79.124
28221.000,-79.124
28222.000,-79.124
28223.000,-79.124
28224.000,-79.124
28225.000,-79.124
28226.000,-79.124
28227.000,-158.248
28228.000,-158.248
28229.000,-79.124
28230.000,-79.124
28231.000,-79.124
28232.000,-79.124
28233.000,-79.124
28234.000,-79.124
28235.000,-79.124
28236.000,-158.248
28237.000,-158.248
28238.000,-79.124
28239.000,-79.124
28240.000,-79.124
28241.000,-79.124
28242.000,-79.124
28243.000,-79.124
28244.000,-158.248
28245.000,-158.248
28246.000,-79.124
28247.000,-79.124
28248.000,-79.124
28249.000,-79.124
28250.000,-79.124
28251.000,-79.124
28252.000,-79.124
28253.000,-158.248
28254.000,-79.124
28255.000,-79.124
28256.000,-79.124
28257.000,-79.124
28258.000,-79.124
28259.000,-79.124
28260.000,-79.124
28261.000,-158.248
28262.000,-79.124
28263.000,-79.124
28264.000,-79.124
28265.000,-79.124
28266.000,-79.124
28267.000,-79.124
28268.000,-79.124
28269.000,-158.248
28270.000,-158.248
28271.000,-79.124
28272.000,-79.124
28273.000,-79.124
28274.000,-79.124
28275.000,-79.124
28276.000,-79.124
28277.000,-158.248
28278.000,-158.248
28279.000,-158.248
28280.000,-79.124
28281.000,-79.124
28282.000,-79.124
28283.000,-79.124
28284.000,-79.124
28285.000,-79.124
28286.000,-158.248
28287.000,-158.248
28288.000,-79.124
28289.000,-79.124
28290.000,-79.124
28291.000,-79.124
28292.000,-79.124
28293.000,-79.124
28294.000,-158.248
28295.000,-158.248
28296.000,-158.248
28297.000,-79.124
28298.000,-79.124
28299.000,-79.124
28300.000,-79.124
28301.000,-79.124
28302.000,-79.124
28303.000,-158.248
28304.000,-158.248
28305.000,-79.124
28306.000,-79.124
28307.000,-79.124
28308.000,-79.124
28309.000,-79.124
28310.000,-79.124
28311.000,-79.124
28312.000,-79.124
28313.000,-79.124
28314.000,-79.124
28315.000,-79.124
28316.000,-79.124
28317.000,-79.124
28318.000,-79.124
28319.000,-79.124
28320.000,-79.124
28321.000,-79.124
28322.000,-79.124
28323.000,-79.124
28324.000,-79.124
28325.000,-79.124
28326.000,-79.124
28327.000,-79.124
28328.000,-79.124
28329.000,-79.124
28330.000,-79.124
28331.000,-79.124
28332.000,-79.124
28333.000,-79.124
28334.000,-79.124
28335.000,-79.124
28336.000,-79.124
28337.000,-79.124
28338.000,-79.124
28339.000,-79.124
28340.000,-79.124
28341.000,-79.124
28342.000,-79.124
28343.000,-158.248
28344.000,-158.248
28345.000,-79.124
28346.000,-79.124
28347.000,-79.124
28348.000,-79.124
28349.000,-79.124
28350.000,-79.124
28351.000,-79.124
28352.000,-158.248
28353.000,-158.248
28354.000,-79.124
28355.000,-79.124
28356.000,-79.124
28357.000,-79.124
28358.000,-79.124
28359.000,-79.124
28360.000,-158.248
28361.000,-158.248
28362.000,-158.248
28363.000,-79.124
28364.000,-79.124
28365.000,-79.124
28366.000,-79.124
28367.000,-79.124
28368.000,-79.124
28369.000,-158.248
28370.000,-158.248
28371.000,-79.124
28372.000,-79.124
28373.000,-79.124
28374.000,-79.124
28375.000,-79.124
28376.000,-79.124
28377.000,-79.124
28378.000,-158.248
28379.000,-158.248
28380.000,-79.124
28381.000,-79.124
28382.000,-79.124
28383.000,-79.124
28384.000,-79.124
28385.000,-79.124
28386.000,-158.248
28387.000,-158.248
28388.000,-79.124
28389.000,-79.124
28390.000,-79.124
28391.000,-79.124
28392.000,-79.124
28393.000,-79.124
28394.000,-79.124
28395.000,-158.248
28396.000,-79.124
28397.000,-79.124
28398.000,-79.124
28399.000,-79.124
28400.000,-79.124
28401.000,-79.124
28402.000,-79.124
28403.000,-79.124
28404.000,-79.124
28405.000,-79.124
28406.000,-79.124
28407.000,-79.124
28408.000,-79.124
28409.000,-79.124
28410.000,-79.124
28411.000,-158.248
28412.000,-79.124
28413.000,-79.124
28414.000,-79.124
28415.000,-79.124
28416.000,-79.124
28417.000,-79.124
28418.000,-79.124
28419.000,-158.248
28420.000,-79.124
28421.000,-79.124
28422.000,-79.124
28423.000,-79.124
28424.000,-79.124
28425.000,-79.124
28426.000,-79.124
28427.000,-158.248
28428.000,-158.248
28429.000,-79.124
28430.000,-79.124
28431.000,-79.124
28432.000,-79.124
28433.000,-79.124
28434.000,-79.124
28435.000,-79.124
28436.000,-158.248
28437.000,-158.248
28438.000,-79.124
28439.000,-79.124
28440.000,-79.124
28441.000,-79.124
28442.000,-79.124
28443.000,-79.124
28444.000,-158.248
28445.000,-158.248
28446.000,-79.124
28447.000,-79.124
28448.000,-79.124
28449.000,-79.124
28450.000,-79.124
28451.000,-79.124
28452.000,-79.124
28453.000,-79.124
28454.000,-79.124
28455.000,-79.124
28456.000,-79.124
28457.000,-79.124
28458.000,-79.124
28459.000,-79.124
28460.000,-79.124
28461.000,-79.124
28462.000,-79.124
28463.000,-79.124
28464.000,-79.124
28465.000,-79.124
28466.000,-79.124
28467.000,-79.124
28468.000,-79.124
28469.000,-79.124
28470.000,-79.124
28471.000,-79.124
28472.000,-79.124
28473.000,-79.124
28474.000,-79.124
28475.000,-79.124
28476.000,-79.124
28477.000,-158.248
28478.000,-79.124
28479.000,-79.124
28480.000,-79.124
28481.000,-79.124
28482.000,-79.124
28483.000,-79.124
28484.000,-79.124
28485.000,-158.248
28486.000,-158.248
28487.000,-79.124
28488.000,-79.124
28489.000,-79.124
28490.000,-79.124
28491.000,-79.124
28492.000,-79.124
28493.000,-79.124
28494.000,-158.248
28495.000,-158.248
28496.000,-79.124
28497.000,-79.124
28498.000,-79.124
28499.000,-79.124
28500.000,-79.124
28501.000,-79.124
28502.000,-158.248
28503.000,-158.248
28504.000,-158.248
28505.000,-79.124
28506.000,-79.124
28507.000,-79.124
28508.000,-79.124
28509.000,-79.124
28510.000,-79.124
28511.000,-158.248
28512.000,-79.124
28513.000,-79.124
28514.000,-79.124
28515.000,-79.124
28516.000,-79.124
28517.000,-79.124
28518.000,-79.124
28519.000,-79.124
28520.000,-79.124
28521.000,-79.124
28522.000,-79.124
28523.000,-79.124
28524.000,-79.124
28525.000,-79.124
28526.000,-79.124
28527.000,-79.124
28528.000,-79.124
28529.000,-79.124
28530.000,-79.124
28531.000,-79.124
28532.000,-79.124
28533.000,-79.124
28534.000,-79.124
28535.000,-79.124
28536.000,-158.248
28537.000,-79.124
28538.000,-79.124
28539.000,-79.124
28540.000,-79.124
28541.000,-79.124
28542.000,-79.124
28543.000,-79.124
28544.000,-158.248
28545.000,-158.248
28546.000,-79.124
28547.000,-79.124
28548.000,-79.124
28549.000,-79.124
28550.000,-79.124
28551.000,-79.124
28552.000,-158.248
28553.000,-158.248
28554.000,-79.124
28555.000,-79.124
28556.000,-79.124
28557.000,-79.124
28558.000,-79.124
28559.000,-79.124
28560.000,-79.124
28561.000,-158.248
28562.000,-79.124
28563.000,-79.124
28564.000,-79.124
28565.000,-79.124
28566.000,-79.124
28567.000,-79.124
28568.000,-79.124
28569.000,-79.124
28570.000,-79.124
28571.000,-79.124
28572.000,-79.124
28573.000,-79.124
28574.000,-79.124
28575.000,-79.124
28576.000,-79.124
28577.000,-79.124
28578.000,-79.124
28579.000,-79.124
28580.000,-79.124
28581.000,-79.124
28582.000,-79.124
28583.000,-79.124
28584.000,-79.124
28585.000,-79.124
28586.000,-79.124
28587.000,-79.124
28588.000,-79.124
28589.000,-79.124
28590.000,-79.124
28591.000,-79.124
28592.000,-79.124
28593.000,-79.124
28594.000,-79.124
28595.000,-79.124
28596.000,-79.124
28597.000,-79.124
28598.000,-79.124
28599.000,-79.124
28600.000,-79.124
28601.000,-79.124
28602.000,-79.124
28603.000,-79.124
28604.000,-79.124
28605.000,-79.124
28606.000,-79.124
28607.000,-79.124
28608.000,-79.124
28609.000,-79.124
28610.000,-79.124
28611.000,-158.248
28612.000,-79.124
28613.000,-79.124
28614.000,-79.124
28615.000,-79.124
28616.000,-79.124
28617.000,-79.124
28618.000,-79.124
28619.000,-158.248
28620.000,-79.124
28621.000,-79.124
28622.000,-79.124
28623.000,-79.124
28624.000,-79.124
28625.000,-79.124
28626.000,-79.124
28627.000,-79.124
28628.000,-158.248
28629.000,-79.124
28630.000,-79.124
28631.000,-79.124
28632.000,-79.124
28633.000,-79.124
28634.000,-79.124
28635.000,-79.124
28636.000,-158.248
28637.000,-79.124
28638.000,-79.124
28639.000,-79.124
28640.000,-79.124
28641.000,-79.124
28642.000,-79.124
28643.000,-79.124
28644.000,-158.248
28645.000,-158.248
28646.000,-79.124
28647.000,-79.124
28648.000,-79.124
28649.000,-79.124
28650.000,-79.124
28651.000,-79.124
28652.000,-158.248
28653.000,-158.248
28654.000,-79.124
28655.000,-79.124
28656.000,-79.124
28657.000,-79.124
28658.000,-79.124
28659.000,-79.124
28660.000,-79.124
28661.000,-158.248
28662.000,-158.248
28663.000,-79.124
28664.000,-79.124
28665.000,-79.124
28666.000,-79.124
28667.000,-79.124
28668.000,-79.124
28669.000,-79.124
28670.000,-158.248
28671.000,-79.124
28672.000,-79.124
28673.000,-79.124
28674.000,-79.124
28675.000,-79.124
28676.000,-79.124
28677.000,-79.124
28678.000,-79.124
28679.000,-79.124
28680.000,-79.124
28681.000,-79.124
28682.000,-79.124
28683.000,-79.124
28684.000,-79.124
28685.000,-79.124
28686.000,-79.124
28687.000,-79.124
28688.000,-79.124
28689.000,-79.124
28690.000,-79.124
28691.000,-79.124
28692.000,-79.124
28693.000,-79.124
28694.000,-79.124
28695.000,-79.124
28696.000,-79.124
28697.000,-79.124
28698.000,-79.124
28699.000,-79.124
28700.000,-79.124
28701.000,-79.124
28702.000,-79.124
28703.000,-79.124
28704.000,-79.124
28705.000,-79.124
28706.000,-79.124
28707.000,-79.124
28708.000,-79.124
28709.000,-79.124
28710.000,-79.124
28711.000,-158.248
28712.000,-79.124
28713.000,-79.124
28714.000,-79.124
28715.000,-79.124
28716.000,-79.124
28717.000,-79.124
28718.000,-79.124
28719.000,-79.124
28720.000,-79.124
