Time_ms,Absolute_Displacement_nm
0.000,57602.215
1.000,57602.215
2.000,57602.215
3.000,57602.215
4.000,57602.215
5.000,57681.339
6.000,57602.215
7.000,57602.215
8.000,57602.215
9.000,57602.215
10.000,57602.215
11.000,57602.215
12.000,57602.215
13.000,57681.339
14.000,57681.339
15.000,57602.215
16.000,57602.215
17.000,57602.215
18.000,57602.215
19.000,57602.215
20.000,57602.215
21.000,57602.215
22.000,57681.339
23.000,57602.215
24.000,57602.215
25.000,57602.215
26.000,57602.215
27.000,57602.215
28.000,57602.215
29.000,57602.215
30.000,57681.339
31.000,57602.215
32.000,57602.215
33.000,57602.215
34.000,57602.215
35.000,57602.215
36.000,57602.215
37.000,57602.215
38.000,57602.215
39.000,57602.215
40.000,57602.215
41.000,57602.215
42.000,57602.215
43.000,57602.215
44.000,57602.215
45.000,57602.215
46.000,57681.339
47.000,57602.215
48.000,57602.215
49.000,57602.215
50.000,57602.215
51.000,57602.215
52.000,57602.215
53.000,57602.215
54.000,57602.215
55.000,57681.339
56.000,57602.215
57.000,57602.215
58.000,57602.215
59.000,57602.215
60.000,57602.215
61.000,57602.215
62.000,57602.215
63.000,57681.339
64.000,57602.215
65.000,57602.215
66.000,57602.215
67.000,57602.215
68.000,57602.215
69.000,57602.215
70.000,57602.215
71.000,57681.339
72.000,57681.339
73.000,57602.215
74.000,57602.215
75.000,57602.215
76.000,57602.215
77.000,57602.215
78.000,57602.215
79.000,57602.215
80.000,57681.339
81.000,57602.215
82.000,57602.215
83.000,57602.215
84.000,57602.215
85.000,57602.215
86.000,57602.215
87.000,57602.215
88.000,57681.339
89.000,57602.215
90.000,57602.215
91.000,57602.215
92.000,57602.215
93.000,57602.215
94.000,57602.215
95.000,57602.215
96.000,57602.215
97.000,57602.215
98.000,57602.215
99.000,57602.215
100.000,57602.215
101.000,57602.215
102.000,57602.215
103.000,57602.215
104.000,57602.215
105.000,57602.215
106.000,57602.215
107.000,57602.215
108.000,57602.215
109.000,57602.215
110.000,57602.215
111.000,57602.215
112.000,57602.215
113.000,57602.215
114.000,57602.215
115.000,57602.215
116.000,57602.215
117.000,57602.215
118.000,57602.215
119.000,57602.215
120.000,57602.215
121.000,57602.215
122.000,57602.215
123.000,57602.215
124.000,57602.215
125.000,57602.215
126.000,57602.215
127.000,57602.215
128.000,57602.215
129.000,57602.215
130.000,57602.215
131.000,57602.215
132.000,57602.215
133.000,57602.215
134.000,57602.215
135.000,57602.215
136.000,57602.215
137.000,57602.215
138.000,57602.215
139.000,57602.215
140.000,57602.215
141.000,57602.215
142.000,57602.215
143.000,57602.215
144.000,57602.215
145.000,57602.215
146.000,57602.215
147.000,57602.215
148.000,57602.215
149.000,57602.215
150.000,57602.215
151.000,57602.215
152.000,57602.215
153.000,57602.215
154.000,57602.215
155.000,57602.215
156.000,57602.215
157.000,57602.215
158.000,57602.215
159.000,57602.215
160.000,57602.215
161.000,57602.215
162.000,57602.215
163.000,57602.215
164.000,57602.215
165.000,57602.215
166.000,57602.215
167.000,57602.215
168.000,57602.215
169.000,57602.215
170.000,57602.215
171.000,57602.215
172.000,57602.215
173.000,57602.215
174.000,57602.215
175.000,57602.215
176.000,57602.215
177.000,57602.215
178.000,57602.215
179.000,57602.215
180.000,57602.215
181.000,57602.215
182.000,57602.215
183.000,57602.215
184.000,57602.215
185.000,57602.215
186.000,57602.215
187.000,57602.215
188.000,57602.215
189.000,57602.215
190.000,57602.215
191.000,57602.215
192.000,57602.215
193.000,57602.215
194.000,57602.215
195.000,57602.215
196.000,57602.215
197.000,57602.215
198.000,57602.215
199.000,57602.215
200.000,57602.215
201.000,57602.215
202.000,57602.215
203.000,57602.215
204.000,57602.215
205.000,57602.215
206.000,57602.215
207.000,57602.215
208.000,57602.215
209.000,57602.215
210.000,57602.215
211.000,57602.215
212.000,57602.215
213.000,57602.215
214.000,57602.215
215.000,57602.215
216.000,57602.215
217.000,57602.215
218.000,57602.215
219.000,57602.215
220.000,57602.215
221.000,57602.215
222.000,57602.215
223.000,57602.215
224.000,57602.215
225.000,57602.215
226.000,57602.215
227.000,57602.215
228.000,57602.215
229.000,57602.215
230.000,57602.215
231.000,57602.215
232.000,57602.215
233.000,57602.215
234.000,57602.215
235.000,57602.215
236.000,57602.215
237.000,57602.215
238.000,57602.215
239.000,57602.215
240.000,57602.215
241.000,57602.215
242.000,57602.215
243.000,57602.215
244.000,57602.215
245.000,57602.215
246.000,57602.215
247.000,57602.215
248.000,57602.215
249.000,57602.215
250.000,57602.215
251.000,57602.215
252.000,57602.215
253.000,57602.215
254.000,57602.215
255.000,57602.215
256.000,57602.215
257.000,57602.215
258.000,57602.215
259.000,57602.215
260.000,57602.215
261.000,57602.215
262.000,57602.215
263.000,57602.215
264.000,57602.215
265.000,57602.215
266.000,57602.215
267.000,57602.215
268.000,57602.215
269.000,57602.215
270.000,57602.215
271.000,57681.339
272.000,57602.215
273.000,57602.215
274.000,57602.215
275.000,57602.215
276.000,57602.215
277.000,57602.215
278.000,57602.215
279.000,57681.339
280.000,57681.339
281.000,57602.215
282.000,57602.215
283.000,57602.215
284.000,57602.215
285.000,57602.215
286.000,57602.215
287.000,57602.215
288.000,57681.339
289.000,57602.215
290.000,57602.215
291.000,57602.215
292.000,57602.215
293.000,57602.215
294.000,57602.215
295.000,57602.215
296.000,57602.215
297.000,57602.215
298.000,57602.215
299.000,57602.215
300.000,57602.215
301.000,57602.215
302.000,57602.215
303.000,57602.215
304.000,57602.215
305.000,57602.215
306.000,57602.215
307.000,57602.215
308.000,57602.215
309.000,57602.215
310.000,57602.215
311.000,57602.215
312.000,57602.215
313.000,57602.215
314.000,57602.215
315.000,57602.215
316.000,57602.215
317.000,57602.215
318.000,57602.215
319.000,57602.215
320.000,57602.215
321.000,57602.215
322.000,57602.215
323.000,57602.215
324.000,57602.215
325.000,57602.215
326.000,57602.215
327.000,57602.215
328.000,57602.215
329.000,57602.215
330.000,57602.215
331.000,57602.215
332.000,57602.215
333.000,57602.215
334.000,57602.215
335.000,57602.215
336.000,57602.215
337.000,57602.215
338.000,57602.215
339.000,57602.215
340.000,57602.215
341.000,57602.215
342.000,57602.215
343.000,57602.215
344.000,57602.215
345.000,57602.215
346.000,57681.339
347.000,57681.339
348.000,57602.215
349.000,57602.215
350.000,57602.215
351.000,57602.215
352.000,57602.215
353.000,57602.215
354.000,57602.215
355.000,57681.339
356.000,57602.215
357.000,57602.215
358.000,57602.215
359.000,57602.215
360.000,57602.215
361.000,57602.215
362.000,57602.215
363.000,57602.215
364.000,57602.215
365.000,57602.215
366.000,57602.215
367.000,57602.215
368.000,57602.215
369.000,57602.215
370.000,57602.215
371.000,57602.215
372.000,57602.215
373.000,57602.215
374.000,57602.215
375.000,57602.215
376.000,57602.215
377.000,57602.215
378.000,57602.215
379.000,57602.215
380.000,57602.215
381.000,57602.215
382.000,57602.215
383.000,57602.215
384.000,57602.215
385.000,57602.215
386.000,57602.215
387.000,57602.215
388.000,57602.215
389.000,57602.215
390.000,57602.215
391.000,57602.215
392.000,57602.215
393.000,57602.215
394.000,57602.215
395.000,57602.215
396.000,57602.215
397.000,57602.215
398.000,57602.215
399.000,57602.215
400.000,57602.215
401.000,57602.215
402.000,57602.215
403.000,57602.215
404.000,57602.215
405.000,57602.215
406.000,57602.215
407.000,57602.215
408.000,57602.215
409.000,57602.215
410.000,57602.215
411.000,57602.215
412.000,57602.215
413.000,57681.339
414.000,57602.215
415.000,57602.215
416.000,57602.215
417.000,57602.215
418.000,57602.215
419.000,57602.215
420.000,57602.215
421.000,57602.215
422.000,57602.215
423.000,57602.215
424.000,57602.215
425.000,57602.215
426.000,57602.215
427.000,57602.215
428.000,57602.215
429.000,57602.215
430.000,57602.215
431.000,57602.215
432.000,57602.215
433.000,57602.215
434.000,57602.215
435.000,57602.215
436.000,57602.215
437.000,57602.215
438.000,57602.215
439.000,57602.215
440.000,57602.215
441.000,57602.215
442.000,57602.215
443.000,57602.215
444.000,57602.215
445.000,57602.215
446.000,57602.215
447.000,57602.215
448.000,57602.215
449.000,57602.215
450.000,57602.215
451.000,57602.215
452.000,57602.215
453.000,57602.215
454.000,57602.215
455.000,57602.215
456.000,57602.215
457.000,57602.215
458.000,57602.215
459.000,57602.215
460.000,57602.215
461.000,57602.215
462.000,57602.215
463.000,57602.215
464.000,57602.215
465.000,57602.215
466.000,57602.215
467.000,57602.215
468.000,57602.215
469.000,57602.215
470.000,57602.215
471.000,57602.215
472.000,57602.215
473.000,57602.215
474.000,57602.215
475.000,57602.215
476.000,57602.215
477.000,57602.215
478.000,57602.215
479.000,57602.215
480.000,57681.339
481.000,57602.215
482.000,57602.215
483.000,57602.215
484.000,57602.215
485.000,57602.215
486.000,57602.215
487.000,57602.215
488.000,57681.339
489.000,57602.215
490.000,57602.215
491.000,57602.215
492.000,57602.215
493.000,57602.215
494.000,57602.215
495.000,57602.215
496.000,57602.215
497.000,57602.215
498.000,57602.215
499.000,57602.215
500.000,57602.215
501.000,57602.215
502.000,57602.215
503.000,57602.215
504.000,57602.215
505.000,57602.215
506.000,57602.215
507.000,57602.215
508.000,57602.215
509.000,57602.215
510.000,57602.215
511.000,57602.215
512.000,57602.215
513.000,57602.215
514.000,57602.215
515.000,57602.215
516.000,57602.215
517.000,57602.215
518.000,57602.215
519.000,57602.215
520.000,57602.215
521.000,57602.215
522.000,57602.215
523.000,57602.215
524.000,57602.215
525.000,57602.215
526.000,57602.215
527.000,57602.215
528.000,57602.215
529.000,57602.215
530.000,57602.215
531.000,57602.215
532.000,57602.215
533.000,57602.215
534.000,57602.215
535.000,57602.215
536.000,57602.215
537.000,57602.215
538.000,57681.339
539.000,57602.215
540.000,57602.215
541.000,57602.215
542.000,57602.215
543.000,57602.215
544.000,57602.215
545.000,57602.215
546.000,57602.215
547.000,57602.215
548.000,57602.215
549.000,57602.215
550.000,57602.215
551.000,57602.215
552.000,57602.215
553.000,57602.215
554.000,57602.215
555.000,57602.215
556.000,57602.215
557.000,57602.215
558.000,57602.215
559.000,57602.215
560.000,57602.215
561.000,57602.215
562.000,57602.215
563.000,57602.215
564.000,57602.215
565.000,57602.215
566.000,57602.215
567.000,57602.215
568.000,57602.215
569.000,57602.215
570.000,57602.215
571.000,57602.215
572.000,57602.215
573.000,57602.215
574.000,57602.215
575.000,57602.215
576.000,57602.215
577.000,57602.215
578.000,57602.215
579.000,57602.215
580.000,57602.215
581.000,57602.215
582.000,57602.215
583.000,57602.215
584.000,57602.215
585.000,57602.215
586.000,57602.215
587.000,57602.215
588.000,57602.215
589.000,57602.215
590.000,57602.215
591.000,57602.215
592.000,57602.215
593.000,57602.215
594.000,57602.215
595.000,57602.215
596.000,57602.215
597.000,57602.215
598.000,57602.215
599.000,57602.215
600.000,57602.215
601.000,57602.215
602.000,57602.215
603.000,57602.215
604.000,57602.215
605.000,57602.215
606.000,57602.215
607.000,57602.215
608.000,57602.215
609.000,57602.215
610.000,57602.215
611.000,57602.215
612.000,57602.215
613.000,57602.215
614.000,57602.215
615.000,57602.215
616.000,57602.215
617.000,57602.215
618.000,57602.215
619.000,57602.215
620.000,57602.215
621.000,57602.215
622.000,57602.215
623.000,57602.215
624.000,57602.215
625.000,57602.215
626.000,57602.215
627.000,57602.215
628.000,57602.215
629.000,57602.215
630.000,57602.215
631.000,57602.215
632.000,57602.215
633.000,57602.215
634.000,57602.215
635.000,57602.215
636.000,57602.215
637.000,57602.215
638.000,57602.215
639.000,57602.215
640.000,57602.215
641.000,57602.215
642.000,57602.215
643.000,57602.215
644.000,57602.215
645.000,57602.215
646.000,57602.215
647.000,57602.215
648.000,57602.215
649.000,57602.215
650.000,57602.215
651.000,57602.215
652.000,57602.215
653.000,57602.215
654.000,57602.215
655.000,57602.215
656.000,57602.215
657.000,57602.215
658.000,57602.215
659.000,57602.215
660.000,57602.215
661.000,57602.215
662.000,57602.215
663.000,57602.215
664.000,57602.215
665.000,57602.215
666.000,57602.215
667.000,57602.215
668.000,57602.215
669.000,57602.215
670.000,57602.215
671.000,57602.215
672.000,57602.215
673.000,57602.215
674.000,57602.215
675.000,57602.215
676.000,57602.215
677.000,57602.215
678.000,57602.215
679.000,57602.215
680.000,57602.215
681.000,57602.215
682.000,57602.215
683.000,57602.215
684.000,57602.215
685.000,57602.215
686.000,57602.215
687.000,57602.215
688.000,57602.215
689.000,57602.215
690.000,57602.215
691.000,57602.215
692.000,57602.215
693.000,57602.215
694.000,57602.215
695.000,57602.215
696.000,57602.215
697.000,57602.215
698.000,57602.215
699.000,57602.215
700.000,57602.215
701.000,57602.215
702.000,57602.215
703.000,57602.215
704.000,57602.215
705.000,57681.339
706.000,57602.215
707.000,57602.215
708.000,57602.215
709.000,57602.215
710.000,57602.215
711.000,57602.215
712.000,57602.215
713.000,57681.339
714.000,57602.215
715.000,57602.215
716.000,57602.215
717.000,57602.215
718.000,57602.215
719.000,57602.215
720.000,57602.215
721.000,57602.215
722.000,57602.215
723.000,57602.215
724.000,57602.215
725.000,57602.215
726.000,57602.215
727.000,57602.215
728.000,57602.215
729.000,57602.215
730.000,57602.215
731.000,57602.215
732.000,57602.215
733.000,57602.215
734.000,57602.215
735.000,57602.215
736.000,57602.215
737.000,57602.215
738.000,57602.215
739.000,57602.215
740.000,57602.215
741.000,57602.215
742.000,57602.215
743.000,57602.215
744.000,57602.215
745.000,57602.215
746.000,57602.215
747.000,57602.215
748.000,57602.215
749.000,57602.215
750.000,57602.215
751.000,57602.215
752.000,57602.215
753.000,57602.215
754.000,57602.215
755.000,57602.215
756.000,57602.215
757.000,57602.215
758.000,57602.215
759.000,57602.215
760.000,57602.215
761.000,57602.215
762.000,57602.215
763.000,57602.215
764.000,57602.215
765.000,57602.215
766.000,57602.215
767.000,57602.215
768.000,57602.215
769.000,57602.215
770.000,57602.215
771.000,57602.215
772.000,57602.215
773.000,57602.215
774.000,57602.215
775.000,57602.215
776.000,57602.215
777.000,57602.215
778.000,57602.215
779.000,57602.215
780.000,57602.215
781.000,57602.215
782.000,57602.215
783.000,57602.215
784.000,57602.215
785.000,57602.215
786.000,57602.215
787.000,57602.215
788.000,57602.215
789.000,57602.215
790.000,57602.215
791.000,57602.215
792.000,57602.215
793.000,57602.215
794.000,57602.215
795.000,57602.215
796.000,57602.215
797.000,57602.215
798.000,57602.215
799.000,57602.215
800.000,57602.215
801.000,57602.215
802.000,57602.215
803.000,57602.215
804.000,57602.215
805.000,57602.215
806.000,57602.215
807.000,57602.215
808.000,57602.215
809.000,57602.215
810.000,57602.215
811.000,57602.215
812.000,57602.215
813.000,57602.215
814.000,57602.215
815.000,57602.215
816.000,57602.215
817.000,57602.215
818.000,57602.215
819.000,57602.215
820.000,57602.215
821.000,57602.215
822.000,57602.215
823.000,57602.215
824.000,57602.215
825.000,57602.215
826.000,57602.215
827.000,57602.215
828.000,57602.215
829.000,57602.215
830.000,57602.215
831.000,57602.215
832.000,57602.215
833.000,57602.215
834.000,57602.215
835.000,57602.215
836.000,57602.215
837.000,57602.215
838.000,57681.339
839.000,57602.215
840.000,57602.215
841.000,57602.215
842.000,57602.215
843.000,57602.215
844.000,57602.215
845.000,57602.215
846.000,57602.215
847.000,57602.215
848.000,57602.215
849.000,57602.215
850.000,57602.215
851.000,57602.215
852.000,57602.215
853.000,57602.215
854.000,57602.215
855.000,57602.215
856.000,57602.215
857.000,57602.215
858.000,57602.215
859.000,57602.215
860.000,57602.215
861.000,57602.215
862.000,57602.215
863.000,57602.215
864.000,57602.215
865.000,57602.215
866.000,57602.215
867.000,57602.215
868.000,57602.215
869.000,57602.215
870.000,57602.215
871.000,57602.215
872.000,57602.215
873.000,57602.215
874.000,57602.215
875.000,57602.215
876.000,57602.215
877.000,57602.215
878.000,57602.215
879.000,57602.215
880.000,57602.215
881.000,57602.215
882.000,57602.215
883.000,57602.215
884.000,57602.215
885.000,57602.215
886.000,57602.215
887.000,57602.215
888.000,57681.339
889.000,57681.339
890.000,57602.215
891.000,57602.215
892.000,57602.215
893.000,57602.215
894.000,57602.215
895.000,57602.215
896.000,57602.215
897.000,57681.339
898.000,57602.215
899.000,57602.215
900.000,57602.215
901.000,57602.215
902.000,57602.215
903.000,57602.215
904.000,57602.215
905.000,57602.215
906.000,57602.215
907.000,57602.215
908.000,57602.215
909.000,57602.215
910.000,57602.215
911.000,57602.215
912.000,57602.215
913.000,57602.215
914.000,57602.215
915.000,57602.215
916.000,57602.215
917.000,57602.215
918.000,57602.215
919.000,57602.215
920.000,57602.215
921.000,57602.215
922.000,57602.215
923.000,57602.215
924.000,57602.215
925.000,57602.215
926.000,57602.215
927.000,57602.215
928.000,57602.215
929.000,57602.215
930.000,57602.215
931.000,57602.215
932.000,57602.215
933.000,57602.215
934.000,57602.215
935.000,57602.215
936.000,57602.215
937.000,57602.215
938.000,57681.339
939.000,57681.339
940.000,57602.215
941.000,57602.215
942.000,57602.215
943.000,57602.215
944.000,57602.215
945.000,57602.215
946.000,57681.339
947.000,57681.339
948.000,57602.215
949.000,57602.215
950.000,57602.215
951.000,57602.215
952.000,57602.215
953.000,57602.215
954.000,57602.215
955.000,57681.339
956.000,57602.215
957.000,57602.215
958.000,57602.215
959.000,57602.215
960.000,57602.215
961.000,57602.215
962.000,57602.215
963.000,57602.215
964.000,57602.215
965.000,57602.215
966.000,57602.215
967.000,57602.215
968.000,57602.215
969.000,57602.215
970.000,57602.215
971.000,57602.215
972.000,57602.215
973.000,57602.215
974.000,57602.215
975.000,57602.215
976.000,57602.215
977.000,57602.215
978.000,57602.215
979.000,57602.215
980.000,57602.215
981.000,57602.215
982.000,57602.215
983.000,57602.215
984.000,57602.215
985.000,57602.215
986.000,57602.215
987.000,57602.215
988.000,57681.339
989.000,57602.215
990.000,57602.215
991.000,57602.215
992.000,57602.215
993.000,57602.215
994.000,57602.215
995.000,57602.215
996.000,57681.339
997.000,57681.339
998.000,57602.215
999.000,57602.215
1000.000,57602.215
1001.000,57602.215
1002.000,57602.215
1003.000,57602.215
1004.000,57602.215
1005.000,57681.339
1006.000,57681.339
1007.000,57602.215
1008.000,57602.215
1009.000,57602.215
1010.000,57602.215
1011.000,57602.215
1012.000,57602.215
1013.000,57602.215
1014.000,57602.215
1015.000,57602.215
1016.000,57602.215
1017.000,57602.215
1018.000,57602.215
1019.000,57602.215
1020.000,57602.215
1021.000,57602.215
1022.000,57602.215
1023.000,57602.215
1024.000,57602.215
1025.000,57602.215
1026.000,57602.215
1027.000,57602.215
1028.000,57602.215
1029.000,57602.215
1030.000,57602.215
1031.000,57602.215
1032.000,57602.215
1033.000,57602.215
1034.000,57602.215
1035.000,57602.215
1036.000,57602.215
1037.000,57602.215
1038.000,57602.215
1039.000,57602.215
1040.000,57602.215
1041.000,57602.215
1042.000,57602.215
1043.000,57602.215
1044.000,57602.215
1045.000,57602.215
1046.000,57681.339
1047.000,57681.339
1048.000,57602.215
1049.000,57602.215
1050.000,57602.215
1051.000,57602.215
1052.000,57602.215
1053.000,57602.215
1054.000,57681.339
1055.000,57681.339
1056.000,57602.215
1057.000,57602.215
1058.000,57602.215
1059.000,57602.215
1060.000,57602.215
1061.000,57602.215
1062.000,57602.215
1063.000,57602.215
1064.000,57681.339
1065.000,57602.215
1066.000,57602.215
1067.000,57602.215
1068.000,57602.215
1069.000,57602.215
1070.000,57602.215
1071.000,57602.215
1072.000,57602.215
1073.000,57602.215
1074.000,57602.215
1075.000,57602.215
1076.000,57602.215
1077.000,57602.215
1078.000,57602.215
1079.000,57602.215
1080.000,57602.215
1081.000,57602.215
1082.000,57602.215
1083.000,57602.215
1084.000,57602.215
1085.000,57602.215
1086.000,57602.215
1087.000,57602.215
1088.000,57602.215
1089.000,57602.215
1090.000,57602.215
1091.000,57602.215
1092.000,57602.215
1093.000,57602.215
1094.000,57602.215
1095.000,57602.215
1096.000,57602.215
1097.000,57602.215
1098.000,57602.215
1099.000,57602.215
1100.000,57602.215
1101.000,57602.215
1102.000,57602.215
1103.000,57602.215
1104.000,57602.215
1105.000,57681.339
1106.000,57602.215
1107.000,57602.215
1108.000,57602.215
1109.000,57602.215
1110.000,57602.215
1111.000,57602.215
1112.000,57602.215
1113.000,57602.215
1114.000,57681.339
1115.000,57602.215
1116.000,57602.215
1117.000,57602.215
1118.000,57602.215
1119.000,57602.215
1120.000,57602.215
1121.000,57602.215
1122.000,57602.215
1123.000,57602.215
1124.000,57602.215
1125.000,57602.215
1126.000,57602.215
1127.000,57602.215
1128.000,57602.215
1129.000,57602.215
1130.000,57602.215
1131.000,57602.215
1132.000,57602.215
1133.000,57602.215
1134.000,57602.215
1135.000,57602.215
1136.000,57602.215
1137.000,57602.215
1138.000,57602.215
1139.000,57602.215
1140.000,57602.215
1141.000,57602.215
1142.000,57602.215
1143.000,57602.215
1144.000,57602.215
1145.000,57602.215
1146.000,57602.215
1147.000,57602.215
1148.000,57602.215
1149.000,57602.215
1150.000,57602.215
1151.000,57602.215
1152.000,57602.215
1153.000,57602.215
1154.000,57681.339
1155.000,57681.339
1156.000,57602.215
1157.000,57602.215
1158.000,57602.215
1159.000,57602.215
1160.000,57602.215
1161.000,57602.215
1162.000,57602.215
1163.000,57681.339
1164.000,57681.339
1165.000,57602.215
1166.000,57602.215
1167.000,57602.215
1168.000,57602.215
1169.000,57602.215
1170.000,57602.215
1171.000,57602.215
1172.000,57681.339
1173.000,57602.215
1174.000,57602.215
1175.000,57602.215
1176.000,57602.215
1177.000,57602.215
1178.000,57602.215
1179.000,57602.215
1180.000,57602.215
1181.000,57602.215
1182.000,57602.215
1183.000,57602.215
1184.000,57602.215
1185.000,57602.215
1186.000,57602.215
1187.000,57602.215
1188.000,57602.215
1189.000,57602.215
1190.000,57602.215
1191.000,57602.215
1192.000,57602.215
1193.000,57602.215
1194.000,57602.215
1195.000,57602.215
1196.000,57602.215
1197.000,57602.215
1198.000,57602.215
1199.000,57602.215
1200.000,57602.215
1201.000,57602.215
1202.000,57602.215
1203.000,57602.215
1204.000,57681.339
1205.000,57602.215
1206.000,57602.215
1207.000,57602.215
1208.000,57602.215
1209.000,57602.215
1210.000,57602.215
1211.000,57602.215
1212.000,57681.339
1213.000,57681.339
1214.000,57681.339
1215.000,57602.215
1216.000,57602.215
1217.000,57602.215
1218.000,57602.215
1219.000,57602.215
1220.000,57602.215
1221.000,57681.339
1222.000,57681.339
1223.000,57602.215
1224.000,57602.215
1225.000,57602.215
1226.000,57602.215
1227.000,57602.215
1228.000,57602.215
1229.000,57602.215
1230.000,57681.339
1231.000,57681.339
1232.000,57602.215
1233.000,57602.215
1234.000,57602.215
1235.000,57602.215
1236.000,57602.215
1237.000,57602.215
1238.000,57602.215
1239.000,57602.215
1240.000,57602.215
1241.000,57602.215
1242.000,57602.215
1243.000,57602.215
1244.000,57602.215
1245.000,57602.215
1246.000,57602.215
1247.000,57602.215
1248.000,57602.215
1249.000,57602.215
1250.000,57602.215
1251.000,57602.215
1252.000,57602.215
1253.000,57602.215
1254.000,57602.215
1255.000,57602.215
1256.000,57602.215
1257.000,57602.215
1258.000,57602.215
1259.000,57602.215
1260.000,57602.215
1261.000,57602.215
1262.000,57602.215
1263.000,57681.339
1264.000,57602.215
1265.000,57602.215
1266.000,57602.215
1267.000,57602.215
1268.000,57602.215
1269.000,57602.215
1270.000,57602.215
1271.000,57681.339
1272.000,57602.215
1273.000,57602.215
1274.000,57602.215
1275.000,57602.215
1276.000,57602.215
1277.000,57602.215
1278.000,57602.215
1279.000,57602.215
1280.000,57681.339
1281.000,57602.215
1282.000,57602.215
1283.000,57602.215
1284.000,57602.215
1285.000,57602.215
1286.000,57602.215
1287.000,57602.215
1288.000,57681.339
1289.000,57602.215
1290.000,57602.215
1291.000,57602.215
1292.000,57602.215
1293.000,57602.215
1294.000,57602.215
1295.000,57602.215
1296.000,57602.215
1297.000,57602.215
1298.000,57602.215
1299.000,57602.215
1300.000,57602.215
1301.000,57602.215
1302.000,57602.215
1303.000,57602.215
1304.000,57681.339
1305.000,57681.339
1306.000,57602.215
1307.000,57602.215
1308.000,57602.215
1309.000,57602.215
1310.000,57602.215
1311.000,57602.215
1312.000,57602.215
1313.000,57681.339
1314.000,57602.215
1315.000,57602.215
1316.000,57602.215
1317.000,57602.215
1318.000,57602.215
1319.000,57602.215
1320.000,57602.215
1321.000,57681.339
1322.000,57681.339
1323.000,57602.215
1324.000,57602.215
1325.000,57602.215
1326.000,57602.215
1327.000,57602.215
1328.000,57602.215
1329.000,57602.215
1330.000,57681.339
1331.000,57602.215
1332.000,57602.215
1333.000,57602.215
1334.000,57602.215
1335.000,57602.215
1336.000,57602.215
1337.000,57602.215
1338.000,57681.339
1339.000,57602.215
1340.000,57602.215
1341.000,57602.215
1342.000,57602.215
1343.000,57602.215
1344.000,57602.215
1345.000,57602.215
1346.000,57602.215
1347.000,57602.215
1348.000,57602.215
1349.000,57602.215
1350.000,57602.215
1351.000,57602.215
1352.000,57602.215
1353.000,57602.215
1354.000,57602.215
1355.000,57681.339
1356.000,57602.215
1357.000,57602.215
1358.000,57602.215
1359.000,57602.215
1360.000,57602.215
1361.000,57602.215
1362.000,57602.215
1363.000,57681.339
1364.000,57602.215
1365.000,57602.215
1366.000,57602.215
1367.000,57602.215
1368.000,57602.215
1369.000,57602.215
1370.000,57602.215
1371.000,57681.339
1372.000,57681.339
1373.000,57602.215
1374.000,57602.215
1375.000,57602.215
1376.000,57602.215
1377.000,57602.215
1378.000,57602.215
1379.000,57602.215
1380.000,57681.339
1381.000,57602.215
1382.000,57602.215
1383.000,57602.215
1384.000,57602.215
1385.000,57602.215
1386.000,57602.215
1387.000,57602.215
1388.000,57602.215
1389.000,57602.215
1390.000,57602.215
1391.000,57602.215
1392.000,57602.215
1393.000,57602.215
1394.000,57602.215
1395.000,57602.215
1396.000,57602.215
1397.000,57602.215
1398.000,57602.215
1399.000,57602.215
1400.000,57602.215
1401.000,57602.215
1402.000,57602.215
1403.000,57602.215
1404.000,57681.339
1405.000,57681.339
1406.000,57602.215
1407.000,57602.215
1408.000,57602.215
1409.000,57602.215
1410.000,57602.215
1411.000,57602.215
1412.000,57681.339
1413.000,57681.339
1414.000,57681.339
1415.000,57602.215
1416.000,57602.215
1417.000,57602.215
1418.000,57602.215
1419.000,57602.215
1420.000,57602.215
1421.000,57681.339
1422.000,57681.339
1423.000,57602.215
1424.000,57602.215
1425.000,57602.215
1426.000,57602.215
1427.000,57602.215
1428.000,57602.215
1429.000,57602.215
1430.000,57681.339
1431.000,57681.339
1432.000,57602.215
1433.000,57602.215
1434.000,57602.215
1435.000,57602.215
1436.000,57602.215
1437.000,57602.215
1438.000,57602.215
1439.000,57602.215
1440.000,57602.215
1441.000,57602.215
1442.000,57602.215
1443.000,57602.215
1444.000,57602.215
1445.000,57602.215
1446.000,57602.215
1447.000,57602.215
1448.000,57602.215
1449.000,57602.215
1450.000,57602.215
1451.000,57602.215
1452.000,57602.215
1453.000,57602.215
1454.000,57602.215
1455.000,57602.215
1456.000,57602.215
1457.000,57602.215
1458.000,57602.215
1459.000,57602.215
1460.000,57602.215
1461.000,57602.215
1462.000,57681.339
1463.000,57681.339
1464.000,57602.215
1465.000,57602.215
1466.000,57602.215
1467.000,57602.215
1468.000,57602.215
1469.000,57602.215
1470.000,57602.215
1471.000,57681.339
1472.000,57681.339
1473.000,57602.215
1474.000,57602.215
1475.000,57602.215
1476.000,57602.215
1477.000,57602.215
1478.000,57602.215
1479.000,57681.339
1480.000,57681.339
1481.000,57681.339
1482.000,57602.215
1483.000,57602.215
1484.000,57602.215
1485.000,57602.215
1486.000,57602.215
1487.000,57602.215
1488.000,57602.215
1489.000,57681.339
1490.000,57602.215
1491.000,57602.215
1492.000,57602.215
1493.000,57602.215
1494.000,57602.215
1495.000,57602.215
1496.000,57602.215
1497.000,57602.215
1498.000,57602.215
1499.000,57602.215
1500.000,57602.215
1501.000,57602.215
1502.000,57602.215
1503.000,57602.215
1504.000,57602.215
1505.000,57602.215
1506.000,57602.215
1507.000,57602.215
1508.000,57602.215
1509.000,57602.215
1510.000,57602.215
1511.000,57602.215
1512.000,57602.215
1513.000,57602.215
1514.000,57602.215
1515.000,57602.215
1516.000,57602.215
1517.000,57602.215
1518.000,57602.215
1519.000,57602.215
1520.000,57681.339
1521.000,57681.339
1522.000,57681.339
1523.000,57602.215
1524.000,57602.215
1525.000,57602.215
1526.000,57602.215
1527.000,57602.215
1528.000,57602.215
1529.000,57681.339
1530.000,57681.339
1531.000,57681.339
1532.000,57602.215
1533.000,57602.215
1534.000,57602.215
1535.000,57602.215
1536.000,57602.215
1537.000,57602.215
1538.000,57681.339
1539.000,57681.339
1540.000,57602.215
1541.000,57602.215
1542.000,57602.215
1543.000,57602.215
1544.000,57602.215
1545.000,57602.215
1546.000,57602.215
1547.000,57602.215
1548.000,57602.215
1549.000,57602.215
1550.000,57602.215
1551.000,57602.215
1552.000,57602.215
1553.000,57602.215
1554.000,57602.215
1555.000,57602.215
1556.000,57602.215
1557.000,57602.215
1558.000,57602.215
1559.000,57602.215
1560.000,57602.215
1561.000,57602.215
1562.000,57602.215
1563.000,57602.215
1564.000,57602.215
1565.000,57602.215
1566.000,57602.215
1567.000,57602.215
1568.000,57602.215
1569.000,57602.215
1570.000,57602.215
1571.000,57602.215
1572.000,57602.215
1573.000,57602.215
1574.000,57602.215
1575.000,57602.215
1576.000,57602.215
1577.000,57602.215
1578.000,57602.215
1579.000,57602.215
1580.000,57602.215
1581.000,57602.215
1582.000,57602.215
1583.000,57602.215
1584.000,57602.215
1585.000,57602.215
1586.000,57602.215
1587.000,57602.215
1588.000,57681.339
1589.000,57602.215
1590.000,57602.215
1591.000,57602.215
1592.000,57602.215
1593.000,57602.215
1594.000,57602.215
1595.000,57602.215
1596.000,57681.339
1597.000,57681.339
1598.000,57602.215
1599.000,57602.215
1600.000,57602.215
1601.000,57602.215
1602.000,57602.215
1603.000,57602.215
1604.000,57602.215
1605.000,57602.215
1606.000,57602.215
1607.000,57602.215
1608.000,57602.215
1609.000,57602.215
1610.000,57602.215
1611.000,57602.215
1612.000,57602.215
1613.000,57602.215
1614.000,57602.215
1615.000,57602.215
1616.000,57602.215
1617.000,57602.215
1618.000,57602.215
1619.000,57602.215
1620.000,57602.215
1621.000,57602.215
1622.000,57602.215
1623.000,57602.215
1624.000,57602.215
1625.000,57602.215
1626.000,57602.215
1627.000,57602.215
1628.000,57602.215
1629.000,57602.215
1630.000,57602.215
1631.000,57602.215
1632.000,57602.215
1633.000,57602.215
1634.000,57602.215
1635.000,57602.215
1636.000,57602.215
1637.000,57602.215
1638.000,57602.215
1639.000,57602.215
1640.000,57602.215
1641.000,57602.215
1642.000,57602.215
1643.000,57602.215
1644.000,57602.215
1645.000,57602.215
1646.000,57602.215
1647.000,57602.215
1648.000,57602.215
1649.000,57602.215
1650.000,57602.215
1651.000,57602.215
1652.000,57602.215
1653.000,57602.215
1654.000,57602.215
1655.000,57602.215
1656.000,57602.215
1657.000,57602.215
1658.000,57602.215
1659.000,57602.215
1660.000,57602.215
1661.000,57602.215
1662.000,57602.215
1663.000,57602.215
1664.000,57602.215
1665.000,57602.215
1666.000,57602.215
1667.000,57602.215
1668.000,57602.215
1669.000,57602.215
1670.000,57602.215
1671.000,57681.339
1672.000,57681.339
1673.000,57602.215
1674.000,57602.215
1675.000,57602.215
1676.000,57602.215
1677.000,57602.215
1678.000,57602.215
1679.000,57681.339
1680.000,57681.339
1681.000,57602.215
1682.000,57602.215
1683.000,57602.215
1684.000,57602.215
1685.000,57602.215
1686.000,57602.215
1687.000,57602.215
1688.000,57681.339
1689.000,57681.339
1690.000,57602.215
1691.000,57602.215
1692.000,57602.215
1693.000,57602.215
1694.000,57602.215
1695.000,57602.215
1696.000,57602.215
1697.000,57602.215
1698.000,57602.215
1699.000,57602.215
1700.000,57602.215
1701.000,57602.215
1702.000,57602.215
1703.000,57602.215
1704.000,57602.215
1705.000,57602.215
1706.000,57602.215
1707.000,57602.215
1708.000,57602.215
1709.000,57602.215
1710.000,57602.215
1711.000,57602.215
1712.000,57602.215
1713.000,57602.215
1714.000,57602.215
1715.000,57602.215
1716.000,57602.215
1717.000,57602.215
1718.000,57602.215
1719.000,57602.215
1720.000,57602.215
1721.000,57602.215
1722.000,57602.215
1723.000,57602.215
1724.000,57602.215
1725.000,57602.215
1726.000,57602.215
1727.000,57602.215
1728.000,57602.215
1729.000,57602.215
1730.000,57681.339
1731.000,57602.215
1732.000,57602.215
1733.000,57602.215
1734.000,57602.215
1735.000,57602.215
1736.000,57602.215
1737.000,57602.215
1738.000,57681.339
1739.000,57602.215
1740.000,57602.215
1741.000,57602.215
1742.000,57602.215
1743.000,57602.215
1744.000,57602.215
1745.000,57602.215
1746.000,57602.215
1747.000,57602.215
1748.000,57602.215
1749.000,57602.215
1750.000,57602.215
1751.000,57602.215
1752.000,57602.215
1753.000,57602.215
1754.000,57602.215
1755.000,57602.215
1756.000,57602.215
1757.000,57602.215
1758.000,57602.215
1759.000,57602.215
1760.000,57602.215
1761.000,57602.215
1762.000,57602.215
1763.000,57602.215
1764.000,57602.215
1765.000,57602.215
1766.000,57602.215
1767.000,57602.215
1768.000,57602.215
1769.000,57602.215
1770.000,57602.215
1771.000,57602.215
1772.000,57602.215
1773.000,57602.215
1774.000,57602.215
1775.000,57602.215
1776.000,57602.215
1777.000,57602.215
1778.000,57602.215
1779.000,57602.215
1780.000,57602.215
1781.000,57602.215
1782.000,57602.215
1783.000,57602.215
1784.000,57602.215
1785.000,57602.215
1786.000,57602.215
1787.000,57602.215
1788.000,57681.339
1789.000,57602.215
1790.000,57602.215
1791.000,57602.215
1792.000,57602.215
1793.000,57602.215
1794.000,57602.215
1795.000,57602.215
1796.000,57602.215
1797.000,57602.215
1798.000,57602.215
1799.000,57602.215
1800.000,57602.215
1801.000,57602.215
1802.000,57602.215
1803.000,57602.215
1804.000,57602.215
1805.000,57602.215
1806.000,57602.215
1807.000,57602.215
1808.000,57602.215
1809.000,57602.215
1810.000,57602.215
1811.000,57602.215
1812.000,57602.215
1813.000,57602.215
1814.000,57602.215
1815.000,57602.215
1816.000,57602.215
1817.000,57602.215
1818.000,57602.215
1819.000,57602.215
1820.000,57602.215
1821.000,57602.215
1822.000,57681.339
1823.000,57602.215
1824.000,57602.215
1825.000,57602.215
1826.000,57602.215
1827.000,57602.215
1828.000,57602.215
1829.000,57602.215
1830.000,57681.339
1831.000,57602.215
1832.000,57602.215
1833.000,57602.215
1834.000,57602.215
1835.000,57602.215
1836.000,57602.215
1837.000,57602.215
1838.000,57681.339
1839.000,57681.339
1840.000,57602.215
1841.000,57602.215
1842.000,57602.215
1843.000,57602.215
1844.000,57602.215
1845.000,57602.215
1846.000,57602.215
1847.000,57681.339
1848.000,57602.215
1849.000,57602.215
1850.000,57602.215
1851.000,57602.215
1852.000,57602.215
1853.000,57602.215
1854.000,57602.215
1855.000,57602.215
1856.000,57602.215
1857.000,57602.215
1858.000,57602.215
1859.000,57602.215
1860.000,57602.215
1861.000,57602.215
1862.000,57602.215
1863.000,57602.215
1864.000,57602.215
1865.000,57602.215
1866.000,57602.215
1867.000,57602.215
1868.000,57602.215
1869.000,57602.215
1870.000,57602.215
1871.000,57602.215
1872.000,57602.215
1873.000,57602.215
1874.000,57602.215
1875.000,57602.215
1876.000,57602.215
1877.000,57602.215
1878.000,57602.215
1879.000,57602.215
1880.000,57602.215
1881.000,57602.215
1882.000,57602.215
1883.000,57602.215
1884.000,57602.215
1885.000,57602.215
1886.000,57602.215
1887.000,57602.215
1888.000,57681.339
1889.000,57602.215
1890.000,57602.215
1891.000,57602.215
1892.000,57602.215
1893.000,57602.215
1894.000,57602.215
1895.000,57602.215
1896.000,57602.215
1897.000,57602.215
1898.000,57602.215
1899.000,57602.215
1900.000,57602.215
1901.000,57602.215
1902.000,57602.215
1903.000,57602.215
1904.000,57602.215
1905.000,57602.215
1906.000,57602.215
1907.000,57602.215
1908.000,57602.215
1909.000,57602.215
1910.000,57602.215
1911.000,57602.215
1912.000,57602.215
1913.000,57602.215
1914.000,57602.215
1915.000,57602.215
1916.000,57602.215
1917.000,57602.215
1918.000,57602.215
1919.000,57602.215
1920.000,57602.215
1921.000,57602.215
1922.000,57602.215
1923.000,57602.215
1924.000,57602.215
1925.000,57602.215
1926.000,57602.215
1927.000,57602.215
1928.000,57602.215
1929.000,57602.215
1930.000,57602.215
1931.000,57602.215
1932.000,57602.215
1933.000,57602.215
1934.000,57602.215
1935.000,57602.215
1936.000,57602.215
1937.000,57602.215
1938.000,57602.215
1939.000,57602.215
1940.000,57602.215
1941.000,57602.215
1942.000,57602.215
1943.000,57602.215
1944.000,57602.215
1945.000,57602.215
1946.000,57602.215
1947.000,57602.215
1948.000,57602.215
1949.000,57602.215
1950.000,57602.215
1951.000,57602.215
1952.000,57602.215
1953.000,57602.215
1954.000,57602.215
1955.000,57681.339
1956.000,57602.215
1957.000,57602.215
1958.000,57602.215
1959.000,57602.215
1960.000,57602.215
1961.000,57602.215
1962.000,57602.215
1963.000,57602.215
1964.000,57602.215
1965.000,57602.215
1966.000,57602.215
1967.000,57602.215
1968.000,57602.215
1969.000,57602.215
1970.000,57602.215
1971.000,57602.215
1972.000,57602.215
1973.000,57602.215
1974.000,57602.215
1975.000,57602.215
1976.000,57602.215
1977.000,57602.215
1978.000,57602.215
1979.000,57602.215
1980.000,57602.215
1981.000,57602.215
1982.000,57602.215
1983.000,57602.215
1984.000,57602.215
1985.000,57602.215
1986.000,57602.215
1987.000,57602.215
1988.000,57602.215
1989.000,57602.215
1990.000,57602.215
1991.000,57602.215
1992.000,57602.215
1993.000,57602.215
1994.000,57602.215
1995.000,57602.215
1996.000,57602.215
1997.000,57602.215
1998.000,57602.215
1999.000,57602.215
2000.000,57602.215
2001.000,57602.215
2002.000,57602.215
2003.000,57602.215
2004.000,57602.215
2005.000,57602.215
2006.000,57602.215
2007.000,57602.215
2008.000,57602.215
2009.000,57602.215
2010.000,57602.215
2011.000,57602.215
2012.000,57602.215
2013.000,57602.215
2014.000,57602.215
2015.000,57602.215
2016.000,57602.215
2017.000,57602.215
2018.000,57602.215
2019.000,57602.215
2020.000,57602.215
2021.000,57602.215
2022.000,57602.215
2023.000,57602.215
2024.000,57602.215
2025.000,57602.215
2026.000,57602.215
2027.000,57602.215
2028.000,57602.215
2029.000,57602.215
2030.000,57602.215
2031.000,57602.215
2032.000,57602.215
2033.000,57602.215
2034.000,57602.215
2035.000,57602.215
2036.000,57602.215
2037.000,57602.215
2038.000,57681.339
2039.000,57681.339
2040.000,57602.215
2041.000,57602.215
2042.000,57602.215
2043.000,57602.215
2044.000,57602.215
2045.000,57602.215
2046.000,57602.215
2047.000,57602.215
2048.000,57602.215
2049.000,57602.215
2050.000,57602.215
2051.000,57602.215
2052.000,57602.215
2053.000,57602.215
2054.000,57602.215
2055.000,57602.215
2056.000,57602.215
2057.000,57602.215
2058.000,57602.215
2059.000,57602.215
2060.000,57602.215
2061.000,57602.215
2062.000,57602.215
2063.000,57602.215
2064.000,57681.339
2065.000,57602.215
2066.000,57602.215
2067.000,57602.215
2068.000,57602.215
2069.000,57602.215
2070.000,57602.215
2071.000,57602.215
2072.000,57602.215
2073.000,57602.215
2074.000,57602.215
2075.000,57602.215
2076.000,57602.215
2077.000,57602.215
2078.000,57602.215
2079.000,57602.215
2080.000,57602.215
2081.000,57602.215
2082.000,57602.215
2083.000,57602.215
2084.000,57602.215
2085.000,57602.215
2086.000,57602.215
2087.000,57602.215
2088.000,57602.215
2089.000,57602.215
2090.000,57602.215
2091.000,57602.215
2092.000,57602.215
2093.000,57602.215
2094.000,57602.215
2095.000,57602.215
2096.000,57602.215
2097.000,57602.215
2098.000,57602.215
2099.000,57602.215
2100.000,57602.215
2101.000,57602.215
2102.000,57602.215
2103.000,57602.215
2104.000,57602.215
2105.000,57602.215
2106.000,57602.215
2107.000,57602.215
2108.000,57602.215
2109.000,57602.215
2110.000,57602.215
2111.000,57602.215
2112.000,57602.215
2113.000,57602.215
2114.000,57602.215
2115.000,57602.215
2116.000,57602.215
2117.000,57602.215
2118.000,57602.215
2119.000,57602.215
2120.000,57602.215
2121.000,57602.215
2122.000,57602.215
2123.000,57602.215
2124.000,57602.215
2125.000,57602.215
2126.000,57602.215
2127.000,57602.215
2128.000,57602.215
2129.000,57602.215
2130.000,57602.215
2131.000,57602.215
2132.000,57602.215
2133.000,57602.215
2134.000,57602.215
2135.000,57602.215
2136.000,57602.215
2137.000,57602.215
2138.000,57602.215
2139.000,57602.215
2140.000,57602.215
2141.000,57602.215
2142.000,57602.215
2143.000,57602.215
2144.000,57602.215
2145.000,57602.215
2146.000,57602.215
2147.000,57681.339
2148.000,57602.215
2149.000,57602.215
2150.000,57602.215
2151.000,57602.215
2152.000,57602.215
2153.000,57602.215
2154.000,57602.215
2155.000,57681.339
2156.000,57602.215
2157.000,57602.215
2158.000,57602.215
2159.000,57602.215
2160.000,57602.215
2161.000,57602.215
2162.000,57602.215
2163.000,57602.215
2164.000,57681.339
2165.000,57602.215
2166.000,57602.215
2167.000,57602.215
2168.000,57602.215
2169.000,57602.215
2170.000,57602.215
2171.000,57602.215
2172.000,57681.339
2173.000,57602.215
2174.000,57602.215
2175.000,57602.215
2176.000,57602.215
2177.000,57602.215
2178.000,57602.215
2179.000,57602.215
2180.000,57681.339
2181.000,57602.215
2182.000,57602.215
2183.000,57602.215
2184.000,57602.215
2185.000,57602.215
2186.000,57602.215
2187.000,57602.215
2188.000,57681.339
2189.000,57681.339
2190.000,57602.215
2191.000,57602.215
2192.000,57602.215
2193.000,57602.215
2194.000,57602.215
2195.000,57602.215
2196.000,57602.215
2197.000,57681.339
2198.000,57602.215
2199.000,57602.215
2200.000,57602.215
2201.000,57602.215
2202.000,57602.215
2203.000,57602.215
2204.000,57602.215
2205.000,57602.215
2206.000,57602.215
2207.000,57602.215
2208.000,57602.215
2209.000,57602.215
2210.000,57602.215
2211.000,57602.215
2212.000,57602.215
2213.000,57681.339
2214.000,57602.215
2215.000,57602.215
2216.000,57602.215
2217.000,57602.215
2218.000,57602.215
2219.000,57602.215
2220.000,57602.215
2221.000,57602.215
2222.000,57602.215
2223.000,57602.215
2224.000,57602.215
2225.000,57602.215
2226.000,57602.215
2227.000,57602.215
2228.000,57602.215
2229.000,57681.339
2230.000,57681.339
2231.000,57602.215
2232.000,57602.215
2233.000,57602.215
2234.000,57602.215
2235.000,57602.215
2236.000,57602.215
2237.000,57602.215
2238.000,57681.339
2239.000,57681.339
2240.000,57602.215
2241.000,57602.215
2242.000,57602.215
2243.000,57602.215
2244.000,57602.215
2245.000,57602.215
2246.000,57602.215
2247.000,57602.215
2248.000,57602.215
2249.000,57602.215
2250.000,57602.215
2251.000,57602.215
2252.000,57602.215
2253.000,57602.215
2254.000,57602.215
2255.000,57681.339
2256.000,57602.215
2257.000,57602.215
2258.000,57602.215
2259.000,57602.215
2260.000,57602.215
2261.000,57602.215
2262.000,57602.215
2263.000,57681.339
2264.000,57681.339
2265.000,57602.215
2266.000,57602.215
2267.000,57602.215
2268.000,57602.215
2269.000,57602.215
2270.000,57602.215
2271.000,57602.215
2272.000,57681.339
2273.000,57602.215
2274.000,57602.215
2275.000,57602.215
2276.000,57602.215
2277.000,57602.215
2278.000,57602.215
2279.000,57602.215
2280.000,57681.339
2281.000,57681.339
2282.000,57602.215
2283.000,57602.215
2284.000,57602.215
2285.000,57602.215
2286.000,57602.215
2287.000,57602.215
2288.000,57602.215
2289.000,57602.215
2290.000,57602.215
2291.000,57602.215
2292.000,57602.215
2293.000,57602.215
2294.000,57602.215
2295.000,57602.215
2296.000,57602.215
2297.000,57602.215
2298.000,57602.215
2299.000,57602.215
2300.000,57602.215
2301.000,57602.215
2302.000,57602.215
2303.000,57602.215
2304.000,57602.215
2305.000,57602.215
2306.000,57602.215
2307.000,57602.215
2308.000,57602.215
2309.000,57602.215
2310.000,57602.215
2311.000,57602.215
2312.000,57602.215
2313.000,57602.215
2314.000,57602.215
2315.000,57602.215
2316.000,57602.215
2317.000,57602.215
2318.000,57602.215
2319.000,57602.215
2320.000,57602.215
2321.000,57602.215
2322.000,57602.215
2323.000,57602.215
2324.000,57602.215
2325.000,57602.215
2326.000,57602.215
2327.000,57602.215
2328.000,57602.215
2329.000,57602.215
2330.000,57602.215
2331.000,57602.215
2332.000,57602.215
2333.000,57602.215
2334.000,57602.215
2335.000,57602.215
2336.000,57602.215
2337.000,57681.339
2338.000,57681.339
2339.000,57602.215
2340.000,57602.215
2341.000,57602.215
2342.000,57602.215
2343.000,57602.215
2344.000,57602.215
2345.000,57602.215
2346.000,57681.339
2347.000,57681.339
2348.000,57602.215
2349.000,57602.215
2350.000,57602.215
2351.000,57602.215
2352.000,57602.215
2353.000,57602.215
2354.000,57681.339
2355.000,57681.339
2356.000,57681.339
2357.000,57602.215
2358.000,57602.215
2359.000,57602.215
2360.000,57602.215
2361.000,57602.215
2362.000,57602.215
2363.000,57681.339
2364.000,57681.339
2365.000,57681.339
2366.000,57602.215
2367.000,57602.215
2368.000,57602.215
2369.000,57602.215
2370.000,57602.215
2371.000,57602.215
2372.000,57681.339
2373.000,57681.339
2374.000,57602.215
2375.000,57602.215
2376.000,57602.215
2377.000,57602.215
2378.000,57602.215
2379.000,57602.215
2380.000,57602.215
2381.000,57602.215
2382.000,57602.215
2383.000,57602.215
2384.000,57602.215
2385.000,57602.215
2386.000,57602.215
2387.000,57602.215
2388.000,57602.215
2389.000,57602.215
2390.000,57602.215
2391.000,57602.215
2392.000,57602.215
2393.000,57602.215
2394.000,57602.215
2395.000,57602.215
2396.000,57602.215
2397.000,57602.215
2398.000,57602.215
2399.000,57602.215
2400.000,57602.215
2401.000,57602.215
2402.000,57602.215
2403.000,57602.215
2404.000,57602.215
2405.000,57602.215
2406.000,57602.215
2407.000,57602.215
2408.000,57602.215
2409.000,57602.215
2410.000,57602.215
2411.000,57602.215
2412.000,57602.215
2413.000,57681.339
2414.000,57602.215
2415.000,57602.215
2416.000,57602.215
2417.000,57602.215
2418.000,57602.215
2419.000,57602.215
2420.000,57602.215
2421.000,57602.215
2422.000,57681.339
2423.000,57602.215
2424.000,57602.215
2425.000,57602.215
2426.000,57602.215
2427.000,57602.215
2428.000,57602.215
2429.000,57602.215
2430.000,57602.215
2431.000,57602.215
2432.000,57602.215
2433.000,57602.215
2434.000,57602.215
2435.000,57602.215
2436.000,57602.215
2437.000,57602.215
2438.000,57681.339
2439.000,57602.215
2440.000,57602.215
2441.000,57602.215
2442.000,57602.215
2443.000,57602.215
2444.000,57602.215
2445.000,57602.215
2446.000,57681.339
2447.000,57681.339
2448.000,57602.215
2449.000,57602.215
2450.000,57602.215
2451.000,57602.215
2452.000,57602.215
2453.000,57602.215
2454.000,57681.339
2455.000,57681.339
2456.000,57681.339
2457.000,57602.215
2458.000,57602.215
2459.000,57602.215
2460.000,57602.215
2461.000,57602.215
2462.000,57602.215
2463.000,57681.339
2464.000,57681.339
2465.000,57602.215
2466.000,57602.215
2467.000,57602.215
2468.000,57602.215
2469.000,57602.215
2470.000,57602.215
2471.000,57602.215
2472.000,57681.339
2473.000,57681.339
2474.000,57602.215
2475.000,57602.215
2476.000,57602.215
2477.000,57602.215
2478.000,57602.215
2479.000,57602.215
2480.000,57602.215
2481.000,57602.215
2482.000,57602.215
2483.000,57602.215
2484.000,57602.215
2485.000,57602.215
2486.000,57602.215
2487.000,57602.215
2488.000,57602.215
2489.000,57602.215
2490.000,57602.215
2491.000,57602.215
2492.000,57602.215
2493.000,57602.215
2494.000,57602.215
2495.000,57602.215
2496.000,57602.215
2497.000,57602.215
2498.000,57602.215
2499.000,57602.215
2500.000,57602.215
2501.000,57602.215
2502.000,57602.215
2503.000,57602.215
2504.000,57602.215
2505.000,57602.215
2506.000,57602.215
2507.000,57602.215
2508.000,57602.215
2509.000,57602.215
2510.000,57602.215
2511.000,57602.215
2512.000,57602.215
2513.000,57681.339
2514.000,57602.215
2515.000,57602.215
2516.000,57602.215
2517.000,57602.215
2518.000,57602.215
2519.000,57602.215
2520.000,57602.215
2521.000,57681.339
2522.000,57681.339
2523.000,57602.215
2524.000,57602.215
2525.000,57602.215
2526.000,57602.215
2527.000,57602.215
2528.000,57602.215
2529.000,57602.215
2530.000,57681.339
2531.000,57602.215
2532.000,57602.215
2533.000,57602.215
2534.000,57602.215
2535.000,57602.215
2536.000,57602.215
2537.000,57602.215
2538.000,57681.339
2539.000,57602.215
2540.000,57602.215
2541.000,57602.215
2542.000,57602.215
2543.000,57602.215
2544.000,57602.215
2545.000,57602.215
2546.000,57602.215
2547.000,57681.339
2548.000,57602.215
2549.000,57602.215
2550.000,57602.215
2551.000,57602.215
2552.000,57602.215
2553.000,57602.215
2554.000,57602.215
2555.000,57602.215
2556.000,57602.215
2557.000,57602.215
2558.000,57602.215
2559.000,57602.215
2560.000,57602.215
2561.000,57602.215
2562.000,57602.215
2563.000,57602.215
2564.000,57602.215
2565.000,57602.215
2566.000,57602.215
2567.000,57602.215
2568.000,57602.215
2569.000,57602.215
2570.000,57602.215
2571.000,57602.215
2572.000,57602.215
2573.000,57602.215
2574.000,57602.215
2575.000,57602.215
2576.000,57602.215
2577.000,57602.215
2578.000,57602.215
2579.000,57602.215
2580.000,57602.215
2581.000,57602.215
2582.000,57602.215
2583.000,57602.215
2584.000,57602.215
2585.000,57602.215
2586.000,57602.215
2587.000,57602.215
2588.000,57681.339
2589.000,57602.215
2590.000,57602.215
2591.000,57602.215
2592.000,57602.215
2593.000,57602.215
2594.000,57602.215
2595.000,57602.215
2596.000,57681.339
2597.000,57681.339
2598.000,57602.215
2599.000,57602.215
2600.000,57602.215
2601.000,57602.215
2602.000,57602.215
2603.000,57602.215
2604.000,57602.215
2605.000,57681.339
2606.000,57602.215
2607.000,57602.215
2608.000,57602.215
2609.000,57602.215
2610.000,57602.215
2611.000,57602.215
2612.000,57602.215
2613.000,57681.339
2614.000,57681.339
2615.000,57602.215
2616.000,57602.215
2617.000,57602.215
2618.000,57602.215
2619.000,57602.215
2620.000,57602.215
2621.000,57602.215
2622.000,57602.215
2623.000,57602.215
2624.000,57602.215
2625.000,57602.215
2626.000,57602.215
2627.000,57602.215
2628.000,57602.215
2629.000,57602.215
2630.000,57602.215
2631.000,57602.215
2632.000,57602.215
2633.000,57602.215
2634.000,57602.215
2635.000,57602.215
2636.000,57602.215
2637.000,57602.215
2638.000,57602.215
2639.000,57602.215
2640.000,57602.215
2641.000,57602.215
2642.000,57602.215
2643.000,57602.215
2644.000,57602.215
2645.000,57602.215
2646.000,57681.339
2647.000,57602.215
2648.000,57602.215
2649.000,57602.215
2650.000,57602.215
2651.000,57602.215
2652.000,57602.215
2653.000,57602.215
2654.000,57602.215
2655.000,57681.339
2656.000,57602.215
2657.000,57602.215
2658.000,57602.215
2659.000,57602.215
2660.000,57602.215
2661.000,57602.215
2662.000,57602.215
2663.000,57681.339
2664.000,57602.215
2665.000,57602.215
2666.000,57602.215
2667.000,57602.215
2668.000,57602.215
2669.000,57602.215
2670.000,57602.215
2671.000,57602.215
2672.000,57602.215
2673.000,57602.215
2674.000,57602.215
2675.000,57602.215
2676.000,57602.215
2677.000,57602.215
2678.000,57602.215
2679.000,57602.215
2680.000,57681.339
2681.000,57602.215
2682.000,57602.215
2683.000,57602.215
2684.000,57602.215
2685.000,57602.215
2686.000,57602.215
2687.000,57602.215
2688.000,57681.339
2689.000,57602.215
2690.000,57602.215
2691.000,57602.215
2692.000,57602.215
2693.000,57602.215
2694.000,57602.215
2695.000,57602.215
2696.000,57681.339
2697.000,57681.339
2698.000,57602.215
2699.000,57602.215
2700.000,57602.215
2701.000,57602.215
2702.000,57602.215
2703.000,57602.215
2704.000,57681.339
2705.000,57681.339
2706.000,57602.215
2707.000,57602.215
2708.000,57602.215
2709.000,57602.215
2710.000,57602.215
2711.000,57602.215
2712.000,57602.215
2713.000,57681.339
2714.000,57681.339
2715.000,57602.215
2716.000,57602.215
2717.000,57602.215
2718.000,57602.215
2719.000,57602.215
2720.000,57602.215
2721.000,57602.215
2722.000,57681.339
2723.000,57602.215
2724.000,57602.215
2725.000,57602.215
2726.000,57602.215
2727.000,57602.215
2728.000,57602.215
2729.000,57602.215
2730.000,57602.215
2731.000,57602.215
2732.000,57602.215
2733.000,57602.215
2734.000,57602.215
2735.000,57602.215
2736.000,57602.215
2737.000,57602.215
2738.000,57602.215
2739.000,57602.215
2740.000,57602.215
2741.000,57602.215
2742.000,57602.215
2743.000,57602.215
2744.000,57602.215
2745.000,57602.215
2746.000,57681.339
2747.000,57681.339
2748.000,57602.215
2749.000,57602.215
2750.000,57602.215
2751.000,57602.215
2752.000,57602.215
2753.000,57602.215
2754.000,57602.215
2755.000,57681.339
2756.000,57602.215
2757.000,57602.215
2758.000,57602.215
2759.000,57602.215
2760.000,57602.215
2761.000,57602.215
2762.000,57602.215
2763.000,57681.339
2764.000,57602.215
2765.000,57602.215
2766.000,57602.215
2767.000,57602.215
2768.000,57602.215
2769.000,57602.215
2770.000,57602.215
2771.000,57602.215
2772.000,57602.215
2773.000,57602.215
2774.000,57602.215
2775.000,57602.215
2776.000,57602.215
2777.000,57602.215
2778.000,57602.215
2779.000,57602.215
2780.000,57602.215
2781.000,57602.215
2782.000,57602.215
2783.000,57602.215
2784.000,57602.215
2785.000,57602.215
2786.000,57602.215
2787.000,57602.215
2788.000,57602.215
2789.000,57602.215
2790.000,57602.215
2791.000,57602.215
2792.000,57602.215
2793.000,57602.215
2794.000,57602.215
2795.000,57602.215
2796.000,57681.339
2797.000,57681.339
2798.000,57602.215
2799.000,57602.215
2800.000,57602.215
2801.000,57602.215
2802.000,57602.215
2803.000,57602.215
2804.000,57681.339
2805.000,57681.339
2806.000,57602.215
2807.000,57602.215
2808.000,57602.215
2809.000,57602.215
2810.000,57602.215
2811.000,57602.215
2812.000,57602.215
2813.000,57681.339
2814.000,57602.215
2815.000,57602.215
2816.000,57602.215
2817.000,57602.215
2818.000,57602.215
2819.000,57602.215
2820.000,57602.215
2821.000,57602.215
2822.000,57681.339
2823.000,57602.215
2824.000,57602.215
2825.000,57602.215
2826.000,57602.215
2827.000,57602.215
2828.000,57602.215
2829.000,57602.215
2830.000,57602.215
2831.000,57602.215
2832.000,57602.215
2833.000,57602.215
2834.000,57602.215
2835.000,57602.215
2836.000,57602.215
2837.000,57602.215
2838.000,57602.215
2839.000,57602.215
2840.000,57602.215
2841.000,57602.215
2842.000,57602.215
2843.000,57602.215
2844.000,57602.215
2845.000,57602.215
2846.000,57602.215
2847.000,57602.215
2848.000,57602.215
2849.000,57602.215
2850.000,57602.215
2851.000,57602.215
2852.000,57602.215
2853.000,57602.215
2854.000,57602.215
2855.000,57602.215
2856.000,57602.215
2857.000,57602.215
2858.000,57602.215
2859.000,57602.215
2860.000,57602.215
2861.000,57602.215
2862.000,57602.215
2863.000,57602.215
2864.000,57602.215
2865.000,57602.215
2866.000,57602.215
2867.000,57602.215
2868.000,57602.215
2869.000,57602.215
2870.000,57602.215
2871.000,57602.215
2872.000,57602.215
2873.000,57602.215
2874.000,57602.215
2875.000,57602.215
2876.000,57602.215
2877.000,57602.215
2878.000,57602.215
2879.000,57602.215
2880.000,57602.215
2881.000,57602.215
2882.000,57602.215
2883.000,57602.215
2884.000,57602.215
2885.000,57602.215
2886.000,57602.215
2887.000,57602.215
2888.000,57602.215
2889.000,57602.215
2890.000,57602.215
2891.000,57602.215
2892.000,57602.215
2893.000,57602.215
2894.000,57602.215
2895.000,57602.215
2896.000,57681.339
2897.000,57681.339
2898.000,57602.215
2899.000,57602.215
2900.000,57602.215
2901.000,57602.215
2902.000,57602.215
2903.000,57602.215
2904.000,57602.215
2905.000,57681.339
2906.000,57602.215
2907.000,57602.215
2908.000,57602.215
2909.000,57602.215
2910.000,57602.215
2911.000,57602.215
2912.000,57602.215
2913.000,57602.215
2914.000,57602.215
2915.000,57602.215
2916.000,57602.215
2917.000,57602.215
2918.000,57602.215
2919.000,57602.215
2920.000,57602.215
2921.000,57602.215
2922.000,57602.215
2923.000,57602.215
2924.000,57602.215
2925.000,57602.215
2926.000,57602.215
2927.000,57602.215
2928.000,57602.215
2929.000,57602.215
2930.000,57602.215
2931.000,57602.215
2932.000,57602.215
2933.000,57602.215
2934.000,57602.215
2935.000,57602.215
2936.000,57602.215
2937.000,57602.215
2938.000,57602.215
2939.000,57602.215
2940.000,57602.215
2941.000,57602.215
2942.000,57602.215
2943.000,57602.215
2944.000,57602.215
2945.000,57602.215
2946.000,57602.215
2947.000,57602.215
2948.000,57602.215
2949.000,57602.215
2950.000,57602.215
2951.000,57602.215
2952.000,57602.215
2953.000,57602.215
2954.000,57602.215
2955.000,57602.215
2956.000,57602.215
2957.000,57602.215
2958.000,57602.215
2959.000,57602.215
2960.000,57602.215
2961.000,57602.215
2962.000,57602.215
2963.000,57602.215
2964.000,57602.215
2965.000,57602.215
2966.000,57602.215
2967.000,57602.215
2968.000,57602.215
2969.000,57602.215
2970.000,57602.215
2971.000,57602.215
2972.000,57602.215
2973.000,57602.215
2974.000,57602.215
2975.000,57602.215
2976.000,57602.215
2977.000,57602.215
2978.000,57602.215
2979.000,57602.215
2980.000,57602.215
2981.000,57602.215
2982.000,57602.215
2983.000,57602.215
2984.000,57602.215
2985.000,57602.215
2986.000,57602.215
2987.000,57602.215
2988.000,57602.215
2989.000,57602.215
2990.000,57602.215
2991.000,57602.215
2992.000,57602.215
2993.000,57602.215
2994.000,57602.215
2995.000,57602.215
2996.000,57602.215
2997.000,57602.215
2998.000,57602.215
2999.000,57602.215
3000.000,57602.215
3001.000,57602.215
3002.000,57602.215
3003.000,57602.215
3004.000,57602.215
3005.000,57681.339
3006.000,57602.215
3007.000,57602.215
3008.000,57602.215
3009.000,57602.215
3010.000,57602.215
3011.000,57602.215
3012.000,57602.215
3013.000,57681.339
3014.000,57681.339
3015.000,57602.215
3016.000,57602.215
3017.000,57602.215
3018.000,57602.215
3019.000,57602.215
3020.000,57602.215
3021.000,57602.215
3022.000,57681.339
3023.000,57602.215
3024.000,57602.215
3025.000,57602.215
3026.000,57602.215
3027.000,57602.215
3028.000,57602.215
3029.000,57602.215
3030.000,57602.215
3031.000,57602.215
3032.000,57602.215
3033.000,57602.215
3034.000,57602.215
3035.000,57602.215
3036.000,57602.215
3037.000,57602.215
3038.000,57602.215
3039.000,57602.215
3040.000,57602.215
3041.000,57602.215
3042.000,57602.215
3043.000,57602.215
3044.000,57602.215
3045.000,57602.215
3046.000,57602.215
3047.000,57602.215
3048.000,57602.215
3049.000,57602.215
3050.000,57602.215
3051.000,57602.215
3052.000,57602.215
3053.000,57602.215
3054.000,57602.215
3055.000,57602.215
3056.000,57602.215
3057.000,57602.215
3058.000,57602.215
3059.000,57602.215
3060.000,57602.215
3061.000,57602.215
3062.000,57602.215
3063.000,57602.215
3064.000,57602.215
3065.000,57602.215
3066.000,57602.215
3067.000,57602.215
3068.000,57602.215
3069.000,57602.215
3070.000,57602.215
3071.000,57602.215
3072.000,57602.215
3073.000,57602.215
3074.000,57602.215
3075.000,57602.215
3076.000,57602.215
3077.000,57602.215
3078.000,57602.215
3079.000,57602.215
3080.000,57602.215
3081.000,57602.215
3082.000,57602.215
3083.000,57602.215
3084.000,57602.215
3085.000,57602.215
3086.000,57602.215
3087.000,57602.215
3088.000,57602.215
3089.000,57602.215
3090.000,57602.215
3091.000,57602.215
3092.000,57602.215
3093.000,57602.215
3094.000,57602.215
3095.000,57602.215
3096.000,57602.215
3097.000,57602.215
3098.000,57602.215
3099.000,57602.215
3100.000,57602.215
3101.000,57602.215
3102.000,57602.215
3103.000,57602.215
3104.000,57602.215
3105.000,57681.339
3106.000,57602.215
3107.000,57602.215
3108.000,57602.215
3109.000,57602.215
3110.000,57602.215
3111.000,57602.215
3112.000,57602.215
3113.000,57681.339
3114.000,57602.215
3115.000,57602.215
3116.000,57602.215
3117.000,57602.215
3118.000,57602.215
3119.000,57602.215
3120.000,57602.215
3121.000,57681.339
3122.000,57681.339
3123.000,57602.215
3124.000,57602.215
3125.000,57602.215
3126.000,57602.215
3127.000,57602.215
3128.000,57602.215
3129.000,57602.215
3130.000,57602.215
3131.000,57602.215
3132.000,57602.215
3133.000,57602.215
3134.000,57602.215
3135.000,57602.215
3136.000,57602.215
3137.000,57602.215
3138.000,57602.215
3139.000,57602.215
3140.000,57602.215
3141.000,57602.215
3142.000,57602.215
3143.000,57602.215
3144.000,57602.215
3145.000,57602.215
3146.000,57602.215
3147.000,57602.215
3148.000,57602.215
3149.000,57602.215
3150.000,57602.215
3151.000,57602.215
3152.000,57602.215
3153.000,57602.215
3154.000,57602.215
3155.000,57681.339
3156.000,57602.215
3157.000,57602.215
3158.000,57602.215
3159.000,57602.215
3160.000,57602.215
3161.000,57602.215
3162.000,57602.215
3163.000,57681.339
3164.000,57681.339
3165.000,57602.215
3166.000,57602.215
3167.000,57602.215
3168.000,57602.215
3169.000,57602.215
3170.000,57602.215
3171.000,57681.339
3172.000,57681.339
3173.000,57681.339
3174.000,57602.215
3175.000,57602.215
3176.000,57602.215
3177.000,57602.215
3178.000,57602.215
3179.000,57602.215
3180.000,57681.339
3181.000,57602.215
3182.000,57602.215
3183.000,57602.215
3184.000,57602.215
3185.000,57602.215
3186.000,57602.215
3187.000,57602.215
3188.000,57602.215
3189.000,57602.215
3190.000,57602.215
3191.000,57602.215
3192.000,57602.215
3193.000,57602.215
3194.000,57602.215
3195.000,57602.215
3196.000,57602.215
3197.000,57602.215
3198.000,57602.215
3199.000,57602.215
3200.000,57602.215
3201.000,57602.215
3202.000,57602.215
3203.000,57602.215
3204.000,57602.215
3205.000,57602.215
3206.000,57602.215
3207.000,57602.215
3208.000,57602.215
3209.000,57602.215
3210.000,57602.215
3211.000,57602.215
3212.000,57602.215
3213.000,57681.339
3214.000,57602.215
3215.000,57602.215
3216.000,57602.215
3217.000,57602.215
3218.000,57602.215
3219.000,57602.215
3220.000,57602.215
3221.000,57681.339
3222.000,57681.339
3223.000,57602.215
3224.000,57602.215
3225.000,57602.215
3226.000,57602.215
3227.000,57602.215
3228.000,57602.215
3229.000,57602.215
3230.000,57681.339
3231.000,57602.215
3232.000,57602.215
3233.000,57602.215
3234.000,57602.215
3235.000,57602.215
3236.000,57602.215
3237.000,57602.215
3238.000,57602.215
3239.000,57681.339
3240.000,57602.215
3241.000,57602.215
3242.000,57602.215
3243.000,57602.215
3244.000,57602.215
3245.000,57602.215
3246.000,57602.215
3247.000,57602.215
3248.000,57602.215
3249.000,57602.215
3250.000,57602.215
3251.000,57602.215
3252.000,57602.215
3253.000,57602.215
3254.000,57602.215
3255.000,57602.215
3256.000,57602.215
3257.000,57602.215
3258.000,57602.215
3259.000,57602.215
3260.000,57602.215
3261.000,57602.215
3262.000,57602.215
3263.000,57681.339
3264.000,57681.339
3265.000,57602.215
3266.000,57602.215
3267.000,57602.215
3268.000,57602.215
3269.000,57602.215
3270.000,57602.215
3271.000,57681.339
3272.000,57681.339
3273.000,57602.215
3274.000,57602.215
3275.000,57602.215
3276.000,57602.215
3277.000,57602.215
3278.000,57602.215
3279.000,57602.215
3280.000,57681.339
3281.000,57602.215
3282.000,57602.215
3283.000,57602.215
3284.000,57602.215
3285.000,57602.215
3286.000,57602.215
3287.000,57602.215
3288.000,57681.339
3289.000,57681.339
3290.000,57602.215
3291.000,57602.215
3292.000,57602.215
3293.000,57602.215
3294.000,57602.215
3295.000,57602.215
3296.000,57602.215
3297.000,57681.339
3298.000,57602.215
3299.000,57602.215
3300.000,57602.215
3301.000,57602.215
3302.000,57602.215
3303.000,57602.215
3304.000,57602.215
3305.000,57602.215
3306.000,57602.215
3307.000,57602.215
3308.000,57602.215
3309.000,57602.215
3310.000,57602.215
3311.000,57602.215
3312.000,57602.215
3313.000,57602.215
3314.000,57602.215
3315.000,57602.215
3316.000,57602.215
3317.000,57602.215
3318.000,57602.215
3319.000,57602.215
3320.000,57602.215
3321.000,57602.215
3322.000,57602.215
3323.000,57602.215
3324.000,57602.215
3325.000,57602.215
3326.000,57602.215
3327.000,57602.215
3328.000,57602.215
3329.000,57602.215
3330.000,57602.215
3331.000,57602.215
3332.000,57602.215
3333.000,57602.215
3334.000,57602.215
3335.000,57602.215
3336.000,57602.215
3337.000,57602.215
3338.000,57602.215
3339.000,57602.215
3340.000,57602.215
3341.000,57602.215
3342.000,57602.215
3343.000,57602.215
3344.000,57602.215
3345.000,57602.215
3346.000,57602.215
3347.000,57602.215
3348.000,57602.215
3349.000,57602.215
3350.000,57602.215
3351.000,57602.215
3352.000,57602.215
3353.000,57602.215
3354.000,57602.215
3355.000,57602.215
3356.000,57602.215
3357.000,57602.215
3358.000,57602.215
3359.000,57602.215
3360.000,57602.215
3361.000,57602.215
3362.000,57602.215
3363.000,57602.215
3364.000,57602.215
3365.000,57602.215
3366.000,57602.215
3367.000,57602.215
3368.000,57602.215
3369.000,57602.215
3370.000,57602.215
3371.000,57681.339
3372.000,57681.339
3373.000,57602.215
3374.000,57602.215
3375.000,57602.215
3376.000,57602.215
3377.000,57602.215
3378.000,57602.215
3379.000,57602.215
3380.000,57681.339
3381.000,57602.215
3382.000,57602.215
3383.000,57602.215
3384.000,57602.215
3385.000,57602.215
3386.000,57602.215
3387.000,57602.215
3388.000,57602.215
3389.000,57602.215
3390.000,57602.215
3391.000,57602.215
3392.000,57602.215
3393.000,57602.215
3394.000,57602.215
3395.000,57602.215
3396.000,57602.215
3397.000,57602.215
3398.000,57602.215
3399.000,57602.215
3400.000,57602.215
3401.000,57602.215
3402.000,57602.215
3403.000,57602.215
3404.000,57602.215
3405.000,57602.215
3406.000,57602.215
3407.000,57602.215
3408.000,57602.215
3409.000,57602.215
3410.000,57602.215
3411.000,57602.215
3412.000,57602.215
3413.000,57602.215
3414.000,57602.215
3415.000,57602.215
3416.000,57602.215
3417.000,57602.215
3418.000,57602.215
3419.000,57602.215
3420.000,57602.215
3421.000,57602.215
3422.000,57681.339
3423.000,57602.215
3424.000,57602.215
3425.000,57602.215
3426.000,57602.215
3427.000,57602.215
3428.000,57602.215
3429.000,57602.215
3430.000,57602.215
3431.000,57602.215
3432.000,57602.215
3433.000,57602.215
3434.000,57602.215
3435.000,57602.215
3436.000,57602.215
3437.000,57602.215
3438.000,57602.215
3439.000,57602.215
3440.000,57602.215
3441.000,57602.215
3442.000,57602.215
3443.000,57602.215
3444.000,57602.215
3445.000,57602.215
3446.000,57602.215
3447.000,57602.215
3448.000,57602.215
3449.000,57602.215
3450.000,57602.215
3451.000,57602.215
3452.000,57602.215
3453.000,57602.215
3454.000,57602.215
3455.000,57602.215
3456.000,57602.215
3457.000,57602.215
3458.000,57602.215
3459.000,57602.215
3460.000,57602.215
3461.000,57602.215
3462.000,57602.215
3463.000,57602.215
3464.000,57602.215
3465.000,57602.215
3466.000,57602.215
3467.000,57602.215
3468.000,57602.215
3469.000,57602.215
3470.000,57602.215
3471.000,57602.215
3472.000,57681.339
3473.000,57602.215
3474.000,57602.215
3475.000,57602.215
3476.000,57602.215
3477.000,57602.215
3478.000,57602.215
3479.000,57602.215
3480.000,57681.339
3481.000,57602.215
3482.000,57602.215
3483.000,57602.215
3484.000,57602.215
3485.000,57602.215
3486.000,57602.215
3487.000,57602.215
3488.000,57681.339
3489.000,57602.215
3490.000,57602.215
3491.000,57602.215
3492.000,57602.215
3493.000,57602.215
3494.000,57602.215
3495.000,57602.215
3496.000,57602.215
3497.000,57602.215
3498.000,57602.215
3499.000,57602.215
3500.000,57602.215
3501.000,57602.215
3502.000,57602.215
3503.000,57602.215
3504.000,57602.215
3505.000,57602.215
3506.000,57602.215
3507.000,57602.215
3508.000,57602.215
3509.000,57602.215
3510.000,57602.215
3511.000,57602.215
3512.000,57602.215
3513.000,57681.339
3514.000,57602.215
3515.000,57602.215
3516.000,57602.215
3517.000,57602.215
3518.000,57602.215
3519.000,57602.215
3520.000,57602.215
3521.000,57681.339
3522.000,57681.339
3523.000,57602.215
3524.000,57602.215
3525.000,57602.215
3526.000,57602.215
3527.000,57602.215
3528.000,57602.215
3529.000,57602.215
3530.000,57681.339
3531.000,57681.339
3532.000,57602.215
3533.000,57602.215
3534.000,57602.215
3535.000,57602.215
3536.000,57602.215
3537.000,57602.215
3538.000,57602.215
3539.000,57681.339
3540.000,57602.215
3541.000,57602.215
3542.000,57602.215
3543.000,57602.215
3544.000,57602.215
3545.000,57602.215
3546.000,57602.215
3547.000,57602.215
3548.000,57602.215
3549.000,57602.215
3550.000,57602.215
3551.000,57602.215
3552.000,57602.215
3553.000,57602.215
3554.000,57602.215
3555.000,57602.215
3556.000,57602.215
3557.000,57602.215
3558.000,57602.215
3559.000,57602.215
3560.000,57602.215
3561.000,57602.215
3562.000,57602.215
3563.000,57602.215
3564.000,57602.215
3565.000,57602.215
3566.000,57602.215
3567.000,57602.215
3568.000,57602.215
3569.000,57602.215
3570.000,57602.215
3571.000,57681.339
3572.000,57681.339
3573.000,57602.215
3574.000,57602.215
3575.000,57602.215
3576.000,57602.215
3577.000,57602.215
3578.000,57602.215
3579.000,57681.339
3580.000,57681.339
3581.000,57602.215
3582.000,57602.215
3583.000,57602.215
3584.000,57602.215
3585.000,57602.215
3586.000,57602.215
3587.000,57602.215
3588.000,57681.339
3589.000,57681.339
3590.000,57602.215
3591.000,57602.215
3592.000,57602.215
3593.000,57602.215
3594.000,57602.215
3595.000,57602.215
3596.000,57602.215
3597.000,57681.339
3598.000,57602.215
3599.000,57602.215
3600.000,57602.215
3601.000,57602.215
3602.000,57602.215
3603.000,57602.215
3604.000,57602.215
3605.000,57602.215
3606.000,57602.215
3607.000,57602.215
3608.000,57602.215
3609.000,57602.215
3610.000,57602.215
3611.000,57602.215
3612.000,57602.215
3613.000,57602.215
3614.000,57602.215
3615.000,57602.215
3616.000,57602.215
3617.000,57602.215
3618.000,57602.215
3619.000,57602.215
3620.000,57602.215
3621.000,57602.215
3622.000,57602.215
3623.000,57602.215
3624.000,57602.215
3625.000,57602.215
3626.000,57602.215
3627.000,57602.215
3628.000,57602.215
3629.000,57681.339
3630.000,57681.339
3631.000,57602.215
3632.000,57602.215
3633.000,57602.215
3634.000,57602.215
3635.000,57602.215
3636.000,57602.215
3637.000,57681.339
3638.000,57681.339
3639.000,57681.339
3640.000,57602.215
3641.000,57602.215
3642.000,57602.215
3643.000,57602.215
3644.000,57602.215
3645.000,57602.215
3646.000,57681.339
3647.000,57681.339
3648.000,57602.215
3649.000,57602.215
3650.000,57602.215
3651.000,57602.215
3652.000,57602.215
3653.000,57602.215
3654.000,57602.215
3655.000,57681.339
3656.000,57681.339
3657.000,57602.215
3658.000,57602.215
3659.000,57602.215
3660.000,57602.215
3661.000,57602.215
3662.000,57602.215
3663.000,57681.339
3664.000,57681.339
3665.000,57602.215
3666.000,57602.215
3667.000,57602.215
3668.000,57602.215
3669.000,57602.215
3670.000,57602.215
3671.000,57602.215
3672.000,57681.339
3673.000,57681.339
3674.000,57602.215
3675.000,57602.215
3676.000,57602.215
3677.000,57602.215
3678.000,57602.215
3679.000,57602.215
3680.000,57681.339
3681.000,57602.215
3682.000,57602.215
3683.000,57602.215
3684.000,57602.215
3685.000,57602.215
3686.000,57602.215
3687.000,57602.215
3688.000,57602.215
3689.000,57602.215
3690.000,57602.215
3691.000,57602.215
3692.000,57602.215
3693.000,57602.215
3694.000,57602.215
3695.000,57602.215
3696.000,57681.339
3697.000,57681.339
3698.000,57602.215
3699.000,57602.215
3700.000,57602.215
3701.000,57602.215
3702.000,57602.215
3703.000,57602.215
3704.000,57602.215
3705.000,57681.339
3706.000,57602.215
3707.000,57602.215
3708.000,57602.215
3709.000,57602.215
3710.000,57602.215
3711.000,57602.215
3712.000,57602.215
3713.000,57602.215
3714.000,57602.215
3715.000,57602.215
3716.000,57602.215
3717.000,57602.215
3718.000,57602.215
3719.000,57602.215
3720.000,57602.215
3721.000,57602.215
3722.000,57681.339
3723.000,57602.215
3724.000,57602.215
3725.000,57602.215
3726.000,57602.215
3727.000,57602.215
3728.000,57602.215
3729.000,57602.215
3730.000,57681.339
3731.000,57602.215
3732.000,57602.215
3733.000,57602.215
3734.000,57602.215
3735.000,57602.215
3736.000,57602.215
3737.000,57602.215
3738.000,57602.215
3739.000,57602.215
3740.000,57602.215
3741.000,57602.215
3742.000,57602.215
3743.000,57602.215
3744.000,57602.215
3745.000,57602.215
3746.000,57681.339
3747.000,57681.339
3748.000,57602.215
3749.000,57602.215
3750.000,57602.215
3751.000,57602.215
3752.000,57602.215
3753.000,57602.215
3754.000,57602.215
3755.000,57681.339
3756.000,57602.215
3757.000,57602.215
3758.000,57602.215
3759.000,57602.215
3760.000,57602.215
3761.000,57602.215
3762.000,57602.215
3763.000,57681.339
3764.000,57681.339
3765.000,57602.215
3766.000,57602.215
3767.000,57602.215
3768.000,57602.215
3769.000,57602.215
3770.000,57602.215
3771.000,57602.215
3772.000,57681.339
3773.000,57602.215
3774.000,57602.215
3775.000,57602.215
3776.000,57602.215
3777.000,57602.215
3778.000,57602.215
3779.000,57602.215
3780.000,57681.339
3781.000,57681.339
3782.000,57602.215
3783.000,57602.215
3784.000,57602.215
3785.000,57602.215
3786.000,57602.215
3787.000,57602.215
3788.000,57602.215
3789.000,57681.339
3790.000,57602.215
3791.000,57602.215
3792.000,57602.215
3793.000,57602.215
3794.000,57602.215
3795.000,57602.215
3796.000,57602.215
3797.000,57602.215
3798.000,57602.215
3799.000,57602.215
3800.000,57602.215
3801.000,57602.215
3802.000,57602.215
3803.000,57602.215
3804.000,57602.215
3805.000,57602.215
3806.000,57602.215
3807.000,57602.215
3808.000,57602.215
3809.000,57602.215
3810.000,57602.215
3811.000,57602.215
3812.000,57602.215
3813.000,57602.215
3814.000,57602.215
3815.000,57602.215
3816.000,57602.215
3817.000,57602.215
3818.000,57602.215
3819.000,57602.215
3820.000,57602.215
3821.000,57602.215
3822.000,57602.215
3823.000,57602.215
3824.000,57602.215
3825.000,57602.215
3826.000,57602.215
3827.000,57602.215
3828.000,57602.215
3829.000,57602.215
3830.000,57681.339
3831.000,57602.215
3832.000,57602.215
3833.000,57602.215
3834.000,57602.215
3835.000,57602.215
3836.000,57602.215
3837.000,57602.215
3838.000,57681.339
3839.000,57681.339
3840.000,57602.215
3841.000,57602.215
3842.000,57602.215
3843.000,57602.215
3844.000,57602.215
3845.000,57602.215
3846.000,57602.215
3847.000,57602.215
3848.000,57602.215
3849.000,57602.215
3850.000,57602.215
3851.000,57602.215
3852.000,57602.215
3853.000,57602.215
3854.000,57602.215
3855.000,57602.215
3856.000,57602.215
3857.000,57602.215
3858.000,57602.215
3859.000,57602.215
3860.000,57602.215
3861.000,57602.215
3862.000,57602.215
3863.000,57602.215
3864.000,57602.215
3865.000,57602.215
3866.000,57602.215
3867.000,57602.215
3868.000,57602.215
3869.000,57602.215
3870.000,57602.215
3871.000,57602.215
3872.000,57602.215
3873.000,57602.215
3874.000,57602.215
3875.000,57602.215
3876.000,57602.215
3877.000,57602.215
3878.000,57602.215
3879.000,57602.215
3880.000,57681.339
3881.000,57602.215
3882.000,57602.215
3883.000,57602.215
3884.000,57602.215
3885.000,57602.215
3886.000,57602.215
3887.000,57602.215
3888.000,57681.339
3889.000,57681.339
3890.000,57602.215
3891.000,57602.215
3892.000,57602.215
3893.000,57602.215
3894.000,57602.215
3895.000,57602.215
3896.000,57602.215
3897.000,57681.339
3898.000,57602.215
3899.000,57602.215
3900.000,57602.215
3901.000,57602.215
3902.000,57602.215
3903.000,57602.215
3904.000,57602.215
3905.000,57602.215
3906.000,57602.215
3907.000,57602.215
3908.000,57602.215
3909.000,57602.215
3910.000,57602.215
3911.000,57602.215
3912.000,57602.215
3913.000,57602.215
3914.000,57602.215
3915.000,57602.215
3916.000,57602.215
3917.000,57602.215
3918.000,57602.215
3919.000,57602.215
3920.000,57602.215
3921.000,57602.215
3922.000,57602.215
3923.000,57602.215
3924.000,57602.215
3925.000,57602.215
3926.000,57602.215
3927.000,57602.215
3928.000,57602.215
3929.000,57681.339
3930.000,57681.339
3931.000,57602.215
3932.000,57602.215
3933.000,57602.215
3934.000,57602.215
3935.000,57602.215
3936.000,57602.215
3937.000,57602.215
3938.000,57681.339
3939.000,57681.339
3940.000,57602.215
3941.000,57602.215
3942.000,57602.215
3943.000,57602.215
3944.000,57602.215
3945.000,57602.215
3946.000,57681.339
3947.000,57681.339
3948.000,57602.215
3949.000,57602.215
3950.000,57602.215
3951.000,57602.215
3952.000,57602.215
3953.000,57602.215
3954.000,57602.215
3955.000,57602.215
3956.000,57602.215
3957.000,57602.215
3958.000,57602.215
3959.000,57602.215
3960.000,57602.215
3961.000,57602.215
3962.000,57602.215
3963.000,57602.215
3964.000,57602.215
3965.000,57602.215
3966.000,57602.215
3967.000,57602.215
3968.000,57602.215
3969.000,57602.215
3970.000,57602.215
3971.000,57602.215
3972.000,57602.215
3973.000,57602.215
3974.000,57602.215
3975.000,57602.215
3976.000,57602.215
3977.000,57602.215
3978.000,57602.215
3979.000,57602.215
3980.000,57602.215
3981.000,57602.215
3982.000,57602.215
3983.000,57602.215
3984.000,57602.215
3985.000,57602.215
3986.000,57602.215
3987.000,57602.215
3988.000,57681.339
3989.000,57602.215
3990.000,57602.215
3991.000,57602.215
3992.000,57602.215
3993.000,57602.215
3994.000,57602.215
3995.000,57602.215
3996.000,57681.339
3997.000,57681.339
3998.000,57602.215
3999.000,57602.215
4000.000,57602.215
4001.000,57602.215
4002.000,57602.215
4003.000,57602.215
4004.000,57602.215
4005.000,57681.339
4006.000,57681.339
4007.000,57602.215
4008.000,57602.215
4009.000,57602.215
4010.000,57602.215
4011.000,57602.215
4012.000,57602.215
4013.000,57602.215
4014.000,57602.215
4015.000,57602.215
4016.000,57602.215
4017.000,57602.215
4018.000,57602.215
4019.000,57602.215
4020.000,57602.215
4021.000,57602.215
4022.000,57602.215
4023.000,57602.215
4024.000,57602.215
4025.000,57602.215
4026.000,57602.215
4027.000,57602.215
4028.000,57602.215
4029.000,57602.215
4030.000,57602.215
4031.000,57602.215
4032.000,57602.215
4033.000,57602.215
4034.000,57602.215
4035.000,57602.215
4036.000,57602.215
4037.000,57602.215
4038.000,57602.215
4039.000,57602.215
4040.000,57602.215
4041.000,57602.215
4042.000,57602.215
4043.000,57602.215
4044.000,57602.215
4045.000,57602.215
4046.000,57602.215
4047.000,57602.215
4048.000,57602.215
4049.000,57602.215
4050.000,57602.215
4051.000,57602.215
4052.000,57602.215
4053.000,57602.215
4054.000,57602.215
4055.000,57681.339
4056.000,57602.215
4057.000,57602.215
4058.000,57602.215
4059.000,57602.215
4060.000,57602.215
4061.000,57602.215
4062.000,57602.215
4063.000,57602.215
4064.000,57602.215
4065.000,57602.215
4066.000,57602.215
4067.000,57602.215
4068.000,57602.215
4069.000,57602.215
4070.000,57602.215
4071.000,57602.215
4072.000,57602.215
4073.000,57602.215
4074.000,57602.215
4075.000,57602.215
4076.000,57602.215
4077.000,57602.215
4078.000,57602.215
4079.000,57602.215
4080.000,57602.215
4081.000,57602.215
4082.000,57602.215
4083.000,57602.215
4084.000,57602.215
4085.000,57602.215
4086.000,57602.215
4087.000,57602.215
4088.000,57681.339
4089.000,57602.215
4090.000,57602.215
4091.000,57602.215
4092.000,57602.215
4093.000,57602.215
4094.000,57602.215
4095.000,57602.215
4096.000,57681.339
4097.000,57681.339
4098.000,57602.215
4099.000,57602.215
4100.000,57602.215
4101.000,57602.215
4102.000,57602.215
4103.000,57602.215
4104.000,57602.215
4105.000,57681.339
4106.000,57602.215
4107.000,57602.215
4108.000,57602.215
4109.000,57602.215
4110.000,57602.215
4111.000,57602.215
4112.000,57602.215
4113.000,57602.215
4114.000,57602.215
4115.000,57602.215
4116.000,57602.215
4117.000,57602.215
4118.000,57602.215
4119.000,57602.215
4120.000,57602.215
4121.000,57602.215
4122.000,57602.215
4123.000,57602.215
4124.000,57602.215
4125.000,57602.215
4126.000,57602.215
4127.000,57602.215
4128.000,57602.215
4129.000,57602.215
4130.000,57602.215
4131.000,57602.215
4132.000,57602.215
4133.000,57602.215
4134.000,57602.215
4135.000,57602.215
4136.000,57602.215
4137.000,57602.215
4138.000,57602.215
4139.000,57602.215
4140.000,57602.215
4141.000,57602.215
4142.000,57602.215
4143.000,57602.215
4144.000,57602.215
4145.000,57602.215
4146.000,57602.215
4147.000,57681.339
4148.000,57602.215
4149.000,57602.215
4150.000,57602.215
4151.000,57602.215
4152.000,57602.215
4153.000,57602.215
4154.000,57602.215
4155.000,57681.339
4156.000,57602.215
4157.000,57602.215
4158.000,57602.215
4159.000,57602.215
4160.000,57602.215
4161.000,57602.215
4162.000,57602.215
4163.000,57602.215
4164.000,57602.215
4165.000,57602.215
4166.000,57602.215
4167.000,57602.215
4168.000,57602.215
4169.000,57602.215
4170.000,57602.215
4171.000,57602.215
4172.000,57602.215
4173.000,57602.215
4174.000,57602.215
4175.000,57602.215
4176.000,57602.215
4177.000,57602.215
4178.000,57602.215
4179.000,57602.215
4180.000,57602.215
4181.000,57602.215
4182.000,57602.215
4183.000,57602.215
4184.000,57602.215
4185.000,57602.215
4186.000,57602.215
4187.000,57602.215
4188.000,57602.215
4189.000,57602.215
4190.000,57602.215
4191.000,57602.215
4192.000,57602.215
4193.000,57602.215
4194.000,57602.215
4195.000,57602.215
4196.000,57602.215
4197.000,57681.339
4198.000,57602.215
4199.000,57602.215
4200.000,57602.215
4201.000,57602.215
4202.000,57602.215
4203.000,57602.215
4204.000,57602.215
4205.000,57602.215
4206.000,57602.215
4207.000,57602.215
4208.000,57602.215
4209.000,57602.215
4210.000,57602.215
4211.000,57602.215
4212.000,57602.215
4213.000,57602.215
4214.000,57602.215
4215.000,57602.215
4216.000,57602.215
4217.000,57602.215
4218.000,57602.215
4219.000,57602.215
4220.000,57602.215
4221.000,57602.215
4222.000,57602.215
4223.000,57602.215
4224.000,57602.215
4225.000,57602.215
4226.000,57602.215
4227.000,57602.215
4228.000,57602.215
4229.000,57602.215
4230.000,57602.215
4231.000,57602.215
4232.000,57602.215
4233.000,57602.215
4234.000,57602.215
4235.000,57602.215
4236.000,57602.215
4237.000,57602.215
4238.000,57602.215
4239.000,57681.339
4240.000,57602.215
4241.000,57602.215
4242.000,57602.215
4243.000,57602.215
4244.000,57602.215
4245.000,57602.215
4246.000,57602.215
4247.000,57681.339
4248.000,57602.215
4249.000,57602.215
4250.000,57602.215
4251.000,57602.215
4252.000,57602.215
4253.000,57602.215
4254.000,57602.215
4255.000,57602.215
4256.000,57602.215
4257.000,57602.215
4258.000,57602.215
4259.000,57602.215
4260.000,57602.215
4261.000,57602.215
4262.000,57602.215
4263.000,57602.215
4264.000,57602.215
4265.000,57602.215
4266.000,57602.215
4267.000,57602.215
4268.000,57602.215
4269.000,57602.215
4270.000,57602.215
4271.000,57602.215
4272.000,57602.215
4273.000,57602.215
4274.000,57602.215
4275.000,57602.215
4276.000,57602.215
4277.000,57602.215
4278.000,57602.215
4279.000,57602.215
4280.000,57602.215
4281.000,57602.215
4282.000,57602.215
4283.000,57602.215
4284.000,57602.215
4285.000,57602.215
4286.000,57602.215
4287.000,57602.215
4288.000,57602.215
4289.000,57602.215
4290.000,57602.215
4291.000,57602.215
4292.000,57602.215
4293.000,57602.215
4294.000,57602.215
4295.000,57602.215
4296.000,57602.215
4297.000,57681.339
4298.000,57602.215
4299.000,57602.215
4300.000,57602.215
4301.000,57602.215
4302.000,57602.215
4303.000,57602.215
4304.000,57602.215
4305.000,57681.339
4306.000,57681.339
4307.000,57602.215
4308.000,57602.215
4309.000,57602.215
4310.000,57602.215
4311.000,57602.215
4312.000,57602.215
4313.000,57602.215
4314.000,57602.215
4315.000,57602.215
4316.000,57602.215
4317.000,57602.215
4318.000,57602.215
4319.000,57602.215
4320.000,57602.215
4321.000,57602.215
4322.000,57602.215
4323.000,57602.215
4324.000,57602.215
4325.000,57602.215
4326.000,57602.215
4327.000,57602.215
4328.000,57602.215
4329.000,57602.215
4330.000,57602.215
4331.000,57602.215
4332.000,57602.215
4333.000,57602.215
4334.000,57602.215
4335.000,57602.215
4336.000,57602.215
4337.000,57602.215
4338.000,57602.215
4339.000,57602.215
4340.000,57602.215
4341.000,57602.215
4342.000,57602.215
4343.000,57602.215
4344.000,57602.215
4345.000,57602.215
4346.000,57602.215
4347.000,57602.215
4348.000,57602.215
4349.000,57602.215
4350.000,57602.215
4351.000,57602.215
4352.000,57602.215
4353.000,57602.215
4354.000,57602.215
4355.000,57602.215
4356.000,57602.215
4357.000,57602.215
4358.000,57602.215
4359.000,57602.215
4360.000,57602.215
4361.000,57602.215
4362.000,57602.215
4363.000,57602.215
4364.000,57602.215
4365.000,57602.215
4366.000,57602.215
4367.000,57602.215
4368.000,57602.215
4369.000,57602.215
4370.000,57602.215
4371.000,57602.215
4372.000,57602.215
4373.000,57602.215
4374.000,57602.215
4375.000,57602.215
4376.000,57602.215
4377.000,57602.215
4378.000,57602.215
4379.000,57602.215
4380.000,57602.215
4381.000,57602.215
4382.000,57602.215
4383.000,57602.215
4384.000,57602.215
4385.000,57602.215
4386.000,57602.215
4387.000,57602.215
4388.000,57602.215
4389.000,57602.215
4390.000,57602.215
4391.000,57602.215
4392.000,57602.215
4393.000,57602.215
4394.000,57602.215
4395.000,57602.215
4396.000,57602.215
4397.000,57602.215
4398.000,57602.215
4399.000,57602.215
4400.000,57602.215
4401.000,57602.215
4402.000,57602.215
4403.000,57602.215
4404.000,57602.215
4405.000,57681.339
4406.000,57602.215
4407.000,57602.215
4408.000,57602.215
4409.000,57602.215
4410.000,57602.215
4411.000,57602.215
4412.000,57602.215
4413.000,57681.339
4414.000,57681.339
4415.000,57602.215
4416.000,57602.215
4417.000,57602.215
4418.000,57602.215
4419.000,57602.215
4420.000,57602.215
4421.000,57602.215
4422.000,57681.339
4423.000,57681.339
4424.000,57602.215
4425.000,57602.215
4426.000,57602.215
4427.000,57602.215
4428.000,57602.215
4429.000,57602.215
4430.000,57681.339
4431.000,57681.339
4432.000,57602.215
4433.000,57602.215
4434.000,57602.215
4435.000,57602.215
4436.000,57602.215
4437.000,57602.215
4438.000,57602.215
4439.000,57602.215
4440.000,57602.215
4441.000,57602.215
4442.000,57602.215
4443.000,57602.215
4444.000,57602.215
4445.000,57602.215
4446.000,57602.215
4447.000,57602.215
4448.000,57602.215
4449.000,57602.215
4450.000,57602.215
4451.000,57602.215
4452.000,57602.215
4453.000,57602.215
4454.000,57602.215
4455.000,57602.215
4456.000,57602.215
4457.000,57602.215
4458.000,57602.215
4459.000,57602.215
4460.000,57602.215
4461.000,57602.215
4462.000,57602.215
4463.000,57602.215
4464.000,57602.215
4465.000,57602.215
4466.000,57602.215
4467.000,57602.215
4468.000,57602.215
4469.000,57602.215
4470.000,57602.215
4471.000,57681.339
4472.000,57602.215
4473.000,57602.215
4474.000,57602.215
4475.000,57602.215
4476.000,57602.215
4477.000,57602.215
4478.000,57602.215
4479.000,57681.339
4480.000,57681.339
4481.000,57602.215
4482.000,57602.215
4483.000,57602.215
4484.000,57602.215
4485.000,57602.215
4486.000,57602.215
4487.000,57602.215
4488.000,57681.339
4489.000,57681.339
4490.000,57602.215
4491.000,57602.215
4492.000,57602.215
4493.000,57602.215
4494.000,57602.215
4495.000,57602.215
4496.000,57602.215
4497.000,57681.339
4498.000,57681.339
4499.000,57602.215
4500.000,57602.215
4501.000,57602.215
4502.000,57602.215
4503.000,57602.215
4504.000,57602.215
4505.000,57681.339
4506.000,57681.339
4507.000,57602.215
4508.000,57602.215
4509.000,57602.215
4510.000,57602.215
4511.000,57602.215
4512.000,57602.215
4513.000,57602.215
4514.000,57602.215
4515.000,57602.215
4516.000,57602.215
4517.000,57602.215
4518.000,57602.215
4519.000,57602.215
4520.000,57602.215
4521.000,57602.215
4522.000,57602.215
4523.000,57602.215
4524.000,57602.215
4525.000,57602.215
4526.000,57602.215
4527.000,57602.215
4528.000,57602.215
4529.000,57602.215
4530.000,57602.215
4531.000,57602.215
4532.000,57602.215
4533.000,57602.215
4534.000,57602.215
4535.000,57602.215
4536.000,57602.215
4537.000,57602.215
4538.000,57602.215
4539.000,57602.215
4540.000,57602.215
4541.000,57602.215
4542.000,57602.215
4543.000,57602.215
4544.000,57602.215
4545.000,57602.215
4546.000,57602.215
4547.000,57681.339
4548.000,57602.215
4549.000,57602.215
4550.000,57602.215
4551.000,57602.215
4552.000,57602.215
4553.000,57602.215
4554.000,57602.215
4555.000,57602.215
4556.000,57602.215
4557.000,57602.215
4558.000,57602.215
4559.000,57602.215
4560.000,57602.215
4561.000,57602.215
4562.000,57602.215
4563.000,57602.215
4564.000,57602.215
4565.000,57602.215
4566.000,57602.215
4567.000,57602.215
4568.000,57602.215
4569.000,57602.215
4570.000,57602.215
4571.000,57602.215
4572.000,57681.339
4573.000,57602.215
4574.000,57602.215
4575.000,57602.215
4576.000,57602.215
4577.000,57602.215
4578.000,57602.215
4579.000,57602.215
4580.000,57602.215
4581.000,57602.215
4582.000,57602.215
4583.000,57602.215
4584.000,57602.215
4585.000,57602.215
4586.000,57602.215
4587.000,57602.215
4588.000,57602.215
4589.000,57602.215
4590.000,57602.215
4591.000,57602.215
4592.000,57602.215
4593.000,57602.215
4594.000,57602.215
4595.000,57602.215
4596.000,57602.215
4597.000,57681.339
4598.000,57602.215
4599.000,57602.215
4600.000,57602.215
4601.000,57602.215
4602.000,57602.215
4603.000,57602.215
4604.000,57602.215
4605.000,57681.339
4606.000,57681.339
4607.000,57602.215
4608.000,57602.215
4609.000,57602.215
4610.000,57602.215
4611.000,57602.215
4612.000,57602.215
4613.000,57602.215
4614.000,57681.339
4615.000,57602.215
4616.000,57602.215
4617.000,57602.215
4618.000,57602.215
4619.000,57602.215
4620.000,57602.215
4621.000,57602.215
4622.000,57681.339
4623.000,57602.215
4624.000,57602.215
4625.000,57602.215
4626.000,57602.215
4627.000,57602.215
4628.000,57602.215
4629.000,57602.215
4630.000,57681.339
4631.000,57602.215
4632.000,57602.215
4633.000,57602.215
4634.000,57602.215
4635.000,57602.215
4636.000,57602.215
4637.000,57602.215
4638.000,57602.215
4639.000,57602.215
4640.000,57602.215
4641.000,57602.215
4642.000,57602.215
4643.000,57602.215
4644.000,57602.215
4645.000,57602.215
4646.000,57602.215
4647.000,57681.339
4648.000,57602.215
4649.000,57602.215
4650.000,57602.215
4651.000,57602.215
4652.000,57602.215
4653.000,57602.215
4654.000,57602.215
4655.000,57681.339
4656.000,57602.215
4657.000,57602.215
4658.000,57602.215
4659.000,57602.215
4660.000,57602.215
4661.000,57602.215
4662.000,57602.215
4663.000,57602.215
4664.000,57602.215
4665.000,57602.215
4666.000,57602.215
4667.000,57602.215
4668.000,57602.215
4669.000,57602.215
4670.000,57602.215
4671.000,57602.215
4672.000,57602.215
4673.000,57602.215
4674.000,57602.215
4675.000,57602.215
4676.000,57602.215
4677.000,57602.215
4678.000,57602.215
4679.000,57602.215
4680.000,57602.215
4681.000,57602.215
4682.000,57602.215
4683.000,57602.215
4684.000,57602.215
4685.000,57602.215
4686.000,57602.215
4687.000,57602.215
4688.000,57602.215
4689.000,57602.215
4690.000,57602.215
4691.000,57602.215
4692.000,57602.215
4693.000,57602.215
4694.000,57602.215
4695.000,57602.215
4696.000,57602.215
4697.000,57681.339
4698.000,57602.215
4699.000,57602.215
4700.000,57602.215
4701.000,57602.215
4702.000,57602.215
4703.000,57602.215
4704.000,57602.215
4705.000,57681.339
4706.000,57681.339
4707.000,57602.215
4708.000,57602.215
4709.000,57602.215
4710.000,57602.215
4711.000,57602.215
4712.000,57602.215
4713.000,57681.339
4714.000,57681.339
4715.000,57681.339
4716.000,57602.215
4717.000,57602.215
4718.000,57602.215
4719.000,57602.215
4720.000,57602.215
4721.000,57602.215
4722.000,57602.215
4723.000,57681.339
4724.000,57602.215
4725.000,57602.215
4726.000,57602.215
4727.000,57602.215
4728.000,57602.215
4729.000,57602.215
4730.000,57602.215
4731.000,57602.215
4732.000,57602.215
4733.000,57602.215
4734.000,57602.215
4735.000,57602.215
4736.000,57602.215
4737.000,57602.215
4738.000,57602.215
4739.000,57602.215
4740.000,57602.215
4741.000,57602.215
4742.000,57602.215
4743.000,57602.215
4744.000,57602.215
4745.000,57602.215
4746.000,57602.215
4747.000,57602.215
4748.000,57602.215
4749.000,57602.215
4750.000,57602.215
4751.000,57602.215
4752.000,57602.215
4753.000,57602.215
4754.000,57602.215
4755.000,57602.215
4756.000,57602.215
4757.000,57602.215
4758.000,57602.215
4759.000,57602.215
4760.000,57602.215
4761.000,57602.215
4762.000,57602.215
4763.000,57681.339
4764.000,57681.339
4765.000,57602.215
4766.000,57602.215
4767.000,57602.215
4768.000,57602.215
4769.000,57602.215
4770.000,57602.215
4771.000,57681.339
4772.000,57681.339
4773.000,57602.215
4774.000,57602.215
4775.000,57602.215
4776.000,57602.215
4777.000,57602.215
4778.000,57602.215
4779.000,57602.215
4780.000,57681.339
4781.000,57681.339
4782.000,57602.215
4783.000,57602.215
4784.000,57602.215
4785.000,57602.215
4786.000,57602.215
4787.000,57602.215
4788.000,57681.339
4789.000,57681.339
4790.000,57602.215
4791.000,57602.215
4792.000,57602.215
4793.000,57602.215
4794.000,57602.215
4795.000,57602.215
4796.000,57602.215
4797.000,57681.339
4798.000,57602.215
4799.000,57602.215
4800.000,57602.215
4801.000,57602.215
4802.000,57602.215
4803.000,57602.215
4804.000,57602.215
4805.000,57602.215
4806.000,57602.215
4807.000,57602.215
4808.000,57602.215
4809.000,57602.215
4810.000,57602.215
4811.000,57602.215
4812.000,57602.215
4813.000,57602.215
4814.000,57602.215
4815.000,57602.215
4816.000,57602.215
4817.000,57602.215
4818.000,57602.215
4819.000,57602.215
4820.000,57602.215
4821.000,57602.215
4822.000,57602.215
4823.000,57602.215
4824.000,57602.215
4825.000,57602.215
4826.000,57602.215
4827.000,57602.215
4828.000,57602.215
4829.000,57602.215
4830.000,57602.215
4831.000,57602.215
4832.000,57602.215
4833.000,57602.215
4834.000,57602.215
4835.000,57602.215
4836.000,57602.215
4837.000,57602.215
4838.000,57602.215
4839.000,57602.215
4840.000,57602.215
4841.000,57602.215
4842.000,57602.215
4843.000,57602.215
4844.000,57602.215
4845.000,57602.215
4846.000,57602.215
4847.000,57681.339
4848.000,57602.215
4849.000,57602.215
4850.000,57602.215
4851.000,57602.215
4852.000,57602.215
4853.000,57602.215
4854.000,57602.215
4855.000,57681.339
4856.000,57602.215
4857.000,57602.215
4858.000,57602.215
4859.000,57602.215
4860.000,57602.215
4861.000,57602.215
4862.000,57602.215
4863.000,57681.339
4864.000,57602.215
4865.000,57602.215
4866.000,57602.215
4867.000,57602.215
4868.000,57602.215
4869.000,57602.215
4870.000,57602.215
4871.000,57602.215
4872.000,57681.339
4873.000,57602.215
4874.000,57602.215
4875.000,57602.215
4876.000,57602.215
4877.000,57602.215
4878.000,57602.215
4879.000,57602.215
4880.000,57681.339
4881.000,57602.215
4882.000,57602.215
4883.000,57602.215
4884.000,57602.215
4885.000,57602.215
4886.000,57602.215
4887.000,57602.215
4888.000,57681.339
4889.000,57602.215
4890.000,57602.215
4891.000,57602.215
4892.000,57602.215
4893.000,57602.215
4894.000,57602.215
4895.000,57602.215
4896.000,57681.339
4897.000,57681.339
4898.000,57602.215
4899.000,57602.215
4900.000,57602.215
4901.000,57602.215
4902.000,57602.215
4903.000,57602.215
4904.000,57602.215
4905.000,57681.339
4906.000,57681.339
4907.000,57602.215
4908.000,57602.215
4909.000,57602.215
4910.000,57602.215
4911.000,57602.215
4912.000,57602.215
4913.000,57681.339
4914.000,57681.339
4915.000,57602.215
4916.000,57602.215
4917.000,57602.215
4918.000,57602.215
4919.000,57602.215
4920.000,57602.215
4921.000,57602.215
4922.000,57681.339
4923.000,57602.215
4924.000,57602.215
4925.000,57602.215
4926.000,57602.215
4927.000,57602.215
4928.000,57602.215
4929.000,57602.215
4930.000,57602.215
4931.000,57602.215
4932.000,57602.215
4933.000,57602.215
4934.000,57602.215
4935.000,57602.215
4936.000,57602.215
4937.000,57602.215
4938.000,57602.215
4939.000,57602.215
4940.000,57602.215
4941.000,57602.215
4942.000,57602.215
4943.000,57602.215
4944.000,57602.215
4945.000,57602.215
4946.000,57602.215
4947.000,57602.215
4948.000,57602.215
4949.000,57602.215
4950.000,57602.215
4951.000,57602.215
4952.000,57602.215
4953.000,57602.215
4954.000,57602.215
4955.000,57681.339
4956.000,57681.339
4957.000,57602.215
4958.000,57602.215
4959.000,57602.215
4960.000,57602.215
4961.000,57602.215
4962.000,57602.215
4963.000,57681.339
4964.000,57681.339
4965.000,57602.215
4966.000,57602.215
4967.000,57602.215
4968.000,57602.215
4969.000,57602.215
4970.000,57602.215
4971.000,57681.339
4972.000,57681.339
4973.000,57602.215
4974.000,57602.215
4975.000,57602.215
4976.000,57602.215
4977.000,57602.215
4978.000,57602.215
4979.000,57602.215
4980.000,57681.339
4981.000,57681.339
4982.000,57602.215
4983.000,57602.215
4984.000,57602.215
4985.000,57602.215
4986.000,57602.215
4987.000,57602.215
4988.000,57602.215
4989.000,57681.339
4990.000,57602.215
4991.000,57602.215
4992.000,57602.215
4993.000,57602.215
4994.000,57602.215
4995.000,57602.215
4996.000,57602.215
4997.000,57681.339
4998.000,57602.215
4999.000,57602.215
5000.000,57602.215
5001.000,57602.215
5002.000,57602.215
5003.000,57602.215
5004.000,57602.215
5005.000,57681.339
5006.000,57602.215
5007.000,57602.215
5008.000,57602.215
5009.000,57602.215
5010.000,57602.215
5011.000,57602.215
5012.000,57602.215
5013.000,57681.339
5014.000,57681.339
5015.000,57602.215
5016.000,57602.215
5017.000,57602.215
5018.000,57602.215
5019.000,57602.215
5020.000,57602.215
5021.000,57602.215
5022.000,57681.339
5023.000,57602.215
5024.000,57602.215
5025.000,57602.215
5026.000,57602.215
5027.000,57602.215
5028.000,57602.215
5029.000,57602.215
5030.000,57681.339
5031.000,57602.215
5032.000,57602.215
5033.000,57602.215
5034.000,57602.215
5035.000,57602.215
5036.000,57602.215
5037.000,57602.215
5038.000,57681.339
5039.000,57681.339
5040.000,57602.215
5041.000,57602.215
5042.000,57602.215
5043.000,57602.215
5044.000,57602.215
5045.000,57602.215
5046.000,57602.215
5047.000,57681.339
5048.000,57602.215
5049.000,57602.215
5050.000,57602.215
5051.000,57602.215
5052.000,57602.215
5053.000,57602.215
5054.000,57602.215
5055.000,57681.339
5056.000,57602.215
5057.000,57602.215
5058.000,57602.215
5059.000,57602.215
5060.000,57602.215
5061.000,57602.215
5062.000,57602.215
5063.000,57681.339
5064.000,57681.339
5065.000,57602.215
5066.000,57602.215
5067.000,57602.215
5068.000,57602.215
5069.000,57602.215
5070.000,57602.215
5071.000,57681.339
5072.000,57681.339
5073.000,57602.215
5074.000,57602.215
5075.000,57602.215
5076.000,57602.215
5077.000,57602.215
5078.000,57602.215
5079.000,57602.215
5080.000,57681.339
5081.000,57681.339
5082.000,57602.215
5083.000,57602.215
5084.000,57602.215
5085.000,57602.215
5086.000,57602.215
5087.000,57602.215
5088.000,57681.339
5089.000,57681.339
5090.000,57602.215
5091.000,57602.215
5092.000,57602.215
5093.000,57602.215
5094.000,57602.215
5095.000,57602.215
5096.000,57602.215
5097.000,57681.339
5098.000,57602.215
5099.000,57602.215
5100.000,57602.215
5101.000,57602.215
5102.000,57602.215
5103.000,57602.215
5104.000,57602.215
5105.000,57681.339
5106.000,57602.215
5107.000,57602.215
5108.000,57602.215
5109.000,57602.215
5110.000,57602.215
5111.000,57602.215
5112.000,57602.215
5113.000,57681.339
5114.000,57681.339
5115.000,57602.215
5116.000,57602.215
5117.000,57602.215
5118.000,57602.215
5119.000,57602.215
5120.000,57602.215
5121.000,57681.339
5122.000,57681.339
5123.000,57602.215
5124.000,57602.215
5125.000,57602.215
5126.000,57602.215
5127.000,57602.215
5128.000,57602.215
5129.000,57602.215
5130.000,57681.339
5131.000,57602.215
5132.000,57602.215
5133.000,57602.215
5134.000,57602.215
5135.000,57602.215
5136.000,57602.215
5137.000,57602.215
5138.000,57681.339
5139.000,57602.215
5140.000,57602.215
5141.000,57602.215
5142.000,57602.215
5143.000,57602.215
5144.000,57602.215
5145.000,57602.215
5146.000,57602.215
5147.000,57681.339
5148.000,57602.215
5149.000,57602.215
5150.000,57602.215
5151.000,57602.215
5152.000,57602.215
5153.000,57602.215
5154.000,57602.215
5155.000,57681.339
5156.000,57602.215
5157.000,57602.215
5158.000,57602.215
5159.000,57602.215
5160.000,57602.215
5161.000,57602.215
5162.000,57602.215
5163.000,57681.339
5164.000,57681.339
5165.000,57602.215
5166.000,57602.215
5167.000,57602.215
5168.000,57602.215
5169.000,57602.215
5170.000,57602.215
5171.000,57602.215
5172.000,57681.339
5173.000,57602.215
5174.000,57602.215
5175.000,57602.215
5176.000,57602.215
5177.000,57602.215
5178.000,57602.215
5179.000,57602.215
5180.000,57681.339
5181.000,57681.339
5182.000,57602.215
5183.000,57602.215
5184.000,57602.215
5185.000,57602.215
5186.000,57602.215
5187.000,57602.215
5188.000,57602.215
5189.000,57602.215
5190.000,57602.215
5191.000,57602.215
5192.000,57602.215
5193.000,57602.215
5194.000,57602.215
5195.000,57602.215
5196.000,57602.215
5197.000,57602.215
5198.000,57602.215
5199.000,57602.215
5200.000,57602.215
5201.000,57602.215
5202.000,57602.215
5203.000,57602.215
5204.000,57602.215
5205.000,57602.215
5206.000,57602.215
5207.000,57602.215
5208.000,57602.215
5209.000,57602.215
5210.000,57602.215
5211.000,57602.215
5212.000,57602.215
5213.000,57602.215
5214.000,57602.215
5215.000,57602.215
5216.000,57602.215
5217.000,57602.215
5218.000,57602.215
5219.000,57602.215
5220.000,57602.215
5221.000,57602.215
5222.000,57681.339
5223.000,57602.215
5224.000,57602.215
5225.000,57602.215
5226.000,57602.215
5227.000,57602.215
5228.000,57602.215
5229.000,57602.215
5230.000,57681.339
5231.000,57602.215
5232.000,57602.215
5233.000,57602.215
5234.000,57602.215
5235.000,57602.215
5236.000,57602.215
5237.000,57602.215
5238.000,57602.215
5239.000,57602.215
5240.000,57602.215
5241.000,57602.215
5242.000,57602.215
5243.000,57602.215
5244.000,57602.215
5245.000,57602.215
5246.000,57602.215
5247.000,57602.215
5248.000,57602.215
5249.000,57602.215
5250.000,57602.215
5251.000,57602.215
5252.000,57602.215
5253.000,57602.215
5254.000,57602.215
5255.000,57681.339
5256.000,57602.215
5257.000,57602.215
5258.000,57602.215
5259.000,57602.215
5260.000,57602.215
5261.000,57602.215
5262.000,57602.215
5263.000,57681.339
5264.000,57681.339
5265.000,57602.215
5266.000,57602.215
5267.000,57602.215
5268.000,57602.215
5269.000,57602.215
5270.000,57602.215
5271.000,57602.215
5272.000,57681.339
5273.000,57602.215
5274.000,57602.215
5275.000,57602.215
5276.000,57602.215
5277.000,57602.215
5278.000,57602.215
5279.000,57602.215
5280.000,57681.339
5281.000,57602.215
5282.000,57602.215
5283.000,57602.215
5284.000,57602.215
5285.000,57602.215
5286.000,57602.215
5287.000,57602.215
5288.000,57602.215
5289.000,57602.215
5290.000,57602.215
5291.000,57602.215
5292.000,57602.215
5293.000,57602.215
5294.000,57602.215
5295.000,57602.215
5296.000,57602.215
5297.000,57602.215
5298.000,57602.215
5299.000,57602.215
5300.000,57602.215
5301.000,57602.215
5302.000,57602.215
5303.000,57602.215
5304.000,57602.215
5305.000,57602.215
5306.000,57602.215
5307.000,57602.215
5308.000,57602.215
5309.000,57602.215
5310.000,57602.215
5311.000,57602.215
5312.000,57602.215
5313.000,57602.215
5314.000,57602.215
5315.000,57602.215
5316.000,57602.215
5317.000,57602.215
5318.000,57602.215
5319.000,57602.215
5320.000,57602.215
5321.000,57602.215
5322.000,57602.215
5323.000,57602.215
5324.000,57602.215
5325.000,57602.215
5326.000,57602.215
5327.000,57602.215
5328.000,57602.215
5329.000,57681.339
5330.000,57681.339
5331.000,57602.215
5332.000,57602.215
5333.000,57602.215
5334.000,57602.215
5335.000,57602.215
5336.000,57602.215
5337.000,57602.215
5338.000,57602.215
5339.000,57602.215
5340.000,57602.215
5341.000,57602.215
5342.000,57602.215
5343.000,57602.215
5344.000,57602.215
5345.000,57602.215
5346.000,57602.215
5347.000,57602.215
5348.000,57602.215
5349.000,57602.215
5350.000,57602.215
5351.000,57602.215
5352.000,57602.215
5353.000,57602.215
5354.000,57602.215
5355.000,57681.339
5356.000,57602.215
5357.000,57602.215
5358.000,57602.215
5359.000,57602.215
5360.000,57602.215
5361.000,57602.215
5362.000,57602.215
5363.000,57681.339
5364.000,57681.339
5365.000,57602.215
5366.000,57602.215
5367.000,57602.215
5368.000,57602.215
5369.000,57602.215
5370.000,57602.215
5371.000,57681.339
5372.000,57681.339
5373.000,57602.215
5374.000,57602.215
5375.000,57602.215
5376.000,57602.215
5377.000,57602.215
5378.000,57602.215
5379.000,57602.215
5380.000,57681.339
5381.000,57681.339
5382.000,57602.215
5383.000,57602.215
5384.000,57602.215
5385.000,57602.215
5386.000,57602.215
5387.000,57602.215
5388.000,57602.215
5389.000,57602.215
5390.000,57602.215
5391.000,57602.215
5392.000,57602.215
5393.000,57602.215
5394.000,57602.215
5395.000,57602.215
5396.000,57602.215
5397.000,57602.215
5398.000,57602.215
5399.000,57602.215
5400.000,57602.215
5401.000,57602.215
5402.000,57602.215
5403.000,57602.215
5404.000,57602.215
5405.000,57602.215
5406.000,57602.215
5407.000,57602.215
5408.000,57602.215
5409.000,57602.215
5410.000,57602.215
5411.000,57602.215
5412.000,57602.215
5413.000,57602.215
5414.000,57602.215
5415.000,57602.215
5416.000,57602.215
5417.000,57602.215
5418.000,57602.215
5419.000,57602.215
5420.000,57602.215
5421.000,57681.339
5422.000,57681.339
5423.000,57602.215
5424.000,57602.215
5425.000,57602.215
5426.000,57602.215
5427.000,57602.215
5428.000,57602.215
5429.000,57602.215
5430.000,57681.339
5431.000,57602.215
5432.000,57602.215
5433.000,57602.215
5434.000,57602.215
5435.000,57602.215
5436.000,57602.215
5437.000,57602.215
5438.000,57681.339
5439.000,57602.215
5440.000,57602.215
5441.000,57602.215
5442.000,57602.215
5443.000,57602.215
5444.000,57602.215
5445.000,57602.215
5446.000,57602.215
5447.000,57602.215
5448.000,57602.215
5449.000,57602.215
5450.000,57602.215
5451.000,57602.215
5452.000,57602.215
5453.000,57602.215
5454.000,57602.215
5455.000,57681.339
5456.000,57602.215
5457.000,57602.215
5458.000,57602.215
5459.000,57602.215
5460.000,57602.215
5461.000,57602.215
5462.000,57602.215
5463.000,57681.339
5464.000,57602.215
5465.000,57602.215
5466.000,57602.215
5467.000,57602.215
5468.000,57602.215
5469.000,57602.215
5470.000,57602.215
5471.000,57681.339
5472.000,57681.339
5473.000,57602.215
5474.000,57602.215
5475.000,57602.215
5476.000,57602.215
5477.000,57602.215
5478.000,57602.215
5479.000,57681.339
5480.000,57681.339
5481.000,57681.339
5482.000,57602.215
5483.000,57602.215
5484.000,57602.215
5485.000,57602.215
5486.000,57602.215
5487.000,57602.215
5488.000,57681.339
5489.000,57681.339
5490.000,57602.215
5491.000,57602.215
5492.000,57602.215
5493.000,57602.215
5494.000,57602.215
5495.000,57602.215
5496.000,57602.215
5497.000,57681.339
5498.000,57602.215
5499.000,57602.215
5500.000,57602.215
5501.000,57602.215
5502.000,57602.215
5503.000,57602.215
5504.000,57602.215
5505.000,57602.215
5506.000,57602.215
5507.000,57602.215
5508.000,57602.215
5509.000,57602.215
5510.000,57602.215
5511.000,57602.215
5512.000,57602.215
5513.000,57602.215
5514.000,57602.215
5515.000,57602.215
5516.000,57602.215
5517.000,57602.215
5518.000,57602.215
5519.000,57602.215
5520.000,57602.215
5521.000,57602.215
5522.000,57602.215
5523.000,57602.215
5524.000,57602.215
5525.000,57602.215
5526.000,57602.215
5527.000,57602.215
5528.000,57602.215
5529.000,57602.215
5530.000,57681.339
5531.000,57602.215
5532.000,57602.215
5533.000,57602.215
5534.000,57602.215
5535.000,57602.215
5536.000,57602.215
5537.000,57602.215
5538.000,57681.339
5539.000,57681.339
5540.000,57602.215
5541.000,57602.215
5542.000,57602.215
5543.000,57602.215
5544.000,57602.215
5545.000,57602.215
5546.000,57602.215
5547.000,57681.339
5548.000,57602.215
5549.000,57602.215
5550.000,57602.215
5551.000,57602.215
5552.000,57602.215
5553.000,57602.215
5554.000,57602.215
5555.000,57681.339
5556.000,57681.339
5557.000,57602.215
5558.000,57602.215
5559.000,57602.215
5560.000,57602.215
5561.000,57602.215
5562.000,57602.215
5563.000,57602.215
5564.000,57681.339
5565.000,57602.215
5566.000,57602.215
5567.000,57602.215
5568.000,57602.215
5569.000,57602.215
5570.000,57602.215
5571.000,57602.215
5572.000,57602.215
5573.000,57602.215
5574.000,57602.215
5575.000,57602.215
5576.000,57602.215
5577.000,57602.215
5578.000,57602.215
5579.000,57602.215
5580.000,57602.215
5581.000,57602.215
5582.000,57602.215
5583.000,57602.215
5584.000,57602.215
5585.000,57602.215
5586.000,57602.215
5587.000,57602.215
5588.000,57681.339
5589.000,57602.215
5590.000,57602.215
5591.000,57602.215
5592.000,57602.215
5593.000,57602.215
5594.000,57602.215
5595.000,57602.215
5596.000,57602.215
5597.000,57681.339
5598.000,57602.215
5599.000,57602.215
5600.000,57602.215
5601.000,57602.215
5602.000,57602.215
5603.000,57602.215
5604.000,57602.215
5605.000,57681.339
5606.000,57681.339
5607.000,57602.215
5608.000,57602.215
5609.000,57602.215
5610.000,57602.215
5611.000,57602.215
5612.000,57602.215
5613.000,57602.215
5614.000,57681.339
5615.000,57602.215
5616.000,57602.215
5617.000,57602.215
5618.000,57602.215
5619.000,57602.215
5620.000,57602.215
5621.000,57602.215
5622.000,57681.339
5623.000,57602.215
5624.000,57602.215
5625.000,57602.215
5626.000,57602.215
5627.000,57602.215
5628.000,57602.215
5629.000,57602.215
5630.000,57602.215
5631.000,57602.215
5632.000,57602.215
5633.000,57602.215
5634.000,57602.215
5635.000,57602.215
5636.000,57602.215
5637.000,57602.215
5638.000,57602.215
5639.000,57602.215
5640.000,57602.215
5641.000,57602.215
5642.000,57602.215
5643.000,57602.215
5644.000,57602.215
5645.000,57602.215
5646.000,57602.215
5647.000,57602.215
5648.000,57602.215
5649.000,57602.215
5650.000,57602.215
5651.000,57602.215
5652.000,57602.215
5653.000,57602.215
5654.000,57602.215
5655.000,57602.215
5656.000,57602.215
5657.000,57602.215
5658.000,57602.215
5659.000,57602.215
5660.000,57602.215
5661.000,57602.215
5662.000,57602.215
5663.000,57602.215
5664.000,57602.215
5665.000,57602.215
5666.000,57602.215
5667.000,57602.215
5668.000,57602.215
5669.000,57602.215
5670.000,57602.215
5671.000,57602.215
5672.000,57602.215
5673.000,57602.215
5674.000,57602.215
5675.000,57602.215
5676.000,57602.215
5677.000,57602.215
5678.000,57602.215
5679.000,57602.215
5680.000,57681.339
5681.000,57602.215
5682.000,57602.215
5683.000,57602.215
5684.000,57602.215
5685.000,57602.215
5686.000,57602.215
5687.000,57602.215
5688.000,57681.339
5689.000,57681.339
5690.000,57602.215
5691.000,57602.215
5692.000,57602.215
5693.000,57602.215
5694.000,57602.215
5695.000,57602.215
5696.000,57602.215
5697.000,57681.339
5698.000,57602.215
5699.000,57602.215
5700.000,57602.215
5701.000,57602.215
5702.000,57602.215
5703.000,57602.215
5704.000,57602.215
5705.000,57681.339
5706.000,57602.215
5707.000,57602.215
5708.000,57602.215
5709.000,57602.215
5710.000,57602.215
5711.000,57602.215
5712.000,57602.215
5713.000,57681.339
5714.000,57681.339
5715.000,57602.215
5716.000,57602.215
5717.000,57602.215
5718.000,57602.215
5719.000,57602.215
5720.000,57602.215
5721.000,57602.215
5722.000,57681.339
5723.000,57602.215
5724.000,57602.215
5725.000,57602.215
5726.000,57602.215
5727.000,57602.215
5728.000,57602.215
5729.000,57602.215
5730.000,57681.339
5731.000,57681.339
5732.000,57602.215
5733.000,57602.215
5734.000,57602.215
5735.000,57602.215
5736.000,57602.215
5737.000,57602.215
5738.000,57602.215
5739.000,57602.215
5740.000,57602.215
5741.000,57602.215
5742.000,57602.215
5743.000,57602.215
5744.000,57602.215
5745.000,57602.215
5746.000,57602.215
5747.000,57602.215
5748.000,57602.215
5749.000,57602.215
5750.000,57602.215
5751.000,57602.215
5752.000,57602.215
5753.000,57602.215
5754.000,57602.215
5755.000,57602.215
5756.000,57602.215
5757.000,57602.215
5758.000,57602.215
5759.000,57602.215
5760.000,57602.215
5761.000,57602.215
5762.000,57602.215
5763.000,57602.215
5764.000,57602.215
5765.000,57602.215
5766.000,57602.215
5767.000,57602.215
5768.000,57602.215
5769.000,57602.215
5770.000,57602.215
5771.000,57602.215
5772.000,57681.339
5773.000,57602.215
5774.000,57602.215
5775.000,57602.215
5776.000,57602.215
5777.000,57602.215
5778.000,57602.215
5779.000,57602.215
5780.000,57681.339
5781.000,57602.215
5782.000,57602.215
5783.000,57602.215
5784.000,57602.215
5785.000,57602.215
5786.000,57602.215
5787.000,57602.215
5788.000,57681.339
5789.000,57681.339
5790.000,57602.215
5791.000,57602.215
5792.000,57602.215
5793.000,57602.215
5794.000,57602.215
5795.000,57602.215
5796.000,57602.215
5797.000,57681.339
5798.000,57602.215
5799.000,57602.215
5800.000,57602.215
5801.000,57602.215
5802.000,57602.215
5803.000,57602.215
5804.000,57602.215
5805.000,57681.339
5806.000,57681.339
5807.000,57602.215
5808.000,57602.215
5809.000,57602.215
5810.000,57602.215
5811.000,57602.215
5812.000,57602.215
5813.000,57602.215
5814.000,57681.339
5815.000,57602.215
5816.000,57602.215
5817.000,57602.215
5818.000,57602.215
5819.000,57602.215
5820.000,57602.215
5821.000,57602.215
5822.000,57681.339
5823.000,57602.215
5824.000,57602.215
5825.000,57602.215
5826.000,57602.215
5827.000,57602.215
5828.000,57602.215
5829.000,57602.215
5830.000,57681.339
5831.000,57681.339
5832.000,57602.215
5833.000,57602.215
5834.000,57602.215
5835.000,57602.215
5836.000,57602.215
5837.000,57602.215
5838.000,57681.339
5839.000,57681.339
5840.000,57602.215
5841.000,57602.215
5842.000,57602.215
5843.000,57602.215
5844.000,57602.215
5845.000,57602.215
5846.000,57602.215
5847.000,57681.339
5848.000,57602.215
5849.000,57602.215
5850.000,57602.215
5851.000,57602.215
5852.000,57602.215
5853.000,57602.215
5854.000,57602.215
5855.000,57602.215
5856.000,57602.215
5857.000,57602.215
5858.000,57602.215
5859.000,57602.215
5860.000,57602.215
5861.000,57602.215
5862.000,57602.215
5863.000,57602.215
5864.000,57602.215
5865.000,57602.215
5866.000,57602.215
5867.000,57602.215
5868.000,57602.215
5869.000,57602.215
5870.000,57602.215
5871.000,57602.215
5872.000,57602.215
5873.000,57602.215
5874.000,57602.215
5875.000,57602.215
5876.000,57602.215
5877.000,57602.215
5878.000,57602.215
5879.000,57602.215
5880.000,57681.339
5881.000,57681.339
5882.000,57602.215
5883.000,57602.215
5884.000,57602.215
5885.000,57602.215
5886.000,57602.215
5887.000,57602.215
5888.000,57681.339
5889.000,57602.215
5890.000,57602.215
5891.000,57602.215
5892.000,57602.215
5893.000,57602.215
5894.000,57602.215
5895.000,57602.215
5896.000,57602.215
5897.000,57602.215
5898.000,57602.215
5899.000,57602.215
5900.000,57602.215
5901.000,57602.215
5902.000,57602.215
5903.000,57681.339
5904.000,57681.339
5905.000,57681.339
5906.000,57602.215
5907.000,57602.215
5908.000,57602.215
5909.000,57602.215
5910.000,57602.215
5911.000,57681.339
5912.000,57681.339
5913.000,57681.339
5914.000,57681.339
5915.000,57602.215
5916.000,57523.091
5917.000,57523.091
5918.000,57523.091
5919.000,57602.215
5920.000,57681.339
5921.000,57681.339
5922.000,57681.339
5923.000,57681.339
5924.000,57602.215
5925.000,57523.091
5926.000,57523.091
5927.000,57523.091
5928.000,57602.215
5929.000,57681.339
5930.000,57681.339
5931.000,57760.463
5932.000,57681.339
5933.000,57602.215
5934.000,57602.215
5935.000,57523.091
5936.000,57523.091
5937.000,57602.215
5938.000,57602.215
5939.000,57681.339
5940.000,57681.339
5941.000,57681.339
5942.000,57681.339
5943.000,57602.215
5944.000,57602.215
5945.000,57523.091
5946.000,57602.215
5947.000,57602.215
5948.000,57602.215
5949.000,57681.339
5950.000,57681.339
5951.000,57681.339
5952.000,57602.215
5953.000,57602.215
5954.000,57602.215
5955.000,57602.215
5956.000,57602.215
5957.000,57602.215
5958.000,57602.215
5959.000,57602.215
5960.000,57681.339
5961.000,57681.339
5962.000,57681.339
5963.000,57602.215
5964.000,57602.215
5965.000,57602.215
5966.000,57602.215
5967.000,57602.215
5968.000,57602.215
5969.000,57602.215
5970.000,57681.339
5971.000,57681.339
5972.000,57681.339
5973.000,57602.215
5974.000,57602.215
5975.000,57523.091
5976.000,57523.091
5977.000,57602.215
5978.000,57602.215
5979.000,57681.339
5980.000,57681.339
5981.000,57681.339
5982.000,57602.215
5983.000,57602.215
5984.000,57602.215
5985.000,57602.215
5986.000,57602.215
5987.000,57602.215
5988.000,57681.339
5989.000,57681.339
5990.000,57681.339
5991.000,57602.215
5992.000,57602.215
5993.000,57602.215
5994.000,57602.215
5995.000,57602.215
5996.000,57602.215
5997.000,57681.339
5998.000,57681.339
5999.000,57602.215
6000.000,57602.215
6001.000,57602.215
6002.000,57602.215
6003.000,57602.215
6004.000,57602.215
6005.000,57602.215
6006.000,57602.215
6007.000,57602.215
6008.000,57602.215
6009.000,57602.215
6010.000,57602.215
6011.000,57602.215
6012.000,57602.215
6013.000,57602.215
6014.000,57602.215
6015.000,57602.215
6016.000,57602.215
6017.000,57602.215
6018.000,57602.215
6019.000,57602.215
6020.000,57602.215
6021.000,57681.339
6022.000,57681.339
6023.000,57602.215
6024.000,57602.215
6025.000,57602.215
6026.000,57602.215
6027.000,57602.215
6028.000,57602.215
6029.000,57681.339
6030.000,57681.339
6031.000,57681.339
6032.000,57602.215
6033.000,57602.215
6034.000,57602.215
6035.000,57602.215
6036.000,57602.215
6037.000,57602.215
6038.000,57681.339
6039.000,57681.339
6040.000,57681.339
6041.000,57602.215
6042.000,57602.215
6043.000,57602.215
6044.000,57602.215
6045.000,57602.215
6046.000,57602.215
6047.000,57681.339
6048.000,57681.339
6049.000,57602.215
6050.000,57602.215
6051.000,57602.215
6052.000,57602.215
6053.000,57602.215
6054.000,57602.215
6055.000,57602.215
6056.000,57602.215
6057.000,57602.215
6058.000,57602.215
6059.000,57602.215
6060.000,57602.215
6061.000,57602.215
6062.000,57602.215
6063.000,57602.215
6064.000,57602.215
6065.000,57602.215
6066.000,57602.215
6067.000,57602.215
6068.000,57602.215
6069.000,57602.215
6070.000,57602.215
6071.000,57602.215
6072.000,57602.215
6073.000,57602.215
6074.000,57602.215
6075.000,57602.215
6076.000,57602.215
6077.000,57602.215
6078.000,57602.215
6079.000,57681.339
6080.000,57681.339
6081.000,57681.339
6082.000,57602.215
6083.000,57602.215
6084.000,57602.215
6085.000,57602.215
6086.000,57602.215
6087.000,57602.215
6088.000,57681.339
6089.000,57681.339
6090.000,57602.215
6091.000,57602.215
6092.000,57602.215
6093.000,57602.215
6094.000,57602.215
6095.000,57602.215
6096.000,57681.339
6097.000,57681.339
6098.000,57681.339
6099.000,57602.215
6100.000,57602.215
6101.000,57602.215
6102.000,57602.215
6103.000,57602.215
6104.000,57602.215
6105.000,57681.339
6106.000,57681.339
6107.000,57602.215
6108.000,57602.215
6109.000,57602.215
6110.000,57602.215
6111.000,57602.215
6112.000,57602.215
6113.000,57602.215
6114.000,57602.215
6115.000,57602.215
6116.000,57602.215
6117.000,57602.215
6118.000,57602.215
6119.000,57602.215
6120.000,57602.215
6121.000,57602.215
6122.000,57602.215
6123.000,57602.215
6124.000,57602.215
6125.000,57602.215
6126.000,57602.215
6127.000,57602.215
6128.000,57602.215
6129.000,57602.215
6130.000,57681.339
6131.000,57681.339
6132.000,57602.215
6133.000,57602.215
6134.000,57602.215
6135.000,57602.215
6136.000,57602.215
6137.000,57602.215
6138.000,57681.339
6139.000,57681.339
6140.000,57602.215
6141.000,57602.215
6142.000,57602.215
6143.000,57602.215
6144.000,57602.215
6145.000,57602.215
6146.000,57602.215
6147.000,57681.339
6148.000,57681.339
6149.000,57602.215
6150.000,57602.215
6151.000,57602.215
6152.000,57602.215
6153.000,57602.215
6154.000,57602.215
6155.000,57681.339
6156.000,57681.339
6157.000,57602.215
6158.000,57602.215
6159.000,57602.215
6160.000,57602.215
6161.000,57602.215
6162.000,57602.215
6163.000,57602.215
6164.000,57602.215
6165.000,57602.215
6166.000,57602.215
6167.000,57602.215
6168.000,57602.215
6169.000,57602.215
6170.000,57602.215
6171.000,57602.215
6172.000,57602.215
6173.000,57602.215
6174.000,57602.215
6175.000,57602.215
6176.000,57602.215
6177.000,57602.215
6178.000,57602.215
6179.000,57602.215
6180.000,57681.339
6181.000,57602.215
6182.000,57602.215
6183.000,57602.215
6184.000,57602.215
6185.000,57602.215
6186.000,57602.215
6187.000,57681.339
6188.000,57681.339
6189.000,57681.339
6190.000,57602.215
6191.000,57602.215
6192.000,57602.215
6193.000,57602.215
6194.000,57602.215
6195.000,57681.339
6196.000,57681.339
6197.000,57681.339
6198.000,57681.339
6199.000,57602.215
6200.000,57602.215
6201.000,57602.215
6202.000,57602.215
6203.000,57602.215
6204.000,57681.339
6205.000,57681.339
6206.000,57681.339
6207.000,57602.215
6208.000,57602.215
6209.000,57602.215
6210.000,57602.215
6211.000,57602.215
6212.000,57602.215
6213.000,57681.339
6214.000,57681.339
6215.000,57681.339
6216.000,57602.215
6217.000,57602.215
6218.000,57602.215
6219.000,57602.215
6220.000,57602.215
6221.000,57602.215
6222.000,57681.339
6223.000,57681.339
6224.000,57602.215
6225.000,57602.215
6226.000,57602.215
6227.000,57602.215
6228.000,57602.215
6229.000,57602.215
6230.000,57602.215
6231.000,57602.215
6232.000,57602.215
6233.000,57602.215
6234.000,57602.215
6235.000,57602.215
6236.000,57602.215
6237.000,57602.215
6238.000,57602.215
6239.000,57602.215
6240.000,57602.215
6241.000,57602.215
6242.000,57602.215
6243.000,57602.215
6244.000,57602.215
6245.000,57602.215
6246.000,57681.339
6247.000,57602.215
6248.000,57602.215
6249.000,57602.215
6250.000,57602.215
6251.000,57602.215
6252.000,57602.215
6253.000,57602.215
6254.000,57681.339
6255.000,57681.339
6256.000,57602.215
6257.000,57602.215
6258.000,57602.215
6259.000,57602.215
6260.000,57602.215
6261.000,57602.215
6262.000,57681.339
6263.000,57681.339
6264.000,57681.339
6265.000,57602.215
6266.000,57602.215
6267.000,57602.215
6268.000,57602.215
6269.000,57602.215
6270.000,57602.215
6271.000,57681.339
6272.000,57681.339
6273.000,57681.339
6274.000,57602.215
6275.000,57602.215
6276.000,57602.215
6277.000,57602.215
6278.000,57602.215
6279.000,57602.215
6280.000,57681.339
6281.000,57681.339
6282.000,57602.215
6283.000,57602.215
6284.000,57602.215
6285.000,57602.215
6286.000,57602.215
6287.000,57602.215
6288.000,57602.215
6289.000,57681.339
6290.000,57602.215
6291.000,57602.215
6292.000,57602.215
6293.000,57602.215
6294.000,57602.215
6295.000,57602.215
6296.000,57602.215
6297.000,57602.215
6298.000,57602.215
6299.000,57602.215
6300.000,57602.215
6301.000,57602.215
6302.000,57602.215
6303.000,57602.215
6304.000,57602.215
6305.000,57681.339
6306.000,57602.215
6307.000,57602.215
6308.000,57602.215
6309.000,57602.215
6310.000,57602.215
6311.000,57602.215
6312.000,57602.215
6313.000,57681.339
6314.000,57681.339
6315.000,57602.215
6316.000,57602.215
6317.000,57602.215
6318.000,57602.215
6319.000,57602.215
6320.000,57602.215
6321.000,57681.339
6322.000,57681.339
6323.000,57602.215
6324.000,57602.215
6325.000,57602.215
6326.000,57602.215
6327.000,57602.215
6328.000,57602.215
6329.000,57602.215
6330.000,57681.339
6331.000,57681.339
6332.000,57602.215
6333.000,57602.215
6334.000,57602.215
6335.000,57602.215
6336.000,57602.215
6337.000,57602.215
6338.000,57681.339
6339.000,57681.339
6340.000,57602.215
6341.000,57602.215
6342.000,57602.215
6343.000,57602.215
6344.000,57602.215
6345.000,57602.215
6346.000,57602.215
6347.000,57681.339
6348.000,57602.215
6349.000,57602.215
6350.000,57602.215
6351.000,57602.215
6352.000,57602.215
6353.000,57602.215
6354.000,57602.215
6355.000,57602.215
6356.000,57602.215
6357.000,57602.215
6358.000,57602.215
6359.000,57602.215
6360.000,57602.215
6361.000,57602.215
6362.000,57602.215
6363.000,57681.339
6364.000,57602.215
6365.000,57602.215
6366.000,57602.215
6367.000,57602.215
6368.000,57602.215
6369.000,57602.215
6370.000,57602.215
6371.000,57681.339
6372.000,57681.339
6373.000,57602.215
6374.000,57602.215
6375.000,57602.215
6376.000,57602.215
6377.000,57602.215
6378.000,57602.215
6379.000,57681.339
6380.000,57681.339
6381.000,57681.339
6382.000,57602.215
6383.000,57602.215
6384.000,57602.215
6385.000,57602.215
6386.000,57602.215
6387.000,57602.215
6388.000,57681.339
6389.000,57681.339
6390.000,57602.215
6391.000,57602.215
6392.000,57602.215
6393.000,57602.215
6394.000,57602.215
6395.000,57602.215
6396.000,57681.339
6397.000,57681.339
6398.000,57681.339
6399.000,57602.215
6400.000,57602.215
6401.000,57602.215
6402.000,57602.215
6403.000,57602.215
6404.000,57602.215
6405.000,57681.339
6406.000,57681.339
6407.000,57602.215
6408.000,57602.215
6409.000,57602.215
6410.000,57602.215
6411.000,57602.215
6412.000,57602.215
6413.000,57602.215
6414.000,57681.339
6415.000,57602.215
6416.000,57602.215
6417.000,57602.215
6418.000,57602.215
6419.000,57602.215
6420.000,57602.215
6421.000,57602.215
6422.000,57602.215
6423.000,57602.215
6424.000,57602.215
6425.000,57602.215
6426.000,57602.215
6427.000,57602.215
6428.000,57602.215
6429.000,57602.215
6430.000,57602.215
6431.000,57602.215
6432.000,57602.215
6433.000,57602.215
6434.000,57602.215
6435.000,57602.215
6436.000,57602.215
6437.000,57602.215
6438.000,57602.215
6439.000,57602.215
6440.000,57602.215
6441.000,57602.215
6442.000,57602.215
6443.000,57602.215
6444.000,57602.215
6445.000,57602.215
6446.000,57681.339
6447.000,57681.339
6448.000,57602.215
6449.000,57602.215
6450.000,57602.215
6451.000,57602.215
6452.000,57602.215
6453.000,57602.215
6454.000,57681.339
6455.000,57681.339
6456.000,57681.339
6457.000,57602.215
6458.000,57602.215
6459.000,57602.215
6460.000,57602.215
6461.000,57602.215
6462.000,57602.215
6463.000,57681.339
6464.000,57681.339
6465.000,57602.215
6466.000,57602.215
6467.000,57602.215
6468.000,57602.215
6469.000,57602.215
6470.000,57602.215
6471.000,57602.215
6472.000,57681.339
6473.000,57602.215
6474.000,57602.215
6475.000,57602.215
6476.000,57602.215
6477.000,57602.215
6478.000,57602.215
6479.000,57602.215
6480.000,57681.339
6481.000,57681.339
6482.000,57602.215
6483.000,57602.215
6484.000,57602.215
6485.000,57602.215
6486.000,57602.215
6487.000,57602.215
6488.000,57602.215
6489.000,57681.339
6490.000,57602.215
6491.000,57602.215
6492.000,57602.215
6493.000,57602.215
6494.000,57602.215
6495.000,57602.215
6496.000,57602.215
6497.000,57681.339
6498.000,57602.215
6499.000,57602.215
6500.000,57602.215
6501.000,57602.215
6502.000,57602.215
6503.000,57602.215
6504.000,57602.215
6505.000,57681.339
6506.000,57681.339
6507.000,57602.215
6508.000,57602.215
6509.000,57602.215
6510.000,57602.215
6511.000,57602.215
6512.000,57602.215
6513.000,57602.215
6514.000,57602.215
6515.000,57602.215
6516.000,57602.215
6517.000,57602.215
6518.000,57602.215
6519.000,57602.215
6520.000,57602.215
6521.000,57602.215
6522.000,57602.215
6523.000,57602.215
6524.000,57602.215
6525.000,57602.215
6526.000,57602.215
6527.000,57602.215
6528.000,57602.215
6529.000,57602.215
6530.000,57602.215
6531.000,57602.215
6532.000,57602.215
6533.000,57602.215
6534.000,57602.215
6535.000,57602.215
6536.000,57602.215
6537.000,57602.215
6538.000,57602.215
6539.000,57602.215
6540.000,57602.215
6541.000,57602.215
6542.000,57602.215
6543.000,57602.215
6544.000,57602.215
6545.000,57602.215
6546.000,57602.215
6547.000,57681.339
6548.000,57602.215
6549.000,57602.215
6550.000,57602.215
6551.000,57602.215
6552.000,57602.215
6553.000,57602.215
6554.000,57602.215
6555.000,57681.339
6556.000,57681.339
6557.000,57602.215
6558.000,57602.215
6559.000,57602.215
6560.000,57602.215
6561.000,57602.215
6562.000,57602.215
6563.000,57681.339
6564.000,57681.339
6565.000,57602.215
6566.000,57602.215
6567.000,57602.215
6568.000,57602.215
6569.000,57602.215
6570.000,57602.215
6571.000,57602.215
6572.000,57681.339
6573.000,57602.215
6574.000,57602.215
6575.000,57602.215
6576.000,57602.215
6577.000,57602.215
6578.000,57602.215
6579.000,57602.215
6580.000,57602.215
6581.000,57602.215
6582.000,57602.215
6583.000,57602.215
6584.000,57602.215
6585.000,57602.215
6586.000,57602.215
6587.000,57602.215
6588.000,57602.215
6589.000,57602.215
6590.000,57602.215
6591.000,57602.215
6592.000,57602.215
6593.000,57602.215
6594.000,57602.215
6595.000,57602.215
6596.000,57602.215
6597.000,57602.215
6598.000,57602.215
6599.000,57602.215
6600.000,57602.215
6601.000,57602.215
6602.000,57602.215
6603.000,57602.215
6604.000,57602.215
6605.000,57602.215
6606.000,57602.215
6607.000,57602.215
6608.000,57602.215
6609.000,57602.215
6610.000,57602.215
6611.000,57602.215
6612.000,57602.215
6613.000,57602.215
6614.000,57602.215
6615.000,57602.215
6616.000,57602.215
6617.000,57602.215
6618.000,57602.215
6619.000,57602.215
6620.000,57602.215
6621.000,57602.215
6622.000,57602.215
6623.000,57602.215
6624.000,57602.215
6625.000,57602.215
6626.000,57602.215
6627.000,57602.215
6628.000,57602.215
6629.000,57602.215
6630.000,57602.215
6631.000,57602.215
6632.000,57602.215
6633.000,57602.215
6634.000,57602.215
6635.000,57602.215
6636.000,57602.215
6637.000,57602.215
6638.000,57602.215
6639.000,57602.215
6640.000,57602.215
6641.000,57602.215
6642.000,57602.215
6643.000,57602.215
6644.000,57602.215
6645.000,57602.215
6646.000,57602.215
6647.000,57681.339
6648.000,57602.215
6649.000,57602.215
6650.000,57602.215
6651.000,57602.215
6652.000,57602.215
6653.000,57602.215
6654.000,57602.215
6655.000,57681.339
6656.000,57681.339
6657.000,57602.215
6658.000,57602.215
6659.000,57602.215
6660.000,57602.215
6661.000,57602.215
6662.000,57602.215
6663.000,57681.339
6664.000,57681.339
6665.000,57602.215
6666.000,57602.215
6667.000,57602.215
6668.000,57602.215
6669.000,57602.215
6670.000,57602.215
6671.000,57602.215
6672.000,57681.339
6673.000,57602.215
6674.000,57602.215
6675.000,57602.215
6676.000,57602.215
6677.000,57602.215
6678.000,57602.215
6679.000,57602.215
6680.000,57602.215
6681.000,57602.215
6682.000,57602.215
6683.000,57602.215
6684.000,57602.215
6685.000,57602.215
6686.000,57602.215
6687.000,57602.215
6688.000,57602.215
6689.000,57602.215
6690.000,57602.215
6691.000,57602.215
6692.000,57602.215
6693.000,57602.215
6694.000,57602.215
6695.000,57602.215
6696.000,57602.215
6697.000,57602.215
6698.000,57602.215
6699.000,57602.215
6700.000,57602.215
6701.000,57602.215
6702.000,57602.215
6703.000,57602.215
6704.000,57602.215
6705.000,57681.339
6706.000,57602.215
6707.000,57602.215
6708.000,57602.215
6709.000,57602.215
6710.000,57602.215
6711.000,57602.215
6712.000,57602.215
6713.000,57681.339
6714.000,57602.215
6715.000,57602.215
6716.000,57602.215
6717.000,57602.215
6718.000,57602.215
6719.000,57602.215
6720.000,57602.215
6721.000,57681.339
6722.000,57681.339
6723.000,57602.215
6724.000,57602.215
6725.000,57602.215
6726.000,57602.215
6727.000,57602.215
6728.000,57602.215
6729.000,57602.215
6730.000,57681.339
6731.000,57602.215
6732.000,57602.215
6733.000,57602.215
6734.000,57602.215
6735.000,57602.215
6736.000,57602.215
6737.000,57602.215
6738.000,57681.339
6739.000,57681.339
6740.000,57602.215
6741.000,57602.215
6742.000,57602.215
6743.000,57602.215
6744.000,57602.215
6745.000,57602.215
6746.000,57602.215
6747.000,57681.339
6748.000,57602.215
6749.000,57602.215
6750.000,57602.215
6751.000,57602.215
6752.000,57602.215
6753.000,57602.215
6754.000,57602.215
6755.000,57681.339
6756.000,57681.339
6757.000,57602.215
6758.000,57602.215
6759.000,57602.215
6760.000,57602.215
6761.000,57602.215
6762.000,57602.215
6763.000,57681.339
6764.000,57681.339
6765.000,57602.215
6766.000,57602.215
6767.000,57602.215
6768.000,57602.215
6769.000,57602.215
6770.000,57602.215
6771.000,57602.215
6772.000,57681.339
6773.000,57602.215
6774.000,57602.215
6775.000,57602.215
6776.000,57602.215
6777.000,57602.215
6778.000,57602.215
6779.000,57602.215
6780.000,57602.215
6781.000,57602.215
6782.000,57602.215
6783.000,57602.215
6784.000,57602.215
6785.000,57602.215
6786.000,57602.215
6787.000,57602.215
6788.000,57602.215
6789.000,57602.215
6790.000,57602.215
6791.000,57602.215
6792.000,57602.215
6793.000,57602.215
6794.000,57602.215
6795.000,57602.215
6796.000,57602.215
6797.000,57602.215
6798.000,57602.215
6799.000,57602.215
6800.000,57602.215
6801.000,57602.215
6802.000,57602.215
6803.000,57602.215
6804.000,57602.215
6805.000,57681.339
6806.000,57681.339
6807.000,57602.215
6808.000,57602.215
6809.000,57602.215
6810.000,57602.215
6811.000,57602.215
6812.000,57602.215
6813.000,57681.339
6814.000,57681.339
6815.000,57681.339
6816.000,57602.215
6817.000,57602.215
6818.000,57602.215
6819.000,57602.215
6820.000,57602.215
6821.000,57602.215
6822.000,57681.339
6823.000,57602.215
6824.000,57602.215
6825.000,57602.215
6826.000,57602.215
6827.000,57602.215
6828.000,57602.215
6829.000,57602.215
6830.000,57602.215
6831.000,57602.215
6832.000,57602.215
6833.000,57602.215
6834.000,57602.215
6835.000,57602.215
6836.000,57602.215
6837.000,57602.215
6838.000,57602.215
6839.000,57602.215
6840.000,57602.215
6841.000,57602.215
6842.000,57602.215
6843.000,57602.215
6844.000,57602.215
6845.000,57602.215
6846.000,57681.339
6847.000,57681.339
6848.000,57602.215
6849.000,57602.215
6850.000,57602.215
6851.000,57602.215
6852.000,57602.215
6853.000,57602.215
6854.000,57681.339
6855.000,57681.339
6856.000,57681.339
6857.000,57602.215
6858.000,57602.215
6859.000,57602.215
6860.000,57602.215
6861.000,57602.215
6862.000,57681.339
6863.000,57681.339
6864.000,57681.339
6865.000,57681.339
6866.000,57602.215
6867.000,57602.215
6868.000,57523.091
6869.000,57602.215
6870.000,57602.215
6871.000,57681.339
6872.000,57681.339
6873.000,57681.339
6874.000,57681.339
6875.000,57602.215
6876.000,57602.215
6877.000,57602.215
6878.000,57602.215
6879.000,57602.215
6880.000,57602.215
6881.000,57681.339
6882.000,57681.339
6883.000,57681.339
6884.000,57602.215
6885.000,57602.215
6886.000,57602.215
6887.000,57602.215
6888.000,57602.215
6889.000,57602.215
6890.000,57602.215
6891.000,57681.339
6892.000,57602.215
6893.000,57602.215
6894.000,57602.215
6895.000,57602.215
6896.000,57602.215
6897.000,57602.215
6898.000,57602.215
6899.000,57602.215
6900.000,57602.215
6901.000,57602.215
6902.000,57602.215
6903.000,57602.215
6904.000,57602.215
6905.000,57602.215
6906.000,57602.215
6907.000,57602.215
6908.000,57602.215
6909.000,57602.215
6910.000,57602.215
6911.000,57681.339
6912.000,57681.339
6913.000,57681.339
6914.000,57602.215
6915.000,57602.215
6916.000,57602.215
6917.000,57602.215
6918.000,57602.215
6919.000,57602.215
6920.000,57681.339
6921.000,57681.339
6922.000,57681.339
6923.000,57602.215
6924.000,57602.215
6925.000,57602.215
6926.000,57523.091
6927.000,57602.215
6928.000,57602.215
6929.000,57681.339
6930.000,57681.339
6931.000,57681.339
6932.000,57602.215
6933.000,57602.215
6934.000,57602.215
6935.000,57523.091
6936.000,57602.215
6937.000,57602.215
6938.000,57681.339
6939.000,57681.339
6940.000,57681.339
6941.000,57602.215
6942.000,57602.215
6943.000,57602.215
6944.000,57602.215
6945.000,57602.215
6946.000,57602.215
6947.000,57681.339
6948.000,57681.339
6949.000,57681.339
6950.000,57602.215
6951.000,57602.215
6952.000,57602.215
6953.000,57602.215
6954.000,57602.215
6955.000,57602.215
6956.000,57602.215
6957.000,57602.215
6958.000,57602.215
6959.000,57602.215
6960.000,57602.215
6961.000,57602.215
6962.000,57602.215
6963.000,57602.215
6964.000,57602.215
6965.000,57602.215
6966.000,57602.215
6967.000,57602.215
6968.000,57602.215
6969.000,57602.215
6970.000,57602.215
6971.000,57602.215
6972.000,57602.215
6973.000,57602.215
6974.000,57602.215
6975.000,57602.215
6976.000,57602.215
6977.000,57602.215
6978.000,57602.215
6979.000,57602.215
6980.000,57681.339
6981.000,57681.339
6982.000,57602.215
6983.000,57602.215
6984.000,57602.215
6985.000,57602.215
6986.000,57602.215
6987.000,57602.215
6988.000,57602.215
6989.000,57681.339
6990.000,57602.215
6991.000,57602.215
6992.000,57602.215
6993.000,57602.215
6994.000,57602.215
6995.000,57602.215
6996.000,57602.215
6997.000,57602.215
6998.000,57602.215
6999.000,57602.215
7000.000,57602.215
7001.000,57602.215
7002.000,57602.215
7003.000,57602.215
7004.000,57602.215
7005.000,57602.215
7006.000,57602.215
7007.000,57602.215
7008.000,57602.215
7009.000,57602.215
7010.000,57602.215
7011.000,57602.215
7012.000,57602.215
7013.000,57602.215
7014.000,57602.215
7015.000,57602.215
7016.000,57602.215
7017.000,57602.215
7018.000,57602.215
7019.000,57602.215
7020.000,57602.215
7021.000,57602.215
7022.000,57681.339
7023.000,57602.215
7024.000,57602.215
7025.000,57602.215
7026.000,57602.215
7027.000,57602.215
7028.000,57602.215
7029.000,57602.215
7030.000,57681.339
7031.000,57681.339
7032.000,57602.215
7033.000,57602.215
7034.000,57602.215
7035.000,57602.215
7036.000,57602.215
7037.000,57602.215
7038.000,57681.339
7039.000,57681.339
7040.000,57602.215
7041.000,57602.215
7042.000,57602.215
7043.000,57602.215
7044.000,57602.215
7045.000,57602.215
7046.000,57602.215
7047.000,57681.339
7048.000,57602.215
7049.000,57602.215
7050.000,57602.215
7051.000,57602.215
7052.000,57602.215
7053.000,57602.215
7054.000,57602.215
7055.000,57602.215
7056.000,57602.215
7057.000,57602.215
7058.000,57602.215
7059.000,57602.215
7060.000,57602.215
7061.000,57602.215
7062.000,57602.215
7063.000,57602.215
7064.000,57602.215
7065.000,57602.215
7066.000,57602.215
7067.000,57602.215
7068.000,57602.215
7069.000,57602.215
7070.000,57602.215
7071.000,57602.215
7072.000,57602.215
7073.000,57602.215
7074.000,57602.215
7075.000,57602.215
7076.000,57602.215
7077.000,57602.215
7078.000,57602.215
7079.000,57602.215
7080.000,57681.339
7081.000,57602.215
7082.000,57602.215
7083.000,57602.215
7084.000,57602.215
7085.000,57602.215
7086.000,57602.215
7087.000,57602.215
7088.000,57602.215
7089.000,57681.339
7090.000,57602.215
7091.000,57602.215
7092.000,57602.215
7093.000,57602.215
7094.000,57602.215
7095.000,57602.215
7096.000,57602.215
7097.000,57681.339
7098.000,57602.215
7099.000,57602.215
7100.000,57602.215
7101.000,57602.215
7102.000,57602.215
7103.000,57602.215
7104.000,57602.215
7105.000,57681.339
7106.000,57602.215
7107.000,57602.215
7108.000,57602.215
7109.000,57602.215
7110.000,57602.215
7111.000,57602.215
7112.000,57602.215
7113.000,57602.215
7114.000,57681.339
7115.000,57602.215
7116.000,57602.215
7117.000,57602.215
7118.000,57602.215
7119.000,57602.215
7120.000,57602.215
7121.000,57602.215
7122.000,57602.215
7123.000,57602.215
7124.000,57602.215
7125.000,57602.215
7126.000,57602.215
7127.000,57602.215
7128.000,57602.215
7129.000,57602.215
7130.000,57681.339
7131.000,57602.215
7132.000,57602.215
7133.000,57602.215
7134.000,57602.215
7135.000,57602.215
7136.000,57602.215
7137.000,57602.215
7138.000,57602.215
7139.000,57602.215
7140.000,57602.215
7141.000,57602.215
7142.000,57602.215
7143.000,57602.215
7144.000,57602.215
7145.000,57602.215
7146.000,57602.215
7147.000,57681.339
7148.000,57602.215
7149.000,57602.215
7150.000,57602.215
7151.000,57602.215
7152.000,57602.215
7153.000,57602.215
7154.000,57602.215
7155.000,57602.215
7156.000,57602.215
7157.000,57602.215
7158.000,57602.215
7159.000,57602.215
7160.000,57602.215
7161.000,57602.215
7162.000,57602.215
7163.000,57681.339
7164.000,57681.339
7165.000,57602.215
7166.000,57602.215
7167.000,57602.215
7168.000,57602.215
7169.000,57602.215
7170.000,57602.215
7171.000,57681.339
7172.000,57681.339
7173.000,57602.215
7174.000,57602.215
7175.000,57602.215
7176.000,57602.215
7177.000,57602.215
7178.000,57602.215
7179.000,57602.215
7180.000,57681.339
7181.000,57681.339
7182.000,57602.215
7183.000,57602.215
7184.000,57602.215
7185.000,57602.215
7186.000,57602.215
7187.000,57602.215
7188.000,57681.339
7189.000,57681.339
7190.000,57602.215
7191.000,57602.215
7192.000,57602.215
7193.000,57602.215
7194.000,57602.215
7195.000,57602.215
7196.000,57602.215
7197.000,57681.339
7198.000,57602.215
7199.000,57602.215
7200.000,57602.215
7201.000,57602.215
7202.000,57602.215
7203.000,57602.215
7204.000,57602.215
7205.000,57681.339
7206.000,57602.215
7207.000,57602.215
7208.000,57602.215
7209.000,57602.215
7210.000,57602.215
7211.000,57602.215
7212.000,57602.215
7213.000,57681.339
7214.000,57681.339
7215.000,57602.215
7216.000,57602.215
7217.000,57602.215
7218.000,57602.215
7219.000,57602.215
7220.000,57602.215
7221.000,57681.339
7222.000,57681.339
7223.000,57681.339
7224.000,57602.215
7225.000,57602.215
7226.000,57602.215
7227.000,57602.215
7228.000,57602.215
7229.000,57602.215
7230.000,57681.339
7231.000,57681.339
7232.000,57602.215
7233.000,57602.215
7234.000,57602.215
7235.000,57602.215
7236.000,57602.215
7237.000,57602.215
7238.000,57681.339
7239.000,57681.339
7240.000,57602.215
7241.000,57602.215
7242.000,57602.215
7243.000,57602.215
7244.000,57602.215
7245.000,57602.215
7246.000,57602.215
7247.000,57681.339
7248.000,57681.339
7249.000,57602.215
7250.000,57602.215
7251.000,57602.215
7252.000,57602.215
7253.000,57602.215
7254.000,57602.215
7255.000,57681.339
7256.000,57681.339
7257.000,57602.215
7258.000,57602.215
7259.000,57602.215
7260.000,57602.215
7261.000,57602.215
7262.000,57602.215
7263.000,57602.215
7264.000,57681.339
7265.000,57602.215
7266.000,57602.215
7267.000,57602.215
7268.000,57602.215
7269.000,57602.215
7270.000,57602.215
7271.000,57602.215
7272.000,57681.339
7273.000,57602.215
7274.000,57602.215
7275.000,57602.215
7276.000,57602.215
7277.000,57602.215
7278.000,57602.215
7279.000,57602.215
7280.000,57681.339
7281.000,57681.339
7282.000,57602.215
7283.000,57602.215
7284.000,57602.215
7285.000,57602.215
7286.000,57602.215
7287.000,57602.215
7288.000,57681.339
7289.000,57681.339
7290.000,57602.215
7291.000,57602.215
7292.000,57602.215
7293.000,57602.215
7294.000,57602.215
7295.000,57602.215
7296.000,57681.339
7297.000,57681.339
7298.000,57602.215
7299.000,57602.215
7300.000,57602.215
7301.000,57602.215
7302.000,57602.215
7303.000,57602.215
7304.000,57602.215
7305.000,57681.339
7306.000,57681.339
7307.000,57602.215
7308.000,57602.215
7309.000,57602.215
7310.000,57602.215
7311.000,57602.215
7312.000,57602.215
7313.000,57681.339
7314.000,57681.339
7315.000,57602.215
7316.000,57602.215
7317.000,57602.215
7318.000,57602.215
7319.000,57602.215
7320.000,57602.215
7321.000,57681.339
7322.000,57681.339
7323.000,57681.339
7324.000,57602.215
7325.000,57602.215
7326.000,57602.215
7327.000,57602.215
7328.000,57602.215
7329.000,57602.215
7330.000,57681.339
7331.000,57681.339
7332.000,57602.215
7333.000,57602.215
7334.000,57602.215
7335.000,57602.215
7336.000,57602.215
7337.000,57602.215
7338.000,57681.339
7339.000,57681.339
7340.000,57602.215
7341.000,57602.215
7342.000,57602.215
7343.000,57602.215
7344.000,57602.215
7345.000,57602.215
7346.000,57602.215
7347.000,57681.339
7348.000,57681.339
7349.000,57602.215
7350.000,57602.215
7351.000,57602.215
7352.000,57602.215
7353.000,57602.215
7354.000,57602.215
7355.000,57681.339
7356.000,57681.339
7357.000,57602.215
7358.000,57602.215
7359.000,57602.215
7360.000,57602.215
7361.000,57602.215
7362.000,57602.215
7363.000,57602.215
7364.000,57681.339
7365.000,57602.215
7366.000,57602.215
7367.000,57602.215
7368.000,57602.215
7369.000,57602.215
7370.000,57602.215
7371.000,57602.215
7372.000,57681.339
7373.000,57681.339
7374.000,57602.215
7375.000,57602.215
7376.000,57602.215
7377.000,57602.215
7378.000,57602.215
7379.000,57602.215
7380.000,57681.339
7381.000,57681.339
7382.000,57602.215
7383.000,57602.215
7384.000,57602.215
7385.000,57602.215
7386.000,57602.215
7387.000,57602.215
7388.000,57602.215
7389.000,57681.339
7390.000,57602.215
7391.000,57602.215
7392.000,57602.215
7393.000,57602.215
7394.000,57602.215
7395.000,57602.215
7396.000,57602.215
7397.000,57681.339
7398.000,57602.215
7399.000,57602.215
7400.000,57602.215
7401.000,57602.215
7402.000,57602.215
7403.000,57602.215
7404.000,57602.215
7405.000,57681.339
7406.000,57602.215
7407.000,57602.215
7408.000,57602.215
7409.000,57602.215
7410.000,57602.215
7411.000,57602.215
7412.000,57602.215
7413.000,57681.339
7414.000,57681.339
7415.000,57602.215
7416.000,57602.215
7417.000,57602.215
7418.000,57602.215
7419.000,57602.215
7420.000,57602.215
7421.000,57681.339
7422.000,57681.339
7423.000,57681.339
7424.000,57602.215
7425.000,57602.215
7426.000,57602.215
7427.000,57602.215
7428.000,57602.215
7429.000,57602.215
7430.000,57681.339
7431.000,57681.339
7432.000,57602.215
7433.000,57602.215
7434.000,57602.215
7435.000,57602.215
7436.000,57602.215
7437.000,57602.215
7438.000,57681.339
7439.000,57681.339
7440.000,57681.339
7441.000,57602.215
7442.000,57602.215
7443.000,57602.215
7444.000,57602.215
7445.000,57602.215
7446.000,57602.215
7447.000,57681.339
7448.000,57602.215
7449.000,57602.215
7450.000,57602.215
7451.000,57602.215
7452.000,57602.215
7453.000,57602.215
7454.000,57602.215
7455.000,57681.339
7456.000,57681.339
7457.000,57602.215
7458.000,57602.215
7459.000,57602.215
7460.000,57602.215
7461.000,57602.215
7462.000,57602.215
7463.000,57602.215
7464.000,57681.339
7465.000,57602.215
7466.000,57602.215
7467.000,57602.215
7468.000,57602.215
7469.000,57602.215
7470.000,57602.215
7471.000,57602.215
7472.000,57681.339
7473.000,57681.339
7474.000,57602.215
7475.000,57602.215
7476.000,57602.215
7477.000,57602.215
7478.000,57602.215
7479.000,57602.215
7480.000,57602.215
7481.000,57681.339
7482.000,57602.215
7483.000,57602.215
7484.000,57602.215
7485.000,57602.215
7486.000,57602.215
7487.000,57602.215
7488.000,57602.215
7489.000,57602.215
7490.000,57602.215
7491.000,57602.215
7492.000,57602.215
7493.000,57602.215
7494.000,57602.215
7495.000,57602.215
7496.000,57602.215
7497.000,57602.215
7498.000,57602.215
7499.000,57602.215
7500.000,57602.215
7501.000,57602.215
7502.000,57602.215
7503.000,57602.215
7504.000,57602.215
7505.000,57681.339
7506.000,57602.215
7507.000,57602.215
7508.000,57602.215
7509.000,57602.215
7510.000,57602.215
7511.000,57602.215
7512.000,57602.215
7513.000,57681.339
7514.000,57681.339
7515.000,57602.215
7516.000,57602.215
7517.000,57602.215
7518.000,57602.215
7519.000,57602.215
7520.000,57602.215
7521.000,57602.215
7522.000,57681.339
7523.000,57681.339
7524.000,57602.215
7525.000,57602.215
7526.000,57602.215
7527.000,57602.215
7528.000,57602.215
7529.000,57602.215
7530.000,57681.339
7531.000,57681.339
7532.000,57602.215
7533.000,57602.215
7534.000,57602.215
7535.000,57602.215
7536.000,57602.215
7537.000,57602.215
7538.000,57602.215
7539.000,57681.339
7540.000,57602.215
7541.000,57602.215
7542.000,57602.215
7543.000,57602.215
7544.000,57602.215
7545.000,57602.215
7546.000,57602.215
7547.000,57602.215
7548.000,57602.215
7549.000,57602.215
7550.000,57602.215
7551.000,57602.215
7552.000,57602.215
7553.000,57602.215
7554.000,57602.215
7555.000,57602.215
7556.000,57602.215
7557.000,57602.215
7558.000,57602.215
7559.000,57602.215
7560.000,57602.215
7561.000,57602.215
7562.000,57602.215
7563.000,57602.215
7564.000,57602.215
7565.000,57602.215
7566.000,57602.215
7567.000,57602.215
7568.000,57602.215
7569.000,57602.215
7570.000,57602.215
7571.000,57681.339
7572.000,57681.339
7573.000,57602.215
7574.000,57602.215
7575.000,57602.215
7576.000,57602.215
7577.000,57602.215
7578.000,57602.215
7579.000,57602.215
7580.000,57681.339
7581.000,57681.339
7582.000,57602.215
7583.000,57602.215
7584.000,57602.215
7585.000,57602.215
7586.000,57602.215
7587.000,57602.215
7588.000,57681.339
7589.000,57681.339
7590.000,57602.215
7591.000,57602.215
7592.000,57602.215
7593.000,57602.215
7594.000,57602.215
7595.000,57602.215
7596.000,57602.215
7597.000,57681.339
7598.000,57602.215
7599.000,57602.215
7600.000,57602.215
7601.000,57602.215
7602.000,57602.215
7603.000,57602.215
7604.000,57602.215
7605.000,57681.339
7606.000,57681.339
7607.000,57602.215
7608.000,57602.215
7609.000,57602.215
7610.000,57602.215
7611.000,57602.215
7612.000,57602.215
7613.000,57602.215
7614.000,57681.339
7615.000,57602.215
7616.000,57602.215
7617.000,57602.215
7618.000,57602.215
7619.000,57602.215
7620.000,57602.215
7621.000,57681.339
7622.000,57681.339
7623.000,57602.215
7624.000,57602.215
7625.000,57602.215
7626.000,57602.215
7627.000,57602.215
7628.000,57602.215
7629.000,57602.215
7630.000,57681.339
7631.000,57681.339
7632.000,57602.215
7633.000,57602.215
7634.000,57602.215
7635.000,57602.215
7636.000,57602.215
7637.000,57602.215
7638.000,57681.339
7639.000,57681.339
7640.000,57602.215
7641.000,57602.215
7642.000,57602.215
7643.000,57602.215
7644.000,57602.215
7645.000,57602.215
7646.000,57602.215
7647.000,57681.339
7648.000,57602.215
7649.000,57602.215
7650.000,57602.215
7651.000,57602.215
7652.000,57602.215
7653.000,57602.215
7654.000,57602.215
7655.000,57681.339
7656.000,57602.215
7657.000,57602.215
7658.000,57602.215
7659.000,57602.215
7660.000,57602.215
7661.000,57602.215
7662.000,57602.215
7663.000,57602.215
7664.000,57602.215
7665.000,57602.215
7666.000,57602.215
7667.000,57602.215
7668.000,57602.215
7669.000,57602.215
7670.000,57602.215
7671.000,57681.339
7672.000,57681.339
7673.000,57602.215
7674.000,57602.215
7675.000,57602.215
7676.000,57602.215
7677.000,57602.215
7678.000,57602.215
7679.000,57681.339
7680.000,57681.339
7681.000,57681.339
7682.000,57602.215
7683.000,57602.215
7684.000,57602.215
7685.000,57602.215
7686.000,57602.215
7687.000,57602.215
7688.000,57681.339
7689.000,57681.339
7690.000,57602.215
7691.000,57602.215
7692.000,57602.215
7693.000,57602.215
7694.000,57602.215
7695.000,57602.215
7696.000,57681.339
7697.000,57681.339
7698.000,57681.339
7699.000,57602.215
7700.000,57602.215
7701.000,57602.215
7702.000,57602.215
7703.000,57602.215
7704.000,57602.215
7705.000,57681.339
7706.000,57681.339
7707.000,57602.215
7708.000,57602.215
7709.000,57602.215
7710.000,57602.215
7711.000,57602.215
7712.000,57602.215
7713.000,57681.339
7714.000,57681.339
7715.000,57602.215
7716.000,57602.215
7717.000,57602.215
7718.000,57602.215
7719.000,57602.215
7720.000,57602.215
7721.000,57602.215
7722.000,57681.339
7723.000,57681.339
7724.000,57602.215
7725.000,57602.215
7726.000,57602.215
7727.000,57602.215
7728.000,57602.215
7729.000,57602.215
7730.000,57602.215
7731.000,57681.339
7732.000,57602.215
7733.000,57602.215
7734.000,57602.215
7735.000,57602.215
7736.000,57602.215
7737.000,57602.215
7738.000,57602.215
7739.000,57602.215
7740.000,57602.215
7741.000,57602.215
7742.000,57602.215
7743.000,57602.215
7744.000,57602.215
7745.000,57602.215
7746.000,57602.215
7747.000,57602.215
7748.000,57602.215
7749.000,57602.215
7750.000,57602.215
7751.000,57602.215
7752.000,57602.215
7753.000,57602.215
7754.000,57681.339
7755.000,57681.339
7756.000,57602.215
7757.000,57602.215
7758.000,57602.215
7759.000,57602.215
7760.000,57602.215
7761.000,57602.215
7762.000,57602.215
7763.000,57681.339
7764.000,57681.339
7765.000,57602.215
7766.000,57602.215
7767.000,57602.215
7768.000,57602.215
7769.000,57602.215
7770.000,57602.215
7771.000,57681.339
7772.000,57681.339
7773.000,57681.339
7774.000,57602.215
7775.000,57602.215
7776.000,57602.215
7777.000,57602.215
7778.000,57602.215
7779.000,57602.215
7780.000,57681.339
7781.000,57681.339
7782.000,57602.215
7783.000,57602.215
7784.000,57602.215
7785.000,57602.215
7786.000,57602.215
7787.000,57602.215
7788.000,57602.215
7789.000,57602.215
7790.000,57602.215
7791.000,57602.215
7792.000,57602.215
7793.000,57602.215
7794.000,57602.215
7795.000,57602.215
7796.000,57602.215
7797.000,57602.215
7798.000,57602.215
7799.000,57602.215
7800.000,57602.215
7801.000,57602.215
7802.000,57602.215
7803.000,57602.215
7804.000,57681.339
7805.000,57681.339
7806.000,57602.215
7807.000,57602.215
7808.000,57602.215
7809.000,57602.215
7810.000,57602.215
7811.000,57602.215
7812.000,57602.215
7813.000,57681.339
7814.000,57681.339
7815.000,57602.215
7816.000,57602.215
7817.000,57602.215
7818.000,57602.215
7819.000,57602.215
7820.000,57602.215
7821.000,57681.339
7822.000,57681.339
7823.000,57681.339
7824.000,57602.215
7825.000,57602.215
7826.000,57602.215
7827.000,57602.215
7828.000,57602.215
7829.000,57602.215
7830.000,57681.339
7831.000,57681.339
7832.000,57602.215
7833.000,57602.215
7834.000,57602.215
7835.000,57602.215
7836.000,57602.215
7837.000,57602.215
7838.000,57602.215
7839.000,57681.339
7840.000,57602.215
7841.000,57602.215
7842.000,57602.215
7843.000,57602.215
7844.000,57602.215
7845.000,57602.215
7846.000,57602.215
7847.000,57602.215
7848.000,57602.215
7849.000,57602.215
7850.000,57602.215
7851.000,57602.215
7852.000,57602.215
7853.000,57602.215
7854.000,57602.215
7855.000,57602.215
7856.000,57602.215
7857.000,57602.215
7858.000,57602.215
7859.000,57602.215
7860.000,57602.215
7861.000,57602.215
7862.000,57602.215
7863.000,57602.215
7864.000,57602.215
7865.000,57602.215
7866.000,57602.215
7867.000,57602.215
7868.000,57602.215
7869.000,57602.215
7870.000,57602.215
7871.000,57602.215
7872.000,57681.339
7873.000,57602.215
7874.000,57602.215
7875.000,57602.215
7876.000,57602.215
7877.000,57602.215
7878.000,57602.215
7879.000,57602.215
7880.000,57681.339
7881.000,57681.339
7882.000,57602.215
7883.000,57602.215
7884.000,57602.215
7885.000,57602.215
7886.000,57602.215
7887.000,57602.215
7888.000,57602.215
7889.000,57681.339
7890.000,57602.215
7891.000,57602.215
7892.000,57602.215
7893.000,57602.215
7894.000,57602.215
7895.000,57602.215
7896.000,57602.215
7897.000,57681.339
7898.000,57602.215
7899.000,57602.215
7900.000,57602.215
7901.000,57602.215
7902.000,57602.215
7903.000,57602.215
7904.000,57602.215
7905.000,57602.215
7906.000,57602.215
7907.000,57602.215
7908.000,57602.215
7909.000,57602.215
7910.000,57602.215
7911.000,57602.215
7912.000,57602.215
7913.000,57602.215
7914.000,57602.215
7915.000,57602.215
7916.000,57602.215
7917.000,57602.215
7918.000,57602.215
7919.000,57602.215
7920.000,57602.215
7921.000,57602.215
7922.000,57602.215
7923.000,57602.215
7924.000,57602.215
7925.000,57602.215
7926.000,57602.215
7927.000,57602.215
7928.000,57602.215
7929.000,57602.215
7930.000,57681.339
7931.000,57602.215
7932.000,57602.215
7933.000,57602.215
7934.000,57602.215
7935.000,57602.215
7936.000,57602.215
7937.000,57602.215
7938.000,57681.339
7939.000,57681.339
7940.000,57602.215
7941.000,57602.215
7942.000,57602.215
7943.000,57602.215
7944.000,57602.215
7945.000,57602.215
7946.000,57602.215
7947.000,57681.339
7948.000,57681.339
7949.000,57602.215
7950.000,57602.215
7951.000,57602.215
7952.000,57602.215
7953.000,57602.215
7954.000,57602.215
7955.000,57681.339
7956.000,57681.339
7957.000,57602.215
7958.000,57602.215
7959.000,57602.215
7960.000,57602.215
7961.000,57602.215
7962.000,57602.215
7963.000,57602.215
7964.000,57602.215
7965.000,57602.215
7966.000,57602.215
7967.000,57602.215
7968.000,57602.215
7969.000,57602.215
7970.000,57602.215
7971.000,57602.215
7972.000,57602.215
7973.000,57602.215
7974.000,57602.215
7975.000,57602.215
7976.000,57602.215
7977.000,57602.215
7978.000,57602.215
7979.000,57602.215
7980.000,57602.215
7981.000,57602.215
7982.000,57602.215
7983.000,57602.215
7984.000,57602.215
7985.000,57602.215
7986.000,57602.215
7987.000,57602.215
7988.000,57602.215
7989.000,57602.215
7990.000,57602.215
7991.000,57602.215
7992.000,57602.215
7993.000,57602.215
7994.000,57602.215
7995.000,57602.215
7996.000,57602.215
7997.000,57602.215
7998.000,57602.215
7999.000,57602.215
8000.000,57602.215
8001.000,57602.215
8002.000,57602.215
8003.000,57602.215
8004.000,57602.215
8005.000,57681.339
8006.000,57602.215
8007.000,57602.215
8008.000,57602.215
8009.000,57602.215
8010.000,57602.215
8011.000,57602.215
8012.000,57602.215
8013.000,57602.215
8014.000,57681.339
8015.000,57602.215
8016.000,57602.215
8017.000,57602.215
8018.000,57602.215
8019.000,57602.215
8020.000,57602.215
8021.000,57602.215
8022.000,57602.215
8023.000,57602.215
8024.000,57602.215
8025.000,57602.215
8026.000,57602.215
8027.000,57602.215
8028.000,57602.215
8029.000,57602.215
8030.000,57602.215
8031.000,57602.215
8032.000,57602.215
8033.000,57602.215
8034.000,57602.215
8035.000,57602.215
8036.000,57602.215
8037.000,57602.215
8038.000,57602.215
8039.000,57602.215
8040.000,57602.215
8041.000,57602.215
8042.000,57602.215
8043.000,57602.215
8044.000,57602.215
8045.000,57602.215
8046.000,57602.215
8047.000,57681.339
8048.000,57602.215
8049.000,57602.215
8050.000,57602.215
8051.000,57602.215
8052.000,57602.215
8053.000,57602.215
8054.000,57602.215
8055.000,57681.339
8056.000,57602.215
8057.000,57602.215
8058.000,57602.215
8059.000,57602.215
8060.000,57602.215
8061.000,57602.215
8062.000,57602.215
8063.000,57681.339
8064.000,57681.339
8065.000,57602.215
8066.000,57602.215
8067.000,57602.215
8068.000,57602.215
8069.000,57602.215
8070.000,57602.215
8071.000,57602.215
8072.000,57602.215
8073.000,57602.215
8074.000,57602.215
8075.000,57602.215
8076.000,57602.215
8077.000,57602.215
8078.000,57602.215
8079.000,57602.215
8080.000,57681.339
8081.000,57602.215
8082.000,57602.215
8083.000,57602.215
8084.000,57602.215
8085.000,57602.215
8086.000,57602.215
8087.000,57602.215
8088.000,57681.339
8089.000,57681.339
8090.000,57602.215
8091.000,57602.215
8092.000,57602.215
8093.000,57602.215
8094.000,57602.215
8095.000,57602.215
8096.000,57681.339
8097.000,57681.339
8098.000,57602.215
8099.000,57602.215
8100.000,57602.215
8101.000,57602.215
8102.000,57602.215
8103.000,57602.215
8104.000,57602.215
8105.000,57681.339
8106.000,57681.339
8107.000,57602.215
8108.000,57602.215
8109.000,57602.215
8110.000,57602.215
8111.000,57602.215
8112.000,57602.215
8113.000,57681.339
8114.000,57681.339
8115.000,57602.215
8116.000,57602.215
8117.000,57602.215
8118.000,57602.215
8119.000,57602.215
8120.000,57602.215
8121.000,57602.215
8122.000,57681.339
8123.000,57602.215
8124.000,57602.215
8125.000,57602.215
8126.000,57602.215
8127.000,57602.215
8128.000,57602.215
8129.000,57602.215
8130.000,57602.215
8131.000,57602.215
8132.000,57602.215
8133.000,57602.215
8134.000,57602.215
8135.000,57602.215
8136.000,57602.215
8137.000,57602.215
8138.000,57602.215
8139.000,57602.215
8140.000,57602.215
8141.000,57602.215
8142.000,57602.215
8143.000,57602.215
8144.000,57602.215
8145.000,57602.215
8146.000,57602.215
8147.000,57681.339
8148.000,57602.215
8149.000,57602.215
8150.000,57602.215
8151.000,57602.215
8152.000,57602.215
8153.000,57602.215
8154.000,57602.215
8155.000,57681.339
8156.000,57602.215
8157.000,57602.215
8158.000,57602.215
8159.000,57602.215
8160.000,57602.215
8161.000,57602.215
8162.000,57602.215
8163.000,57681.339
8164.000,57681.339
8165.000,57602.215
8166.000,57602.215
8167.000,57602.215
8168.000,57602.215
8169.000,57602.215
8170.000,57602.215
8171.000,57602.215
8172.000,57681.339
8173.000,57602.215
8174.000,57602.215
8175.000,57602.215
8176.000,57602.215
8177.000,57602.215
8178.000,57602.215
8179.000,57602.215
8180.000,57602.215
8181.000,57602.215
8182.000,57602.215
8183.000,57602.215
8184.000,57602.215
8185.000,57602.215
8186.000,57602.215
8187.000,57602.215
8188.000,57681.339
8189.000,57681.339
8190.000,57602.215
8191.000,57602.215
8192.000,57602.215
8193.000,57602.215
8194.000,57602.215
8195.000,57602.215
8196.000,57681.339
8197.000,57681.339
8198.000,57681.339
8199.000,57602.215
8200.000,57602.215
8201.000,57602.215
8202.000,57602.215
8203.000,57602.215
8204.000,57602.215
8205.000,57681.339
8206.000,57681.339
8207.000,57602.215
8208.000,57602.215
8209.000,57602.215
8210.000,57602.215
8211.000,57602.215
8212.000,57602.215
8213.000,57681.339
8214.000,57681.339
8215.000,57602.215
8216.000,57602.215
8217.000,57602.215
8218.000,57602.215
8219.000,57602.215
8220.000,57602.215
8221.000,57602.215
8222.000,57681.339
8223.000,57602.215
8224.000,57602.215
8225.000,57602.215
8226.000,57602.215
8227.000,57602.215
8228.000,57602.215
8229.000,57602.215
8230.000,57602.215
8231.000,57602.215
8232.000,57602.215
8233.000,57602.215
8234.000,57602.215
8235.000,57602.215
8236.000,57602.215
8237.000,57602.215
8238.000,57602.215
8239.000,57681.339
8240.000,57602.215
8241.000,57602.215
8242.000,57602.215
8243.000,57602.215
8244.000,57602.215
8245.000,57602.215
8246.000,57602.215
8247.000,57681.339
8248.000,57602.215
8249.000,57602.215
8250.000,57602.215
8251.000,57602.215
8252.000,57602.215
8253.000,57602.215
8254.000,57602.215
8255.000,57681.339
8256.000,57681.339
8257.000,57602.215
8258.000,57602.215
8259.000,57602.215
8260.000,57602.215
8261.000,57602.215
8262.000,57602.215
8263.000,57681.339
8264.000,57681.339
8265.000,57602.215
8266.000,57602.215
8267.000,57602.215
8268.000,57602.215
8269.000,57602.215
8270.000,57602.215
8271.000,57602.215
8272.000,57602.215
8273.000,57602.215
8274.000,57602.215
8275.000,57602.215
8276.000,57602.215
8277.000,57602.215
8278.000,57602.215
8279.000,57602.215
8280.000,57602.215
8281.000,57602.215
8282.000,57602.215
8283.000,57602.215
8284.000,57602.215
8285.000,57602.215
8286.000,57602.215
8287.000,57602.215
8288.000,57602.215
8289.000,57681.339
8290.000,57602.215
8291.000,57602.215
8292.000,57602.215
8293.000,57602.215
8294.000,57602.215
8295.000,57602.215
8296.000,57602.215
8297.000,57681.339
8298.000,57602.215
8299.000,57602.215
8300.000,57602.215
8301.000,57602.215
8302.000,57602.215
8303.000,57602.215
8304.000,57602.215
8305.000,57681.339
8306.000,57681.339
8307.000,57602.215
8308.000,57602.215
8309.000,57602.215
8310.000,57602.215
8311.000,57602.215
8312.000,57602.215
8313.000,57602.215
8314.000,57681.339
8315.000,57602.215
8316.000,57602.215
8317.000,57602.215
8318.000,57602.215
8319.000,57602.215
8320.000,57602.215
8321.000,57602.215
8322.000,57602.215
8323.000,57602.215
8324.000,57602.215
8325.000,57602.215
8326.000,57602.215
8327.000,57602.215
8328.000,57602.215
8329.000,57602.215
8330.000,57602.215
8331.000,57602.215
8332.000,57602.215
8333.000,57602.215
8334.000,57602.215
8335.000,57602.215
8336.000,57602.215
8337.000,57602.215
8338.000,57602.215
8339.000,57602.215
8340.000,57602.215
8341.000,57602.215
8342.000,57602.215
8343.000,57602.215
8344.000,57602.215
8345.000,57602.215
8346.000,57602.215
8347.000,57681.339
8348.000,57602.215
8349.000,57602.215
8350.000,57602.215
8351.000,57602.215
8352.000,57602.215
8353.000,57602.215
8354.000,57602.215
8355.000,57681.339
8356.000,57681.339
8357.000,57602.215
8358.000,57602.215
8359.000,57602.215
8360.000,57602.215
8361.000,57602.215
8362.000,57602.215
8363.000,57681.339
8364.000,57681.339
8365.000,57602.215
8366.000,57602.215
8367.000,57602.215
8368.000,57602.215
8369.000,57602.215
8370.000,57602.215
8371.000,57602.215
8372.000,57681.339
8373.000,57681.339
8374.000,57602.215
8375.000,57602.215
8376.000,57602.215
8377.000,57602.215
8378.000,57602.215
8379.000,57602.215
8380.000,57602.215
8381.000,57602.215
8382.000,57602.215
8383.000,57602.215
8384.000,57602.215
8385.000,57602.215
8386.000,57602.215
8387.000,57602.215
8388.000,57602.215
8389.000,57602.215
8390.000,57602.215
8391.000,57602.215
8392.000,57602.215
8393.000,57602.215
8394.000,57602.215
8395.000,57602.215
8396.000,57602.215
8397.000,57602.215
8398.000,57602.215
8399.000,57602.215
8400.000,57602.215
8401.000,57602.215
8402.000,57602.215
8403.000,57602.215
8404.000,57602.215
8405.000,57602.215
8406.000,57602.215
8407.000,57602.215
8408.000,57602.215
8409.000,57602.215
8410.000,57602.215
8411.000,57602.215
8412.000,57602.215
8413.000,57681.339
8414.000,57681.339
8415.000,57602.215
8416.000,57602.215
8417.000,57602.215
8418.000,57602.215
8419.000,57602.215
8420.000,57602.215
8421.000,57602.215
8422.000,57681.339
8423.000,57602.215
8424.000,57602.215
8425.000,57602.215
8426.000,57602.215
8427.000,57602.215
8428.000,57602.215
8429.000,57602.215
8430.000,57602.215
8431.000,57602.215
8432.000,57602.215
8433.000,57602.215
8434.000,57602.215
8435.000,57602.215
8436.000,57602.215
8437.000,57602.215
8438.000,57602.215
8439.000,57602.215
8440.000,57602.215
8441.000,57602.215
8442.000,57602.215
8443.000,57602.215
8444.000,57602.215
8445.000,57602.215
8446.000,57602.215
8447.000,57602.215
8448.000,57602.215
8449.000,57602.215
8450.000,57602.215
8451.000,57602.215
8452.000,57602.215
8453.000,57602.215
8454.000,57602.215
8455.000,57681.339
8456.000,57602.215
8457.000,57602.215
8458.000,57602.215
8459.000,57602.215
8460.000,57602.215
8461.000,57602.215
8462.000,57602.215
8463.000,57681.339
8464.000,57681.339
8465.000,57602.215
8466.000,57602.215
8467.000,57602.215
8468.000,57602.215
8469.000,57602.215
8470.000,57602.215
8471.000,57602.215
8472.000,57681.339
8473.000,57602.215
8474.000,57602.215
8475.000,57602.215
8476.000,57602.215
8477.000,57602.215
8478.000,57602.215
8479.000,57602.215
8480.000,57681.339
8481.000,57602.215
8482.000,57602.215
8483.000,57602.215
8484.000,57602.215
8485.000,57602.215
8486.000,57602.215
8487.000,57602.215
8488.000,57602.215
8489.000,57602.215
8490.000,57602.215
8491.000,57602.215
8492.000,57602.215
8493.000,57602.215
8494.000,57602.215
8495.000,57602.215
8496.000,57602.215
8497.000,57602.215
8498.000,57602.215
8499.000,57602.215
8500.000,57602.215
8501.000,57602.215
8502.000,57602.215
8503.000,57602.215
8504.000,57602.215
8505.000,57602.215
8506.000,57602.215
8507.000,57602.215
8508.000,57602.215
8509.000,57602.215
8510.000,57602.215
8511.000,57602.215
8512.000,57602.215
8513.000,57681.339
8514.000,57681.339
8515.000,57602.215
8516.000,57602.215
8517.000,57602.215
8518.000,57602.215
8519.000,57602.215
8520.000,57602.215
8521.000,57681.339
8522.000,57681.339
8523.000,57602.215
8524.000,57602.215
8525.000,57602.215
8526.000,57602.215
8527.000,57602.215
8528.000,57602.215
8529.000,57602.215
8530.000,57681.339
8531.000,57681.339
8532.000,57602.215
8533.000,57602.215
8534.000,57602.215
8535.000,57602.215
8536.000,57602.215
8537.000,57602.215
8538.000,57602.215
8539.000,57681.339
8540.000,57602.215
8541.000,57602.215
8542.000,57602.215
8543.000,57602.215
8544.000,57602.215
8545.000,57602.215
8546.000,57602.215
8547.000,57602.215
8548.000,57602.215
8549.000,57602.215
8550.000,57602.215
8551.000,57602.215
8552.000,57602.215
8553.000,57602.215
8554.000,57602.215
8555.000,57602.215
8556.000,57681.339
8557.000,57602.215
8558.000,57602.215
8559.000,57602.215
8560.000,57602.215
8561.000,57602.215
8562.000,57602.215
8563.000,57681.339
8564.000,57681.339
8565.000,57602.215
8566.000,57602.215
8567.000,57602.215
8568.000,57602.215
8569.000,57602.215
8570.000,57602.215
8571.000,57681.339
8572.000,57681.339
8573.000,57602.215
8574.000,57602.215
8575.000,57602.215
8576.000,57602.215
8577.000,57602.215
8578.000,57602.215
8579.000,57602.215
8580.000,57681.339
8581.000,57602.215
8582.000,57602.215
8583.000,57602.215
8584.000,57602.215
8585.000,57602.215
8586.000,57602.215
8587.000,57602.215
8588.000,57602.215
8589.000,57681.339
8590.000,57602.215
8591.000,57602.215
8592.000,57602.215
8593.000,57602.215
8594.000,57602.215
8595.000,57602.215
8596.000,57602.215
8597.000,57602.215
8598.000,57602.215
8599.000,57602.215
8600.000,57602.215
8601.000,57602.215
8602.000,57602.215
8603.000,57602.215
8604.000,57602.215
8605.000,57602.215
8606.000,57602.215
8607.000,57602.215
8608.000,57602.215
8609.000,57602.215
8610.000,57602.215
8611.000,57602.215
8612.000,57602.215
8613.000,57681.339
8614.000,57681.339
8615.000,57602.215
8616.000,57602.215
8617.000,57602.215
8618.000,57602.215
8619.000,57602.215
8620.000,57602.215
8621.000,57602.215
8622.000,57681.339
8623.000,57602.215
8624.000,57602.215
8625.000,57602.215
8626.000,57602.215
8627.000,57602.215
8628.000,57602.215
8629.000,57602.215
8630.000,57681.339
8631.000,57602.215
8632.000,57602.215
8633.000,57602.215
8634.000,57602.215
8635.000,57602.215
8636.000,57602.215
8637.000,57602.215
8638.000,57681.339
8639.000,57681.339
8640.000,57602.215
8641.000,57602.215
8642.000,57602.215
8643.000,57602.215
8644.000,57602.215
8645.000,57602.215
8646.000,57602.215
8647.000,57681.339
8648.000,57602.215
8649.000,57602.215
8650.000,57602.215
8651.000,57602.215
8652.000,57602.215
8653.000,57602.215
8654.000,57602.215
8655.000,57681.339
8656.000,57681.339
8657.000,57602.215
8658.000,57602.215
8659.000,57602.215
8660.000,57602.215
8661.000,57602.215
8662.000,57602.215
8663.000,57681.339
8664.000,57681.339
8665.000,57681.339
8666.000,57602.215
8667.000,57602.215
8668.000,57602.215
8669.000,57602.215
8670.000,57602.215
8671.000,57602.215
8672.000,57681.339
8673.000,57681.339
8674.000,57602.215
8675.000,57602.215
8676.000,57602.215
8677.000,57602.215
8678.000,57602.215
8679.000,57602.215
8680.000,57681.339
8681.000,57681.339
8682.000,57602.215
8683.000,57602.215
8684.000,57602.215
8685.000,57602.215
8686.000,57602.215
8687.000,57602.215
8688.000,57602.215
8689.000,57602.215
8690.000,57602.215
8691.000,57602.215
8692.000,57602.215
8693.000,57602.215
8694.000,57602.215
8695.000,57602.215
8696.000,57602.215
8697.000,57681.339
8698.000,57602.215
8699.000,57602.215
8700.000,57602.215
8701.000,57602.215
8702.000,57602.215
8703.000,57602.215
8704.000,57602.215
8705.000,57681.339
8706.000,57602.215
8707.000,57602.215
8708.000,57602.215
8709.000,57602.215
8710.000,57602.215
8711.000,57602.215
8712.000,57602.215
8713.000,57681.339
8714.000,57681.339
8715.000,57602.215
8716.000,57602.215
8717.000,57602.215
8718.000,57602.215
8719.000,57602.215
8720.000,57602.215
8721.000,57681.339
8722.000,57681.339
8723.000,57681.339
8724.000,57602.215
8725.000,57602.215
8726.000,57602.215
8727.000,57602.215
8728.000,57602.215
8729.000,57602.215
8730.000,57681.339
8731.000,57681.339
8732.000,57602.215
8733.000,57602.215
8734.000,57602.215
8735.000,57602.215
8736.000,57602.215
8737.000,57602.215
8738.000,57602.215
8739.000,57681.339
8740.000,57602.215
8741.000,57602.215
8742.000,57602.215
8743.000,57602.215
8744.000,57602.215
8745.000,57602.215
8746.000,57602.215
8747.000,57602.215
8748.000,57602.215
8749.000,57602.215
8750.000,57602.215
8751.000,57602.215
8752.000,57602.215
8753.000,57602.215
8754.000,57602.215
8755.000,57602.215
8756.000,57602.215
8757.000,57602.215
8758.000,57602.215
8759.000,57602.215
8760.000,57602.215
8761.000,57602.215
8762.000,57602.215
8763.000,57602.215
8764.000,57602.215
8765.000,57602.215
8766.000,57602.215
8767.000,57602.215
8768.000,57602.215
8769.000,57602.215
8770.000,57602.215
8771.000,57602.215
8772.000,57681.339
8773.000,57602.215
8774.000,57602.215
8775.000,57602.215
8776.000,57602.215
8777.000,57602.215
8778.000,57602.215
8779.000,57602.215
8780.000,57681.339
8781.000,57681.339
8782.000,57602.215
8783.000,57602.215
8784.000,57602.215
8785.000,57602.215
8786.000,57602.215
8787.000,57602.215
8788.000,57602.215
8789.000,57681.339
8790.000,57602.215
8791.000,57602.215
8792.000,57602.215
8793.000,57602.215
8794.000,57602.215
8795.000,57602.215
8796.000,57602.215
8797.000,57602.215
8798.000,57602.215
8799.000,57602.215
8800.000,57602.215
8801.000,57602.215
8802.000,57602.215
8803.000,57602.215
8804.000,57602.215
8805.000,57602.215
8806.000,57602.215
8807.000,57602.215
8808.000,57602.215
8809.000,57602.215
8810.000,57602.215
8811.000,57602.215
8812.000,57602.215
8813.000,57602.215
8814.000,57602.215
8815.000,57602.215
8816.000,57602.215
8817.000,57602.215
8818.000,57602.215
8819.000,57602.215
8820.000,57602.215
8821.000,57681.339
8822.000,57681.339
8823.000,57602.215
8824.000,57602.215
8825.000,57602.215
8826.000,57602.215
8827.000,57602.215
8828.000,57602.215
8829.000,57602.215
8830.000,57681.339
8831.000,57681.339
8832.000,57602.215
8833.000,57602.215
8834.000,57602.215
8835.000,57602.215
8836.000,57602.215
8837.000,57602.215
8838.000,57602.215
8839.000,57681.339
8840.000,57602.215
8841.000,57602.215
8842.000,57602.215
8843.000,57602.215
8844.000,57602.215
8845.000,57602.215
8846.000,57602.215
8847.000,57681.339
8848.000,57602.215
8849.000,57602.215
8850.000,57602.215
8851.000,57602.215
8852.000,57602.215
8853.000,57602.215
8854.000,57602.215
8855.000,57602.215
8856.000,57602.215
8857.000,57602.215
8858.000,57602.215
8859.000,57602.215
8860.000,57602.215
8861.000,57602.215
8862.000,57602.215
8863.000,57602.215
8864.000,57602.215
8865.000,57602.215
8866.000,57602.215
8867.000,57602.215
8868.000,57602.215
8869.000,57602.215
8870.000,57602.215
8871.000,57602.215
8872.000,57602.215
8873.000,57602.215
8874.000,57602.215
8875.000,57602.215
8876.000,57602.215
8877.000,57602.215
8878.000,57602.215
8879.000,57602.215
8880.000,57681.339
8881.000,57602.215
8882.000,57602.215
8883.000,57602.215
8884.000,57602.215
8885.000,57602.215
8886.000,57602.215
8887.000,57602.215
8888.000,57602.215
8889.000,57602.215
8890.000,57602.215
8891.000,57602.215
8892.000,57602.215
8893.000,57602.215
8894.000,57602.215
8895.000,57602.215
8896.000,57602.215
8897.000,57602.215
8898.000,57602.215
8899.000,57602.215
8900.000,57602.215
8901.000,57602.215
8902.000,57602.215
8903.000,57602.215
8904.000,57602.215
8905.000,57602.215
8906.000,57602.215
8907.000,57602.215
8908.000,57602.215
8909.000,57602.215
8910.000,57602.215
8911.000,57602.215
8912.000,57602.215
8913.000,57681.339
8914.000,57602.215
8915.000,57602.215
8916.000,57602.215
8917.000,57602.215
8918.000,57602.215
8919.000,57602.215
8920.000,57602.215
8921.000,57602.215
8922.000,57681.339
8923.000,57602.215
8924.000,57602.215
8925.000,57602.215
8926.000,57602.215
8927.000,57602.215
8928.000,57602.215
8929.000,57602.215
8930.000,57681.339
8931.000,57681.339
8932.000,57602.215
8933.000,57602.215
8934.000,57602.215
8935.000,57602.215
8936.000,57602.215
8937.000,57602.215
8938.000,57681.339
8939.000,57681.339
8940.000,57602.215
8941.000,57602.215
8942.000,57602.215
8943.000,57602.215
8944.000,57602.215
8945.000,57602.215
8946.000,57602.215
8947.000,57681.339
8948.000,57602.215
8949.000,57602.215
8950.000,57602.215
8951.000,57602.215
8952.000,57602.215
8953.000,57602.215
8954.000,57602.215
8955.000,57602.215
8956.000,57602.215
8957.000,57602.215
8958.000,57602.215
8959.000,57602.215
8960.000,57602.215
8961.000,57602.215
8962.000,57602.215
8963.000,57602.215
8964.000,57602.215
8965.000,57602.215
8966.000,57602.215
8967.000,57602.215
8968.000,57602.215
8969.000,57602.215
8970.000,57602.215
8971.000,57602.215
8972.000,57602.215
8973.000,57602.215
8974.000,57602.215
8975.000,57602.215
8976.000,57602.215
8977.000,57602.215
8978.000,57602.215
8979.000,57602.215
8980.000,57602.215
8981.000,57602.215
8982.000,57602.215
8983.000,57602.215
8984.000,57602.215
8985.000,57602.215
8986.000,57602.215
8987.000,57602.215
8988.000,57681.339
8989.000,57602.215
8990.000,57602.215
8991.000,57602.215
8992.000,57602.215
8993.000,57602.215
8994.000,57602.215
8995.000,57602.215
8996.000,57681.339
8997.000,57681.339
8998.000,57602.215
8999.000,57602.215
9000.000,57602.215
9001.000,57602.215
9002.000,57602.215
9003.000,57602.215
9004.000,57602.215
9005.000,57681.339
9006.000,57602.215
9007.000,57602.215
9008.000,57602.215
9009.000,57602.215
9010.000,57602.215
9011.000,57602.215
9012.000,57602.215
9013.000,57681.339
9014.000,57681.339
9015.000,57602.215
9016.000,57602.215
9017.000,57602.215
9018.000,57602.215
9019.000,57602.215
9020.000,57602.215
9021.000,57602.215
9022.000,57681.339
9023.000,57681.339
9024.000,57602.215
9025.000,57602.215
9026.000,57602.215
9027.000,57602.215
9028.000,57602.215
9029.000,57602.215
9030.000,57602.215
9031.000,57681.339
9032.000,57602.215
9033.000,57602.215
9034.000,57602.215
9035.000,57602.215
9036.000,57602.215
9037.000,57602.215
9038.000,57602.215
9039.000,57602.215
9040.000,57602.215
9041.000,57602.215
9042.000,57602.215
9043.000,57602.215
9044.000,57602.215
9045.000,57602.215
9046.000,57602.215
9047.000,57602.215
9048.000,57602.215
9049.000,57602.215
9050.000,57602.215
9051.000,57602.215
9052.000,57602.215
9053.000,57602.215
9054.000,57602.215
9055.000,57602.215
9056.000,57602.215
9057.000,57602.215
9058.000,57602.215
9059.000,57602.215
9060.000,57602.215
9061.000,57602.215
9062.000,57602.215
9063.000,57681.339
9064.000,57602.215
9065.000,57602.215
9066.000,57602.215
9067.000,57602.215
9068.000,57602.215
9069.000,57602.215
9070.000,57602.215
9071.000,57602.215
9072.000,57681.339
9073.000,57602.215
9074.000,57602.215
9075.000,57602.215
9076.000,57602.215
9077.000,57602.215
9078.000,57602.215
9079.000,57602.215
9080.000,57681.339
9081.000,57681.339
9082.000,57602.215
9083.000,57602.215
9084.000,57602.215
9085.000,57602.215
9086.000,57602.215
9087.000,57602.215
9088.000,57602.215
9089.000,57681.339
9090.000,57602.215
9091.000,57602.215
9092.000,57602.215
9093.000,57602.215
9094.000,57602.215
9095.000,57602.215
9096.000,57602.215
9097.000,57681.339
9098.000,57602.215
9099.000,57602.215
9100.000,57602.215
9101.000,57602.215
9102.000,57602.215
9103.000,57602.215
9104.000,57602.215
9105.000,57681.339
9106.000,57602.215
9107.000,57602.215
9108.000,57602.215
9109.000,57602.215
9110.000,57602.215
9111.000,57602.215
9112.000,57602.215
9113.000,57681.339
9114.000,57681.339
9115.000,57602.215
9116.000,57602.215
9117.000,57602.215
9118.000,57602.215
9119.000,57602.215
9120.000,57602.215
9121.000,57681.339
9122.000,57681.339
9123.000,57681.339
9124.000,57602.215
9125.000,57602.215
9126.000,57602.215
9127.000,57602.215
9128.000,57602.215
9129.000,57602.215
9130.000,57681.339
9131.000,57681.339
9132.000,57602.215
9133.000,57602.215
9134.000,57602.215
9135.000,57602.215
9136.000,57602.215
9137.000,57602.215
9138.000,57602.215
9139.000,57681.339
9140.000,57602.215
9141.000,57602.215
9142.000,57602.215
9143.000,57602.215
9144.000,57602.215
9145.000,57602.215
9146.000,57602.215
9147.000,57602.215
9148.000,57602.215
9149.000,57602.215
9150.000,57602.215
9151.000,57602.215
9152.000,57602.215
9153.000,57602.215
9154.000,57602.215
9155.000,57602.215
9156.000,57602.215
9157.000,57602.215
9158.000,57602.215
9159.000,57602.215
9160.000,57602.215
9161.000,57602.215
9162.000,57602.215
9163.000,57602.215
9164.000,57602.215
9165.000,57602.215
9166.000,57602.215
9167.000,57602.215
9168.000,57602.215
9169.000,57602.215
9170.000,57602.215
9171.000,57602.215
9172.000,57681.339
9173.000,57602.215
9174.000,57602.215
9175.000,57602.215
9176.000,57602.215
9177.000,57602.215
9178.000,57602.215
9179.000,57602.215
9180.000,57681.339
9181.000,57681.339
9182.000,57602.215
9183.000,57602.215
9184.000,57602.215
9185.000,57602.215
9186.000,57602.215
9187.000,57602.215
9188.000,57681.339
9189.000,57681.339
9190.000,57602.215
9191.000,57602.215
9192.000,57602.215
9193.000,57602.215
9194.000,57602.215
9195.000,57602.215
9196.000,57602.215
9197.000,57681.339
9198.000,57681.339
9199.000,57602.215
9200.000,57602.215
9201.000,57602.215
9202.000,57602.215
9203.000,57602.215
9204.000,57602.215
9205.000,57602.215
9206.000,57602.215
9207.000,57602.215
9208.000,57602.215
9209.000,57602.215
9210.000,57602.215
9211.000,57602.215
9212.000,57602.215
9213.000,57602.215
9214.000,57602.215
9215.000,57602.215
9216.000,57602.215
9217.000,57602.215
9218.000,57602.215
9219.000,57602.215
9220.000,57602.215
9221.000,57602.215
9222.000,57602.215
9223.000,57602.215
9224.000,57602.215
9225.000,57602.215
9226.000,57602.215
9227.000,57602.215
9228.000,57602.215
9229.000,57602.215
9230.000,57602.215
9231.000,57602.215
9232.000,57602.215
9233.000,57602.215
9234.000,57602.215
9235.000,57602.215
9236.000,57602.215
9237.000,57602.215
9238.000,57681.339
9239.000,57681.339
9240.000,57602.215
9241.000,57602.215
9242.000,57602.215
9243.000,57602.215
9244.000,57602.215
9245.000,57602.215
9246.000,57602.215
9247.000,57602.215
9248.000,57602.215
9249.000,57602.215
9250.000,57602.215
9251.000,57602.215
9252.000,57602.215
9253.000,57602.215
9254.000,57602.215
9255.000,57602.215
9256.000,57602.215
9257.000,57602.215
9258.000,57602.215
9259.000,57602.215
9260.000,57602.215
9261.000,57602.215
9262.000,57602.215
9263.000,57602.215
9264.000,57602.215
9265.000,57602.215
9266.000,57602.215
9267.000,57602.215
9268.000,57602.215
9269.000,57602.215
9270.000,57602.215
9271.000,57602.215
9272.000,57602.215
9273.000,57602.215
9274.000,57602.215
9275.000,57602.215
9276.000,57602.215
9277.000,57602.215
9278.000,57602.215
9279.000,57602.215
9280.000,57681.339
9281.000,57602.215
9282.000,57602.215
9283.000,57602.215
9284.000,57602.215
9285.000,57602.215
9286.000,57602.215
9287.000,57602.215
9288.000,57681.339
9289.000,57681.339
9290.000,57602.215
9291.000,57602.215
9292.000,57602.215
9293.000,57602.215
9294.000,57602.215
9295.000,57602.215
9296.000,57602.215
9297.000,57681.339
9298.000,57681.339
9299.000,57602.215
9300.000,57602.215
9301.000,57602.215
9302.000,57602.215
9303.000,57602.215
9304.000,57602.215
9305.000,57602.215
9306.000,57602.215
9307.000,57602.215
9308.000,57602.215
9309.000,57602.215
9310.000,57602.215
9311.000,57602.215
9312.000,57602.215
9313.000,57602.215
9314.000,57602.215
9315.000,57602.215
9316.000,57602.215
9317.000,57602.215
9318.000,57602.215
9319.000,57602.215
9320.000,57602.215
9321.000,57602.215
9322.000,57602.215
9323.000,57602.215
9324.000,57602.215
9325.000,57602.215
9326.000,57602.215
9327.000,57602.215
9328.000,57602.215
9329.000,57602.215
9330.000,57602.215
9331.000,57602.215
9332.000,57602.215
9333.000,57602.215
9334.000,57602.215
9335.000,57602.215
9336.000,57602.215
9337.000,57602.215
9338.000,57602.215
9339.000,57602.215
9340.000,57602.215
9341.000,57602.215
9342.000,57602.215
9343.000,57602.215
9344.000,57602.215
9345.000,57602.215
9346.000,57602.215
9347.000,57602.215
9348.000,57602.215
9349.000,57602.215
9350.000,57602.215
9351.000,57602.215
9352.000,57602.215
9353.000,57602.215
9354.000,57602.215
9355.000,57602.215
9356.000,57602.215
9357.000,57602.215
9358.000,57602.215
9359.000,57602.215
9360.000,57602.215
9361.000,57602.215
9362.000,57602.215
9363.000,57602.215
9364.000,57602.215
9365.000,57602.215
9366.000,57602.215
9367.000,57602.215
9368.000,57602.215
9369.000,57602.215
9370.000,57602.215
9371.000,57602.215
9372.000,57602.215
9373.000,57602.215
9374.000,57602.215
9375.000,57602.215
9376.000,57602.215
9377.000,57602.215
9378.000,57602.215
9379.000,57602.215
9380.000,57681.339
9381.000,57602.215
9382.000,57602.215
9383.000,57602.215
9384.000,57602.215
9385.000,57602.215
9386.000,57602.215
9387.000,57602.215
9388.000,57602.215
9389.000,57681.339
9390.000,57602.215
9391.000,57602.215
9392.000,57602.215
9393.000,57602.215
9394.000,57602.215
9395.000,57602.215
9396.000,57602.215
9397.000,57602.215
9398.000,57602.215
9399.000,57602.215
9400.000,57602.215
9401.000,57602.215
9402.000,57602.215
9403.000,57602.215
9404.000,57602.215
9405.000,57602.215
9406.000,57602.215
9407.000,57602.215
9408.000,57602.215
9409.000,57602.215
9410.000,57602.215
9411.000,57602.215
9412.000,57602.215
9413.000,57602.215
9414.000,57602.215
9415.000,57602.215
9416.000,57602.215
9417.000,57602.215
9418.000,57602.215
9419.000,57602.215
9420.000,57602.215
9421.000,57602.215
9422.000,57681.339
9423.000,57602.215
9424.000,57602.215
9425.000,57602.215
9426.000,57602.215
9427.000,57602.215
9428.000,57602.215
9429.000,57602.215
9430.000,57681.339
9431.000,57602.215
9432.000,57602.215
9433.000,57602.215
9434.000,57602.215
9435.000,57602.215
9436.000,57602.215
9437.000,57602.215
9438.000,57602.215
9439.000,57681.339
9440.000,57602.215
9441.000,57602.215
9442.000,57602.215
9443.000,57602.215
9444.000,57602.215
9445.000,57602.215
9446.000,57602.215
9447.000,57602.215
9448.000,57602.215
9449.000,57602.215
9450.000,57602.215
9451.000,57602.215
9452.000,57602.215
9453.000,57602.215
9454.000,57602.215
9455.000,57602.215
9456.000,57602.215
9457.000,57602.215
9458.000,57602.215
9459.000,57602.215
9460.000,57602.215
9461.000,57602.215
9462.000,57602.215
9463.000,57602.215
9464.000,57602.215
9465.000,57602.215
9466.000,57602.215
9467.000,57602.215
9468.000,57602.215
9469.000,57602.215
9470.000,57602.215
9471.000,57602.215
9472.000,57602.215
9473.000,57602.215
9474.000,57602.215
9475.000,57602.215
9476.000,57602.215
9477.000,57602.215
9478.000,57602.215
9479.000,57602.215
9480.000,57681.339
9481.000,57602.215
9482.000,57602.215
9483.000,57602.215
9484.000,57602.215
9485.000,57602.215
9486.000,57602.215
9487.000,57602.215
9488.000,57681.339
9489.000,57681.339
9490.000,57602.215
9491.000,57602.215
9492.000,57602.215
9493.000,57602.215
9494.000,57602.215
9495.000,57602.215
9496.000,57602.215
9497.000,57681.339
9498.000,57602.215
9499.000,57602.215
9500.000,57602.215
9501.000,57602.215
9502.000,57602.215
9503.000,57602.215
9504.000,57602.215
9505.000,57602.215
9506.000,57602.215
9507.000,57602.215
9508.000,57602.215
9509.000,57602.215
9510.000,57602.215
9511.000,57602.215
9512.000,57602.215
9513.000,57602.215
9514.000,57602.215
9515.000,57602.215
9516.000,57602.215
9517.000,57602.215
9518.000,57602.215
9519.000,57602.215
9520.000,57602.215
9521.000,57602.215
9522.000,57602.215
9523.000,57602.215
9524.000,57602.215
9525.000,57602.215
9526.000,57602.215
9527.000,57602.215
9528.000,57602.215
9529.000,57602.215
9530.000,57602.215
9531.000,57602.215
9532.000,57602.215
9533.000,57602.215
9534.000,57602.215
9535.000,57602.215
9536.000,57602.215
9537.000,57602.215
9538.000,57681.339
9539.000,57681.339
9540.000,57602.215
9541.000,57602.215
9542.000,57602.215
9543.000,57602.215
9544.000,57602.215
9545.000,57602.215
9546.000,57602.215
9547.000,57681.339
9548.000,57681.339
9549.000,57602.215
9550.000,57602.215
9551.000,57602.215
9552.000,57602.215
9553.000,57602.215
9554.000,57602.215
9555.000,57602.215
9556.000,57681.339
9557.000,57602.215
9558.000,57602.215
9559.000,57602.215
9560.000,57602.215
9561.000,57602.215
9562.000,57602.215
9563.000,57602.215
9564.000,57681.339
9565.000,57602.215
9566.000,57602.215
9567.000,57602.215
9568.000,57602.215
9569.000,57602.215
9570.000,57602.215
9571.000,57602.215
9572.000,57602.215
9573.000,57602.215
9574.000,57602.215
9575.000,57602.215
9576.000,57602.215
9577.000,57602.215
9578.000,57602.215
9579.000,57602.215
9580.000,57602.215
9581.000,57602.215
9582.000,57602.215
9583.000,57602.215
9584.000,57602.215
9585.000,57602.215
9586.000,57602.215
9587.000,57602.215
9588.000,57602.215
9589.000,57681.339
9590.000,57602.215
9591.000,57602.215
9592.000,57602.215
9593.000,57602.215
9594.000,57602.215
9595.000,57602.215
9596.000,57602.215
9597.000,57681.339
9598.000,57681.339
9599.000,57602.215
9600.000,57602.215
9601.000,57602.215
9602.000,57602.215
9603.000,57602.215
9604.000,57602.215
9605.000,57602.215
9606.000,57602.215
9607.000,57602.215
9608.000,57602.215
9609.000,57602.215
9610.000,57602.215
9611.000,57602.215
9612.000,57602.215
9613.000,57602.215
9614.000,57602.215
9615.000,57602.215
9616.000,57602.215
9617.000,57602.215
9618.000,57602.215
9619.000,57602.215
9620.000,57602.215
9621.000,57602.215
9622.000,57602.215
9623.000,57602.215
9624.000,57602.215
9625.000,57602.215
9626.000,57602.215
9627.000,57602.215
9628.000,57602.215
9629.000,57602.215
9630.000,57602.215
9631.000,57602.215
9632.000,57602.215
9633.000,57602.215
9634.000,57602.215
9635.000,57602.215
9636.000,57602.215
9637.000,57602.215
9638.000,57602.215
9639.000,57681.339
9640.000,57602.215
9641.000,57602.215
9642.000,57602.215
9643.000,57602.215
9644.000,57602.215
9645.000,57602.215
9646.000,57602.215
9647.000,57681.339
9648.000,57681.339
9649.000,57602.215
9650.000,57602.215
9651.000,57602.215
9652.000,57602.215
9653.000,57602.215
9654.000,57602.215
9655.000,57681.339
9656.000,57681.339
9657.000,57602.215
9658.000,57602.215
9659.000,57602.215
9660.000,57602.215
9661.000,57602.215
9662.000,57602.215
9663.000,57602.215
9664.000,57602.215
9665.000,57602.215
9666.000,57602.215
9667.000,57602.215
9668.000,57602.215
9669.000,57602.215
9670.000,57602.215
9671.000,57602.215
9672.000,57681.339
9673.000,57602.215
9674.000,57602.215
9675.000,57602.215
9676.000,57602.215
9677.000,57602.215
9678.000,57602.215
9679.000,57602.215
9680.000,57681.339
9681.000,57681.339
9682.000,57602.215
9683.000,57602.215
9684.000,57602.215
9685.000,57602.215
9686.000,57602.215
9687.000,57602.215
9688.000,57602.215
9689.000,57681.339
9690.000,57602.215
9691.000,57602.215
9692.000,57602.215
9693.000,57602.215
9694.000,57602.215
9695.000,57602.215
9696.000,57602.215
9697.000,57681.339
9698.000,57681.339
9699.000,57602.215
9700.000,57602.215
9701.000,57602.215
9702.000,57602.215
9703.000,57602.215
9704.000,57602.215
9705.000,57602.215
9706.000,57681.339
9707.000,57602.215
9708.000,57602.215
9709.000,57602.215
9710.000,57602.215
9711.000,57602.215
9712.000,57602.215
9713.000,57602.215
9714.000,57602.215
9715.000,57602.215
9716.000,57602.215
9717.000,57602.215
9718.000,57602.215
9719.000,57602.215
9720.000,57602.215
9721.000,57602.215
9722.000,57602.215
9723.000,57602.215
9724.000,57602.215
9725.000,57602.215
9726.000,57602.215
9727.000,57602.215
9728.000,57602.215
9729.000,57602.215
9730.000,57602.215
9731.000,57602.215
9732.000,57602.215
9733.000,57602.215
9734.000,57602.215
9735.000,57602.215
9736.000,57602.215
9737.000,57602.215
9738.000,57602.215
9739.000,57602.215
9740.000,57602.215
9741.000,57602.215
9742.000,57602.215
9743.000,57602.215
9744.000,57602.215
9745.000,57602.215
9746.000,57602.215
9747.000,57681.339
9748.000,57602.215
9749.000,57602.215
9750.000,57602.215
9751.000,57602.215
9752.000,57602.215
9753.000,57602.215
9754.000,57602.215
9755.000,57602.215
9756.000,57681.339
9757.000,57602.215
9758.000,57602.215
9759.000,57602.215
9760.000,57602.215
9761.000,57602.215
9762.000,57602.215
9763.000,57602.215
9764.000,57602.215
9765.000,57602.215
9766.000,57602.215
9767.000,57602.215
9768.000,57602.215
9769.000,57602.215
9770.000,57602.215
9771.000,57602.215
9772.000,57602.215
9773.000,57602.215
9774.000,57602.215
9775.000,57602.215
9776.000,57602.215
9777.000,57602.215
9778.000,57602.215
9779.000,57602.215
9780.000,57681.339
9781.000,57602.215
9782.000,57602.215
9783.000,57602.215
9784.000,57602.215
9785.000,57602.215
9786.000,57602.215
9787.000,57602.215
9788.000,57681.339
9789.000,57681.339
9790.000,57602.215
9791.000,57602.215
9792.000,57602.215
9793.000,57602.215
9794.000,57602.215
9795.000,57602.215
9796.000,57602.215
9797.000,57681.339
9798.000,57602.215
9799.000,57602.215
9800.000,57602.215
9801.000,57602.215
9802.000,57602.215
9803.000,57602.215
9804.000,57602.215
9805.000,57681.339
9806.000,57681.339
9807.000,57602.215
9808.000,57602.215
9809.000,57602.215
9810.000,57602.215
9811.000,57602.215
9812.000,57602.215
9813.000,57602.215
9814.000,57602.215
9815.000,57602.215
9816.000,57602.215
9817.000,57602.215
9818.000,57602.215
9819.000,57602.215
9820.000,57602.215
9821.000,57602.215
9822.000,57602.215
9823.000,57602.215
9824.000,57602.215
9825.000,57602.215
9826.000,57602.215
9827.000,57602.215
9828.000,57602.215
9829.000,57602.215
9830.000,57602.215
9831.000,57602.215
9832.000,57602.215
9833.000,57602.215
9834.000,57602.215
9835.000,57602.215
9836.000,57602.215
9837.000,57602.215
9838.000,57602.215
9839.000,57602.215
9840.000,57602.215
9841.000,57602.215
9842.000,57602.215
9843.000,57602.215
9844.000,57602.215
9845.000,57602.215
9846.000,57602.215
9847.000,57681.339
9848.000,57602.215
9849.000,57602.215
9850.000,57602.215
9851.000,57602.215
9852.000,57602.215
9853.000,57602.215
9854.000,57602.215
9855.000,57681.339
9856.000,57602.215
9857.000,57602.215
9858.000,57602.215
9859.000,57602.215
9860.000,57602.215
9861.000,57602.215
9862.000,57602.215
9863.000,57602.215
9864.000,57681.339
9865.000,57602.215
9866.000,57602.215
9867.000,57602.215
9868.000,57602.215
9869.000,57602.215
9870.000,57602.215
9871.000,57602.215
9872.000,57681.339
9873.000,57602.215
9874.000,57602.215
9875.000,57602.215
9876.000,57602.215
9877.000,57602.215
9878.000,57602.215
9879.000,57602.215
9880.000,57602.215
9881.000,57602.215
9882.000,57602.215
9883.000,57602.215
9884.000,57602.215
9885.000,57602.215
9886.000,57602.215
9887.000,57602.215
9888.000,57602.215
9889.000,57681.339
9890.000,57602.215
9891.000,57602.215
9892.000,57602.215
9893.000,57602.215
9894.000,57602.215
9895.000,57602.215
9896.000,57602.215
9897.000,57681.339
9898.000,57602.215
9899.000,57602.215
9900.000,57602.215
9901.000,57602.215
9902.000,57602.215
9903.000,57602.215
9904.000,57602.215
9905.000,57681.339
9906.000,57681.339
9907.000,57602.215
9908.000,57602.215
9909.000,57602.215
9910.000,57602.215
9911.000,57602.215
9912.000,57602.215
9913.000,57602.215
9914.000,57681.339
9915.000,57602.215
9916.000,57602.215
9917.000,57602.215
9918.000,57602.215
9919.000,57602.215
9920.000,57602.215
9921.000,57602.215
9922.000,57602.215
9923.000,57602.215
9924.000,57602.215
9925.000,57602.215
9926.000,57602.215
9927.000,57602.215
9928.000,57602.215
9929.000,57602.215
9930.000,57602.215
9931.000,57602.215
9932.000,57602.215
9933.000,57602.215
9934.000,57602.215
9935.000,57602.215
9936.000,57602.215
9937.000,57602.215
9938.000,57602.215
9939.000,57602.215
9940.000,57602.215
9941.000,57602.215
9942.000,57602.215
9943.000,57602.215
9944.000,57602.215
9945.000,57602.215
9946.000,57602.215
9947.000,57681.339
9948.000,57602.215
9949.000,57602.215
9950.000,57602.215
9951.000,57602.215
9952.000,57602.215
9953.000,57602.215
9954.000,57602.215
9955.000,57681.339
9956.000,57681.339
9957.000,57602.215
9958.000,57602.215
9959.000,57602.215
9960.000,57602.215
9961.000,57602.215
9962.000,57602.215
9963.000,57602.215
9964.000,57681.339
9965.000,57602.215
9966.000,57602.215
9967.000,57602.215
9968.000,57602.215
9969.000,57602.215
9970.000,57602.215
9971.000,57602.215
9972.000,57681.339
9973.000,57681.339
9974.000,57602.215
9975.000,57602.215
9976.000,57602.215
9977.000,57602.215
9978.000,57602.215
9979.000,57602.215
9980.000,57681.339
9981.000,57681.339
9982.000,57602.215
9983.000,57602.215
9984.000,57602.215
9985.000,57602.215
9986.000,57602.215
9987.000,57602.215
9988.000,57602.215
9989.000,57681.339
9990.000,57602.215
9991.000,57602.215
9992.000,57602.215
9993.000,57602.215
9994.000,57602.215
9995.000,57602.215
9996.000,57602.215
9997.000,57681.339
9998.000,57602.215
9999.000,57602.215
10000.000,57602.215
10001.000,57602.215
10002.000,57602.215
10003.000,57602.215
10004.000,57602.215
10005.000,57681.339
10006.000,57681.339
10007.000,57602.215
10008.000,57602.215
10009.000,57602.215
10010.000,57602.215
10011.000,57602.215
10012.000,57602.215
10013.000,57602.215
10014.000,57681.339
10015.000,57602.215
10016.000,57602.215
10017.000,57602.215
10018.000,57602.215
10019.000,57602.215
10020.000,57602.215
10021.000,57602.215
10022.000,57602.215
10023.000,57602.215
10024.000,57602.215
10025.000,57602.215
10026.000,57602.215
10027.000,57602.215
10028.000,57602.215
10029.000,57602.215
10030.000,57681.339
10031.000,57681.339
10032.000,57602.215
10033.000,57602.215
10034.000,57602.215
10035.000,57602.215
10036.000,57602.215
10037.000,57602.215
10038.000,57681.339
10039.000,57681.339
10040.000,57602.215
10041.000,57602.215
10042.000,57602.215
10043.000,57602.215
10044.000,57602.215
10045.000,57602.215
10046.000,57681.339
10047.000,57681.339
10048.000,57602.215
10049.000,57602.215
10050.000,57602.215
10051.000,57602.215
10052.000,57602.215
10053.000,57602.215
10054.000,57602.215
10055.000,57681.339
10056.000,57681.339
10057.000,57602.215
10058.000,57602.215
10059.000,57602.215
10060.000,57602.215
10061.000,57602.215
10062.000,57602.215
10063.000,57681.339
10064.000,57681.339
10065.000,57681.339
10066.000,57602.215
10067.000,57602.215
10068.000,57602.215
10069.000,57602.215
10070.000,57602.215
10071.000,57602.215
10072.000,57681.339
10073.000,57681.339
10074.000,57602.215
10075.000,57602.215
10076.000,57602.215
10077.000,57602.215
10078.000,57602.215
10079.000,57602.215
10080.000,57602.215
10081.000,57681.339
10082.000,57602.215
10083.000,57602.215
10084.000,57602.215
10085.000,57602.215
10086.000,57602.215
10087.000,57602.215
10088.000,57602.215
10089.000,57602.215
10090.000,57602.215
10091.000,57602.215
10092.000,57602.215
10093.000,57602.215
10094.000,57602.215
10095.000,57602.215
10096.000,57602.215
10097.000,57602.215
10098.000,57602.215
10099.000,57602.215
10100.000,57602.215
10101.000,57602.215
10102.000,57602.215
10103.000,57602.215
10104.000,57602.215
10105.000,57602.215
10106.000,57602.215
10107.000,57602.215
10108.000,57602.215
10109.000,57602.215
10110.000,57602.215
10111.000,57602.215
10112.000,57602.215
10113.000,57602.215
10114.000,57681.339
10115.000,57602.215
10116.000,57602.215
10117.000,57602.215
10118.000,57602.215
10119.000,57602.215
10120.000,57602.215
10121.000,57602.215
10122.000,57602.215
10123.000,57602.215
10124.000,57602.215
10125.000,57602.215
10126.000,57602.215
10127.000,57602.215
10128.000,57602.215
10129.000,57602.215
10130.000,57681.339
10131.000,57602.215
10132.000,57602.215
10133.000,57602.215
10134.000,57602.215
10135.000,57602.215
10136.000,57602.215
10137.000,57602.215
10138.000,57602.215
10139.000,57681.339
10140.000,57602.215
10141.000,57602.215
10142.000,57602.215
10143.000,57602.215
10144.000,57602.215
10145.000,57602.215
10146.000,57602.215
10147.000,57681.339
10148.000,57681.339
10149.000,57602.215
10150.000,57602.215
10151.000,57602.215
10152.000,57602.215
10153.000,57602.215
10154.000,57602.215
10155.000,57681.339
10156.000,57681.339
10157.000,57602.215
10158.000,57602.215
10159.000,57602.215
10160.000,57602.215
10161.000,57602.215
10162.000,57602.215
10163.000,57602.215
10164.000,57681.339
10165.000,57602.215
10166.000,57602.215
10167.000,57602.215
10168.000,57602.215
10169.000,57602.215
10170.000,57602.215
10171.000,57602.215
10172.000,57602.215
10173.000,57602.215
10174.000,57602.215
10175.000,57602.215
10176.000,57602.215
10177.000,57602.215
10178.000,57602.215
10179.000,57602.215
10180.000,57602.215
10181.000,57602.215
10182.000,57602.215
10183.000,57602.215
10184.000,57602.215
10185.000,57602.215
10186.000,57602.215
10187.000,57602.215
10188.000,57602.215
10189.000,57602.215
10190.000,57602.215
10191.000,57602.215
10192.000,57602.215
10193.000,57602.215
10194.000,57602.215
10195.000,57602.215
10196.000,57602.215
10197.000,57602.215
10198.000,57602.215
10199.000,57602.215
10200.000,57602.215
10201.000,57602.215
10202.000,57602.215
10203.000,57602.215
10204.000,57602.215
10205.000,57681.339
10206.000,57681.339
10207.000,57602.215
10208.000,57602.215
10209.000,57602.215
10210.000,57602.215
10211.000,57602.215
10212.000,57602.215
10213.000,57681.339
10214.000,57681.339
10215.000,57602.215
10216.000,57602.215
10217.000,57602.215
10218.000,57602.215
10219.000,57602.215
10220.000,57602.215
10221.000,57602.215
10222.000,57681.339
10223.000,57602.215
10224.000,57602.215
10225.000,57602.215
10226.000,57602.215
10227.000,57602.215
10228.000,57602.215
10229.000,57602.215
10230.000,57602.215
10231.000,57602.215
10232.000,57602.215
10233.000,57602.215
10234.000,57602.215
10235.000,57602.215
10236.000,57602.215
10237.000,57602.215
10238.000,57602.215
10239.000,57602.215
10240.000,57602.215
10241.000,57602.215
10242.000,57602.215
10243.000,57602.215
10244.000,57602.215
10245.000,57602.215
10246.000,57602.215
10247.000,57602.215
10248.000,57602.215
10249.000,57602.215
10250.000,57602.215
10251.000,57602.215
10252.000,57602.215
10253.000,57602.215
10254.000,57602.215
10255.000,57681.339
10256.000,57602.215
10257.000,57602.215
10258.000,57602.215
10259.000,57602.215
10260.000,57602.215
10261.000,57602.215
10262.000,57602.215
10263.000,57681.339
10264.000,57681.339
10265.000,57602.215
10266.000,57602.215
10267.000,57602.215
10268.000,57602.215
10269.000,57602.215
10270.000,57602.215
10271.000,57602.215
10272.000,57681.339
10273.000,57602.215
10274.000,57602.215
10275.000,57602.215
10276.000,57602.215
10277.000,57602.215
10278.000,57602.215
10279.000,57602.215
10280.000,57602.215
10281.000,57602.215
10282.000,57602.215
10283.000,57602.215
10284.000,57602.215
10285.000,57602.215
10286.000,57602.215
10287.000,57602.215
10288.000,57602.215
10289.000,57602.215
10290.000,57602.215
10291.000,57602.215
10292.000,57602.215
10293.000,57602.215
10294.000,57602.215
10295.000,57602.215
10296.000,57602.215
10297.000,57681.339
10298.000,57602.215
10299.000,57602.215
10300.000,57602.215
10301.000,57602.215
10302.000,57602.215
10303.000,57602.215
10304.000,57602.215
10305.000,57681.339
10306.000,57681.339
10307.000,57602.215
10308.000,57602.215
10309.000,57602.215
10310.000,57602.215
10311.000,57602.215
10312.000,57602.215
10313.000,57681.339
10314.000,57681.339
10315.000,57602.215
10316.000,57602.215
10317.000,57602.215
10318.000,57602.215
10319.000,57602.215
10320.000,57602.215
10321.000,57602.215
10322.000,57681.339
10323.000,57602.215
10324.000,57602.215
10325.000,57602.215
10326.000,57602.215
10327.000,57602.215
10328.000,57602.215
10329.000,57602.215
10330.000,57602.215
10331.000,57602.215
10332.000,57602.215
10333.000,57602.215
10334.000,57602.215
10335.000,57602.215
10336.000,57602.215
10337.000,57602.215
10338.000,57602.215
10339.000,57602.215
10340.000,57602.215
10341.000,57602.215
10342.000,57602.215
10343.000,57602.215
10344.000,57602.215
10345.000,57602.215
10346.000,57602.215
10347.000,57602.215
10348.000,57602.215
10349.000,57602.215
10350.000,57602.215
10351.000,57602.215
10352.000,57602.215
10353.000,57602.215
10354.000,57602.215
10355.000,57681.339
10356.000,57681.339
10357.000,57602.215
10358.000,57602.215
10359.000,57602.215
10360.000,57602.215
10361.000,57602.215
10362.000,57602.215
10363.000,57681.339
10364.000,57681.339
10365.000,57602.215
10366.000,57602.215
10367.000,57602.215
10368.000,57602.215
10369.000,57602.215
10370.000,57602.215
10371.000,57602.215
10372.000,57681.339
10373.000,57602.215
10374.000,57602.215
10375.000,57602.215
10376.000,57602.215
10377.000,57602.215
10378.000,57602.215
10379.000,57602.215
10380.000,57602.215
10381.000,57602.215
10382.000,57602.215
10383.000,57602.215
10384.000,57602.215
10385.000,57602.215
10386.000,57602.215
10387.000,57602.215
10388.000,57602.215
10389.000,57602.215
10390.000,57602.215
10391.000,57602.215
10392.000,57602.215
10393.000,57602.215
10394.000,57602.215
10395.000,57602.215
10396.000,57602.215
10397.000,57681.339
10398.000,57602.215
10399.000,57602.215
10400.000,57602.215
10401.000,57602.215
10402.000,57602.215
10403.000,57602.215
10404.000,57602.215
10405.000,57681.339
10406.000,57681.339
10407.000,57602.215
10408.000,57602.215
10409.000,57602.215
10410.000,57602.215
10411.000,57602.215
10412.000,57602.215
10413.000,57681.339
10414.000,57681.339
10415.000,57602.215
10416.000,57602.215
10417.000,57602.215
10418.000,57602.215
10419.000,57602.215
10420.000,57602.215
10421.000,57681.339
10422.000,57681.339
10423.000,57681.339
10424.000,57602.215
10425.000,57602.215
10426.000,57602.215
10427.000,57602.215
10428.000,57602.215
10429.000,57602.215
10430.000,57681.339
10431.000,57681.339
10432.000,57602.215
10433.000,57602.215
10434.000,57602.215
10435.000,57602.215
10436.000,57602.215
10437.000,57602.215
10438.000,57602.215
10439.000,57602.215
10440.000,57602.215
10441.000,57602.215
10442.000,57602.215
10443.000,57602.215
10444.000,57602.215
10445.000,57602.215
10446.000,57602.215
10447.000,57602.215
10448.000,57602.215
10449.000,57602.215
10450.000,57602.215
10451.000,57602.215
10452.000,57602.215
10453.000,57602.215
10454.000,57602.215
10455.000,57681.339
10456.000,57602.215
10457.000,57602.215
10458.000,57602.215
10459.000,57602.215
10460.000,57602.215
10461.000,57602.215
10462.000,57602.215
10463.000,57681.339
10464.000,57681.339
10465.000,57602.215
10466.000,57602.215
10467.000,57602.215
10468.000,57602.215
10469.000,57602.215
10470.000,57602.215
10471.000,57602.215
10472.000,57681.339
10473.000,57681.339
10474.000,57602.215
10475.000,57602.215
10476.000,57602.215
10477.000,57602.215
10478.000,57602.215
10479.000,57602.215
10480.000,57681.339
10481.000,57602.215
10482.000,57602.215
10483.000,57602.215
10484.000,57602.215
10485.000,57602.215
10486.000,57602.215
10487.000,57602.215
10488.000,57602.215
10489.000,57602.215
10490.000,57602.215
10491.000,57602.215
10492.000,57602.215
10493.000,57602.215
10494.000,57602.215
10495.000,57602.215
10496.000,57602.215
10497.000,57602.215
10498.000,57602.215
10499.000,57602.215
10500.000,57602.215
10501.000,57602.215
10502.000,57602.215
10503.000,57602.215
10504.000,57602.215
10505.000,57602.215
10506.000,57602.215
10507.000,57602.215
10508.000,57602.215
10509.000,57602.215
10510.000,57602.215
10511.000,57602.215
10512.000,57602.215
10513.000,57681.339
10514.000,57681.339
10515.000,57602.215
10516.000,57602.215
10517.000,57602.215
10518.000,57602.215
10519.000,57602.215
10520.000,57602.215
10521.000,57681.339
10522.000,57681.339
10523.000,57681.339
10524.000,57602.215
10525.000,57602.215
10526.000,57602.215
10527.000,57602.215
10528.000,57602.215
10529.000,57602.215
10530.000,57681.339
10531.000,57681.339
10532.000,57602.215
10533.000,57602.215
10534.000,57602.215
10535.000,57602.215
10536.000,57602.215
10537.000,57602.215
10538.000,57602.215
10539.000,57681.339
10540.000,57602.215
10541.000,57602.215
10542.000,57602.215
10543.000,57602.215
10544.000,57602.215
10545.000,57602.215
10546.000,57602.215
10547.000,57681.339
10548.000,57602.215
10549.000,57602.215
10550.000,57602.215
10551.000,57602.215
10552.000,57602.215
10553.000,57602.215
10554.000,57602.215
10555.000,57602.215
10556.000,57681.339
10557.000,57602.215
10558.000,57602.215
10559.000,57602.215
10560.000,57602.215
10561.000,57602.215
10562.000,57602.215
10563.000,57602.215
10564.000,57681.339
10565.000,57602.215
10566.000,57602.215
10567.000,57602.215
10568.000,57602.215
10569.000,57602.215
10570.000,57602.215
10571.000,57602.215
10572.000,57681.339
10573.000,57681.339
10574.000,57602.215
10575.000,57602.215
10576.000,57602.215
10577.000,57602.215
10578.000,57602.215
10579.000,57602.215
10580.000,57602.215
10581.000,57602.215
10582.000,57602.215
10583.000,57602.215
10584.000,57602.215
10585.000,57602.215
10586.000,57602.215
10587.000,57602.215
10588.000,57602.215
10589.000,57602.215
10590.000,57602.215
10591.000,57602.215
10592.000,57602.215
10593.000,57602.215
10594.000,57602.215
10595.000,57602.215
10596.000,57602.215
10597.000,57602.215
10598.000,57602.215
10599.000,57602.215
10600.000,57602.215
10601.000,57602.215
10602.000,57602.215
10603.000,57602.215
10604.000,57602.215
10605.000,57602.215
10606.000,57602.215
10607.000,57602.215
10608.000,57602.215
10609.000,57602.215
10610.000,57602.215
10611.000,57602.215
10612.000,57602.215
10613.000,57602.215
10614.000,57602.215
10615.000,57602.215
10616.000,57602.215
10617.000,57602.215
10618.000,57602.215
10619.000,57602.215
10620.000,57602.215
10621.000,57602.215
10622.000,57681.339
10623.000,57602.215
10624.000,57602.215
10625.000,57602.215
10626.000,57602.215
10627.000,57602.215
10628.000,57602.215
10629.000,57602.215
10630.000,57681.339
10631.000,57681.339
10632.000,57602.215
10633.000,57602.215
10634.000,57602.215
10635.000,57602.215
10636.000,57602.215
10637.000,57602.215
10638.000,57602.215
10639.000,57602.215
10640.000,57602.215
10641.000,57602.215
10642.000,57602.215
10643.000,57602.215
10644.000,57602.215
10645.000,57602.215
10646.000,57602.215
10647.000,57602.215
10648.000,57602.215
10649.000,57602.215
10650.000,57602.215
10651.000,57602.215
10652.000,57602.215
10653.000,57602.215
10654.000,57602.215
10655.000,57602.215
10656.000,57681.339
10657.000,57602.215
10658.000,57602.215
10659.000,57602.215
10660.000,57602.215
10661.000,57602.215
10662.000,57602.215
10663.000,57602.215
10664.000,57681.339
10665.000,57602.215
10666.000,57602.215
10667.000,57602.215
10668.000,57602.215
10669.000,57602.215
10670.000,57602.215
10671.000,57602.215
10672.000,57602.215
10673.000,57602.215
10674.000,57602.215
10675.000,57602.215
10676.000,57602.215
10677.000,57602.215
10678.000,57602.215
10679.000,57602.215
10680.000,57602.215
10681.000,57602.215
10682.000,57602.215
10683.000,57602.215
10684.000,57602.215
10685.000,57602.215
10686.000,57602.215
10687.000,57602.215
10688.000,57602.215
10689.000,57602.215
10690.000,57602.215
10691.000,57602.215
10692.000,57602.215
10693.000,57602.215
10694.000,57602.215
10695.000,57602.215
10696.000,57602.215
10697.000,57602.215
10698.000,57602.215
10699.000,57602.215
10700.000,57602.215
10701.000,57602.215
10702.000,57602.215
10703.000,57602.215
10704.000,57602.215
10705.000,57602.215
10706.000,57602.215
10707.000,57602.215
10708.000,57602.215
10709.000,57602.215
10710.000,57602.215
10711.000,57602.215
10712.000,57602.215
10713.000,57602.215
10714.000,57602.215
10715.000,57602.215
10716.000,57602.215
10717.000,57602.215
10718.000,57602.215
10719.000,57602.215
10720.000,57602.215
10721.000,57602.215
10722.000,57681.339
10723.000,57602.215
10724.000,57602.215
10725.000,57602.215
10726.000,57602.215
10727.000,57602.215
10728.000,57602.215
10729.000,57602.215
10730.000,57681.339
10731.000,57681.339
10732.000,57602.215
10733.000,57602.215
10734.000,57602.215
10735.000,57602.215
10736.000,57602.215
10737.000,57602.215
10738.000,57602.215
10739.000,57681.339
10740.000,57602.215
10741.000,57602.215
10742.000,57602.215
10743.000,57602.215
10744.000,57602.215
10745.000,57602.215
10746.000,57602.215
10747.000,57602.215
10748.000,57602.215
10749.000,57602.215
10750.000,57602.215
10751.000,57602.215
10752.000,57602.215
10753.000,57602.215
10754.000,57602.215
10755.000,57602.215
10756.000,57602.215
10757.000,57602.215
10758.000,57602.215
10759.000,57602.215
10760.000,57602.215
10761.000,57602.215
10762.000,57602.215
10763.000,57602.215
10764.000,57602.215
10765.000,57602.215
10766.000,57602.215
10767.000,57602.215
10768.000,57602.215
10769.000,57602.215
10770.000,57602.215
10771.000,57602.215
10772.000,57681.339
10773.000,57602.215
10774.000,57602.215
10775.000,57602.215
10776.000,57602.215
10777.000,57602.215
10778.000,57602.215
10779.000,57602.215
10780.000,57602.215
10781.000,57602.215
10782.000,57602.215
10783.000,57602.215
10784.000,57602.215
10785.000,57602.215
10786.000,57602.215
10787.000,57602.215
10788.000,57602.215
10789.000,57681.339
10790.000,57602.215
10791.000,57602.215
10792.000,57602.215
10793.000,57602.215
10794.000,57602.215
10795.000,57602.215
10796.000,57602.215
10797.000,57602.215
10798.000,57602.215
10799.000,57602.215
10800.000,57602.215
10801.000,57602.215
10802.000,57602.215
10803.000,57602.215
10804.000,57602.215
10805.000,57602.215
10806.000,57602.215
10807.000,57602.215
10808.000,57602.215
10809.000,57602.215
10810.000,57602.215
10811.000,57602.215
10812.000,57602.215
10813.000,57602.215
10814.000,57602.215
10815.000,57602.215
10816.000,57602.215
10817.000,57602.215
10818.000,57602.215
10819.000,57602.215
10820.000,57602.215
10821.000,57602.215
10822.000,57681.339
10823.000,57602.215
10824.000,57602.215
10825.000,57602.215
10826.000,57602.215
10827.000,57602.215
10828.000,57602.215
10829.000,57602.215
10830.000,57681.339
10831.000,57681.339
10832.000,57602.215
10833.000,57602.215
10834.000,57602.215
10835.000,57602.215
10836.000,57602.215
10837.000,57602.215
10838.000,57681.339
10839.000,57681.339
10840.000,57602.215
10841.000,57602.215
10842.000,57602.215
10843.000,57602.215
10844.000,57602.215
10845.000,57602.215
10846.000,57602.215
10847.000,57681.339
10848.000,57602.215
10849.000,57602.215
10850.000,57602.215
10851.000,57602.215
10852.000,57602.215
10853.000,57602.215
10854.000,57602.215
10855.000,57602.215
10856.000,57602.215
10857.000,57602.215
10858.000,57602.215
10859.000,57602.215
10860.000,57602.215
10861.000,57602.215
10862.000,57602.215
10863.000,57602.215
10864.000,57602.215
10865.000,57602.215
10866.000,57602.215
10867.000,57602.215
10868.000,57602.215
10869.000,57602.215
10870.000,57602.215
10871.000,57602.215
10872.000,57681.339
10873.000,57602.215
10874.000,57602.215
10875.000,57602.215
10876.000,57602.215
10877.000,57602.215
10878.000,57602.215
10879.000,57602.215
10880.000,57681.339
10881.000,57681.339
10882.000,57602.215
10883.000,57602.215
10884.000,57602.215
10885.000,57602.215
10886.000,57602.215
10887.000,57602.215
10888.000,57681.339
10889.000,57681.339
10890.000,57602.215
10891.000,57602.215
10892.000,57602.215
10893.000,57602.215
10894.000,57602.215
10895.000,57602.215
10896.000,57602.215
10897.000,57681.339
10898.000,57681.339
10899.000,57602.215
10900.000,57602.215
10901.000,57602.215
10902.000,57602.215
10903.000,57602.215
10904.000,57602.215
10905.000,57602.215
10906.000,57681.339
10907.000,57602.215
10908.000,57602.215
10909.000,57602.215
10910.000,57602.215
10911.000,57602.215
10912.000,57602.215
10913.000,57602.215
10914.000,57681.339
10915.000,57602.215
10916.000,57602.215
10917.000,57602.215
10918.000,57602.215
10919.000,57602.215
10920.000,57602.215
10921.000,57602.215
10922.000,57681.339
10923.000,57602.215
10924.000,57602.215
10925.000,57602.215
10926.000,57602.215
10927.000,57602.215
10928.000,57602.215
10929.000,57602.215
10930.000,57681.339
10931.000,57681.339
10932.000,57602.215
10933.000,57602.215
10934.000,57602.215
10935.000,57602.215
10936.000,57602.215
10937.000,57602.215
10938.000,57602.215
10939.000,57681.339
10940.000,57602.215
10941.000,57602.215
10942.000,57602.215
10943.000,57602.215
10944.000,57602.215
10945.000,57602.215
10946.000,57602.215
10947.000,57681.339
10948.000,57602.215
10949.000,57602.215
10950.000,57602.215
10951.000,57602.215
10952.000,57602.215
10953.000,57602.215
10954.000,57602.215
10955.000,57681.339
10956.000,57681.339
10957.000,57602.215
10958.000,57602.215
10959.000,57602.215
10960.000,57602.215
10961.000,57602.215
10962.000,57602.215
10963.000,57602.215
10964.000,57681.339
10965.000,57602.215
10966.000,57602.215
10967.000,57602.215
10968.000,57602.215
10969.000,57602.215
10970.000,57602.215
10971.000,57602.215
10972.000,57681.339
10973.000,57681.339
10974.000,57602.215
10975.000,57602.215
10976.000,57602.215
10977.000,57602.215
10978.000,57602.215
10979.000,57602.215
10980.000,57681.339
10981.000,57681.339
10982.000,57602.215
10983.000,57602.215
10984.000,57602.215
10985.000,57602.215
10986.000,57602.215
10987.000,57602.215
10988.000,57602.215
10989.000,57681.339
10990.000,57681.339
10991.000,57602.215
10992.000,57602.215
10993.000,57602.215
10994.000,57602.215
10995.000,57602.215
10996.000,57602.215
10997.000,57681.339
10998.000,57602.215
10999.000,57602.215
11000.000,57602.215
11001.000,57602.215
11002.000,57602.215
11003.000,57602.215
11004.000,57602.215
11005.000,57602.215
11006.000,57602.215
11007.000,57602.215
11008.000,57602.215
11009.000,57602.215
11010.000,57602.215
11011.000,57602.215
11012.000,57602.215
11013.000,57602.215
11014.000,57602.215
11015.000,57602.215
11016.000,57602.215
11017.000,57602.215
11018.000,57602.215
11019.000,57602.215
11020.000,57602.215
11021.000,57602.215
11022.000,57681.339
11023.000,57602.215
11024.000,57602.215
11025.000,57602.215
11026.000,57602.215
11027.000,57602.215
11028.000,57602.215
11029.000,57602.215
11030.000,57681.339
11031.000,57681.339
11032.000,57602.215
11033.000,57602.215
11034.000,57602.215
11035.000,57602.215
11036.000,57602.215
11037.000,57602.215
11038.000,57681.339
11039.000,57681.339
11040.000,57602.215
11041.000,57602.215
11042.000,57602.215
11043.000,57602.215
11044.000,57602.215
11045.000,57602.215
11046.000,57602.215
11047.000,57681.339
11048.000,57602.215
11049.000,57602.215
11050.000,57602.215
11051.000,57602.215
11052.000,57602.215
11053.000,57602.215
11054.000,57602.215
11055.000,57602.215
11056.000,57602.215
11057.000,57602.215
11058.000,57602.215
11059.000,57602.215
11060.000,57602.215
11061.000,57602.215
11062.000,57602.215
11063.000,57602.215
11064.000,57602.215
11065.000,57602.215
11066.000,57602.215
11067.000,57602.215
11068.000,57602.215
11069.000,57602.215
11070.000,57602.215
11071.000,57602.215
11072.000,57681.339
11073.000,57602.215
11074.000,57602.215
11075.000,57602.215
11076.000,57602.215
11077.000,57602.215
11078.000,57602.215
11079.000,57602.215
11080.000,57681.339
11081.000,57681.339
11082.000,57602.215
11083.000,57602.215
11084.000,57602.215
11085.000,57602.215
11086.000,57602.215
11087.000,57602.215
11088.000,57602.215
11089.000,57681.339
11090.000,57602.215
11091.000,57602.215
11092.000,57602.215
11093.000,57602.215
11094.000,57602.215
11095.000,57602.215
11096.000,57602.215
11097.000,57681.339
11098.000,57681.339
11099.000,57602.215
11100.000,57602.215
11101.000,57602.215
11102.000,57602.215
11103.000,57602.215
11104.000,57602.215
11105.000,57602.215
11106.000,57602.215
11107.000,57602.215
11108.000,57602.215
11109.000,57602.215
11110.000,57602.215
11111.000,57602.215
11112.000,57602.215
11113.000,57602.215
11114.000,57602.215
11115.000,57602.215
11116.000,57602.215
11117.000,57602.215
11118.000,57602.215
11119.000,57602.215
11120.000,57602.215
11121.000,57602.215
11122.000,57602.215
11123.000,57602.215
11124.000,57602.215
11125.000,57602.215
11126.000,57602.215
11127.000,57602.215
11128.000,57602.215
11129.000,57602.215
11130.000,57602.215
11131.000,57602.215
11132.000,57602.215
11133.000,57602.215
11134.000,57602.215
11135.000,57602.215
11136.000,57602.215
11137.000,57602.215
11138.000,57602.215
11139.000,57681.339
11140.000,57602.215
11141.000,57602.215
11142.000,57602.215
11143.000,57602.215
11144.000,57602.215
11145.000,57602.215
11146.000,57602.215
11147.000,57681.339
11148.000,57602.215
11149.000,57602.215
11150.000,57602.215
11151.000,57602.215
11152.000,57602.215
11153.000,57602.215
11154.000,57602.215
11155.000,57602.215
11156.000,57602.215
11157.000,57602.215
11158.000,57602.215
11159.000,57602.215
11160.000,57602.215
11161.000,57602.215
11162.000,57602.215
11163.000,57602.215
11164.000,57602.215
11165.000,57602.215
11166.000,57602.215
11167.000,57602.215
11168.000,57602.215
11169.000,57602.215
11170.000,57602.215
11171.000,57602.215
11172.000,57602.215
11173.000,57602.215
11174.000,57602.215
11175.000,57602.215
11176.000,57602.215
11177.000,57602.215
11178.000,57602.215
11179.000,57602.215
11180.000,57681.339
11181.000,57681.339
11182.000,57602.215
11183.000,57602.215
11184.000,57602.215
11185.000,57602.215
11186.000,57602.215
11187.000,57602.215
11188.000,57681.339
11189.000,57681.339
11190.000,57602.215
11191.000,57602.215
11192.000,57602.215
11193.000,57602.215
11194.000,57602.215
11195.000,57602.215
11196.000,57681.339
11197.000,57681.339
11198.000,57681.339
11199.000,57602.215
11200.000,57602.215
11201.000,57602.215
11202.000,57602.215
11203.000,57602.215
11204.000,57602.215
11205.000,57681.339
11206.000,57681.339
11207.000,57602.215
11208.000,57602.215
11209.000,57602.215
11210.000,57602.215
11211.000,57602.215
11212.000,57602.215
11213.000,57602.215
11214.000,57681.339
11215.000,57602.215
11216.000,57602.215
11217.000,57602.215
11218.000,57602.215
11219.000,57602.215
11220.000,57602.215
11221.000,57602.215
11222.000,57602.215
11223.000,57602.215
11224.000,57602.215
11225.000,57602.215
11226.000,57602.215
11227.000,57602.215
11228.000,57602.215
11229.000,57602.215
11230.000,57602.215
11231.000,57602.215
11232.000,57602.215
11233.000,57602.215
11234.000,57602.215
11235.000,57602.215
11236.000,57602.215
11237.000,57602.215
11238.000,57602.215
11239.000,57681.339
11240.000,57602.215
11241.000,57602.215
11242.000,57602.215
11243.000,57602.215
11244.000,57602.215
11245.000,57602.215
11246.000,57602.215
11247.000,57681.339
11248.000,57602.215
11249.000,57602.215
11250.000,57602.215
11251.000,57602.215
11252.000,57602.215
11253.000,57602.215
11254.000,57602.215
11255.000,57681.339
11256.000,57602.215
11257.000,57602.215
11258.000,57602.215
11259.000,57602.215
11260.000,57602.215
11261.000,57602.215
11262.000,57602.215
11263.000,57602.215
11264.000,57681.339
11265.000,57602.215
11266.000,57602.215
11267.000,57602.215
11268.000,57602.215
11269.000,57602.215
11270.000,57602.215
11271.000,57602.215
11272.000,57681.339
11273.000,57602.215
11274.000,57602.215
11275.000,57602.215
11276.000,57602.215
11277.000,57602.215
11278.000,57602.215
11279.000,57602.215
11280.000,57681.339
11281.000,57681.339
11282.000,57602.215
11283.000,57602.215
11284.000,57602.215
11285.000,57602.215
11286.000,57602.215
11287.000,57602.215
11288.000,57681.339
11289.000,57681.339
11290.000,57602.215
11291.000,57602.215
11292.000,57602.215
11293.000,57602.215
11294.000,57602.215
11295.000,57602.215
11296.000,57602.215
11297.000,57681.339
11298.000,57602.215
11299.000,57602.215
11300.000,57602.215
11301.000,57602.215
11302.000,57602.215
11303.000,57602.215
11304.000,57602.215
11305.000,57681.339
11306.000,57681.339
11307.000,57602.215
11308.000,57602.215
11309.000,57602.215
11310.000,57602.215
11311.000,57602.215
11312.000,57602.215
11313.000,57681.339
11314.000,57681.339
11315.000,57602.215
11316.000,57602.215
11317.000,57602.215
11318.000,57602.215
11319.000,57602.215
11320.000,57602.215
11321.000,57602.215
11322.000,57681.339
11323.000,57602.215
11324.000,57602.215
11325.000,57602.215
11326.000,57602.215
11327.000,57602.215
11328.000,57602.215
11329.000,57602.215
11330.000,57681.339
11331.000,57681.339
11332.000,57602.215
11333.000,57602.215
11334.000,57602.215
11335.000,57602.215
11336.000,57602.215
11337.000,57602.215
11338.000,57602.215
11339.000,57681.339
11340.000,57602.215
11341.000,57602.215
11342.000,57602.215
11343.000,57602.215
11344.000,57602.215
11345.000,57602.215
11346.000,57602.215
11347.000,57681.339
11348.000,57602.215
11349.000,57602.215
11350.000,57602.215
11351.000,57602.215
11352.000,57602.215
11353.000,57602.215
11354.000,57602.215
11355.000,57602.215
11356.000,57602.215
11357.000,57602.215
11358.000,57602.215
11359.000,57602.215
11360.000,57602.215
11361.000,57602.215
11362.000,57602.215
11363.000,57602.215
11364.000,57602.215
11365.000,57602.215
11366.000,57602.215
11367.000,57602.215
11368.000,57602.215
11369.000,57602.215
11370.000,57602.215
11371.000,57602.215
11372.000,57602.215
11373.000,57602.215
11374.000,57602.215
11375.000,57602.215
11376.000,57602.215
11377.000,57602.215
11378.000,57602.215
11379.000,57602.215
11380.000,57681.339
11381.000,57681.339
11382.000,57602.215
11383.000,57602.215
11384.000,57602.215
11385.000,57602.215
11386.000,57602.215
11387.000,57602.215
11388.000,57681.339
11389.000,57681.339
11390.000,57602.215
11391.000,57602.215
11392.000,57602.215
11393.000,57602.215
11394.000,57602.215
11395.000,57602.215
11396.000,57681.339
11397.000,57681.339
11398.000,57681.339
11399.000,57602.215
11400.000,57602.215
11401.000,57602.215
11402.000,57602.215
11403.000,57602.215
11404.000,57602.215
11405.000,57681.339
11406.000,57681.339
11407.000,57602.215
11408.000,57602.215
11409.000,57602.215
11410.000,57602.215
11411.000,57602.215
11412.000,57602.215
11413.000,57602.215
11414.000,57681.339
11415.000,57602.215
11416.000,57602.215
11417.000,57602.215
11418.000,57602.215
11419.000,57602.215
11420.000,57602.215
11421.000,57602.215
11422.000,57602.215
11423.000,57602.215
11424.000,57602.215
11425.000,57602.215
11426.000,57602.215
11427.000,57602.215
11428.000,57602.215
11429.000,57602.215
11430.000,57602.215
11431.000,57602.215
11432.000,57602.215
11433.000,57602.215
11434.000,57602.215
11435.000,57602.215
11436.000,57602.215
11437.000,57602.215
11438.000,57602.215
11439.000,57602.215
11440.000,57602.215
11441.000,57602.215
11442.000,57602.215
11443.000,57602.215
11444.000,57602.215
11445.000,57602.215
11446.000,57602.215
11447.000,57681.339
11448.000,57602.215
11449.000,57602.215
11450.000,57602.215
11451.000,57602.215
11452.000,57602.215
11453.000,57602.215
11454.000,57602.215
11455.000,57681.339
11456.000,57681.339
11457.000,57602.215
11458.000,57602.215
11459.000,57602.215
11460.000,57602.215
11461.000,57602.215
11462.000,57602.215
11463.000,57602.215
11464.000,57681.339
11465.000,57602.215
11466.000,57602.215
11467.000,57602.215
11468.000,57602.215
11469.000,57602.215
11470.000,57602.215
11471.000,57602.215
11472.000,57681.339
11473.000,57602.215
11474.000,57602.215
11475.000,57602.215
11476.000,57602.215
11477.000,57602.215
11478.000,57602.215
11479.000,57602.215
11480.000,57602.215
11481.000,57681.339
11482.000,57602.215
11483.000,57602.215
11484.000,57602.215
11485.000,57602.215
11486.000,57602.215
11487.000,57602.215
11488.000,57602.215
11489.000,57681.339
11490.000,57602.215
11491.000,57602.215
11492.000,57602.215
11493.000,57602.215
11494.000,57602.215
11495.000,57602.215
11496.000,57602.215
11497.000,57681.339
11498.000,57681.339
11499.000,57602.215
11500.000,57602.215
11501.000,57602.215
11502.000,57602.215
11503.000,57602.215
11504.000,57602.215
11505.000,57681.339
11506.000,57681.339
11507.000,57602.215
11508.000,57602.215
11509.000,57602.215
11510.000,57602.215
11511.000,57602.215
11512.000,57602.215
11513.000,57602.215
11514.000,57681.339
11515.000,57602.215
11516.000,57602.215
11517.000,57602.215
11518.000,57602.215
11519.000,57602.215
11520.000,57602.215
11521.000,57602.215
11522.000,57602.215
11523.000,57602.215
11524.000,57602.215
11525.000,57602.215
11526.000,57602.215
11527.000,57602.215
11528.000,57602.215
11529.000,57602.215
11530.000,57602.215
11531.000,57602.215
11532.000,57602.215
11533.000,57602.215
11534.000,57602.215
11535.000,57602.215
11536.000,57602.215
11537.000,57602.215
11538.000,57602.215
11539.000,57602.215
11540.000,57602.215
11541.000,57602.215
11542.000,57602.215
11543.000,57602.215
11544.000,57602.215
11545.000,57602.215
11546.000,57602.215
11547.000,57681.339
11548.000,57602.215
11549.000,57602.215
11550.000,57602.215
11551.000,57602.215
11552.000,57602.215
11553.000,57602.215
11554.000,57602.215
11555.000,57681.339
11556.000,57602.215
11557.000,57602.215
11558.000,57602.215
11559.000,57602.215
11560.000,57602.215
11561.000,57602.215
11562.000,57602.215
11563.000,57602.215
11564.000,57602.215
11565.000,57602.215
11566.000,57602.215
11567.000,57602.215
11568.000,57602.215
11569.000,57602.215
11570.000,57602.215
11571.000,57602.215
11572.000,57602.215
11573.000,57602.215
11574.000,57602.215
11575.000,57602.215
11576.000,57602.215
11577.000,57602.215
11578.000,57602.215
11579.000,57602.215
11580.000,57602.215
11581.000,57602.215
11582.000,57602.215
11583.000,57602.215
11584.000,57602.215
11585.000,57602.215
11586.000,57602.215
11587.000,57602.215
11588.000,57602.215
11589.000,57681.339
11590.000,57602.215
11591.000,57602.215
11592.000,57602.215
11593.000,57602.215
11594.000,57602.215
11595.000,57602.215
11596.000,57602.215
11597.000,57602.215
11598.000,57602.215
11599.000,57602.215
11600.000,57602.215
11601.000,57602.215
11602.000,57602.215
11603.000,57602.215
11604.000,57602.215
11605.000,57681.339
11606.000,57681.339
11607.000,57602.215
11608.000,57602.215
11609.000,57602.215
11610.000,57602.215
11611.000,57602.215
11612.000,57602.215
11613.000,57602.215
11614.000,57681.339
11615.000,57602.215
11616.000,57602.215
11617.000,57602.215
11618.000,57602.215
11619.000,57602.215
11620.000,57602.215
11621.000,57602.215
11622.000,57602.215
11623.000,57602.215
11624.000,57602.215
11625.000,57602.215
11626.000,57602.215
11627.000,57602.215
11628.000,57602.215
11629.000,57602.215
11630.000,57602.215
11631.000,57602.215
11632.000,57602.215
11633.000,57602.215
11634.000,57602.215
11635.000,57602.215
11636.000,57602.215
11637.000,57602.215
11638.000,57602.215
11639.000,57602.215
11640.000,57602.215
11641.000,57602.215
11642.000,57602.215
11643.000,57602.215
11644.000,57602.215
11645.000,57602.215
11646.000,57602.215
11647.000,57602.215
11648.000,57602.215
11649.000,57602.215
11650.000,57602.215
11651.000,57602.215
11652.000,57602.215
11653.000,57602.215
11654.000,57602.215
11655.000,57602.215
11656.000,57602.215
11657.000,57602.215
11658.000,57602.215
11659.000,57602.215
11660.000,57602.215
11661.000,57602.215
11662.000,57602.215
11663.000,57602.215
11664.000,57602.215
11665.000,57602.215
11666.000,57602.215
11667.000,57602.215
11668.000,57602.215
11669.000,57602.215
11670.000,57602.215
11671.000,57602.215
11672.000,57602.215
11673.000,57602.215
11674.000,57602.215
11675.000,57602.215
11676.000,57602.215
11677.000,57602.215
11678.000,57602.215
11679.000,57602.215
11680.000,57602.215
11681.000,57602.215
11682.000,57602.215
11683.000,57602.215
11684.000,57602.215
11685.000,57602.215
11686.000,57602.215
11687.000,57602.215
11688.000,57602.215
11689.000,57681.339
11690.000,57602.215
11691.000,57602.215
11692.000,57602.215
11693.000,57602.215
11694.000,57602.215
11695.000,57602.215
11696.000,57602.215
11697.000,57681.339
11698.000,57602.215
11699.000,57602.215
11700.000,57602.215
11701.000,57602.215
11702.000,57602.215
11703.000,57602.215
11704.000,57602.215
11705.000,57602.215
11706.000,57602.215
11707.000,57602.215
11708.000,57602.215
11709.000,57602.215
11710.000,57602.215
11711.000,57602.215
11712.000,57602.215
11713.000,57602.215
11714.000,57602.215
11715.000,57602.215
11716.000,57602.215
11717.000,57602.215
11718.000,57602.215
11719.000,57602.215
11720.000,57602.215
11721.000,57602.215
11722.000,57602.215
11723.000,57602.215
11724.000,57602.215
11725.000,57602.215
11726.000,57602.215
11727.000,57602.215
11728.000,57602.215
11729.000,57602.215
11730.000,57602.215
11731.000,57602.215
11732.000,57602.215
11733.000,57602.215
11734.000,57602.215
11735.000,57602.215
11736.000,57602.215
11737.000,57602.215
11738.000,57602.215
11739.000,57681.339
11740.000,57602.215
11741.000,57602.215
11742.000,57602.215
11743.000,57602.215
11744.000,57602.215
11745.000,57602.215
11746.000,57681.339
11747.000,57681.339
11748.000,57681.339
11749.000,57602.215
11750.000,57602.215
11751.000,57602.215
11752.000,57602.215
11753.000,57602.215
11754.000,57602.215
11755.000,57681.339
11756.000,57681.339
11757.000,57602.215
11758.000,57602.215
11759.000,57602.215
11760.000,57602.215
11761.000,57602.215
11762.000,57602.215
11763.000,57602.215
11764.000,57681.339
11765.000,57602.215
11766.000,57602.215
11767.000,57602.215
11768.000,57602.215
11769.000,57602.215
11770.000,57602.215
11771.000,57602.215
11772.000,57602.215
11773.000,57602.215
11774.000,57602.215
11775.000,57602.215
11776.000,57602.215
11777.000,57602.215
11778.000,57602.215
11779.000,57602.215
11780.000,57602.215
11781.000,57602.215
11782.000,57602.215
11783.000,57602.215
11784.000,57602.215
11785.000,57602.215
11786.000,57602.215
11787.000,57602.215
11788.000,57602.215
11789.000,57602.215
11790.000,57602.215
11791.000,57602.215
11792.000,57602.215
11793.000,57602.215
11794.000,57602.215
11795.000,57602.215
11796.000,57602.215
11797.000,57681.339
11798.000,57602.215
11799.000,57602.215
11800.000,57602.215
11801.000,57602.215
11802.000,57602.215
11803.000,57602.215
11804.000,57602.215
11805.000,57681.339
11806.000,57681.339
11807.000,57602.215
11808.000,57602.215
11809.000,57602.215
11810.000,57602.215
11811.000,57602.215
11812.000,57602.215
11813.000,57681.339
11814.000,57681.339
11815.000,57602.215
11816.000,57602.215
11817.000,57602.215
11818.000,57602.215
11819.000,57602.215
11820.000,57602.215
11821.000,57602.215
11822.000,57681.339
11823.000,57602.215
11824.000,57602.215
11825.000,57602.215
11826.000,57602.215
11827.000,57602.215
11828.000,57602.215
11829.000,57602.215
11830.000,57602.215
11831.000,57602.215
11832.000,57602.215
11833.000,57602.215
11834.000,57602.215
11835.000,57602.215
11836.000,57602.215
11837.000,57602.215
11838.000,57602.215
11839.000,57602.215
11840.000,57602.215
11841.000,57602.215
11842.000,57602.215
11843.000,57602.215
11844.000,57602.215
11845.000,57602.215
11846.000,57602.215
11847.000,57681.339
11848.000,57602.215
11849.000,57602.215
11850.000,57602.215
11851.000,57602.215
11852.000,57602.215
11853.000,57602.215
11854.000,57602.215
11855.000,57681.339
11856.000,57681.339
11857.000,57602.215
11858.000,57602.215
11859.000,57602.215
11860.000,57602.215
11861.000,57602.215
11862.000,57602.215
11863.000,57681.339
11864.000,57681.339
11865.000,57602.215
11866.000,57602.215
11867.000,57602.215
11868.000,57602.215
11869.000,57602.215
11870.000,57602.215
11871.000,57602.215
11872.000,57681.339
11873.000,57681.339
11874.000,57602.215
11875.000,57602.215
11876.000,57602.215
11877.000,57602.215
11878.000,57602.215
11879.000,57602.215
11880.000,57602.215
11881.000,57602.215
11882.000,57602.215
11883.000,57602.215
11884.000,57602.215
11885.000,57602.215
11886.000,57602.215
11887.000,57602.215
11888.000,57602.215
11889.000,57681.339
11890.000,57602.215
11891.000,57602.215
11892.000,57602.215
11893.000,57602.215
11894.000,57602.215
11895.000,57602.215
11896.000,57602.215
11897.000,57681.339
11898.000,57602.215
11899.000,57602.215
11900.000,57602.215
11901.000,57602.215
11902.000,57602.215
11903.000,57602.215
11904.000,57602.215
11905.000,57681.339
11906.000,57681.339
11907.000,57602.215
11908.000,57602.215
11909.000,57602.215
11910.000,57602.215
11911.000,57602.215
11912.000,57602.215
11913.000,57681.339
11914.000,57681.339
11915.000,57602.215
11916.000,57602.215
11917.000,57602.215
11918.000,57602.215
11919.000,57602.215
11920.000,57602.215
11921.000,57602.215
11922.000,57681.339
11923.000,57602.215
11924.000,57602.215
11925.000,57602.215
11926.000,57602.215
11927.000,57602.215
11928.000,57602.215
11929.000,57602.215
11930.000,57602.215
11931.000,57602.215
11932.000,57602.215
11933.000,57602.215
11934.000,57602.215
11935.000,57602.215
11936.000,57602.215
11937.000,57602.215
11938.000,57602.215
11939.000,57602.215
11940.000,57602.215
11941.000,57602.215
11942.000,57602.215
11943.000,57602.215
11944.000,57602.215
11945.000,57602.215
11946.000,57602.215
11947.000,57602.215
11948.000,57602.215
11949.000,57602.215
11950.000,57602.215
11951.000,57602.215
11952.000,57602.215
11953.000,57602.215
11954.000,57602.215
11955.000,57602.215
11956.000,57681.339
11957.000,57602.215
11958.000,57602.215
11959.000,57602.215
11960.000,57602.215
11961.000,57602.215
11962.000,57602.215
11963.000,57602.215
11964.000,57681.339
11965.000,57602.215
11966.000,57602.215
11967.000,57602.215
11968.000,57602.215
11969.000,57602.215
11970.000,57602.215
11971.000,57602.215
11972.000,57602.215
11973.000,57602.215
11974.000,57602.215
11975.000,57602.215
11976.000,57602.215
11977.000,57602.215
11978.000,57602.215
11979.000,57602.215
11980.000,57602.215
11981.000,57602.215
11982.000,57602.215
11983.000,57602.215
11984.000,57602.215
11985.000,57602.215
11986.000,57602.215
11987.000,57602.215
11988.000,57602.215
11989.000,57602.215
11990.000,57602.215
11991.000,57602.215
11992.000,57602.215
11993.000,57602.215
11994.000,57602.215
11995.000,57602.215
11996.000,57602.215
11997.000,57681.339
11998.000,57602.215
11999.000,57602.215
12000.000,57602.215
12001.000,57602.215
12002.000,57602.215
12003.000,57602.215
12004.000,57602.215
12005.000,57681.339
12006.000,57681.339
12007.000,57602.215
12008.000,57602.215
12009.000,57602.215
12010.000,57602.215
12011.000,57602.215
12012.000,57602.215
12013.000,57602.215
12014.000,57681.339
12015.000,57602.215
12016.000,57602.215
12017.000,57602.215
12018.000,57602.215
12019.000,57602.215
12020.000,57602.215
12021.000,57602.215
12022.000,57602.215
12023.000,57602.215
12024.000,57602.215
12025.000,57602.215
12026.000,57602.215
12027.000,57602.215
12028.000,57602.215
12029.000,57602.215
12030.000,57602.215
12031.000,57602.215
12032.000,57602.215
12033.000,57602.215
12034.000,57602.215
12035.000,57602.215
12036.000,57602.215
12037.000,57602.215
12038.000,57602.215
12039.000,57602.215
12040.000,57602.215
12041.000,57602.215
12042.000,57602.215
12043.000,57602.215
12044.000,57602.215
12045.000,57602.215
12046.000,57602.215
12047.000,57602.215
12048.000,57602.215
12049.000,57602.215
12050.000,57602.215
12051.000,57602.215
12052.000,57602.215
12053.000,57602.215
12054.000,57602.215
12055.000,57602.215
12056.000,57681.339
12057.000,57602.215
12058.000,57602.215
12059.000,57602.215
12060.000,57602.215
12061.000,57602.215
12062.000,57602.215
12063.000,57602.215
12064.000,57681.339
12065.000,57602.215
12066.000,57602.215
12067.000,57602.215
12068.000,57602.215
12069.000,57602.215
12070.000,57602.215
12071.000,57602.215
12072.000,57602.215
12073.000,57602.215
12074.000,57602.215
12075.000,57602.215
12076.000,57602.215
12077.000,57602.215
12078.000,57602.215
12079.000,57602.215
12080.000,57602.215
12081.000,57602.215
12082.000,57602.215
12083.000,57602.215
12084.000,57602.215
12085.000,57602.215
12086.000,57602.215
12087.000,57602.215
12088.000,57602.215
12089.000,57602.215
12090.000,57602.215
12091.000,57602.215
12092.000,57602.215
12093.000,57602.215
12094.000,57602.215
12095.000,57602.215
12096.000,57602.215
12097.000,57602.215
12098.000,57602.215
12099.000,57602.215
12100.000,57602.215
12101.000,57602.215
12102.000,57602.215
12103.000,57602.215
12104.000,57602.215
12105.000,57681.339
12106.000,57681.339
12107.000,57602.215
12108.000,57602.215
12109.000,57602.215
12110.000,57602.215
12111.000,57602.215
12112.000,57602.215
12113.000,57681.339
12114.000,57681.339
12115.000,57681.339
12116.000,57602.215
12117.000,57602.215
12118.000,57602.215
12119.000,57602.215
12120.000,57602.215
12121.000,57602.215
12122.000,57681.339
12123.000,57681.339
12124.000,57602.215
12125.000,57602.215
12126.000,57602.215
12127.000,57602.215
12128.000,57602.215
12129.000,57602.215
12130.000,57602.215
12131.000,57602.215
12132.000,57602.215
12133.000,57602.215
12134.000,57602.215
12135.000,57602.215
12136.000,57602.215
12137.000,57602.215
12138.000,57602.215
12139.000,57602.215
12140.000,57602.215
12141.000,57602.215
12142.000,57602.215
12143.000,57602.215
12144.000,57602.215
12145.000,57602.215
12146.000,57602.215
12147.000,57602.215
12148.000,57602.215
12149.000,57602.215
12150.000,57602.215
12151.000,57602.215
12152.000,57602.215
12153.000,57602.215
12154.000,57602.215
12155.000,57681.339
12156.000,57602.215
12157.000,57602.215
12158.000,57602.215
12159.000,57602.215
12160.000,57602.215
12161.000,57602.215
12162.000,57602.215
12163.000,57681.339
12164.000,57681.339
12165.000,57681.339
12166.000,57602.215
12167.000,57602.215
12168.000,57602.215
12169.000,57602.215
12170.000,57602.215
12171.000,57602.215
12172.000,57681.339
12173.000,57681.339
12174.000,57602.215
12175.000,57602.215
12176.000,57602.215
12177.000,57602.215
12178.000,57602.215
12179.000,57602.215
12180.000,57602.215
12181.000,57681.339
12182.000,57602.215
12183.000,57602.215
12184.000,57602.215
12185.000,57602.215
12186.000,57602.215
12187.000,57602.215
12188.000,57602.215
12189.000,57602.215
12190.000,57602.215
12191.000,57602.215
12192.000,57602.215
12193.000,57602.215
12194.000,57602.215
12195.000,57602.215
12196.000,57602.215
12197.000,57602.215
12198.000,57602.215
12199.000,57602.215
12200.000,57602.215
12201.000,57602.215
12202.000,57602.215
12203.000,57602.215
12204.000,57602.215
12205.000,57602.215
12206.000,57602.215
12207.000,57602.215
12208.000,57602.215
12209.000,57602.215
12210.000,57602.215
12211.000,57602.215
12212.000,57602.215
12213.000,57681.339
12214.000,57681.339
12215.000,57602.215
12216.000,57602.215
12217.000,57602.215
12218.000,57602.215
12219.000,57602.215
12220.000,57602.215
12221.000,57681.339
12222.000,57681.339
12223.000,57681.339
12224.000,57602.215
12225.000,57602.215
12226.000,57602.215
12227.000,57602.215
12228.000,57602.215
12229.000,57602.215
12230.000,57681.339
12231.000,57681.339
12232.000,57602.215
12233.000,57602.215
12234.000,57602.215
12235.000,57602.215
12236.000,57602.215
12237.000,57602.215
12238.000,57602.215
12239.000,57681.339
12240.000,57602.215
12241.000,57602.215
12242.000,57602.215
12243.000,57602.215
12244.000,57602.215
12245.000,57602.215
12246.000,57602.215
12247.000,57602.215
12248.000,57602.215
12249.000,57602.215
12250.000,57602.215
12251.000,57602.215
12252.000,57602.215
12253.000,57602.215
12254.000,57602.215
12255.000,57602.215
12256.000,57602.215
12257.000,57602.215
12258.000,57602.215
12259.000,57602.215
12260.000,57602.215
12261.000,57602.215
12262.000,57602.215
12263.000,57681.339
12264.000,57681.339
12265.000,57681.339
12266.000,57602.215
12267.000,57602.215
12268.000,57602.215
12269.000,57602.215
12270.000,57602.215
12271.000,57602.215
12272.000,57681.339
12273.000,57681.339
12274.000,57602.215
12275.000,57602.215
12276.000,57602.215
12277.000,57602.215
12278.000,57602.215
12279.000,57602.215
12280.000,57681.339
12281.000,57681.339
12282.000,57602.215
12283.000,57602.215
12284.000,57602.215
12285.000,57602.215
12286.000,57602.215
12287.000,57602.215
12288.000,57602.215
12289.000,57602.215
12290.000,57602.215
12291.000,57602.215
12292.000,57602.215
12293.000,57602.215
12294.000,57602.215
12295.000,57602.215
12296.000,57602.215
12297.000,57602.215
12298.000,57602.215
12299.000,57602.215
12300.000,57602.215
12301.000,57602.215
12302.000,57602.215
12303.000,57602.215
12304.000,57602.215
12305.000,57602.215
12306.000,57602.215
12307.000,57602.215
12308.000,57602.215
12309.000,57602.215
12310.000,57602.215
12311.000,57602.215
12312.000,57602.215
12313.000,57602.215
12314.000,57681.339
12315.000,57602.215
12316.000,57602.215
12317.000,57602.215
12318.000,57602.215
12319.000,57602.215
12320.000,57602.215
12321.000,57681.339
12322.000,57681.339
12323.000,57681.339
12324.000,57602.215
12325.000,57602.215
12326.000,57602.215
12327.000,57602.215
12328.000,57602.215
12329.000,57602.215
12330.000,57681.339
12331.000,57681.339
12332.000,57602.215
12333.000,57602.215
12334.000,57602.215
12335.000,57602.215
12336.000,57602.215
12337.000,57602.215
12338.000,57602.215
12339.000,57681.339
12340.000,57602.215
12341.000,57602.215
12342.000,57602.215
12343.000,57602.215
12344.000,57602.215
12345.000,57602.215
12346.000,57602.215
12347.000,57681.339
12348.000,57681.339
12349.000,57602.215
12350.000,57602.215
12351.000,57602.215
12352.000,57602.215
12353.000,57602.215
12354.000,57602.215
12355.000,57681.339
12356.000,57681.339
12357.000,57602.215
12358.000,57602.215
12359.000,57602.215
12360.000,57602.215
12361.000,57602.215
12362.000,57602.215
12363.000,57602.215
12364.000,57681.339
12365.000,57602.215
12366.000,57602.215
12367.000,57602.215
12368.000,57602.215
12369.000,57602.215
12370.000,57602.215
12371.000,57602.215
12372.000,57681.339
12373.000,57681.339
12374.000,57602.215
12375.000,57602.215
12376.000,57602.215
12377.000,57602.215
12378.000,57602.215
12379.000,57602.215
12380.000,57681.339
12381.000,57681.339
12382.000,57602.215
12383.000,57602.215
12384.000,57602.215
12385.000,57602.215
12386.000,57602.215
12387.000,57602.215
12388.000,57602.215
12389.000,57681.339
12390.000,57602.215
12391.000,57602.215
12392.000,57602.215
12393.000,57602.215
12394.000,57602.215
12395.000,57602.215
12396.000,57602.215
12397.000,57602.215
12398.000,57602.215
12399.000,57602.215
12400.000,57602.215
12401.000,57602.215
12402.000,57602.215
12403.000,57602.215
12404.000,57602.215
12405.000,57602.215
12406.000,57602.215
12407.000,57602.215
12408.000,57602.215
12409.000,57602.215
12410.000,57602.215
12411.000,57602.215
12412.000,57602.215
12413.000,57602.215
12414.000,57681.339
12415.000,57602.215
12416.000,57602.215
12417.000,57602.215
12418.000,57602.215
12419.000,57602.215
12420.000,57602.215
12421.000,57602.215
12422.000,57681.339
12423.000,57681.339
12424.000,57602.215
12425.000,57602.215
12426.000,57602.215
12427.000,57602.215
12428.000,57602.215
12429.000,57602.215
12430.000,57681.339
12431.000,57681.339
12432.000,57602.215
12433.000,57602.215
12434.000,57602.215
12435.000,57602.215
12436.000,57602.215
12437.000,57602.215
12438.000,57602.215
12439.000,57681.339
12440.000,57602.215
12441.000,57602.215
12442.000,57602.215
12443.000,57602.215
12444.000,57602.215
12445.000,57602.215
12446.000,57602.215
12447.000,57602.215
12448.000,57602.215
12449.000,57602.215
12450.000,57602.215
12451.000,57602.215
12452.000,57602.215
12453.000,57602.215
12454.000,57602.215
12455.000,57602.215
12456.000,57681.339
12457.000,57602.215
12458.000,57602.215
12459.000,57602.215
12460.000,57602.215
12461.000,57602.215
12462.000,57602.215
12463.000,57602.215
12464.000,57681.339
12465.000,57602.215
12466.000,57602.215
12467.000,57602.215
12468.000,57602.215
12469.000,57602.215
12470.000,57602.215
12471.000,57602.215
12472.000,57681.339
12473.000,57681.339
12474.000,57602.215
12475.000,57602.215
12476.000,57602.215
12477.000,57602.215
12478.000,57602.215
12479.000,57602.215
12480.000,57681.339
12481.000,57681.339
12482.000,57602.215
12483.000,57602.215
12484.000,57602.215
12485.000,57602.215
12486.000,57602.215
12487.000,57602.215
12488.000,57681.339
12489.000,57681.339
12490.000,57602.215
12491.000,57602.215
12492.000,57602.215
12493.000,57602.215
12494.000,57602.215
12495.000,57602.215
12496.000,57602.215
12497.000,57681.339
12498.000,57602.215
12499.000,57602.215
12500.000,57602.215
12501.000,57602.215
12502.000,57602.215
12503.000,57602.215
12504.000,57602.215
12505.000,57602.215
12506.000,57602.215
12507.000,57602.215
12508.000,57602.215
12509.000,57602.215
12510.000,57602.215
12511.000,57602.215
12512.000,57602.215
12513.000,57602.215
12514.000,57681.339
12515.000,57602.215
12516.000,57602.215
12517.000,57602.215
12518.000,57602.215
12519.000,57602.215
12520.000,57602.215
12521.000,57602.215
12522.000,57681.339
12523.000,57681.339
12524.000,57602.215
12525.000,57602.215
12526.000,57602.215
12527.000,57602.215
12528.000,57602.215
12529.000,57602.215
12530.000,57681.339
12531.000,57681.339
12532.000,57602.215
12533.000,57602.215
12534.000,57602.215
12535.000,57602.215
12536.000,57602.215
12537.000,57602.215
12538.000,57602.215
12539.000,57681.339
12540.000,57602.215
12541.000,57602.215
12542.000,57602.215
12543.000,57602.215
12544.000,57602.215
12545.000,57602.215
12546.000,57602.215
12547.000,57602.215
12548.000,57602.215
12549.000,57602.215
12550.000,57602.215
12551.000,57602.215
12552.000,57602.215
12553.000,57602.215
12554.000,57602.215
12555.000,57602.215
12556.000,57602.215
12557.000,57602.215
12558.000,57602.215
12559.000,57602.215
12560.000,57602.215
12561.000,57602.215
12562.000,57602.215
12563.000,57602.215
12564.000,57602.215
12565.000,57602.215
12566.000,57602.215
12567.000,57602.215
12568.000,57602.215
12569.000,57602.215
12570.000,57602.215
12571.000,57602.215
12572.000,57681.339
12573.000,57602.215
12574.000,57602.215
12575.000,57602.215
12576.000,57602.215
12577.000,57602.215
12578.000,57602.215
12579.000,57602.215
12580.000,57681.339
12581.000,57681.339
12582.000,57602.215
12583.000,57602.215
12584.000,57602.215
12585.000,57602.215
12586.000,57602.215
12587.000,57602.215
12588.000,57681.339
12589.000,57681.339
12590.000,57602.215
12591.000,57602.215
12592.000,57602.215
12593.000,57602.215
12594.000,57602.215
12595.000,57602.215
12596.000,57681.339
12597.000,57681.339
12598.000,57681.339
12599.000,57602.215
12600.000,57602.215
12601.000,57602.215
12602.000,57602.215
12603.000,57602.215
12604.000,57602.215
12605.000,57681.339
12606.000,57681.339
12607.000,57602.215
12608.000,57602.215
12609.000,57602.215
12610.000,57602.215
12611.000,57602.215
12612.000,57602.215
12613.000,57602.215
12614.000,57681.339
12615.000,57602.215
12616.000,57602.215
12617.000,57602.215
12618.000,57602.215
12619.000,57602.215
12620.000,57602.215
12621.000,57602.215
12622.000,57681.339
12623.000,57681.339
12624.000,57602.215
12625.000,57602.215
12626.000,57602.215
12627.000,57602.215
12628.000,57602.215
12629.000,57602.215
12630.000,57681.339
12631.000,57681.339
12632.000,57602.215
12633.000,57602.215
12634.000,57602.215
12635.000,57602.215
12636.000,57602.215
12637.000,57602.215
12638.000,57602.215
12639.000,57681.339
12640.000,57602.215
12641.000,57602.215
12642.000,57602.215
12643.000,57602.215
12644.000,57602.215
12645.000,57602.215
12646.000,57602.215
12647.000,57681.339
12648.000,57602.215
12649.000,57602.215
12650.000,57602.215
12651.000,57602.215
12652.000,57602.215
12653.000,57602.215
12654.000,57602.215
12655.000,57681.339
12656.000,57602.215
12657.000,57602.215
12658.000,57602.215
12659.000,57602.215
12660.000,57602.215
12661.000,57602.215
12662.000,57602.215
12663.000,57602.215
12664.000,57681.339
12665.000,57602.215
12666.000,57602.215
12667.000,57602.215
12668.000,57602.215
12669.000,57602.215
12670.000,57602.215
12671.000,57602.215
12672.000,57681.339
12673.000,57681.339
12674.000,57602.215
12675.000,57602.215
12676.000,57602.215
12677.000,57602.215
12678.000,57602.215
12679.000,57602.215
12680.000,57681.339
12681.000,57681.339
12682.000,57602.215
12683.000,57602.215
12684.000,57602.215
12685.000,57602.215
12686.000,57602.215
12687.000,57602.215
12688.000,57681.339
12689.000,57681.339
12690.000,57602.215
12691.000,57602.215
12692.000,57602.215
12693.000,57602.215
12694.000,57602.215
12695.000,57602.215
12696.000,57602.215
12697.000,57681.339
12698.000,57681.339
12699.000,57602.215
12700.000,57602.215
12701.000,57602.215
12702.000,57602.215
12703.000,57602.215
12704.000,57602.215
12705.000,57681.339
12706.000,57681.339
12707.000,57602.215
12708.000,57602.215
12709.000,57602.215
12710.000,57602.215
12711.000,57602.215
12712.000,57602.215
12713.000,57602.215
12714.000,57681.339
12715.000,57602.215
12716.000,57602.215
12717.000,57602.215
12718.000,57602.215
12719.000,57602.215
12720.000,57602.215
12721.000,57602.215
12722.000,57681.339
12723.000,57602.215
12724.000,57602.215
12725.000,57602.215
12726.000,57602.215
12727.000,57602.215
12728.000,57602.215
12729.000,57602.215
12730.000,57681.339
12731.000,57681.339
12732.000,57602.215
12733.000,57602.215
12734.000,57602.215
12735.000,57602.215
12736.000,57602.215
12737.000,57602.215
12738.000,57681.339
12739.000,57681.339
12740.000,57681.339
12741.000,57602.215
12742.000,57602.215
12743.000,57602.215
12744.000,57602.215
12745.000,57602.215
12746.000,57602.215
12747.000,57681.339
12748.000,57681.339
12749.000,57602.215
12750.000,57602.215
12751.000,57602.215
12752.000,57602.215
12753.000,57602.215
12754.000,57602.215
12755.000,57681.339
12756.000,57681.339
12757.000,57602.215
12758.000,57602.215
12759.000,57602.215
12760.000,57602.215
12761.000,57602.215
12762.000,57602.215
12763.000,57602.215
12764.000,57681.339
12765.000,57602.215
12766.000,57602.215
12767.000,57602.215
12768.000,57602.215
12769.000,57602.215
12770.000,57602.215
12771.000,57602.215
12772.000,57681.339
12773.000,57681.339
12774.000,57602.215
12775.000,57602.215
12776.000,57602.215
12777.000,57602.215
12778.000,57602.215
12779.000,57602.215
12780.000,57681.339
12781.000,57681.339
12782.000,57602.215
12783.000,57602.215
12784.000,57602.215
12785.000,57602.215
12786.000,57602.215
12787.000,57602.215
12788.000,57681.339
12789.000,57681.339
12790.000,57681.339
12791.000,57602.215
12792.000,57602.215
12793.000,57602.215
12794.000,57602.215
12795.000,57602.215
12796.000,57602.215
12797.000,57681.339
12798.000,57681.339
12799.000,57602.215
12800.000,57602.215
12801.000,57602.215
12802.000,57602.215
12803.000,57602.215
12804.000,57602.215
12805.000,57681.339
12806.000,57681.339
12807.000,57602.215
12808.000,57602.215
12809.000,57602.215
12810.000,57602.215
12811.000,57602.215
12812.000,57602.215
12813.000,57602.215
12814.000,57681.339
12815.000,57602.215
12816.000,57602.215
12817.000,57602.215
12818.000,57602.215
12819.000,57602.215
12820.000,57602.215
12821.000,57602.215
12822.000,57681.339
12823.000,57602.215
12824.000,57602.215
12825.000,57602.215
12826.000,57602.215
12827.000,57602.215
12828.000,57602.215
12829.000,57602.215
12830.000,57681.339
12831.000,57681.339
12832.000,57602.215
12833.000,57602.215
12834.000,57602.215
12835.000,57602.215
12836.000,57602.215
12837.000,57602.215
12838.000,57681.339
12839.000,57681.339
12840.000,57681.339
12841.000,57602.215
12842.000,57602.215
12843.000,57602.215
12844.000,57602.215
12845.000,57602.215
12846.000,57602.215
12847.000,57681.339
12848.000,57681.339
12849.000,57602.215
12850.000,57602.215
12851.000,57602.215
12852.000,57602.215
12853.000,57602.215
12854.000,57602.215
12855.000,57681.339
12856.000,57602.215
12857.000,57602.215
12858.000,57602.215
12859.000,57602.215
12860.000,57602.215
12861.000,57602.215
12862.000,57602.215
12863.000,57602.215
12864.000,57681.339
12865.000,57602.215
12866.000,57602.215
12867.000,57602.215
12868.000,57602.215
12869.000,57602.215
12870.000,57602.215
12871.000,57602.215
12872.000,57681.339
12873.000,57602.215
12874.000,57602.215
12875.000,57602.215
12876.000,57602.215
12877.000,57602.215
12878.000,57602.215
12879.000,57602.215
12880.000,57681.339
12881.000,57681.339
12882.000,57602.215
12883.000,57602.215
12884.000,57602.215
12885.000,57602.215
12886.000,57602.215
12887.000,57602.215
12888.000,57681.339
12889.000,57681.339
12890.000,57602.215
12891.000,57602.215
12892.000,57602.215
12893.000,57602.215
12894.000,57602.215
12895.000,57602.215
12896.000,57602.215
12897.000,57681.339
12898.000,57681.339
12899.000,57602.215
12900.000,57602.215
12901.000,57602.215
12902.000,57602.215
12903.000,57602.215
12904.000,57602.215
12905.000,57681.339
12906.000,57681.339
12907.000,57602.215
12908.000,57602.215
12909.000,57602.215
12910.000,57602.215
12911.000,57602.215
12912.000,57602.215
12913.000,57602.215
12914.000,57681.339
12915.000,57602.215
12916.000,57602.215
12917.000,57602.215
12918.000,57602.215
12919.000,57602.215
12920.000,57602.215
12921.000,57602.215
12922.000,57681.339
12923.000,57602.215
12924.000,57602.215
12925.000,57602.215
12926.000,57602.215
12927.000,57602.215
12928.000,57602.215
12929.000,57602.215
12930.000,57681.339
12931.000,57602.215
12932.000,57602.215
12933.000,57602.215
12934.000,57602.215
12935.000,57602.215
12936.000,57602.215
12937.000,57602.215
12938.000,57681.339
12939.000,57681.339
12940.000,57602.215
12941.000,57602.215
12942.000,57602.215
12943.000,57602.215
12944.000,57602.215
12945.000,57602.215
12946.000,57681.339
12947.000,57681.339
12948.000,57681.339
12949.000,57602.215
12950.000,57602.215
12951.000,57602.215
12952.000,57602.215
12953.000,57602.215
12954.000,57602.215
12955.000,57681.339
12956.000,57681.339
12957.000,57602.215
12958.000,57602.215
12959.000,57602.215
12960.000,57602.215
12961.000,57602.215
12962.000,57602.215
12963.000,57602.215
12964.000,57681.339
12965.000,57602.215
12966.000,57602.215
12967.000,57602.215
12968.000,57602.215
12969.000,57602.215
12970.000,57602.215
12971.000,57602.215
12972.000,57602.215
12973.000,57602.215
12974.000,57602.215
12975.000,57602.215
12976.000,57602.215
12977.000,57602.215
12978.000,57602.215
12979.000,57602.215
12980.000,57602.215
12981.000,57602.215
12982.000,57602.215
12983.000,57602.215
12984.000,57602.215
12985.000,57602.215
12986.000,57602.215
12987.000,57602.215
12988.000,57681.339
12989.000,57602.215
12990.000,57602.215
12991.000,57602.215
12992.000,57602.215
12993.000,57602.215
12994.000,57602.215
12995.000,57602.215
12996.000,57681.339
12997.000,57681.339
12998.000,57602.215
12999.000,57602.215
13000.000,57602.215
13001.000,57602.215
13002.000,57602.215
13003.000,57602.215
13004.000,57602.215
13005.000,57681.339
13006.000,57602.215
13007.000,57602.215
13008.000,57602.215
13009.000,57602.215
13010.000,57602.215
13011.000,57602.215
13012.000,57602.215
13013.000,57602.215
13014.000,57681.339
13015.000,57602.215
13016.000,57602.215
13017.000,57602.215
13018.000,57602.215
13019.000,57602.215
13020.000,57602.215
13021.000,57602.215
13022.000,57681.339
13023.000,57602.215
13024.000,57602.215
13025.000,57602.215
13026.000,57602.215
13027.000,57602.215
13028.000,57602.215
13029.000,57602.215
13030.000,57681.339
13031.000,57681.339
13032.000,57602.215
13033.000,57602.215
13034.000,57602.215
13035.000,57602.215
13036.000,57602.215
13037.000,57602.215
13038.000,57602.215
13039.000,57681.339
13040.000,57602.215
13041.000,57602.215
13042.000,57602.215
13043.000,57602.215
13044.000,57602.215
13045.000,57602.215
13046.000,57602.215
13047.000,57681.339
13048.000,57602.215
13049.000,57602.215
13050.000,57602.215
13051.000,57602.215
13052.000,57602.215
13053.000,57602.215
13054.000,57602.215
13055.000,57681.339
13056.000,57602.215
13057.000,57602.215
13058.000,57602.215
13059.000,57602.215
13060.000,57602.215
13061.000,57602.215
13062.000,57602.215
13063.000,57602.215
13064.000,57602.215
13065.000,57602.215
13066.000,57602.215
13067.000,57602.215
13068.000,57602.215
13069.000,57602.215
13070.000,57602.215
13071.000,57681.339
13072.000,57681.339
13073.000,57602.215
13074.000,57602.215
13075.000,57602.215
13076.000,57602.215
13077.000,57602.215
13078.000,57602.215
13079.000,57602.215
13080.000,57681.339
13081.000,57681.339
13082.000,57602.215
13083.000,57602.215
13084.000,57602.215
13085.000,57602.215
13086.000,57602.215
13087.000,57602.215
13088.000,57681.339
13089.000,57681.339
13090.000,57681.339
13091.000,57602.215
13092.000,57602.215
13093.000,57602.215
13094.000,57602.215
13095.000,57602.215
13096.000,57602.215
13097.000,57681.339
13098.000,57681.339
13099.000,57602.215
13100.000,57602.215
13101.000,57602.215
13102.000,57602.215
13103.000,57602.215
13104.000,57602.215
13105.000,57602.215
13106.000,57681.339
13107.000,57602.215
13108.000,57602.215
13109.000,57602.215
13110.000,57602.215
13111.000,57602.215
13112.000,57602.215
13113.000,57602.215
13114.000,57602.215
13115.000,57602.215
13116.000,57602.215
13117.000,57602.215
13118.000,57602.215
13119.000,57602.215
13120.000,57602.215
13121.000,57602.215
13122.000,57602.215
13123.000,57602.215
13124.000,57602.215
13125.000,57602.215
13126.000,57602.215
13127.000,57602.215
13128.000,57602.215
13129.000,57602.215
13130.000,57602.215
13131.000,57602.215
13132.000,57602.215
13133.000,57602.215
13134.000,57602.215
13135.000,57602.215
13136.000,57602.215
13137.000,57602.215
13138.000,57681.339
13139.000,57681.339
13140.000,57602.215
13141.000,57602.215
13142.000,57602.215
13143.000,57602.215
13144.000,57602.215
13145.000,57602.215
13146.000,57602.215
13147.000,57681.339
13148.000,57602.215
13149.000,57602.215
13150.000,57602.215
13151.000,57602.215
13152.000,57602.215
13153.000,57602.215
13154.000,57602.215
13155.000,57681.339
13156.000,57681.339
13157.000,57602.215
13158.000,57602.215
13159.000,57602.215
13160.000,57602.215
13161.000,57602.215
13162.000,57602.215
13163.000,57602.215
13164.000,57681.339
13165.000,57602.215
13166.000,57602.215
13167.000,57602.215
13168.000,57602.215
13169.000,57602.215
13170.000,57602.215
13171.000,57602.215
13172.000,57602.215
13173.000,57602.215
13174.000,57602.215
13175.000,57602.215
13176.000,57602.215
13177.000,57602.215
13178.000,57602.215
13179.000,57602.215
13180.000,57681.339
13181.000,57602.215
13182.000,57602.215
13183.000,57602.215
13184.000,57602.215
13185.000,57602.215
13186.000,57602.215
13187.000,57602.215
13188.000,57681.339
13189.000,57681.339
13190.000,57602.215
13191.000,57602.215
13192.000,57602.215
13193.000,57602.215
13194.000,57602.215
13195.000,57602.215
13196.000,57602.215
13197.000,57681.339
13198.000,57681.339
13199.000,57602.215
13200.000,57602.215
13201.000,57602.215
13202.000,57602.215
13203.000,57602.215
13204.000,57602.215
13205.000,57681.339
13206.000,57681.339
13207.000,57602.215
13208.000,57602.215
13209.000,57602.215
13210.000,57602.215
13211.000,57602.215
13212.000,57602.215
13213.000,57602.215
13214.000,57681.339
13215.000,57602.215
13216.000,57602.215
13217.000,57602.215
13218.000,57602.215
13219.000,57602.215
13220.000,57602.215
13221.000,57602.215
13222.000,57602.215
13223.000,57602.215
13224.000,57602.215
13225.000,57602.215
13226.000,57602.215
13227.000,57602.215
13228.000,57602.215
13229.000,57602.215
13230.000,57602.215
13231.000,57602.215
13232.000,57602.215
13233.000,57602.215
13234.000,57602.215
13235.000,57602.215
13236.000,57602.215
13237.000,57602.215
13238.000,57602.215
13239.000,57681.339
13240.000,57602.215
13241.000,57602.215
13242.000,57602.215
13243.000,57602.215
13244.000,57602.215
13245.000,57602.215
13246.000,57602.215
13247.000,57681.339
13248.000,57681.339
13249.000,57602.215
13250.000,57602.215
13251.000,57602.215
13252.000,57602.215
13253.000,57602.215
13254.000,57602.215
13255.000,57681.339
13256.000,57681.339
13257.000,57602.215
13258.000,57602.215
13259.000,57602.215
13260.000,57602.215
13261.000,57602.215
13262.000,57602.215
13263.000,57602.215
13264.000,57681.339
13265.000,57602.215
13266.000,57602.215
13267.000,57602.215
13268.000,57602.215
13269.000,57602.215
13270.000,57602.215
13271.000,57602.215
13272.000,57681.339
13273.000,57602.215
13274.000,57602.215
13275.000,57602.215
13276.000,57602.215
13277.000,57602.215
13278.000,57602.215
13279.000,57602.215
13280.000,57602.215
13281.000,57681.339
13282.000,57602.215
13283.000,57602.215
13284.000,57602.215
13285.000,57602.215
13286.000,57602.215
13287.000,57602.215
13288.000,57681.339
13289.000,57681.339
13290.000,57602.215
13291.000,57602.215
13292.000,57602.215
13293.000,57602.215
13294.000,57602.215
13295.000,57602.215
13296.000,57602.215
13297.000,57681.339
13298.000,57681.339
13299.000,57602.215
13300.000,57602.215
13301.000,57602.215
13302.000,57602.215
13303.000,57602.215
13304.000,57602.215
13305.000,57681.339
13306.000,57681.339
13307.000,57681.339
13308.000,57602.215
13309.000,57602.215
13310.000,57602.215
13311.000,57602.215
13312.000,57602.215
13313.000,57602.215
13314.000,57681.339
13315.000,57602.215
13316.000,57602.215
13317.000,57602.215
13318.000,57602.215
13319.000,57602.215
13320.000,57602.215
13321.000,57602.215
13322.000,57602.215
13323.000,57602.215
13324.000,57602.215
13325.000,57602.215
13326.000,57602.215
13327.000,57602.215
13328.000,57602.215
13329.000,57602.215
13330.000,57602.215
13331.000,57602.215
13332.000,57602.215
13333.000,57602.215
13334.000,57602.215
13335.000,57602.215
13336.000,57602.215
13337.000,57602.215
13338.000,57602.215
13339.000,57681.339
13340.000,57602.215
13341.000,57602.215
13342.000,57602.215
13343.000,57602.215
13344.000,57602.215
13345.000,57602.215
13346.000,57602.215
13347.000,57681.339
13348.000,57681.339
13349.000,57602.215
13350.000,57602.215
13351.000,57602.215
13352.000,57602.215
13353.000,57602.215
13354.000,57602.215
13355.000,57681.339
13356.000,57681.339
13357.000,57602.215
13358.000,57602.215
13359.000,57602.215
13360.000,57602.215
13361.000,57602.215
13362.000,57602.215
13363.000,57602.215
13364.000,57681.339
13365.000,57681.339
13366.000,57602.215
13367.000,57602.215
13368.000,57602.215
13369.000,57602.215
13370.000,57602.215
13371.000,57602.215
13372.000,57681.339
13373.000,57681.339
13374.000,57602.215
13375.000,57602.215
13376.000,57602.215
13377.000,57602.215
13378.000,57602.215
13379.000,57602.215
13380.000,57602.215
13381.000,57602.215
13382.000,57602.215
13383.000,57602.215
13384.000,57602.215
13385.000,57602.215
13386.000,57602.215
13387.000,57602.215
13388.000,57602.215
13389.000,57681.339
13390.000,57602.215
13391.000,57602.215
13392.000,57602.215
13393.000,57602.215
13394.000,57602.215
13395.000,57602.215
13396.000,57602.215
13397.000,57602.215
13398.000,57602.215
13399.000,57602.215
13400.000,57602.215
13401.000,57602.215
13402.000,57602.215
13403.000,57602.215
13404.000,57602.215
13405.000,57681.339
13406.000,57602.215
13407.000,57602.215
13408.000,57602.215
13409.000,57602.215
13410.000,57602.215
13411.000,57602.215
13412.000,57602.215
13413.000,57602.215
13414.000,57681.339
13415.000,57602.215
13416.000,57602.215
13417.000,57602.215
13418.000,57602.215
13419.000,57602.215
13420.000,57602.215
13421.000,57602.215
13422.000,57602.215
13423.000,57602.215
13424.000,57602.215
13425.000,57602.215
13426.000,57602.215
13427.000,57602.215
13428.000,57602.215
13429.000,57602.215
13430.000,57602.215
13431.000,57602.215
13432.000,57602.215
13433.000,57602.215
13434.000,57602.215
13435.000,57602.215
13436.000,57602.215
13437.000,57602.215
13438.000,57602.215
13439.000,57681.339
13440.000,57602.215
13441.000,57602.215
13442.000,57602.215
13443.000,57602.215
13444.000,57602.215
13445.000,57602.215
13446.000,57602.215
13447.000,57681.339
13448.000,57681.339
13449.000,57602.215
13450.000,57602.215
13451.000,57602.215
13452.000,57602.215
13453.000,57602.215
13454.000,57602.215
13455.000,57681.339
13456.000,57681.339
13457.000,57602.215
13458.000,57602.215
13459.000,57602.215
13460.000,57602.215
13461.000,57602.215
13462.000,57602.215
13463.000,57602.215
13464.000,57681.339
13465.000,57602.215
13466.000,57602.215
13467.000,57602.215
13468.000,57602.215
13469.000,57602.215
13470.000,57602.215
13471.000,57602.215
13472.000,57602.215
13473.000,57602.215
13474.000,57602.215
13475.000,57602.215
13476.000,57602.215
13477.000,57602.215
13478.000,57602.215
13479.000,57602.215
13480.000,57602.215
13481.000,57602.215
13482.000,57602.215
13483.000,57602.215
13484.000,57602.215
13485.000,57602.215
13486.000,57602.215
13487.000,57602.215
13488.000,57602.215
13489.000,57602.215
13490.000,57602.215
13491.000,57602.215
13492.000,57602.215
13493.000,57602.215
13494.000,57602.215
13495.000,57602.215
13496.000,57602.215
13497.000,57681.339
13498.000,57602.215
13499.000,57602.215
13500.000,57602.215
13501.000,57602.215
13502.000,57602.215
13503.000,57602.215
13504.000,57602.215
13505.000,57681.339
13506.000,57681.339
13507.000,57602.215
13508.000,57602.215
13509.000,57602.215
13510.000,57602.215
13511.000,57602.215
13512.000,57602.215
13513.000,57681.339
13514.000,57681.339
13515.000,57602.215
13516.000,57602.215
13517.000,57602.215
13518.000,57602.215
13519.000,57602.215
13520.000,57602.215
13521.000,57602.215
13522.000,57681.339
13523.000,57602.215
13524.000,57602.215
13525.000,57602.215
13526.000,57602.215
13527.000,57602.215
13528.000,57602.215
13529.000,57602.215
13530.000,57602.215
13531.000,57602.215
13532.000,57602.215
13533.000,57602.215
13534.000,57602.215
13535.000,57602.215
13536.000,57602.215
13537.000,57602.215
13538.000,57602.215
13539.000,57602.215
13540.000,57602.215
13541.000,57602.215
13542.000,57602.215
13543.000,57602.215
13544.000,57602.215
13545.000,57602.215
13546.000,57602.215
13547.000,57681.339
13548.000,57681.339
13549.000,57602.215
13550.000,57602.215
13551.000,57602.215
13552.000,57602.215
13553.000,57602.215
13554.000,57602.215
13555.000,57681.339
13556.000,57681.339
13557.000,57602.215
13558.000,57602.215
13559.000,57602.215
13560.000,57602.215
13561.000,57602.215
13562.000,57602.215
13563.000,57681.339
13564.000,57681.339
13565.000,57602.215
13566.000,57602.215
13567.000,57602.215
13568.000,57602.215
13569.000,57602.215
13570.000,57602.215
13571.000,57602.215
13572.000,57681.339
13573.000,57681.339
13574.000,57602.215
13575.000,57602.215
13576.000,57602.215
13577.000,57602.215
13578.000,57602.215
13579.000,57602.215
13580.000,57602.215
13581.000,57602.215
13582.000,57602.215
13583.000,57602.215
13584.000,57602.215
13585.000,57602.215
13586.000,57602.215
13587.000,57602.215
13588.000,57602.215
13589.000,57602.215
13590.000,57602.215
13591.000,57602.215
13592.000,57602.215
13593.000,57602.215
13594.000,57602.215
13595.000,57602.215
13596.000,57602.215
13597.000,57681.339
13598.000,57681.339
13599.000,57602.215
13600.000,57602.215
13601.000,57602.215
13602.000,57602.215
13603.000,57602.215
13604.000,57602.215
13605.000,57681.339
13606.000,57681.339
13607.000,57602.215
13608.000,57602.215
13609.000,57602.215
13610.000,57602.215
13611.000,57602.215
13612.000,57602.215
13613.000,57681.339
13614.000,57681.339
13615.000,57602.215
13616.000,57602.215
13617.000,57602.215
13618.000,57602.215
13619.000,57602.215
13620.000,57602.215
13621.000,57602.215
13622.000,57681.339
13623.000,57681.339
13624.000,57602.215
13625.000,57602.215
13626.000,57602.215
13627.000,57602.215
13628.000,57602.215
13629.000,57602.215
13630.000,57602.215
13631.000,57681.339
13632.000,57602.215
13633.000,57602.215
13634.000,57602.215
13635.000,57602.215
13636.000,57602.215
13637.000,57602.215
13638.000,57602.215
13639.000,57681.339
13640.000,57602.215
13641.000,57602.215
13642.000,57602.215
13643.000,57602.215
13644.000,57602.215
13645.000,57602.215
13646.000,57602.215
13647.000,57681.339
13648.000,57602.215
13649.000,57602.215
13650.000,57602.215
13651.000,57602.215
13652.000,57602.215
13653.000,57602.215
13654.000,57602.215
13655.000,57681.339
13656.000,57681.339
13657.000,57602.215
13658.000,57602.215
13659.000,57602.215
13660.000,57602.215
13661.000,57602.215
13662.000,57602.215
13663.000,57681.339
13664.000,57681.339
13665.000,57681.339
13666.000,57602.215
13667.000,57602.215
13668.000,57602.215
13669.000,57602.215
13670.000,57602.215
13671.000,57602.215
13672.000,57681.339
13673.000,57681.339
13674.000,57602.215
13675.000,57602.215
13676.000,57602.215
13677.000,57602.215
13678.000,57602.215
13679.000,57602.215
13680.000,57681.339
13681.000,57681.339
13682.000,57602.215
13683.000,57602.215
13684.000,57602.215
13685.000,57602.215
13686.000,57602.215
13687.000,57602.215
13688.000,57602.215
13689.000,57681.339
13690.000,57602.215
13691.000,57602.215
13692.000,57602.215
13693.000,57602.215
13694.000,57602.215
13695.000,57602.215
13696.000,57602.215
13697.000,57681.339
13698.000,57681.339
13699.000,57602.215
13700.000,57602.215
13701.000,57602.215
13702.000,57602.215
13703.000,57602.215
13704.000,57602.215
13705.000,57681.339
13706.000,57681.339
13707.000,57602.215
13708.000,57602.215
13709.000,57602.215
13710.000,57602.215
13711.000,57602.215
13712.000,57602.215
13713.000,57681.339
13714.000,57681.339
13715.000,57681.339
13716.000,57602.215
13717.000,57602.215
13718.000,57602.215
13719.000,57602.215
13720.000,57602.215
13721.000,57602.215
13722.000,57681.339
13723.000,57681.339
13724.000,57602.215
13725.000,57602.215
13726.000,57602.215
13727.000,57602.215
13728.000,57602.215
13729.000,57602.215
13730.000,57681.339
13731.000,57681.339
13732.000,57602.215
13733.000,57602.215
13734.000,57602.215
13735.000,57602.215
13736.000,57602.215
13737.000,57602.215
13738.000,57602.215
13739.000,57681.339
13740.000,57602.215
13741.000,57602.215
13742.000,57602.215
13743.000,57602.215
13744.000,57602.215
13745.000,57602.215
13746.000,57602.215
13747.000,57681.339
13748.000,57681.339
13749.000,57602.215
13750.000,57602.215
13751.000,57602.215
13752.000,57602.215
13753.000,57602.215
13754.000,57602.215
13755.000,57681.339
13756.000,57681.339
13757.000,57602.215
13758.000,57602.215
13759.000,57602.215
13760.000,57602.215
13761.000,57602.215
13762.000,57602.215
13763.000,57681.339
13764.000,57681.339
13765.000,57681.339
13766.000,57602.215
13767.000,57602.215
13768.000,57602.215
13769.000,57602.215
13770.000,57602.215
13771.000,57602.215
13772.000,57681.339
13773.000,57681.339
13774.000,57602.215
13775.000,57602.215
13776.000,57602.215
13777.000,57602.215
13778.000,57602.215
13779.000,57602.215
13780.000,57602.215
13781.000,57681.339
13782.000,57602.215
13783.000,57602.215
13784.000,57602.215
13785.000,57602.215
13786.000,57602.215
13787.000,57602.215
13788.000,57602.215
13789.000,57681.339
13790.000,57602.215
13791.000,57602.215
13792.000,57602.215
13793.000,57602.215
13794.000,57602.215
13795.000,57602.215
13796.000,57602.215
13797.000,57681.339
13798.000,57681.339
13799.000,57602.215
13800.000,57602.215
13801.000,57602.215
13802.000,57602.215
13803.000,57602.215
13804.000,57602.215
13805.000,57681.339
13806.000,57681.339
13807.000,57602.215
13808.000,57602.215
13809.000,57602.215
13810.000,57602.215
13811.000,57602.215
13812.000,57602.215
13813.000,57602.215
13814.000,57681.339
13815.000,57681.339
13816.000,57602.215
13817.000,57602.215
13818.000,57602.215
13819.000,57602.215
13820.000,57602.215
13821.000,57602.215
13822.000,57681.339
13823.000,57681.339
13824.000,57602.215
13825.000,57602.215
13826.000,57602.215
13827.000,57602.215
13828.000,57602.215
13829.000,57602.215
13830.000,57602.215
13831.000,57602.215
13832.000,57602.215
13833.000,57602.215
13834.000,57602.215
13835.000,57602.215
13836.000,57602.215
13837.000,57602.215
13838.000,57602.215
13839.000,57681.339
13840.000,57602.215
13841.000,57602.215
13842.000,57602.215
13843.000,57602.215
13844.000,57602.215
13845.000,57602.215
13846.000,57602.215
13847.000,57681.339
13848.000,57681.339
13849.000,57602.215
13850.000,57602.215
13851.000,57602.215
13852.000,57602.215
13853.000,57602.215
13854.000,57602.215
13855.000,57681.339
13856.000,57681.339
13857.000,57602.215
13858.000,57602.215
13859.000,57602.215
13860.000,57602.215
13861.000,57602.215
13862.000,57602.215
13863.000,57681.339
13864.000,57681.339
13865.000,57681.339
13866.000,57602.215
13867.000,57602.215
13868.000,57602.215
13869.000,57602.215
13870.000,57602.215
13871.000,57602.215
13872.000,57681.339
13873.000,57681.339
13874.000,57602.215
13875.000,57602.215
13876.000,57602.215
13877.000,57602.215
13878.000,57602.215
13879.000,57602.215
13880.000,57602.215
13881.000,57602.215
13882.000,57602.215
13883.000,57602.215
13884.000,57602.215
13885.000,57602.215
13886.000,57602.215
13887.000,57602.215
13888.000,57602.215
13889.000,57602.215
13890.000,57602.215
13891.000,57602.215
13892.000,57602.215
13893.000,57602.215
13894.000,57602.215
13895.000,57602.215
13896.000,57602.215
13897.000,57602.215
13898.000,57602.215
13899.000,57602.215
13900.000,57602.215
13901.000,57602.215
13902.000,57602.215
13903.000,57602.215
13904.000,57602.215
13905.000,57681.339
13906.000,57602.215
13907.000,57602.215
13908.000,57602.215
13909.000,57602.215
13910.000,57602.215
13911.000,57602.215
13912.000,57602.215
13913.000,57681.339
13914.000,57681.339
13915.000,57602.215
13916.000,57602.215
13917.000,57602.215
13918.000,57602.215
13919.000,57602.215
13920.000,57602.215
13921.000,57681.339
13922.000,57681.339
13923.000,57681.339
13924.000,57602.215
13925.000,57602.215
13926.000,57602.215
13927.000,57602.215
13928.000,57602.215
13929.000,57602.215
13930.000,57681.339
13931.000,57681.339
13932.000,57602.215
13933.000,57602.215
13934.000,57602.215
13935.000,57602.215
13936.000,57602.215
13937.000,57602.215
13938.000,57602.215
13939.000,57602.215
13940.000,57602.215
13941.000,57602.215
13942.000,57602.215
13943.000,57602.215
13944.000,57602.215
13945.000,57602.215
13946.000,57602.215
13947.000,57602.215
13948.000,57602.215
13949.000,57602.215
13950.000,57602.215
13951.000,57602.215
13952.000,57602.215
13953.000,57602.215
13954.000,57602.215
13955.000,57602.215
13956.000,57602.215
13957.000,57602.215
13958.000,57602.215
13959.000,57602.215
13960.000,57602.215
13961.000,57602.215
13962.000,57602.215
13963.000,57681.339
13964.000,57681.339
13965.000,57602.215
13966.000,57602.215
13967.000,57602.215
13968.000,57602.215
13969.000,57602.215
13970.000,57602.215
13971.000,57602.215
13972.000,57681.339
13973.000,57602.215
13974.000,57602.215
13975.000,57602.215
13976.000,57602.215
13977.000,57602.215
13978.000,57602.215
13979.000,57602.215
13980.000,57681.339
13981.000,57681.339
13982.000,57602.215
13983.000,57602.215
13984.000,57602.215
13985.000,57602.215
13986.000,57602.215
13987.000,57602.215
13988.000,57602.215
13989.000,57602.215
13990.000,57602.215
13991.000,57602.215
13992.000,57602.215
13993.000,57602.215
13994.000,57602.215
13995.000,57602.215
13996.000,57602.215
13997.000,57602.215
13998.000,57602.215
13999.000,57602.215
14000.000,57602.215
14001.000,57602.215
14002.000,57602.215
14003.000,57602.215
14004.000,57602.215
14005.000,57681.339
14006.000,57602.215
14007.000,57602.215
14008.000,57602.215
14009.000,57602.215
14010.000,57602.215
14011.000,57602.215
14012.000,57602.215
14013.000,57681.339
14014.000,57681.339
14015.000,57602.215
14016.000,57602.215
14017.000,57602.215
14018.000,57602.215
14019.000,57602.215
14020.000,57602.215
14021.000,57602.215
14022.000,57681.339
14023.000,57602.215
14024.000,57602.215
14025.000,57602.215
14026.000,57602.215
14027.000,57602.215
14028.000,57602.215
14029.000,57602.215
14030.000,57681.339
14031.000,57681.339
14032.000,57602.215
14033.000,57602.215
14034.000,57602.215
14035.000,57602.215
14036.000,57602.215
14037.000,57602.215
14038.000,57602.215
14039.000,57681.339
14040.000,57602.215
14041.000,57602.215
14042.000,57602.215
14043.000,57602.215
14044.000,57602.215
14045.000,57602.215
14046.000,57602.215
14047.000,57681.339
14048.000,57602.215
14049.000,57602.215
14050.000,57602.215
14051.000,57602.215
14052.000,57602.215
14053.000,57602.215
14054.000,57602.215
14055.000,57681.339
14056.000,57681.339
14057.000,57602.215
14058.000,57602.215
14059.000,57602.215
14060.000,57602.215
14061.000,57602.215
14062.000,57602.215
14063.000,57681.339
14064.000,57681.339
14065.000,57681.339
14066.000,57602.215
14067.000,57602.215
14068.000,57602.215
14069.000,57602.215
14070.000,57602.215
14071.000,57602.215
14072.000,57681.339
14073.000,57681.339
14074.000,57602.215
14075.000,57602.215
14076.000,57602.215
14077.000,57602.215
14078.000,57602.215
14079.000,57602.215
14080.000,57602.215
14081.000,57602.215
14082.000,57602.215
14083.000,57602.215
14084.000,57602.215
14085.000,57602.215
14086.000,57602.215
14087.000,57602.215
14088.000,57602.215
14089.000,57602.215
14090.000,57602.215
14091.000,57602.215
14092.000,57602.215
14093.000,57602.215
14094.000,57602.215
14095.000,57602.215
14096.000,57602.215
14097.000,57602.215
14098.000,57602.215
14099.000,57602.215
14100.000,57602.215
14101.000,57602.215
14102.000,57602.215
14103.000,57602.215
14104.000,57602.215
14105.000,57681.339
14106.000,57602.215
14107.000,57602.215
14108.000,57602.215
14109.000,57602.215
14110.000,57602.215
14111.000,57602.215
14112.000,57602.215
14113.000,57681.339
14114.000,57681.339
14115.000,57602.215
14116.000,57602.215
14117.000,57602.215
14118.000,57602.215
14119.000,57602.215
14120.000,57602.215
14121.000,57681.339
14122.000,57681.339
14123.000,57681.339
14124.000,57602.215
14125.000,57602.215
14126.000,57602.215
14127.000,57602.215
14128.000,57602.215
14129.000,57602.215
14130.000,57681.339
14131.000,57681.339
14132.000,57602.215
14133.000,57602.215
14134.000,57602.215
14135.000,57602.215
14136.000,57602.215
14137.000,57602.215
14138.000,57602.215
14139.000,57681.339
14140.000,57602.215
14141.000,57602.215
14142.000,57602.215
14143.000,57602.215
14144.000,57602.215
14145.000,57602.215
14146.000,57602.215
14147.000,57602.215
14148.000,57602.215
14149.000,57602.215
14150.000,57602.215
14151.000,57602.215
14152.000,57602.215
14153.000,57602.215
14154.000,57602.215
14155.000,57602.215
14156.000,57602.215
14157.000,57602.215
14158.000,57602.215
14159.000,57602.215
14160.000,57602.215
14161.000,57602.215
14162.000,57602.215
14163.000,57602.215
14164.000,57602.215
14165.000,57602.215
14166.000,57602.215
14167.000,57602.215
14168.000,57602.215
14169.000,57602.215
14170.000,57602.215
14171.000,57602.215
14172.000,57681.339
14173.000,57602.215
14174.000,57602.215
14175.000,57602.215
14176.000,57602.215
14177.000,57602.215
14178.000,57602.215
14179.000,57602.215
14180.000,57681.339
14181.000,57681.339
14182.000,57602.215
14183.000,57602.215
14184.000,57602.215
14185.000,57602.215
14186.000,57602.215
14187.000,57602.215
14188.000,57681.339
14189.000,57681.339
14190.000,57602.215
14191.000,57602.215
14192.000,57602.215
14193.000,57602.215
14194.000,57602.215
14195.000,57602.215
14196.000,57602.215
14197.000,57681.339
14198.000,57602.215
14199.000,57602.215
14200.000,57602.215
14201.000,57602.215
14202.000,57602.215
14203.000,57602.215
14204.000,57602.215
14205.000,57681.339
14206.000,57681.339
14207.000,57602.215
14208.000,57602.215
14209.000,57602.215
14210.000,57602.215
14211.000,57602.215
14212.000,57602.215
14213.000,57602.215
14214.000,57681.339
14215.000,57602.215
14216.000,57602.215
14217.000,57602.215
14218.000,57602.215
14219.000,57602.215
14220.000,57602.215
14221.000,57602.215
14222.000,57681.339
14223.000,57681.339
14224.000,57602.215
14225.000,57602.215
14226.000,57602.215
14227.000,57602.215
14228.000,57602.215
14229.000,57602.215
14230.000,57681.339
14231.000,57681.339
14232.000,57602.215
14233.000,57602.215
14234.000,57602.215
14235.000,57602.215
14236.000,57602.215
14237.000,57602.215
14238.000,57602.215
14239.000,57681.339
14240.000,57602.215
14241.000,57602.215
14242.000,57602.215
14243.000,57602.215
14244.000,57602.215
14245.000,57602.215
14246.000,57602.215
14247.000,57602.215
14248.000,57602.215
14249.000,57602.215
14250.000,57602.215
14251.000,57602.215
14252.000,57602.215
14253.000,57602.215
14254.000,57602.215
14255.000,57602.215
14256.000,57602.215
14257.000,57602.215
14258.000,57602.215
14259.000,57602.215
14260.000,57602.215
14261.000,57602.215
14262.000,57602.215
14263.000,57602.215
14264.000,57602.215
14265.000,57602.215
14266.000,57602.215
14267.000,57602.215
14268.000,57602.215
14269.000,57602.215
14270.000,57602.215
14271.000,57602.215
14272.000,57681.339
14273.000,57602.215
14274.000,57602.215
14275.000,57602.215
14276.000,57602.215
14277.000,57602.215
14278.000,57602.215
14279.000,57602.215
14280.000,57681.339
14281.000,57681.339
14282.000,57602.215
14283.000,57602.215
14284.000,57602.215
14285.000,57602.215
14286.000,57602.215
14287.000,57602.215
14288.000,57681.339
14289.000,57681.339
14290.000,57602.215
14291.000,57602.215
14292.000,57602.215
14293.000,57602.215
14294.000,57602.215
14295.000,57602.215
14296.000,57602.215
14297.000,57602.215
14298.000,57602.215
14299.000,57602.215
14300.000,57602.215
14301.000,57602.215
14302.000,57602.215
14303.000,57602.215
14304.000,57602.215
14305.000,57602.215
14306.000,57602.215
14307.000,57602.215
14308.000,57602.215
14309.000,57602.215
14310.000,57602.215
14311.000,57602.215
14312.000,57602.215
14313.000,57602.215
14314.000,57602.215
14315.000,57602.215
14316.000,57602.215
14317.000,57602.215
14318.000,57602.215
14319.000,57602.215
14320.000,57602.215
14321.000,57602.215
14322.000,57681.339
14323.000,57602.215
14324.000,57602.215
14325.000,57602.215
14326.000,57602.215
14327.000,57602.215
14328.000,57602.215
14329.000,57602.215
14330.000,57681.339
14331.000,57681.339
14332.000,57602.215
14333.000,57602.215
14334.000,57602.215
14335.000,57602.215
14336.000,57602.215
14337.000,57602.215
14338.000,57681.339
14339.000,57681.339
14340.000,57602.215
14341.000,57602.215
14342.000,57602.215
14343.000,57602.215
14344.000,57602.215
14345.000,57602.215
14346.000,57602.215
14347.000,57602.215
14348.000,57602.215
14349.000,57602.215
14350.000,57602.215
14351.000,57602.215
14352.000,57602.215
14353.000,57602.215
14354.000,57602.215
14355.000,57602.215
14356.000,57602.215
14357.000,57602.215
14358.000,57602.215
14359.000,57602.215
14360.000,57602.215
14361.000,57602.215
14362.000,57602.215
14363.000,57602.215
14364.000,57602.215
14365.000,57602.215
14366.000,57602.215
14367.000,57602.215
14368.000,57602.215
14369.000,57602.215
14370.000,57602.215
14371.000,57602.215
14372.000,57681.339
14373.000,57602.215
14374.000,57602.215
14375.000,57602.215
14376.000,57602.215
14377.000,57602.215
14378.000,57602.215
14379.000,57602.215
14380.000,57681.339
14381.000,57681.339
14382.000,57602.215
14383.000,57602.215
14384.000,57602.215
14385.000,57602.215
14386.000,57602.215
14387.000,57602.215
14388.000,57681.339
14389.000,57681.339
14390.000,57602.215
14391.000,57602.215
14392.000,57602.215
14393.000,57602.215
14394.000,57602.215
14395.000,57602.215
14396.000,57602.215
14397.000,57681.339
14398.000,57602.215
14399.000,57602.215
14400.000,57602.215
14401.000,57602.215
14402.000,57602.215
14403.000,57602.215
14404.000,57602.215
14405.000,57602.215
14406.000,57602.215
14407.000,57602.215
14408.000,57602.215
14409.000,57602.215
14410.000,57602.215
14411.000,57602.215
14412.000,57602.215
14413.000,57602.215
14414.000,57602.215
14415.000,57602.215
14416.000,57602.215
14417.000,57602.215
14418.000,57602.215
14419.000,57602.215
14420.000,57602.215
14421.000,57602.215
14422.000,57602.215
14423.000,57602.215
14424.000,57602.215
14425.000,57602.215
14426.000,57602.215
14427.000,57602.215
14428.000,57602.215
14429.000,57602.215
14430.000,57602.215
14431.000,57602.215
14432.000,57602.215
14433.000,57602.215
14434.000,57602.215
14435.000,57602.215
14436.000,57602.215
14437.000,57602.215
14438.000,57602.215
14439.000,57602.215
14440.000,57602.215
14441.000,57602.215
14442.000,57602.215
14443.000,57602.215
14444.000,57602.215
14445.000,57602.215
14446.000,57602.215
14447.000,57602.215
14448.000,57602.215
14449.000,57602.215
14450.000,57602.215
14451.000,57602.215
14452.000,57602.215
14453.000,57602.215
14454.000,57602.215
14455.000,57602.215
14456.000,57602.215
14457.000,57602.215
14458.000,57602.215
14459.000,57602.215
14460.000,57602.215
14461.000,57602.215
14462.000,57602.215
14463.000,57602.215
14464.000,57602.215
14465.000,57602.215
14466.000,57602.215
14467.000,57602.215
14468.000,57602.215
14469.000,57602.215
14470.000,57602.215
14471.000,57602.215
14472.000,57681.339
14473.000,57602.215
14474.000,57602.215
14475.000,57602.215
14476.000,57602.215
14477.000,57602.215
14478.000,57602.215
14479.000,57602.215
14480.000,57681.339
14481.000,57681.339
14482.000,57602.215
14483.000,57602.215
14484.000,57602.215
14485.000,57602.215
14486.000,57602.215
14487.000,57602.215
14488.000,57681.339
14489.000,57681.339
14490.000,57602.215
14491.000,57602.215
14492.000,57602.215
14493.000,57602.215
14494.000,57602.215
14495.000,57602.215
14496.000,57602.215
14497.000,57681.339
14498.000,57602.215
14499.000,57602.215
14500.000,57602.215
14501.000,57602.215
14502.000,57602.215
14503.000,57602.215
14504.000,57602.215
14505.000,57602.215
14506.000,57602.215
14507.000,57602.215
14508.000,57602.215
14509.000,57602.215
14510.000,57602.215
14511.000,57602.215
14512.000,57602.215
14513.000,57602.215
14514.000,57602.215
14515.000,57602.215
14516.000,57602.215
14517.000,57602.215
14518.000,57602.215
14519.000,57602.215
14520.000,57602.215
14521.000,57602.215
14522.000,57602.215
14523.000,57602.215
14524.000,57602.215
14525.000,57602.215
14526.000,57602.215
14527.000,57602.215
14528.000,57602.215
14529.000,57602.215
14530.000,57681.339
14531.000,57681.339
14532.000,57602.215
14533.000,57602.215
14534.000,57602.215
14535.000,57602.215
14536.000,57602.215
14537.000,57602.215
14538.000,57681.339
14539.000,57681.339
14540.000,57602.215
14541.000,57602.215
14542.000,57602.215
14543.000,57602.215
14544.000,57602.215
14545.000,57602.215
14546.000,57602.215
14547.000,57681.339
14548.000,57602.215
14549.000,57602.215
14550.000,57602.215
14551.000,57602.215
14552.000,57602.215
14553.000,57602.215
14554.000,57602.215
14555.000,57681.339
14556.000,57681.339
14557.000,57602.215
14558.000,57602.215
14559.000,57602.215
14560.000,57602.215
14561.000,57602.215
14562.000,57602.215
14563.000,57602.215
14564.000,57681.339
14565.000,57602.215
14566.000,57602.215
14567.000,57602.215
14568.000,57602.215
14569.000,57602.215
14570.000,57602.215
14571.000,57602.215
14572.000,57681.339
14573.000,57602.215
14574.000,57602.215
14575.000,57602.215
14576.000,57602.215
14577.000,57602.215
14578.000,57602.215
14579.000,57602.215
14580.000,57681.339
14581.000,57681.339
14582.000,57602.215
14583.000,57602.215
14584.000,57602.215
14585.000,57602.215
14586.000,57602.215
14587.000,57602.215
14588.000,57681.339
14589.000,57681.339
14590.000,57602.215
14591.000,57602.215
14592.000,57602.215
14593.000,57602.215
14594.000,57602.215
14595.000,57602.215
14596.000,57602.215
14597.000,57681.339
14598.000,57681.339
14599.000,57602.215
14600.000,57602.215
14601.000,57602.215
14602.000,57602.215
14603.000,57602.215
14604.000,57602.215
14605.000,57602.215
14606.000,57602.215
14607.000,57602.215
14608.000,57602.215
14609.000,57602.215
14610.000,57602.215
14611.000,57602.215
14612.000,57602.215
14613.000,57602.215
14614.000,57681.339
14615.000,57602.215
14616.000,57602.215
14617.000,57602.215
14618.000,57602.215
14619.000,57602.215
14620.000,57602.215
14621.000,57602.215
14622.000,57681.339
14623.000,57602.215
14624.000,57602.215
14625.000,57602.215
14626.000,57602.215
14627.000,57602.215
14628.000,57602.215
14629.000,57602.215
14630.000,57681.339
14631.000,57681.339
14632.000,57602.215
14633.000,57602.215
14634.000,57602.215
14635.000,57602.215
14636.000,57602.215
14637.000,57602.215
14638.000,57681.339
14639.000,57681.339
14640.000,57681.339
14641.000,57602.215
14642.000,57602.215
14643.000,57602.215
14644.000,57602.215
14645.000,57602.215
14646.000,57602.215
14647.000,57681.339
14648.000,57681.339
14649.000,57602.215
14650.000,57602.215
14651.000,57602.215
14652.000,57602.215
14653.000,57602.215
14654.000,57602.215
14655.000,57602.215
14656.000,57602.215
14657.000,57602.215
14658.000,57602.215
14659.000,57602.215
14660.000,57602.215
14661.000,57602.215
14662.000,57602.215
14663.000,57602.215
14664.000,57602.215
14665.000,57602.215
14666.000,57602.215
14667.000,57602.215
14668.000,57602.215
14669.000,57602.215
14670.000,57602.215
14671.000,57602.215
14672.000,57602.215
14673.000,57602.215
14674.000,57602.215
14675.000,57602.215
14676.000,57602.215
14677.000,57602.215
14678.000,57602.215
14679.000,57602.215
14680.000,57681.339
14681.000,57681.339
14682.000,57602.215
14683.000,57602.215
14684.000,57602.215
14685.000,57602.215
14686.000,57602.215
14687.000,57602.215
14688.000,57681.339
14689.000,57681.339
14690.000,57681.339
14691.000,57602.215
14692.000,57602.215
14693.000,57602.215
14694.000,57602.215
14695.000,57602.215
14696.000,57602.215
14697.000,57681.339
14698.000,57681.339
14699.000,57602.215
14700.000,57602.215
14701.000,57602.215
14702.000,57602.215
14703.000,57602.215
14704.000,57602.215
14705.000,57602.215
14706.000,57681.339
14707.000,57602.215
14708.000,57602.215
14709.000,57602.215
14710.000,57602.215
14711.000,57602.215
14712.000,57602.215
14713.000,57602.215
14714.000,57602.215
14715.000,57602.215
14716.000,57602.215
14717.000,57602.215
14718.000,57602.215
14719.000,57602.215
14720.000,57602.215
14721.000,57602.215
14722.000,57602.215
14723.000,57602.215
14724.000,57602.215
14725.000,57602.215
14726.000,57602.215
14727.000,57602.215
14728.000,57602.215
14729.000,57602.215
14730.000,57602.215
14731.000,57602.215
14732.000,57602.215
14733.000,57602.215
14734.000,57602.215
14735.000,57602.215
14736.000,57602.215
14737.000,57602.215
14738.000,57602.215
14739.000,57602.215
14740.000,57602.215
14741.000,57602.215
14742.000,57602.215
14743.000,57602.215
14744.000,57602.215
14745.000,57602.215
14746.000,57602.215
14747.000,57681.339
14748.000,57602.215
14749.000,57602.215
14750.000,57602.215
14751.000,57602.215
14752.000,57602.215
14753.000,57602.215
14754.000,57602.215
14755.000,57602.215
14756.000,57602.215
14757.000,57602.215
14758.000,57602.215
14759.000,57602.215
14760.000,57602.215
14761.000,57602.215
14762.000,57602.215
14763.000,57602.215
14764.000,57681.339
14765.000,57602.215
14766.000,57602.215
14767.000,57602.215
14768.000,57602.215
14769.000,57602.215
14770.000,57602.215
14771.000,57602.215
14772.000,57681.339
14773.000,57681.339
14774.000,57602.215
14775.000,57602.215
14776.000,57602.215
14777.000,57602.215
14778.000,57602.215
14779.000,57602.215
14780.000,57681.339
14781.000,57681.339
14782.000,57602.215
14783.000,57602.215
14784.000,57602.215
14785.000,57602.215
14786.000,57602.215
14787.000,57602.215
14788.000,57602.215
14789.000,57681.339
14790.000,57681.339
14791.000,57602.215
14792.000,57602.215
14793.000,57602.215
14794.000,57602.215
14795.000,57602.215
14796.000,57602.215
14797.000,57681.339
14798.000,57681.339
14799.000,57602.215
14800.000,57602.215
14801.000,57602.215
14802.000,57602.215
14803.000,57602.215
14804.000,57602.215
14805.000,57602.215
14806.000,57681.339
14807.000,57602.215
14808.000,57602.215
14809.000,57602.215
14810.000,57602.215
14811.000,57602.215
14812.000,57602.215
14813.000,57602.215
14814.000,57602.215
14815.000,57602.215
14816.000,57602.215
14817.000,57602.215
14818.000,57602.215
14819.000,57602.215
14820.000,57602.215
14821.000,57602.215
14822.000,57602.215
14823.000,57602.215
14824.000,57602.215
14825.000,57602.215
14826.000,57602.215
14827.000,57602.215
14828.000,57602.215
14829.000,57602.215
14830.000,57602.215
14831.000,57681.339
14832.000,57602.215
14833.000,57602.215
14834.000,57602.215
14835.000,57602.215
14836.000,57602.215
14837.000,57602.215
14838.000,57602.215
14839.000,57681.339
14840.000,57602.215
14841.000,57602.215
14842.000,57602.215
14843.000,57602.215
14844.000,57602.215
14845.000,57602.215
14846.000,57602.215
14847.000,57681.339
14848.000,57681.339
14849.000,57602.215
14850.000,57602.215
14851.000,57602.215
14852.000,57602.215
14853.000,57602.215
14854.000,57602.215
14855.000,57602.215
14856.000,57681.339
14857.000,57602.215
14858.000,57602.215
14859.000,57602.215
14860.000,57602.215
14861.000,57602.215
14862.000,57602.215
14863.000,57602.215
14864.000,57681.339
14865.000,57602.215
14866.000,57602.215
14867.000,57602.215
14868.000,57602.215
14869.000,57602.215
14870.000,57602.215
14871.000,57602.215
14872.000,57681.339
14873.000,57602.215
14874.000,57602.215
14875.000,57602.215
14876.000,57602.215
14877.000,57602.215
14878.000,57602.215
14879.000,57602.215
14880.000,57681.339
14881.000,57681.339
14882.000,57602.215
14883.000,57602.215
14884.000,57602.215
14885.000,57602.215
14886.000,57602.215
14887.000,57602.215
14888.000,57681.339
14889.000,57681.339
14890.000,57681.339
14891.000,57602.215
14892.000,57602.215
14893.000,57602.215
14894.000,57602.215
14895.000,57602.215
14896.000,57602.215
14897.000,57681.339
14898.000,57681.339
14899.000,57602.215
14900.000,57602.215
14901.000,57602.215
14902.000,57602.215
14903.000,57602.215
14904.000,57602.215
14905.000,57681.339
14906.000,57681.339
14907.000,57602.215
14908.000,57602.215
14909.000,57602.215
14910.000,57602.215
14911.000,57602.215
14912.000,57602.215
14913.000,57602.215
14914.000,57681.339
14915.000,57602.215
14916.000,57602.215
14917.000,57602.215
14918.000,57602.215
14919.000,57602.215
14920.000,57602.215
14921.000,57602.215
14922.000,57681.339
14923.000,57602.215
14924.000,57602.215
14925.000,57602.215
14926.000,57602.215
14927.000,57602.215
14928.000,57602.215
14929.000,57602.215
14930.000,57681.339
14931.000,57681.339
14932.000,57602.215
14933.000,57602.215
14934.000,57602.215
14935.000,57602.215
14936.000,57602.215
14937.000,57602.215
14938.000,57681.339
14939.000,57681.339
14940.000,57602.215
14941.000,57602.215
14942.000,57602.215
14943.000,57602.215
14944.000,57602.215
14945.000,57602.215
14946.000,57602.215
14947.000,57681.339
14948.000,57681.339
14949.000,57602.215
14950.000,57602.215
14951.000,57602.215
14952.000,57602.215
14953.000,57602.215
14954.000,57602.215
14955.000,57681.339
14956.000,57681.339
14957.000,57602.215
14958.000,57602.215
14959.000,57602.215
14960.000,57602.215
14961.000,57602.215
14962.000,57602.215
14963.000,57602.215
14964.000,57681.339
14965.000,57602.215
14966.000,57602.215
14967.000,57602.215
14968.000,57602.215
14969.000,57602.215
14970.000,57602.215
14971.000,57602.215
14972.000,57681.339
14973.000,57602.215
14974.000,57602.215
14975.000,57602.215
14976.000,57602.215
14977.000,57602.215
14978.000,57602.215
14979.000,57602.215
14980.000,57602.215
14981.000,57681.339
14982.000,57602.215
14983.000,57602.215
14984.000,57602.215
14985.000,57602.215
14986.000,57602.215
14987.000,57602.215
14988.000,57681.339
14989.000,57681.339
14990.000,57602.215
14991.000,57602.215
14992.000,57602.215
14993.000,57602.215
14994.000,57602.215
14995.000,57602.215
14996.000,57681.339
14997.000,57681.339
14998.000,57681.339
14999.000,57602.215
15000.000,57602.215
15001.000,57602.215
15002.000,57602.215
15003.000,57602.215
15004.000,57602.215
15005.000,57681.339
15006.000,57681.339
15007.000,57602.215
15008.000,57602.215
15009.000,57602.215
15010.000,57602.215
15011.000,57602.215
15012.000,57602.215
15013.000,57602.215
15014.000,57681.339
15015.000,57602.215
15016.000,57602.215
15017.000,57602.215
15018.000,57602.215
15019.000,57602.215
15020.000,57602.215
15021.000,57602.215
15022.000,57681.339
15023.000,57602.215
15024.000,57602.215
15025.000,57602.215
15026.000,57602.215
15027.000,57602.215
15028.000,57602.215
15029.000,57602.215
15030.000,57681.339
15031.000,57602.215
15032.000,57602.215
15033.000,57602.215
15034.000,57602.215
15035.000,57602.215
15036.000,57602.215
15037.000,57602.215
15038.000,57681.339
15039.000,57681.339
15040.000,57602.215
15041.000,57602.215
15042.000,57602.215
15043.000,57602.215
15044.000,57602.215
15045.000,57602.215
15046.000,57681.339
15047.000,57681.339
15048.000,57681.339
15049.000,57602.215
15050.000,57602.215
15051.000,57602.215
15052.000,57602.215
15053.000,57602.215
15054.000,57602.215
15055.000,57681.339
15056.000,57681.339
15057.000,57602.215
15058.000,57602.215
15059.000,57602.215
15060.000,57602.215
15061.000,57602.215
15062.000,57602.215
15063.000,57681.339
15064.000,57681.339
15065.000,57681.339
15066.000,57602.215
15067.000,57602.215
15068.000,57602.215
15069.000,57602.215
15070.000,57602.215
15071.000,57602.215
15072.000,57681.339
15073.000,57681.339
15074.000,57602.215
15075.000,57602.215
15076.000,57602.215
15077.000,57602.215
15078.000,57602.215
15079.000,57602.215
15080.000,57602.215
15081.000,57681.339
15082.000,57602.215
15083.000,57602.215
15084.000,57602.215
15085.000,57602.215
15086.000,57602.215
15087.000,57602.215
15088.000,57602.215
15089.000,57681.339
15090.000,57602.215
15091.000,57602.215
15092.000,57602.215
15093.000,57602.215
15094.000,57602.215
15095.000,57602.215
15096.000,57602.215
15097.000,57681.339
15098.000,57602.215
15099.000,57602.215
15100.000,57602.215
15101.000,57602.215
15102.000,57602.215
15103.000,57602.215
15104.000,57602.215
15105.000,57681.339
15106.000,57681.339
15107.000,57602.215
15108.000,57602.215
15109.000,57602.215
15110.000,57602.215
15111.000,57602.215
15112.000,57602.215
15113.000,57681.339
15114.000,57681.339
15115.000,57602.215
15116.000,57602.215
15117.000,57602.215
15118.000,57602.215
15119.000,57602.215
15120.000,57602.215
15121.000,57602.215
15122.000,57681.339
15123.000,57681.339
15124.000,57602.215
15125.000,57602.215
15126.000,57602.215
15127.000,57602.215
15128.000,57602.215
15129.000,57602.215
15130.000,57681.339
15131.000,57681.339
15132.000,57602.215
15133.000,57602.215
15134.000,57602.215
15135.000,57602.215
15136.000,57602.215
15137.000,57602.215
15138.000,57681.339
15139.000,57681.339
15140.000,57681.339
15141.000,57602.215
15142.000,57602.215
15143.000,57602.215
15144.000,57602.215
15145.000,57602.215
15146.000,57602.215
15147.000,57681.339
15148.000,57681.339
15149.000,57602.215
15150.000,57602.215
15151.000,57602.215
15152.000,57602.215
15153.000,57602.215
15154.000,57602.215
15155.000,57681.339
15156.000,57681.339
15157.000,57681.339
15158.000,57602.215
15159.000,57602.215
15160.000,57602.215
15161.000,57602.215
15162.000,57602.215
15163.000,57602.215
15164.000,57681.339
15165.000,57681.339
15166.000,57602.215
15167.000,57602.215
15168.000,57602.215
15169.000,57602.215
15170.000,57602.215
15171.000,57602.215
15172.000,57602.215
15173.000,57602.215
15174.000,57602.215
15175.000,57602.215
15176.000,57602.215
15177.000,57602.215
15178.000,57602.215
15179.000,57602.215
15180.000,57602.215
15181.000,57602.215
15182.000,57602.215
15183.000,57602.215
15184.000,57602.215
15185.000,57602.215
15186.000,57602.215
15187.000,57602.215
15188.000,57602.215
15189.000,57681.339
15190.000,57602.215
15191.000,57602.215
15192.000,57602.215
15193.000,57602.215
15194.000,57602.215
15195.000,57602.215
15196.000,57602.215
15197.000,57681.339
15198.000,57681.339
15199.000,57602.215
15200.000,57602.215
15201.000,57602.215
15202.000,57602.215
15203.000,57602.215
15204.000,57602.215
15205.000,57681.339
15206.000,57681.339
15207.000,57602.215
15208.000,57602.215
15209.000,57602.215
15210.000,57602.215
15211.000,57602.215
15212.000,57602.215
15213.000,57602.215
15214.000,57681.339
15215.000,57681.339
15216.000,57602.215
15217.000,57602.215
15218.000,57602.215
15219.000,57602.215
15220.000,57602.215
15221.000,57602.215
15222.000,57681.339
15223.000,57602.215
15224.000,57602.215
15225.000,57602.215
15226.000,57602.215
15227.000,57602.215
15228.000,57602.215
15229.000,57602.215
15230.000,57681.339
15231.000,57681.339
15232.000,57602.215
15233.000,57602.215
15234.000,57602.215
15235.000,57602.215
15236.000,57602.215
15237.000,57602.215
15238.000,57681.339
15239.000,57681.339
15240.000,57602.215
15241.000,57602.215
15242.000,57602.215
15243.000,57602.215
15244.000,57602.215
15245.000,57602.215
15246.000,57602.215
15247.000,57681.339
15248.000,57681.339
15249.000,57602.215
15250.000,57602.215
15251.000,57602.215
15252.000,57602.215
15253.000,57602.215
15254.000,57602.215
15255.000,57681.339
15256.000,57681.339
15257.000,57602.215
15258.000,57602.215
15259.000,57602.215
15260.000,57602.215
15261.000,57602.215
15262.000,57602.215
15263.000,57602.215
15264.000,57602.215
15265.000,57602.215
15266.000,57602.215
15267.000,57602.215
15268.000,57602.215
15269.000,57602.215
15270.000,57602.215
15271.000,57602.215
15272.000,57602.215
15273.000,57602.215
15274.000,57602.215
15275.000,57602.215
15276.000,57602.215
15277.000,57602.215
15278.000,57602.215
15279.000,57602.215
15280.000,57602.215
15281.000,57602.215
15282.000,57602.215
15283.000,57602.215
15284.000,57602.215
15285.000,57602.215
15286.000,57602.215
15287.000,57602.215
15288.000,57602.215
15289.000,57602.215
15290.000,57602.215
15291.000,57602.215
15292.000,57602.215
15293.000,57602.215
15294.000,57602.215
15295.000,57602.215
15296.000,57681.339
15297.000,57681.339
15298.000,57602.215
15299.000,57602.215
15300.000,57602.215
15301.000,57602.215
15302.000,57602.215
15303.000,57602.215
15304.000,57602.215
15305.000,57681.339
15306.000,57681.339
15307.000,57602.215
15308.000,57602.215
15309.000,57602.215
15310.000,57602.215
15311.000,57602.215
15312.000,57602.215
15313.000,57681.339
15314.000,57681.339
15315.000,57681.339
15316.000,57602.215
15317.000,57602.215
15318.000,57602.215
15319.000,57602.215
15320.000,57602.215
15321.000,57602.215
15322.000,57602.215
15323.000,57602.215
15324.000,57602.215
15325.000,57602.215
15326.000,57602.215
15327.000,57602.215
15328.000,57602.215
15329.000,57602.215
15330.000,57602.215
15331.000,57602.215
15332.000,57602.215
15333.000,57602.215
15334.000,57602.215
15335.000,57602.215
15336.000,57602.215
15337.000,57602.215
15338.000,57602.215
15339.000,57681.339
15340.000,57602.215
15341.000,57602.215
15342.000,57602.215
15343.000,57602.215
15344.000,57602.215
15345.000,57602.215
15346.000,57681.339
15347.000,57681.339
15348.000,57681.339
15349.000,57602.215
15350.000,57602.215
15351.000,57602.215
15352.000,57602.215
15353.000,57602.215
15354.000,57602.215
15355.000,57681.339
15356.000,57681.339
15357.000,57602.215
15358.000,57602.215
15359.000,57602.215
15360.000,57602.215
15361.000,57602.215
15362.000,57602.215
15363.000,57602.215
15364.000,57681.339
15365.000,57602.215
15366.000,57602.215
15367.000,57602.215
15368.000,57602.215
15369.000,57602.215
15370.000,57602.215
15371.000,57602.215
15372.000,57602.215
15373.000,57602.215
15374.000,57602.215
15375.000,57602.215
15376.000,57602.215
15377.000,57602.215
15378.000,57602.215
15379.000,57602.215
15380.000,57602.215
15381.000,57681.339
15382.000,57602.215
15383.000,57602.215
15384.000,57602.215
15385.000,57602.215
15386.000,57602.215
15387.000,57602.215
15388.000,57602.215
15389.000,57681.339
15390.000,57602.215
15391.000,57602.215
15392.000,57602.215
15393.000,57602.215
15394.000,57602.215
15395.000,57602.215
15396.000,57602.215
15397.000,57681.339
15398.000,57681.339
15399.000,57602.215
15400.000,57602.215
15401.000,57602.215
15402.000,57602.215
15403.000,57602.215
15404.000,57602.215
15405.000,57602.215
15406.000,57681.339
15407.000,57602.215
15408.000,57602.215
15409.000,57602.215
15410.000,57602.215
15411.000,57602.215
15412.000,57602.215
15413.000,57602.215
15414.000,57602.215
15415.000,57602.215
15416.000,57602.215
15417.000,57602.215
15418.000,57602.215
15419.000,57602.215
15420.000,57602.215
15421.000,57602.215
15422.000,57602.215
15423.000,57602.215
15424.000,57602.215
15425.000,57602.215
15426.000,57602.215
15427.000,57602.215
15428.000,57602.215
15429.000,57681.339
15430.000,57681.339
15431.000,57602.215
15432.000,57602.215
15433.000,57602.215
15434.000,57602.215
15435.000,57602.215
15436.000,57602.215
15437.000,57602.215
15438.000,57681.339
15439.000,57681.339
15440.000,57602.215
15441.000,57602.215
15442.000,57602.215
15443.000,57602.215
15444.000,57602.215
15445.000,57602.215
15446.000,57681.339
15447.000,57681.339
15448.000,57681.339
15449.000,57602.215
15450.000,57602.215
15451.000,57602.215
15452.000,57602.215
15453.000,57602.215
15454.000,57602.215
15455.000,57681.339
15456.000,57681.339
15457.000,57681.339
15458.000,57602.215
15459.000,57602.215
15460.000,57602.215
15461.000,57602.215
15462.000,57602.215
15463.000,57602.215
15464.000,57681.339
15465.000,57681.339
15466.000,57602.215
15467.000,57602.215
15468.000,57602.215
15469.000,57602.215
15470.000,57602.215
15471.000,57602.215
15472.000,57602.215
15473.000,57602.215
15474.000,57602.215
15475.000,57602.215
15476.000,57602.215
15477.000,57602.215
15478.000,57602.215
15479.000,57602.215
15480.000,57602.215
15481.000,57602.215
15482.000,57602.215
15483.000,57602.215
15484.000,57602.215
15485.000,57602.215
15486.000,57602.215
15487.000,57602.215
15488.000,57602.215
15489.000,57602.215
15490.000,57602.215
15491.000,57602.215
15492.000,57602.215
15493.000,57602.215
15494.000,57602.215
15495.000,57602.215
15496.000,57681.339
15497.000,57681.339
15498.000,57602.215
15499.000,57602.215
15500.000,57602.215
15501.000,57602.215
15502.000,57602.215
15503.000,57602.215
15504.000,57681.339
15505.000,57681.339
15506.000,57681.339
15507.000,57602.215
15508.000,57602.215
15509.000,57602.215
15510.000,57602.215
15511.000,57602.215
15512.000,57602.215
15513.000,57681.339
15514.000,57681.339
15515.000,57602.215
15516.000,57602.215
15517.000,57602.215
15518.000,57602.215
15519.000,57602.215
15520.000,57602.215
15521.000,57602.215
15522.000,57681.339
15523.000,57681.339
15524.000,57602.215
15525.000,57602.215
15526.000,57602.215
15527.000,57602.215
15528.000,57602.215
15529.000,57602.215
15530.000,57681.339
15531.000,57681.339
15532.000,57602.215
15533.000,57602.215
15534.000,57602.215
15535.000,57602.215
15536.000,57602.215
15537.000,57602.215
15538.000,57681.339
15539.000,57681.339
15540.000,57602.215
15541.000,57602.215
15542.000,57602.215
15543.000,57602.215
15544.000,57602.215
15545.000,57602.215
15546.000,57602.215
15547.000,57681.339
15548.000,57681.339
15549.000,57602.215
15550.000,57602.215
15551.000,57602.215
15552.000,57602.215
15553.000,57602.215
15554.000,57602.215
15555.000,57681.339
15556.000,57681.339
15557.000,57602.215
15558.000,57602.215
15559.000,57602.215
15560.000,57602.215
15561.000,57602.215
15562.000,57602.215
15563.000,57681.339
15564.000,57681.339
15565.000,57681.339
15566.000,57602.215
15567.000,57602.215
15568.000,57602.215
15569.000,57602.215
15570.000,57602.215
15571.000,57602.215
15572.000,57681.339
15573.000,57681.339
15574.000,57602.215
15575.000,57602.215
15576.000,57602.215
15577.000,57602.215
15578.000,57602.215
15579.000,57602.215
15580.000,57602.215
15581.000,57602.215
15582.000,57602.215
15583.000,57602.215
15584.000,57602.215
15585.000,57602.215
15586.000,57602.215
15587.000,57602.215
15588.000,57602.215
15589.000,57602.215
15590.000,57602.215
15591.000,57602.215
15592.000,57602.215
15593.000,57602.215
15594.000,57602.215
15595.000,57602.215
15596.000,57602.215
15597.000,57602.215
15598.000,57602.215
15599.000,57602.215
15600.000,57602.215
15601.000,57602.215
15602.000,57602.215
15603.000,57602.215
15604.000,57602.215
15605.000,57681.339
15606.000,57681.339
15607.000,57602.215
15608.000,57602.215
15609.000,57602.215
15610.000,57602.215
15611.000,57602.215
15612.000,57602.215
15613.000,57681.339
15614.000,57681.339
15615.000,57681.339
15616.000,57602.215
15617.000,57602.215
15618.000,57602.215
15619.000,57602.215
15620.000,57602.215
15621.000,57602.215
15622.000,57681.339
15623.000,57681.339
15624.000,57602.215
15625.000,57602.215
15626.000,57602.215
15627.000,57602.215
15628.000,57602.215
15629.000,57602.215
15630.000,57681.339
15631.000,57681.339
15632.000,57602.215
15633.000,57602.215
15634.000,57602.215
15635.000,57602.215
15636.000,57602.215
15637.000,57602.215
15638.000,57602.215
15639.000,57602.215
15640.000,57602.215
15641.000,57602.215
15642.000,57602.215
15643.000,57602.215
15644.000,57602.215
15645.000,57602.215
15646.000,57602.215
15647.000,57602.215
15648.000,57602.215
15649.000,57602.215
15650.000,57602.215
15651.000,57602.215
15652.000,57602.215
15653.000,57602.215
15654.000,57602.215
15655.000,57602.215
15656.000,57681.339
15657.000,57602.215
15658.000,57602.215
15659.000,57602.215
15660.000,57602.215
15661.000,57602.215
15662.000,57602.215
15663.000,57602.215
15664.000,57681.339
15665.000,57602.215
15666.000,57602.215
15667.000,57602.215
15668.000,57602.215
15669.000,57602.215
15670.000,57602.215
15671.000,57602.215
15672.000,57681.339
15673.000,57602.215
15674.000,57602.215
15675.000,57602.215
15676.000,57602.215
15677.000,57602.215
15678.000,57602.215
15679.000,57602.215
15680.000,57602.215
15681.000,57602.215
15682.000,57602.215
15683.000,57602.215
15684.000,57602.215
15685.000,57602.215
15686.000,57602.215
15687.000,57602.215
15688.000,57602.215
15689.000,57602.215
15690.000,57602.215
15691.000,57602.215
15692.000,57602.215
15693.000,57602.215
15694.000,57602.215
15695.000,57602.215
15696.000,57602.215
15697.000,57602.215
15698.000,57602.215
15699.000,57602.215
15700.000,57602.215
15701.000,57602.215
15702.000,57602.215
15703.000,57602.215
15704.000,57602.215
15705.000,57681.339
15706.000,57681.339
15707.000,57602.215
15708.000,57602.215
15709.000,57602.215
15710.000,57602.215
15711.000,57602.215
15712.000,57602.215
15713.000,57602.215
15714.000,57681.339
15715.000,57602.215
15716.000,57602.215
15717.000,57602.215
15718.000,57602.215
15719.000,57602.215
15720.000,57602.215
15721.000,57602.215
15722.000,57681.339
15723.000,57602.215
15724.000,57602.215
15725.000,57602.215
15726.000,57602.215
15727.000,57602.215
15728.000,57602.215
15729.000,57602.215
15730.000,57681.339
15731.000,57602.215
15732.000,57602.215
15733.000,57602.215
15734.000,57602.215
15735.000,57602.215
15736.000,57602.215
15737.000,57602.215
15738.000,57602.215
15739.000,57602.215
15740.000,57602.215
15741.000,57602.215
15742.000,57602.215
15743.000,57602.215
15744.000,57602.215
15745.000,57602.215
15746.000,57602.215
15747.000,57681.339
15748.000,57602.215
15749.000,57602.215
15750.000,57602.215
15751.000,57602.215
15752.000,57602.215
15753.000,57602.215
15754.000,57602.215
15755.000,57602.215
15756.000,57681.339
15757.000,57602.215
15758.000,57602.215
15759.000,57602.215
15760.000,57602.215
15761.000,57602.215
15762.000,57602.215
15763.000,57602.215
15764.000,57681.339
15765.000,57681.339
15766.000,57602.215
15767.000,57602.215
15768.000,57602.215
15769.000,57602.215
15770.000,57602.215
15771.000,57602.215
15772.000,57602.215
15773.000,57602.215
15774.000,57602.215
15775.000,57602.215
15776.000,57602.215
15777.000,57602.215
15778.000,57602.215
15779.000,57602.215
15780.000,57602.215
15781.000,57602.215
15782.000,57602.215
15783.000,57602.215
15784.000,57602.215
15785.000,57602.215
15786.000,57602.215
15787.000,57602.215
15788.000,57602.215
15789.000,57602.215
15790.000,57602.215
15791.000,57602.215
15792.000,57602.215
15793.000,57602.215
15794.000,57602.215
15795.000,57602.215
15796.000,57602.215
15797.000,57602.215
15798.000,57602.215
15799.000,57602.215
15800.000,57602.215
15801.000,57602.215
15802.000,57602.215
15803.000,57602.215
15804.000,57602.215
15805.000,57681.339
15806.000,57602.215
15807.000,57602.215
15808.000,57602.215
15809.000,57602.215
15810.000,57602.215
15811.000,57602.215
15812.000,57602.215
15813.000,57681.339
15814.000,57681.339
15815.000,57602.215
15816.000,57602.215
15817.000,57602.215
15818.000,57602.215
15819.000,57602.215
15820.000,57602.215
15821.000,57681.339
15822.000,57681.339
15823.000,57681.339
15824.000,57602.215
15825.000,57602.215
15826.000,57602.215
15827.000,57602.215
15828.000,57602.215
15829.000,57602.215
15830.000,57681.339
15831.000,57681.339
15832.000,57602.215
15833.000,57602.215
15834.000,57602.215
15835.000,57602.215
15836.000,57602.215
15837.000,57602.215
15838.000,57602.215
15839.000,57602.215
15840.000,57602.215
15841.000,57602.215
15842.000,57602.215
15843.000,57602.215
15844.000,57602.215
15845.000,57602.215
15846.000,57602.215
15847.000,57602.215
15848.000,57602.215
15849.000,57602.215
15850.000,57602.215
15851.000,57602.215
15852.000,57602.215
15853.000,57602.215
15854.000,57602.215
15855.000,57602.215
15856.000,57602.215
15857.000,57602.215
15858.000,57602.215
15859.000,57602.215
15860.000,57602.215
15861.000,57602.215
15862.000,57602.215
15863.000,57681.339
15864.000,57681.339
15865.000,57602.215
15866.000,57602.215
15867.000,57602.215
15868.000,57602.215
15869.000,57602.215
15870.000,57602.215
15871.000,57602.215
15872.000,57681.339
15873.000,57681.339
15874.000,57602.215
15875.000,57602.215
15876.000,57602.215
15877.000,57602.215
15878.000,57602.215
15879.000,57602.215
15880.000,57681.339
15881.000,57681.339
15882.000,57602.215
15883.000,57602.215
15884.000,57602.215
15885.000,57602.215
15886.000,57602.215
15887.000,57602.215
15888.000,57602.215
15889.000,57681.339
15890.000,57602.215
15891.000,57602.215
15892.000,57602.215
15893.000,57602.215
15894.000,57602.215
15895.000,57602.215
15896.000,57602.215
15897.000,57602.215
15898.000,57602.215
15899.000,57602.215
15900.000,57602.215
15901.000,57602.215
15902.000,57602.215
15903.000,57602.215
15904.000,57602.215
15905.000,57602.215
15906.000,57602.215
15907.000,57602.215
15908.000,57602.215
15909.000,57602.215
15910.000,57602.215
15911.000,57602.215
15912.000,57602.215
15913.000,57602.215
15914.000,57681.339
15915.000,57602.215
15916.000,57602.215
15917.000,57602.215
15918.000,57602.215
15919.000,57602.215
15920.000,57602.215
15921.000,57602.215
15922.000,57681.339
15923.000,57681.339
15924.000,57602.215
15925.000,57602.215
15926.000,57602.215
15927.000,57602.215
15928.000,57602.215
15929.000,57602.215
15930.000,57681.339
15931.000,57681.339
15932.000,57602.215
15933.000,57602.215
15934.000,57602.215
15935.000,57602.215
15936.000,57602.215
15937.000,57602.215
15938.000,57602.215
15939.000,57602.215
15940.000,57602.215
15941.000,57602.215
15942.000,57602.215
15943.000,57602.215
15944.000,57602.215
15945.000,57602.215
15946.000,57602.215
15947.000,57602.215
15948.000,57602.215
15949.000,57602.215
15950.000,57602.215
15951.000,57602.215
15952.000,57602.215
15953.000,57602.215
15954.000,57602.215
15955.000,57602.215
15956.000,57602.215
15957.000,57602.215
15958.000,57602.215
15959.000,57602.215
15960.000,57602.215
15961.000,57602.215
15962.000,57602.215
15963.000,57602.215
15964.000,57681.339
15965.000,57602.215
15966.000,57602.215
15967.000,57602.215
15968.000,57602.215
15969.000,57602.215
15970.000,57602.215
15971.000,57602.215
15972.000,57681.339
15973.000,57681.339
15974.000,57602.215
15975.000,57602.215
15976.000,57602.215
15977.000,57602.215
15978.000,57602.215
15979.000,57602.215
15980.000,57681.339
15981.000,57681.339
15982.000,57602.215
15983.000,57602.215
15984.000,57602.215
15985.000,57602.215
15986.000,57602.215
15987.000,57602.215
15988.000,57602.215
15989.000,57681.339
15990.000,57602.215
15991.000,57602.215
15992.000,57602.215
15993.000,57602.215
15994.000,57602.215
15995.000,57602.215
15996.000,57602.215
15997.000,57602.215
15998.000,57602.215
15999.000,57602.215
16000.000,57602.215
16001.000,57602.215
16002.000,57602.215
16003.000,57602.215
16004.000,57602.215
16005.000,57602.215
16006.000,57681.339
16007.000,57602.215
16008.000,57602.215
16009.000,57602.215
16010.000,57602.215
16011.000,57602.215
16012.000,57602.215
16013.000,57602.215
16014.000,57681.339
16015.000,57602.215
16016.000,57602.215
16017.000,57602.215
16018.000,57602.215
16019.000,57602.215
16020.000,57602.215
16021.000,57602.215
16022.000,57681.339
16023.000,57681.339
16024.000,57602.215
16025.000,57602.215
16026.000,57602.215
16027.000,57602.215
16028.000,57602.215
16029.000,57602.215
16030.000,57681.339
16031.000,57681.339
16032.000,57602.215
16033.000,57602.215
16034.000,57602.215
16035.000,57602.215
16036.000,57602.215
16037.000,57602.215
16038.000,57602.215
16039.000,57602.215
16040.000,57602.215
16041.000,57602.215
16042.000,57602.215
16043.000,57602.215
16044.000,57602.215
16045.000,57602.215
16046.000,57602.215
16047.000,57602.215
16048.000,57602.215
16049.000,57602.215
16050.000,57602.215
16051.000,57602.215
16052.000,57602.215
16053.000,57602.215
16054.000,57602.215
16055.000,57602.215
16056.000,57602.215
16057.000,57602.215
16058.000,57602.215
16059.000,57602.215
16060.000,57602.215
16061.000,57602.215
16062.000,57602.215
16063.000,57602.215
16064.000,57681.339
16065.000,57602.215
16066.000,57602.215
16067.000,57602.215
16068.000,57602.215
16069.000,57602.215
16070.000,57602.215
16071.000,57602.215
16072.000,57681.339
16073.000,57681.339
16074.000,57602.215
16075.000,57602.215
16076.000,57602.215
16077.000,57602.215
16078.000,57602.215
16079.000,57602.215
16080.000,57681.339
16081.000,57681.339
16082.000,57602.215
16083.000,57602.215
16084.000,57602.215
16085.000,57602.215
16086.000,57602.215
16087.000,57602.215
16088.000,57602.215
16089.000,57681.339
16090.000,57681.339
16091.000,57602.215
16092.000,57602.215
16093.000,57602.215
16094.000,57602.215
16095.000,57602.215
16096.000,57602.215
16097.000,57602.215
16098.000,57602.215
16099.000,57602.215
16100.000,57602.215
16101.000,57602.215
16102.000,57602.215
16103.000,57602.215
16104.000,57602.215
16105.000,57602.215
16106.000,57602.215
16107.000,57602.215
16108.000,57602.215
16109.000,57602.215
16110.000,57602.215
16111.000,57602.215
16112.000,57602.215
16113.000,57602.215
16114.000,57681.339
16115.000,57602.215
16116.000,57602.215
16117.000,57602.215
16118.000,57602.215
16119.000,57602.215
16120.000,57602.215
16121.000,57602.215
16122.000,57681.339
16123.000,57681.339
16124.000,57602.215
16125.000,57602.215
16126.000,57602.215
16127.000,57602.215
16128.000,57602.215
16129.000,57602.215
16130.000,57602.215
16131.000,57681.339
16132.000,57602.215
16133.000,57602.215
16134.000,57602.215
16135.000,57602.215
16136.000,57602.215
16137.000,57602.215
16138.000,57602.215
16139.000,57681.339
16140.000,57602.215
16141.000,57602.215
16142.000,57602.215
16143.000,57602.215
16144.000,57602.215
16145.000,57602.215
16146.000,57602.215
16147.000,57602.215
16148.000,57602.215
16149.000,57602.215
16150.000,57602.215
16151.000,57602.215
16152.000,57602.215
16153.000,57602.215
16154.000,57602.215
16155.000,57602.215
16156.000,57602.215
16157.000,57602.215
16158.000,57602.215
16159.000,57602.215
16160.000,57602.215
16161.000,57602.215
16162.000,57602.215
16163.000,57602.215
16164.000,57681.339
16165.000,57602.215
16166.000,57602.215
16167.000,57602.215
16168.000,57602.215
16169.000,57602.215
16170.000,57602.215
16171.000,57602.215
16172.000,57681.339
16173.000,57681.339
16174.000,57602.215
16175.000,57602.215
16176.000,57602.215
16177.000,57602.215
16178.000,57602.215
16179.000,57602.215
16180.000,57681.339
16181.000,57681.339
16182.000,57602.215
16183.000,57602.215
16184.000,57602.215
16185.000,57602.215
16186.000,57602.215
16187.000,57602.215
16188.000,57681.339
16189.000,57681.339
16190.000,57681.339
16191.000,57602.215
16192.000,57602.215
16193.000,57602.215
16194.000,57602.215
16195.000,57602.215
16196.000,57602.215
16197.000,57681.339
16198.000,57602.215
16199.000,57602.215
16200.000,57602.215
16201.000,57602.215
16202.000,57602.215
16203.000,57602.215
16204.000,57602.215
16205.000,57602.215
16206.000,57602.215
16207.000,57602.215
16208.000,57602.215
16209.000,57602.215
16210.000,57602.215
16211.000,57602.215
16212.000,57602.215
16213.000,57602.215
16214.000,57602.215
16215.000,57602.215
16216.000,57602.215
16217.000,57602.215
16218.000,57602.215
16219.000,57602.215
16220.000,57602.215
16221.000,57602.215
16222.000,57681.339
16223.000,57602.215
16224.000,57602.215
16225.000,57602.215
16226.000,57602.215
16227.000,57602.215
16228.000,57602.215
16229.000,57602.215
16230.000,57681.339
16231.000,57681.339
16232.000,57602.215
16233.000,57602.215
16234.000,57602.215
16235.000,57602.215
16236.000,57602.215
16237.000,57602.215
16238.000,57602.215
16239.000,57681.339
16240.000,57602.215
16241.000,57602.215
16242.000,57602.215
16243.000,57602.215
16244.000,57602.215
16245.000,57602.215
16246.000,57602.215
16247.000,57681.339
16248.000,57602.215
16249.000,57602.215
16250.000,57602.215
16251.000,57602.215
16252.000,57602.215
16253.000,57602.215
16254.000,57602.215
16255.000,57602.215
16256.000,57602.215
16257.000,57602.215
16258.000,57602.215
16259.000,57602.215
16260.000,57602.215
16261.000,57602.215
16262.000,57602.215
16263.000,57602.215
16264.000,57602.215
16265.000,57602.215
16266.000,57602.215
16267.000,57602.215
16268.000,57602.215
16269.000,57602.215
16270.000,57602.215
16271.000,57602.215
16272.000,57681.339
16273.000,57681.339
16274.000,57602.215
16275.000,57602.215
16276.000,57602.215
16277.000,57602.215
16278.000,57602.215
16279.000,57602.215
16280.000,57681.339
16281.000,57681.339
16282.000,57602.215
16283.000,57602.215
16284.000,57602.215
16285.000,57602.215
16286.000,57602.215
16287.000,57602.215
16288.000,57681.339
16289.000,57681.339
16290.000,57681.339
16291.000,57602.215
16292.000,57602.215
16293.000,57602.215
16294.000,57602.215
16295.000,57602.215
16296.000,57602.215
16297.000,57681.339
16298.000,57602.215
16299.000,57602.215
16300.000,57602.215
16301.000,57602.215
16302.000,57602.215
16303.000,57602.215
16304.000,57602.215
16305.000,57602.215
16306.000,57602.215
16307.000,57602.215
16308.000,57602.215
16309.000,57602.215
16310.000,57602.215
16311.000,57602.215
16312.000,57602.215
16313.000,57602.215
16314.000,57602.215
16315.000,57602.215
16316.000,57602.215
16317.000,57602.215
16318.000,57602.215
16319.000,57602.215
16320.000,57602.215
16321.000,57602.215
16322.000,57681.339
16323.000,57602.215
16324.000,57602.215
16325.000,57602.215
16326.000,57602.215
16327.000,57602.215
16328.000,57602.215
16329.000,57602.215
16330.000,57681.339
16331.000,57681.339
16332.000,57602.215
16333.000,57602.215
16334.000,57602.215
16335.000,57602.215
16336.000,57602.215
16337.000,57602.215
16338.000,57681.339
16339.000,57681.339
16340.000,57602.215
16341.000,57602.215
16342.000,57602.215
16343.000,57602.215
16344.000,57602.215
16345.000,57602.215
16346.000,57602.215
16347.000,57681.339
16348.000,57602.215
16349.000,57602.215
16350.000,57602.215
16351.000,57602.215
16352.000,57602.215
16353.000,57602.215
16354.000,57602.215
16355.000,57681.339
16356.000,57602.215
16357.000,57602.215
16358.000,57602.215
16359.000,57602.215
16360.000,57602.215
16361.000,57602.215
16362.000,57602.215
16363.000,57602.215
16364.000,57681.339
16365.000,57602.215
16366.000,57602.215
16367.000,57602.215
16368.000,57602.215
16369.000,57602.215
16370.000,57602.215
16371.000,57602.215
16372.000,57681.339
16373.000,57681.339
16374.000,57602.215
16375.000,57602.215
16376.000,57602.215
16377.000,57602.215
16378.000,57602.215
16379.000,57602.215
16380.000,57681.339
16381.000,57681.339
16382.000,57602.215
16383.000,57602.215
16384.000,57602.215
16385.000,57602.215
16386.000,57602.215
16387.000,57602.215
16388.000,57681.339
16389.000,57681.339
16390.000,57681.339
16391.000,57602.215
16392.000,57602.215
16393.000,57602.215
16394.000,57602.215
16395.000,57602.215
16396.000,57602.215
16397.000,57681.339
16398.000,57681.339
16399.000,57602.215
16400.000,57602.215
16401.000,57602.215
16402.000,57602.215
16403.000,57602.215
16404.000,57602.215
16405.000,57681.339
16406.000,57681.339
16407.000,57602.215
16408.000,57602.215
16409.000,57602.215
16410.000,57602.215
16411.000,57602.215
16412.000,57602.215
16413.000,57602.215
16414.000,57681.339
16415.000,57602.215
16416.000,57602.215
16417.000,57602.215
16418.000,57602.215
16419.000,57602.215
16420.000,57602.215
16421.000,57602.215
16422.000,57681.339
16423.000,57681.339
16424.000,57602.215
16425.000,57602.215
16426.000,57602.215
16427.000,57602.215
16428.000,57602.215
16429.000,57602.215
16430.000,57681.339
16431.000,57681.339
16432.000,57602.215
16433.000,57602.215
16434.000,57602.215
16435.000,57602.215
16436.000,57602.215
16437.000,57602.215
16438.000,57681.339
16439.000,57681.339
16440.000,57602.215
16441.000,57602.215
16442.000,57602.215
16443.000,57602.215
16444.000,57602.215
16445.000,57602.215
16446.000,57602.215
16447.000,57681.339
16448.000,57681.339
16449.000,57602.215
16450.000,57602.215
16451.000,57602.215
16452.000,57602.215
16453.000,57602.215
16454.000,57602.215
16455.000,57681.339
16456.000,57681.339
16457.000,57602.215
16458.000,57602.215
16459.000,57602.215
16460.000,57602.215
16461.000,57602.215
16462.000,57602.215
16463.000,57681.339
16464.000,57681.339
16465.000,57602.215
16466.000,57602.215
16467.000,57602.215
16468.000,57602.215
16469.000,57602.215
16470.000,57602.215
16471.000,57602.215
16472.000,57681.339
16473.000,57681.339
16474.000,57602.215
16475.000,57602.215
16476.000,57602.215
16477.000,57602.215
16478.000,57602.215
16479.000,57602.215
16480.000,57681.339
16481.000,57681.339
16482.000,57602.215
16483.000,57602.215
16484.000,57602.215
16485.000,57602.215
16486.000,57602.215
16487.000,57602.215
16488.000,57681.339
16489.000,57681.339
16490.000,57681.339
16491.000,57602.215
16492.000,57602.215
16493.000,57602.215
16494.000,57602.215
16495.000,57602.215
16496.000,57602.215
16497.000,57681.339
16498.000,57681.339
16499.000,57602.215
16500.000,57602.215
16501.000,57602.215
16502.000,57602.215
16503.000,57602.215
16504.000,57602.215
16505.000,57602.215
16506.000,57681.339
16507.000,57602.215
16508.000,57602.215
16509.000,57602.215
16510.000,57602.215
16511.000,57602.215
16512.000,57602.215
16513.000,57602.215
16514.000,57681.339
16515.000,57602.215
16516.000,57602.215
16517.000,57602.215
16518.000,57602.215
16519.000,57602.215
16520.000,57602.215
16521.000,57602.215
16522.000,57681.339
16523.000,57602.215
16524.000,57602.215
16525.000,57602.215
16526.000,57602.215
16527.000,57602.215
16528.000,57602.215
16529.000,57602.215
16530.000,57681.339
16531.000,57681.339
16532.000,57602.215
16533.000,57602.215
16534.000,57602.215
16535.000,57602.215
16536.000,57602.215
16537.000,57602.215
16538.000,57681.339
16539.000,57681.339
16540.000,57681.339
16541.000,57602.215
16542.000,57602.215
16543.000,57602.215
16544.000,57602.215
16545.000,57602.215
16546.000,57602.215
16547.000,57681.339
16548.000,57681.339
16549.000,57602.215
16550.000,57602.215
16551.000,57602.215
16552.000,57602.215
16553.000,57602.215
16554.000,57602.215
16555.000,57602.215
16556.000,57681.339
16557.000,57602.215
16558.000,57602.215
16559.000,57602.215
16560.000,57602.215
16561.000,57602.215
16562.000,57602.215
16563.000,57602.215
16564.000,57602.215
16565.000,57602.215
16566.000,57602.215
16567.000,57602.215
16568.000,57602.215
16569.000,57602.215
16570.000,57602.215
16571.000,57602.215
16572.000,57681.339
16573.000,57602.215
16574.000,57602.215
16575.000,57602.215
16576.000,57602.215
16577.000,57602.215
16578.000,57602.215
16579.000,57602.215
16580.000,57681.339
16581.000,57681.339
16582.000,57602.215
16583.000,57602.215
16584.000,57602.215
16585.000,57602.215
16586.000,57602.215
16587.000,57602.215
16588.000,57681.339
16589.000,57681.339
16590.000,57681.339
16591.000,57602.215
16592.000,57602.215
16593.000,57602.215
16594.000,57602.215
16595.000,57602.215
16596.000,57681.339
16597.000,57681.339
16598.000,57681.339
16599.000,57602.215
16600.000,57602.215
16601.000,57602.215
16602.000,57602.215
16603.000,57602.215
16604.000,57602.215
16605.000,57681.339
16606.000,57681.339
16607.000,57602.215
16608.000,57602.215
16609.000,57602.215
16610.000,57602.215
16611.000,57602.215
16612.000,57602.215
16613.000,57602.215
16614.000,57681.339
16615.000,57602.215
16616.000,57602.215
16617.000,57602.215
16618.000,57602.215
16619.000,57602.215
16620.000,57602.215
16621.000,57602.215
16622.000,57602.215
16623.000,57602.215
16624.000,57602.215
16625.000,57602.215
16626.000,57602.215
16627.000,57602.215
16628.000,57602.215
16629.000,57602.215
16630.000,57681.339
16631.000,57681.339
16632.000,57602.215
16633.000,57602.215
16634.000,57602.215
16635.000,57602.215
16636.000,57602.215
16637.000,57602.215
16638.000,57681.339
16639.000,57681.339
16640.000,57602.215
16641.000,57602.215
16642.000,57602.215
16643.000,57602.215
16644.000,57602.215
16645.000,57602.215
16646.000,57681.339
16647.000,57681.339
16648.000,57681.339
16649.000,57602.215
16650.000,57602.215
16651.000,57602.215
16652.000,57602.215
16653.000,57602.215
16654.000,57602.215
16655.000,57681.339
16656.000,57681.339
16657.000,57602.215
16658.000,57602.215
16659.000,57602.215
16660.000,57602.215
16661.000,57602.215
16662.000,57602.215
16663.000,57681.339
16664.000,57681.339
16665.000,57602.215
16666.000,57602.215
16667.000,57602.215
16668.000,57602.215
16669.000,57602.215
16670.000,57602.215
16671.000,57602.215
16672.000,57602.215
16673.000,57602.215
16674.000,57602.215
16675.000,57602.215
16676.000,57602.215
16677.000,57602.215
16678.000,57602.215
16679.000,57602.215
16680.000,57602.215
16681.000,57602.215
16682.000,57602.215
16683.000,57602.215
16684.000,57602.215
16685.000,57602.215
16686.000,57602.215
16687.000,57602.215
16688.000,57602.215
16689.000,57681.339
16690.000,57602.215
16691.000,57602.215
16692.000,57602.215
16693.000,57602.215
16694.000,57602.215
16695.000,57602.215
16696.000,57602.215
16697.000,57681.339
16698.000,57681.339
16699.000,57602.215
16700.000,57602.215
16701.000,57602.215
16702.000,57602.215
16703.000,57602.215
16704.000,57602.215
16705.000,57681.339
16706.000,57681.339
16707.000,57602.215
16708.000,57602.215
16709.000,57602.215
16710.000,57602.215
16711.000,57602.215
16712.000,57602.215
16713.000,57602.215
16714.000,57681.339
16715.000,57602.215
16716.000,57602.215
16717.000,57602.215
16718.000,57602.215
16719.000,57602.215
16720.000,57602.215
16721.000,57602.215
16722.000,57681.339
16723.000,57602.215
16724.000,57602.215
16725.000,57602.215
16726.000,57602.215
16727.000,57602.215
16728.000,57602.215
16729.000,57602.215
16730.000,57681.339
16731.000,57602.215
16732.000,57602.215
16733.000,57602.215
16734.000,57602.215
16735.000,57602.215
16736.000,57602.215
16737.000,57602.215
16738.000,57681.339
16739.000,57681.339
16740.000,57602.215
16741.000,57602.215
16742.000,57602.215
16743.000,57602.215
16744.000,57602.215
16745.000,57602.215
16746.000,57681.339
16747.000,57681.339
16748.000,57681.339
16749.000,57602.215
16750.000,57602.215
16751.000,57602.215
16752.000,57602.215
16753.000,57602.215
16754.000,57602.215
16755.000,57681.339
16756.000,57681.339
16757.000,57602.215
16758.000,57602.215
16759.000,57602.215
16760.000,57602.215
16761.000,57602.215
16762.000,57602.215
16763.000,57681.339
16764.000,57681.339
16765.000,57602.215
16766.000,57602.215
16767.000,57602.215
16768.000,57602.215
16769.000,57602.215
16770.000,57602.215
16771.000,57602.215
16772.000,57681.339
16773.000,57602.215
16774.000,57602.215
16775.000,57602.215
16776.000,57602.215
16777.000,57602.215
16778.000,57602.215
16779.000,57602.215
16780.000,57602.215
16781.000,57602.215
16782.000,57602.215
16783.000,57602.215
16784.000,57602.215
16785.000,57602.215
16786.000,57602.215
16787.000,57602.215
16788.000,57681.339
16789.000,57681.339
16790.000,57602.215
16791.000,57602.215
16792.000,57602.215
16793.000,57602.215
16794.000,57602.215
16795.000,57602.215
16796.000,57681.339
16797.000,57681.339
16798.000,57681.339
16799.000,57602.215
16800.000,57602.215
16801.000,57602.215
16802.000,57602.215
16803.000,57602.215
16804.000,57602.215
16805.000,57681.339
16806.000,57681.339
16807.000,57602.215
16808.000,57602.215
16809.000,57602.215
16810.000,57602.215
16811.000,57602.215
16812.000,57602.215
16813.000,57681.339
16814.000,57681.339
16815.000,57602.215
16816.000,57602.215
16817.000,57602.215
16818.000,57602.215
16819.000,57602.215
16820.000,57602.215
16821.000,57602.215
16822.000,57681.339
16823.000,57602.215
16824.000,57602.215
16825.000,57602.215
16826.000,57602.215
16827.000,57602.215
16828.000,57602.215
16829.000,57602.215
16830.000,57681.339
16831.000,57602.215
16832.000,57602.215
16833.000,57602.215
16834.000,57602.215
16835.000,57602.215
16836.000,57602.215
16837.000,57602.215
16838.000,57681.339
16839.000,57681.339
16840.000,57602.215
16841.000,57602.215
16842.000,57602.215
16843.000,57602.215
16844.000,57602.215
16845.000,57602.215
16846.000,57681.339
16847.000,57681.339
16848.000,57681.339
16849.000,57602.215
16850.000,57602.215
16851.000,57602.215
16852.000,57602.215
16853.000,57602.215
16854.000,57602.215
16855.000,57681.339
16856.000,57681.339
16857.000,57602.215
16858.000,57602.215
16859.000,57602.215
16860.000,57602.215
16861.000,57602.215
16862.000,57602.215
16863.000,57681.339
16864.000,57681.339
16865.000,57602.215
16866.000,57602.215
16867.000,57602.215
16868.000,57602.215
16869.000,57602.215
16870.000,57602.215
16871.000,57602.215
16872.000,57681.339
16873.000,57602.215
16874.000,57602.215
16875.000,57602.215
16876.000,57602.215
16877.000,57602.215
16878.000,57602.215
16879.000,57602.215
16880.000,57681.339
16881.000,57602.215
16882.000,57602.215
16883.000,57602.215
16884.000,57602.215
16885.000,57602.215
16886.000,57602.215
16887.000,57602.215
16888.000,57602.215
16889.000,57681.339
16890.000,57602.215
16891.000,57602.215
16892.000,57602.215
16893.000,57602.215
16894.000,57602.215
16895.000,57602.215
16896.000,57602.215
16897.000,57681.339
16898.000,57602.215
16899.000,57602.215
16900.000,57602.215
16901.000,57602.215
16902.000,57602.215
16903.000,57602.215
16904.000,57602.215
16905.000,57681.339
16906.000,57681.339
16907.000,57602.215
16908.000,57602.215
16909.000,57602.215
16910.000,57602.215
16911.000,57602.215
16912.000,57602.215
16913.000,57681.339
16914.000,57681.339
16915.000,57602.215
16916.000,57602.215
16917.000,57602.215
16918.000,57602.215
16919.000,57602.215
16920.000,57602.215
16921.000,57602.215
16922.000,57681.339
16923.000,57602.215
16924.000,57602.215
16925.000,57602.215
16926.000,57602.215
16927.000,57602.215
16928.000,57602.215
16929.000,57602.215
16930.000,57681.339
16931.000,57681.339
16932.000,57602.215
16933.000,57602.215
16934.000,57602.215
16935.000,57602.215
16936.000,57602.215
16937.000,57602.215
16938.000,57681.339
16939.000,57681.339
16940.000,57602.215
16941.000,57602.215
16942.000,57602.215
16943.000,57602.215
16944.000,57602.215
16945.000,57602.215
16946.000,57602.215
16947.000,57681.339
16948.000,57681.339
16949.000,57602.215
16950.000,57602.215
16951.000,57602.215
16952.000,57602.215
16953.000,57602.215
16954.000,57602.215
16955.000,57681.339
16956.000,57681.339
16957.000,57602.215
16958.000,57602.215
16959.000,57602.215
16960.000,57602.215
16961.000,57602.215
16962.000,57602.215
16963.000,57602.215
16964.000,57681.339
16965.000,57681.339
16966.000,57602.215
16967.000,57602.215
16968.000,57602.215
16969.000,57602.215
16970.000,57602.215
16971.000,57602.215
16972.000,57602.215
16973.000,57602.215
16974.000,57602.215
16975.000,57602.215
16976.000,57602.215
16977.000,57602.215
16978.000,57602.215
16979.000,57602.215
16980.000,57602.215
16981.000,57602.215
16982.000,57602.215
16983.000,57602.215
16984.000,57602.215
16985.000,57602.215
16986.000,57602.215
16987.000,57602.215
16988.000,57681.339
16989.000,57681.339
16990.000,57602.215
16991.000,57602.215
16992.000,57602.215
16993.000,57602.215
16994.000,57602.215
16995.000,57602.215
16996.000,57602.215
16997.000,57681.339
16998.000,57681.339
16999.000,57602.215
17000.000,57602.215
17001.000,57602.215
17002.000,57602.215
17003.000,57602.215
17004.000,57602.215
17005.000,57681.339
17006.000,57681.339
17007.000,57602.215
17008.000,57602.215
17009.000,57602.215
17010.000,57602.215
17011.000,57602.215
17012.000,57602.215
17013.000,57681.339
17014.000,57681.339
17015.000,57681.339
17016.000,57602.215
17017.000,57602.215
17018.000,57602.215
17019.000,57602.215
17020.000,57602.215
17021.000,57602.215
17022.000,57681.339
17023.000,57602.215
17024.000,57602.215
17025.000,57602.215
17026.000,57602.215
17027.000,57602.215
17028.000,57602.215
17029.000,57602.215
17030.000,57602.215
17031.000,57602.215
17032.000,57602.215
17033.000,57602.215
17034.000,57602.215
17035.000,57602.215
17036.000,57602.215
17037.000,57602.215
17038.000,57602.215
17039.000,57602.215
17040.000,57602.215
17041.000,57602.215
17042.000,57602.215
17043.000,57602.215
17044.000,57602.215
17045.000,57602.215
17046.000,57602.215
17047.000,57602.215
17048.000,57602.215
17049.000,57602.215
17050.000,57602.215
17051.000,57602.215
17052.000,57602.215
17053.000,57602.215
17054.000,57602.215
17055.000,57602.215
17056.000,57681.339
17057.000,57602.215
17058.000,57602.215
17059.000,57602.215
17060.000,57602.215
17061.000,57602.215
17062.000,57602.215
17063.000,57602.215
17064.000,57681.339
17065.000,57602.215
17066.000,57602.215
17067.000,57602.215
17068.000,57602.215
17069.000,57602.215
17070.000,57602.215
17071.000,57602.215
17072.000,57602.215
17073.000,57602.215
17074.000,57602.215
17075.000,57602.215
17076.000,57602.215
17077.000,57602.215
17078.000,57602.215
17079.000,57602.215
17080.000,57602.215
17081.000,57602.215
17082.000,57602.215
17083.000,57602.215
17084.000,57602.215
17085.000,57602.215
17086.000,57602.215
17087.000,57602.215
17088.000,57602.215
17089.000,57602.215
17090.000,57602.215
17091.000,57602.215
17092.000,57602.215
17093.000,57602.215
17094.000,57602.215
17095.000,57602.215
17096.000,57602.215
17097.000,57602.215
17098.000,57602.215
17099.000,57602.215
17100.000,57602.215
17101.000,57602.215
17102.000,57602.215
17103.000,57602.215
17104.000,57602.215
17105.000,57681.339
17106.000,57602.215
17107.000,57602.215
17108.000,57602.215
17109.000,57602.215
17110.000,57602.215
17111.000,57602.215
17112.000,57602.215
17113.000,57681.339
17114.000,57681.339
17115.000,57602.215
17116.000,57602.215
17117.000,57602.215
17118.000,57602.215
17119.000,57602.215
17120.000,57602.215
17121.000,57602.215
17122.000,57681.339
17123.000,57681.339
17124.000,57602.215
17125.000,57602.215
17126.000,57602.215
17127.000,57602.215
17128.000,57602.215
17129.000,57602.215
17130.000,57602.215
17131.000,57681.339
17132.000,57602.215
17133.000,57602.215
17134.000,57602.215
17135.000,57602.215
17136.000,57602.215
17137.000,57602.215
17138.000,57602.215
17139.000,57681.339
17140.000,57602.215
17141.000,57602.215
17142.000,57602.215
17143.000,57602.215
17144.000,57602.215
17145.000,57602.215
17146.000,57602.215
17147.000,57602.215
17148.000,57602.215
17149.000,57602.215
17150.000,57602.215
17151.000,57602.215
17152.000,57602.215
17153.000,57602.215
17154.000,57602.215
17155.000,57602.215
17156.000,57602.215
17157.000,57602.215
17158.000,57602.215
17159.000,57602.215
17160.000,57602.215
17161.000,57602.215
17162.000,57602.215
17163.000,57602.215
17164.000,57602.215
17165.000,57602.215
17166.000,57602.215
17167.000,57602.215
17168.000,57602.215
17169.000,57602.215
17170.000,57602.215
17171.000,57602.215
17172.000,57602.215
17173.000,57602.215
17174.000,57602.215
17175.000,57602.215
17176.000,57602.215
17177.000,57602.215
17178.000,57602.215
17179.000,57602.215
17180.000,57602.215
17181.000,57602.215
17182.000,57602.215
17183.000,57602.215
17184.000,57602.215
17185.000,57602.215
17186.000,57602.215
17187.000,57602.215
17188.000,57602.215
17189.000,57602.215
17190.000,57602.215
17191.000,57602.215
17192.000,57602.215
17193.000,57602.215
17194.000,57602.215
17195.000,57602.215
17196.000,57602.215
17197.000,57681.339
17198.000,57602.215
17199.000,57602.215
17200.000,57602.215
17201.000,57602.215
17202.000,57602.215
17203.000,57602.215
17204.000,57602.215
17205.000,57681.339
17206.000,57681.339
17207.000,57602.215
17208.000,57602.215
17209.000,57602.215
17210.000,57602.215
17211.000,57602.215
17212.000,57602.215
17213.000,57602.215
17214.000,57681.339
17215.000,57602.215
17216.000,57602.215
17217.000,57602.215
17218.000,57602.215
17219.000,57602.215
17220.000,57602.215
17221.000,57602.215
17222.000,57681.339
17223.000,57602.215
17224.000,57602.215
17225.000,57602.215
17226.000,57602.215
17227.000,57602.215
17228.000,57602.215
17229.000,57602.215
17230.000,57681.339
17231.000,57681.339
17232.000,57602.215
17233.000,57602.215
17234.000,57602.215
17235.000,57602.215
17236.000,57602.215
17237.000,57602.215
17238.000,57602.215
17239.000,57681.339
17240.000,57602.215
17241.000,57602.215
17242.000,57602.215
17243.000,57602.215
17244.000,57602.215
17245.000,57602.215
17246.000,57602.215
17247.000,57681.339
17248.000,57681.339
17249.000,57602.215
17250.000,57602.215
17251.000,57602.215
17252.000,57602.215
17253.000,57602.215
17254.000,57602.215
17255.000,57602.215
17256.000,57681.339
17257.000,57602.215
17258.000,57602.215
17259.000,57602.215
17260.000,57602.215
17261.000,57602.215
17262.000,57602.215
17263.000,57602.215
17264.000,57681.339
17265.000,57602.215
17266.000,57602.215
17267.000,57602.215
17268.000,57602.215
17269.000,57602.215
17270.000,57602.215
17271.000,57602.215
17272.000,57602.215
17273.000,57602.215
17274.000,57602.215
17275.000,57602.215
17276.000,57602.215
17277.000,57602.215
17278.000,57602.215
17279.000,57602.215
17280.000,57602.215
17281.000,57602.215
17282.000,57602.215
17283.000,57602.215
17284.000,57602.215
17285.000,57602.215
17286.000,57602.215
17287.000,57602.215
17288.000,57681.339
17289.000,57681.339
17290.000,57602.215
17291.000,57602.215
17292.000,57602.215
17293.000,57602.215
17294.000,57602.215
17295.000,57602.215
17296.000,57602.215
17297.000,57681.339
17298.000,57681.339
17299.000,57602.215
17300.000,57602.215
17301.000,57602.215
17302.000,57602.215
17303.000,57602.215
17304.000,57602.215
17305.000,57681.339
17306.000,57681.339
17307.000,57602.215
17308.000,57602.215
17309.000,57602.215
17310.000,57602.215
17311.000,57602.215
17312.000,57602.215
17313.000,57681.339
17314.000,57681.339
17315.000,57681.339
17316.000,57602.215
17317.000,57602.215
17318.000,57602.215
17319.000,57602.215
17320.000,57602.215
17321.000,57602.215
17322.000,57681.339
17323.000,57681.339
17324.000,57602.215
17325.000,57602.215
17326.000,57602.215
17327.000,57602.215
17328.000,57602.215
17329.000,57602.215
17330.000,57602.215
17331.000,57602.215
17332.000,57602.215
17333.000,57602.215
17334.000,57602.215
17335.000,57602.215
17336.000,57602.215
17337.000,57602.215
17338.000,57602.215
17339.000,57602.215
17340.000,57602.215
17341.000,57602.215
17342.000,57602.215
17343.000,57602.215
17344.000,57602.215
17345.000,57602.215
17346.000,57602.215
17347.000,57681.339
17348.000,57602.215
17349.000,57602.215
17350.000,57602.215
17351.000,57602.215
17352.000,57602.215
17353.000,57602.215
17354.000,57602.215
17355.000,57681.339
17356.000,57681.339
17357.000,57602.215
17358.000,57602.215
17359.000,57602.215
17360.000,57602.215
17361.000,57602.215
17362.000,57602.215
17363.000,57681.339
17364.000,57681.339
17365.000,57681.339
17366.000,57602.215
17367.000,57602.215
17368.000,57602.215
17369.000,57602.215
17370.000,57602.215
17371.000,57602.215
17372.000,57681.339
17373.000,57681.339
17374.000,57602.215
17375.000,57602.215
17376.000,57602.215
17377.000,57602.215
17378.000,57602.215
17379.000,57602.215
17380.000,57602.215
17381.000,57602.215
17382.000,57602.215
17383.000,57602.215
17384.000,57602.215
17385.000,57602.215
17386.000,57602.215
17387.000,57602.215
17388.000,57602.215
17389.000,57602.215
17390.000,57602.215
17391.000,57602.215
17392.000,57602.215
17393.000,57602.215
17394.000,57602.215
17395.000,57602.215
17396.000,57602.215
17397.000,57602.215
17398.000,57602.215
17399.000,57602.215
17400.000,57602.215
17401.000,57602.215
17402.000,57602.215
17403.000,57602.215
17404.000,57602.215
17405.000,57681.339
17406.000,57681.339
17407.000,57602.215
17408.000,57602.215
17409.000,57602.215
17410.000,57602.215
17411.000,57602.215
17412.000,57602.215
17413.000,57681.339
17414.000,57681.339
17415.000,57681.339
17416.000,57602.215
17417.000,57602.215
17418.000,57602.215
17419.000,57602.215
17420.000,57602.215
17421.000,57602.215
17422.000,57681.339
17423.000,57681.339
17424.000,57602.215
17425.000,57602.215
17426.000,57602.215
17427.000,57602.215
17428.000,57602.215
17429.000,57602.215
17430.000,57681.339
17431.000,57681.339
17432.000,57602.215
17433.000,57602.215
17434.000,57602.215
17435.000,57602.215
17436.000,57602.215
17437.000,57602.215
17438.000,57602.215
17439.000,57602.215
17440.000,57602.215
17441.000,57602.215
17442.000,57602.215
17443.000,57602.215
17444.000,57602.215
17445.000,57602.215
17446.000,57602.215
17447.000,57602.215
17448.000,57602.215
17449.000,57602.215
17450.000,57602.215
17451.000,57602.215
17452.000,57602.215
17453.000,57602.215
17454.000,57602.215
17455.000,57681.339
17456.000,57681.339
17457.000,57602.215
17458.000,57602.215
17459.000,57602.215
17460.000,57602.215
17461.000,57602.215
17462.000,57602.215
17463.000,57681.339
17464.000,57681.339
17465.000,57602.215
17466.000,57602.215
17467.000,57602.215
17468.000,57602.215
17469.000,57602.215
17470.000,57602.215
17471.000,57602.215
17472.000,57681.339
17473.000,57681.339
17474.000,57602.215
17475.000,57602.215
17476.000,57602.215
17477.000,57602.215
17478.000,57602.215
17479.000,57602.215
17480.000,57681.339
17481.000,57681.339
17482.000,57602.215
17483.000,57602.215
17484.000,57602.215
17485.000,57602.215
17486.000,57602.215
17487.000,57602.215
17488.000,57602.215
17489.000,57681.339
17490.000,57602.215
17491.000,57602.215
17492.000,57602.215
17493.000,57602.215
17494.000,57602.215
17495.000,57602.215
17496.000,57602.215
17497.000,57602.215
17498.000,57602.215
17499.000,57602.215
17500.000,57602.215
17501.000,57602.215
17502.000,57602.215
17503.000,57602.215
17504.000,57602.215
17505.000,57602.215
17506.000,57681.339
17507.000,57602.215
17508.000,57602.215
17509.000,57602.215
17510.000,57602.215
17511.000,57602.215
17512.000,57602.215
17513.000,57602.215
17514.000,57681.339
17515.000,57681.339
17516.000,57602.215
17517.000,57602.215
17518.000,57602.215
17519.000,57602.215
17520.000,57602.215
17521.000,57602.215
17522.000,57681.339
17523.000,57681.339
17524.000,57602.215
17525.000,57602.215
17526.000,57602.215
17527.000,57602.215
17528.000,57602.215
17529.000,57602.215
17530.000,57681.339
17531.000,57681.339
17532.000,57681.339
17533.000,57602.215
17534.000,57602.215
17535.000,57602.215
17536.000,57602.215
17537.000,57602.215
17538.000,57602.215
17539.000,57602.215
17540.000,57602.215
17541.000,57602.215
17542.000,57602.215
17543.000,57602.215
17544.000,57602.215
17545.000,57602.215
17546.000,57602.215
17547.000,57602.215
17548.000,57602.215
17549.000,57602.215
17550.000,57602.215
17551.000,57602.215
17552.000,57602.215
17553.000,57602.215
17554.000,57602.215
17555.000,57681.339
17556.000,57602.215
17557.000,57602.215
17558.000,57602.215
17559.000,57602.215
17560.000,57602.215
17561.000,57602.215
17562.000,57602.215
17563.000,57681.339
17564.000,57681.339
17565.000,57602.215
17566.000,57602.215
17567.000,57602.215
17568.000,57602.215
17569.000,57602.215
17570.000,57602.215
17571.000,57681.339
17572.000,57681.339
17573.000,57681.339
17574.000,57602.215
17575.000,57602.215
17576.000,57602.215
17577.000,57602.215
17578.000,57602.215
17579.000,57602.215
17580.000,57681.339
17581.000,57681.339
17582.000,57602.215
17583.000,57602.215
17584.000,57602.215
17585.000,57602.215
17586.000,57602.215
17587.000,57602.215
17588.000,57681.339
17589.000,57681.339
17590.000,57602.215
17591.000,57602.215
17592.000,57602.215
17593.000,57602.215
17594.000,57602.215
17595.000,57602.215
17596.000,57602.215
17597.000,57681.339
17598.000,57602.215
17599.000,57602.215
17600.000,57602.215
17601.000,57602.215
17602.000,57602.215
17603.000,57602.215
17604.000,57602.215
17605.000,57681.339
17606.000,57681.339
17607.000,57602.215
17608.000,57602.215
17609.000,57602.215
17610.000,57602.215
17611.000,57602.215
17612.000,57602.215
17613.000,57602.215
17614.000,57681.339
17615.000,57602.215
17616.000,57602.215
17617.000,57602.215
17618.000,57602.215
17619.000,57602.215
17620.000,57602.215
17621.000,57602.215
17622.000,57681.339
17623.000,57681.339
17624.000,57602.215
17625.000,57602.215
17626.000,57602.215
17627.000,57602.215
17628.000,57602.215
17629.000,57602.215
17630.000,57602.215
17631.000,57681.339
17632.000,57602.215
17633.000,57602.215
17634.000,57602.215
17635.000,57602.215
17636.000,57602.215
17637.000,57602.215
17638.000,57602.215
17639.000,57681.339
17640.000,57602.215
17641.000,57602.215
17642.000,57602.215
17643.000,57602.215
17644.000,57602.215
17645.000,57602.215
17646.000,57602.215
17647.000,57602.215
17648.000,57602.215
17649.000,57602.215
17650.000,57602.215
17651.000,57602.215
17652.000,57602.215
17653.000,57602.215
17654.000,57602.215
17655.000,57602.215
17656.000,57602.215
17657.000,57602.215
17658.000,57602.215
17659.000,57602.215
17660.000,57602.215
17661.000,57602.215
17662.000,57602.215
17663.000,57681.339
17664.000,57681.339
17665.000,57602.215
17666.000,57602.215
17667.000,57602.215
17668.000,57602.215
17669.000,57602.215
17670.000,57602.215
17671.000,57681.339
17672.000,57681.339
17673.000,57681.339
17674.000,57602.215
17675.000,57602.215
17676.000,57602.215
17677.000,57602.215
17678.000,57602.215
17679.000,57602.215
17680.000,57681.339
17681.000,57681.339
17682.000,57602.215
17683.000,57602.215
17684.000,57602.215
17685.000,57602.215
17686.000,57602.215
17687.000,57602.215
17688.000,57681.339
17689.000,57681.339
17690.000,57602.215
17691.000,57602.215
17692.000,57602.215
17693.000,57602.215
17694.000,57602.215
17695.000,57602.215
17696.000,57602.215
17697.000,57681.339
17698.000,57681.339
17699.000,57602.215
17700.000,57602.215
17701.000,57602.215
17702.000,57602.215
17703.000,57602.215
17704.000,57602.215
17705.000,57681.339
17706.000,57681.339
17707.000,57602.215
17708.000,57602.215
17709.000,57602.215
17710.000,57602.215
17711.000,57602.215
17712.000,57602.215
17713.000,57681.339
17714.000,57681.339
17715.000,57602.215
17716.000,57602.215
17717.000,57602.215
17718.000,57602.215
17719.000,57602.215
17720.000,57602.215
17721.000,57602.215
17722.000,57681.339
17723.000,57681.339
17724.000,57602.215
17725.000,57602.215
17726.000,57602.215
17727.000,57602.215
17728.000,57602.215
17729.000,57602.215
17730.000,57681.339
17731.000,57681.339
17732.000,57602.215
17733.000,57602.215
17734.000,57602.215
17735.000,57602.215
17736.000,57602.215
17737.000,57602.215
17738.000,57602.215
17739.000,57681.339
17740.000,57602.215
17741.000,57602.215
17742.000,57602.215
17743.000,57602.215
17744.000,57602.215
17745.000,57602.215
17746.000,57602.215
17747.000,57602.215
17748.000,57602.215
17749.000,57602.215
17750.000,57602.215
17751.000,57602.215
17752.000,57602.215
17753.000,57602.215
17754.000,57602.215
17755.000,57602.215
17756.000,57602.215
17757.000,57602.215
17758.000,57602.215
17759.000,57602.215
17760.000,57602.215
17761.000,57602.215
17762.000,57602.215
17763.000,57681.339
17764.000,57681.339
17765.000,57602.215
17766.000,57602.215
17767.000,57602.215
17768.000,57602.215
17769.000,57602.215
17770.000,57602.215
17771.000,57681.339
17772.000,57681.339
17773.000,57681.339
17774.000,57602.215
17775.000,57602.215
17776.000,57602.215
17777.000,57602.215
17778.000,57602.215
17779.000,57602.215
17780.000,57681.339
17781.000,57681.339
17782.000,57681.339
17783.000,57602.215
17784.000,57602.215
17785.000,57602.215
17786.000,57602.215
17787.000,57602.215
17788.000,57681.339
17789.000,57681.339
17790.000,57681.339
17791.000,57602.215
17792.000,57602.215
17793.000,57602.215
17794.000,57602.215
17795.000,57602.215
17796.000,57602.215
17797.000,57681.339
17798.000,57681.339
17799.000,57602.215
17800.000,57602.215
17801.000,57602.215
17802.000,57602.215
17803.000,57602.215
17804.000,57602.215
17805.000,57602.215
17806.000,57681.339
17807.000,57602.215
17808.000,57602.215
17809.000,57602.215
17810.000,57602.215
17811.000,57602.215
17812.000,57602.215
17813.000,57602.215
17814.000,57602.215
17815.000,57602.215
17816.000,57602.215
17817.000,57602.215
17818.000,57602.215
17819.000,57602.215
17820.000,57602.215
17821.000,57602.215
17822.000,57681.339
17823.000,57602.215
17824.000,57602.215
17825.000,57602.215
17826.000,57602.215
17827.000,57602.215
17828.000,57602.215
17829.000,57602.215
17830.000,57681.339
17831.000,57681.339
17832.000,57602.215
17833.000,57602.215
17834.000,57602.215
17835.000,57602.215
17836.000,57602.215
17837.000,57602.215
17838.000,57681.339
17839.000,57681.339
17840.000,57681.339
17841.000,57602.215
17842.000,57602.215
17843.000,57602.215
17844.000,57602.215
17845.000,57602.215
17846.000,57681.339
17847.000,57681.339
17848.000,57681.339
17849.000,57602.215
17850.000,57602.215
17851.000,57602.215
17852.000,57602.215
17853.000,57602.215
17854.000,57602.215
17855.000,57681.339
17856.000,57681.339
17857.000,57602.215
17858.000,57602.215
17859.000,57602.215
17860.000,57602.215
17861.000,57602.215
17862.000,57602.215
17863.000,57602.215
17864.000,57681.339
17865.000,57602.215
17866.000,57602.215
17867.000,57602.215
17868.000,57602.215
17869.000,57602.215
17870.000,57602.215
17871.000,57602.215
17872.000,57681.339
17873.000,57602.215
17874.000,57602.215
17875.000,57602.215
17876.000,57602.215
17877.000,57602.215
17878.000,57602.215
17879.000,57602.215
17880.000,57681.339
17881.000,57681.339
17882.000,57602.215
17883.000,57602.215
17884.000,57602.215
17885.000,57602.215
17886.000,57602.215
17887.000,57602.215
17888.000,57681.339
17889.000,57681.339
17890.000,57681.339
17891.000,57602.215
17892.000,57602.215
17893.000,57602.215
17894.000,57602.215
17895.000,57602.215
17896.000,57602.215
17897.000,57681.339
17898.000,57681.339
17899.000,57602.215
17900.000,57602.215
17901.000,57602.215
17902.000,57602.215
17903.000,57602.215
17904.000,57602.215
17905.000,57681.339
17906.000,57681.339
17907.000,57602.215
17908.000,57602.215
17909.000,57602.215
17910.000,57602.215
17911.000,57602.215
17912.000,57602.215
17913.000,57602.215
17914.000,57681.339
17915.000,57602.215
17916.000,57602.215
17917.000,57602.215
17918.000,57602.215
17919.000,57602.215
17920.000,57602.215
17921.000,57602.215
17922.000,57681.339
17923.000,57602.215
17924.000,57602.215
17925.000,57602.215
17926.000,57602.215
17927.000,57602.215
17928.000,57602.215
17929.000,57602.215
17930.000,57681.339
17931.000,57681.339
17932.000,57602.215
17933.000,57602.215
17934.000,57602.215
17935.000,57602.215
17936.000,57602.215
17937.000,57602.215
17938.000,57681.339
17939.000,57681.339
17940.000,57681.339
17941.000,57602.215
17942.000,57602.215
17943.000,57602.215
17944.000,57602.215
17945.000,57602.215
17946.000,57602.215
17947.000,57681.339
17948.000,57681.339
17949.000,57602.215
17950.000,57602.215
17951.000,57602.215
17952.000,57602.215
17953.000,57602.215
17954.000,57602.215
17955.000,57681.339
17956.000,57681.339
17957.000,57602.215
17958.000,57602.215
17959.000,57602.215
17960.000,57602.215
17961.000,57602.215
17962.000,57602.215
17963.000,57602.215
17964.000,57681.339
17965.000,57602.215
17966.000,57602.215
17967.000,57602.215
17968.000,57602.215
17969.000,57602.215
17970.000,57602.215
17971.000,57602.215
17972.000,57602.215
17973.000,57602.215
17974.000,57602.215
17975.000,57602.215
17976.000,57602.215
17977.000,57602.215
17978.000,57602.215
17979.000,57602.215
17980.000,57602.215
17981.000,57602.215
17982.000,57602.215
17983.000,57602.215
17984.000,57602.215
17985.000,57602.215
17986.000,57602.215
17987.000,57602.215
17988.000,57602.215
17989.000,57602.215
17990.000,57602.215
17991.000,57602.215
17992.000,57602.215
17993.000,57602.215
17994.000,57602.215
17995.000,57602.215
17996.000,57602.215
17997.000,57681.339
17998.000,57602.215
17999.000,57602.215
18000.000,57602.215
18001.000,57602.215
18002.000,57602.215
18003.000,57602.215
18004.000,57602.215
18005.000,57602.215
18006.000,57602.215
18007.000,57602.215
18008.000,57602.215
18009.000,57602.215
18010.000,57602.215
18011.000,57602.215
18012.000,57602.215
18013.000,57602.215
18014.000,57602.215
18015.000,57602.215
18016.000,57602.215
18017.000,57602.215
18018.000,57602.215
18019.000,57602.215
18020.000,57602.215
18021.000,57602.215
18022.000,57681.339
18023.000,57602.215
18024.000,57602.215
18025.000,57602.215
18026.000,57602.215
18027.000,57602.215
18028.000,57602.215
18029.000,57602.215
18030.000,57681.339
18031.000,57602.215
18032.000,57602.215
18033.000,57602.215
18034.000,57602.215
18035.000,57602.215
18036.000,57602.215
18037.000,57602.215
18038.000,57681.339
18039.000,57681.339
18040.000,57602.215
18041.000,57602.215
18042.000,57602.215
18043.000,57602.215
18044.000,57602.215
18045.000,57602.215
18046.000,57602.215
18047.000,57681.339
18048.000,57602.215
18049.000,57602.215
18050.000,57602.215
18051.000,57602.215
18052.000,57602.215
18053.000,57602.215
18054.000,57602.215
18055.000,57681.339
18056.000,57681.339
18057.000,57602.215
18058.000,57602.215
18059.000,57602.215
18060.000,57602.215
18061.000,57602.215
18062.000,57602.215
18063.000,57602.215
18064.000,57681.339
18065.000,57602.215
18066.000,57602.215
18067.000,57602.215
18068.000,57602.215
18069.000,57602.215
18070.000,57602.215
18071.000,57602.215
18072.000,57681.339
18073.000,57602.215
18074.000,57602.215
18075.000,57602.215
18076.000,57602.215
18077.000,57602.215
18078.000,57602.215
18079.000,57602.215
18080.000,57602.215
18081.000,57602.215
18082.000,57602.215
18083.000,57602.215
18084.000,57602.215
18085.000,57602.215
18086.000,57602.215
18087.000,57602.215
18088.000,57602.215
18089.000,57602.215
18090.000,57602.215
18091.000,57602.215
18092.000,57602.215
18093.000,57602.215
18094.000,57602.215
18095.000,57602.215
18096.000,57602.215
18097.000,57602.215
18098.000,57602.215
18099.000,57602.215
18100.000,57602.215
18101.000,57602.215
18102.000,57602.215
18103.000,57602.215
18104.000,57602.215
18105.000,57602.215
18106.000,57602.215
18107.000,57602.215
18108.000,57602.215
18109.000,57602.215
18110.000,57602.215
18111.000,57602.215
18112.000,57602.215
18113.000,57602.215
18114.000,57602.215
18115.000,57602.215
18116.000,57602.215
18117.000,57602.215
18118.000,57602.215
18119.000,57602.215
18120.000,57602.215
18121.000,57602.215
18122.000,57681.339
18123.000,57602.215
18124.000,57602.215
18125.000,57602.215
18126.000,57602.215
18127.000,57602.215
18128.000,57602.215
18129.000,57602.215
18130.000,57681.339
18131.000,57681.339
18132.000,57602.215
18133.000,57602.215
18134.000,57602.215
18135.000,57602.215
18136.000,57602.215
18137.000,57602.215
18138.000,57681.339
18139.000,57681.339
18140.000,57602.215
18141.000,57602.215
18142.000,57602.215
18143.000,57602.215
18144.000,57602.215
18145.000,57602.215
18146.000,57602.215
18147.000,57681.339
18148.000,57602.215
18149.000,57602.215
18150.000,57602.215
18151.000,57602.215
18152.000,57602.215
18153.000,57602.215
18154.000,57602.215
18155.000,57681.339
18156.000,57681.339
18157.000,57602.215
18158.000,57602.215
18159.000,57602.215
18160.000,57602.215
18161.000,57602.215
18162.000,57602.215
18163.000,57602.215
18164.000,57681.339
18165.000,57602.215
18166.000,57602.215
18167.000,57602.215
18168.000,57602.215
18169.000,57602.215
18170.000,57602.215
18171.000,57602.215
18172.000,57681.339
18173.000,57602.215
18174.000,57602.215
18175.000,57602.215
18176.000,57602.215
18177.000,57602.215
18178.000,57602.215
18179.000,57602.215
18180.000,57681.339
18181.000,57602.215
18182.000,57602.215
18183.000,57602.215
18184.000,57602.215
18185.000,57602.215
18186.000,57602.215
18187.000,57602.215
18188.000,57681.339
18189.000,57681.339
18190.000,57602.215
18191.000,57602.215
18192.000,57602.215
18193.000,57602.215
18194.000,57602.215
18195.000,57602.215
18196.000,57602.215
18197.000,57681.339
18198.000,57681.339
18199.000,57602.215
18200.000,57602.215
18201.000,57602.215
18202.000,57602.215
18203.000,57602.215
18204.000,57602.215
18205.000,57681.339
18206.000,57681.339
18207.000,57602.215
18208.000,57602.215
18209.000,57602.215
18210.000,57602.215
18211.000,57602.215
18212.000,57602.215
18213.000,57681.339
18214.000,57681.339
18215.000,57602.215
18216.000,57602.215
18217.000,57602.215
18218.000,57602.215
18219.000,57602.215
18220.000,57602.215
18221.000,57602.215
18222.000,57602.215
18223.000,57602.215
18224.000,57602.215
18225.000,57602.215
18226.000,57602.215
18227.000,57602.215
18228.000,57602.215
18229.000,57602.215
18230.000,57602.215
18231.000,57602.215
18232.000,57602.215
18233.000,57602.215
18234.000,57602.215
18235.000,57602.215
18236.000,57602.215
18237.000,57602.215
18238.000,57602.215
18239.000,57681.339
18240.000,57602.215
18241.000,57602.215
18242.000,57602.215
18243.000,57602.215
18244.000,57602.215
18245.000,57602.215
18246.000,57602.215
18247.000,57681.339
18248.000,57602.215
18249.000,57602.215
18250.000,57602.215
18251.000,57602.215
18252.000,57602.215
18253.000,57602.215
18254.000,57602.215
18255.000,57681.339
18256.000,57681.339
18257.000,57602.215
18258.000,57602.215
18259.000,57602.215
18260.000,57602.215
18261.000,57602.215
18262.000,57602.215
18263.000,57681.339
18264.000,57681.339
18265.000,57602.215
18266.000,57602.215
18267.000,57602.215
18268.000,57602.215
18269.000,57602.215
18270.000,57602.215
18271.000,57602.215
18272.000,57681.339
18273.000,57681.339
18274.000,57602.215
18275.000,57602.215
18276.000,57602.215
18277.000,57602.215
18278.000,57602.215
18279.000,57602.215
18280.000,57602.215
18281.000,57681.339
18282.000,57602.215
18283.000,57602.215
18284.000,57602.215
18285.000,57602.215
18286.000,57602.215
18287.000,57602.215
18288.000,57602.215
18289.000,57681.339
18290.000,57602.215
18291.000,57602.215
18292.000,57602.215
18293.000,57602.215
18294.000,57602.215
18295.000,57602.215
18296.000,57602.215
18297.000,57681.339
18298.000,57602.215
18299.000,57602.215
18300.000,57602.215
18301.000,57602.215
18302.000,57602.215
18303.000,57602.215
18304.000,57602.215
18305.000,57681.339
18306.000,57602.215
18307.000,57602.215
18308.000,57602.215
18309.000,57602.215
18310.000,57602.215
18311.000,57602.215
18312.000,57602.215
18313.000,57681.339
18314.000,57681.339
18315.000,57602.215
18316.000,57602.215
18317.000,57602.215
18318.000,57602.215
18319.000,57602.215
18320.000,57602.215
18321.000,57602.215
18322.000,57681.339
18323.000,57602.215
18324.000,57602.215
18325.000,57602.215
18326.000,57602.215
18327.000,57602.215
18328.000,57602.215
18329.000,57602.215
18330.000,57602.215
18331.000,57681.339
18332.000,57602.215
18333.000,57602.215
18334.000,57602.215
18335.000,57602.215
18336.000,57602.215
18337.000,57602.215
18338.000,57602.215
18339.000,57681.339
18340.000,57602.215
18341.000,57602.215
18342.000,57602.215
18343.000,57602.215
18344.000,57602.215
18345.000,57602.215
18346.000,57602.215
18347.000,57681.339
18348.000,57681.339
18349.000,57602.215
18350.000,57602.215
18351.000,57602.215
18352.000,57602.215
18353.000,57602.215
18354.000,57602.215
18355.000,57602.215
18356.000,57681.339
18357.000,57602.215
18358.000,57602.215
18359.000,57602.215
18360.000,57602.215
18361.000,57602.215
18362.000,57602.215
18363.000,57602.215
18364.000,57602.215
18365.000,57602.215
18366.000,57602.215
18367.000,57602.215
18368.000,57602.215
18369.000,57602.215
18370.000,57602.215
18371.000,57602.215
18372.000,57602.215
18373.000,57602.215
18374.000,57602.215
18375.000,57602.215
18376.000,57602.215
18377.000,57602.215
18378.000,57602.215
18379.000,57602.215
18380.000,57602.215
18381.000,57602.215
18382.000,57602.215
18383.000,57602.215
18384.000,57602.215
18385.000,57602.215
18386.000,57602.215
18387.000,57602.215
18388.000,57602.215
18389.000,57602.215
18390.000,57602.215
18391.000,57602.215
18392.000,57602.215
18393.000,57602.215
18394.000,57602.215
18395.000,57602.215
18396.000,57602.215
18397.000,57602.215
18398.000,57602.215
18399.000,57602.215
18400.000,57602.215
18401.000,57602.215
18402.000,57602.215
18403.000,57602.215
18404.000,57602.215
18405.000,57681.339
18406.000,57602.215
18407.000,57602.215
18408.000,57602.215
18409.000,57602.215
18410.000,57602.215
18411.000,57602.215
18412.000,57602.215
18413.000,57602.215
18414.000,57681.339
18415.000,57602.215
18416.000,57602.215
18417.000,57602.215
18418.000,57602.215
18419.000,57602.215
18420.000,57602.215
18421.000,57602.215
18422.000,57681.339
18423.000,57602.215
18424.000,57602.215
18425.000,57602.215
18426.000,57602.215
18427.000,57602.215
18428.000,57602.215
18429.000,57602.215
18430.000,57681.339
18431.000,57681.339
18432.000,57602.215
18433.000,57602.215
18434.000,57602.215
18435.000,57602.215
18436.000,57602.215
18437.000,57602.215
18438.000,57602.215
18439.000,57681.339
18440.000,57681.339
18441.000,57602.215
18442.000,57602.215
18443.000,57602.215
18444.000,57602.215
18445.000,57602.215
18446.000,57602.215
18447.000,57602.215
18448.000,57602.215
18449.000,57602.215
18450.000,57602.215
18451.000,57602.215
18452.000,57602.215
18453.000,57602.215
18454.000,57602.215
18455.000,57602.215
18456.000,57602.215
18457.000,57602.215
18458.000,57602.215
18459.000,57602.215
18460.000,57602.215
18461.000,57602.215
18462.000,57602.215
18463.000,57602.215
18464.000,57602.215
18465.000,57602.215
18466.000,57602.215
18467.000,57602.215
18468.000,57602.215
18469.000,57602.215
18470.000,57602.215
18471.000,57602.215
18472.000,57602.215
18473.000,57602.215
18474.000,57602.215
18475.000,57602.215
18476.000,57602.215
18477.000,57602.215
18478.000,57602.215
18479.000,57602.215
18480.000,57681.339
18481.000,57681.339
18482.000,57602.215
18483.000,57602.215
18484.000,57602.215
18485.000,57602.215
18486.000,57602.215
18487.000,57602.215
18488.000,57602.215
18489.000,57681.339
18490.000,57602.215
18491.000,57602.215
18492.000,57602.215
18493.000,57602.215
18494.000,57602.215
18495.000,57602.215
18496.000,57602.215
18497.000,57602.215
18498.000,57681.339
18499.000,57602.215
18500.000,57602.215
18501.000,57602.215
18502.000,57602.215
18503.000,57602.215
18504.000,57602.215
18505.000,57602.215
18506.000,57602.215
18507.000,57602.215
18508.000,57602.215
18509.000,57602.215
18510.000,57602.215
18511.000,57602.215
18512.000,57602.215
18513.000,57602.215
18514.000,57602.215
18515.000,57602.215
18516.000,57602.215
18517.000,57602.215
18518.000,57602.215
18519.000,57602.215
18520.000,57602.215
18521.000,57602.215
18522.000,57602.215
18523.000,57602.215
18524.000,57602.215
18525.000,57602.215
18526.000,57602.215
18527.000,57602.215
18528.000,57602.215
18529.000,57602.215
18530.000,57681.339
18531.000,57602.215
18532.000,57602.215
18533.000,57602.215
18534.000,57602.215
18535.000,57602.215
18536.000,57602.215
18537.000,57602.215
18538.000,57681.339
18539.000,57681.339
18540.000,57602.215
18541.000,57602.215
18542.000,57602.215
18543.000,57602.215
18544.000,57602.215
18545.000,57602.215
18546.000,57602.215
18547.000,57681.339
18548.000,57681.339
18549.000,57602.215
18550.000,57602.215
18551.000,57602.215
18552.000,57602.215
18553.000,57602.215
18554.000,57602.215
18555.000,57681.339
18556.000,57681.339
18557.000,57602.215
18558.000,57602.215
18559.000,57602.215
18560.000,57602.215
18561.000,57602.215
18562.000,57602.215
18563.000,57602.215
18564.000,57602.215
18565.000,57681.339
18566.000,57602.215
18567.000,57602.215
18568.000,57602.215
18569.000,57602.215
18570.000,57602.215
18571.000,57602.215
18572.000,57602.215
18573.000,57602.215
18574.000,57602.215
18575.000,57602.215
18576.000,57602.215
18577.000,57602.215
18578.000,57602.215
18579.000,57602.215
18580.000,57602.215
18581.000,57602.215
18582.000,57602.215
18583.000,57602.215
18584.000,57602.215
18585.000,57602.215
18586.000,57602.215
18587.000,57602.215
18588.000,57602.215
18589.000,57602.215
18590.000,57602.215
18591.000,57602.215
18592.000,57602.215
18593.000,57602.215
18594.000,57602.215
18595.000,57602.215
18596.000,57602.215
18597.000,57681.339
18598.000,57602.215
18599.000,57602.215
18600.000,57602.215
18601.000,57602.215
18602.000,57602.215
18603.000,57602.215
18604.000,57602.215
18605.000,57681.339
18606.000,57681.339
18607.000,57602.215
18608.000,57602.215
18609.000,57602.215
18610.000,57602.215
18611.000,57602.215
18612.000,57602.215
18613.000,57681.339
18614.000,57681.339
18615.000,57602.215
18616.000,57602.215
18617.000,57602.215
18618.000,57602.215
18619.000,57602.215
18620.000,57602.215
18621.000,57602.215
18622.000,57681.339
18623.000,57602.215
18624.000,57602.215
18625.000,57602.215
18626.000,57602.215
18627.000,57602.215
18628.000,57602.215
18629.000,57602.215
18630.000,57602.215
18631.000,57602.215
18632.000,57602.215
18633.000,57602.215
18634.000,57602.215
18635.000,57602.215
18636.000,57602.215
18637.000,57602.215
18638.000,57602.215
18639.000,57602.215
18640.000,57602.215
18641.000,57602.215
18642.000,57602.215
18643.000,57602.215
18644.000,57602.215
18645.000,57602.215
18646.000,57602.215
18647.000,57681.339
18648.000,57602.215
18649.000,57602.215
18650.000,57602.215
18651.000,57602.215
18652.000,57602.215
18653.000,57602.215
18654.000,57602.215
18655.000,57681.339
18656.000,57681.339
18657.000,57602.215
18658.000,57602.215
18659.000,57602.215
18660.000,57602.215
18661.000,57602.215
18662.000,57602.215
18663.000,57602.215
18664.000,57681.339
18665.000,57602.215
18666.000,57602.215
18667.000,57602.215
18668.000,57602.215
18669.000,57602.215
18670.000,57602.215
18671.000,57602.215
18672.000,57681.339
18673.000,57681.339
18674.000,57602.215
18675.000,57602.215
18676.000,57602.215
18677.000,57602.215
18678.000,57602.215
18679.000,57602.215
18680.000,57602.215
18681.000,57681.339
18682.000,57602.215
18683.000,57602.215
18684.000,57602.215
18685.000,57602.215
18686.000,57602.215
18687.000,57602.215
18688.000,57602.215
18689.000,57681.339
18690.000,57602.215
18691.000,57602.215
18692.000,57602.215
18693.000,57602.215
18694.000,57602.215
18695.000,57602.215
18696.000,57602.215
18697.000,57681.339
18698.000,57602.215
18699.000,57602.215
18700.000,57602.215
18701.000,57602.215
18702.000,57602.215
18703.000,57602.215
18704.000,57602.215
18705.000,57681.339
18706.000,57681.339
18707.000,57602.215
18708.000,57602.215
18709.000,57602.215
18710.000,57602.215
18711.000,57602.215
18712.000,57602.215
18713.000,57602.215
18714.000,57681.339
18715.000,57602.215
18716.000,57602.215
18717.000,57602.215
18718.000,57602.215
18719.000,57602.215
18720.000,57602.215
18721.000,57602.215
18722.000,57681.339
18723.000,57602.215
18724.000,57602.215
18725.000,57602.215
18726.000,57602.215
18727.000,57602.215
18728.000,57602.215
18729.000,57602.215
18730.000,57681.339
18731.000,57681.339
18732.000,57602.215
18733.000,57602.215
18734.000,57602.215
18735.000,57602.215
18736.000,57602.215
18737.000,57602.215
18738.000,57602.215
18739.000,57681.339
18740.000,57602.215
18741.000,57602.215
18742.000,57602.215
18743.000,57602.215
18744.000,57602.215
18745.000,57602.215
18746.000,57602.215
18747.000,57681.339
18748.000,57602.215
18749.000,57602.215
18750.000,57602.215
18751.000,57602.215
18752.000,57602.215
18753.000,57602.215
18754.000,57602.215
18755.000,57681.339
18756.000,57681.339
18757.000,57602.215
18758.000,57602.215
18759.000,57602.215
18760.000,57602.215
18761.000,57602.215
18762.000,57602.215
18763.000,57602.215
18764.000,57681.339
18765.000,57681.339
18766.000,57602.215
18767.000,57602.215
18768.000,57602.215
18769.000,57602.215
18770.000,57602.215
18771.000,57602.215
18772.000,57681.339
18773.000,57681.339
18774.000,57602.215
18775.000,57602.215
18776.000,57602.215
18777.000,57602.215
18778.000,57602.215
18779.000,57602.215
18780.000,57681.339
18781.000,57681.339
18782.000,57602.215
18783.000,57602.215
18784.000,57602.215
18785.000,57602.215
18786.000,57602.215
18787.000,57602.215
18788.000,57602.215
18789.000,57681.339
18790.000,57602.215
18791.000,57602.215
18792.000,57602.215
18793.000,57602.215
18794.000,57602.215
18795.000,57602.215
18796.000,57602.215
18797.000,57681.339
18798.000,57681.339
18799.000,57602.215
18800.000,57602.215
18801.000,57602.215
18802.000,57602.215
18803.000,57602.215
18804.000,57602.215
18805.000,57681.339
18806.000,57681.339
18807.000,57602.215
18808.000,57602.215
18809.000,57602.215
18810.000,57602.215
18811.000,57602.215
18812.000,57602.215
18813.000,57602.215
18814.000,57681.339
18815.000,57681.339
18816.000,57602.215
18817.000,57602.215
18818.000,57602.215
18819.000,57602.215
18820.000,57602.215
18821.000,57602.215
18822.000,57681.339
18823.000,57681.339
18824.000,57602.215
18825.000,57602.215
18826.000,57602.215
18827.000,57602.215
18828.000,57602.215
18829.000,57602.215
18830.000,57602.215
18831.000,57681.339
18832.000,57602.215
18833.000,57602.215
18834.000,57602.215
18835.000,57602.215
18836.000,57602.215
18837.000,57602.215
18838.000,57602.215
18839.000,57681.339
18840.000,57602.215
18841.000,57602.215
18842.000,57602.215
18843.000,57602.215
18844.000,57602.215
18845.000,57602.215
18846.000,57602.215
18847.000,57681.339
18848.000,57681.339
18849.000,57602.215
18850.000,57602.215
18851.000,57602.215
18852.000,57602.215
18853.000,57602.215
18854.000,57602.215
18855.000,57681.339
18856.000,57681.339
18857.000,57602.215
18858.000,57602.215
18859.000,57602.215
18860.000,57602.215
18861.000,57602.215
18862.000,57602.215
18863.000,57602.215
18864.000,57681.339
18865.000,57602.215
18866.000,57602.215
18867.000,57602.215
18868.000,57602.215
18869.000,57602.215
18870.000,57602.215
18871.000,57602.215
18872.000,57681.339
18873.000,57681.339
18874.000,57602.215
18875.000,57602.215
18876.000,57602.215
18877.000,57602.215
18878.000,57602.215
18879.000,57602.215
18880.000,57602.215
18881.000,57681.339
18882.000,57602.215
18883.000,57602.215
18884.000,57602.215
18885.000,57602.215
18886.000,57602.215
18887.000,57602.215
18888.000,57602.215
18889.000,57681.339
18890.000,57602.215
18891.000,57602.215
18892.000,57602.215
18893.000,57602.215
18894.000,57602.215
18895.000,57602.215
18896.000,57602.215
18897.000,57681.339
18898.000,57602.215
18899.000,57602.215
18900.000,57602.215
18901.000,57602.215
18902.000,57602.215
18903.000,57602.215
18904.000,57602.215
18905.000,57602.215
18906.000,57681.339
18907.000,57602.215
18908.000,57602.215
18909.000,57602.215
18910.000,57602.215
18911.000,57602.215
18912.000,57602.215
18913.000,57602.215
18914.000,57681.339
18915.000,57602.215
18916.000,57602.215
18917.000,57602.215
18918.000,57602.215
18919.000,57602.215
18920.000,57602.215
18921.000,57602.215
18922.000,57681.339
18923.000,57681.339
18924.000,57602.215
18925.000,57602.215
18926.000,57602.215
18927.000,57602.215
18928.000,57602.215
18929.000,57602.215
18930.000,57602.215
18931.000,57681.339
18932.000,57602.215
18933.000,57602.215
18934.000,57602.215
18935.000,57602.215
18936.000,57602.215
18937.000,57602.215
18938.000,57602.215
18939.000,57681.339
18940.000,57602.215
18941.000,57602.215
18942.000,57602.215
18943.000,57602.215
18944.000,57602.215
18945.000,57602.215
18946.000,57602.215
18947.000,57602.215
18948.000,57602.215
18949.000,57602.215
18950.000,57602.215
18951.000,57602.215
18952.000,57602.215
18953.000,57602.215
18954.000,57602.215
18955.000,57602.215
18956.000,57602.215
18957.000,57602.215
18958.000,57602.215
18959.000,57602.215
18960.000,57602.215
18961.000,57602.215
18962.000,57602.215
18963.000,57602.215
18964.000,57681.339
18965.000,57602.215
18966.000,57602.215
18967.000,57602.215
18968.000,57602.215
18969.000,57602.215
18970.000,57602.215
18971.000,57681.339
18972.000,57681.339
18973.000,57681.339
18974.000,57602.215
18975.000,57602.215
18976.000,57602.215
18977.000,57602.215
18978.000,57602.215
18979.000,57602.215
18980.000,57681.339
18981.000,57681.339
18982.000,57602.215
18983.000,57602.215
18984.000,57602.215
18985.000,57602.215
18986.000,57602.215
18987.000,57602.215
18988.000,57681.339
18989.000,57681.339
18990.000,57602.215
18991.000,57602.215
18992.000,57602.215
18993.000,57602.215
18994.000,57602.215
18995.000,57602.215
18996.000,57602.215
18997.000,57681.339
18998.000,57681.339
18999.000,57602.215
19000.000,57602.215
19001.000,57602.215
19002.000,57602.215
19003.000,57602.215
19004.000,57602.215
19005.000,57602.215
19006.000,57681.339
19007.000,57602.215
19008.000,57602.215
19009.000,57602.215
19010.000,57602.215
19011.000,57602.215
19012.000,57602.215
19013.000,57602.215
19014.000,57681.339
19015.000,57602.215
19016.000,57602.215
19017.000,57602.215
19018.000,57602.215
19019.000,57602.215
19020.000,57602.215
19021.000,57602.215
19022.000,57681.339
19023.000,57602.215
19024.000,57602.215
19025.000,57602.215
19026.000,57602.215
19027.000,57602.215
19028.000,57602.215
19029.000,57602.215
19030.000,57681.339
19031.000,57681.339
19032.000,57602.215
19033.000,57602.215
19034.000,57602.215
19035.000,57602.215
19036.000,57602.215
19037.000,57602.215
19038.000,57681.339
19039.000,57681.339
19040.000,57602.215
19041.000,57602.215
19042.000,57602.215
19043.000,57602.215
19044.000,57602.215
19045.000,57602.215
19046.000,57602.215
19047.000,57681.339
19048.000,57602.215
19049.000,57602.215
19050.000,57602.215
19051.000,57602.215
19052.000,57602.215
19053.000,57602.215
19054.000,57602.215
19055.000,57681.339
19056.000,57681.339
19057.000,57602.215
19058.000,57602.215
19059.000,57602.215
19060.000,57602.215
19061.000,57602.215
19062.000,57602.215
19063.000,57602.215
19064.000,57681.339
19065.000,57602.215
19066.000,57602.215
19067.000,57602.215
19068.000,57602.215
19069.000,57602.215
19070.000,57602.215
19071.000,57602.215
19072.000,57681.339
19073.000,57602.215
19074.000,57602.215
19075.000,57602.215
19076.000,57602.215
19077.000,57602.215
19078.000,57602.215
19079.000,57602.215
19080.000,57681.339
19081.000,57681.339
19082.000,57602.215
19083.000,57602.215
19084.000,57602.215
19085.000,57602.215
19086.000,57602.215
19087.000,57602.215
19088.000,57681.339
19089.000,57681.339
19090.000,57602.215
19091.000,57602.215
19092.000,57602.215
19093.000,57602.215
19094.000,57602.215
19095.000,57602.215
19096.000,57681.339
19097.000,57681.339
19098.000,57681.339
19099.000,57602.215
19100.000,57602.215
19101.000,57602.215
19102.000,57602.215
19103.000,57602.215
19104.000,57602.215
19105.000,57681.339
19106.000,57681.339
19107.000,57602.215
19108.000,57602.215
19109.000,57602.215
19110.000,57602.215
19111.000,57602.215
19112.000,57602.215
19113.000,57681.339
19114.000,57681.339
19115.000,57681.339
19116.000,57602.215
19117.000,57602.215
19118.000,57602.215
19119.000,57602.215
19120.000,57602.215
19121.000,57602.215
19122.000,57681.339
19123.000,57602.215
19124.000,57602.215
19125.000,57602.215
19126.000,57602.215
19127.000,57602.215
19128.000,57602.215
19129.000,57602.215
19130.000,57602.215
19131.000,57602.215
19132.000,57602.215
19133.000,57602.215
19134.000,57602.215
19135.000,57602.215
19136.000,57602.215
19137.000,57602.215
19138.000,57602.215
19139.000,57681.339
19140.000,57602.215
19141.000,57602.215
19142.000,57602.215
19143.000,57602.215
19144.000,57602.215
19145.000,57602.215
19146.000,57602.215
19147.000,57681.339
19148.000,57602.215
19149.000,57602.215
19150.000,57602.215
19151.000,57602.215
19152.000,57602.215
19153.000,57602.215
19154.000,57602.215
19155.000,57681.339
19156.000,57681.339
19157.000,57602.215
19158.000,57602.215
19159.000,57602.215
19160.000,57602.215
19161.000,57602.215
19162.000,57602.215
19163.000,57681.339
19164.000,57681.339
19165.000,57602.215
19166.000,57602.215
19167.000,57602.215
19168.000,57602.215
19169.000,57602.215
19170.000,57602.215
19171.000,57681.339
19172.000,57681.339
19173.000,57681.339
19174.000,57602.215
19175.000,57602.215
19176.000,57602.215
19177.000,57602.215
19178.000,57602.215
19179.000,57602.215
19180.000,57681.339
19181.000,57681.339
19182.000,57602.215
19183.000,57602.215
19184.000,57602.215
19185.000,57602.215
19186.000,57602.215
19187.000,57602.215
19188.000,57681.339
19189.000,57681.339
19190.000,57602.215
19191.000,57602.215
19192.000,57602.215
19193.000,57602.215
19194.000,57602.215
19195.000,57602.215
19196.000,57602.215
19197.000,57681.339
19198.000,57681.339
19199.000,57602.215
19200.000,57602.215
19201.000,57602.215
19202.000,57602.215
19203.000,57602.215
19204.000,57602.215
19205.000,57681.339
19206.000,57681.339
19207.000,57602.215
19208.000,57602.215
19209.000,57602.215
19210.000,57602.215
19211.000,57602.215
19212.000,57602.215
19213.000,57681.339
19214.000,57681.339
19215.000,57602.215
19216.000,57602.215
19217.000,57602.215
19218.000,57602.215
19219.000,57602.215
19220.000,57602.215
19221.000,57602.215
19222.000,57681.339
19223.000,57681.339
19224.000,57602.215
19225.000,57602.215
19226.000,57602.215
19227.000,57602.215
19228.000,57602.215
19229.000,57602.215
19230.000,57681.339
19231.000,57681.339
19232.000,57602.215
19233.000,57602.215
19234.000,57602.215
19235.000,57602.215
19236.000,57602.215
19237.000,57602.215
19238.000,57602.215
19239.000,57681.339
19240.000,57602.215
19241.000,57602.215
19242.000,57602.215
19243.000,57602.215
19244.000,57602.215
19245.000,57602.215
19246.000,57602.215
19247.000,57681.339
19248.000,57602.215
19249.000,57602.215
19250.000,57602.215
19251.000,57602.215
19252.000,57602.215
19253.000,57602.215
19254.000,57602.215
19255.000,57681.339
19256.000,57602.215
19257.000,57602.215
19258.000,57602.215
19259.000,57602.215
19260.000,57602.215
19261.000,57602.215
19262.000,57602.215
19263.000,57681.339
19264.000,57681.339
19265.000,57602.215
19266.000,57602.215
19267.000,57602.215
19268.000,57602.215
19269.000,57602.215
19270.000,57602.215
19271.000,57602.215
19272.000,57681.339
19273.000,57602.215
19274.000,57602.215
19275.000,57602.215
19276.000,57602.215
19277.000,57602.215
19278.000,57602.215
19279.000,57602.215
19280.000,57681.339
19281.000,57681.339
19282.000,57602.215
19283.000,57602.215
19284.000,57602.215
19285.000,57602.215
19286.000,57602.215
19287.000,57602.215
19288.000,57681.339
19289.000,57681.339
19290.000,57602.215
19291.000,57602.215
19292.000,57602.215
19293.000,57602.215
19294.000,57602.215
19295.000,57602.215
19296.000,57602.215
19297.000,57681.339
19298.000,57681.339
19299.000,57602.215
19300.000,57602.215
19301.000,57602.215
19302.000,57602.215
19303.000,57602.215
19304.000,57602.215
19305.000,57681.339
19306.000,57681.339
19307.000,57602.215
19308.000,57602.215
19309.000,57602.215
19310.000,57602.215
19311.000,57602.215
19312.000,57602.215
19313.000,57602.215
19314.000,57681.339
19315.000,57602.215
19316.000,57602.215
19317.000,57602.215
19318.000,57602.215
19319.000,57602.215
19320.000,57602.215
19321.000,57602.215
19322.000,57681.339
19323.000,57602.215
19324.000,57602.215
19325.000,57602.215
19326.000,57602.215
19327.000,57602.215
19328.000,57602.215
19329.000,57602.215
19330.000,57602.215
19331.000,57602.215
19332.000,57602.215
19333.000,57602.215
19334.000,57602.215
19335.000,57602.215
19336.000,57602.215
19337.000,57602.215
19338.000,57602.215
19339.000,57602.215
19340.000,57602.215
19341.000,57602.215
19342.000,57602.215
19343.000,57602.215
19344.000,57602.215
19345.000,57602.215
19346.000,57602.215
19347.000,57681.339
19348.000,57602.215
19349.000,57602.215
19350.000,57602.215
19351.000,57602.215
19352.000,57602.215
19353.000,57602.215
19354.000,57602.215
19355.000,57681.339
19356.000,57681.339
19357.000,57602.215
19358.000,57602.215
19359.000,57602.215
19360.000,57602.215
19361.000,57602.215
19362.000,57602.215
19363.000,57681.339
19364.000,57681.339
19365.000,57602.215
19366.000,57602.215
19367.000,57602.215
19368.000,57602.215
19369.000,57602.215
19370.000,57602.215
19371.000,57602.215
19372.000,57681.339
19373.000,57681.339
19374.000,57602.215
19375.000,57602.215
19376.000,57602.215
19377.000,57602.215
19378.000,57602.215
19379.000,57602.215
19380.000,57681.339
19381.000,57681.339
19382.000,57602.215
19383.000,57602.215
19384.000,57602.215
19385.000,57602.215
19386.000,57602.215
19387.000,57602.215
19388.000,57602.215
19389.000,57681.339
19390.000,57602.215
19391.000,57602.215
19392.000,57602.215
19393.000,57602.215
19394.000,57602.215
19395.000,57602.215
19396.000,57602.215
19397.000,57602.215
19398.000,57602.215
19399.000,57602.215
19400.000,57602.215
19401.000,57602.215
19402.000,57602.215
19403.000,57602.215
19404.000,57602.215
19405.000,57602.215
19406.000,57602.215
19407.000,57602.215
19408.000,57602.215
19409.000,57602.215
19410.000,57602.215
19411.000,57602.215
19412.000,57602.215
19413.000,57602.215
19414.000,57681.339
19415.000,57602.215
19416.000,57602.215
19417.000,57602.215
19418.000,57602.215
19419.000,57602.215
19420.000,57602.215
19421.000,57602.215
19422.000,57681.339
19423.000,57602.215
19424.000,57602.215
19425.000,57602.215
19426.000,57602.215
19427.000,57602.215
19428.000,57602.215
19429.000,57602.215
19430.000,57681.339
19431.000,57681.339
19432.000,57602.215
19433.000,57602.215
19434.000,57602.215
19435.000,57602.215
19436.000,57602.215
19437.000,57602.215
19438.000,57681.339
19439.000,57681.339
19440.000,57602.215
19441.000,57602.215
19442.000,57602.215
19443.000,57602.215
19444.000,57602.215
19445.000,57602.215
19446.000,57602.215
19447.000,57681.339
19448.000,57602.215
19449.000,57602.215
19450.000,57602.215
19451.000,57602.215
19452.000,57602.215
19453.000,57602.215
19454.000,57602.215
19455.000,57681.339
19456.000,57681.339
19457.000,57602.215
19458.000,57602.215
19459.000,57602.215
19460.000,57602.215
19461.000,57602.215
19462.000,57602.215
19463.000,57681.339
19464.000,57681.339
19465.000,57602.215
19466.000,57602.215
19467.000,57602.215
19468.000,57602.215
19469.000,57602.215
19470.000,57602.215
19471.000,57602.215
19472.000,57681.339
19473.000,57602.215
19474.000,57602.215
19475.000,57602.215
19476.000,57602.215
19477.000,57602.215
19478.000,57602.215
19479.000,57602.215
19480.000,57602.215
19481.000,57602.215
19482.000,57602.215
19483.000,57602.215
19484.000,57602.215
19485.000,57602.215
19486.000,57602.215
19487.000,57602.215
19488.000,57602.215
19489.000,57681.339
19490.000,57602.215
19491.000,57602.215
19492.000,57602.215
19493.000,57602.215
19494.000,57602.215
19495.000,57602.215
19496.000,57602.215
19497.000,57681.339
19498.000,57602.215
19499.000,57602.215
19500.000,57602.215
19501.000,57602.215
19502.000,57602.215
19503.000,57602.215
19504.000,57602.215
19505.000,57602.215
19506.000,57602.215
19507.000,57602.215
19508.000,57602.215
19509.000,57602.215
19510.000,57602.215
19511.000,57602.215
19512.000,57602.215
19513.000,57602.215
19514.000,57602.215
19515.000,57602.215
19516.000,57602.215
19517.000,57602.215
19518.000,57602.215
19519.000,57602.215
19520.000,57602.215
19521.000,57602.215
19522.000,57602.215
19523.000,57602.215
19524.000,57602.215
19525.000,57602.215
19526.000,57602.215
19527.000,57602.215
19528.000,57602.215
19529.000,57602.215
19530.000,57681.339
19531.000,57602.215
19532.000,57602.215
19533.000,57602.215
19534.000,57602.215
19535.000,57602.215
19536.000,57602.215
19537.000,57602.215
19538.000,57681.339
19539.000,57681.339
19540.000,57602.215
19541.000,57602.215
19542.000,57602.215
19543.000,57602.215
19544.000,57602.215
19545.000,57602.215
19546.000,57681.339
19547.000,57681.339
19548.000,57681.339
19549.000,57602.215
19550.000,57602.215
19551.000,57602.215
19552.000,57602.215
19553.000,57602.215
19554.000,57602.215
19555.000,57681.339
19556.000,57681.339
19557.000,57602.215
19558.000,57602.215
19559.000,57602.215
19560.000,57602.215
19561.000,57602.215
19562.000,57602.215
19563.000,57602.215
19564.000,57681.339
19565.000,57602.215
19566.000,57602.215
19567.000,57602.215
19568.000,57602.215
19569.000,57602.215
19570.000,57602.215
19571.000,57602.215
19572.000,57681.339
19573.000,57602.215
19574.000,57602.215
19575.000,57602.215
19576.000,57602.215
19577.000,57602.215
19578.000,57602.215
19579.000,57602.215
19580.000,57681.339
19581.000,57681.339
19582.000,57602.215
19583.000,57602.215
19584.000,57602.215
19585.000,57602.215
19586.000,57602.215
19587.000,57602.215
19588.000,57602.215
19589.000,57681.339
19590.000,57602.215
19591.000,57602.215
19592.000,57602.215
19593.000,57602.215
19594.000,57602.215
19595.000,57602.215
19596.000,57602.215
19597.000,57681.339
19598.000,57602.215
19599.000,57602.215
19600.000,57602.215
19601.000,57602.215
19602.000,57602.215
19603.000,57602.215
19604.000,57602.215
19605.000,57681.339
19606.000,57681.339
19607.000,57602.215
19608.000,57602.215
19609.000,57602.215
19610.000,57602.215
19611.000,57602.215
19612.000,57602.215
19613.000,57602.215
19614.000,57681.339
19615.000,57602.215
19616.000,57602.215
19617.000,57602.215
19618.000,57602.215
19619.000,57602.215
19620.000,57602.215
19621.000,57602.215
19622.000,57681.339
19623.000,57602.215
19624.000,57602.215
19625.000,57602.215
19626.000,57602.215
19627.000,57602.215
19628.000,57602.215
19629.000,57602.215
19630.000,57681.339
19631.000,57681.339
19632.000,57602.215
19633.000,57602.215
19634.000,57602.215
19635.000,57602.215
19636.000,57602.215
19637.000,57602.215
19638.000,57681.339
19639.000,57681.339
19640.000,57602.215
19641.000,57602.215
19642.000,57602.215
19643.000,57602.215
19644.000,57602.215
19645.000,57602.215
19646.000,57681.339
19647.000,57681.339
19648.000,57681.339
19649.000,57602.215
19650.000,57602.215
19651.000,57602.215
19652.000,57602.215
19653.000,57602.215
19654.000,57602.215
19655.000,57681.339
19656.000,57681.339
19657.000,57602.215
19658.000,57602.215
19659.000,57602.215
19660.000,57602.215
19661.000,57602.215
19662.000,57602.215
19663.000,57681.339
19664.000,57681.339
19665.000,57681.339
19666.000,57602.215
19667.000,57602.215
19668.000,57602.215
19669.000,57602.215
19670.000,57602.215
19671.000,57602.215
19672.000,57681.339
19673.000,57681.339
19674.000,57602.215
19675.000,57602.215
19676.000,57602.215
19677.000,57602.215
19678.000,57602.215
19679.000,57602.215
19680.000,57681.339
19681.000,57681.339
19682.000,57602.215
19683.000,57602.215
19684.000,57602.215
19685.000,57602.215
19686.000,57602.215
19687.000,57602.215
19688.000,57602.215
19689.000,57681.339
19690.000,57602.215
19691.000,57602.215
19692.000,57602.215
19693.000,57602.215
19694.000,57602.215
19695.000,57602.215
19696.000,57602.215
19697.000,57681.339
19698.000,57681.339
19699.000,57602.215
19700.000,57602.215
19701.000,57602.215
19702.000,57602.215
19703.000,57602.215
19704.000,57602.215
19705.000,57681.339
19706.000,57681.339
19707.000,57602.215
19708.000,57602.215
19709.000,57602.215
19710.000,57602.215
19711.000,57602.215
19712.000,57602.215
19713.000,57681.339
19714.000,57681.339
19715.000,57681.339
19716.000,57602.215
19717.000,57602.215
19718.000,57602.215
19719.000,57602.215
19720.000,57602.215
19721.000,57602.215
19722.000,57681.339
19723.000,57681.339
19724.000,57602.215
19725.000,57602.215
19726.000,57602.215
19727.000,57602.215
19728.000,57602.215
19729.000,57602.215
19730.000,57681.339
19731.000,57681.339
19732.000,57602.215
19733.000,57602.215
19734.000,57602.215
19735.000,57602.215
19736.000,57602.215
19737.000,57602.215
19738.000,57602.215
19739.000,57681.339
19740.000,57681.339
19741.000,57602.215
19742.000,57602.215
19743.000,57602.215
19744.000,57602.215
19745.000,57602.215
19746.000,57602.215
19747.000,57681.339
19748.000,57681.339
19749.000,57602.215
19750.000,57602.215
19751.000,57602.215
19752.000,57602.215
19753.000,57602.215
19754.000,57602.215
19755.000,57681.339
19756.000,57681.339
19757.000,57602.215
19758.000,57602.215
19759.000,57602.215
19760.000,57602.215
19761.000,57602.215
19762.000,57602.215
19763.000,57681.339
19764.000,57681.339
19765.000,57681.339
19766.000,57602.215
19767.000,57602.215
19768.000,57602.215
19769.000,57602.215
19770.000,57602.215
19771.000,57602.215
19772.000,57681.339
19773.000,57681.339
19774.000,57602.215
19775.000,57602.215
19776.000,57602.215
19777.000,57602.215
19778.000,57602.215
19779.000,57602.215
19780.000,57681.339
19781.000,57681.339
19782.000,57602.215
19783.000,57602.215
19784.000,57602.215
19785.000,57602.215
19786.000,57602.215
19787.000,57602.215
19788.000,57681.339
19789.000,57681.339
19790.000,57681.339
19791.000,57602.215
19792.000,57602.215
19793.000,57602.215
19794.000,57602.215
19795.000,57602.215
19796.000,57602.215
19797.000,57681.339
19798.000,57681.339
19799.000,57602.215
19800.000,57602.215
19801.000,57602.215
19802.000,57602.215
19803.000,57602.215
19804.000,57602.215
19805.000,57681.339
19806.000,57681.339
19807.000,57602.215
19808.000,57602.215
19809.000,57602.215
19810.000,57602.215
19811.000,57602.215
19812.000,57602.215
19813.000,57681.339
19814.000,57681.339
19815.000,57681.339
19816.000,57602.215
19817.000,57602.215
19818.000,57602.215
19819.000,57602.215
19820.000,57602.215
19821.000,57602.215
19822.000,57681.339
19823.000,57681.339
19824.000,57602.215
19825.000,57602.215
19826.000,57602.215
19827.000,57602.215
19828.000,57602.215
19829.000,57602.215
19830.000,57681.339
19831.000,57681.339
19832.000,57602.215
19833.000,57602.215
19834.000,57602.215
19835.000,57602.215
19836.000,57602.215
19837.000,57602.215
19838.000,57602.215
19839.000,57681.339
19840.000,57602.215
19841.000,57602.215
19842.000,57602.215
19843.000,57602.215
19844.000,57602.215
19845.000,57602.215
19846.000,57602.215
19847.000,57681.339
19848.000,57681.339
19849.000,57602.215
19850.000,57602.215
19851.000,57602.215
19852.000,57602.215
19853.000,57602.215
19854.000,57602.215
19855.000,57681.339
19856.000,57681.339
19857.000,57602.215
19858.000,57602.215
19859.000,57602.215
19860.000,57602.215
19861.000,57602.215
19862.000,57602.215
19863.000,57681.339
19864.000,57681.339
19865.000,57602.215
19866.000,57602.215
19867.000,57602.215
19868.000,57602.215
19869.000,57602.215
19870.000,57602.215
19871.000,57681.339
19872.000,57681.339
19873.000,57681.339
19874.000,57602.215
19875.000,57602.215
19876.000,57602.215
19877.000,57602.215
19878.000,57602.215
19879.000,57602.215
19880.000,57681.339
19881.000,57681.339
19882.000,57602.215
19883.000,57602.215
19884.000,57602.215
19885.000,57602.215
19886.000,57602.215
19887.000,57602.215
19888.000,57602.215
19889.000,57681.339
19890.000,57602.215
19891.000,57602.215
19892.000,57602.215
19893.000,57602.215
19894.000,57602.215
19895.000,57602.215
19896.000,57602.215
19897.000,57681.339
19898.000,57602.215
19899.000,57602.215
19900.000,57602.215
19901.000,57602.215
19902.000,57602.215
19903.000,57602.215
19904.000,57602.215
19905.000,57681.339
19906.000,57681.339
19907.000,57602.215
19908.000,57602.215
19909.000,57602.215
19910.000,57602.215
19911.000,57602.215
19912.000,57602.215
19913.000,57681.339
19914.000,57681.339
19915.000,57602.215
19916.000,57602.215
19917.000,57602.215
19918.000,57602.215
19919.000,57602.215
19920.000,57602.215
19921.000,57602.215
19922.000,57681.339
19923.000,57681.339
19924.000,57602.215
19925.000,57602.215
19926.000,57602.215
19927.000,57602.215
19928.000,57602.215
19929.000,57602.215
19930.000,57681.339
19931.000,57681.339
19932.000,57602.215
19933.000,57602.215
19934.000,57602.215
19935.000,57602.215
19936.000,57602.215
19937.000,57602.215
19938.000,57681.339
19939.000,57681.339
19940.000,57602.215
19941.000,57602.215
19942.000,57602.215
19943.000,57602.215
19944.000,57602.215
19945.000,57602.215
19946.000,57602.215
19947.000,57681.339
19948.000,57681.339
19949.000,57602.215
19950.000,57602.215
19951.000,57602.215
19952.000,57602.215
19953.000,57602.215
19954.000,57602.215
19955.000,57681.339
19956.000,57681.339
19957.000,57602.215
19958.000,57602.215
19959.000,57602.215
19960.000,57602.215
19961.000,57602.215
19962.000,57602.215
19963.000,57681.339
19964.000,57681.339
19965.000,57681.339
19966.000,57602.215
19967.000,57602.215
19968.000,57602.215
19969.000,57602.215
19970.000,57602.215
19971.000,57602.215
19972.000,57681.339
19973.000,57681.339
19974.000,57602.215
19975.000,57602.215
19976.000,57602.215
19977.000,57602.215
19978.000,57602.215
19979.000,57602.215
19980.000,57681.339
19981.000,57681.339
19982.000,57602.215
19983.000,57602.215
19984.000,57602.215
19985.000,57602.215
19986.000,57602.215
19987.000,57602.215
19988.000,57602.215
19989.000,57681.339
19990.000,57602.215
19991.000,57602.215
19992.000,57602.215
19993.000,57602.215
19994.000,57602.215
19995.000,57602.215
19996.000,57602.215
19997.000,57681.339
19998.000,57602.215
19999.000,57602.215
20000.000,57602.215
20001.000,57602.215
20002.000,57602.215
20003.000,57602.215
20004.000,57602.215
20005.000,57681.339
20006.000,57681.339
20007.000,57602.215
20008.000,57602.215
20009.000,57602.215
20010.000,57602.215
20011.000,57602.215
20012.000,57602.215
20013.000,57681.339
20014.000,57681.339
20015.000,57602.215
20016.000,57602.215
20017.000,57602.215
20018.000,57602.215
20019.000,57602.215
20020.000,57602.215
20021.000,57681.339
20022.000,57681.339
20023.000,57681.339
20024.000,57602.215
20025.000,57602.215
20026.000,57602.215
20027.000,57602.215
20028.000,57602.215
20029.000,57602.215
20030.000,57681.339
20031.000,57681.339
20032.000,57602.215
20033.000,57602.215
20034.000,57602.215
20035.000,57602.215
20036.000,57602.215
20037.000,57602.215
20038.000,57681.339
20039.000,57681.339
20040.000,57681.339
20041.000,57602.215
20042.000,57602.215
20043.000,57602.215
20044.000,57602.215
20045.000,57602.215
20046.000,57602.215
20047.000,57681.339
20048.000,57681.339
20049.000,57602.215
20050.000,57602.215
20051.000,57602.215
20052.000,57602.215
20053.000,57602.215
20054.000,57602.215
20055.000,57681.339
20056.000,57681.339
20057.000,57602.215
20058.000,57602.215
20059.000,57602.215
20060.000,57602.215
20061.000,57602.215
20062.000,57602.215
20063.000,57681.339
20064.000,57681.339
20065.000,57602.215
20066.000,57602.215
20067.000,57602.215
20068.000,57602.215
20069.000,57602.215
20070.000,57602.215
20071.000,57602.215
20072.000,57681.339
20073.000,57681.339
20074.000,57602.215
20075.000,57602.215
20076.000,57602.215
20077.000,57602.215
20078.000,57602.215
20079.000,57602.215
20080.000,57681.339
20081.000,57681.339
20082.000,57602.215
20083.000,57602.215
20084.000,57602.215
20085.000,57602.215
20086.000,57602.215
20087.000,57602.215
20088.000,57681.339
20089.000,57681.339
20090.000,57681.339
20091.000,57602.215
20092.000,57602.215
20093.000,57602.215
20094.000,57602.215
20095.000,57602.215
20096.000,57602.215
20097.000,57681.339
20098.000,57681.339
20099.000,57602.215
20100.000,57602.215
20101.000,57602.215
20102.000,57602.215
20103.000,57602.215
20104.000,57602.215
20105.000,57681.339
20106.000,57681.339
20107.000,57602.215
20108.000,57602.215
20109.000,57602.215
20110.000,57602.215
20111.000,57602.215
20112.000,57602.215
20113.000,57681.339
20114.000,57681.339
20115.000,57681.339
20116.000,57602.215
20117.000,57602.215
20118.000,57602.215
20119.000,57602.215
20120.000,57602.215
20121.000,57681.339
20122.000,57681.339
20123.000,57681.339
20124.000,57602.215
20125.000,57602.215
20126.000,57602.215
20127.000,57602.215
20128.000,57602.215
20129.000,57602.215
20130.000,57681.339
20131.000,57681.339
20132.000,57602.215
20133.000,57602.215
20134.000,57602.215
20135.000,57602.215
20136.000,57602.215
20137.000,57602.215
20138.000,57681.339
20139.000,57681.339
20140.000,57681.339
20141.000,57602.215
20142.000,57602.215
20143.000,57602.215
20144.000,57602.215
20145.000,57602.215
20146.000,57681.339
20147.000,57681.339
20148.000,57681.339
20149.000,57602.215
20150.000,57602.215
20151.000,57602.215
20152.000,57602.215
20153.000,57602.215
20154.000,57602.215
20155.000,57681.339
20156.000,57681.339
20157.000,57681.339
20158.000,57602.215
20159.000,57602.215
20160.000,57602.215
20161.000,57602.215
20162.000,57602.215
20163.000,57681.339
20164.000,57681.339
20165.000,57681.339
20166.000,57602.215
20167.000,57602.215
20168.000,57602.215
20169.000,57602.215
20170.000,57602.215
20171.000,57602.215
20172.000,57681.339
20173.000,57681.339
20174.000,57602.215
20175.000,57602.215
20176.000,57602.215
20177.000,57602.215
20178.000,57602.215
20179.000,57602.215
20180.000,57681.339
20181.000,57681.339
20182.000,57602.215
20183.000,57602.215
20184.000,57602.215
20185.000,57602.215
20186.000,57602.215
20187.000,57602.215
20188.000,57681.339
20189.000,57681.339
20190.000,57681.339
20191.000,57602.215
20192.000,57602.215
20193.000,57602.215
20194.000,57602.215
20195.000,57602.215
20196.000,57602.215
20197.000,57681.339
20198.000,57681.339
20199.000,57602.215
20200.000,57602.215
20201.000,57602.215
20202.000,57602.215
20203.000,57602.215
20204.000,57602.215
20205.000,57681.339
20206.000,57681.339
20207.000,57681.339
20208.000,57602.215
20209.000,57602.215
20210.000,57602.215
20211.000,57602.215
20212.000,57602.215
20213.000,57681.339
20214.000,57681.339
20215.000,57681.339
20216.000,57602.215
20217.000,57602.215
20218.000,57602.215
20219.000,57602.215
20220.000,57602.215
20221.000,57602.215
20222.000,57681.339
20223.000,57681.339
20224.000,57602.215
20225.000,57602.215
20226.000,57602.215
20227.000,57602.215
20228.000,57602.215
20229.000,57602.215
20230.000,57681.339
20231.000,57681.339
20232.000,57602.215
20233.000,57602.215
20234.000,57602.215
20235.000,57602.215
20236.000,57602.215
20237.000,57602.215
20238.000,57681.339
20239.000,57681.339
20240.000,57681.339
20241.000,57602.215
20242.000,57602.215
20243.000,57602.215
20244.000,57602.215
20245.000,57602.215
20246.000,57602.215
20247.000,57681.339
20248.000,57681.339
20249.000,57602.215
20250.000,57602.215
20251.000,57602.215
20252.000,57602.215
20253.000,57602.215
20254.000,57602.215
20255.000,57681.339
20256.000,57681.339
20257.000,57681.339
20258.000,57602.215
20259.000,57602.215
20260.000,57602.215
20261.000,57602.215
20262.000,57602.215
20263.000,57681.339
20264.000,57681.339
20265.000,57681.339
20266.000,57602.215
20267.000,57602.215
20268.000,57602.215
20269.000,57602.215
20270.000,57602.215
20271.000,57602.215
20272.000,57681.339
20273.000,57681.339
20274.000,57602.215
20275.000,57602.215
20276.000,57602.215
20277.000,57602.215
20278.000,57602.215
20279.000,57602.215
20280.000,57681.339
20281.000,57681.339
20282.000,57602.215
20283.000,57602.215
20284.000,57602.215
20285.000,57602.215
20286.000,57602.215
20287.000,57602.215
20288.000,57681.339
20289.000,57681.339
20290.000,57602.215
20291.000,57602.215
20292.000,57602.215
20293.000,57602.215
20294.000,57602.215
20295.000,57602.215
20296.000,57681.339
20297.000,57681.339
20298.000,57681.339
20299.000,57602.215
20300.000,57602.215
20301.000,57602.215
20302.000,57602.215
20303.000,57602.215
20304.000,57602.215
20305.000,57681.339
20306.000,57681.339
20307.000,57602.215
20308.000,57602.215
20309.000,57602.215
20310.000,57602.215
20311.000,57602.215
20312.000,57602.215
20313.000,57681.339
20314.000,57681.339
20315.000,57681.339
20316.000,57602.215
20317.000,57602.215
20318.000,57602.215
20319.000,57602.215
20320.000,57602.215
20321.000,57681.339
20322.000,57681.339
20323.000,57681.339
20324.000,57602.215
20325.000,57602.215
20326.000,57602.215
20327.000,57602.215
20328.000,57602.215
20329.000,57602.215
20330.000,57681.339
20331.000,57681.339
20332.000,57602.215
20333.000,57602.215
20334.000,57602.215
20335.000,57602.215
20336.000,57602.215
20337.000,57602.215
20338.000,57681.339
20339.000,57681.339
20340.000,57681.339
20341.000,57602.215
20342.000,57602.215
20343.000,57602.215
20344.000,57602.215
20345.000,57602.215
20346.000,57602.215
20347.000,57681.339
20348.000,57681.339
20349.000,57602.215
20350.000,57602.215
20351.000,57602.215
20352.000,57602.215
20353.000,57602.215
20354.000,57602.215
20355.000,57681.339
20356.000,57681.339
20357.000,57602.215
20358.000,57602.215
20359.000,57602.215
20360.000,57602.215
20361.000,57602.215
20362.000,57602.215
20363.000,57681.339
20364.000,57681.339
20365.000,57602.215
20366.000,57602.215
20367.000,57602.215
20368.000,57602.215
20369.000,57602.215
20370.000,57602.215
20371.000,57681.339
20372.000,57681.339
20373.000,57681.339
20374.000,57602.215
20375.000,57602.215
20376.000,57602.215
20377.000,57602.215
20378.000,57602.215
20379.000,57681.339
20380.000,57681.339
20381.000,57681.339
20382.000,57602.215
20383.000,57602.215
20384.000,57602.215
20385.000,57602.215
20386.000,57602.215
20387.000,57602.215
20388.000,57681.339
20389.000,57681.339
20390.000,57681.339
20391.000,57602.215
20392.000,57602.215
20393.000,57602.215
20394.000,57602.215
20395.000,57602.215
20396.000,57681.339
20397.000,57681.339
20398.000,57681.339
20399.000,57602.215
20400.000,57602.215
20401.000,57602.215
20402.000,57602.215
20403.000,57602.215
20404.000,57602.215
20405.000,57681.339
20406.000,57681.339
20407.000,57602.215
20408.000,57602.215
20409.000,57602.215
20410.000,57602.215
20411.000,57602.215
20412.000,57602.215
20413.000,57681.339
20414.000,57681.339
20415.000,57602.215
20416.000,57602.215
20417.000,57602.215
20418.000,57602.215
20419.000,57602.215
20420.000,57602.215
20421.000,57681.339
20422.000,57681.339
20423.000,57681.339
20424.000,57602.215
20425.000,57602.215
20426.000,57602.215
20427.000,57602.215
20428.000,57602.215
20429.000,57602.215
20430.000,57681.339
20431.000,57681.339
20432.000,57602.215
20433.000,57602.215
20434.000,57602.215
20435.000,57602.215
20436.000,57602.215
20437.000,57602.215
20438.000,57681.339
20439.000,57681.339
20440.000,57602.215
20441.000,57602.215
20442.000,57602.215
20443.000,57602.215
20444.000,57602.215
20445.000,57602.215
20446.000,57681.339
20447.000,57681.339
20448.000,57681.339
20449.000,57602.215
20450.000,57602.215
20451.000,57602.215
20452.000,57602.215
20453.000,57602.215
20454.000,57602.215
20455.000,57681.339
20456.000,57681.339
20457.000,57602.215
20458.000,57602.215
20459.000,57602.215
20460.000,57602.215
20461.000,57602.215
20462.000,57602.215
20463.000,57681.339
20464.000,57681.339
20465.000,57602.215
20466.000,57602.215
20467.000,57602.215
20468.000,57602.215
20469.000,57602.215
20470.000,57602.215
20471.000,57681.339
20472.000,57681.339
20473.000,57681.339
20474.000,57602.215
20475.000,57602.215
20476.000,57602.215
20477.000,57602.215
20478.000,57602.215
20479.000,57681.339
20480.000,57681.339
20481.000,57681.339
20482.000,57602.215
20483.000,57602.215
20484.000,57602.215
20485.000,57602.215
20486.000,57602.215
20487.000,57602.215
20488.000,57681.339
20489.000,57681.339
20490.000,57681.339
20491.000,57602.215
20492.000,57602.215
20493.000,57602.215
20494.000,57602.215
20495.000,57602.215
20496.000,57681.339
20497.000,57681.339
20498.000,57681.339
20499.000,57602.215
20500.000,57602.215
20501.000,57602.215
20502.000,57602.215
20503.000,57602.215
20504.000,57602.215
20505.000,57681.339
20506.000,57681.339
20507.000,57602.215
20508.000,57602.215
20509.000,57602.215
20510.000,57602.215
20511.000,57602.215
20512.000,57602.215
20513.000,57681.339
20514.000,57681.339
20515.000,57602.215
20516.000,57602.215
20517.000,57602.215
20518.000,57602.215
20519.000,57602.215
20520.000,57602.215
20521.000,57681.339
20522.000,57681.339
20523.000,57681.339
20524.000,57602.215
20525.000,57602.215
20526.000,57602.215
20527.000,57602.215
20528.000,57602.215
20529.000,57602.215
20530.000,57681.339
20531.000,57681.339
20532.000,57602.215
20533.000,57602.215
20534.000,57602.215
20535.000,57602.215
20536.000,57602.215
20537.000,57602.215
20538.000,57681.339
20539.000,57681.339
20540.000,57602.215
20541.000,57602.215
20542.000,57602.215
20543.000,57602.215
20544.000,57602.215
20545.000,57602.215
20546.000,57681.339
20547.000,57681.339
20548.000,57681.339
20549.000,57602.215
20550.000,57602.215
20551.000,57602.215
20552.000,57602.215
20553.000,57602.215
20554.000,57602.215
20555.000,57681.339
20556.000,57681.339
20557.000,57602.215
20558.000,57602.215
20559.000,57602.215
20560.000,57602.215
20561.000,57602.215
20562.000,57602.215
20563.000,57681.339
20564.000,57681.339
20565.000,57602.215
20566.000,57602.215
20567.000,57602.215
20568.000,57602.215
20569.000,57602.215
20570.000,57602.215
20571.000,57681.339
20572.000,57681.339
20573.000,57681.339
20574.000,57602.215
20575.000,57602.215
20576.000,57602.215
20577.000,57602.215
20578.000,57602.215
20579.000,57602.215
20580.000,57681.339
20581.000,57681.339
20582.000,57602.215
20583.000,57602.215
20584.000,57602.215
20585.000,57602.215
20586.000,57602.215
20587.000,57602.215
20588.000,57681.339
20589.000,57681.339
20590.000,57681.339
20591.000,57602.215
20592.000,57602.215
20593.000,57602.215
20594.000,57602.215
20595.000,57602.215
20596.000,57681.339
20597.000,57681.339
20598.000,57681.339
20599.000,57602.215
20600.000,57602.215
20601.000,57602.215
20602.000,57602.215
20603.000,57602.215
20604.000,57602.215
20605.000,57681.339
20606.000,57681.339
20607.000,57602.215
20608.000,57602.215
20609.000,57602.215
20610.000,57602.215
20611.000,57602.215
20612.000,57602.215
20613.000,57681.339
20614.000,57681.339
20615.000,57681.339
20616.000,57602.215
20617.000,57602.215
20618.000,57602.215
20619.000,57602.215
20620.000,57602.215
20621.000,57602.215
20622.000,57681.339
20623.000,57681.339
20624.000,57602.215
20625.000,57602.215
20626.000,57602.215
20627.000,57602.215
20628.000,57602.215
20629.000,57602.215
20630.000,57681.339
20631.000,57681.339
20632.000,57602.215
20633.000,57602.215
20634.000,57602.215
20635.000,57602.215
20636.000,57602.215
20637.000,57602.215
20638.000,57681.339
20639.000,57681.339
20640.000,57602.215
20641.000,57602.215
20642.000,57602.215
20643.000,57602.215
20644.000,57602.215
20645.000,57602.215
20646.000,57681.339
20647.000,57681.339
20648.000,57681.339
20649.000,57602.215
20650.000,57602.215
20651.000,57602.215
20652.000,57602.215
20653.000,57602.215
20654.000,57602.215
20655.000,57681.339
20656.000,57681.339
20657.000,57602.215
20658.000,57602.215
20659.000,57602.215
20660.000,57602.215
20661.000,57602.215
20662.000,57602.215
20663.000,57681.339
20664.000,57681.339
20665.000,57681.339
20666.000,57602.215
20667.000,57602.215
20668.000,57602.215
20669.000,57602.215
20670.000,57602.215
20671.000,57602.215
20672.000,57681.339
20673.000,57681.339
20674.000,57602.215
20675.000,57602.215
20676.000,57602.215
20677.000,57602.215
20678.000,57602.215
20679.000,57602.215
20680.000,57602.215
20681.000,57681.339
20682.000,57602.215
20683.000,57602.215
20684.000,57602.215
20685.000,57602.215
20686.000,57602.215
20687.000,57602.215
20688.000,57681.339
20689.000,57681.339
20690.000,57602.215
20691.000,57602.215
20692.000,57602.215
20693.000,57602.215
20694.000,57602.215
20695.000,57602.215
20696.000,57602.215
20697.000,57681.339
20698.000,57681.339
20699.000,57602.215
20700.000,57602.215
20701.000,57602.215
20702.000,57602.215
20703.000,57602.215
20704.000,57602.215
20705.000,57681.339
20706.000,57681.339
20707.000,57602.215
20708.000,57602.215
20709.000,57602.215
20710.000,57602.215
20711.000,57602.215
20712.000,57602.215
20713.000,57681.339
20714.000,57681.339
20715.000,57602.215
20716.000,57602.215
20717.000,57602.215
20718.000,57602.215
20719.000,57602.215
20720.000,57602.215
20721.000,57602.215
20722.000,57681.339
20723.000,57602.215
20724.000,57602.215
20725.000,57602.215
20726.000,57602.215
20727.000,57602.215
20728.000,57602.215
20729.000,57602.215
20730.000,57681.339
20731.000,57681.339
20732.000,57602.215
20733.000,57602.215
20734.000,57602.215
20735.000,57602.215
20736.000,57602.215
20737.000,57602.215
20738.000,57681.339
20739.000,57681.339
20740.000,57602.215
20741.000,57602.215
20742.000,57602.215
20743.000,57602.215
20744.000,57602.215
20745.000,57602.215
20746.000,57681.339
20747.000,57681.339
20748.000,57681.339
20749.000,57602.215
20750.000,57602.215
20751.000,57602.215
20752.000,57602.215
20753.000,57602.215
20754.000,57602.215
20755.000,57681.339
20756.000,57681.339
20757.000,57602.215
20758.000,57602.215
20759.000,57602.215
20760.000,57602.215
20761.000,57602.215
20762.000,57602.215
20763.000,57681.339
20764.000,57681.339
20765.000,57602.215
20766.000,57602.215
20767.000,57602.215
20768.000,57602.215
20769.000,57602.215
20770.000,57602.215
20771.000,57602.215
20772.000,57681.339
20773.000,57602.215
20774.000,57602.215
20775.000,57602.215
20776.000,57602.215
20777.000,57602.215
20778.000,57602.215
20779.000,57602.215
20780.000,57681.339
20781.000,57602.215
20782.000,57602.215
20783.000,57602.215
20784.000,57602.215
20785.000,57602.215
20786.000,57602.215
20787.000,57602.215
20788.000,57681.339
20789.000,57681.339
20790.000,57602.215
20791.000,57602.215
20792.000,57602.215
20793.000,57602.215
20794.000,57602.215
20795.000,57602.215
20796.000,57602.215
20797.000,57681.339
20798.000,57602.215
20799.000,57602.215
20800.000,57602.215
20801.000,57602.215
20802.000,57602.215
20803.000,57602.215
20804.000,57602.215
20805.000,57681.339
20806.000,57681.339
20807.000,57602.215
20808.000,57602.215
20809.000,57602.215
20810.000,57602.215
20811.000,57602.215
20812.000,57602.215
20813.000,57602.215
20814.000,57681.339
20815.000,57602.215
20816.000,57602.215
20817.000,57602.215
20818.000,57602.215
20819.000,57602.215
20820.000,57602.215
20821.000,57602.215
20822.000,57681.339
20823.000,57602.215
20824.000,57602.215
20825.000,57602.215
20826.000,57602.215
20827.000,57602.215
20828.000,57602.215
20829.000,57602.215
20830.000,57602.215
20831.000,57602.215
20832.000,57602.215
20833.000,57602.215
20834.000,57602.215
20835.000,57602.215
20836.000,57602.215
20837.000,57602.215
20838.000,57602.215
20839.000,57681.339
20840.000,57602.215
20841.000,57602.215
20842.000,57602.215
20843.000,57602.215
20844.000,57602.215
20845.000,57602.215
20846.000,57602.215
20847.000,57681.339
20848.000,57602.215
20849.000,57602.215
20850.000,57602.215
20851.000,57602.215
20852.000,57602.215
20853.000,57602.215
20854.000,57602.215
20855.000,57681.339
20856.000,57681.339
20857.000,57602.215
20858.000,57602.215
20859.000,57602.215
20860.000,57602.215
20861.000,57602.215
20862.000,57602.215
20863.000,57681.339
20864.000,57681.339
20865.000,57602.215
20866.000,57602.215
20867.000,57602.215
20868.000,57602.215
20869.000,57602.215
20870.000,57602.215
20871.000,57602.215
20872.000,57681.339
20873.000,57681.339
20874.000,57602.215
20875.000,57602.215
20876.000,57602.215
20877.000,57602.215
20878.000,57602.215
20879.000,57602.215
20880.000,57681.339
20881.000,57681.339
20882.000,57602.215
20883.000,57602.215
20884.000,57602.215
20885.000,57602.215
20886.000,57602.215
20887.000,57602.215
20888.000,57602.215
20889.000,57681.339
20890.000,57602.215
20891.000,57602.215
20892.000,57602.215
20893.000,57602.215
20894.000,57602.215
20895.000,57602.215
20896.000,57602.215
20897.000,57681.339
20898.000,57602.215
20899.000,57602.215
20900.000,57602.215
20901.000,57602.215
20902.000,57602.215
20903.000,57602.215
20904.000,57602.215
20905.000,57681.339
20906.000,57681.339
20907.000,57602.215
20908.000,57602.215
20909.000,57602.215
20910.000,57602.215
20911.000,57602.215
20912.000,57602.215
20913.000,57681.339
20914.000,57681.339
20915.000,57602.215
20916.000,57602.215
20917.000,57602.215
20918.000,57602.215
20919.000,57602.215
20920.000,57602.215
20921.000,57602.215
20922.000,57681.339
20923.000,57602.215
20924.000,57602.215
20925.000,57602.215
20926.000,57602.215
20927.000,57602.215
20928.000,57602.215
20929.000,57602.215
20930.000,57681.339
20931.000,57681.339
20932.000,57602.215
20933.000,57602.215
20934.000,57602.215
20935.000,57602.215
20936.000,57602.215
20937.000,57602.215
20938.000,57681.339
20939.000,57681.339
20940.000,57602.215
20941.000,57602.215
20942.000,57602.215
20943.000,57602.215
20944.000,57602.215
20945.000,57602.215
20946.000,57681.339
20947.000,57681.339
20948.000,57681.339
20949.000,57602.215
20950.000,57602.215
20951.000,57602.215
20952.000,57602.215
20953.000,57602.215
20954.000,57602.215
20955.000,57681.339
20956.000,57681.339
20957.000,57602.215
20958.000,57602.215
20959.000,57602.215
20960.000,57602.215
20961.000,57602.215
20962.000,57602.215
20963.000,57681.339
20964.000,57681.339
20965.000,57602.215
20966.000,57602.215
20967.000,57602.215
20968.000,57602.215
20969.000,57602.215
20970.000,57602.215
20971.000,57602.215
20972.000,57681.339
20973.000,57602.215
20974.000,57602.215
20975.000,57602.215
20976.000,57602.215
20977.000,57602.215
20978.000,57602.215
20979.000,57602.215
20980.000,57681.339
20981.000,57681.339
20982.000,57602.215
20983.000,57602.215
20984.000,57602.215
20985.000,57602.215
20986.000,57602.215
20987.000,57602.215
20988.000,57681.339
20989.000,57681.339
20990.000,57602.215
20991.000,57602.215
20992.000,57602.215
20993.000,57602.215
20994.000,57602.215
20995.000,57602.215
20996.000,57681.339
20997.000,57681.339
20998.000,57681.339
20999.000,57602.215
21000.000,57602.215
21001.000,57602.215
21002.000,57602.215
21003.000,57602.215
21004.000,57602.215
21005.000,57681.339
21006.000,57681.339
21007.000,57602.215
21008.000,57602.215
21009.000,57602.215
21010.000,57602.215
21011.000,57602.215
21012.000,57602.215
21013.000,57602.215
21014.000,57681.339
21015.000,57681.339
21016.000,57602.215
21017.000,57602.215
21018.000,57602.215
21019.000,57602.215
21020.000,57602.215
21021.000,57602.215
21022.000,57602.215
21023.000,57681.339
21024.000,57602.215
21025.000,57602.215
21026.000,57602.215
21027.000,57602.215
21028.000,57602.215
21029.000,57602.215
21030.000,57602.215
21031.000,57602.215
21032.000,57602.215
21033.000,57602.215
21034.000,57602.215
21035.000,57602.215
21036.000,57602.215
21037.000,57602.215
21038.000,57681.339
21039.000,57681.339
21040.000,57602.215
21041.000,57602.215
21042.000,57602.215
21043.000,57602.215
21044.000,57602.215
21045.000,57602.215
21046.000,57602.215
21047.000,57681.339
21048.000,57681.339
21049.000,57602.215
21050.000,57602.215
21051.000,57602.215
21052.000,57602.215
21053.000,57602.215
21054.000,57602.215
21055.000,57681.339
21056.000,57681.339
21057.000,57602.215
21058.000,57602.215
21059.000,57602.215
21060.000,57602.215
21061.000,57602.215
21062.000,57602.215
21063.000,57681.339
21064.000,57681.339
21065.000,57681.339
21066.000,57602.215
21067.000,57602.215
21068.000,57602.215
21069.000,57602.215
21070.000,57602.215
21071.000,57602.215
21072.000,57681.339
21073.000,57681.339
21074.000,57602.215
21075.000,57602.215
21076.000,57602.215
21077.000,57602.215
21078.000,57602.215
21079.000,57602.215
21080.000,57681.339
21081.000,57681.339
21082.000,57602.215
21083.000,57602.215
21084.000,57602.215
21085.000,57602.215
21086.000,57602.215
21087.000,57602.215
21088.000,57602.215
21089.000,57681.339
21090.000,57602.215
21091.000,57602.215
21092.000,57602.215
21093.000,57602.215
21094.000,57602.215
21095.000,57602.215
21096.000,57602.215
21097.000,57681.339
21098.000,57602.215
21099.000,57602.215
21100.000,57602.215
21101.000,57602.215
21102.000,57602.215
21103.000,57602.215
21104.000,57602.215
21105.000,57681.339
21106.000,57681.339
21107.000,57602.215
21108.000,57602.215
21109.000,57602.215
21110.000,57602.215
21111.000,57602.215
21112.000,57602.215
21113.000,57602.215
21114.000,57681.339
21115.000,57602.215
21116.000,57602.215
21117.000,57602.215
21118.000,57602.215
21119.000,57602.215
21120.000,57602.215
21121.000,57602.215
21122.000,57681.339
21123.000,57681.339
21124.000,57602.215
21125.000,57602.215
21126.000,57602.215
21127.000,57602.215
21128.000,57602.215
21129.000,57602.215
21130.000,57602.215
21131.000,57681.339
21132.000,57602.215
21133.000,57602.215
21134.000,57602.215
21135.000,57602.215
21136.000,57602.215
21137.000,57602.215
21138.000,57602.215
21139.000,57681.339
21140.000,57602.215
21141.000,57602.215
21142.000,57602.215
21143.000,57602.215
21144.000,57602.215
21145.000,57602.215
21146.000,57602.215
21147.000,57681.339
21148.000,57602.215
21149.000,57602.215
21150.000,57602.215
21151.000,57602.215
21152.000,57602.215
21153.000,57602.215
21154.000,57602.215
21155.000,57681.339
21156.000,57681.339
21157.000,57602.215
21158.000,57602.215
21159.000,57602.215
21160.000,57602.215
21161.000,57602.215
21162.000,57602.215
21163.000,57602.215
21164.000,57681.339
21165.000,57681.339
21166.000,57602.215
21167.000,57602.215
21168.000,57602.215
21169.000,57602.215
21170.000,57602.215
21171.000,57602.215
21172.000,57681.339
21173.000,57602.215
21174.000,57602.215
21175.000,57602.215
21176.000,57602.215
21177.000,57602.215
21178.000,57602.215
21179.000,57602.215
21180.000,57602.215
21181.000,57681.339
21182.000,57602.215
21183.000,57602.215
21184.000,57602.215
21185.000,57602.215
21186.000,57602.215
21187.000,57602.215
21188.000,57602.215
21189.000,57681.339
21190.000,57602.215
21191.000,57602.215
21192.000,57602.215
21193.000,57602.215
21194.000,57602.215
21195.000,57602.215
21196.000,57602.215
21197.000,57681.339
21198.000,57602.215
21199.000,57602.215
21200.000,57602.215
21201.000,57602.215
21202.000,57602.215
21203.000,57602.215
21204.000,57602.215
21205.000,57681.339
21206.000,57681.339
21207.000,57602.215
21208.000,57602.215
21209.000,57602.215
21210.000,57602.215
21211.000,57602.215
21212.000,57602.215
21213.000,57681.339
21214.000,57681.339
21215.000,57602.215
21216.000,57602.215
21217.000,57602.215
21218.000,57602.215
21219.000,57602.215
21220.000,57602.215
21221.000,57602.215
21222.000,57681.339
21223.000,57681.339
21224.000,57602.215
21225.000,57602.215
21226.000,57602.215
21227.000,57602.215
21228.000,57602.215
21229.000,57602.215
21230.000,57602.215
21231.000,57681.339
21232.000,57602.215
21233.000,57602.215
21234.000,57602.215
21235.000,57602.215
21236.000,57602.215
21237.000,57602.215
21238.000,57602.215
21239.000,57602.215
21240.000,57602.215
21241.000,57602.215
21242.000,57602.215
21243.000,57602.215
21244.000,57602.215
21245.000,57602.215
21246.000,57602.215
21247.000,57602.215
21248.000,57602.215
21249.000,57602.215
21250.000,57602.215
21251.000,57602.215
21252.000,57602.215
21253.000,57602.215
21254.000,57602.215
21255.000,57602.215
21256.000,57602.215
21257.000,57602.215
21258.000,57602.215
21259.000,57602.215
21260.000,57602.215
21261.000,57602.215
21262.000,57602.215
21263.000,57602.215
21264.000,57681.339
21265.000,57602.215
21266.000,57602.215
21267.000,57602.215
21268.000,57602.215
21269.000,57602.215
21270.000,57602.215
21271.000,57602.215
21272.000,57681.339
21273.000,57681.339
21274.000,57602.215
21275.000,57602.215
21276.000,57602.215
21277.000,57602.215
21278.000,57602.215
21279.000,57602.215
21280.000,57681.339
21281.000,57681.339
21282.000,57602.215
21283.000,57602.215
21284.000,57602.215
21285.000,57602.215
21286.000,57602.215
21287.000,57602.215
21288.000,57602.215
21289.000,57681.339
21290.000,57602.215
21291.000,57602.215
21292.000,57602.215
21293.000,57602.215
21294.000,57602.215
21295.000,57602.215
21296.000,57602.215
21297.000,57681.339
21298.000,57602.215
21299.000,57602.215
21300.000,57602.215
21301.000,57602.215
21302.000,57602.215
21303.000,57602.215
21304.000,57602.215
21305.000,57681.339
21306.000,57602.215
21307.000,57602.215
21308.000,57602.215
21309.000,57602.215
21310.000,57602.215
21311.000,57602.215
21312.000,57602.215
21313.000,57681.339
21314.000,57681.339
21315.000,57602.215
21316.000,57602.215
21317.000,57602.215
21318.000,57602.215
21319.000,57602.215
21320.000,57602.215
21321.000,57602.215
21322.000,57681.339
21323.000,57681.339
21324.000,57602.215
21325.000,57602.215
21326.000,57602.215
21327.000,57602.215
21328.000,57602.215
21329.000,57602.215
21330.000,57681.339
21331.000,57681.339
21332.000,57602.215
21333.000,57602.215
21334.000,57602.215
21335.000,57602.215
21336.000,57602.215
21337.000,57602.215
21338.000,57681.339
21339.000,57681.339
21340.000,57602.215
21341.000,57602.215
21342.000,57602.215
21343.000,57602.215
21344.000,57602.215
21345.000,57602.215
21346.000,57602.215
21347.000,57681.339
21348.000,57681.339
21349.000,57602.215
21350.000,57602.215
21351.000,57602.215
21352.000,57602.215
21353.000,57602.215
21354.000,57602.215
21355.000,57681.339
21356.000,57681.339
21357.000,57602.215
21358.000,57602.215
21359.000,57602.215
21360.000,57602.215
21361.000,57602.215
21362.000,57602.215
21363.000,57602.215
21364.000,57681.339
21365.000,57602.215
21366.000,57602.215
21367.000,57602.215
21368.000,57602.215
21369.000,57602.215
21370.000,57602.215
21371.000,57602.215
21372.000,57681.339
21373.000,57681.339
21374.000,57602.215
21375.000,57602.215
21376.000,57602.215
21377.000,57602.215
21378.000,57602.215
21379.000,57602.215
21380.000,57681.339
21381.000,57681.339
21382.000,57602.215
21383.000,57602.215
21384.000,57602.215
21385.000,57602.215
21386.000,57602.215
21387.000,57602.215
21388.000,57602.215
21389.000,57681.339
21390.000,57602.215
21391.000,57602.215
21392.000,57602.215
21393.000,57602.215
21394.000,57602.215
21395.000,57602.215
21396.000,57602.215
21397.000,57681.339
21398.000,57602.215
21399.000,57602.215
21400.000,57602.215
21401.000,57602.215
21402.000,57602.215
21403.000,57602.215
21404.000,57602.215
21405.000,57681.339
21406.000,57681.339
21407.000,57602.215
21408.000,57602.215
21409.000,57602.215
21410.000,57602.215
21411.000,57602.215
21412.000,57602.215
21413.000,57681.339
21414.000,57681.339
21415.000,57602.215
21416.000,57602.215
21417.000,57602.215
21418.000,57602.215
21419.000,57602.215
21420.000,57602.215
21421.000,57681.339
21422.000,57681.339
21423.000,57681.339
21424.000,57602.215
21425.000,57602.215
21426.000,57602.215
21427.000,57602.215
21428.000,57602.215
21429.000,57602.215
21430.000,57681.339
21431.000,57681.339
21432.000,57602.215
21433.000,57602.215
21434.000,57602.215
21435.000,57602.215
21436.000,57602.215
21437.000,57602.215
21438.000,57681.339
21439.000,57681.339
21440.000,57681.339
21441.000,57602.215
21442.000,57602.215
21443.000,57602.215
21444.000,57602.215
21445.000,57602.215
21446.000,57602.215
21447.000,57681.339
21448.000,57681.339
21449.000,57602.215
21450.000,57602.215
21451.000,57602.215
21452.000,57602.215
21453.000,57602.215
21454.000,57602.215
21455.000,57681.339
21456.000,57681.339
21457.000,57602.215
21458.000,57602.215
21459.000,57602.215
21460.000,57602.215
21461.000,57602.215
21462.000,57602.215
21463.000,57681.339
21464.000,57681.339
21465.000,57602.215
21466.000,57602.215
21467.000,57602.215
21468.000,57602.215
21469.000,57602.215
21470.000,57602.215
21471.000,57602.215
21472.000,57681.339
21473.000,57681.339
21474.000,57602.215
21475.000,57602.215
21476.000,57602.215
21477.000,57602.215
21478.000,57602.215
21479.000,57602.215
21480.000,57681.339
21481.000,57681.339
21482.000,57602.215
21483.000,57602.215
21484.000,57602.215
21485.000,57602.215
21486.000,57602.215
21487.000,57602.215
21488.000,57681.339
21489.000,57681.339
21490.000,57681.339
21491.000,57602.215
21492.000,57602.215
21493.000,57602.215
21494.000,57602.215
21495.000,57602.215
21496.000,57602.215
21497.000,57681.339
21498.000,57681.339
21499.000,57602.215
21500.000,57602.215
21501.000,57602.215
21502.000,57602.215
21503.000,57602.215
21504.000,57602.215
21505.000,57681.339
21506.000,57681.339
21507.000,57602.215
21508.000,57602.215
21509.000,57602.215
21510.000,57602.215
21511.000,57602.215
21512.000,57602.215
21513.000,57681.339
21514.000,57681.339
21515.000,57681.339
21516.000,57602.215
21517.000,57602.215
21518.000,57602.215
21519.000,57602.215
21520.000,57602.215
21521.000,57602.215
21522.000,57681.339
21523.000,57681.339
21524.000,57602.215
21525.000,57602.215
21526.000,57602.215
21527.000,57602.215
21528.000,57602.215
21529.000,57602.215
21530.000,57681.339
21531.000,57681.339
21532.000,57602.215
21533.000,57602.215
21534.000,57602.215
21535.000,57602.215
21536.000,57602.215
21537.000,57602.215
21538.000,57681.339
21539.000,57681.339
21540.000,57681.339
21541.000,57602.215
21542.000,57602.215
21543.000,57602.215
21544.000,57602.215
21545.000,57602.215
21546.000,57602.215
21547.000,57681.339
21548.000,57681.339
21549.000,57602.215
21550.000,57602.215
21551.000,57602.215
21552.000,57602.215
21553.000,57602.215
21554.000,57602.215
21555.000,57681.339
21556.000,57681.339
21557.000,57602.215
21558.000,57602.215
21559.000,57602.215
21560.000,57602.215
21561.000,57602.215
21562.000,57602.215
21563.000,57681.339
21564.000,57681.339
21565.000,57681.339
21566.000,57602.215
21567.000,57602.215
21568.000,57602.215
21569.000,57602.215
21570.000,57602.215
21571.000,57681.339
21572.000,57681.339
21573.000,57681.339
21574.000,57602.215
21575.000,57602.215
21576.000,57602.215
21577.000,57602.215
21578.000,57602.215
21579.000,57602.215
21580.000,57681.339
21581.000,57681.339
21582.000,57602.215
21583.000,57602.215
21584.000,57602.215
21585.000,57602.215
21586.000,57602.215
21587.000,57602.215
21588.000,57602.215
21589.000,57681.339
21590.000,57681.339
21591.000,57602.215
21592.000,57602.215
21593.000,57602.215
21594.000,57602.215
21595.000,57602.215
21596.000,57602.215
21597.000,57681.339
21598.000,57681.339
21599.000,57602.215
21600.000,57602.215
21601.000,57602.215
21602.000,57602.215
21603.000,57602.215
21604.000,57602.215
21605.000,57602.215
21606.000,57681.339
21607.000,57602.215
21608.000,57602.215
21609.000,57602.215
21610.000,57602.215
21611.000,57602.215
21612.000,57602.215
21613.000,57602.215
21614.000,57681.339
21615.000,57602.215
21616.000,57602.215
21617.000,57602.215
21618.000,57602.215
21619.000,57602.215
21620.000,57602.215
21621.000,57681.339
21622.000,57681.339
21623.000,57602.215
21624.000,57602.215
21625.000,57602.215
21626.000,57602.215
21627.000,57602.215
21628.000,57602.215
21629.000,57602.215
21630.000,57681.339
21631.000,57681.339
21632.000,57602.215
21633.000,57602.215
21634.000,57602.215
21635.000,57602.215
21636.000,57602.215
21637.000,57602.215
21638.000,57681.339
21639.000,57681.339
21640.000,57681.339
21641.000,57602.215
21642.000,57602.215
21643.000,57602.215
21644.000,57602.215
21645.000,57602.215
21646.000,57602.215
21647.000,57681.339
21648.000,57681.339
21649.000,57602.215
21650.000,57602.215
21651.000,57602.215
21652.000,57602.215
21653.000,57602.215
21654.000,57602.215
21655.000,57602.215
21656.000,57681.339
21657.000,57602.215
21658.000,57602.215
21659.000,57602.215
21660.000,57602.215
21661.000,57602.215
21662.000,57602.215
21663.000,57602.215
21664.000,57602.215
21665.000,57602.215
21666.000,57602.215
21667.000,57602.215
21668.000,57602.215
21669.000,57602.215
21670.000,57602.215
21671.000,57602.215
21672.000,57681.339
21673.000,57602.215
21674.000,57602.215
21675.000,57602.215
21676.000,57602.215
21677.000,57602.215
21678.000,57602.215
21679.000,57602.215
21680.000,57681.339
21681.000,57602.215
21682.000,57602.215
21683.000,57602.215
21684.000,57602.215
21685.000,57602.215
21686.000,57602.215
21687.000,57602.215
21688.000,57681.339
21689.000,57681.339
21690.000,57602.215
21691.000,57602.215
21692.000,57602.215
21693.000,57602.215
21694.000,57602.215
21695.000,57602.215
21696.000,57681.339
21697.000,57681.339
21698.000,57681.339
21699.000,57602.215
21700.000,57602.215
21701.000,57602.215
21702.000,57602.215
21703.000,57602.215
21704.000,57602.215
21705.000,57681.339
21706.000,57681.339
21707.000,57602.215
21708.000,57602.215
21709.000,57602.215
21710.000,57602.215
21711.000,57602.215
21712.000,57602.215
21713.000,57681.339
21714.000,57681.339
21715.000,57602.215
21716.000,57602.215
21717.000,57602.215
21718.000,57602.215
21719.000,57602.215
21720.000,57602.215
21721.000,57602.215
21722.000,57681.339
21723.000,57602.215
21724.000,57602.215
21725.000,57602.215
21726.000,57602.215
21727.000,57602.215
21728.000,57602.215
21729.000,57602.215
21730.000,57681.339
21731.000,57602.215
21732.000,57602.215
21733.000,57602.215
21734.000,57602.215
21735.000,57602.215
21736.000,57602.215
21737.000,57602.215
21738.000,57602.215
21739.000,57602.215
21740.000,57602.215
21741.000,57602.215
21742.000,57602.215
21743.000,57602.215
21744.000,57602.215
21745.000,57602.215
21746.000,57602.215
21747.000,57681.339
21748.000,57602.215
21749.000,57602.215
21750.000,57602.215
21751.000,57602.215
21752.000,57602.215
21753.000,57602.215
21754.000,57602.215
21755.000,57681.339
21756.000,57681.339
21757.000,57602.215
21758.000,57602.215
21759.000,57602.215
21760.000,57602.215
21761.000,57602.215
21762.000,57602.215
21763.000,57681.339
21764.000,57681.339
21765.000,57602.215
21766.000,57602.215
21767.000,57602.215
21768.000,57602.215
21769.000,57602.215
21770.000,57602.215
21771.000,57602.215
21772.000,57681.339
21773.000,57602.215
21774.000,57602.215
21775.000,57602.215
21776.000,57602.215
21777.000,57602.215
21778.000,57602.215
21779.000,57602.215
21780.000,57681.339
21781.000,57681.339
21782.000,57602.215
21783.000,57602.215
21784.000,57602.215
21785.000,57602.215
21786.000,57602.215
21787.000,57602.215
21788.000,57681.339
21789.000,57681.339
21790.000,57602.215
21791.000,57602.215
21792.000,57602.215
21793.000,57602.215
21794.000,57602.215
21795.000,57602.215
21796.000,57602.215
21797.000,57681.339
21798.000,57602.215
21799.000,57602.215
21800.000,57602.215
21801.000,57602.215
21802.000,57602.215
21803.000,57602.215
21804.000,57602.215
21805.000,57681.339
21806.000,57681.339
21807.000,57602.215
21808.000,57602.215
21809.000,57602.215
21810.000,57602.215
21811.000,57602.215
21812.000,57602.215
21813.000,57681.339
21814.000,57681.339
21815.000,57602.215
21816.000,57602.215
21817.000,57602.215
21818.000,57602.215
21819.000,57602.215
21820.000,57602.215
21821.000,57681.339
21822.000,57681.339
21823.000,57602.215
21824.000,57602.215
21825.000,57602.215
21826.000,57602.215
21827.000,57602.215
21828.000,57602.215
21829.000,57602.215
21830.000,57681.339
21831.000,57681.339
21832.000,57602.215
21833.000,57602.215
21834.000,57602.215
21835.000,57602.215
21836.000,57602.215
21837.000,57602.215
21838.000,57681.339
21839.000,57681.339
21840.000,57602.215
21841.000,57602.215
21842.000,57602.215
21843.000,57602.215
21844.000,57602.215
21845.000,57602.215
21846.000,57602.215
21847.000,57681.339
21848.000,57681.339
21849.000,57602.215
21850.000,57602.215
21851.000,57602.215
21852.000,57602.215
21853.000,57602.215
21854.000,57602.215
21855.000,57681.339
21856.000,57681.339
21857.000,57602.215
21858.000,57602.215
21859.000,57602.215
21860.000,57602.215
21861.000,57602.215
21862.000,57602.215
21863.000,57681.339
21864.000,57681.339
21865.000,57602.215
21866.000,57602.215
21867.000,57602.215
21868.000,57602.215
21869.000,57602.215
21870.000,57602.215
21871.000,57602.215
21872.000,57681.339
21873.000,57602.215
21874.000,57602.215
21875.000,57602.215
21876.000,57602.215
21877.000,57602.215
21878.000,57602.215
21879.000,57602.215
21880.000,57681.339
21881.000,57602.215
21882.000,57602.215
21883.000,57602.215
21884.000,57602.215
21885.000,57602.215
21886.000,57602.215
21887.000,57602.215
21888.000,57681.339
21889.000,57681.339
21890.000,57602.215
21891.000,57602.215
21892.000,57602.215
21893.000,57602.215
21894.000,57602.215
21895.000,57602.215
21896.000,57681.339
21897.000,57681.339
21898.000,57681.339
21899.000,57602.215
21900.000,57602.215
21901.000,57602.215
21902.000,57602.215
21903.000,57602.215
21904.000,57602.215
21905.000,57681.339
21906.000,57681.339
21907.000,57602.215
21908.000,57602.215
21909.000,57602.215
21910.000,57602.215
21911.000,57602.215
21912.000,57602.215
21913.000,57681.339
21914.000,57681.339
21915.000,57602.215
21916.000,57602.215
21917.000,57602.215
21918.000,57602.215
21919.000,57602.215
21920.000,57602.215
21921.000,57681.339
21922.000,57681.339
21923.000,57681.339
21924.000,57602.215
21925.000,57602.215
21926.000,57602.215
21927.000,57602.215
21928.000,57602.215
21929.000,57602.215
21930.000,57681.339
21931.000,57681.339
21932.000,57602.215
21933.000,57602.215
21934.000,57602.215
21935.000,57602.215
21936.000,57602.215
21937.000,57602.215
21938.000,57602.215
21939.000,57681.339
21940.000,57602.215
21941.000,57602.215
21942.000,57602.215
21943.000,57602.215
21944.000,57602.215
21945.000,57602.215
21946.000,57602.215
21947.000,57681.339
21948.000,57681.339
21949.000,57602.215
21950.000,57602.215
21951.000,57602.215
21952.000,57602.215
21953.000,57602.215
21954.000,57602.215
21955.000,57681.339
21956.000,57681.339
21957.000,57602.215
21958.000,57602.215
21959.000,57602.215
21960.000,57602.215
21961.000,57602.215
21962.000,57602.215
21963.000,57681.339
21964.000,57681.339
21965.000,57602.215
21966.000,57602.215
21967.000,57602.215
21968.000,57602.215
21969.000,57602.215
21970.000,57602.215
21971.000,57602.215
21972.000,57681.339
21973.000,57602.215
21974.000,57602.215
21975.000,57602.215
21976.000,57602.215
21977.000,57602.215
21978.000,57602.215
21979.000,57602.215
21980.000,57681.339
21981.000,57681.339
21982.000,57602.215
21983.000,57602.215
21984.000,57602.215
21985.000,57602.215
21986.000,57602.215
21987.000,57602.215
21988.000,57681.339
21989.000,57681.339
21990.000,57602.215
21991.000,57602.215
21992.000,57602.215
21993.000,57602.215
21994.000,57602.215
21995.000,57602.215
21996.000,57602.215
21997.000,57681.339
21998.000,57681.339
21999.000,57602.215
22000.000,57602.215
22001.000,57602.215
22002.000,57602.215
22003.000,57602.215
22004.000,57602.215
22005.000,57681.339
22006.000,57681.339
22007.000,57602.215
22008.000,57602.215
22009.000,57602.215
22010.000,57602.215
22011.000,57602.215
22012.000,57602.215
22013.000,57681.339
22014.000,57681.339
22015.000,57602.215
22016.000,57602.215
22017.000,57602.215
22018.000,57602.215
22019.000,57602.215
22020.000,57602.215
22021.000,57602.215
22022.000,57681.339
22023.000,57681.339
22024.000,57602.215
22025.000,57602.215
22026.000,57602.215
22027.000,57602.215
22028.000,57602.215
22029.000,57602.215
22030.000,57681.339
22031.000,57681.339
22032.000,57602.215
22033.000,57602.215
22034.000,57602.215
22035.000,57602.215
22036.000,57602.215
22037.000,57602.215
22038.000,57602.215
22039.000,57681.339
22040.000,57602.215
22041.000,57602.215
22042.000,57602.215
22043.000,57602.215
22044.000,57602.215
22045.000,57602.215
22046.000,57602.215
22047.000,57681.339
22048.000,57602.215
22049.000,57602.215
22050.000,57602.215
22051.000,57602.215
22052.000,57602.215
22053.000,57602.215
22054.000,57602.215
22055.000,57681.339
22056.000,57681.339
22057.000,57602.215
22058.000,57602.215
22059.000,57602.215
22060.000,57602.215
22061.000,57602.215
22062.000,57602.215
22063.000,57681.339
22064.000,57681.339
22065.000,57602.215
22066.000,57602.215
22067.000,57602.215
22068.000,57602.215
22069.000,57602.215
22070.000,57602.215
22071.000,57602.215
22072.000,57681.339
22073.000,57602.215
22074.000,57602.215
22075.000,57602.215
22076.000,57602.215
22077.000,57602.215
22078.000,57602.215
22079.000,57602.215
22080.000,57681.339
22081.000,57681.339
22082.000,57602.215
22083.000,57602.215
22084.000,57602.215
22085.000,57602.215
22086.000,57602.215
22087.000,57602.215
22088.000,57602.215
22089.000,57681.339
22090.000,57602.215
22091.000,57602.215
22092.000,57602.215
22093.000,57602.215
22094.000,57602.215
22095.000,57602.215
22096.000,57602.215
22097.000,57681.339
22098.000,57602.215
22099.000,57602.215
22100.000,57602.215
22101.000,57602.215
22102.000,57602.215
22103.000,57602.215
22104.000,57602.215
22105.000,57681.339
22106.000,57681.339
22107.000,57602.215
22108.000,57602.215
22109.000,57602.215
22110.000,57602.215
22111.000,57602.215
22112.000,57602.215
22113.000,57602.215
22114.000,57681.339
22115.000,57602.215
22116.000,57602.215
22117.000,57602.215
22118.000,57602.215
22119.000,57602.215
22120.000,57602.215
22121.000,57602.215
22122.000,57681.339
22123.000,57602.215
22124.000,57602.215
22125.000,57602.215
22126.000,57602.215
22127.000,57602.215
22128.000,57602.215
22129.000,57602.215
22130.000,57602.215
22131.000,57681.339
22132.000,57602.215
22133.000,57602.215
22134.000,57602.215
22135.000,57602.215
22136.000,57602.215
22137.000,57602.215
22138.000,57602.215
22139.000,57602.215
22140.000,57602.215
22141.000,57602.215
22142.000,57602.215
22143.000,57602.215
22144.000,57602.215
22145.000,57602.215
22146.000,57602.215
22147.000,57602.215
22148.000,57602.215
22149.000,57602.215
22150.000,57602.215
22151.000,57602.215
22152.000,57602.215
22153.000,57602.215
22154.000,57602.215
22155.000,57602.215
22156.000,57602.215
22157.000,57602.215
22158.000,57602.215
22159.000,57602.215
22160.000,57602.215
22161.000,57602.215
22162.000,57602.215
22163.000,57681.339
22164.000,57602.215
22165.000,57602.215
22166.000,57602.215
22167.000,57602.215
22168.000,57602.215
22169.000,57602.215
22170.000,57602.215
22171.000,57681.339
22172.000,57681.339
22173.000,57602.215
22174.000,57602.215
22175.000,57602.215
22176.000,57602.215
22177.000,57602.215
22178.000,57602.215
22179.000,57602.215
22180.000,57681.339
22181.000,57681.339
22182.000,57602.215
22183.000,57602.215
22184.000,57602.215
22185.000,57602.215
22186.000,57602.215
22187.000,57602.215
22188.000,57681.339
22189.000,57681.339
22190.000,57602.215
22191.000,57602.215
22192.000,57602.215
22193.000,57602.215
22194.000,57602.215
22195.000,57602.215
22196.000,57602.215
22197.000,57681.339
22198.000,57681.339
22199.000,57602.215
22200.000,57602.215
22201.000,57602.215
22202.000,57602.215
22203.000,57602.215
22204.000,57602.215
22205.000,57602.215
22206.000,57602.215
22207.000,57602.215
22208.000,57602.215
22209.000,57602.215
22210.000,57602.215
22211.000,57602.215
22212.000,57602.215
22213.000,57602.215
22214.000,57602.215
22215.000,57602.215
22216.000,57602.215
22217.000,57602.215
22218.000,57602.215
22219.000,57602.215
22220.000,57602.215
22221.000,57602.215
22222.000,57681.339
22223.000,57602.215
22224.000,57602.215
22225.000,57602.215
22226.000,57602.215
22227.000,57602.215
22228.000,57602.215
22229.000,57602.215
22230.000,57602.215
22231.000,57602.215
22232.000,57602.215
22233.000,57602.215
22234.000,57602.215
22235.000,57602.215
22236.000,57602.215
22237.000,57602.215
22238.000,57602.215
22239.000,57602.215
22240.000,57602.215
22241.000,57602.215
22242.000,57602.215
22243.000,57602.215
22244.000,57602.215
22245.000,57602.215
22246.000,57602.215
22247.000,57602.215
22248.000,57602.215
22249.000,57602.215
22250.000,57602.215
22251.000,57602.215
22252.000,57602.215
22253.000,57602.215
22254.000,57602.215
22255.000,57602.215
22256.000,57602.215
22257.000,57602.215
22258.000,57602.215
22259.000,57602.215
22260.000,57602.215
22261.000,57602.215
22262.000,57602.215
22263.000,57602.215
22264.000,57602.215
22265.000,57602.215
22266.000,57602.215
22267.000,57602.215
22268.000,57602.215
22269.000,57602.215
22270.000,57602.215
22271.000,57681.339
22272.000,57681.339
22273.000,57602.215
22274.000,57602.215
22275.000,57602.215
22276.000,57602.215
22277.000,57602.215
22278.000,57602.215
22279.000,57681.339
22280.000,57681.339
22281.000,57681.339
22282.000,57602.215
22283.000,57602.215
22284.000,57602.215
22285.000,57602.215
22286.000,57602.215
22287.000,57602.215
22288.000,57681.339
22289.000,57681.339
22290.000,57602.215
22291.000,57602.215
22292.000,57602.215
22293.000,57602.215
22294.000,57602.215
22295.000,57602.215
22296.000,57602.215
22297.000,57681.339
22298.000,57602.215
22299.000,57602.215
22300.000,57602.215
22301.000,57602.215
22302.000,57602.215
22303.000,57602.215
22304.000,57602.215
22305.000,57681.339
22306.000,57681.339
22307.000,57602.215
22308.000,57602.215
22309.000,57602.215
22310.000,57602.215
22311.000,57602.215
22312.000,57602.215
22313.000,57602.215
22314.000,57681.339
22315.000,57602.215
22316.000,57602.215
22317.000,57602.215
22318.000,57602.215
22319.000,57602.215
22320.000,57602.215
22321.000,57602.215
22322.000,57681.339
22323.000,57602.215
22324.000,57602.215
22325.000,57602.215
22326.000,57602.215
22327.000,57602.215
22328.000,57602.215
22329.000,57602.215
22330.000,57681.339
22331.000,57681.339
22332.000,57602.215
22333.000,57602.215
22334.000,57602.215
22335.000,57602.215
22336.000,57602.215
22337.000,57602.215
22338.000,57602.215
22339.000,57681.339
22340.000,57602.215
22341.000,57602.215
22342.000,57602.215
22343.000,57602.215
22344.000,57602.215
22345.000,57602.215
22346.000,57602.215
22347.000,57602.215
22348.000,57602.215
22349.000,57602.215
22350.000,57602.215
22351.000,57602.215
22352.000,57602.215
22353.000,57602.215
22354.000,57602.215
22355.000,57602.215
22356.000,57602.215
22357.000,57602.215
22358.000,57602.215
22359.000,57602.215
22360.000,57602.215
22361.000,57602.215
22362.000,57602.215
22363.000,57602.215
22364.000,57681.339
22365.000,57602.215
22366.000,57602.215
22367.000,57602.215
22368.000,57602.215
22369.000,57602.215
22370.000,57602.215
22371.000,57602.215
22372.000,57681.339
22373.000,57681.339
22374.000,57602.215
22375.000,57602.215
22376.000,57602.215
22377.000,57602.215
22378.000,57602.215
22379.000,57602.215
22380.000,57681.339
22381.000,57681.339
22382.000,57602.215
22383.000,57602.215
22384.000,57602.215
22385.000,57602.215
22386.000,57602.215
22387.000,57602.215
22388.000,57681.339
22389.000,57681.339
22390.000,57602.215
22391.000,57602.215
22392.000,57602.215
22393.000,57602.215
22394.000,57602.215
22395.000,57602.215
22396.000,57602.215
22397.000,57681.339
22398.000,57602.215
22399.000,57602.215
22400.000,57602.215
22401.000,57602.215
22402.000,57602.215
22403.000,57602.215
22404.000,57602.215
22405.000,57681.339
22406.000,57681.339
22407.000,57602.215
22408.000,57602.215
22409.000,57602.215
22410.000,57602.215
22411.000,57602.215
22412.000,57602.215
22413.000,57602.215
22414.000,57681.339
22415.000,57602.215
22416.000,57602.215
22417.000,57602.215
22418.000,57602.215
22419.000,57602.215
22420.000,57602.215
22421.000,57602.215
22422.000,57681.339
22423.000,57681.339
22424.000,57602.215
22425.000,57602.215
22426.000,57602.215
22427.000,57602.215
22428.000,57602.215
22429.000,57602.215
22430.000,57681.339
22431.000,57681.339
22432.000,57602.215
22433.000,57602.215
22434.000,57602.215
22435.000,57602.215
22436.000,57602.215
22437.000,57602.215
22438.000,57602.215
22439.000,57681.339
22440.000,57602.215
22441.000,57602.215
22442.000,57602.215
22443.000,57602.215
22444.000,57602.215
22445.000,57602.215
22446.000,57602.215
22447.000,57602.215
22448.000,57602.215
22449.000,57602.215
22450.000,57602.215
22451.000,57602.215
22452.000,57602.215
22453.000,57602.215
22454.000,57602.215
22455.000,57602.215
22456.000,57602.215
22457.000,57602.215
22458.000,57602.215
22459.000,57602.215
22460.000,57602.215
22461.000,57602.215
22462.000,57602.215
22463.000,57602.215
22464.000,57681.339
22465.000,57602.215
22466.000,57602.215
22467.000,57602.215
22468.000,57602.215
22469.000,57602.215
22470.000,57602.215
22471.000,57602.215
22472.000,57681.339
22473.000,57602.215
22474.000,57602.215
22475.000,57602.215
22476.000,57602.215
22477.000,57602.215
22478.000,57602.215
22479.000,57602.215
22480.000,57681.339
22481.000,57681.339
22482.000,57602.215
22483.000,57602.215
22484.000,57602.215
22485.000,57602.215
22486.000,57602.215
22487.000,57602.215
22488.000,57681.339
22489.000,57681.339
22490.000,57602.215
22491.000,57602.215
22492.000,57602.215
22493.000,57602.215
22494.000,57602.215
22495.000,57602.215
22496.000,57602.215
22497.000,57681.339
22498.000,57681.339
22499.000,57602.215
22500.000,57602.215
22501.000,57602.215
22502.000,57602.215
22503.000,57602.215
22504.000,57602.215
22505.000,57602.215
22506.000,57602.215
22507.000,57602.215
22508.000,57602.215
22509.000,57602.215
22510.000,57602.215
22511.000,57602.215
22512.000,57602.215
22513.000,57602.215
22514.000,57681.339
22515.000,57602.215
22516.000,57602.215
22517.000,57602.215
22518.000,57602.215
22519.000,57602.215
22520.000,57602.215
22521.000,57602.215
22522.000,57602.215
22523.000,57602.215
22524.000,57602.215
22525.000,57602.215
22526.000,57602.215
22527.000,57602.215
22528.000,57602.215
22529.000,57602.215
22530.000,57602.215
22531.000,57681.339
22532.000,57602.215
22533.000,57602.215
22534.000,57602.215
22535.000,57602.215
22536.000,57602.215
22537.000,57602.215
22538.000,57602.215
22539.000,57681.339
22540.000,57602.215
22541.000,57602.215
22542.000,57602.215
22543.000,57602.215
22544.000,57602.215
22545.000,57602.215
22546.000,57602.215
22547.000,57681.339
22548.000,57681.339
22549.000,57602.215
22550.000,57602.215
22551.000,57602.215
22552.000,57602.215
22553.000,57602.215
22554.000,57602.215
22555.000,57602.215
22556.000,57681.339
22557.000,57602.215
22558.000,57602.215
22559.000,57602.215
22560.000,57602.215
22561.000,57602.215
22562.000,57602.215
22563.000,57602.215
22564.000,57602.215
22565.000,57602.215
22566.000,57602.215
22567.000,57602.215
22568.000,57602.215
22569.000,57602.215
22570.000,57602.215
22571.000,57602.215
22572.000,57602.215
22573.000,57602.215
22574.000,57602.215
22575.000,57602.215
22576.000,57602.215
22577.000,57602.215
22578.000,57602.215
22579.000,57602.215
22580.000,57602.215
22581.000,57602.215
22582.000,57602.215
22583.000,57602.215
22584.000,57602.215
22585.000,57602.215
22586.000,57602.215
22587.000,57602.215
22588.000,57681.339
22589.000,57681.339
22590.000,57602.215
22591.000,57602.215
22592.000,57602.215
22593.000,57602.215
22594.000,57602.215
22595.000,57602.215
22596.000,57602.215
22597.000,57681.339
22598.000,57602.215
22599.000,57602.215
22600.000,57602.215
22601.000,57602.215
22602.000,57602.215
22603.000,57602.215
22604.000,57602.215
22605.000,57681.339
22606.000,57681.339
22607.000,57602.215
22608.000,57602.215
22609.000,57602.215
22610.000,57602.215
22611.000,57602.215
22612.000,57602.215
22613.000,57602.215
22614.000,57681.339
22615.000,57602.215
22616.000,57602.215
22617.000,57602.215
22618.000,57602.215
22619.000,57602.215
22620.000,57602.215
22621.000,57602.215
22622.000,57602.215
22623.000,57602.215
22624.000,57602.215
22625.000,57602.215
22626.000,57602.215
22627.000,57602.215
22628.000,57602.215
22629.000,57602.215
22630.000,57602.215
22631.000,57602.215
22632.000,57602.215
22633.000,57602.215
22634.000,57602.215
22635.000,57602.215
22636.000,57602.215
22637.000,57602.215
22638.000,57602.215
22639.000,57602.215
22640.000,57602.215
22641.000,57602.215
22642.000,57602.215
22643.000,57602.215
22644.000,57602.215
22645.000,57602.215
22646.000,57602.215
22647.000,57681.339
22648.000,57602.215
22649.000,57602.215
22650.000,57602.215
22651.000,57602.215
22652.000,57602.215
22653.000,57602.215
22654.000,57602.215
22655.000,57681.339
22656.000,57681.339
22657.000,57602.215
22658.000,57602.215
22659.000,57602.215
22660.000,57602.215
22661.000,57602.215
22662.000,57602.215
22663.000,57602.215
22664.000,57681.339
22665.000,57602.215
22666.000,57602.215
22667.000,57602.215
22668.000,57602.215
22669.000,57602.215
22670.000,57602.215
22671.000,57602.215
22672.000,57681.339
22673.000,57681.339
22674.000,57602.215
22675.000,57602.215
22676.000,57602.215
22677.000,57602.215
22678.000,57602.215
22679.000,57602.215
22680.000,57681.339
22681.000,57681.339
22682.000,57602.215
22683.000,57602.215
22684.000,57602.215
22685.000,57602.215
22686.000,57602.215
22687.000,57602.215
22688.000,57602.215
22689.000,57681.339
22690.000,57602.215
22691.000,57602.215
22692.000,57602.215
22693.000,57602.215
22694.000,57602.215
22695.000,57602.215
22696.000,57602.215
22697.000,57681.339
22698.000,57602.215
22699.000,57602.215
22700.000,57602.215
22701.000,57602.215
22702.000,57602.215
22703.000,57602.215
22704.000,57602.215
22705.000,57602.215
22706.000,57602.215
22707.000,57602.215
22708.000,57602.215
22709.000,57602.215
22710.000,57602.215
22711.000,57602.215
22712.000,57602.215
22713.000,57681.339
22714.000,57681.339
22715.000,57602.215
22716.000,57602.215
22717.000,57602.215
22718.000,57602.215
22719.000,57602.215
22720.000,57602.215
22721.000,57602.215
22722.000,57681.339
22723.000,57602.215
22724.000,57602.215
22725.000,57602.215
22726.000,57602.215
22727.000,57602.215
22728.000,57602.215
22729.000,57602.215
22730.000,57681.339
22731.000,57602.215
22732.000,57602.215
22733.000,57602.215
22734.000,57602.215
22735.000,57602.215
22736.000,57602.215
22737.000,57602.215
22738.000,57681.339
22739.000,57681.339
22740.000,57602.215
22741.000,57602.215
22742.000,57602.215
22743.000,57602.215
22744.000,57602.215
22745.000,57602.215
22746.000,57681.339
22747.000,57681.339
22748.000,57602.215
22749.000,57602.215
22750.000,57602.215
22751.000,57602.215
22752.000,57602.215
22753.000,57602.215
22754.000,57602.215
22755.000,57681.339
22756.000,57681.339
22757.000,57602.215
22758.000,57602.215
22759.000,57602.215
22760.000,57602.215
22761.000,57602.215
22762.000,57602.215
22763.000,57681.339
22764.000,57681.339
22765.000,57602.215
22766.000,57602.215
22767.000,57602.215
22768.000,57602.215
22769.000,57602.215
22770.000,57602.215
22771.000,57602.215
22772.000,57681.339
22773.000,57681.339
22774.000,57602.215
22775.000,57602.215
22776.000,57602.215
22777.000,57602.215
22778.000,57602.215
22779.000,57602.215
22780.000,57681.339
22781.000,57681.339
22782.000,57602.215
22783.000,57602.215
22784.000,57602.215
22785.000,57602.215
22786.000,57602.215
22787.000,57602.215
22788.000,57681.339
22789.000,57681.339
22790.000,57602.215
22791.000,57602.215
22792.000,57602.215
22793.000,57602.215
22794.000,57602.215
22795.000,57602.215
22796.000,57602.215
22797.000,57681.339
22798.000,57681.339
22799.000,57602.215
22800.000,57602.215
22801.000,57602.215
22802.000,57602.215
22803.000,57602.215
22804.000,57602.215
22805.000,57681.339
22806.000,57681.339
22807.000,57602.215
22808.000,57602.215
22809.000,57602.215
22810.000,57602.215
22811.000,57602.215
22812.000,57602.215
22813.000,57681.339
22814.000,57681.339
22815.000,57602.215
22816.000,57602.215
22817.000,57602.215
22818.000,57602.215
22819.000,57602.215
22820.000,57602.215
22821.000,57602.215
22822.000,57681.339
22823.000,57681.339
22824.000,57602.215
22825.000,57602.215
22826.000,57602.215
22827.000,57602.215
22828.000,57602.215
22829.000,57602.215
22830.000,57681.339
22831.000,57681.339
22832.000,57602.215
22833.000,57602.215
22834.000,57602.215
22835.000,57602.215
22836.000,57602.215
22837.000,57602.215
22838.000,57681.339
22839.000,57681.339
22840.000,57602.215
22841.000,57602.215
22842.000,57602.215
22843.000,57602.215
22844.000,57602.215
22845.000,57602.215
22846.000,57681.339
22847.000,57681.339
22848.000,57681.339
22849.000,57602.215
22850.000,57602.215
22851.000,57602.215
22852.000,57602.215
22853.000,57602.215
22854.000,57602.215
22855.000,57681.339
22856.000,57681.339
22857.000,57602.215
22858.000,57602.215
22859.000,57602.215
22860.000,57602.215
22861.000,57602.215
22862.000,57602.215
22863.000,57602.215
22864.000,57681.339
22865.000,57602.215
22866.000,57602.215
22867.000,57602.215
22868.000,57602.215
22869.000,57602.215
22870.000,57602.215
22871.000,57602.215
22872.000,57602.215
22873.000,57602.215
22874.000,57602.215
22875.000,57602.215
22876.000,57602.215
22877.000,57602.215
22878.000,57602.215
22879.000,57602.215
22880.000,57681.339
22881.000,57602.215
22882.000,57602.215
22883.000,57602.215
22884.000,57602.215
22885.000,57602.215
22886.000,57602.215
22887.000,57602.215
22888.000,57602.215
22889.000,57681.339
22890.000,57602.215
22891.000,57602.215
22892.000,57602.215
22893.000,57602.215
22894.000,57602.215
22895.000,57602.215
22896.000,57602.215
22897.000,57681.339
22898.000,57602.215
22899.000,57602.215
22900.000,57602.215
22901.000,57602.215
22902.000,57602.215
22903.000,57602.215
22904.000,57602.215
22905.000,57681.339
22906.000,57681.339
22907.000,57602.215
22908.000,57602.215
22909.000,57602.215
22910.000,57602.215
22911.000,57602.215
22912.000,57602.215
22913.000,57681.339
22914.000,57681.339
22915.000,57602.215
22916.000,57602.215
22917.000,57602.215
22918.000,57602.215
22919.000,57602.215
22920.000,57602.215
22921.000,57602.215
22922.000,57681.339
22923.000,57681.339
22924.000,57602.215
22925.000,57602.215
22926.000,57602.215
22927.000,57602.215
22928.000,57602.215
22929.000,57602.215
22930.000,57681.339
22931.000,57681.339
22932.000,57602.215
22933.000,57602.215
22934.000,57602.215
22935.000,57602.215
22936.000,57602.215
22937.000,57602.215
22938.000,57681.339
22939.000,57681.339
22940.000,57602.215
22941.000,57602.215
22942.000,57602.215
22943.000,57602.215
22944.000,57602.215
22945.000,57602.215
22946.000,57602.215
22947.000,57681.339
22948.000,57681.339
22949.000,57602.215
22950.000,57602.215
22951.000,57602.215
22952.000,57602.215
22953.000,57602.215
22954.000,57602.215
22955.000,57681.339
22956.000,57681.339
22957.000,57602.215
22958.000,57602.215
22959.000,57602.215
22960.000,57602.215
22961.000,57602.215
22962.000,57602.215
22963.000,57681.339
22964.000,57681.339
22965.000,57602.215
22966.000,57602.215
22967.000,57602.215
22968.000,57602.215
22969.000,57602.215
22970.000,57602.215
22971.000,57602.215
22972.000,57681.339
22973.000,57681.339
22974.000,57602.215
22975.000,57602.215
22976.000,57602.215
22977.000,57602.215
22978.000,57602.215
22979.000,57602.215
22980.000,57602.215
22981.000,57681.339
22982.000,57602.215
22983.000,57602.215
22984.000,57602.215
22985.000,57602.215
22986.000,57602.215
22987.000,57602.215
22988.000,57602.215
22989.000,57681.339
22990.000,57602.215
22991.000,57602.215
22992.000,57602.215
22993.000,57602.215
22994.000,57602.215
22995.000,57602.215
22996.000,57602.215
22997.000,57602.215
22998.000,57602.215
22999.000,57602.215
23000.000,57602.215
23001.000,57602.215
23002.000,57602.215
23003.000,57602.215
23004.000,57602.215
23005.000,57681.339
23006.000,57602.215
23007.000,57602.215
23008.000,57602.215
23009.000,57602.215
23010.000,57602.215
23011.000,57602.215
23012.000,57602.215
23013.000,57681.339
23014.000,57681.339
23015.000,57602.215
23016.000,57602.215
23017.000,57602.215
23018.000,57602.215
23019.000,57602.215
23020.000,57602.215
23021.000,57602.215
23022.000,57681.339
23023.000,57681.339
23024.000,57602.215
23025.000,57602.215
23026.000,57602.215
23027.000,57602.215
23028.000,57602.215
23029.000,57602.215
23030.000,57681.339
23031.000,57681.339
23032.000,57602.215
23033.000,57602.215
23034.000,57602.215
23035.000,57602.215
23036.000,57602.215
23037.000,57602.215
23038.000,57602.215
23039.000,57681.339
23040.000,57602.215
23041.000,57602.215
23042.000,57602.215
23043.000,57602.215
23044.000,57602.215
23045.000,57602.215
23046.000,57602.215
23047.000,57681.339
23048.000,57602.215
23049.000,57602.215
23050.000,57602.215
23051.000,57602.215
23052.000,57602.215
23053.000,57602.215
23054.000,57602.215
23055.000,57681.339
23056.000,57602.215
23057.000,57602.215
23058.000,57602.215
23059.000,57602.215
23060.000,57602.215
23061.000,57602.215
23062.000,57602.215
23063.000,57681.339
23064.000,57681.339
23065.000,57602.215
23066.000,57602.215
23067.000,57602.215
23068.000,57602.215
23069.000,57602.215
23070.000,57602.215
23071.000,57602.215
23072.000,57681.339
23073.000,57602.215
23074.000,57602.215
23075.000,57602.215
23076.000,57602.215
23077.000,57602.215
23078.000,57602.215
23079.000,57602.215
23080.000,57681.339
23081.000,57602.215
23082.000,57602.215
23083.000,57602.215
23084.000,57602.215
23085.000,57602.215
23086.000,57602.215
23087.000,57602.215
23088.000,57602.215
23089.000,57681.339
23090.000,57602.215
23091.000,57602.215
23092.000,57602.215
23093.000,57602.215
23094.000,57602.215
23095.000,57602.215
23096.000,57602.215
23097.000,57681.339
23098.000,57602.215
23099.000,57602.215
23100.000,57602.215
23101.000,57602.215
23102.000,57602.215
23103.000,57602.215
23104.000,57602.215
23105.000,57681.339
23106.000,57602.215
23107.000,57602.215
23108.000,57602.215
23109.000,57602.215
23110.000,57602.215
23111.000,57602.215
23112.000,57602.215
23113.000,57681.339
23114.000,57681.339
23115.000,57602.215
23116.000,57602.215
23117.000,57602.215
23118.000,57602.215
23119.000,57602.215
23120.000,57602.215
23121.000,57681.339
23122.000,57681.339
23123.000,57602.215
23124.000,57602.215
23125.000,57602.215
23126.000,57602.215
23127.000,57602.215
23128.000,57602.215
23129.000,57602.215
23130.000,57681.339
23131.000,57681.339
23132.000,57602.215
23133.000,57602.215
23134.000,57602.215
23135.000,57602.215
23136.000,57602.215
23137.000,57602.215
23138.000,57681.339
23139.000,57681.339
23140.000,57602.215
23141.000,57602.215
23142.000,57602.215
23143.000,57602.215
23144.000,57602.215
23145.000,57602.215
23146.000,57602.215
23147.000,57681.339
23148.000,57602.215
23149.000,57602.215
23150.000,57602.215
23151.000,57602.215
23152.000,57602.215
23153.000,57602.215
23154.000,57602.215
23155.000,57681.339
23156.000,57681.339
23157.000,57602.215
23158.000,57602.215
23159.000,57602.215
23160.000,57602.215
23161.000,57602.215
23162.000,57602.215
23163.000,57681.339
23164.000,57681.339
23165.000,57602.215
23166.000,57602.215
23167.000,57602.215
23168.000,57602.215
23169.000,57602.215
23170.000,57602.215
23171.000,57602.215
23172.000,57681.339
23173.000,57602.215
23174.000,57602.215
23175.000,57602.215
23176.000,57602.215
23177.000,57602.215
23178.000,57602.215
23179.000,57602.215
23180.000,57681.339
23181.000,57602.215
23182.000,57602.215
23183.000,57602.215
23184.000,57602.215
23185.000,57602.215
23186.000,57602.215
23187.000,57602.215
23188.000,57681.339
23189.000,57681.339
23190.000,57602.215
23191.000,57602.215
23192.000,57602.215
23193.000,57602.215
23194.000,57602.215
23195.000,57602.215
23196.000,57681.339
23197.000,57681.339
23198.000,57602.215
23199.000,57602.215
23200.000,57602.215
23201.000,57602.215
23202.000,57602.215
23203.000,57602.215
23204.000,57602.215
23205.000,57681.339
23206.000,57681.339
23207.000,57602.215
23208.000,57602.215
23209.000,57602.215
23210.000,57602.215
23211.000,57602.215
23212.000,57602.215
23213.000,57681.339
23214.000,57681.339
23215.000,57602.215
23216.000,57602.215
23217.000,57602.215
23218.000,57602.215
23219.000,57602.215
23220.000,57602.215
23221.000,57602.215
23222.000,57681.339
23223.000,57602.215
23224.000,57602.215
23225.000,57602.215
23226.000,57602.215
23227.000,57602.215
23228.000,57602.215
23229.000,57602.215
23230.000,57681.339
23231.000,57681.339
23232.000,57602.215
23233.000,57602.215
23234.000,57602.215
23235.000,57602.215
23236.000,57602.215
23237.000,57602.215
23238.000,57602.215
23239.000,57681.339
23240.000,57602.215
23241.000,57602.215
23242.000,57602.215
23243.000,57602.215
23244.000,57602.215
23245.000,57602.215
23246.000,57602.215
23247.000,57681.339
23248.000,57602.215
23249.000,57602.215
23250.000,57602.215
23251.000,57602.215
23252.000,57602.215
23253.000,57602.215
23254.000,57602.215
23255.000,57681.339
23256.000,57681.339
23257.000,57602.215
23258.000,57602.215
23259.000,57602.215
23260.000,57602.215
23261.000,57602.215
23262.000,57602.215
23263.000,57681.339
23264.000,57681.339
23265.000,57602.215
23266.000,57602.215
23267.000,57602.215
23268.000,57602.215
23269.000,57602.215
23270.000,57602.215
23271.000,57602.215
23272.000,57681.339
23273.000,57602.215
23274.000,57602.215
23275.000,57602.215
23276.000,57602.215
23277.000,57602.215
23278.000,57602.215
23279.000,57602.215
23280.000,57681.339
23281.000,57602.215
23282.000,57602.215
23283.000,57602.215
23284.000,57602.215
23285.000,57602.215
23286.000,57602.215
23287.000,57602.215
23288.000,57602.215
23289.000,57681.339
23290.000,57602.215
23291.000,57602.215
23292.000,57602.215
23293.000,57602.215
23294.000,57602.215
23295.000,57602.215
23296.000,57602.215
23297.000,57681.339
23298.000,57602.215
23299.000,57602.215
23300.000,57602.215
23301.000,57602.215
23302.000,57602.215
23303.000,57602.215
23304.000,57602.215
23305.000,57681.339
23306.000,57681.339
23307.000,57602.215
23308.000,57602.215
23309.000,57602.215
23310.000,57602.215
23311.000,57602.215
23312.000,57602.215
23313.000,57681.339
23314.000,57681.339
23315.000,57602.215
23316.000,57602.215
23317.000,57602.215
23318.000,57602.215
23319.000,57602.215
23320.000,57602.215
23321.000,57681.339
23322.000,57681.339
23323.000,57681.339
23324.000,57602.215
23325.000,57602.215
23326.000,57602.215
23327.000,57602.215
23328.000,57602.215
23329.000,57602.215
23330.000,57681.339
23331.000,57681.339
23332.000,57602.215
23333.000,57602.215
23334.000,57602.215
23335.000,57602.215
23336.000,57602.215
23337.000,57602.215
23338.000,57602.215
23339.000,57681.339
23340.000,57602.215
23341.000,57602.215
23342.000,57602.215
23343.000,57602.215
23344.000,57602.215
23345.000,57602.215
23346.000,57602.215
23347.000,57602.215
23348.000,57602.215
23349.000,57602.215
23350.000,57602.215
23351.000,57602.215
23352.000,57602.215
23353.000,57602.215
23354.000,57602.215
23355.000,57602.215
23356.000,57602.215
23357.000,57602.215
23358.000,57602.215
23359.000,57602.215
23360.000,57602.215
23361.000,57602.215
23362.000,57602.215
23363.000,57602.215
23364.000,57681.339
23365.000,57602.215
23366.000,57602.215
23367.000,57602.215
23368.000,57602.215
23369.000,57602.215
23370.000,57602.215
23371.000,57602.215
23372.000,57681.339
23373.000,57602.215
23374.000,57602.215
23375.000,57602.215
23376.000,57602.215
23377.000,57602.215
23378.000,57602.215
23379.000,57602.215
23380.000,57681.339
23381.000,57681.339
23382.000,57602.215
23383.000,57602.215
23384.000,57602.215
23385.000,57602.215
23386.000,57602.215
23387.000,57602.215
23388.000,57681.339
23389.000,57681.339
23390.000,57602.215
23391.000,57602.215
23392.000,57602.215
23393.000,57602.215
23394.000,57602.215
23395.000,57602.215
23396.000,57602.215
23397.000,57681.339
23398.000,57681.339
23399.000,57602.215
23400.000,57602.215
23401.000,57602.215
23402.000,57602.215
23403.000,57602.215
23404.000,57602.215
23405.000,57681.339
23406.000,57681.339
23407.000,57602.215
23408.000,57602.215
23409.000,57602.215
23410.000,57602.215
23411.000,57602.215
23412.000,57602.215
23413.000,57681.339
23414.000,57681.339
23415.000,57602.215
23416.000,57602.215
23417.000,57602.215
23418.000,57602.215
23419.000,57602.215
23420.000,57602.215
23421.000,57602.215
23422.000,57681.339
23423.000,57602.215
23424.000,57602.215
23425.000,57602.215
23426.000,57602.215
23427.000,57602.215
23428.000,57602.215
23429.000,57602.215
23430.000,57681.339
23431.000,57681.339
23432.000,57602.215
23433.000,57602.215
23434.000,57602.215
23435.000,57602.215
23436.000,57602.215
23437.000,57602.215
23438.000,57681.339
23439.000,57681.339
23440.000,57602.215
23441.000,57602.215
23442.000,57602.215
23443.000,57602.215
23444.000,57602.215
23445.000,57602.215
23446.000,57602.215
23447.000,57681.339
23448.000,57681.339
23449.000,57602.215
23450.000,57602.215
23451.000,57602.215
23452.000,57602.215
23453.000,57602.215
23454.000,57602.215
23455.000,57681.339
23456.000,57681.339
23457.000,57602.215
23458.000,57602.215
23459.000,57602.215
23460.000,57602.215
23461.000,57602.215
23462.000,57602.215
23463.000,57602.215
23464.000,57602.215
23465.000,57602.215
23466.000,57602.215
23467.000,57602.215
23468.000,57602.215
23469.000,57602.215
23470.000,57602.215
23471.000,57602.215
23472.000,57602.215
23473.000,57602.215
23474.000,57602.215
23475.000,57602.215
23476.000,57602.215
23477.000,57602.215
23478.000,57602.215
23479.000,57602.215
23480.000,57602.215
23481.000,57602.215
23482.000,57602.215
23483.000,57602.215
23484.000,57602.215
23485.000,57602.215
23486.000,57602.215
23487.000,57602.215
23488.000,57602.215
23489.000,57602.215
23490.000,57602.215
23491.000,57602.215
23492.000,57602.215
23493.000,57602.215
23494.000,57602.215
23495.000,57602.215
23496.000,57602.215
23497.000,57681.339
23498.000,57602.215
23499.000,57602.215
23500.000,57602.215
23501.000,57602.215
23502.000,57602.215
23503.000,57602.215
23504.000,57602.215
23505.000,57681.339
23506.000,57681.339
23507.000,57602.215
23508.000,57602.215
23509.000,57602.215
23510.000,57602.215
23511.000,57602.215
23512.000,57602.215
23513.000,57681.339
23514.000,57681.339
23515.000,57602.215
23516.000,57602.215
23517.000,57602.215
23518.000,57602.215
23519.000,57602.215
23520.000,57602.215
23521.000,57602.215
23522.000,57681.339
23523.000,57681.339
23524.000,57602.215
23525.000,57602.215
23526.000,57602.215
23527.000,57602.215
23528.000,57602.215
23529.000,57602.215
23530.000,57681.339
23531.000,57681.339
23532.000,57602.215
23533.000,57602.215
23534.000,57602.215
23535.000,57602.215
23536.000,57602.215
23537.000,57602.215
23538.000,57602.215
23539.000,57602.215
23540.000,57602.215
23541.000,57602.215
23542.000,57602.215
23543.000,57602.215
23544.000,57602.215
23545.000,57602.215
23546.000,57602.215
23547.000,57602.215
23548.000,57602.215
23549.000,57602.215
23550.000,57602.215
23551.000,57602.215
23552.000,57602.215
23553.000,57602.215
23554.000,57602.215
23555.000,57602.215
23556.000,57602.215
23557.000,57602.215
23558.000,57602.215
23559.000,57602.215
23560.000,57602.215
23561.000,57602.215
23562.000,57602.215
23563.000,57602.215
23564.000,57681.339
23565.000,57602.215
23566.000,57602.215
23567.000,57602.215
23568.000,57602.215
23569.000,57602.215
23570.000,57602.215
23571.000,57602.215
23572.000,57681.339
23573.000,57602.215
23574.000,57602.215
23575.000,57602.215
23576.000,57602.215
23577.000,57602.215
23578.000,57602.215
23579.000,57602.215
23580.000,57602.215
23581.000,57602.215
23582.000,57602.215
23583.000,57602.215
23584.000,57602.215
23585.000,57602.215
23586.000,57602.215
23587.000,57602.215
23588.000,57602.215
23589.000,57602.215
23590.000,57602.215
23591.000,57602.215
23592.000,57602.215
23593.000,57602.215
23594.000,57602.215
23595.000,57602.215
23596.000,57602.215
23597.000,57602.215
23598.000,57602.215
23599.000,57602.215
23600.000,57602.215
23601.000,57602.215
23602.000,57602.215
23603.000,57602.215
23604.000,57602.215
23605.000,57681.339
23606.000,57681.339
23607.000,57602.215
23608.000,57602.215
23609.000,57602.215
23610.000,57602.215
23611.000,57602.215
23612.000,57602.215
23613.000,57681.339
23614.000,57681.339
23615.000,57602.215
23616.000,57602.215
23617.000,57602.215
23618.000,57602.215
23619.000,57602.215
23620.000,57602.215
23621.000,57602.215
23622.000,57681.339
23623.000,57681.339
23624.000,57602.215
23625.000,57602.215
23626.000,57602.215
23627.000,57602.215
23628.000,57602.215
23629.000,57602.215
23630.000,57681.339
23631.000,57681.339
23632.000,57602.215
23633.000,57602.215
23634.000,57602.215
23635.000,57602.215
23636.000,57602.215
23637.000,57602.215
23638.000,57602.215
23639.000,57602.215
23640.000,57602.215
23641.000,57602.215
23642.000,57602.215
23643.000,57602.215
23644.000,57602.215
23645.000,57602.215
23646.000,57602.215
23647.000,57602.215
23648.000,57602.215
23649.000,57602.215
23650.000,57602.215
23651.000,57602.215
23652.000,57602.215
23653.000,57602.215
23654.000,57602.215
23655.000,57602.215
23656.000,57602.215
23657.000,57602.215
23658.000,57602.215
23659.000,57602.215
23660.000,57602.215
23661.000,57602.215
23662.000,57602.215
23663.000,57681.339
23664.000,57681.339
23665.000,57602.215
23666.000,57602.215
23667.000,57602.215
23668.000,57602.215
23669.000,57602.215
23670.000,57602.215
23671.000,57681.339
23672.000,57681.339
23673.000,57681.339
23674.000,57602.215
23675.000,57602.215
23676.000,57602.215
23677.000,57602.215
23678.000,57602.215
23679.000,57602.215
23680.000,57681.339
23681.000,57681.339
23682.000,57602.215
23683.000,57602.215
23684.000,57602.215
23685.000,57602.215
23686.000,57602.215
23687.000,57602.215
23688.000,57681.339
23689.000,57681.339
23690.000,57602.215
23691.000,57602.215
23692.000,57602.215
23693.000,57602.215
23694.000,57602.215
23695.000,57602.215
23696.000,57602.215
23697.000,57681.339
23698.000,57681.339
23699.000,57602.215
23700.000,57602.215
23701.000,57602.215
23702.000,57602.215
23703.000,57602.215
23704.000,57602.215
23705.000,57602.215
23706.000,57602.215
23707.000,57602.215
23708.000,57602.215
23709.000,57602.215
23710.000,57602.215
23711.000,57602.215
23712.000,57602.215
23713.000,57602.215
23714.000,57681.339
23715.000,57602.215
23716.000,57602.215
23717.000,57602.215
23718.000,57602.215
23719.000,57602.215
23720.000,57602.215
23721.000,57602.215
23722.000,57681.339
23723.000,57681.339
23724.000,57602.215
23725.000,57602.215
23726.000,57602.215
23727.000,57602.215
23728.000,57602.215
23729.000,57602.215
23730.000,57681.339
23731.000,57681.339
23732.000,57602.215
23733.000,57602.215
23734.000,57602.215
23735.000,57602.215
23736.000,57602.215
23737.000,57602.215
23738.000,57602.215
23739.000,57681.339
23740.000,57602.215
23741.000,57602.215
23742.000,57602.215
23743.000,57602.215
23744.000,57602.215
23745.000,57602.215
23746.000,57602.215
23747.000,57681.339
23748.000,57602.215
23749.000,57602.215
23750.000,57602.215
23751.000,57602.215
23752.000,57602.215
23753.000,57602.215
23754.000,57602.215
23755.000,57602.215
23756.000,57681.339
23757.000,57602.215
23758.000,57602.215
23759.000,57602.215
23760.000,57602.215
23761.000,57602.215
23762.000,57602.215
23763.000,57602.215
23764.000,57681.339
23765.000,57602.215
23766.000,57602.215
23767.000,57602.215
23768.000,57602.215
23769.000,57602.215
23770.000,57602.215
23771.000,57681.339
23772.000,57681.339
23773.000,57681.339
23774.000,57602.215
23775.000,57602.215
23776.000,57602.215
23777.000,57602.215
23778.000,57602.215
23779.000,57602.215
23780.000,57681.339
23781.000,57681.339
23782.000,57602.215
23783.000,57602.215
23784.000,57602.215
23785.000,57602.215
23786.000,57602.215
23787.000,57602.215
23788.000,57681.339
23789.000,57681.339
23790.000,57602.215
23791.000,57602.215
23792.000,57602.215
23793.000,57602.215
23794.000,57602.215
23795.000,57602.215
23796.000,57602.215
23797.000,57681.339
23798.000,57681.339
23799.000,57602.215
23800.000,57602.215
23801.000,57602.215
23802.000,57602.215
23803.000,57602.215
23804.000,57602.215
23805.000,57681.339
23806.000,57681.339
23807.000,57602.215
23808.000,57602.215
23809.000,57602.215
23810.000,57602.215
23811.000,57602.215
23812.000,57602.215
23813.000,57602.215
23814.000,57681.339
23815.000,57602.215
23816.000,57602.215
23817.000,57602.215
23818.000,57602.215
23819.000,57602.215
23820.000,57602.215
23821.000,57602.215
23822.000,57681.339
23823.000,57681.339
23824.000,57602.215
23825.000,57602.215
23826.000,57602.215
23827.000,57602.215
23828.000,57602.215
23829.000,57602.215
23830.000,57681.339
23831.000,57681.339
23832.000,57602.215
23833.000,57602.215
23834.000,57602.215
23835.000,57602.215
23836.000,57602.215
23837.000,57602.215
23838.000,57602.215
23839.000,57681.339
23840.000,57602.215
23841.000,57602.215
23842.000,57602.215
23843.000,57602.215
23844.000,57602.215
23845.000,57602.215
23846.000,57602.215
23847.000,57602.215
23848.000,57602.215
23849.000,57602.215
23850.000,57602.215
23851.000,57602.215
23852.000,57602.215
23853.000,57602.215
23854.000,57602.215
23855.000,57602.215
23856.000,57681.339
23857.000,57602.215
23858.000,57602.215
23859.000,57602.215
23860.000,57602.215
23861.000,57602.215
23862.000,57602.215
23863.000,57602.215
23864.000,57681.339
23865.000,57602.215
23866.000,57602.215
23867.000,57602.215
23868.000,57602.215
23869.000,57602.215
23870.000,57602.215
23871.000,57602.215
23872.000,57681.339
23873.000,57681.339
23874.000,57602.215
23875.000,57602.215
23876.000,57602.215
23877.000,57602.215
23878.000,57602.215
23879.000,57602.215
23880.000,57681.339
23881.000,57681.339
23882.000,57602.215
23883.000,57602.215
23884.000,57602.215
23885.000,57602.215
23886.000,57602.215
23887.000,57602.215
23888.000,57681.339
23889.000,57681.339
23890.000,57602.215
23891.000,57602.215
23892.000,57602.215
23893.000,57602.215
23894.000,57602.215
23895.000,57602.215
23896.000,57602.215
23897.000,57681.339
23898.000,57681.339
23899.000,57602.215
23900.000,57602.215
23901.000,57602.215
23902.000,57602.215
23903.000,57602.215
23904.000,57602.215
23905.000,57602.215
23906.000,57602.215
23907.000,57602.215
23908.000,57602.215
23909.000,57602.215
23910.000,57602.215
23911.000,57602.215
23912.000,57602.215
23913.000,57602.215
23914.000,57681.339
23915.000,57602.215
23916.000,57602.215
23917.000,57602.215
23918.000,57602.215
23919.000,57602.215
23920.000,57602.215
23921.000,57602.215
23922.000,57602.215
23923.000,57681.339
23924.000,57602.215
23925.000,57602.215
23926.000,57602.215
23927.000,57602.215
23928.000,57602.215
23929.000,57602.215
23930.000,57681.339
23931.000,57602.215
23932.000,57602.215
23933.000,57602.215
23934.000,57602.215
23935.000,57602.215
23936.000,57602.215
23937.000,57602.215
23938.000,57602.215
23939.000,57602.215
23940.000,57602.215
23941.000,57602.215
23942.000,57602.215
23943.000,57602.215
23944.000,57602.215
23945.000,57602.215
23946.000,57602.215
23947.000,57681.339
23948.000,57602.215
23949.000,57602.215
23950.000,57602.215
23951.000,57602.215
23952.000,57602.215
23953.000,57602.215
23954.000,57602.215
23955.000,57602.215
23956.000,57602.215
23957.000,57602.215
23958.000,57602.215
23959.000,57602.215
23960.000,57602.215
23961.000,57602.215
23962.000,57602.215
23963.000,57602.215
23964.000,57681.339
23965.000,57602.215
23966.000,57602.215
23967.000,57602.215
23968.000,57602.215
23969.000,57602.215
23970.000,57602.215
23971.000,57602.215
23972.000,57681.339
23973.000,57681.339
23974.000,57602.215
23975.000,57602.215
23976.000,57602.215
23977.000,57602.215
23978.000,57602.215
23979.000,57602.215
23980.000,57681.339
23981.000,57681.339
23982.000,57602.215
23983.000,57602.215
23984.000,57602.215
23985.000,57602.215
23986.000,57602.215
23987.000,57602.215
23988.000,57602.215
23989.000,57681.339
23990.000,57602.215
23991.000,57602.215
23992.000,57602.215
23993.000,57602.215
23994.000,57602.215
23995.000,57602.215
23996.000,57602.215
23997.000,57681.339
23998.000,57602.215
23999.000,57602.215
24000.000,57602.215
24001.000,57602.215
24002.000,57602.215
24003.000,57602.215
24004.000,57602.215
24005.000,57602.215
24006.000,57602.215
24007.000,57602.215
24008.000,57602.215
24009.000,57602.215
24010.000,57602.215
24011.000,57602.215
24012.000,57602.215
24013.000,57602.215
24014.000,57602.215
24015.000,57602.215
24016.000,57602.215
24017.000,57602.215
24018.000,57602.215
24019.000,57602.215
24020.000,57602.215
24021.000,57681.339
24022.000,57681.339
24023.000,57681.339
24024.000,57602.215
24025.000,57602.215
24026.000,57602.215
24027.000,57602.215
24028.000,57602.215
24029.000,57602.215
24030.000,57681.339
24031.000,57681.339
24032.000,57602.215
24033.000,57602.215
24034.000,57602.215
24035.000,57602.215
24036.000,57602.215
24037.000,57602.215
24038.000,57681.339
24039.000,57681.339
24040.000,57602.215
24041.000,57602.215
24042.000,57602.215
24043.000,57602.215
24044.000,57602.215
24045.000,57602.215
24046.000,57602.215
24047.000,57681.339
24048.000,57681.339
24049.000,57602.215
24050.000,57602.215
24051.000,57602.215
24052.000,57602.215
24053.000,57602.215
24054.000,57602.215
24055.000,57602.215
24056.000,57681.339
24057.000,57602.215
24058.000,57602.215
24059.000,57602.215
24060.000,57602.215
24061.000,57602.215
24062.000,57602.215
24063.000,57602.215
24064.000,57681.339
24065.000,57602.215
24066.000,57602.215
24067.000,57602.215
24068.000,57602.215
24069.000,57602.215
24070.000,57602.215
24071.000,57602.215
24072.000,57681.339
24073.000,57681.339
24074.000,57602.215
24075.000,57602.215
24076.000,57602.215
24077.000,57602.215
24078.000,57602.215
24079.000,57602.215
24080.000,57681.339
24081.000,57681.339
24082.000,57602.215
24083.000,57602.215
24084.000,57602.215
24085.000,57602.215
24086.000,57602.215
24087.000,57602.215
24088.000,57681.339
24089.000,57681.339
24090.000,57602.215
24091.000,57602.215
24092.000,57602.215
24093.000,57602.215
24094.000,57602.215
24095.000,57602.215
24096.000,57602.215
24097.000,57681.339
24098.000,57602.215
24099.000,57602.215
24100.000,57602.215
24101.000,57602.215
24102.000,57602.215
24103.000,57602.215
24104.000,57602.215
24105.000,57681.339
24106.000,57681.339
24107.000,57602.215
24108.000,57602.215
24109.000,57602.215
24110.000,57602.215
24111.000,57602.215
24112.000,57602.215
24113.000,57602.215
24114.000,57602.215
24115.000,57602.215
24116.000,57602.215
24117.000,57602.215
24118.000,57602.215
24119.000,57602.215
24120.000,57602.215
24121.000,57602.215
24122.000,57681.339
24123.000,57602.215
24124.000,57602.215
24125.000,57602.215
24126.000,57602.215
24127.000,57602.215
24128.000,57602.215
24129.000,57681.339
24130.000,57681.339
24131.000,57681.339
24132.000,57602.215
24133.000,57602.215
24134.000,57602.215
24135.000,57602.215
24136.000,57602.215
24137.000,57602.215
24138.000,57681.339
24139.000,57681.339
24140.000,57602.215
24141.000,57602.215
24142.000,57602.215
24143.000,57602.215
24144.000,57602.215
24145.000,57602.215
24146.000,57681.339
24147.000,57681.339
24148.000,57602.215
24149.000,57602.215
24150.000,57602.215
24151.000,57602.215
24152.000,57602.215
24153.000,57602.215
24154.000,57602.215
24155.000,57681.339
24156.000,57681.339
24157.000,57602.215
24158.000,57602.215
24159.000,57602.215
24160.000,57602.215
24161.000,57602.215
24162.000,57602.215
24163.000,57602.215
24164.000,57681.339
24165.000,57602.215
24166.000,57602.215
24167.000,57602.215
24168.000,57602.215
24169.000,57602.215
24170.000,57602.215
24171.000,57602.215
24172.000,57681.339
24173.000,57602.215
24174.000,57602.215
24175.000,57602.215
24176.000,57602.215
24177.000,57602.215
24178.000,57602.215
24179.000,57602.215
24180.000,57681.339
24181.000,57681.339
24182.000,57602.215
24183.000,57602.215
24184.000,57602.215
24185.000,57602.215
24186.000,57602.215
24187.000,57602.215
24188.000,57681.339
24189.000,57681.339
24190.000,57602.215
24191.000,57602.215
24192.000,57602.215
24193.000,57602.215
24194.000,57602.215
24195.000,57602.215
24196.000,57602.215
24197.000,57681.339
24198.000,57602.215
24199.000,57602.215
24200.000,57602.215
24201.000,57602.215
24202.000,57602.215
24203.000,57602.215
24204.000,57602.215
24205.000,57681.339
24206.000,57681.339
24207.000,57602.215
24208.000,57602.215
24209.000,57602.215
24210.000,57602.215
24211.000,57602.215
24212.000,57602.215
24213.000,57602.215
24214.000,57681.339
24215.000,57602.215
24216.000,57602.215
24217.000,57602.215
24218.000,57602.215
24219.000,57602.215
24220.000,57602.215
24221.000,57602.215
24222.000,57681.339
24223.000,57681.339
24224.000,57602.215
24225.000,57602.215
24226.000,57602.215
24227.000,57602.215
24228.000,57602.215
24229.000,57602.215
24230.000,57681.339
24231.000,57681.339
24232.000,57602.215
24233.000,57602.215
24234.000,57602.215
24235.000,57602.215
24236.000,57602.215
24237.000,57602.215
24238.000,57681.339
24239.000,57681.339
24240.000,57602.215
24241.000,57602.215
24242.000,57602.215
24243.000,57602.215
24244.000,57602.215
24245.000,57602.215
24246.000,57681.339
24247.000,57681.339
24248.000,57681.339
24249.000,57602.215
24250.000,57602.215
24251.000,57602.215
24252.000,57602.215
24253.000,57602.215
24254.000,57602.215
24255.000,57681.339
24256.000,57681.339
24257.000,57602.215
24258.000,57602.215
24259.000,57602.215
24260.000,57602.215
24261.000,57602.215
24262.000,57602.215
24263.000,57681.339
24264.000,57681.339
24265.000,57602.215
24266.000,57602.215
24267.000,57602.215
24268.000,57602.215
24269.000,57602.215
24270.000,57602.215
24271.000,57602.215
24272.000,57681.339
24273.000,57681.339
24274.000,57602.215
24275.000,57602.215
24276.000,57602.215
24277.000,57602.215
24278.000,57602.215
24279.000,57602.215
24280.000,57681.339
24281.000,57681.339
24282.000,57602.215
24283.000,57602.215
24284.000,57602.215
24285.000,57602.215
24286.000,57602.215
24287.000,57602.215
24288.000,57681.339
24289.000,57681.339
24290.000,57602.215
24291.000,57602.215
24292.000,57602.215
24293.000,57602.215
24294.000,57602.215
24295.000,57602.215
24296.000,57602.215
24297.000,57681.339
24298.000,57681.339
24299.000,57602.215
24300.000,57602.215
24301.000,57602.215
24302.000,57602.215
24303.000,57602.215
24304.000,57602.215
24305.000,57681.339
24306.000,57681.339
24307.000,57602.215
24308.000,57602.215
24309.000,57602.215
24310.000,57602.215
24311.000,57602.215
24312.000,57602.215
24313.000,57602.215
24314.000,57602.215
24315.000,57602.215
24316.000,57602.215
24317.000,57602.215
24318.000,57602.215
24319.000,57602.215
24320.000,57602.215
24321.000,57602.215
24322.000,57681.339
24323.000,57602.215
24324.000,57602.215
24325.000,57602.215
24326.000,57602.215
24327.000,57602.215
24328.000,57602.215
24329.000,57602.215
24330.000,57681.339
24331.000,57681.339
24332.000,57602.215
24333.000,57602.215
24334.000,57602.215
24335.000,57602.215
24336.000,57602.215
24337.000,57602.215
24338.000,57681.339
24339.000,57681.339
24340.000,57602.215
24341.000,57602.215
24342.000,57602.215
24343.000,57602.215
24344.000,57602.215
24345.000,57602.215
24346.000,57681.339
24347.000,57681.339
24348.000,57602.215
24349.000,57602.215
24350.000,57602.215
24351.000,57602.215
24352.000,57602.215
24353.000,57602.215
24354.000,57602.215
24355.000,57681.339
24356.000,57681.339
24357.000,57602.215
24358.000,57602.215
24359.000,57602.215
24360.000,57602.215
24361.000,57602.215
24362.000,57602.215
24363.000,57602.215
24364.000,57602.215
24365.000,57602.215
24366.000,57602.215
24367.000,57602.215
24368.000,57602.215
24369.000,57602.215
24370.000,57602.215
24371.000,57602.215
24372.000,57681.339
24373.000,57602.215
24374.000,57602.215
24375.000,57602.215
24376.000,57602.215
24377.000,57602.215
24378.000,57602.215
24379.000,57602.215
24380.000,57681.339
24381.000,57681.339
24382.000,57602.215
24383.000,57602.215
24384.000,57602.215
24385.000,57602.215
24386.000,57602.215
24387.000,57602.215
24388.000,57681.339
24389.000,57681.339
24390.000,57602.215
24391.000,57602.215
24392.000,57602.215
24393.000,57602.215
24394.000,57602.215
24395.000,57602.215
24396.000,57602.215
24397.000,57681.339
24398.000,57681.339
24399.000,57602.215
24400.000,57602.215
24401.000,57602.215
24402.000,57602.215
24403.000,57602.215
24404.000,57602.215
24405.000,57602.215
24406.000,57602.215
24407.000,57602.215
24408.000,57602.215
24409.000,57602.215
24410.000,57602.215
24411.000,57602.215
24412.000,57602.215
24413.000,57602.215
24414.000,57602.215
24415.000,57602.215
24416.000,57602.215
24417.000,57602.215
24418.000,57602.215
24419.000,57602.215
24420.000,57602.215
24421.000,57602.215
24422.000,57602.215
24423.000,57602.215
24424.000,57602.215
24425.000,57602.215
24426.000,57602.215
24427.000,57602.215
24428.000,57602.215
24429.000,57602.215
24430.000,57681.339
24431.000,57602.215
24432.000,57602.215
24433.000,57602.215
24434.000,57602.215
24435.000,57602.215
24436.000,57602.215
24437.000,57602.215
24438.000,57681.339
24439.000,57681.339
24440.000,57602.215
24441.000,57602.215
24442.000,57602.215
24443.000,57602.215
24444.000,57602.215
24445.000,57602.215
24446.000,57681.339
24447.000,57681.339
24448.000,57602.215
24449.000,57602.215
24450.000,57602.215
24451.000,57602.215
24452.000,57602.215
24453.000,57602.215
24454.000,57602.215
24455.000,57681.339
24456.000,57681.339
24457.000,57602.215
24458.000,57602.215
24459.000,57602.215
24460.000,57602.215
24461.000,57602.215
24462.000,57602.215
24463.000,57602.215
24464.000,57681.339
24465.000,57602.215
24466.000,57602.215
24467.000,57602.215
24468.000,57602.215
24469.000,57602.215
24470.000,57602.215
24471.000,57602.215
24472.000,57602.215
24473.000,57602.215
24474.000,57602.215
24475.000,57602.215
24476.000,57602.215
24477.000,57602.215
24478.000,57602.215
24479.000,57602.215
24480.000,57602.215
24481.000,57602.215
24482.000,57602.215
24483.000,57602.215
24484.000,57602.215
24485.000,57602.215
24486.000,57602.215
24487.000,57602.215
24488.000,57602.215
24489.000,57602.215
24490.000,57602.215
24491.000,57602.215
24492.000,57602.215
24493.000,57602.215
24494.000,57602.215
24495.000,57602.215
24496.000,57681.339
24497.000,57681.339
24498.000,57602.215
24499.000,57602.215
24500.000,57602.215
24501.000,57602.215
24502.000,57602.215
24503.000,57602.215
24504.000,57602.215
24505.000,57681.339
24506.000,57602.215
24507.000,57602.215
24508.000,57602.215
24509.000,57602.215
24510.000,57602.215
24511.000,57602.215
24512.000,57602.215
24513.000,57602.215
24514.000,57681.339
24515.000,57602.215
24516.000,57602.215
24517.000,57602.215
24518.000,57602.215
24519.000,57602.215
24520.000,57602.215
24521.000,57602.215
24522.000,57602.215
24523.000,57602.215
24524.000,57602.215
24525.000,57602.215
24526.000,57602.215
24527.000,57602.215
24528.000,57602.215
24529.000,57602.215
24530.000,57602.215
24531.000,57602.215
24532.000,57602.215
24533.000,57602.215
24534.000,57602.215
24535.000,57602.215
24536.000,57602.215
24537.000,57602.215
24538.000,57681.339
24539.000,57681.339
24540.000,57602.215
24541.000,57602.215
24542.000,57602.215
24543.000,57602.215
24544.000,57602.215
24545.000,57602.215
24546.000,57681.339
24547.000,57681.339
24548.000,57602.215
24549.000,57602.215
24550.000,57602.215
24551.000,57602.215
24552.000,57602.215
24553.000,57602.215
24554.000,57602.215
24555.000,57681.339
24556.000,57681.339
24557.000,57602.215
24558.000,57602.215
24559.000,57602.215
24560.000,57602.215
24561.000,57602.215
24562.000,57602.215
24563.000,57681.339
24564.000,57681.339
24565.000,57602.215
24566.000,57602.215
24567.000,57602.215
24568.000,57602.215
24569.000,57602.215
24570.000,57602.215
24571.000,57602.215
24572.000,57681.339
24573.000,57602.215
24574.000,57602.215
24575.000,57602.215
24576.000,57602.215
24577.000,57602.215
24578.000,57602.215
24579.000,57602.215
24580.000,57602.215
24581.000,57602.215
24582.000,57602.215
24583.000,57602.215
24584.000,57602.215
24585.000,57602.215
24586.000,57602.215
24587.000,57602.215
24588.000,57681.339
24589.000,57681.339
24590.000,57602.215
24591.000,57602.215
24592.000,57602.215
24593.000,57602.215
24594.000,57602.215
24595.000,57602.215
24596.000,57681.339
24597.000,57681.339
24598.000,57681.339
24599.000,57602.215
24600.000,57602.215
24601.000,57602.215
24602.000,57602.215
24603.000,57602.215
24604.000,57602.215
24605.000,57681.339
24606.000,57681.339
24607.000,57602.215
24608.000,57602.215
24609.000,57602.215
24610.000,57602.215
24611.000,57602.215
24612.000,57602.215
24613.000,57681.339
24614.000,57681.339
24615.000,57602.215
24616.000,57602.215
24617.000,57602.215
24618.000,57602.215
24619.000,57602.215
24620.000,57602.215
24621.000,57602.215
24622.000,57681.339
24623.000,57602.215
24624.000,57602.215
24625.000,57602.215
24626.000,57602.215
24627.000,57602.215
24628.000,57602.215
24629.000,57602.215
24630.000,57681.339
24631.000,57602.215
24632.000,57602.215
24633.000,57602.215
24634.000,57602.215
24635.000,57602.215
24636.000,57602.215
24637.000,57602.215
24638.000,57681.339
24639.000,57681.339
24640.000,57602.215
24641.000,57602.215
24642.000,57602.215
24643.000,57602.215
24644.000,57602.215
24645.000,57602.215
24646.000,57681.339
24647.000,57681.339
24648.000,57681.339
24649.000,57602.215
24650.000,57602.215
24651.000,57602.215
24652.000,57602.215
24653.000,57602.215
24654.000,57602.215
24655.000,57681.339
24656.000,57681.339
24657.000,57602.215
24658.000,57602.215
24659.000,57602.215
24660.000,57602.215
24661.000,57602.215
24662.000,57602.215
24663.000,57681.339
24664.000,57681.339
24665.000,57602.215
24666.000,57602.215
24667.000,57602.215
24668.000,57602.215
24669.000,57602.215
24670.000,57602.215
24671.000,57602.215
24672.000,57681.339
24673.000,57602.215
24674.000,57602.215
24675.000,57602.215
24676.000,57602.215
24677.000,57602.215
24678.000,57602.215
24679.000,57602.215
24680.000,57602.215
24681.000,57602.215
24682.000,57602.215
24683.000,57602.215
24684.000,57602.215
24685.000,57602.215
24686.000,57602.215
24687.000,57602.215
24688.000,57602.215
24689.000,57602.215
24690.000,57602.215
24691.000,57602.215
24692.000,57602.215
24693.000,57602.215
24694.000,57602.215
24695.000,57602.215
24696.000,57681.339
24697.000,57681.339
24698.000,57602.215
24699.000,57602.215
24700.000,57602.215
24701.000,57602.215
24702.000,57602.215
24703.000,57602.215
24704.000,57681.339
24705.000,57681.339
24706.000,57681.339
24707.000,57602.215
24708.000,57602.215
24709.000,57602.215
24710.000,57602.215
24711.000,57602.215
24712.000,57602.215
24713.000,57681.339
24714.000,57681.339
24715.000,57602.215
24716.000,57602.215
24717.000,57602.215
24718.000,57602.215
24719.000,57602.215
24720.000,57602.215
24721.000,57602.215
24722.000,57681.339
24723.000,57681.339
24724.000,57602.215
24725.000,57602.215
24726.000,57602.215
24727.000,57602.215
24728.000,57602.215
24729.000,57602.215
24730.000,57681.339
24731.000,57681.339
24732.000,57602.215
24733.000,57602.215
24734.000,57602.215
24735.000,57602.215
24736.000,57602.215
24737.000,57602.215
24738.000,57602.215
24739.000,57681.339
24740.000,57602.215
24741.000,57602.215
24742.000,57602.215
24743.000,57602.215
24744.000,57602.215
24745.000,57602.215
24746.000,57602.215
24747.000,57681.339
24748.000,57602.215
24749.000,57602.215
24750.000,57602.215
24751.000,57602.215
24752.000,57602.215
24753.000,57602.215
24754.000,57602.215
24755.000,57681.339
24756.000,57681.339
24757.000,57602.215
24758.000,57602.215
24759.000,57602.215
24760.000,57602.215
24761.000,57602.215
24762.000,57602.215
24763.000,57681.339
24764.000,57681.339
24765.000,57602.215
24766.000,57602.215
24767.000,57602.215
24768.000,57602.215
24769.000,57602.215
24770.000,57602.215
24771.000,57602.215
24772.000,57681.339
24773.000,57602.215
24774.000,57602.215
24775.000,57602.215
24776.000,57602.215
24777.000,57602.215
24778.000,57602.215
24779.000,57602.215
24780.000,57681.339
24781.000,57681.339
24782.000,57602.215
24783.000,57602.215
24784.000,57602.215
24785.000,57602.215
24786.000,57602.215
24787.000,57602.215
24788.000,57681.339
24789.000,57681.339
24790.000,57602.215
24791.000,57602.215
24792.000,57602.215
24793.000,57602.215
24794.000,57602.215
24795.000,57602.215
24796.000,57602.215
24797.000,57681.339
24798.000,57602.215
24799.000,57602.215
24800.000,57602.215
24801.000,57602.215
24802.000,57602.215
24803.000,57602.215
24804.000,57602.215
24805.000,57681.339
24806.000,57681.339
24807.000,57602.215
24808.000,57602.215
24809.000,57602.215
24810.000,57602.215
24811.000,57602.215
24812.000,57602.215
24813.000,57681.339
24814.000,57681.339
24815.000,57602.215
24816.000,57602.215
24817.000,57602.215
24818.000,57602.215
24819.000,57602.215
24820.000,57602.215
24821.000,57602.215
24822.000,57681.339
24823.000,57602.215
24824.000,57602.215
24825.000,57602.215
24826.000,57602.215
24827.000,57602.215
24828.000,57602.215
24829.000,57602.215
24830.000,57681.339
24831.000,57681.339
24832.000,57602.215
24833.000,57602.215
24834.000,57602.215
24835.000,57602.215
24836.000,57602.215
24837.000,57602.215
24838.000,57602.215
24839.000,57681.339
24840.000,57602.215
24841.000,57602.215
24842.000,57602.215
24843.000,57602.215
24844.000,57602.215
24845.000,57602.215
24846.000,57602.215
24847.000,57681.339
24848.000,57681.339
24849.000,57602.215
24850.000,57602.215
24851.000,57602.215
24852.000,57602.215
24853.000,57602.215
24854.000,57602.215
24855.000,57681.339
24856.000,57681.339
24857.000,57602.215
24858.000,57602.215
24859.000,57602.215
24860.000,57602.215
24861.000,57602.215
24862.000,57602.215
24863.000,57681.339
24864.000,57681.339
24865.000,57602.215
24866.000,57602.215
24867.000,57602.215
24868.000,57602.215
24869.000,57602.215
24870.000,57602.215
24871.000,57602.215
24872.000,57681.339
24873.000,57602.215
24874.000,57602.215
24875.000,57602.215
24876.000,57602.215
24877.000,57602.215
24878.000,57602.215
24879.000,57602.215
24880.000,57602.215
24881.000,57602.215
24882.000,57602.215
24883.000,57602.215
24884.000,57602.215
24885.000,57602.215
24886.000,57602.215
24887.000,57602.215
24888.000,57681.339
24889.000,57681.339
24890.000,57602.215
24891.000,57602.215
24892.000,57602.215
24893.000,57602.215
24894.000,57602.215
24895.000,57602.215
24896.000,57681.339
24897.000,57681.339
24898.000,57681.339
24899.000,57602.215
24900.000,57602.215
24901.000,57602.215
24902.000,57602.215
24903.000,57602.215
24904.000,57602.215
24905.000,57681.339
24906.000,57681.339
24907.000,57602.215
24908.000,57602.215
24909.000,57602.215
24910.000,57602.215
24911.000,57602.215
24912.000,57602.215
24913.000,57681.339
24914.000,57681.339
24915.000,57681.339
24916.000,57602.215
24917.000,57602.215
24918.000,57602.215
24919.000,57602.215
24920.000,57602.215
24921.000,57602.215
24922.000,57681.339
24923.000,57681.339
24924.000,57602.215
24925.000,57602.215
24926.000,57602.215
24927.000,57602.215
24928.000,57602.215
24929.000,57602.215
24930.000,57602.215
24931.000,57602.215
24932.000,57602.215
24933.000,57602.215
24934.000,57602.215
24935.000,57602.215
24936.000,57602.215
24937.000,57602.215
24938.000,57602.215
24939.000,57602.215
24940.000,57602.215
24941.000,57602.215
24942.000,57602.215
24943.000,57602.215
24944.000,57602.215
24945.000,57602.215
24946.000,57602.215
24947.000,57602.215
24948.000,57602.215
24949.000,57602.215
24950.000,57602.215
24951.000,57602.215
24952.000,57602.215
24953.000,57602.215
24954.000,57602.215
24955.000,57681.339
24956.000,57602.215
24957.000,57602.215
24958.000,57602.215
24959.000,57602.215
24960.000,57602.215
24961.000,57602.215
24962.000,57602.215
24963.000,57681.339
24964.000,57681.339
24965.000,57602.215
24966.000,57602.215
24967.000,57602.215
24968.000,57602.215
24969.000,57602.215
24970.000,57602.215
24971.000,57681.339
24972.000,57681.339
24973.000,57602.215
24974.000,57602.215
24975.000,57602.215
24976.000,57602.215
24977.000,57602.215
24978.000,57602.215
24979.000,57602.215
24980.000,57681.339
24981.000,57681.339
24982.000,57602.215
24983.000,57602.215
24984.000,57602.215
24985.000,57602.215
24986.000,57602.215
24987.000,57602.215
24988.000,57602.215
24989.000,57681.339
24990.000,57602.215
24991.000,57602.215
24992.000,57602.215
24993.000,57602.215
24994.000,57602.215
24995.000,57602.215
24996.000,57602.215
24997.000,57681.339
24998.000,57681.339
24999.000,57602.215
25000.000,57602.215
25001.000,57602.215
25002.000,57602.215
25003.000,57602.215
25004.000,57602.215
25005.000,57681.339
25006.000,57681.339
25007.000,57602.215
25008.000,57602.215
25009.000,57602.215
25010.000,57602.215
25011.000,57602.215
25012.000,57602.215
25013.000,57681.339
25014.000,57681.339
25015.000,57681.339
25016.000,57602.215
25017.000,57602.215
25018.000,57602.215
25019.000,57602.215
25020.000,57602.215
25021.000,57602.215
25022.000,57681.339
25023.000,57681.339
25024.000,57602.215
25025.000,57602.215
25026.000,57602.215
25027.000,57602.215
25028.000,57602.215
25029.000,57602.215
25030.000,57602.215
25031.000,57681.339
25032.000,57602.215
25033.000,57602.215
25034.000,57602.215
25035.000,57602.215
25036.000,57602.215
25037.000,57602.215
25038.000,57602.215
25039.000,57602.215
25040.000,57602.215
25041.000,57602.215
25042.000,57602.215
25043.000,57602.215
25044.000,57602.215
25045.000,57602.215
25046.000,57602.215
25047.000,57602.215
25048.000,57602.215
25049.000,57602.215
25050.000,57602.215
25051.000,57602.215
25052.000,57602.215
25053.000,57602.215
25054.000,57602.215
25055.000,57681.339
25056.000,57602.215
25057.000,57602.215
25058.000,57602.215
25059.000,57602.215
25060.000,57602.215
25061.000,57602.215
25062.000,57602.215
25063.000,57681.339
25064.000,57681.339
25065.000,57602.215
25066.000,57602.215
25067.000,57602.215
25068.000,57602.215
25069.000,57602.215
25070.000,57602.215
25071.000,57681.339
25072.000,57681.339
25073.000,57602.215
25074.000,57602.215
25075.000,57602.215
25076.000,57602.215
25077.000,57602.215
25078.000,57602.215
25079.000,57602.215
25080.000,57681.339
25081.000,57681.339
25082.000,57602.215
25083.000,57602.215
25084.000,57602.215
25085.000,57602.215
25086.000,57602.215
25087.000,57602.215
25088.000,57681.339
25089.000,57681.339
25090.000,57602.215
25091.000,57602.215
25092.000,57602.215
25093.000,57602.215
25094.000,57602.215
25095.000,57602.215
25096.000,57602.215
25097.000,57681.339
25098.000,57681.339
25099.000,57602.215
25100.000,57602.215
25101.000,57602.215
25102.000,57602.215
25103.000,57602.215
25104.000,57602.215
25105.000,57681.339
25106.000,57681.339
25107.000,57602.215
25108.000,57602.215
25109.000,57602.215
25110.000,57602.215
25111.000,57602.215
25112.000,57602.215
25113.000,57681.339
25114.000,57681.339
25115.000,57681.339
25116.000,57602.215
25117.000,57602.215
25118.000,57602.215
25119.000,57602.215
25120.000,57602.215
25121.000,57602.215
25122.000,57681.339
25123.000,57681.339
25124.000,57602.215
25125.000,57602.215
25126.000,57602.215
25127.000,57602.215
25128.000,57602.215
25129.000,57602.215
25130.000,57681.339
25131.000,57681.339
25132.000,57602.215
25133.000,57602.215
25134.000,57602.215
25135.000,57602.215
25136.000,57602.215
25137.000,57602.215
25138.000,57602.215
25139.000,57681.339
25140.000,57602.215
25141.000,57602.215
25142.000,57602.215
25143.000,57602.215
25144.000,57602.215
25145.000,57602.215
25146.000,57602.215
25147.000,57681.339
25148.000,57681.339
25149.000,57602.215
25150.000,57602.215
25151.000,57602.215
25152.000,57602.215
25153.000,57602.215
25154.000,57602.215
25155.000,57681.339
25156.000,57681.339
25157.000,57602.215
25158.000,57602.215
25159.000,57602.215
25160.000,57602.215
25161.000,57602.215
25162.000,57602.215
25163.000,57681.339
25164.000,57681.339
25165.000,57602.215
25166.000,57602.215
25167.000,57602.215
25168.000,57602.215
25169.000,57602.215
25170.000,57602.215
25171.000,57602.215
25172.000,57681.339
25173.000,57681.339
25174.000,57602.215
25175.000,57602.215
25176.000,57602.215
25177.000,57602.215
25178.000,57602.215
25179.000,57602.215
25180.000,57602.215
25181.000,57681.339
25182.000,57602.215
25183.000,57602.215
25184.000,57602.215
25185.000,57602.215
25186.000,57602.215
25187.000,57602.215
25188.000,57602.215
25189.000,57602.215
25190.000,57602.215
25191.000,57602.215
25192.000,57602.215
25193.000,57602.215
25194.000,57602.215
25195.000,57602.215
25196.000,57602.215
25197.000,57681.339
25198.000,57602.215
25199.000,57602.215
25200.000,57602.215
25201.000,57602.215
25202.000,57602.215
25203.000,57602.215
25204.000,57602.215
25205.000,57681.339
25206.000,57681.339
25207.000,57602.215
25208.000,57602.215
25209.000,57602.215
25210.000,57602.215
25211.000,57602.215
25212.000,57602.215
25213.000,57681.339
25214.000,57681.339
25215.000,57681.339
25216.000,57602.215
25217.000,57602.215
25218.000,57602.215
25219.000,57602.215
25220.000,57602.215
25221.000,57602.215
25222.000,57681.339
25223.000,57681.339
25224.000,57602.215
25225.000,57602.215
25226.000,57602.215
25227.000,57602.215
25228.000,57602.215
25229.000,57602.215
25230.000,57681.339
25231.000,57681.339
25232.000,57602.215
25233.000,57602.215
25234.000,57602.215
25235.000,57602.215
25236.000,57602.215
25237.000,57602.215
25238.000,57602.215
25239.000,57681.339
25240.000,57602.215
25241.000,57602.215
25242.000,57602.215
25243.000,57602.215
25244.000,57602.215
25245.000,57602.215
25246.000,57602.215
25247.000,57602.215
25248.000,57602.215
25249.000,57602.215
25250.000,57602.215
25251.000,57602.215
25252.000,57602.215
25253.000,57602.215
25254.000,57602.215
25255.000,57681.339
25256.000,57681.339
25257.000,57602.215
25258.000,57602.215
25259.000,57602.215
25260.000,57602.215
25261.000,57602.215
25262.000,57602.215
25263.000,57681.339
25264.000,57681.339
25265.000,57602.215
25266.000,57602.215
25267.000,57602.215
25268.000,57602.215
25269.000,57602.215
25270.000,57602.215
25271.000,57681.339
25272.000,57681.339
25273.000,57681.339
25274.000,57602.215
25275.000,57602.215
25276.000,57602.215
25277.000,57602.215
25278.000,57602.215
25279.000,57602.215
25280.000,57681.339
25281.000,57681.339
25282.000,57602.215
25283.000,57602.215
25284.000,57602.215
25285.000,57602.215
25286.000,57602.215
25287.000,57602.215
25288.000,57602.215
25289.000,57681.339
25290.000,57602.215
25291.000,57602.215
25292.000,57602.215
25293.000,57602.215
25294.000,57602.215
25295.000,57602.215
25296.000,57602.215
25297.000,57602.215
25298.000,57602.215
25299.000,57602.215
25300.000,57602.215
25301.000,57602.215
25302.000,57602.215
25303.000,57602.215
25304.000,57602.215
25305.000,57681.339
25306.000,57681.339
25307.000,57602.215
25308.000,57602.215
25309.000,57602.215
25310.000,57602.215
25311.000,57602.215
25312.000,57602.215
25313.000,57602.215
25314.000,57681.339
25315.000,57602.215
25316.000,57602.215
25317.000,57602.215
25318.000,57602.215
25319.000,57602.215
25320.000,57602.215
25321.000,57602.215
25322.000,57681.339
25323.000,57602.215
25324.000,57602.215
25325.000,57602.215
25326.000,57602.215
25327.000,57602.215
25328.000,57602.215
25329.000,57602.215
25330.000,57681.339
25331.000,57681.339
25332.000,57602.215
25333.000,57602.215
25334.000,57602.215
25335.000,57602.215
25336.000,57602.215
25337.000,57602.215
25338.000,57602.215
25339.000,57681.339
25340.000,57602.215
25341.000,57602.215
25342.000,57602.215
25343.000,57602.215
25344.000,57602.215
25345.000,57602.215
25346.000,57602.215
25347.000,57602.215
25348.000,57602.215
25349.000,57602.215
25350.000,57602.215
25351.000,57602.215
25352.000,57602.215
25353.000,57602.215
25354.000,57602.215
25355.000,57602.215
25356.000,57602.215
25357.000,57602.215
25358.000,57602.215
25359.000,57602.215
25360.000,57602.215
25361.000,57602.215
25362.000,57602.215
25363.000,57602.215
25364.000,57602.215
25365.000,57602.215
25366.000,57602.215
25367.000,57602.215
25368.000,57602.215
25369.000,57602.215
25370.000,57602.215
25371.000,57602.215
25372.000,57681.339
25373.000,57602.215
25374.000,57602.215
25375.000,57602.215
25376.000,57602.215
25377.000,57602.215
25378.000,57602.215
25379.000,57602.215
25380.000,57681.339
25381.000,57602.215
25382.000,57602.215
25383.000,57602.215
25384.000,57602.215
25385.000,57602.215
25386.000,57602.215
25387.000,57602.215
25388.000,57602.215
25389.000,57681.339
25390.000,57602.215
25391.000,57602.215
25392.000,57602.215
25393.000,57602.215
25394.000,57602.215
25395.000,57602.215
25396.000,57602.215
25397.000,57602.215
25398.000,57602.215
25399.000,57602.215
25400.000,57602.215
25401.000,57602.215
25402.000,57602.215
25403.000,57602.215
25404.000,57602.215
25405.000,57602.215
25406.000,57602.215
25407.000,57602.215
25408.000,57602.215
25409.000,57602.215
25410.000,57602.215
25411.000,57602.215
25412.000,57602.215
25413.000,57681.339
25414.000,57681.339
25415.000,57602.215
25416.000,57602.215
25417.000,57602.215
25418.000,57602.215
25419.000,57602.215
25420.000,57602.215
25421.000,57602.215
25422.000,57681.339
25423.000,57602.215
25424.000,57602.215
25425.000,57602.215
25426.000,57602.215
25427.000,57602.215
25428.000,57602.215
25429.000,57602.215
25430.000,57681.339
25431.000,57681.339
25432.000,57602.215
25433.000,57602.215
25434.000,57602.215
25435.000,57602.215
25436.000,57602.215
25437.000,57602.215
25438.000,57602.215
25439.000,57681.339
25440.000,57602.215
25441.000,57602.215
25442.000,57602.215
25443.000,57602.215
25444.000,57602.215
25445.000,57602.215
25446.000,57602.215
25447.000,57602.215
25448.000,57602.215
25449.000,57602.215
25450.000,57602.215
25451.000,57602.215
25452.000,57602.215
25453.000,57602.215
25454.000,57602.215
25455.000,57602.215
25456.000,57602.215
25457.000,57602.215
25458.000,57602.215
25459.000,57602.215
25460.000,57602.215
25461.000,57602.215
25462.000,57602.215
25463.000,57602.215
25464.000,57681.339
25465.000,57602.215
25466.000,57602.215
25467.000,57602.215
25468.000,57602.215
25469.000,57602.215
25470.000,57602.215
25471.000,57602.215
25472.000,57681.339
25473.000,57602.215
25474.000,57602.215
25475.000,57602.215
25476.000,57602.215
25477.000,57602.215
25478.000,57602.215
25479.000,57602.215
25480.000,57681.339
25481.000,57681.339
25482.000,57602.215
25483.000,57602.215
25484.000,57602.215
25485.000,57602.215
25486.000,57602.215
25487.000,57602.215
25488.000,57681.339
25489.000,57681.339
25490.000,57602.215
25491.000,57602.215
25492.000,57602.215
25493.000,57602.215
25494.000,57602.215
25495.000,57602.215
25496.000,57602.215
25497.000,57681.339
25498.000,57602.215
25499.000,57602.215
25500.000,57602.215
25501.000,57602.215
25502.000,57602.215
25503.000,57602.215
