Time_ms,Absolute_Displacement_nm
0.000,2690.213
1.000,3085.833
2.000,3085.833
3.000,2690.213
4.000,2927.585
5.000,3244.081
6.000,2848.461
7.000,2848.461
8.000,3244.081
9.000,3006.709
10.000,2690.213
11.000,3085.833
12.000,3085.833
13.000,2690.213
14.000,2927.585
15.000,3244.081
16.000,2848.461
17.000,2769.337
18.000,3244.081
19.000,2927.585
20.000,2611.089
21.000,3085.833
22.000,3164.957
23.000,2769.337
24.000,3006.709
25.000,3244.081
26.000,2848.461
27.000,2769.337
28.000,3164.957
29.000,2927.585
30.000,2690.213
31.000,3085.833
32.000,3164.957
33.000,2769.337
34.000,2927.585
35.000,3244.081
36.000,2769.337
37.000,2769.337
38.000,3164.957
39.000,3006.709
40.000,2690.213
41.000,3164.957
42.000,3164.957
43.000,2690.213
44.000,2927.585
45.000,3244.081
46.000,2769.337
47.000,2769.337
48.000,3244.081
49.000,3006.709
50.000,2690.213
51.000,3085.833
52.000,3085.833
53.000,2690.213
54.000,2927.585
55.000,3244.081
56.000,2848.461
57.000,2848.461
58.000,3244.081
59.000,3006.709
60.000,2690.213
61.000,3085.833
62.000,3085.833
63.000,2690.213
64.000,2927.585
65.000,3244.081
66.000,2848.461
67.000,2769.337
68.000,3164.957
69.000,2927.585
70.000,2611.089
71.000,3085.833
72.000,3164.957
73.000,2769.337
74.000,3006.709
75.000,3244.081
76.000,2848.461
77.000,2769.337
78.000,3164.957
79.000,2927.585
80.000,2690.213
81.000,3085.833
82.000,3164.957
83.000,2769.337
84.000,2927.585
85.000,3244.081
86.000,2769.337
87.000,2769.337
88.000,3164.957
89.000,3006.709
90.000,2690.213
91.000,3164.957
92.000,3164.957
93.000,2690.213
94.000,2927.585
95.000,3164.957
96.000,2769.337
97.000,2769.337
98.000,3244.081
99.000,3006.709
100.000,2690.213
101.000,3085.833
102.000,3085.833
103.000,2690.213
104.000,2927.585
105.000,3244.081
106.000,2848.461
107.000,2848.461
108.000,3244.081
109.000,3006.709
110.000,2690.213
111.000,3085.833
112.000,3085.833
113.000,2690.213
114.000,2927.585
115.000,3244.081
116.000,2848.461
117.000,2769.337
118.000,3164.957
119.000,2927.585
120.000,2611.089
121.000,3085.833
122.000,3164.957
123.000,2769.337
124.000,3006.709
125.000,3244.081
126.000,2848.461
127.000,2769.337
128.000,3164.957
129.000,2927.585
130.000,2690.213
131.000,3085.833
132.000,3164.957
133.000,2769.337
134.000,2927.585
135.000,3244.081
136.000,2769.337
137.000,2769.337
138.000,3164.957
139.000,3006.709
140.000,2690.213
141.000,3164.957
142.000,3164.957
143.000,2690.213
144.000,2927.585
145.000,3244.081
146.000,2769.337
147.000,2769.337
148.000,3244.081
149.000,3006.709
150.000,2690.213
151.000,3085.833
152.000,3164.957
153.000,2690.213
154.000,2927.585
155.000,3244.081
156.000,2848.461
157.000,2769.337
158.000,3244.081
159.000,3006.709
160.000,2690.213
161.000,3085.833
162.000,3164.957
163.000,2690.213
164.000,2927.585
165.000,3244.081
166.000,2848.461
167.000,2769.337
168.000,3164.957
169.000,2927.585
170.000,2611.089
171.000,3085.833
172.000,3164.957
173.000,2769.337
174.000,3006.709
175.000,3244.081
176.000,2769.337
177.000,2769.337
178.000,3164.957
179.000,2927.585
180.000,2690.213
181.000,3164.957
182.000,3164.957
183.000,2769.337
184.000,2927.585
185.000,3244.081
186.000,2769.337
187.000,2690.213
188.000,3164.957
189.000,3006.709
190.000,2690.213
191.000,3164.957
192.000,3164.957
193.000,2690.213
194.000,2927.585
195.000,3164.957
196.000,2769.337
197.000,2769.337
198.000,3244.081
199.000,3006.709
200.000,2690.213
201.000,3085.833
202.000,3164.957
203.000,2690.213
204.000,2927.585
205.000,3244.081
206.000,2848.461
207.000,2848.461
208.000,3244.081
209.000,3006.709
210.000,2690.213
211.000,3085.833
212.000,3085.833
213.000,2690.213
214.000,2927.585
215.000,3244.081
216.000,2848.461
217.000,2769.337
218.000,3164.957
219.000,2927.585
220.000,2611.089
221.000,3085.833
222.000,3164.957
223.000,2769.337
224.000,3006.709
225.000,3244.081
226.000,2848.461
227.000,2769.337
228.000,3164.957
229.000,2927.585
230.000,2690.213
231.000,3164.957
232.000,3164.957
233.000,2769.337
234.000,2927.585
235.000,3244.081
236.000,2769.337
237.000,2690.213
238.000,3164.957
239.000,3006.709
240.000,2690.213
241.000,3164.957
242.000,3164.957
243.000,2690.213
244.000,2927.585
245.000,3164.957
246.000,2769.337
247.000,2769.337
248.000,3244.081
249.000,3006.709
250.000,2690.213
251.000,3085.833
252.000,3164.957
253.000,2690.213
254.000,2927.585
255.000,3244.081
256.000,2848.461
257.000,2769.337
258.000,3244.081
259.000,3006.709
260.000,2690.213
261.000,3085.833
262.000,3085.833
263.000,2690.213
264.000,2927.585
265.000,3244.081
266.000,2848.461
267.000,2769.337
268.000,3244.081
269.000,2927.585
270.000,2690.213
271.000,3085.833
272.000,3164.957
273.000,2769.337
274.000,2927.585
275.000,3244.081
276.000,2848.461
277.000,2769.337
278.000,3164.957
279.000,2927.585
280.000,2690.213
281.000,3164.957
282.000,3164.957
283.000,2769.337
284.000,2927.585
285.000,3244.081
286.000,2769.337
287.000,2769.337
288.000,3164.957
289.000,3006.709
290.000,2690.213
291.000,3164.957
292.000,3164.957
293.000,2690.213
294.000,2927.585
295.000,3164.957
296.000,2769.337
297.000,2769.337
298.000,3244.081
299.000,3006.709
300.000,2690.213
301.000,3085.833
302.000,3085.833
303.000,2690.213
304.000,2927.585
305.000,3244.081
306.000,2848.461
307.000,2848.461
308.000,3244.081
309.000,3006.709
310.000,2690.213
311.000,3085.833
312.000,3085.833
313.000,2690.213
314.000,2927.585
315.000,3244.081
316.000,2848.461
317.000,2769.337
318.000,3244.081
319.000,2927.585
320.000,2611.089
321.000,3085.833
322.000,3164.957
323.000,2769.337
324.000,3006.709
325.000,3244.081
326.000,2848.461
327.000,2769.337
328.000,3164.957
329.000,2927.585
330.000,2690.213
331.000,3085.833
332.000,3164.957
333.000,2769.337
334.000,2927.585
335.000,3244.081
336.000,2769.337
337.000,2690.213
338.000,3164.957
339.000,3006.709
340.000,2690.213
341.000,3164.957
342.000,3164.957
343.000,2690.213
344.000,2927.585
345.000,3164.957
346.000,2769.337
347.000,2769.337
348.000,3244.081
349.000,3006.709
350.000,2690.213
351.000,3085.833
352.000,3164.957
353.000,2690.213
354.000,2927.585
355.000,3244.081
356.000,2848.461
357.000,2848.461
358.000,3244.081
359.000,3006.709
360.000,2690.213
361.000,3085.833
362.000,3085.833
363.000,2690.213
364.000,2927.585
365.000,3244.081
366.000,2848.461
367.000,2769.337
368.000,3244.081
369.000,2927.585
370.000,2611.089
371.000,3085.833
372.000,3164.957
373.000,2769.337
374.000,2927.585
375.000,3244.081
376.000,2848.461
377.000,2769.337
378.000,3164.957
379.000,2927.585
380.000,2690.213
381.000,3085.833
382.000,3164.957
383.000,2769.337
384.000,2927.585
385.000,3244.081
386.000,2769.337
387.000,2769.337
388.000,3164.957
389.000,3006.709
390.000,2690.213
391.000,3164.957
392.000,3164.957
393.000,2690.213
394.000,2927.585
395.000,3164.957
396.000,2769.337
397.000,2769.337
398.000,3244.081
399.000,3006.709
400.000,2690.213
401.000,3085.833
402.000,3085.833
403.000,2690.213
404.000,2927.585
405.000,3244.081
406.000,2848.461
407.000,2769.337
408.000,3244.081
409.000,3006.709
410.000,2690.213
411.000,3085.833
412.000,3085.833
413.000,2690.213
414.000,2927.585
415.000,3244.081
416.000,2848.461
417.000,2769.337
418.000,3164.957
419.000,2927.585
420.000,2611.089
421.000,3085.833
422.000,3164.957
423.000,2769.337
424.000,3006.709
425.000,3244.081
426.000,2848.461
427.000,2769.337
428.000,3164.957
429.000,2927.585
430.000,2690.213
431.000,3164.957
432.000,3164.957
433.000,2769.337
434.000,2927.585
435.000,3244.081
436.000,2769.337
437.000,2690.213
438.000,3164.957
439.000,3006.709
440.000,2690.213
441.000,3164.957
442.000,3164.957
443.000,2690.213
444.000,2927.585
445.000,3164.957
446.000,2769.337
447.000,2769.337
448.000,3244.081
449.000,3006.709
450.000,2690.213
451.000,3085.833
452.000,3164.957
453.000,2690.213
454.000,2927.585
455.000,3244.081
456.000,2848.461
457.000,2769.337
458.000,3244.081
459.000,3006.709
460.000,2690.213
461.000,3085.833
462.000,3085.833
463.000,2690.213
464.000,2927.585
465.000,3244.081
466.000,2848.461
467.000,2769.337
468.000,3164.957
469.000,2927.585
470.000,2611.089
471.000,3085.833
472.000,3164.957
473.000,2769.337
474.000,3006.709
475.000,3244.081
476.000,2848.461
477.000,2769.337
478.000,3164.957
479.000,2927.585
480.000,2690.213
481.000,3085.833
482.000,3164.957
483.000,2769.337
484.000,2927.585
485.000,3244.081
486.000,2769.337
487.000,2690.213
488.000,3164.957
489.000,3006.709
490.000,2690.213
491.000,3164.957
492.000,3164.957
493.000,2690.213
494.000,2927.585
495.000,3164.957
496.000,2769.337
497.000,2769.337
498.000,3244.081
499.000,3006.709
500.000,2690.213
501.000,3085.833
502.000,3164.957
503.000,2690.213
504.000,2927.585
505.000,3244.081
506.000,2848.461
507.000,2769.337
508.000,3244.081
509.000,3006.709
510.000,2690.213
511.000,3085.833
512.000,3164.957
513.000,2690.213
514.000,2927.585
515.000,3244.081
516.000,2848.461
517.000,2769.337
518.000,3164.957
519.000,2927.585
520.000,2611.089
521.000,3085.833
522.000,3164.957
523.000,2769.337
524.000,3006.709
525.000,3244.081
526.000,2848.461
527.000,2769.337
528.000,3164.957
529.000,2927.585
530.000,2690.213
531.000,3164.957
532.000,3164.957
533.000,2769.337
534.000,2927.585
535.000,3244.081
536.000,2769.337
537.000,2769.337
538.000,3164.957
539.000,3006.709
540.000,2690.213
541.000,3164.957
542.000,3164.957
543.000,2690.213
544.000,2927.585
545.000,3164.957
546.000,2769.337
547.000,2769.337
548.000,3244.081
549.000,3006.709
550.000,2690.213
551.000,3085.833
552.000,3164.957
553.000,2690.213
554.000,2927.585
555.000,3244.081
556.000,2848.461
557.000,2769.337
558.000,3244.081
559.000,3006.709
560.000,2690.213
561.000,3085.833
562.000,3085.833
563.000,2690.213
564.000,2927.585
565.000,3244.081
566.000,2848.461
567.000,2769.337
568.000,3164.957
569.000,2927.585
570.000,2611.089
571.000,3085.833
572.000,3164.957
573.000,2769.337
574.000,3006.709
575.000,3244.081
576.000,2848.461
577.000,2769.337
578.000,3164.957
579.000,2927.585
580.000,2690.213
581.000,3085.833
582.000,3164.957
583.000,2769.337
584.000,2927.585
585.000,3244.081
586.000,2769.337
587.000,2769.337
588.000,3164.957
589.000,3006.709
590.000,2690.213
591.000,3164.957
592.000,3164.957
593.000,2690.213
594.000,2927.585
595.000,3244.081
596.000,2769.337
597.000,2769.337
598.000,3244.081
599.000,3006.709
600.000,2690.213
601.000,3085.833
602.000,3164.957
603.000,2690.213
604.000,2927.585
605.000,3244.081
606.000,2848.461
607.000,2769.337
608.000,3244.081
609.000,3006.709
610.000,2690.213
611.000,3085.833
612.000,3164.957
613.000,2690.213
614.000,2927.585
615.000,3244.081
616.000,2848.461
617.000,2769.337
618.000,3164.957
619.000,2927.585
620.000,2611.089
621.000,3085.833
622.000,3164.957
623.000,2769.337
624.000,2927.585
625.000,3244.081
626.000,2848.461
627.000,2769.337
628.000,3164.957
629.000,2927.585
630.000,2690.213
631.000,3085.833
632.000,3164.957
633.000,2769.337
634.000,2927.585
635.000,3244.081
636.000,2769.337
637.000,2769.337
638.000,3164.957
639.000,3006.709
640.000,2690.213
641.000,3164.957
642.000,3164.957
643.000,2690.213
644.000,2927.585
645.000,3244.081
646.000,2769.337
647.000,2769.337
648.000,3244.081
649.000,3006.709
650.000,2690.213
651.000,3085.833
652.000,3164.957
653.000,2690.213
654.000,2927.585
655.000,3244.081
656.000,2848.461
657.000,2769.337
658.000,3244.081
659.000,3006.709
660.000,2690.213
661.000,3085.833
662.000,3164.957
663.000,2690.213
664.000,2927.585
665.000,3244.081
666.000,2848.461
667.000,2769.337
668.000,3164.957
669.000,2927.585
670.000,2611.089
671.000,3085.833
672.000,3164.957
673.000,2769.337
674.000,2927.585
675.000,3244.081
676.000,2848.461
677.000,2769.337
678.000,3164.957
679.000,2927.585
680.000,2690.213
681.000,3085.833
682.000,3164.957
683.000,2769.337
684.000,2927.585
685.000,3244.081
686.000,2769.337
687.000,2690.213
688.000,3164.957
689.000,3006.709
690.000,2690.213
691.000,3164.957
692.000,3164.957
693.000,2690.213
694.000,2927.585
695.000,3164.957
696.000,2769.337
697.000,2769.337
698.000,3244.081
699.000,3006.709
700.000,2690.213
701.000,3085.833
702.000,3164.957
703.000,2690.213
704.000,2927.585
705.000,3244.081
706.000,2848.461
707.000,2769.337
708.000,3244.081
709.000,3006.709
710.000,2690.213
711.000,3085.833
712.000,3085.833
713.000,2690.213
714.000,2927.585
715.000,3244.081
716.000,2848.461
717.000,2769.337
718.000,3244.081
719.000,3006.709
720.000,2611.089
721.000,3085.833
722.000,3164.957
723.000,2769.337
724.000,2927.585
725.000,3244.081
726.000,2848.461
727.000,2769.337
728.000,3164.957
729.000,3006.709
730.000,2690.213
731.000,3085.833
732.000,3164.957
733.000,2769.337
734.000,2927.585
735.000,3244.081
736.000,2769.337
737.000,2769.337
738.000,3164.957
739.000,3006.709
740.000,2690.213
741.000,3164.957
742.000,3164.957
743.000,2690.213
744.000,2927.585
745.000,3164.957
746.000,2769.337
747.000,2769.337
748.000,3244.081
749.000,3006.709
750.000,2690.213
751.000,3085.833
752.000,3164.957
753.000,2690.213
754.000,2927.585
755.000,3244.081
756.000,2848.461
757.000,2769.337
758.000,3244.081
759.000,3006.709
760.000,2690.213
761.000,3085.833
762.000,3164.957
763.000,2690.213
764.000,2927.585
765.000,3244.081
766.000,2848.461
767.000,2769.337
768.000,3164.957
769.000,3006.709
770.000,2690.213
771.000,3085.833
772.000,3164.957
773.000,2769.337
774.000,2927.585
775.000,3244.081
776.000,2848.461
777.000,2769.337
778.000,3164.957
779.000,3006.709
780.000,2690.213
781.000,3164.957
782.000,3164.957
783.000,2769.337
784.000,2927.585
785.000,3244.081
786.000,2769.337
787.000,2690.213
788.000,3164.957
789.000,3006.709
790.000,2690.213
791.000,3164.957
792.000,3164.957
793.000,2690.213
794.000,2927.585
795.000,3164.957
796.000,2769.337
797.000,2769.337
798.000,3244.081
799.000,3006.709
800.000,2690.213
801.000,3085.833
802.000,3164.957
803.000,2690.213
804.000,2848.461
805.000,3244.081
806.000,2848.461
807.000,2769.337
808.000,3244.081
809.000,3006.709
810.000,2690.213
811.000,3085.833
812.000,3085.833
813.000,2690.213
814.000,2927.585
815.000,3244.081
816.000,2848.461
817.000,2769.337
818.000,3244.081
819.000,3006.709
820.000,2611.089
821.000,3085.833
822.000,3164.957
823.000,2769.337
824.000,2927.585
825.000,3244.081
826.000,2848.461
827.000,2769.337
828.000,3164.957
829.000,3006.709
830.000,2690.213
831.000,3085.833
832.000,3164.957
833.000,2769.337
834.000,2927.585
835.000,3244.081
836.000,2769.337
837.000,2769.337
838.000,3164.957
839.000,3006.709
840.000,2690.213
841.000,3164.957
842.000,3164.957
843.000,2690.213
844.000,2927.585
845.000,3164.957
846.000,2769.337
847.000,2769.337
848.000,3244.081
849.000,3006.709
850.000,2690.213
851.000,3085.833
852.000,3164.957
853.000,2690.213
854.000,2927.585
855.000,3244.081
856.000,2848.461
857.000,2769.337
858.000,3244.081
859.000,3006.709
860.000,2690.213
861.000,3085.833
862.000,3085.833
863.000,2690.213
864.000,2927.585
865.000,3244.081
866.000,2848.461
867.000,2769.337
868.000,3244.081
869.000,3006.709
870.000,2690.213
871.000,3085.833
872.000,3164.957
873.000,2769.337
874.000,2927.585
875.000,3244.081
876.000,2848.461
877.000,2769.337
878.000,3164.957
879.000,3006.709
880.000,2690.213
881.000,3085.833
882.000,3164.957
883.000,2769.337
884.000,2927.585
885.000,3244.081
886.000,2769.337
887.000,2769.337
888.000,3164.957
889.000,3006.709
890.000,2690.213
891.000,3164.957
892.000,3164.957
893.000,2690.213
894.000,2927.585
895.000,3244.081
896.000,2769.337
897.000,2769.337
898.000,3244.081
899.000,3006.709
900.000,2690.213
901.000,3085.833
902.000,3164.957
903.000,2690.213
904.000,2927.585
905.000,3244.081
906.000,2848.461
907.000,2769.337
908.000,3244.081
909.000,3006.709
910.000,2690.213
911.000,3085.833
912.000,3085.833
913.000,2690.213
914.000,2927.585
915.000,3244.081
916.000,2848.461
917.000,2769.337
918.000,3164.957
919.000,2927.585
920.000,2611.089
921.000,3085.833
922.000,3164.957
923.000,2769.337
924.000,3006.709
925.000,3244.081
926.000,2848.461
927.000,2769.337
928.000,3164.957
929.000,2927.585
930.000,2690.213
931.000,3085.833
932.000,3164.957
933.000,2769.337
934.000,2927.585
935.000,3244.081
936.000,2769.337
937.000,2690.213
938.000,3164.957
939.000,3006.709
940.000,2690.213
941.000,3164.957
942.000,3164.957
943.000,2690.213
944.000,2927.585
945.000,3244.081
946.000,2769.337
947.000,2769.337
948.000,3244.081
949.000,3006.709
950.000,2690.213
951.000,3085.833
952.000,3164.957
953.000,2690.213
954.000,2927.585
955.000,3244.081
956.000,2848.461
957.000,2769.337
958.000,3244.081
959.000,3006.709
960.000,2690.213
961.000,3085.833
962.000,3164.957
963.000,2690.213
964.000,2927.585
965.000,3244.081
966.000,2848.461
967.000,2769.337
968.000,3164.957
969.000,2927.585
970.000,2611.089
971.000,3085.833
972.000,3164.957
973.000,2769.337
974.000,3006.709
975.000,3244.081
976.000,2848.461
977.000,2769.337
978.000,3164.957
979.000,2927.585
980.000,2690.213
981.000,3085.833
982.000,3164.957
983.000,2769.337
984.000,2927.585
985.000,3244.081
986.000,2769.337
987.000,2690.213
988.000,3164.957
989.000,3006.709
990.000,2690.213
991.000,3164.957
992.000,3164.957
993.000,2690.213
994.000,2927.585
995.000,3164.957
996.000,2769.337
997.000,2769.337
998.000,3244.081
999.000,3006.709
1000.000,2690.213
1001.000,3085.833
1002.000,3164.957
1003.000,2690.213
1004.000,2927.585
1005.000,3244.081
1006.000,2848.461
1007.000,2769.337
1008.000,3244.081
1009.000,3006.709
1010.000,2690.213
1011.000,3085.833
1012.000,3164.957
1013.000,2690.213
1014.000,2927.585
1015.000,3244.081
1016.000,2848.461
1017.000,2769.337
1018.000,3164.957
1019.000,2927.585
1020.000,2611.089
1021.000,3085.833
1022.000,3164.957
1023.000,2769.337
1024.000,2927.585
1025.000,3244.081
1026.000,2848.461
1027.000,2769.337
1028.000,3164.957
1029.000,2927.585
1030.000,2690.213
1031.000,3085.833
1032.000,3244.081
1033.000,2769.337
1034.000,2927.585
1035.000,3244.081
1036.000,2769.337
1037.000,2690.213
1038.000,3164.957
1039.000,3006.709
1040.000,2690.213
1041.000,3164.957
1042.000,3164.957
1043.000,2690.213
1044.000,2927.585
1045.000,3164.957
1046.000,2769.337
1047.000,2769.337
1048.000,3244.081
1049.000,3006.709
1050.000,2690.213
1051.000,3085.833
1052.000,3164.957
1053.000,2690.213
1054.000,2848.461
1055.000,3244.081
1056.000,2848.461
1057.000,2769.337
1058.000,3244.081
1059.000,3006.709
1060.000,2690.213
1061.000,3085.833
1062.000,3085.833
1063.000,2690.213
1064.000,2927.585
1065.000,3244.081
1066.000,2848.461
1067.000,2769.337
1068.000,3244.081
1069.000,3006.709
1070.000,2611.089
1071.000,3085.833
1072.000,3164.957
1073.000,2769.337
1074.000,2927.585
1075.000,3244.081
1076.000,2848.461
1077.000,2769.337
1078.000,3164.957
1079.000,2927.585
1080.000,2690.213
1081.000,3085.833
1082.000,3164.957
1083.000,2769.337
1084.000,2927.585
1085.000,3244.081
1086.000,2769.337
1087.000,2690.213
1088.000,3164.957
1089.000,3006.709
1090.000,2690.213
1091.000,3164.957
1092.000,3164.957
1093.000,2690.213
1094.000,2927.585
1095.000,3164.957
1096.000,2769.337
1097.000,2769.337
1098.000,3244.081
1099.000,3006.709
1100.000,2690.213
1101.000,3085.833
1102.000,3164.957
1103.000,2690.213
1104.000,2848.461
1105.000,3244.081
1106.000,2848.461
1107.000,2769.337
1108.000,3244.081
1109.000,3006.709
1110.000,2690.213
1111.000,3085.833
1112.000,3085.833
1113.000,2690.213
1114.000,2927.585
1115.000,3244.081
1116.000,2848.461
1117.000,2769.337
1118.000,3244.081
1119.000,3006.709
1120.000,2611.089
1121.000,3085.833
1122.000,3164.957
1123.000,2769.337
1124.000,2927.585
1125.000,3244.081
1126.000,2848.461
1127.000,2769.337
1128.000,3164.957
1129.000,3006.709
1130.000,2690.213
1131.000,3085.833
1132.000,3164.957
1133.000,2769.337
1134.000,2927.585
1135.000,3244.081
1136.000,2769.337
1137.000,2690.213
1138.000,3164.957
1139.000,3006.709
1140.000,2690.213
1141.000,3164.957
1142.000,3164.957
1143.000,2690.213
1144.000,2848.461
1145.000,3164.957
1146.000,2769.337
1147.000,2769.337
1148.000,3244.081
1149.000,3006.709
1150.000,2690.213
1151.000,3085.833
1152.000,3164.957
1153.000,2690.213
1154.000,2848.461
1155.000,3244.081
1156.000,2848.461
1157.000,2769.337
1158.000,3244.081
1159.000,3006.709
1160.000,2690.213
1161.000,3085.833
1162.000,3085.833
1163.000,2690.213
1164.000,2927.585
1165.000,3244.081
1166.000,2848.461
1167.000,2769.337
1168.000,3244.081
1169.000,3006.709
1170.000,2611.089
1171.000,3085.833
1172.000,3164.957
1173.000,2769.337
1174.000,2927.585
1175.000,3244.081
1176.000,2848.461
1177.000,2769.337
1178.000,3164.957
1179.000,2927.585
1180.000,2690.213
1181.000,3085.833
1182.000,3164.957
1183.000,2769.337
1184.000,2927.585
1185.000,3244.081
1186.000,2769.337
1187.000,2690.213
1188.000,3164.957
1189.000,3006.709
1190.000,2690.213
1191.000,3164.957
1192.000,3164.957
1193.000,2690.213
1194.000,2927.585
1195.000,3244.081
1196.000,2769.337
1197.000,2769.337
1198.000,3244.081
1199.000,3006.709
1200.000,2690.213
1201.000,3085.833
1202.000,3164.957
1203.000,2690.213
1204.000,2927.585
1205.000,3244.081
1206.000,2848.461
1207.000,2769.337
1208.000,3244.081
1209.000,3006.709
1210.000,2690.213
1211.000,3085.833
1212.000,3085.833
1213.000,2690.213
1214.000,2927.585
1215.000,3244.081
1216.000,2848.461
1217.000,2769.337
1218.000,3164.957
1219.000,3006.709
1220.000,2611.089
1221.000,3085.833
1222.000,3164.957
1223.000,2769.337
1224.000,2927.585
1225.000,3244.081
1226.000,2848.461
1227.000,2769.337
1228.000,3164.957
1229.000,2927.585
1230.000,2690.213
1231.000,3085.833
1232.000,3164.957
1233.000,2769.337
1234.000,2927.585
1235.000,3244.081
1236.000,2769.337
1237.000,2690.213
1238.000,3164.957
1239.000,3006.709
1240.000,2690.213
1241.000,3164.957
1242.000,3164.957
1243.000,2690.213
1244.000,2927.585
1245.000,3244.081
1246.000,2769.337
1247.000,2769.337
1248.000,3244.081
1249.000,3006.709
1250.000,2690.213
1251.000,3085.833
1252.000,3164.957
1253.000,2690.213
1254.000,2927.585
1255.000,3244.081
1256.000,2848.461
1257.000,2769.337
1258.000,3244.081
1259.000,3006.709
1260.000,2690.213
1261.000,3085.833
1262.000,3085.833
1263.000,2690.213
1264.000,2927.585
1265.000,3244.081
1266.000,2848.461
1267.000,2769.337
1268.000,3164.957
1269.000,2927.585
1270.000,2611.089
1271.000,3085.833
1272.000,3164.957
1273.000,2769.337
1274.000,3006.709
1275.000,3244.081
1276.000,2848.461
1277.000,2690.213
1278.000,3164.957
1279.000,2927.585
1280.000,2690.213
1281.000,3085.833
1282.000,3244.081
1283.000,2769.337
1284.000,2927.585
1285.000,3244.081
1286.000,2769.337
1287.000,2690.213
1288.000,3164.957
1289.000,3006.709
1290.000,2690.213
1291.000,3164.957
1292.000,3164.957
1293.000,2690.213
1294.000,2927.585
1295.000,3164.957
1296.000,2769.337
1297.000,2769.337
1298.000,3244.081
1299.000,3006.709
1300.000,2690.213
1301.000,3085.833
1302.000,3164.957
1303.000,2690.213
1304.000,2848.461
1305.000,3244.081
1306.000,2848.461
1307.000,2769.337
1308.000,3244.081
1309.000,3006.709
1310.000,2690.213
1311.000,3085.833
1312.000,3164.957
1313.000,2690.213
1314.000,2927.585
1315.000,3244.081
1316.000,2848.461
1317.000,2769.337
1318.000,3164.957
1319.000,3006.709
1320.000,2611.089
1321.000,3085.833
1322.000,3164.957
1323.000,2769.337
1324.000,2927.585
1325.000,3244.081
1326.000,2848.461
1327.000,2769.337
1328.000,3164.957
1329.000,3006.709
1330.000,2690.213
1331.000,3085.833
1332.000,3244.081
1333.000,2769.337
1334.000,2927.585
1335.000,3244.081
1336.000,2769.337
1337.000,2690.213
1338.000,3164.957
1339.000,3006.709
1340.000,2690.213
1341.000,3164.957
1342.000,3164.957
1343.000,2690.213
1344.000,2927.585
1345.000,3164.957
1346.000,2769.337
1347.000,2769.337
1348.000,3244.081
1349.000,3085.833
1350.000,2690.213
1351.000,3085.833
1352.000,3164.957
1353.000,2690.213
1354.000,2848.461
1355.000,3244.081
1356.000,2848.461
1357.000,2769.337
1358.000,3244.081
1359.000,3006.709
1360.000,2690.213
1361.000,3085.833
1362.000,3164.957
1363.000,2690.213
1364.000,2927.585
1365.000,3244.081
1366.000,2848.461
1367.000,2769.337
1368.000,3164.957
1369.000,3006.709
1370.000,2611.089
1371.000,3085.833
1372.000,3164.957
1373.000,2769.337
1374.000,2927.585
1375.000,3244.081
1376.000,2848.461
1377.000,2769.337
1378.000,3164.957
1379.000,3006.709
1380.000,2690.213
1381.000,3085.833
1382.000,3244.081
1383.000,2769.337
1384.000,2927.585
1385.000,3244.081
1386.000,2769.337
1387.000,2690.213
1388.000,3164.957
1389.000,3006.709
1390.000,2690.213
1391.000,3164.957
1392.000,3164.957
1393.000,2690.213
1394.000,2848.461
1395.000,3164.957
1396.000,2769.337
1397.000,2769.337
1398.000,3244.081
1399.000,3085.833
1400.000,2690.213
1401.000,3085.833
1402.000,3164.957
1403.000,2690.213
1404.000,2848.461
1405.000,3244.081
1406.000,2848.461
1407.000,2769.337
1408.000,3244.081
1409.000,3006.709
1410.000,2690.213
1411.000,3085.833
1412.000,3085.833
1413.000,2690.213
1414.000,2927.585
1415.000,3244.081
1416.000,2848.461
1417.000,2769.337
1418.000,3244.081
1419.000,3006.709
1420.000,2611.089
1421.000,3085.833
1422.000,3164.957
1423.000,2769.337
1424.000,2927.585
1425.000,3244.081
1426.000,2848.461
1427.000,2769.337
1428.000,3164.957
1429.000,2927.585
1430.000,2690.213
1431.000,3085.833
1432.000,3164.957
1433.000,2769.337
1434.000,2927.585
1435.000,3244.081
1436.000,2769.337
1437.000,2690.213
1438.000,3164.957
1439.000,3006.709
1440.000,2690.213
1441.000,3164.957
1442.000,3164.957
1443.000,2690.213
1444.000,2927.585
1445.000,3164.957
1446.000,2769.337
1447.000,2769.337
1448.000,3244.081
1449.000,3006.709
1450.000,2690.213
1451.000,3085.833
1452.000,3164.957
1453.000,2690.213
1454.000,2927.585
1455.000,3244.081
1456.000,2848.461
1457.000,2769.337
1458.000,3244.081
1459.000,3006.709
1460.000,2690.213
1461.000,3085.833
1462.000,3164.957
1463.000,2690.213
1464.000,2927.585
1465.000,3244.081
1466.000,2848.461
1467.000,2769.337
1468.000,3164.957
1469.000,3006.709
1470.000,2611.089
1471.000,3085.833
1472.000,3164.957
1473.000,2769.337
1474.000,2927.585
1475.000,3244.081
1476.000,2848.461
1477.000,2690.213
1478.000,3164.957
1479.000,2927.585
1480.000,2690.213
1481.000,3085.833
1482.000,3244.081
1483.000,2769.337
1484.000,2927.585
1485.000,3244.081
1486.000,2769.337
1487.000,2690.213
1488.000,3164.957
1489.000,3006.709
1490.000,2690.213
1491.000,3164.957
1492.000,3164.957
1493.000,2690.213
1494.000,2848.461
1495.000,3164.957
1496.000,2769.337
1497.000,2769.337
1498.000,3244.081
1499.000,3085.833
1500.000,2690.213
1501.000,3085.833
1502.000,3164.957
1503.000,2690.213
1504.000,2848.461
1505.000,3244.081
1506.000,2848.461
1507.000,2769.337
1508.000,3244.081
1509.000,3006.709
1510.000,2690.213
1511.000,3085.833
1512.000,3085.833
1513.000,2690.213
1514.000,2927.585
1515.000,3244.081
1516.000,2848.461
1517.000,2769.337
1518.000,3164.957
1519.000,3006.709
1520.000,2611.089
1521.000,3085.833
1522.000,3164.957
1523.000,2769.337
1524.000,2927.585
1525.000,3244.081
1526.000,2848.461
1527.000,2769.337
1528.000,3164.957
1529.000,2927.585
1530.000,2690.213
1531.000,3085.833
1532.000,3244.081
1533.000,2769.337
1534.000,2927.585
1535.000,3244.081
1536.000,2769.337
1537.000,2690.213
1538.000,3164.957
1539.000,3006.709
1540.000,2690.213
1541.000,3164.957
1542.000,3164.957
1543.000,2690.213
1544.000,2927.585
1545.000,3164.957
1546.000,2769.337
1547.000,2769.337
1548.000,3244.081
1549.000,3006.709
1550.000,2690.213
1551.000,3085.833
1552.000,3164.957
1553.000,2690.213
1554.000,2848.461
1555.000,3244.081
1556.000,2848.461
1557.000,2769.337
1558.000,3244.081
1559.000,3006.709
1560.000,2690.213
1561.000,3085.833
1562.000,3164.957
1563.000,2690.213
1564.000,2927.585
1565.000,3244.081
1566.000,2848.461
1567.000,2769.337
1568.000,3164.957
1569.000,3006.709
1570.000,2611.089
1571.000,3085.833
1572.000,3164.957
1573.000,2769.337
1574.000,2927.585
1575.000,3244.081
1576.000,2848.461
1577.000,2690.213
1578.000,3164.957
1579.000,3006.709
1580.000,2690.213
1581.000,3085.833
1582.000,3244.081
1583.000,2769.337
1584.000,2927.585
1585.000,3244.081
1586.000,2769.337
1587.000,2690.213
1588.000,3164.957
1589.000,3006.709
1590.000,2690.213
1591.000,3164.957
1592.000,3164.957
1593.000,2690.213
1594.000,2848.461
1595.000,3164.957
1596.000,2769.337
1597.000,2769.337
1598.000,3244.081
1599.000,3006.709
1600.000,2690.213
1601.000,3085.833
1602.000,3164.957
1603.000,2690.213
1604.000,2848.461
1605.000,3244.081
1606.000,2848.461
1607.000,2769.337
1608.000,3244.081
1609.000,3006.709
1610.000,2690.213
1611.000,3085.833
1612.000,3164.957
1613.000,2690.213
1614.000,2927.585
1615.000,3244.081
1616.000,2848.461
1617.000,2769.337
1618.000,3164.957
1619.000,3006.709
1620.000,2611.089
1621.000,3085.833
1622.000,3164.957
1623.000,2769.337
1624.000,2927.585
1625.000,3244.081
1626.000,2848.461
1627.000,2690.213
1628.000,3164.957
1629.000,3006.709
1630.000,2690.213
1631.000,3085.833
1632.000,3244.081
1633.000,2769.337
1634.000,2927.585
1635.000,3244.081
1636.000,2769.337
1637.000,2690.213
1638.000,3164.957
1639.000,3006.709
1640.000,2690.213
1641.000,3164.957
1642.000,3164.957
1643.000,2690.213
1644.000,2848.461
1645.000,3164.957
1646.000,2769.337
1647.000,2769.337
1648.000,3244.081
1649.000,3085.833
1650.000,2690.213
1651.000,3085.833
1652.000,3164.957
1653.000,2690.213
1654.000,2848.461
1655.000,3244.081
1656.000,2848.461
1657.000,2769.337
1658.000,3244.081
1659.000,3006.709
1660.000,2690.213
1661.000,3085.833
1662.000,3164.957
1663.000,2690.213
1664.000,2927.585
1665.000,3244.081
1666.000,2848.461
1667.000,2769.337
1668.000,3164.957
1669.000,3006.709
1670.000,2611.089
1671.000,3085.833
1672.000,3164.957
1673.000,2769.337
1674.000,2927.585
1675.000,3244.081
1676.000,2848.461
1677.000,2769.337
1678.000,3164.957
1679.000,3006.709
1680.000,2690.213
1681.000,3085.833
1682.000,3164.957
1683.000,2769.337
1684.000,2927.585
1685.000,3244.081
1686.000,2769.337
1687.000,2690.213
1688.000,3164.957
1689.000,3006.709
1690.000,2690.213
1691.000,3164.957
1692.000,3164.957
1693.000,2690.213
1694.000,2848.461
1695.000,3164.957
1696.000,2848.461
1697.000,2769.337
1698.000,3244.081
1699.000,3085.833
1700.000,2690.213
1701.000,3085.833
1702.000,3164.957
1703.000,2690.213
1704.000,2848.461
1705.000,3244.081
1706.000,2848.461
1707.000,2769.337
1708.000,3244.081
1709.000,3006.709
1710.000,2690.213
1711.000,3085.833
1712.000,3085.833
1713.000,2690.213
1714.000,2927.585
1715.000,3244.081
1716.000,2848.461
1717.000,2769.337
1718.000,3164.957
1719.000,3006.709
1720.000,2611.089
1721.000,3085.833
1722.000,3164.957
1723.000,2769.337
1724.000,2927.585
1725.000,3244.081
1726.000,2848.461
1727.000,2769.337
1728.000,3164.957
1729.000,3006.709
1730.000,2690.213
1731.000,3085.833
1732.000,3164.957
1733.000,2769.337
1734.000,2927.585
1735.000,3244.081
1736.000,2769.337
1737.000,2690.213
1738.000,3164.957
1739.000,3006.709
1740.000,2690.213
1741.000,3085.833
1742.000,3164.957
1743.000,2690.213
1744.000,2848.461
1745.000,3244.081
1746.000,2848.461
1747.000,2769.337
1748.000,3244.081
1749.000,3085.833
1750.000,2690.213
1751.000,3085.833
1752.000,3164.957
1753.000,2690.213
1754.000,2848.461
1755.000,3244.081
1756.000,2848.461
1757.000,2769.337
1758.000,3244.081
1759.000,3006.709
1760.000,2690.213
1761.000,3006.709
1762.000,3085.833
1763.000,2690.213
1764.000,2927.585
1765.000,3244.081
1766.000,2848.461
1767.000,2769.337
1768.000,3164.957
1769.000,3006.709
1770.000,2611.089
1771.000,3085.833
1772.000,3164.957
1773.000,2769.337
1774.000,2927.585
1775.000,3244.081
1776.000,2848.461
1777.000,2769.337
1778.000,3164.957
1779.000,2927.585
1780.000,2690.213
1781.000,3085.833
1782.000,3164.957
1783.000,2769.337
1784.000,2927.585
1785.000,3244.081
1786.000,2769.337
1787.000,2690.213
1788.000,3164.957
1789.000,3006.709
1790.000,2690.213
1791.000,3164.957
1792.000,3164.957
1793.000,2769.337
1794.000,2927.585
1795.000,3244.081
1796.000,2769.337
1797.000,2769.337
1798.000,3244.081
1799.000,3006.709
1800.000,2690.213
1801.000,3085.833
1802.000,3164.957
1803.000,2690.213
1804.000,2927.585
1805.000,3244.081
1806.000,2848.461
1807.000,2769.337
1808.000,3244.081
1809.000,3006.709
1810.000,2690.213
1811.000,3085.833
1812.000,3164.957
1813.000,2690.213
1814.000,2927.585
1815.000,3244.081
1816.000,2848.461
1817.000,2769.337
1818.000,3164.957
1819.000,3006.709
1820.000,2611.089
1821.000,3085.833
1822.000,3164.957
1823.000,2769.337
1824.000,2927.585
1825.000,3244.081
1826.000,2848.461
1827.000,2690.213
1828.000,3164.957
1829.000,3006.709
1830.000,2690.213
1831.000,3085.833
1832.000,3244.081
1833.000,2769.337
1834.000,2927.585
1835.000,3244.081
1836.000,2769.337
1837.000,2690.213
1838.000,3164.957
1839.000,3006.709
1840.000,2690.213
1841.000,3164.957
1842.000,3164.957
1843.000,2690.213
1844.000,2848.461
1845.000,3164.957
1846.000,2769.337
1847.000,2769.337
1848.000,3244.081
1849.000,3085.833
1850.000,2690.213
1851.000,3085.833
1852.000,3164.957
1853.000,2690.213
1854.000,2848.461
1855.000,3244.081
1856.000,2848.461
1857.000,2769.337
1858.000,3244.081
1859.000,3006.709
1860.000,2690.213
1861.000,3085.833
1862.000,3164.957
1863.000,2690.213
1864.000,2927.585
1865.000,3244.081
1866.000,2848.461
1867.000,2769.337
1868.000,3164.957
1869.000,3006.709
1870.000,2611.089
1871.000,3085.833
1872.000,3164.957
1873.000,2769.337
1874.000,2927.585
1875.000,3244.081
1876.000,2848.461
1877.000,2690.213
1878.000,3164.957
1879.000,3006.709
1880.000,2690.213
1881.000,3085.833
1882.000,3244.081
1883.000,2769.337
1884.000,2927.585
1885.000,3244.081
1886.000,2769.337
1887.000,2690.213
1888.000,3164.957
1889.000,3006.709
1890.000,2690.213
1891.000,3164.957
1892.000,3164.957
1893.000,2690.213
1894.000,2848.461
1895.000,3164.957
1896.000,2769.337
1897.000,2769.337
1898.000,3244.081
1899.000,3085.833
1900.000,2690.213
1901.000,3085.833
1902.000,3164.957
1903.000,2690.213
1904.000,2848.461
1905.000,3244.081
1906.000,2848.461
1907.000,2769.337
1908.000,3244.081
1909.000,3006.709
1910.000,2690.213
1911.000,3085.833
1912.000,3164.957
1913.000,2690.213
1914.000,2927.585
1915.000,3244.081
1916.000,2848.461
1917.000,2769.337
1918.000,3244.081
1919.000,3006.709
1920.000,2690.213
1921.000,3085.833
1922.000,3164.957
1923.000,2769.337
1924.000,2927.585
1925.000,3244.081
1926.000,2848.461
1927.000,2769.337
1928.000,3164.957
1929.000,3006.709
1930.000,2690.213
1931.000,3085.833
1932.000,3164.957
1933.000,2769.337
1934.000,2927.585
1935.000,3244.081
1936.000,2769.337
1937.000,2690.213
1938.000,3164.957
1939.000,3006.709
1940.000,2690.213
1941.000,3085.833
1942.000,3164.957
1943.000,2690.213
1944.000,2848.461
1945.000,3164.957
1946.000,2848.461
1947.000,2769.337
1948.000,3244.081
1949.000,3085.833
1950.000,2690.213
1951.000,3085.833
1952.000,3164.957
1953.000,2690.213
1954.000,2848.461
1955.000,3244.081
1956.000,2848.461
1957.000,2769.337
1958.000,3244.081
1959.000,3006.709
1960.000,2690.213
1961.000,3085.833
1962.000,3164.957
1963.000,2690.213
1964.000,2927.585
1965.000,3244.081
1966.000,2848.461
1967.000,2769.337
1968.000,3164.957
1969.000,3006.709
1970.000,2611.089
1971.000,3085.833
1972.000,3164.957
1973.000,2769.337
1974.000,2927.585
1975.000,3244.081
1976.000,2848.461
1977.000,2769.337
1978.000,3164.957
1979.000,3006.709
1980.000,2690.213
1981.000,3085.833
1982.000,3244.081
1983.000,2769.337
1984.000,2927.585
1985.000,3244.081
1986.000,2769.337
1987.000,2690.213
1988.000,3164.957
1989.000,3006.709
1990.000,2690.213
1991.000,3164.957
1992.000,3164.957
1993.000,2690.213
1994.000,2848.461
1995.000,3164.957
1996.000,2769.337
1997.000,2769.337
1998.000,3244.081
1999.000,3085.833
2000.000,2690.213
2001.000,3085.833
2002.000,3164.957
2003.000,2690.213
2004.000,2848.461
2005.000,3244.081
2006.000,2848.461
2007.000,2769.337
2008.000,3244.081
2009.000,3006.709
2010.000,2690.213
2011.000,3085.833
2012.000,3164.957
2013.000,2690.213
2014.000,2927.585
2015.000,3244.081
2016.000,2848.461
2017.000,2769.337
2018.000,3244.081
2019.000,3006.709
2020.000,2611.089
2021.000,3085.833
2022.000,3164.957
2023.000,2769.337
2024.000,2927.585
2025.000,3244.081
2026.000,2848.461
2027.000,2769.337
2028.000,3164.957
2029.000,3006.709
2030.000,2690.213
2031.000,3085.833
2032.000,3164.957
2033.000,2769.337
2034.000,2927.585
2035.000,3244.081
2036.000,2848.461
2037.000,2690.213
2038.000,3164.957
2039.000,3006.709
2040.000,2690.213
2041.000,3085.833
2042.000,3164.957
2043.000,2690.213
2044.000,2927.585
2045.000,3244.081
2046.000,2848.461
2047.000,2769.337
2048.000,3244.081
2049.000,3006.709
2050.000,2690.213
2051.000,3085.833
2052.000,3164.957
2053.000,2690.213
2054.000,2848.461
2055.000,3244.081
2056.000,2848.461
2057.000,2769.337
2058.000,3244.081
2059.000,3006.709
2060.000,2690.213
2061.000,3085.833
2062.000,3164.957
2063.000,2690.213
2064.000,2927.585
2065.000,3244.081
2066.000,2848.461
2067.000,2769.337
2068.000,3164.957
2069.000,3006.709
2070.000,2611.089
2071.000,3085.833
2072.000,3164.957
2073.000,2769.337
2074.000,2927.585
2075.000,3244.081
2076.000,2848.461
2077.000,2769.337
2078.000,3164.957
2079.000,2927.585
2080.000,2690.213
2081.000,3085.833
2082.000,3164.957
2083.000,2769.337
2084.000,2927.585
2085.000,3244.081
2086.000,2769.337
2087.000,2690.213
2088.000,3164.957
2089.000,3006.709
2090.000,2690.213
2091.000,3085.833
2092.000,3164.957
2093.000,2690.213
2094.000,2927.585
2095.000,3244.081
2096.000,2769.337
2097.000,2769.337
2098.000,3244.081
2099.000,3006.709
2100.000,2690.213
2101.000,3085.833
2102.000,3164.957
2103.000,2690.213
2104.000,2848.461
2105.000,3244.081
2106.000,2848.461
2107.000,2769.337
2108.000,3244.081
2109.000,3006.709
2110.000,2690.213
2111.000,3085.833
2112.000,3164.957
2113.000,2690.213
2114.000,2927.585
2115.000,3244.081
2116.000,2848.461
2117.000,2769.337
2118.000,3164.957
2119.000,3006.709
2120.000,2611.089
2121.000,3085.833
2122.000,3164.957
2123.000,2769.337
2124.000,2927.585
2125.000,3244.081
2126.000,2848.461
2127.000,2769.337
2128.000,3164.957
2129.000,3006.709
2130.000,2690.213
2131.000,3085.833
2132.000,3244.081
2133.000,2769.337
2134.000,2927.585
2135.000,3244.081
2136.000,2769.337
2137.000,2690.213
2138.000,3164.957
2139.000,3006.709
2140.000,2690.213
2141.000,3085.833
2142.000,3164.957
2143.000,2769.337
2144.000,2927.585
2145.000,3244.081
2146.000,2769.337
2147.000,2769.337
2148.000,3244.081
2149.000,3006.709
2150.000,2690.213
2151.000,3085.833
2152.000,3164.957
2153.000,2690.213
2154.000,2848.461
2155.000,3244.081
2156.000,2848.461
2157.000,2769.337
2158.000,3244.081
2159.000,3006.709
2160.000,2690.213
2161.000,3085.833
2162.000,3164.957
2163.000,2690.213
2164.000,2927.585
2165.000,3244.081
2166.000,2848.461
2167.000,2769.337
2168.000,3164.957
2169.000,3006.709
2170.000,2690.213
2171.000,3085.833
2172.000,3164.957
2173.000,2769.337
2174.000,2927.585
2175.000,3244.081
2176.000,2848.461
2177.000,2690.213
2178.000,3164.957
2179.000,3006.709
2180.000,2690.213
2181.000,3085.833
2182.000,3244.081
2183.000,2769.337
2184.000,2927.585
2185.000,3244.081
2186.000,2769.337
2187.000,2690.213
2188.000,3164.957
2189.000,3006.709
2190.000,2690.213
2191.000,3085.833
2192.000,3164.957
2193.000,2690.213
2194.000,2848.461
2195.000,3164.957
2196.000,2769.337
2197.000,2769.337
2198.000,3244.081
2199.000,3085.833
2200.000,2690.213
2201.000,3085.833
2202.000,3164.957
2203.000,2690.213
2204.000,2848.461
2205.000,3244.081
2206.000,2848.461
2207.000,2769.337
2208.000,3244.081
2209.000,3006.709
2210.000,2690.213
2211.000,3085.833
2212.000,3164.957
2213.000,2690.213
2214.000,2927.585
2215.000,3244.081
2216.000,2848.461
2217.000,2769.337
2218.000,3244.081
2219.000,3006.709
2220.000,2611.089
2221.000,3085.833
2222.000,3164.957
2223.000,2769.337
2224.000,2927.585
2225.000,3244.081
2226.000,2848.461
2227.000,2769.337
2228.000,3164.957
2229.000,3006.709
2230.000,2690.213
2231.000,3085.833
2232.000,3164.957
2233.000,2769.337
2234.000,2927.585
2235.000,3244.081
2236.000,2769.337
2237.000,2690.213
2238.000,3164.957
2239.000,3006.709
2240.000,2690.213
2241.000,3085.833
2242.000,3164.957
2243.000,2690.213
2244.000,2848.461
2245.000,3164.957
2246.000,2769.337
2247.000,2769.337
2248.000,3244.081
2249.000,3085.833
2250.000,2690.213
2251.000,3085.833
2252.000,3164.957
2253.000,2690.213
2254.000,2848.461
2255.000,3244.081
2256.000,2848.461
2257.000,2769.337
2258.000,3244.081
2259.000,3006.709
2260.000,2690.213
2261.000,3085.833
2262.000,3164.957
2263.000,2690.213
2264.000,2927.585
2265.000,3244.081
2266.000,2848.461
2267.000,2769.337
2268.000,3244.081
2269.000,3006.709
2270.000,2611.089
2271.000,3085.833
2272.000,3164.957
2273.000,2769.337
2274.000,2927.585
2275.000,3244.081
2276.000,2848.461
2277.000,2769.337
2278.000,3164.957
2279.000,3006.709
2280.000,2690.213
2281.000,3085.833
2282.000,3244.081
2283.000,2769.337
2284.000,2927.585
2285.000,3244.081
2286.000,2848.461
2287.000,2690.213
2288.000,3164.957
2289.000,3006.709
2290.000,2690.213
2291.000,3085.833
2292.000,3164.957
2293.000,2690.213
2294.000,2848.461
2295.000,3164.957
2296.000,2769.337
2297.000,2769.337
2298.000,3244.081
2299.000,3006.709
2300.000,2690.213
2301.000,3085.833
2302.000,3164.957
2303.000,2690.213
2304.000,2848.461
2305.000,3244.081
2306.000,2848.461
2307.000,2769.337
2308.000,3244.081
2309.000,3006.709
2310.000,2690.213
2311.000,3085.833
2312.000,3164.957
2313.000,2690.213
2314.000,2927.585
2315.000,3244.081
2316.000,2848.461
2317.000,2769.337
2318.000,3164.957
2319.000,3006.709
2320.000,2611.089
2321.000,3085.833
2322.000,3164.957
2323.000,2769.337
2324.000,2927.585
2325.000,3244.081
2326.000,2848.461
2327.000,2769.337
2328.000,3164.957
2329.000,3006.709
2330.000,2690.213
2331.000,3085.833
2332.000,3244.081
2333.000,2769.337
2334.000,2927.585
2335.000,3244.081
2336.000,2769.337
2337.000,2690.213
2338.000,3164.957
2339.000,3006.709
2340.000,2690.213
2341.000,3164.957
2342.000,3244.081
2343.000,2769.337
2344.000,2848.461
2345.000,3164.957
2346.000,2769.337
2347.000,2769.337
2348.000,3244.081
2349.000,3085.833
2350.000,2690.213
2351.000,3085.833
2352.000,3164.957
2353.000,2690.213
2354.000,2848.461
2355.000,3244.081
2356.000,2848.461
2357.000,2769.337
2358.000,3244.081
2359.000,3006.709
2360.000,2690.213
2361.000,3085.833
2362.000,3164.957
2363.000,2690.213
2364.000,2927.585
2365.000,3244.081
2366.000,2848.461
2367.000,2769.337
2368.000,3244.081
2369.000,3006.709
2370.000,2611.089
2371.000,3085.833
2372.000,3164.957
2373.000,2769.337
2374.000,2927.585
2375.000,3244.081
2376.000,2848.461
2377.000,2769.337
2378.000,3164.957
2379.000,3006.709
2380.000,2690.213
2381.000,3085.833
2382.000,3244.081
2383.000,2769.337
2384.000,2927.585
2385.000,3244.081
2386.000,2848.461
2387.000,2690.213
2388.000,3164.957
2389.000,3006.709
2390.000,2690.213
2391.000,3085.833
2392.000,3164.957
2393.000,2769.337
2394.000,2848.461
2395.000,3164.957
2396.000,2769.337
2397.000,2769.337
2398.000,3244.081
2399.000,3085.833
2400.000,2690.213
2401.000,3085.833
2402.000,3164.957
2403.000,2690.213
2404.000,2848.461
2405.000,3244.081
2406.000,2848.461
2407.000,2769.337
2408.000,3244.081
2409.000,3006.709
2410.000,2690.213
2411.000,3085.833
2412.000,3164.957
2413.000,2690.213
2414.000,2927.585
2415.000,3244.081
2416.000,2848.461
2417.000,2769.337
2418.000,3164.957
2419.000,3006.709
2420.000,2611.089
2421.000,3085.833
2422.000,3164.957
2423.000,2769.337
2424.000,2927.585
2425.000,3244.081
2426.000,2848.461
2427.000,2769.337
2428.000,3164.957
2429.000,3006.709
2430.000,2690.213
2431.000,3085.833
2432.000,3244.081
2433.000,2769.337
2434.000,2927.585
2435.000,3244.081
2436.000,2769.337
2437.000,2690.213
2438.000,3164.957
2439.000,3006.709
2440.000,2690.213
2441.000,3085.833
2442.000,3244.081
2443.000,2769.337
2444.000,2848.461
2445.000,3164.957
2446.000,2769.337
2447.000,2769.337
2448.000,3244.081
2449.000,3085.833
2450.000,2690.213
2451.000,3085.833
2452.000,3164.957
2453.000,2690.213
2454.000,2848.461
2455.000,3244.081
2456.000,2848.461
2457.000,2769.337
2458.000,3244.081
2459.000,3006.709
2460.000,2690.213
2461.000,3085.833
2462.000,3164.957
2463.000,2690.213
2464.000,2927.585
2465.000,3244.081
2466.000,2848.461
2467.000,2769.337
2468.000,3164.957
2469.000,3006.709
2470.000,2611.089
2471.000,3085.833
2472.000,3164.957
2473.000,2769.337
2474.000,2927.585
2475.000,3244.081
2476.000,2848.461
2477.000,2769.337
2478.000,3164.957
2479.000,3006.709
2480.000,2690.213
2481.000,3085.833
2482.000,3244.081
2483.000,2769.337
2484.000,2927.585
2485.000,3244.081
2486.000,2848.461
2487.000,2690.213
2488.000,3164.957
2489.000,3006.709
2490.000,2690.213
2491.000,3085.833
2492.000,3244.081
2493.000,2769.337
2494.000,2927.585
2495.000,3164.957
2496.000,2769.337
2497.000,2769.337
2498.000,3244.081
2499.000,3085.833
2500.000,2690.213
2501.000,3085.833
2502.000,3164.957
2503.000,2690.213
2504.000,2848.461
2505.000,3244.081
2506.000,2848.461
2507.000,2769.337
2508.000,3244.081
2509.000,3006.709
2510.000,2690.213
2511.000,3085.833
2512.000,3164.957
2513.000,2690.213
2514.000,2927.585
2515.000,3244.081
2516.000,2848.461
2517.000,2769.337
2518.000,3164.957
2519.000,3006.709
2520.000,2611.089
2521.000,3085.833
2522.000,3164.957
2523.000,2769.337
2524.000,2927.585
2525.000,3244.081
2526.000,2848.461
2527.000,2769.337
2528.000,3164.957
2529.000,3006.709
2530.000,2690.213
2531.000,3085.833
2532.000,3244.081
2533.000,2769.337
2534.000,2927.585
2535.000,3244.081
2536.000,2848.461
2537.000,2690.213
2538.000,3164.957
2539.000,3006.709
2540.000,2690.213
2541.000,3085.833
2542.000,3164.957
2543.000,2690.213
2544.000,2848.461
2545.000,3164.957
2546.000,2848.461
2547.000,2769.337
2548.000,3244.081
2549.000,3085.833
2550.000,2690.213
2551.000,3085.833
2552.000,3164.957
2553.000,2690.213
2554.000,2848.461
2555.000,3244.081
2556.000,2848.461
2557.000,2769.337
2558.000,3244.081
2559.000,3006.709
2560.000,2690.213
2561.000,3006.709
2562.000,3164.957
2563.000,2690.213
2564.000,2927.585
2565.000,3244.081
2566.000,2927.585
2567.000,2769.337
2568.000,3164.957
2569.000,3006.709
2570.000,2611.089
2571.000,3006.709
2572.000,3164.957
2573.000,2769.337
2574.000,2927.585
2575.000,3323.205
2576.000,2848.461
2577.000,2769.337
2578.000,3164.957
2579.000,3006.709
2580.000,2690.213
2581.000,3085.833
2582.000,3244.081
2583.000,2769.337
2584.000,2927.585
2585.000,3244.081
2586.000,2848.461
2587.000,2690.213
2588.000,3164.957
2589.000,3006.709
2590.000,2690.213
2591.000,3085.833
2592.000,3244.081
2593.000,2769.337
2594.000,2927.585
2595.000,3244.081
2596.000,2769.337
2597.000,2690.213
2598.000,3164.957
2599.000,3006.709
2600.000,2690.213
2601.000,3085.833
2602.000,3164.957
2603.000,2690.213
2604.000,2848.461
2605.000,3244.081
2606.000,2848.461
2607.000,2769.337
2608.000,3244.081
2609.000,3006.709
2610.000,2690.213
2611.000,3085.833
2612.000,3164.957
2613.000,2690.213
2614.000,2927.585
2615.000,3244.081
2616.000,2848.461
2617.000,2769.337
2618.000,3164.957
2619.000,3006.709
2620.000,2611.089
2621.000,3085.833
2622.000,3164.957
2623.000,2769.337
2624.000,2927.585
2625.000,3244.081
2626.000,2848.461
2627.000,2690.213
2628.000,3164.957
2629.000,3006.709
2630.000,2690.213
2631.000,3085.833
2632.000,3244.081
2633.000,2769.337
2634.000,2927.585
2635.000,3244.081
2636.000,2848.461
2637.000,2690.213
2638.000,3164.957
2639.000,3006.709
2640.000,2690.213
2641.000,3085.833
2642.000,3244.081
2643.000,2769.337
2644.000,2848.461
2645.000,3164.957
2646.000,2769.337
2647.000,2769.337
2648.000,3244.081
2649.000,3085.833
2650.000,2690.213
2651.000,3085.833
2652.000,3164.957
2653.000,2690.213
2654.000,2848.461
2655.000,3244.081
2656.000,2848.461
2657.000,2769.337
2658.000,3244.081
2659.000,3006.709
2660.000,2690.213
2661.000,3085.833
2662.000,3164.957
2663.000,2690.213
2664.000,2927.585
2665.000,3244.081
2666.000,2848.461
2667.000,2769.337
2668.000,3164.957
2669.000,3006.709
2670.000,2611.089
2671.000,3085.833
2672.000,3164.957
2673.000,2769.337
2674.000,2927.585
2675.000,3244.081
2676.000,2848.461
2677.000,2690.213
2678.000,3164.957
2679.000,3006.709
2680.000,2690.213
2681.000,3085.833
2682.000,3244.081
2683.000,2769.337
2684.000,2927.585
2685.000,3244.081
2686.000,2769.337
2687.000,2690.213
2688.000,3164.957
2689.000,3006.709
2690.000,2690.213
2691.000,3164.957
2692.000,3244.081
2693.000,2769.337
2694.000,2848.461
2695.000,3164.957
2696.000,2769.337
2697.000,2769.337
2698.000,3244.081
2699.000,3085.833
2700.000,2690.213
2701.000,3085.833
2702.000,3164.957
2703.000,2690.213
2704.000,2848.461
2705.000,3244.081
2706.000,2848.461
2707.000,2769.337
2708.000,3244.081
2709.000,3085.833
2710.000,2690.213
2711.000,3085.833
2712.000,3164.957
2713.000,2690.213
2714.000,2927.585
2715.000,3244.081
2716.000,2848.461
2717.000,2769.337
2718.000,3164.957
2719.000,3006.709
2720.000,2611.089
2721.000,3085.833
2722.000,3164.957
2723.000,2769.337
2724.000,2927.585
2725.000,3244.081
2726.000,2848.461
2727.000,2769.337
2728.000,3164.957
2729.000,3006.709
2730.000,2690.213
2731.000,3085.833
2732.000,3244.081
2733.000,2769.337
2734.000,2927.585
2735.000,3244.081
2736.000,2848.461
2737.000,2690.213
2738.000,3164.957
2739.000,3006.709
2740.000,2690.213
2741.000,3085.833
2742.000,3164.957
2743.000,2690.213
2744.000,2848.461
2745.000,3164.957
2746.000,2848.461
2747.000,2769.337
2748.000,3244.081
2749.000,3085.833
2750.000,2690.213
2751.000,3085.833
2752.000,3164.957
2753.000,2690.213
2754.000,2848.461
2755.000,3244.081
2756.000,2848.461
2757.000,2769.337
2758.000,3244.081
2759.000,3006.709
2760.000,2690.213
2761.000,3006.709
2762.000,3164.957
2763.000,2690.213
2764.000,2927.585
2765.000,3244.081
2766.000,2848.461
2767.000,2769.337
2768.000,3164.957
2769.000,3006.709
2770.000,2611.089
2771.000,3085.833
2772.000,3164.957
2773.000,2769.337
2774.000,2927.585
2775.000,3244.081
2776.000,2848.461
2777.000,2769.337
2778.000,3164.957
2779.000,3006.709
2780.000,2690.213
2781.000,3085.833
2782.000,3244.081
2783.000,2769.337
2784.000,2927.585
2785.000,3244.081
2786.000,2848.461
2787.000,2690.213
2788.000,3164.957
2789.000,3006.709
2790.000,2690.213
2791.000,3085.833
2792.000,3244.081
2793.000,2690.213
2794.000,2848.461
2795.000,3164.957
2796.000,2769.337
2797.000,2769.337
2798.000,3244.081
2799.000,3085.833
2800.000,2690.213
2801.000,3085.833
2802.000,3164.957
2803.000,2690.213
2804.000,2848.461
2805.000,3244.081
2806.000,2848.461
2807.000,2769.337
2808.000,3244.081
2809.000,3006.709
2810.000,2690.213
2811.000,3006.709
2812.000,3164.957
2813.000,2690.213
2814.000,2927.585
2815.000,3244.081
2816.000,2927.585
2817.000,2769.337
2818.000,3164.957
2819.000,3006.709
2820.000,2611.089
2821.000,3006.709
2822.000,3164.957
2823.000,2769.337
2824.000,2927.585
2825.000,3244.081
2826.000,2848.461
2827.000,2769.337
2828.000,3164.957
2829.000,3006.709
2830.000,2690.213
2831.000,3085.833
2832.000,3244.081
2833.000,2769.337
2834.000,2927.585
2835.000,3244.081
2836.000,2848.461
2837.000,2690.213
2838.000,3164.957
2839.000,3006.709
2840.000,2690.213
2841.000,3085.833
2842.000,3244.081
2843.000,2769.337
2844.000,2848.461
2845.000,3164.957
2846.000,2848.461
2847.000,2769.337
2848.000,3244.081
2849.000,3085.833
2850.000,2690.213
2851.000,3085.833
2852.000,3164.957
2853.000,2690.213
2854.000,2848.461
2855.000,3244.081
2856.000,2848.461
2857.000,2769.337
2858.000,3244.081
2859.000,3006.709
2860.000,2690.213
2861.000,3006.709
2862.000,3164.957
2863.000,2690.213
2864.000,2927.585
2865.000,3244.081
2866.000,2848.461
2867.000,2769.337
2868.000,3164.957
2869.000,3006.709
2870.000,2611.089
2871.000,3006.709
2872.000,3164.957
2873.000,2769.337
2874.000,2927.585
2875.000,3244.081
2876.000,2848.461
2877.000,2769.337
2878.000,3164.957
2879.000,3006.709
2880.000,2690.213
2881.000,3085.833
2882.000,3244.081
2883.000,2769.337
2884.000,2927.585
2885.000,3244.081
2886.000,2848.461
2887.000,2690.213
2888.000,3164.957
2889.000,3006.709
2890.000,2690.213
2891.000,3085.833
2892.000,3244.081
2893.000,2769.337
2894.000,2848.461
2895.000,3164.957
2896.000,2848.461
2897.000,2769.337
2898.000,3244.081
2899.000,3085.833
2900.000,2690.213
2901.000,3085.833
2902.000,3164.957
2903.000,2690.213
2904.000,2848.461
2905.000,3244.081
2906.000,2848.461
2907.000,2769.337
2908.000,3244.081
2909.000,3006.709
2910.000,2690.213
2911.000,3006.709
2912.000,3164.957
2913.000,2690.213
2914.000,2927.585
2915.000,3244.081
2916.000,2927.585
2917.000,2769.337
2918.000,3164.957
2919.000,3006.709
2920.000,2611.089
2921.000,3006.709
2922.000,3164.957
2923.000,2769.337
2924.000,2927.585
2925.000,3323.205
2926.000,2848.461
2927.000,2690.213
2928.000,3164.957
2929.000,3006.709
2930.000,2690.213
2931.000,3085.833
2932.000,3244.081
2933.000,2769.337
2934.000,2927.585
2935.000,3244.081
2936.000,2848.461
2937.000,2690.213
2938.000,3164.957
2939.000,3006.709
2940.000,2690.213
2941.000,3085.833
2942.000,3244.081
2943.000,2769.337
2944.000,2848.461
2945.000,3164.957
2946.000,2769.337
2947.000,2690.213
2948.000,3164.957
2949.000,3085.833
2950.000,2690.213
2951.000,3085.833
2952.000,3164.957
2953.000,2690.213
2954.000,2848.461
2955.000,3244.081
2956.000,2848.461
2957.000,2769.337
2958.000,3244.081
2959.000,3006.709
2960.000,2690.213
2961.000,3085.833
2962.000,3164.957
2963.000,2690.213
2964.000,2927.585
2965.000,3244.081
2966.000,2848.461
2967.000,2769.337
2968.000,3164.957
2969.000,3006.709
2970.000,2611.089
2971.000,3085.833
2972.000,3164.957
2973.000,2769.337
2974.000,2927.585
2975.000,3244.081
2976.000,2848.461
2977.000,2690.213
2978.000,3164.957
2979.000,3006.709
2980.000,2690.213
2981.000,3085.833
2982.000,3244.081
2983.000,2769.337
2984.000,2927.585
2985.000,3244.081
2986.000,2848.461
2987.000,2690.213
2988.000,3164.957
2989.000,3006.709
2990.000,2690.213
2991.000,3085.833
2992.000,3244.081
2993.000,2769.337
2994.000,2848.461
2995.000,3244.081
2996.000,2848.461
2997.000,2690.213
2998.000,3244.081
2999.000,3085.833
3000.000,2690.213
3001.000,3085.833
3002.000,3164.957
3003.000,2690.213
3004.000,2848.461
3005.000,3244.081
3006.000,2848.461
3007.000,2769.337
3008.000,3244.081
3009.000,3006.709
3010.000,2690.213
3011.000,3085.833
3012.000,3164.957
3013.000,2690.213
3014.000,2927.585
3015.000,3244.081
3016.000,2848.461
3017.000,2769.337
3018.000,3164.957
3019.000,3006.709
3020.000,2611.089
3021.000,3085.833
3022.000,3164.957
3023.000,2769.337
3024.000,2927.585
3025.000,3244.081
3026.000,2848.461
3027.000,2690.213
3028.000,3164.957
3029.000,3006.709
3030.000,2690.213
3031.000,3085.833
3032.000,3244.081
3033.000,2769.337
3034.000,2927.585
3035.000,3244.081
3036.000,2848.461
3037.000,2690.213
3038.000,3164.957
3039.000,3006.709
3040.000,2690.213
3041.000,3085.833
3042.000,3244.081
3043.000,2769.337
3044.000,2848.461
3045.000,3164.957
3046.000,2848.461
3047.000,2769.337
3048.000,3244.081
3049.000,3085.833
3050.000,2690.213
3051.000,3085.833
3052.000,3164.957
3053.000,2690.213
3054.000,2848.461
3055.000,3244.081
3056.000,2848.461
3057.000,2769.337
3058.000,3244.081
3059.000,3085.833
3060.000,2690.213
3061.000,3006.709
3062.000,3164.957
3063.000,2690.213
3064.000,2927.585
3065.000,3244.081
3066.000,2848.461
3067.000,2769.337
3068.000,3164.957
3069.000,3006.709
3070.000,2611.089
3071.000,3006.709
3072.000,3164.957
3073.000,2769.337
3074.000,2927.585
3075.000,3244.081
3076.000,2848.461
3077.000,2769.337
3078.000,3164.957
3079.000,3006.709
3080.000,2690.213
3081.000,3085.833
3082.000,3244.081
3083.000,2769.337
3084.000,2927.585
3085.000,3244.081
3086.000,2848.461
3087.000,2690.213
3088.000,3164.957
3089.000,3006.709
3090.000,2690.213
3091.000,3085.833
3092.000,3244.081
3093.000,2769.337
3094.000,2848.461
3095.000,3244.081
3096.000,2848.461
3097.000,2769.337
3098.000,3244.081
3099.000,3085.833
3100.000,2690.213
3101.000,3085.833
3102.000,3164.957
3103.000,2690.213
3104.000,2848.461
3105.000,3244.081
3106.000,2848.461
3107.000,2769.337
3108.000,3244.081
3109.000,3006.709
3110.000,2690.213
3111.000,3006.709
3112.000,3164.957
3113.000,2690.213
3114.000,2927.585
3115.000,3244.081
3116.000,2848.461
3117.000,2769.337
3118.000,3164.957
3119.000,3006.709
3120.000,2611.089
3121.000,3006.709
3122.000,3164.957
3123.000,2769.337
3124.000,2927.585
3125.000,3244.081
3126.000,2848.461
3127.000,2690.213
3128.000,3164.957
3129.000,3006.709
3130.000,2690.213
3131.000,3085.833
3132.000,3244.081
3133.000,2769.337
3134.000,2927.585
3135.000,3244.081
3136.000,2848.461
3137.000,2690.213
3138.000,3164.957
3139.000,3006.709
3140.000,2690.213
3141.000,3085.833
3142.000,3244.081
3143.000,2769.337
3144.000,2848.461
3145.000,3164.957
3146.000,2848.461
3147.000,2769.337
3148.000,3244.081
3149.000,3085.833
3150.000,2690.213
3151.000,3085.833
3152.000,3164.957
3153.000,2690.213
3154.000,2848.461
3155.000,3244.081
3156.000,2848.461
3157.000,2769.337
3158.000,3244.081
3159.000,3085.833
3160.000,2690.213
3161.000,3006.709
3162.000,3164.957
3163.000,2690.213
3164.000,2927.585
3165.000,3244.081
3166.000,2927.585
3167.000,2769.337
3168.000,3164.957
3169.000,3006.709
3170.000,2611.089
3171.000,3006.709
3172.000,3164.957
3173.000,2769.337
3174.000,2927.585
3175.000,3244.081
3176.000,2848.461
3177.000,2769.337
3178.000,3164.957
3179.000,3006.709
3180.000,2690.213
3181.000,3085.833
3182.000,3244.081
3183.000,2769.337
3184.000,2927.585
3185.000,3244.081
3186.000,2848.461
3187.000,2690.213
3188.000,3164.957
3189.000,3006.709
3190.000,2690.213
3191.000,3085.833
3192.000,3244.081
3193.000,2769.337
3194.000,2848.461
3195.000,3244.081
3196.000,2848.461
3197.000,2690.213
3198.000,3244.081
3199.000,3085.833
3200.000,2690.213
3201.000,3085.833
3202.000,3164.957
3203.000,2690.213
3204.000,2848.461
3205.000,3244.081
3206.000,2848.461
3207.000,2769.337
3208.000,3244.081
3209.000,3085.833
3210.000,2690.213
3211.000,3085.833
3212.000,3164.957
3213.000,2690.213
3214.000,2927.585
3215.000,3244.081
3216.000,2848.461
3217.000,2769.337
3218.000,3164.957
3219.000,3006.709
3220.000,2690.213
3221.000,3006.709
3222.000,3164.957
3223.000,2769.337
3224.000,2927.585
3225.000,3244.081
3226.000,2848.461
3227.000,2690.213
3228.000,3164.957
3229.000,3006.709
3230.000,2690.213
3231.000,3085.833
3232.000,3244.081
3233.000,2769.337
3234.000,2927.585
3235.000,3244.081
3236.000,2848.461
3237.000,2690.213
3238.000,3164.957
3239.000,3006.709
3240.000,2690.213
3241.000,3085.833
3242.000,3244.081
3243.000,2769.337
3244.000,2848.461
3245.000,3244.081
3246.000,2848.461
3247.000,2769.337
3248.000,3244.081
3249.000,3085.833
3250.000,2690.213
3251.000,3085.833
3252.000,3164.957
3253.000,2690.213
3254.000,2848.461
3255.000,3244.081
3256.000,2848.461
3257.000,2769.337
3258.000,3244.081
3259.000,3085.833
3260.000,2690.213
3261.000,3006.709
3262.000,3164.957
3263.000,2690.213
3264.000,2927.585
3265.000,3244.081
3266.000,2927.585
3267.000,2769.337
3268.000,3164.957
3269.000,3006.709
3270.000,2611.089
3271.000,3006.709
3272.000,3164.957
3273.000,2769.337
3274.000,2927.585
3275.000,3244.081
3276.000,2848.461
3277.000,2690.213
3278.000,3164.957
3279.000,3006.709
3280.000,2690.213
3281.000,3085.833
3282.000,3244.081
3283.000,2769.337
3284.000,2927.585
3285.000,3244.081
3286.000,2848.461
3287.000,2690.213
3288.000,3164.957
3289.000,3006.709
3290.000,2690.213
3291.000,3085.833
3292.000,3244.081
3293.000,2769.337
3294.000,2848.461
3295.000,3164.957
3296.000,2769.337
3297.000,2690.213
3298.000,3244.081
3299.000,3085.833
3300.000,2690.213
3301.000,3085.833
3302.000,3164.957
3303.000,2690.213
3304.000,2848.461
3305.000,3244.081
3306.000,2848.461
3307.000,2769.337
3308.000,3244.081
3309.000,3085.833
3310.000,2690.213
3311.000,3085.833
3312.000,3164.957
3313.000,2690.213
3314.000,2927.585
3315.000,3244.081
3316.000,2848.461
3317.000,2769.337
3318.000,3164.957
3319.000,3006.709
3320.000,2690.213
3321.000,3006.709
3322.000,3164.957
3323.000,2769.337
3324.000,2927.585
3325.000,3244.081
3326.000,2848.461
3327.000,2690.213
3328.000,3164.957
3329.000,3006.709
3330.000,2690.213
3331.000,3085.833
3332.000,3244.081
3333.000,2769.337
3334.000,2927.585
3335.000,3244.081
3336.000,2848.461
3337.000,2690.213
3338.000,3164.957
3339.000,3006.709
3340.000,2690.213
3341.000,3085.833
3342.000,3244.081
3343.000,2769.337
3344.000,2848.461
3345.000,3164.957
3346.000,2848.461
3347.000,2769.337
3348.000,3244.081
3349.000,3085.833
3350.000,2690.213
3351.000,3085.833
3352.000,3164.957
3353.000,2690.213
3354.000,2848.461
3355.000,3244.081
3356.000,2848.461
3357.000,2769.337
3358.000,3244.081
3359.000,3085.833
3360.000,2690.213
3361.000,3006.709
3362.000,3164.957
3363.000,2690.213
3364.000,2927.585
3365.000,3244.081
3366.000,2927.585
3367.000,2769.337
3368.000,3164.957
3369.000,3006.709
3370.000,2611.089
3371.000,3006.709
3372.000,3164.957
3373.000,2769.337
3374.000,2927.585
3375.000,3244.081
3376.000,2848.461
3377.000,2690.213
3378.000,3164.957
3379.000,3006.709
3380.000,2690.213
3381.000,3085.833
3382.000,3244.081
3383.000,2769.337
3384.000,2927.585
3385.000,3244.081
3386.000,2848.461
3387.000,2690.213
3388.000,3164.957
3389.000,3006.709
3390.000,2690.213
3391.000,3085.833
3392.000,3244.081
3393.000,2769.337
3394.000,2848.461
3395.000,3244.081
3396.000,2848.461
3397.000,2690.213
3398.000,3164.957
3399.000,3085.833
3400.000,2690.213
3401.000,3085.833
3402.000,3164.957
3403.000,2690.213
3404.000,2848.461
3405.000,3244.081
3406.000,2848.461
3407.000,2769.337
3408.000,3244.081
3409.000,3085.833
3410.000,2690.213
3411.000,3085.833
3412.000,3164.957
3413.000,2690.213
3414.000,2927.585
3415.000,3244.081
3416.000,2927.585
3417.000,2769.337
3418.000,3164.957
3419.000,3006.709
3420.000,2611.089
3421.000,3006.709
3422.000,3164.957
3423.000,2769.337
3424.000,2927.585
3425.000,3244.081
3426.000,2848.461
3427.000,2690.213
3428.000,3164.957
3429.000,3006.709
3430.000,2690.213
3431.000,3085.833
3432.000,3244.081
3433.000,2769.337
3434.000,2927.585
3435.000,3244.081
3436.000,2848.461
3437.000,2690.213
3438.000,3164.957
3439.000,3006.709
3440.000,2690.213
3441.000,3085.833
3442.000,3244.081
3443.000,2769.337
3444.000,2927.585
3445.000,3244.081
3446.000,2848.461
3447.000,2690.213
3448.000,3164.957
3449.000,3085.833
3450.000,2690.213
3451.000,3085.833
3452.000,3164.957
3453.000,2690.213
3454.000,2848.461
3455.000,3244.081
3456.000,2848.461
3457.000,2769.337
3458.000,3244.081
3459.000,3085.833
3460.000,2690.213
3461.000,3085.833
3462.000,3164.957
3463.000,2690.213
3464.000,2927.585
3465.000,3244.081
3466.000,2848.461
3467.000,2769.337
3468.000,3164.957
3469.000,3006.709
3470.000,2611.089
3471.000,3085.833
3472.000,3164.957
3473.000,2769.337
3474.000,2927.585
3475.000,3244.081
3476.000,2848.461
3477.000,2690.213
3478.000,3164.957
3479.000,3006.709
3480.000,2690.213
3481.000,3085.833
3482.000,3244.081
3483.000,2769.337
3484.000,2927.585
3485.000,3244.081
3486.000,2848.461
3487.000,2690.213
3488.000,3164.957
3489.000,3006.709
3490.000,2690.213
3491.000,3085.833
3492.000,3244.081
3493.000,2769.337
3494.000,2848.461
3495.000,3164.957
3496.000,2848.461
3497.000,2690.213
3498.000,3164.957
3499.000,3085.833
3500.000,2690.213
3501.000,3085.833
3502.000,3164.957
3503.000,2690.213
3504.000,2848.461
3505.000,3244.081
3506.000,2848.461
3507.000,2769.337
3508.000,3244.081
3509.000,3085.833
3510.000,2690.213
3511.000,3085.833
3512.000,3164.957
3513.000,2690.213
3514.000,2848.461
3515.000,3244.081
3516.000,2848.461
3517.000,2769.337
3518.000,3164.957
3519.000,3006.709
3520.000,2611.089
3521.000,3006.709
3522.000,3164.957
3523.000,2769.337
3524.000,2927.585
3525.000,3244.081
3526.000,2848.461
3527.000,2690.213
3528.000,3164.957
3529.000,3006.709
3530.000,2690.213
3531.000,3085.833
3532.000,3244.081
3533.000,2769.337
3534.000,2927.585
3535.000,3244.081
3536.000,2848.461
3537.000,2690.213
3538.000,3164.957
3539.000,3006.709
3540.000,2690.213
3541.000,3085.833
3542.000,3244.081
3543.000,2769.337
3544.000,2848.461
3545.000,3164.957
3546.000,2848.461
3547.000,2690.213
3548.000,3244.081
3549.000,3085.833
3550.000,2690.213
3551.000,3085.833
3552.000,3164.957
3553.000,2690.213
3554.000,2848.461
3555.000,3244.081
3556.000,2848.461
3557.000,2769.337
3558.000,3244.081
3559.000,3085.833
3560.000,2690.213
3561.000,3006.709
3562.000,3164.957
3563.000,2690.213
3564.000,2848.461
3565.000,3244.081
3566.000,2927.585
3567.000,2769.337
3568.000,3164.957
3569.000,3006.709
3570.000,2611.089
3571.000,3006.709
3572.000,3164.957
3573.000,2769.337
3574.000,2927.585
3575.000,3244.081
3576.000,2848.461
3577.000,2690.213
3578.000,3164.957
3579.000,3006.709
3580.000,2690.213
3581.000,3085.833
3582.000,3244.081
3583.000,2769.337
3584.000,2927.585
3585.000,3244.081
3586.000,2848.461
3587.000,2690.213
3588.000,3164.957
3589.000,3006.709
3590.000,2690.213
3591.000,3085.833
3592.000,3244.081
3593.000,2769.337
3594.000,2848.461
3595.000,3164.957
3596.000,2848.461
3597.000,2690.213
3598.000,3244.081
3599.000,3085.833
3600.000,2690.213
3601.000,3085.833
3602.000,3164.957
3603.000,2690.213
3604.000,2848.461
3605.000,3244.081
3606.000,2848.461
3607.000,2769.337
3608.000,3244.081
3609.000,3085.833
3610.000,2690.213
3611.000,3006.709
3612.000,3164.957
3613.000,2690.213
3614.000,2848.461
3615.000,3244.081
3616.000,2927.585
3617.000,2769.337
3618.000,3164.957
3619.000,3006.709
3620.000,2611.089
3621.000,3006.709
3622.000,3164.957
3623.000,2769.337
3624.000,2927.585
3625.000,3323.205
3626.000,2848.461
3627.000,2690.213
3628.000,3164.957
3629.000,3006.709
3630.000,2690.213
3631.000,3085.833
3632.000,3244.081
3633.000,2769.337
3634.000,2927.585
3635.000,3244.081
3636.000,2848.461
3637.000,2690.213
3638.000,3164.957
3639.000,3006.709
3640.000,2690.213
3641.000,3085.833
3642.000,3244.081
3643.000,2769.337
3644.000,2848.461
3645.000,3164.957
3646.000,2848.461
3647.000,2690.213
3648.000,3164.957
3649.000,3085.833
3650.000,2690.213
3651.000,3085.833
3652.000,3164.957
3653.000,2690.213
3654.000,2848.461
3655.000,3244.081
3656.000,2848.461
3657.000,2769.337
3658.000,3244.081
3659.000,3085.833
3660.000,2690.213
3661.000,3006.709
3662.000,3164.957
3663.000,2690.213
3664.000,2848.461
3665.000,3244.081
3666.000,2927.585
3667.000,2769.337
3668.000,3244.081
3669.000,3006.709
3670.000,2611.089
3671.000,3006.709
3672.000,3164.957
3673.000,2769.337
3674.000,2927.585
3675.000,3244.081
3676.000,2848.461
3677.000,2769.337
3678.000,3164.957
3679.000,3006.709
3680.000,2611.089
3681.000,3085.833
3682.000,3244.081
3683.000,2769.337
3684.000,2927.585
3685.000,3244.081
3686.000,2848.461
3687.000,2690.213
3688.000,3164.957
3689.000,3006.709
3690.000,2690.213
3691.000,3085.833
3692.000,3244.081
3693.000,2769.337
3694.000,2848.461
3695.000,3244.081
3696.000,2848.461
3697.000,2690.213
3698.000,3164.957
3699.000,3085.833
3700.000,2690.213
3701.000,3085.833
3702.000,3164.957
3703.000,2690.213
3704.000,2848.461
3705.000,3244.081
3706.000,2848.461
3707.000,2769.337
3708.000,3244.081
3709.000,3085.833
3710.000,2690.213
3711.000,3006.709
3712.000,3164.957
3713.000,2690.213
3714.000,2927.585
3715.000,3244.081
3716.000,2927.585
3717.000,2769.337
3718.000,3164.957
3719.000,3006.709
3720.000,2611.089
3721.000,3006.709
3722.000,3164.957
3723.000,2769.337
3724.000,2927.585
3725.000,3244.081
3726.000,2848.461
3727.000,2690.213
3728.000,3164.957
3729.000,3006.709
3730.000,2611.089
3731.000,3085.833
3732.000,3244.081
3733.000,2769.337
3734.000,2927.585
3735.000,3244.081
3736.000,2848.461
3737.000,2690.213
3738.000,3164.957
3739.000,3006.709
3740.000,2690.213
3741.000,3085.833
3742.000,3244.081
3743.000,2769.337
3744.000,2848.461
3745.000,3164.957
3746.000,2848.461
3747.000,2690.213
3748.000,3164.957
3749.000,3085.833
3750.000,2769.337
3751.000,3085.833
3752.000,3164.957
3753.000,2690.213
3754.000,2848.461
3755.000,3244.081
3756.000,2848.461
3757.000,2769.337
3758.000,3244.081
3759.000,3085.833
3760.000,2690.213
3761.000,3006.709
3762.000,3164.957
3763.000,2690.213
3764.000,2848.461
3765.000,3244.081
3766.000,2927.585
3767.000,2769.337
3768.000,3164.957
3769.000,3006.709
3770.000,2611.089
3771.000,3006.709
3772.000,3164.957
3773.000,2769.337
3774.000,2927.585
3775.000,3244.081
3776.000,2848.461
3777.000,2690.213
3778.000,3164.957
3779.000,3006.709
3780.000,2690.213
3781.000,3085.833
3782.000,3244.081
3783.000,2769.337
3784.000,2927.585
3785.000,3244.081
3786.000,2848.461
3787.000,2690.213
3788.000,3164.957
3789.000,3006.709
3790.000,2690.213
3791.000,3085.833
3792.000,3244.081
3793.000,2769.337
3794.000,2848.461
3795.000,3164.957
3796.000,2848.461
3797.000,2690.213
3798.000,3164.957
3799.000,3085.833
3800.000,2690.213
3801.000,3085.833
3802.000,3164.957
3803.000,2690.213
3804.000,2848.461
3805.000,3244.081
3806.000,2848.461
3807.000,2769.337
3808.000,3244.081
3809.000,3085.833
3810.000,2690.213
3811.000,3085.833
3812.000,3164.957
3813.000,2690.213
3814.000,2848.461
3815.000,3244.081
3816.000,2848.461
3817.000,2769.337
3818.000,3164.957
3819.000,3006.709
3820.000,2611.089
3821.000,3006.709
3822.000,3164.957
3823.000,2769.337
3824.000,2927.585
3825.000,3244.081
3826.000,2848.461
3827.000,2690.213
3828.000,3164.957
3829.000,3006.709
3830.000,2690.213
3831.000,3085.833
3832.000,3244.081
3833.000,2769.337
3834.000,2927.585
3835.000,3244.081
3836.000,2848.461
3837.000,2690.213
3838.000,3164.957
3839.000,3006.709
3840.000,2690.213
3841.000,3085.833
3842.000,3244.081
3843.000,2769.337
3844.000,2848.461
3845.000,3164.957
3846.000,2769.337
3847.000,2690.213
3848.000,3244.081
3849.000,3085.833
3850.000,2769.337
3851.000,3085.833
3852.000,3164.957
3853.000,2690.213
3854.000,2848.461
3855.000,3164.957
3856.000,2848.461
3857.000,2769.337
3858.000,3244.081
3859.000,3085.833
3860.000,2690.213
3861.000,3006.709
3862.000,3164.957
3863.000,2690.213
3864.000,2848.461
3865.000,3244.081
3866.000,2927.585
3867.000,2769.337
3868.000,3244.081
3869.000,3006.709
3870.000,2611.089
3871.000,3006.709
3872.000,3164.957
3873.000,2769.337
3874.000,2927.585
3875.000,3244.081
3876.000,2848.461
3877.000,2690.213
3878.000,3164.957
3879.000,3006.709
3880.000,2690.213
3881.000,3085.833
3882.000,3244.081
3883.000,2769.337
3884.000,2927.585
3885.000,3244.081
3886.000,2848.461
3887.000,2690.213
3888.000,3164.957
3889.000,3006.709
3890.000,2690.213
3891.000,3085.833
3892.000,3244.081
3893.000,2769.337
3894.000,2848.461
3895.000,3164.957
3896.000,2848.461
3897.000,2690.213
3898.000,3164.957
3899.000,3085.833
3900.000,2690.213
3901.000,3085.833
3902.000,3164.957
3903.000,2690.213
3904.000,2848.461
3905.000,3244.081
3906.000,2848.461
3907.000,2769.337
3908.000,3244.081
3909.000,3085.833
3910.000,2690.213
3911.000,3006.709
3912.000,3164.957
3913.000,2690.213
3914.000,2848.461
3915.000,3244.081
3916.000,2927.585
3917.000,2769.337
3918.000,3244.081
3919.000,3006.709
3920.000,2611.089
3921.000,3006.709
3922.000,3164.957
3923.000,2769.337
3924.000,2927.585
3925.000,3244.081
3926.000,2848.461
3927.000,2690.213
3928.000,3164.957
3929.000,3006.709
3930.000,2690.213
3931.000,3085.833
3932.000,3244.081
3933.000,2769.337
3934.000,2927.585
3935.000,3244.081
3936.000,2848.461
3937.000,2690.213
3938.000,3164.957
3939.000,3006.709
3940.000,2690.213
3941.000,3085.833
3942.000,3244.081
3943.000,2769.337
3944.000,2848.461
3945.000,3164.957
3946.000,2848.461
3947.000,2690.213
3948.000,3164.957
3949.000,3085.833
3950.000,2690.213
3951.000,3085.833
3952.000,3164.957
3953.000,2690.213
3954.000,2848.461
3955.000,3244.081
3956.000,2848.461
3957.000,2769.337
3958.000,3244.081
3959.000,3085.833
3960.000,2690.213
3961.000,3006.709
3962.000,3164.957
3963.000,2690.213
3964.000,2848.461
3965.000,3244.081
3966.000,2927.585
3967.000,2769.337
3968.000,3164.957
3969.000,3006.709
3970.000,2611.089
3971.000,3006.709
3972.000,3164.957
3973.000,2769.337
3974.000,2927.585
3975.000,3244.081
3976.000,2848.461
3977.000,2690.213
3978.000,3164.957
3979.000,3006.709
3980.000,2611.089
3981.000,3085.833
3982.000,3244.081
3983.000,2769.337
3984.000,2927.585
3985.000,3244.081
3986.000,2848.461
3987.000,2690.213
3988.000,3164.957
3989.000,3006.709
3990.000,2690.213
3991.000,3085.833
3992.000,3244.081
3993.000,2769.337
3994.000,2848.461
3995.000,3164.957
3996.000,2848.461
3997.000,2690.213
3998.000,3164.957
3999.000,3085.833
4000.000,2690.213
4001.000,3085.833
4002.000,3164.957
4003.000,2690.213
4004.000,2848.461
4005.000,3244.081
4006.000,2848.461
4007.000,2769.337
4008.000,3244.081
4009.000,3085.833
4010.000,2690.213
4011.000,3006.709
4012.000,3164.957
4013.000,2690.213
4014.000,2848.461
4015.000,3244.081
4016.000,2927.585
4017.000,2769.337
4018.000,3164.957
4019.000,3006.709
4020.000,2611.089
4021.000,3006.709
4022.000,3164.957
4023.000,2769.337
4024.000,2927.585
4025.000,3244.081
4026.000,2848.461
4027.000,2690.213
4028.000,3164.957
4029.000,3006.709
4030.000,2690.213
4031.000,3085.833
4032.000,3244.081
4033.000,2769.337
4034.000,2927.585
4035.000,3244.081
4036.000,2848.461
4037.000,2690.213
4038.000,3164.957
4039.000,3006.709
4040.000,2690.213
4041.000,3085.833
4042.000,3244.081
4043.000,2769.337
4044.000,2848.461
4045.000,3164.957
4046.000,2848.461
4047.000,2690.213
4048.000,3164.957
4049.000,3085.833
4050.000,2690.213
4051.000,3085.833
4052.000,3164.957
4053.000,2690.213
4054.000,2848.461
4055.000,3244.081
4056.000,2848.461
4057.000,2769.337
4058.000,3244.081
4059.000,3085.833
4060.000,2690.213
4061.000,3006.709
4062.000,3164.957
4063.000,2690.213
4064.000,2848.461
4065.000,3244.081
4066.000,2927.585
4067.000,2769.337
4068.000,3164.957
4069.000,3006.709
4070.000,2611.089
4071.000,3006.709
4072.000,3164.957
4073.000,2769.337
4074.000,2927.585
4075.000,3244.081
4076.000,2848.461
4077.000,2690.213
4078.000,3164.957
4079.000,3006.709
4080.000,2690.213
4081.000,3085.833
4082.000,3244.081
4083.000,2769.337
4084.000,2927.585
4085.000,3244.081
4086.000,2848.461
4087.000,2690.213
4088.000,3164.957
4089.000,3006.709
4090.000,2690.213
4091.000,3085.833
4092.000,3244.081
4093.000,2769.337
4094.000,2848.461
4095.000,3164.957
4096.000,2848.461
4097.000,2690.213
4098.000,3164.957
4099.000,3085.833
4100.000,2690.213
4101.000,3085.833
4102.000,3164.957
4103.000,2690.213
4104.000,2848.461
4105.000,3244.081
4106.000,2848.461
4107.000,2769.337
4108.000,3244.081
4109.000,3085.833
4110.000,2690.213
4111.000,3006.709
4112.000,3164.957
4113.000,2690.213
4114.000,2848.461
4115.000,3244.081
4116.000,2927.585
4117.000,2769.337
4118.000,3164.957
4119.000,3006.709
4120.000,2611.089
4121.000,3006.709
4122.000,3164.957
4123.000,2769.337
4124.000,2927.585
4125.000,3244.081
4126.000,2848.461
4127.000,2690.213
4128.000,3164.957
4129.000,3006.709
4130.000,2690.213
4131.000,3085.833
4132.000,3244.081
4133.000,2769.337
4134.000,2927.585
4135.000,3244.081
4136.000,2848.461
4137.000,2690.213
4138.000,3164.957
4139.000,3006.709
4140.000,2690.213
4141.000,3085.833
4142.000,3244.081
4143.000,2769.337
4144.000,2848.461
4145.000,3164.957
4146.000,2848.461
4147.000,2690.213
4148.000,3164.957
4149.000,3085.833
4150.000,2690.213
4151.000,3085.833
4152.000,3164.957
4153.000,2690.213
4154.000,2848.461
4155.000,3244.081
4156.000,2848.461
4157.000,2769.337
4158.000,3244.081
4159.000,3085.833
4160.000,2690.213
4161.000,3006.709
4162.000,3164.957
4163.000,2690.213
4164.000,2848.461
4165.000,3244.081
4166.000,2927.585
4167.000,2769.337
4168.000,3164.957
4169.000,3006.709
4170.000,2690.213
4171.000,3006.709
4172.000,3164.957
4173.000,2769.337
4174.000,2927.585
4175.000,3244.081
4176.000,2848.461
4177.000,2690.213
4178.000,3164.957
4179.000,3006.709
4180.000,2690.213
4181.000,3085.833
4182.000,3244.081
4183.000,2769.337
4184.000,2927.585
4185.000,3244.081
4186.000,2848.461
4187.000,2690.213
4188.000,3164.957
4189.000,3006.709
4190.000,2690.213
4191.000,3085.833
4192.000,3244.081
4193.000,2769.337
4194.000,2848.461
4195.000,3164.957
4196.000,2848.461
4197.000,2690.213
4198.000,3244.081
4199.000,3085.833
4200.000,2690.213
4201.000,3085.833
4202.000,3164.957
4203.000,2690.213
4204.000,2848.461
4205.000,3244.081
4206.000,2848.461
4207.000,2769.337
4208.000,3244.081
4209.000,3085.833
4210.000,2690.213
4211.000,3006.709
4212.000,3164.957
4213.000,2690.213
4214.000,2848.461
4215.000,3244.081
4216.000,2927.585
4217.000,2769.337
4218.000,3164.957
4219.000,3006.709
4220.000,2611.089
4221.000,3006.709
4222.000,3164.957
4223.000,2769.337
4224.000,2927.585
4225.000,3244.081
4226.000,2927.585
4227.000,2690.213
4228.000,3164.957
4229.000,3006.709
4230.000,2690.213
4231.000,3085.833
4232.000,3244.081
4233.000,2769.337
4234.000,2927.585
4235.000,3244.081
4236.000,2848.461
4237.000,2690.213
4238.000,3164.957
4239.000,3006.709
4240.000,2690.213
4241.000,3085.833
4242.000,3244.081
4243.000,2769.337
4244.000,2848.461
4245.000,3164.957
4246.000,2848.461
4247.000,2690.213
4248.000,3164.957
4249.000,3085.833
4250.000,2690.213
4251.000,3085.833
4252.000,3164.957
4253.000,2690.213
4254.000,2848.461
4255.000,3244.081
4256.000,2848.461
4257.000,2769.337
4258.000,3244.081
4259.000,3085.833
4260.000,2690.213
4261.000,3006.709
4262.000,3164.957
4263.000,2690.213
4264.000,2848.461
4265.000,3244.081
4266.000,2927.585
4267.000,2769.337
4268.000,3164.957
4269.000,3006.709
4270.000,2611.089
4271.000,3006.709
4272.000,3164.957
4273.000,2769.337
4274.000,2927.585
4275.000,3244.081
4276.000,2848.461
4277.000,2690.213
4278.000,3164.957
4279.000,3006.709
4280.000,2690.213
4281.000,3085.833
4282.000,3244.081
4283.000,2769.337
4284.000,2927.585
4285.000,3244.081
4286.000,2848.461
4287.000,2690.213
4288.000,3164.957
4289.000,3006.709
4290.000,2690.213
4291.000,3085.833
4292.000,3244.081
4293.000,2769.337
4294.000,2848.461
4295.000,3244.081
4296.000,2848.461
4297.000,2690.213
4298.000,3164.957
4299.000,3085.833
4300.000,2690.213
4301.000,3085.833
4302.000,3164.957
4303.000,2690.213
4304.000,2848.461
4305.000,3244.081
4306.000,2848.461
4307.000,2769.337
4308.000,3244.081
4309.000,3085.833
4310.000,2690.213
4311.000,3006.709
4312.000,3164.957
4313.000,2690.213
4314.000,2848.461
4315.000,3244.081
4316.000,2927.585
4317.000,2769.337
4318.000,3164.957
4319.000,3006.709
4320.000,2611.089
4321.000,3006.709
4322.000,3164.957
4323.000,2769.337
4324.000,2927.585
4325.000,3244.081
4326.000,2848.461
4327.000,2690.213
4328.000,3164.957
4329.000,3006.709
4330.000,2690.213
4331.000,3085.833
4332.000,3244.081
4333.000,2769.337
4334.000,2927.585
4335.000,3244.081
4336.000,2848.461
4337.000,2690.213
4338.000,3164.957
4339.000,3006.709
4340.000,2690.213
4341.000,3085.833
4342.000,3244.081
4343.000,2769.337
4344.000,2848.461
4345.000,3164.957
4346.000,2848.461
4347.000,2690.213
4348.000,3164.957
4349.000,3085.833
4350.000,2769.337
4351.000,3085.833
4352.000,3164.957
4353.000,2690.213
4354.000,2848.461
4355.000,3164.957
4356.000,2848.461
4357.000,2769.337
4358.000,3244.081
4359.000,3085.833
4360.000,2690.213
4361.000,3006.709
4362.000,3164.957
4363.000,2690.213
4364.000,2848.461
4365.000,3244.081
4366.000,2927.585
4367.000,2769.337
4368.000,3164.957
4369.000,3006.709
4370.000,2690.213
4371.000,3006.709
4372.000,3164.957
4373.000,2769.337
4374.000,2927.585
4375.000,3244.081
4376.000,2848.461
4377.000,2690.213
4378.000,3164.957
4379.000,3006.709
4380.000,2690.213
4381.000,3085.833
4382.000,3244.081
4383.000,2769.337
4384.000,2927.585
4385.000,3244.081
4386.000,2848.461
4387.000,2690.213
4388.000,3164.957
4389.000,3006.709
4390.000,2690.213
4391.000,3085.833
4392.000,3244.081
4393.000,2769.337
4394.000,2848.461
4395.000,3164.957
4396.000,2848.461
4397.000,2690.213
4398.000,3164.957
4399.000,3085.833
4400.000,2690.213
4401.000,3085.833
4402.000,3164.957
4403.000,2690.213
4404.000,2848.461
4405.000,3244.081
4406.000,2848.461
4407.000,2769.337
4408.000,3244.081
4409.000,3085.833
4410.000,2690.213
4411.000,3006.709
4412.000,3164.957
4413.000,2690.213
4414.000,2848.461
4415.000,3244.081
4416.000,2927.585
4417.000,2769.337
4418.000,3164.957
4419.000,3006.709
4420.000,2611.089
4421.000,3006.709
4422.000,3164.957
4423.000,2769.337
4424.000,2927.585
4425.000,3244.081
4426.000,2848.461
4427.000,2690.213
4428.000,3164.957
4429.000,3006.709
4430.000,2690.213
4431.000,3085.833
4432.000,3244.081
4433.000,2769.337
4434.000,2927.585
4435.000,3244.081
4436.000,2848.461
4437.000,2690.213
4438.000,3164.957
4439.000,3006.709
4440.000,2690.213
4441.000,3085.833
4442.000,3244.081
4443.000,2769.337
4444.000,2848.461
4445.000,3164.957
4446.000,2848.461
4447.000,2690.213
4448.000,3164.957
4449.000,3085.833
4450.000,2690.213
4451.000,3085.833
4452.000,3164.957
4453.000,2690.213
4454.000,2848.461
4455.000,3244.081
4456.000,2848.461
4457.000,2769.337
4458.000,3244.081
4459.000,3085.833
4460.000,2690.213
4461.000,3006.709
4462.000,3164.957
4463.000,2690.213
4464.000,2848.461
4465.000,3244.081
4466.000,2927.585
4467.000,2769.337
4468.000,3164.957
4469.000,3006.709
4470.000,2611.089
4471.000,3006.709
4472.000,3164.957
4473.000,2769.337
4474.000,2927.585
4475.000,3244.081
4476.000,2927.585
4477.000,2690.213
4478.000,3164.957
4479.000,3006.709
4480.000,2611.089
4481.000,3085.833
4482.000,3244.081
4483.000,2769.337
4484.000,2927.585
4485.000,3244.081
4486.000,2848.461
4487.000,2690.213
4488.000,3164.957
4489.000,3006.709
4490.000,2690.213
4491.000,3085.833
4492.000,3244.081
4493.000,2769.337
4494.000,2848.461
4495.000,3244.081
4496.000,2848.461
4497.000,2690.213
4498.000,3164.957
4499.000,3085.833
4500.000,2690.213
4501.000,3085.833
4502.000,3164.957
4503.000,2690.213
4504.000,2848.461
4505.000,3244.081
4506.000,2848.461
4507.000,2769.337
4508.000,3244.081
4509.000,3085.833
4510.000,2690.213
4511.000,3006.709
4512.000,3164.957
4513.000,2690.213
4514.000,2848.461
4515.000,3244.081
4516.000,2927.585
4517.000,2769.337
4518.000,3164.957
4519.000,3006.709
4520.000,2611.089
4521.000,3006.709
4522.000,3164.957
4523.000,2769.337
4524.000,2927.585
4525.000,3244.081
4526.000,2848.461
4527.000,2690.213
4528.000,3164.957
4529.000,3006.709
4530.000,2690.213
4531.000,3085.833
4532.000,3244.081
4533.000,2769.337
4534.000,2927.585
4535.000,3244.081
4536.000,2848.461
4537.000,2690.213
4538.000,3164.957
4539.000,3006.709
4540.000,2690.213
4541.000,3085.833
4542.000,3244.081
4543.000,2769.337
4544.000,2848.461
4545.000,3244.081
4546.000,2848.461
4547.000,2690.213
4548.000,3164.957
4549.000,3085.833
4550.000,2690.213
4551.000,3085.833
4552.000,3164.957
4553.000,2690.213
4554.000,2848.461
4555.000,3244.081
4556.000,2848.461
4557.000,2769.337
4558.000,3244.081
4559.000,3085.833
4560.000,2690.213
4561.000,3006.709
4562.000,3164.957
4563.000,2690.213
4564.000,2848.461
4565.000,3244.081
4566.000,2927.585
4567.000,2769.337
4568.000,3164.957
4569.000,3006.709
4570.000,2611.089
4571.000,3006.709
4572.000,3164.957
4573.000,2769.337
4574.000,2927.585
4575.000,3244.081
4576.000,2927.585
4577.000,2690.213
4578.000,3164.957
4579.000,3006.709
4580.000,2690.213
4581.000,3085.833
4582.000,3244.081
4583.000,2769.337
4584.000,2927.585
4585.000,3244.081
4586.000,2848.461
4587.000,2690.213
4588.000,3164.957
4589.000,3006.709
4590.000,2690.213
4591.000,3085.833
4592.000,3244.081
4593.000,2769.337
4594.000,2848.461
4595.000,3164.957
4596.000,2848.461
4597.000,2690.213
4598.000,3164.957
4599.000,3085.833
4600.000,2690.213
4601.000,3085.833
4602.000,3164.957
4603.000,2690.213
4604.000,2848.461
4605.000,3244.081
4606.000,2848.461
4607.000,2769.337
4608.000,3244.081
4609.000,3085.833
4610.000,2690.213
4611.000,3006.709
4612.000,3164.957
4613.000,2690.213
4614.000,2848.461
4615.000,3244.081
4616.000,2927.585
4617.000,2769.337
4618.000,3164.957
4619.000,3006.709
4620.000,2690.213
4621.000,3006.709
4622.000,3164.957
4623.000,2769.337
4624.000,2927.585
4625.000,3244.081
4626.000,2927.585
4627.000,2690.213
4628.000,3164.957
4629.000,3006.709
4630.000,2690.213
4631.000,3085.833
4632.000,3244.081
4633.000,2769.337
4634.000,2927.585
4635.000,3244.081
4636.000,2848.461
4637.000,2690.213
4638.000,3164.957
4639.000,3006.709
4640.000,2690.213
4641.000,3085.833
4642.000,3244.081
4643.000,2769.337
4644.000,2848.461
4645.000,3164.957
4646.000,2848.461
4647.000,2690.213
4648.000,3164.957
4649.000,3085.833
4650.000,2690.213
4651.000,3085.833
4652.000,3164.957
4653.000,2690.213
4654.000,2848.461
4655.000,3244.081
4656.000,2848.461
4657.000,2769.337
4658.000,3244.081
4659.000,3085.833
4660.000,2690.213
4661.000,3006.709
4662.000,3164.957
4663.000,2690.213
4664.000,2848.461
4665.000,3244.081
4666.000,2927.585
4667.000,2769.337
4668.000,3164.957
4669.000,3006.709
4670.000,2690.213
4671.000,3006.709
4672.000,3164.957
4673.000,2769.337
4674.000,2927.585
4675.000,3244.081
4676.000,2848.461
4677.000,2690.213
4678.000,3164.957
4679.000,3006.709
4680.000,2690.213
4681.000,3085.833
4682.000,3244.081
4683.000,2769.337
4684.000,2927.585
4685.000,3244.081
4686.000,2848.461
4687.000,2690.213
4688.000,3164.957
4689.000,3006.709
4690.000,2690.213
4691.000,3085.833
4692.000,3244.081
4693.000,2769.337
4694.000,2848.461
4695.000,3164.957
4696.000,2848.461
4697.000,2690.213
4698.000,3164.957
4699.000,3085.833
4700.000,2769.337
4701.000,3085.833
4702.000,3164.957
4703.000,2690.213
4704.000,2848.461
4705.000,3164.957
4706.000,2848.461
4707.000,2769.337
4708.000,3244.081
4709.000,3085.833
4710.000,2690.213
4711.000,3006.709
4712.000,3164.957
4713.000,2690.213
4714.000,2848.461
4715.000,3244.081
4716.000,2927.585
4717.000,2769.337
4718.000,3244.081
4719.000,3006.709
4720.000,2611.089
4721.000,3006.709
4722.000,3164.957
4723.000,2769.337
4724.000,2927.585
4725.000,3244.081
4726.000,2927.585
4727.000,2769.337
4728.000,3164.957
4729.000,3006.709
4730.000,2611.089
4731.000,3006.709
4732.000,3244.081
4733.000,2769.337
4734.000,2927.585
4735.000,3244.081
4736.000,2848.461
4737.000,2690.213
4738.000,3164.957
4739.000,3006.709
4740.000,2690.213
4741.000,3085.833
4742.000,3244.081
4743.000,2769.337
4744.000,2848.461
4745.000,3244.081
4746.000,2848.461
4747.000,2690.213
4748.000,3164.957
4749.000,3085.833
4750.000,2690.213
4751.000,3085.833
4752.000,3164.957
4753.000,2690.213
4754.000,2848.461
4755.000,3244.081
4756.000,2848.461
4757.000,2769.337
4758.000,3244.081
4759.000,3085.833
4760.000,2690.213
4761.000,3006.709
4762.000,3164.957
4763.000,2690.213
4764.000,2848.461
4765.000,3244.081
4766.000,2927.585
4767.000,2769.337
4768.000,3164.957
4769.000,3006.709
4770.000,2611.089
4771.000,3006.709
4772.000,3164.957
4773.000,2769.337
4774.000,2927.585
4775.000,3244.081
4776.000,2927.585
4777.000,2690.213
4778.000,3164.957
4779.000,3006.709
4780.000,2690.213
4781.000,3085.833
4782.000,3244.081
4783.000,2769.337
4784.000,2927.585
4785.000,3244.081
4786.000,2848.461
4787.000,2690.213
4788.000,3164.957
4789.000,3006.709
4790.000,2690.213
4791.000,3085.833
4792.000,3244.081
4793.000,2769.337
4794.000,2848.461
4795.000,3244.081
4796.000,2848.461
4797.000,2690.213
4798.000,3164.957
4799.000,3085.833
4800.000,2690.213
4801.000,3085.833
4802.000,3164.957
4803.000,2690.213
4804.000,2848.461
4805.000,3244.081
4806.000,2848.461
4807.000,2769.337
4808.000,3244.081
4809.000,3085.833
4810.000,2690.213
4811.000,3006.709
4812.000,3164.957
4813.000,2690.213
4814.000,2848.461
4815.000,3244.081
4816.000,2927.585
4817.000,2769.337
4818.000,3164.957
4819.000,3006.709
4820.000,2611.089
4821.000,3006.709
4822.000,3164.957
4823.000,2769.337
4824.000,2927.585
4825.000,3244.081
4826.000,2927.585
4827.000,2690.213
4828.000,3164.957
4829.000,3006.709
4830.000,2611.089
4831.000,3006.709
4832.000,3244.081
4833.000,2769.337
4834.000,2927.585
4835.000,3244.081
4836.000,2848.461
4837.000,2690.213
4838.000,3164.957
4839.000,3006.709
4840.000,2690.213
4841.000,3085.833
4842.000,3244.081
4843.000,2769.337
4844.000,2848.461
4845.000,3244.081
4846.000,2848.461
4847.000,2690.213
4848.000,3164.957
4849.000,3085.833
4850.000,2690.213
4851.000,3085.833
4852.000,3244.081
4853.000,2690.213
4854.000,2848.461
4855.000,3164.957
4856.000,2848.461
4857.000,2769.337
4858.000,3244.081
4859.000,3085.833
4860.000,2690.213
4861.000,3006.709
4862.000,3164.957
4863.000,2690.213
4864.000,2848.461
4865.000,3244.081
4866.000,2927.585
4867.000,2769.337
4868.000,3164.957
4869.000,3006.709
4870.000,2690.213
4871.000,3006.709
4872.000,3164.957
4873.000,2769.337
4874.000,2927.585
4875.000,3244.081
4876.000,2927.585
4877.000,2690.213
4878.000,3164.957
4879.000,3006.709
4880.000,2690.213
4881.000,3085.833
4882.000,3244.081
4883.000,2769.337
4884.000,2927.585
4885.000,3244.081
4886.000,2848.461
4887.000,2690.213
4888.000,3164.957
4889.000,3006.709
4890.000,2690.213
4891.000,3085.833
4892.000,3244.081
4893.000,2769.337
4894.000,2848.461
4895.000,3244.081
4896.000,2848.461
4897.000,2690.213
4898.000,3164.957
4899.000,3085.833
4900.000,2690.213
4901.000,3085.833
4902.000,3164.957
4903.000,2690.213
4904.000,2848.461
4905.000,3244.081
4906.000,2848.461
4907.000,2769.337
4908.000,3244.081
4909.000,3085.833
4910.000,2690.213
4911.000,3006.709
4912.000,3164.957
4913.000,2690.213
4914.000,2848.461
4915.000,3244.081
4916.000,2927.585
4917.000,2769.337
4918.000,3164.957
4919.000,3006.709
4920.000,2611.089
4921.000,3006.709
4922.000,3164.957
4923.000,2769.337
4924.000,2927.585
4925.000,3244.081
4926.000,2927.585
4927.000,2690.213
4928.000,3164.957
4929.000,3006.709
4930.000,2690.213
4931.000,3085.833
4932.000,3244.081
4933.000,2769.337
4934.000,2927.585
4935.000,3244.081
4936.000,2848.461
4937.000,2690.213
4938.000,3164.957
4939.000,3006.709
4940.000,2690.213
4941.000,3085.833
4942.000,3244.081
4943.000,2769.337
4944.000,2848.461
4945.000,3164.957
4946.000,2848.461
4947.000,2690.213
4948.000,3164.957
4949.000,3085.833
4950.000,2769.337
4951.000,3085.833
4952.000,3164.957
4953.000,2690.213
4954.000,2848.461
4955.000,3164.957
4956.000,2848.461
4957.000,2769.337
4958.000,3244.081
4959.000,3085.833
4960.000,2690.213
4961.000,3006.709
4962.000,3164.957
4963.000,2690.213
4964.000,2848.461
4965.000,3244.081
4966.000,2927.585
4967.000,2769.337
4968.000,3164.957
4969.000,3006.709
4970.000,2690.213
4971.000,3006.709
4972.000,3164.957
4973.000,2769.337
4974.000,2927.585
4975.000,3244.081
4976.000,2927.585
4977.000,2690.213
4978.000,3164.957
4979.000,3006.709
4980.000,2611.089
4981.000,3006.709
4982.000,3244.081
4983.000,2769.337
4984.000,2927.585
4985.000,3244.081
4986.000,2848.461
4987.000,2690.213
4988.000,3164.957
4989.000,3006.709
4990.000,2690.213
4991.000,3085.833
4992.000,3244.081
4993.000,2769.337
4994.000,2848.461
4995.000,3164.957
4996.000,2848.461
4997.000,2690.213
4998.000,3164.957
4999.000,3085.833
5000.000,2690.213
5001.000,3085.833
5002.000,3164.957
5003.000,2690.213
5004.000,2848.461
5005.000,3244.081
5006.000,2848.461
5007.000,2769.337
5008.000,3244.081
5009.000,3085.833
5010.000,2690.213
5011.000,3006.709
5012.000,3164.957
5013.000,2690.213
5014.000,2848.461
5015.000,3244.081
5016.000,2927.585
5017.000,2769.337
5018.000,3164.957
5019.000,3006.709
5020.000,2611.089
5021.000,3006.709
5022.000,3164.957
5023.000,2769.337
5024.000,2927.585
5025.000,3244.081
5026.000,2927.585
5027.000,2690.213
5028.000,3164.957
5029.000,3006.709
5030.000,2611.089
5031.000,3006.709
5032.000,3244.081
5033.000,2769.337
5034.000,2927.585
5035.000,3244.081
5036.000,2848.461
5037.000,2690.213
5038.000,3164.957
5039.000,3006.709
5040.000,2690.213
5041.000,3085.833
5042.000,3244.081
5043.000,2769.337
5044.000,2848.461
5045.000,3164.957
5046.000,2848.461
5047.000,2690.213
5048.000,3164.957
5049.000,3085.833
5050.000,2690.213
5051.000,3085.833
5052.000,3164.957
5053.000,2690.213
5054.000,2848.461
5055.000,3244.081
5056.000,2848.461
5057.000,2769.337
5058.000,3244.081
5059.000,3085.833
5060.000,2690.213
5061.000,3006.709
5062.000,3164.957
5063.000,2690.213
5064.000,2848.461
5065.000,3244.081
5066.000,2927.585
5067.000,2769.337
5068.000,3164.957
5069.000,3006.709
5070.000,2611.089
5071.000,3006.709
5072.000,3164.957
5073.000,2769.337
5074.000,2927.585
5075.000,3323.205
5076.000,2927.585
5077.000,2690.213
5078.000,3164.957
5079.000,3006.709
5080.000,2611.089
5081.000,3006.709
5082.000,3244.081
5083.000,2769.337
5084.000,2927.585
5085.000,3244.081
5086.000,2848.461
5087.000,2690.213
5088.000,3164.957
5089.000,3006.709
5090.000,2690.213
5091.000,3085.833
5092.000,3244.081
5093.000,2769.337
5094.000,2848.461
5095.000,3244.081
5096.000,2848.461
5097.000,2690.213
5098.000,3164.957
5099.000,3085.833
5100.000,2690.213
5101.000,3085.833
5102.000,3164.957
5103.000,2690.213
5104.000,2848.461
5105.000,3244.081
5106.000,2848.461
5107.000,2769.337
5108.000,3244.081
5109.000,3085.833
5110.000,2690.213
5111.000,3006.709
5112.000,3164.957
5113.000,2690.213
5114.000,2848.461
5115.000,3244.081
5116.000,2927.585
5117.000,2769.337
5118.000,3164.957
5119.000,3006.709
5120.000,2611.089
5121.000,3006.709
5122.000,3164.957
5123.000,2769.337
5124.000,2927.585
5125.000,3244.081
5126.000,2927.585
5127.000,2690.213
5128.000,3164.957
5129.000,3006.709
5130.000,2690.213
5131.000,3085.833
5132.000,3244.081
5133.000,2769.337
5134.000,2927.585
5135.000,3244.081
5136.000,2848.461
5137.000,2690.213
5138.000,3164.957
5139.000,3006.709
5140.000,2690.213
5141.000,3085.833
5142.000,3244.081
5143.000,2769.337
5144.000,2848.461
5145.000,3164.957
5146.000,2848.461
5147.000,2690.213
5148.000,3164.957
5149.000,3085.833
5150.000,2690.213
5151.000,3085.833
5152.000,3164.957
5153.000,2690.213
5154.000,2848.461
5155.000,3244.081
5156.000,2848.461
5157.000,2769.337
5158.000,3244.081
5159.000,3085.833
5160.000,2690.213
5161.000,3006.709
5162.000,3164.957
5163.000,2690.213
5164.000,2848.461
5165.000,3244.081
5166.000,2927.585
5167.000,2769.337
5168.000,3164.957
5169.000,3006.709
5170.000,2611.089
5171.000,3006.709
5172.000,3164.957
5173.000,2769.337
5174.000,2927.585
5175.000,3244.081
5176.000,2927.585
5177.000,2690.213
5178.000,3164.957
5179.000,3006.709
5180.000,2690.213
5181.000,3006.709
5182.000,3244.081
5183.000,2769.337
5184.000,2927.585
5185.000,3244.081
5186.000,2848.461
5187.000,2690.213
5188.000,3164.957
5189.000,3006.709
5190.000,2690.213
5191.000,3085.833
5192.000,3244.081
5193.000,2769.337
5194.000,2848.461
5195.000,3164.957
5196.000,2848.461
5197.000,2690.213
5198.000,3164.957
5199.000,3085.833
5200.000,2769.337
5201.000,3085.833
5202.000,3164.957
5203.000,2690.213
5204.000,2848.461
5205.000,3164.957
5206.000,2848.461
5207.000,2769.337
5208.000,3244.081
5209.000,3085.833
5210.000,2690.213
5211.000,3006.709
5212.000,3164.957
5213.000,2690.213
5214.000,2848.461
5215.000,3244.081
5216.000,2927.585
5217.000,2769.337
5218.000,3164.957
5219.000,3006.709
5220.000,2690.213
5221.000,3006.709
5222.000,3164.957
5223.000,2769.337
5224.000,2927.585
5225.000,3244.081
5226.000,2927.585
5227.000,2690.213
5228.000,3164.957
5229.000,3006.709
5230.000,2690.213
5231.000,3006.709
5232.000,3244.081
5233.000,2769.337
5234.000,2927.585
5235.000,3244.081
5236.000,2848.461
5237.000,2690.213
5238.000,3164.957
5239.000,3006.709
5240.000,2690.213
5241.000,3085.833
5242.000,3244.081
5243.000,2769.337
5244.000,2848.461
5245.000,3164.957
5246.000,2848.461
5247.000,2690.213
5248.000,3164.957
5249.000,3085.833
5250.000,2690.213
5251.000,3085.833
5252.000,3164.957
5253.000,2690.213
5254.000,2848.461
5255.000,3244.081
5256.000,2848.461
5257.000,2769.337
5258.000,3244.081
5259.000,3085.833
5260.000,2690.213
5261.000,3006.709
5262.000,3164.957
5263.000,2690.213
5264.000,2848.461
5265.000,3244.081
5266.000,2927.585
5267.000,2769.337
5268.000,3164.957
5269.000,3006.709
5270.000,2611.089
5271.000,3006.709
5272.000,3164.957
5273.000,2769.337
5274.000,2927.585
5275.000,3244.081
5276.000,2927.585
5277.000,2690.213
5278.000,3164.957
5279.000,3006.709
5280.000,2690.213
5281.000,3006.709
5282.000,3244.081
5283.000,2769.337
5284.000,2927.585
5285.000,3244.081
5286.000,2848.461
5287.000,2690.213
5288.000,3164.957
5289.000,3006.709
5290.000,2690.213
5291.000,3085.833
5292.000,3244.081
5293.000,2769.337
5294.000,2848.461
5295.000,3164.957
5296.000,2848.461
5297.000,2690.213
5298.000,3164.957
5299.000,3085.833
5300.000,2690.213
5301.000,3085.833
5302.000,3164.957
5303.000,2690.213
5304.000,2848.461
5305.000,3244.081
5306.000,2848.461
5307.000,2769.337
5308.000,3244.081
5309.000,3085.833
5310.000,2690.213
5311.000,3006.709
5312.000,3164.957
5313.000,2690.213
5314.000,2848.461
5315.000,3244.081
5316.000,2927.585
5317.000,2769.337
5318.000,3164.957
5319.000,3006.709
5320.000,2611.089
5321.000,3006.709
5322.000,3164.957
5323.000,2769.337
5324.000,2927.585
5325.000,3244.081
5326.000,2927.585
5327.000,2690.213
5328.000,3164.957
5329.000,3006.709
5330.000,2611.089
5331.000,3006.709
5332.000,3244.081
5333.000,2769.337
5334.000,2927.585
5335.000,3244.081
5336.000,2848.461
5337.000,2690.213
5338.000,3164.957
5339.000,3006.709
5340.000,2690.213
5341.000,3085.833
5342.000,3244.081
5343.000,2769.337
5344.000,2848.461
5345.000,3244.081
5346.000,2848.461
5347.000,2690.213
5348.000,3164.957
5349.000,3085.833
5350.000,2690.213
5351.000,3085.833
5352.000,3164.957
5353.000,2690.213
5354.000,2848.461
5355.000,3244.081
5356.000,2848.461
5357.000,2769.337
5358.000,3244.081
5359.000,3085.833
5360.000,2690.213
5361.000,3006.709
5362.000,3164.957
5363.000,2690.213
5364.000,2848.461
5365.000,3244.081
5366.000,2927.585
5367.000,2769.337
5368.000,3164.957
5369.000,3006.709
5370.000,2611.089
5371.000,3006.709
5372.000,3164.957
5373.000,2769.337
5374.000,2927.585
5375.000,3244.081
5376.000,2927.585
5377.000,2690.213
5378.000,3164.957
5379.000,3006.709
5380.000,2690.213
5381.000,3006.709
5382.000,3244.081
5383.000,2769.337
5384.000,2927.585
5385.000,3244.081
5386.000,2848.461
5387.000,2690.213
5388.000,3164.957
5389.000,3006.709
5390.000,2690.213
5391.000,3085.833
5392.000,3244.081
5393.000,2769.337
5394.000,2848.461
5395.000,3244.081
5396.000,2848.461
5397.000,2690.213
5398.000,3164.957
5399.000,3085.833
5400.000,2690.213
5401.000,3085.833
5402.000,3164.957
5403.000,2690.213
5404.000,2848.461
5405.000,3244.081
5406.000,2848.461
5407.000,2769.337
5408.000,3244.081
5409.000,3085.833
5410.000,2690.213
5411.000,3006.709
5412.000,3164.957
5413.000,2690.213
5414.000,2848.461
5415.000,3244.081
5416.000,2927.585
5417.000,2769.337
5418.000,3164.957
5419.000,3006.709
5420.000,2611.089
5421.000,3006.709
5422.000,3164.957
5423.000,2769.337
5424.000,2927.585
5425.000,3244.081
5426.000,2927.585
5427.000,2690.213
5428.000,3164.957
5429.000,3006.709
5430.000,2611.089
5431.000,3006.709
5432.000,3244.081
5433.000,2769.337
5434.000,2927.585
5435.000,3244.081
5436.000,2848.461
5437.000,2690.213
5438.000,3164.957
5439.000,3006.709
5440.000,2690.213
5441.000,3085.833
5442.000,3244.081
5443.000,2769.337
5444.000,2848.461
5445.000,3244.081
5446.000,2848.461
5447.000,2690.213
5448.000,3164.957
5449.000,3085.833
5450.000,2690.213
5451.000,3085.833
5452.000,3244.081
5453.000,2769.337
5454.000,2848.461
5455.000,3244.081
5456.000,2848.461
5457.000,2769.337
5458.000,3164.957
5459.000,3085.833
5460.000,2690.213
5461.000,3006.709
5462.000,3164.957
5463.000,2690.213
5464.000,2848.461
5465.000,3244.081
5466.000,2927.585
5467.000,2769.337
5468.000,3164.957
5469.000,3006.709
5470.000,2690.213
5471.000,3006.709
5472.000,3164.957
5473.000,2769.337
5474.000,2927.585
5475.000,3244.081
5476.000,2927.585
5477.000,2690.213
5478.000,3164.957
5479.000,3006.709
5480.000,2690.213
5481.000,3085.833
5482.000,3244.081
5483.000,2769.337
5484.000,2927.585
5485.000,3244.081
5486.000,2848.461
5487.000,2690.213
5488.000,3164.957
5489.000,3085.833
5490.000,2690.213
5491.000,3085.833
5492.000,3244.081
5493.000,2769.337
5494.000,2848.461
5495.000,3164.957
5496.000,2848.461
5497.000,2690.213
5498.000,3164.957
5499.000,3085.833
5500.000,2769.337
5501.000,3085.833
5502.000,3164.957
5503.000,2690.213
5504.000,2848.461
5505.000,3164.957
5506.000,2848.461
5507.000,2769.337
5508.000,3244.081
5509.000,3085.833
5510.000,2690.213
5511.000,3006.709
5512.000,3164.957
5513.000,2690.213
5514.000,2848.461
5515.000,3244.081
5516.000,2927.585
5517.000,2769.337
5518.000,3164.957
5519.000,3085.833
5520.000,2690.213
5521.000,3006.709
5522.000,3164.957
5523.000,2769.337
5524.000,2927.585
5525.000,3244.081
5526.000,2927.585
5527.000,2690.213
5528.000,3164.957
5529.000,3006.709
5530.000,2690.213
5531.000,3006.709
5532.000,3244.081
5533.000,2769.337
5534.000,2927.585
5535.000,3244.081
5536.000,2848.461
5537.000,2690.213
5538.000,3164.957
5539.000,3006.709
5540.000,2690.213
5541.000,3085.833
5542.000,3244.081
5543.000,2769.337
5544.000,2848.461
5545.000,3164.957
5546.000,2848.461
5547.000,2690.213
5548.000,3164.957
5549.000,3085.833
5550.000,2690.213
5551.000,3085.833
5552.000,3164.957
5553.000,2690.213
5554.000,2848.461
5555.000,3244.081
5556.000,2848.461
5557.000,2769.337
5558.000,3244.081
5559.000,3085.833
5560.000,2690.213
5561.000,3006.709
5562.000,3164.957
5563.000,2690.213
5564.000,2848.461
5565.000,3244.081
5566.000,2927.585
5567.000,2769.337
5568.000,3164.957
5569.000,3085.833
5570.000,2690.213
5571.000,3006.709
5572.000,3164.957
5573.000,2769.337
5574.000,2927.585
5575.000,3244.081
5576.000,2927.585
5577.000,2690.213
5578.000,3164.957
5579.000,3006.709
5580.000,2690.213
5581.000,3006.709
5582.000,3244.081
5583.000,2769.337
5584.000,2927.585
5585.000,3244.081
5586.000,2848.461
5587.000,2690.213
5588.000,3164.957
5589.000,3006.709
5590.000,2690.213
5591.000,3085.833
5592.000,3244.081
5593.000,2769.337
5594.000,2848.461
5595.000,3244.081
5596.000,2848.461
5597.000,2690.213
5598.000,3164.957
5599.000,3085.833
5600.000,2690.213
5601.000,3085.833
5602.000,3164.957
5603.000,2690.213
5604.000,2848.461
5605.000,3244.081
5606.000,2927.585
5607.000,2769.337
5608.000,3244.081
5609.000,3085.833
5610.000,2690.213
5611.000,3006.709
5612.000,3164.957
5613.000,2690.213
5614.000,2848.461
5615.000,3244.081
5616.000,2927.585
5617.000,2769.337
5618.000,3164.957
5619.000,3006.709
5620.000,2611.089
5621.000,3006.709
5622.000,3164.957
5623.000,2769.337
5624.000,2927.585
5625.000,3244.081
5626.000,2927.585
5627.000,2690.213
5628.000,3164.957
5629.000,3006.709
5630.000,2690.213
5631.000,3006.709
5632.000,3244.081
5633.000,2769.337
5634.000,2927.585
5635.000,3244.081
5636.000,2848.461
5637.000,2690.213
5638.000,3164.957
5639.000,3006.709
5640.000,2690.213
5641.000,3085.833
5642.000,3244.081
5643.000,2769.337
5644.000,2848.461
5645.000,3164.957
5646.000,2848.461
5647.000,2690.213
5648.000,3164.957
5649.000,3085.833
5650.000,2690.213
5651.000,3085.833
5652.000,3164.957
5653.000,2690.213
5654.000,2848.461
5655.000,3244.081
5656.000,2848.461
5657.000,2769.337
5658.000,3244.081
5659.000,3085.833
5660.000,2690.213
5661.000,3006.709
5662.000,3164.957
5663.000,2690.213
5664.000,2848.461
5665.000,3244.081
5666.000,2927.585
5667.000,2769.337
5668.000,3164.957
5669.000,3085.833
5670.000,2611.089
5671.000,3006.709
5672.000,3164.957
5673.000,2769.337
5674.000,2927.585
5675.000,3244.081
5676.000,2927.585
5677.000,2690.213
5678.000,3164.957
5679.000,3006.709
5680.000,2611.089
5681.000,3006.709
5682.000,3244.081
5683.000,2769.337
5684.000,2927.585
5685.000,3244.081
5686.000,2848.461
5687.000,2690.213
5688.000,3164.957
5689.000,3006.709
5690.000,2690.213
5691.000,3085.833
5692.000,3244.081
5693.000,2769.337
5694.000,2848.461
5695.000,3244.081
5696.000,2848.461
5697.000,2690.213
5698.000,3164.957
5699.000,3085.833
5700.000,2690.213
5701.000,3085.833
5702.000,3244.081
5703.000,2690.213
5704.000,2848.461
5705.000,3244.081
5706.000,2848.461
5707.000,2769.337
5708.000,3244.081
5709.000,3085.833
5710.000,2690.213
5711.000,3006.709
5712.000,3164.957
5713.000,2690.213
5714.000,2848.461
5715.000,3244.081
5716.000,2927.585
5717.000,2769.337
5718.000,3164.957
5719.000,3085.833
5720.000,2690.213
5721.000,3006.709
5722.000,3164.957
5723.000,2769.337
5724.000,2927.585
5725.000,3244.081
5726.000,2927.585
5727.000,2690.213
5728.000,3164.957
5729.000,3006.709
5730.000,2690.213
5731.000,3006.709
5732.000,3244.081
5733.000,2769.337
5734.000,2927.585
5735.000,3244.081
5736.000,2848.461
5737.000,2690.213
5738.000,3164.957
5739.000,3006.709
5740.000,2690.213
5741.000,3085.833
5742.000,3244.081
5743.000,2769.337
5744.000,2848.461
5745.000,3164.957
5746.000,2848.461
5747.000,2690.213
5748.000,3164.957
5749.000,3085.833
5750.000,2690.213
5751.000,3085.833
5752.000,3244.081
5753.000,2690.213
5754.000,2848.461
5755.000,3164.957
5756.000,2848.461
5757.000,2769.337
5758.000,3244.081
5759.000,3085.833
5760.000,2690.213
5761.000,3006.709
5762.000,3164.957
5763.000,2690.213
5764.000,2848.461
5765.000,3244.081
5766.000,2927.585
5767.000,2769.337
5768.000,3164.957
5769.000,3085.833
5770.000,2690.213
5771.000,3006.709
5772.000,3164.957
5773.000,2769.337
5774.000,2927.585
5775.000,3244.081
5776.000,2927.585
5777.000,2690.213
5778.000,3164.957
5779.000,3006.709
5780.000,2690.213
5781.000,3006.709
5782.000,3244.081
5783.000,2769.337
5784.000,2927.585
5785.000,3244.081
5786.000,2848.461
5787.000,2690.213
5788.000,3164.957
5789.000,3006.709
5790.000,2690.213
5791.000,3085.833
5792.000,3244.081
5793.000,2769.337
5794.000,2848.461
5795.000,3164.957
5796.000,2848.461
5797.000,2690.213
5798.000,3164.957
5799.000,3085.833
5800.000,2690.213
5801.000,3085.833
5802.000,3244.081
5803.000,2690.213
5804.000,2848.461
5805.000,3164.957
5806.000,2848.461
5807.000,2690.213
5808.000,3164.957
5809.000,3085.833
5810.000,2690.213
5811.000,3006.709
5812.000,3164.957
5813.000,2690.213
5814.000,2848.461
5815.000,3244.081
5816.000,2927.585
5817.000,2769.337
5818.000,3164.957
5819.000,3085.833
5820.000,2690.213
5821.000,3006.709
5822.000,3164.957
5823.000,2769.337
5824.000,2848.461
5825.000,3244.081
5826.000,2927.585
5827.000,2690.213
5828.000,3164.957
5829.000,3006.709
5830.000,2690.213
5831.000,3006.709
5832.000,3244.081
5833.000,2769.337
5834.000,2848.461
5835.000,3244.081
5836.000,2848.461
5837.000,2690.213
5838.000,3164.957
5839.000,3085.833
5840.000,2690.213
5841.000,3085.833
5842.000,3244.081
5843.000,2769.337
5844.000,2848.461
5845.000,3164.957
5846.000,2848.461
5847.000,2690.213
5848.000,3164.957
5849.000,3085.833
5850.000,2690.213
5851.000,3085.833
5852.000,3164.957
5853.000,2690.213
5854.000,2848.461
5855.000,3164.957
5856.000,2848.461
5857.000,2769.337
5858.000,3244.081
5859.000,3085.833
5860.000,2690.213
5861.000,3006.709
5862.000,3164.957
5863.000,2690.213
5864.000,2848.461
5865.000,3244.081
5866.000,2927.585
5867.000,2769.337
5868.000,3164.957
5869.000,3085.833
5870.000,2690.213
5871.000,3006.709
5872.000,3164.957
5873.000,2769.337
5874.000,2927.585
5875.000,3244.081
5876.000,2927.585
5877.000,2690.213
5878.000,3164.957
5879.000,3006.709
5880.000,2611.089
5881.000,3006.709
5882.000,3244.081
5883.000,2769.337
5884.000,2927.585
5885.000,3244.081
5886.000,2848.461
5887.000,2690.213
5888.000,3164.957
5889.000,3006.709
5890.000,2690.213
5891.000,3085.833
5892.000,3244.081
5893.000,2769.337
5894.000,2848.461
5895.000,3164.957
5896.000,2848.461
5897.000,2690.213
5898.000,3164.957
5899.000,3085.833
5900.000,2690.213
5901.000,3085.833
5902.000,3244.081
5903.000,2690.213
5904.000,2848.461
5905.000,3164.957
5906.000,2848.461
5907.000,2769.337
5908.000,3164.957
5909.000,3085.833
5910.000,2690.213
5911.000,3006.709
5912.000,3164.957
5913.000,2690.213
5914.000,2848.461
5915.000,3244.081
5916.000,2927.585
5917.000,2769.337
5918.000,3164.957
5919.000,3085.833
5920.000,2690.213
5921.000,3006.709
5922.000,3164.957
5923.000,2769.337
5924.000,2927.585
5925.000,3244.081
5926.000,2927.585
5927.000,2690.213
5928.000,3164.957
5929.000,3006.709
5930.000,2611.089
5931.000,3006.709
5932.000,3244.081
5933.000,2769.337
5934.000,2927.585
5935.000,3244.081
5936.000,2848.461
5937.000,2690.213
5938.000,3164.957
5939.000,3006.709
5940.000,2690.213
5941.000,3085.833
5942.000,3244.081
5943.000,2769.337
5944.000,2848.461
5945.000,3244.081
5946.000,2848.461
5947.000,2690.213
5948.000,3164.957
5949.000,3085.833
5950.000,2690.213
5951.000,3085.833
5952.000,3244.081
5953.000,2769.337
5954.000,2848.461
5955.000,3164.957
5956.000,2848.461
5957.000,2690.213
5958.000,3164.957
5959.000,3085.833
5960.000,2690.213
5961.000,3006.709
5962.000,3164.957
5963.000,2690.213
5964.000,2848.461
5965.000,3244.081
5966.000,2927.585
5967.000,2769.337
5968.000,3164.957
5969.000,3006.709
5970.000,2611.089
5971.000,3006.709
5972.000,3164.957
5973.000,2769.337
5974.000,2927.585
5975.000,3244.081
5976.000,2927.585
5977.000,2690.213
5978.000,3164.957
5979.000,3006.709
5980.000,2611.089
5981.000,3006.709
5982.000,3244.081
5983.000,2769.337
5984.000,2927.585
5985.000,3244.081
5986.000,2848.461
5987.000,2690.213
5988.000,3085.833
5989.000,3006.709
5990.000,2690.213
5991.000,3085.833
5992.000,3244.081
5993.000,2769.337
5994.000,2848.461
5995.000,3164.957
5996.000,2848.461
5997.000,2690.213
5998.000,3164.957
5999.000,3085.833
6000.000,2690.213
6001.000,3085.833
6002.000,3244.081
6003.000,2690.213
6004.000,2848.461
6005.000,3164.957
6006.000,2848.461
6007.000,2769.337
6008.000,3244.081
6009.000,3085.833
6010.000,2690.213
6011.000,3006.709
6012.000,3164.957
6013.000,2690.213
6014.000,2848.461
6015.000,3244.081
6016.000,2927.585
6017.000,2769.337
6018.000,3164.957
6019.000,3085.833
6020.000,2690.213
6021.000,3006.709
6022.000,3164.957
6023.000,2769.337
6024.000,2848.461
6025.000,3244.081
6026.000,2927.585
6027.000,2690.213
6028.000,3164.957
6029.000,3006.709
6030.000,2611.089
6031.000,3006.709
6032.000,3244.081
6033.000,2769.337
6034.000,2927.585
6035.000,3244.081
6036.000,2848.461
6037.000,2690.213
6038.000,3164.957
6039.000,3006.709
6040.000,2690.213
6041.000,3085.833
6042.000,3244.081
6043.000,2769.337
6044.000,2848.461
6045.000,3244.081
6046.000,2848.461
6047.000,2690.213
6048.000,3164.957
6049.000,3085.833
6050.000,2690.213
6051.000,3085.833
6052.000,3244.081
6053.000,2769.337
6054.000,2848.461
6055.000,3164.957
6056.000,2848.461
6057.000,2690.213
6058.000,3164.957
6059.000,3085.833
6060.000,2690.213
6061.000,3006.709
6062.000,3164.957
6063.000,2690.213
6064.000,2848.461
6065.000,3244.081
6066.000,2927.585
6067.000,2769.337
6068.000,3164.957
6069.000,3085.833
6070.000,2690.213
6071.000,3006.709
6072.000,3164.957
6073.000,2769.337
6074.000,2848.461
6075.000,3244.081
6076.000,2927.585
6077.000,2690.213
6078.000,3164.957
6079.000,3006.709
6080.000,2690.213
6081.000,3006.709
6082.000,3244.081
6083.000,2769.337
6084.000,2927.585
6085.000,3244.081
6086.000,2848.461
6087.000,2690.213
6088.000,3164.957
6089.000,3085.833
6090.000,2690.213
6091.000,3085.833
6092.000,3244.081
6093.000,2769.337
6094.000,2848.461
6095.000,3164.957
6096.000,2848.461
6097.000,2690.213
6098.000,3164.957
6099.000,3085.833
6100.000,2690.213
6101.000,3085.833
6102.000,3244.081
6103.000,2690.213
6104.000,2848.461
6105.000,3164.957
6106.000,2848.461
6107.000,2769.337
6108.000,3244.081
6109.000,3085.833
6110.000,2690.213
6111.000,3006.709
6112.000,3164.957
6113.000,2690.213
6114.000,2848.461
6115.000,3244.081
6116.000,2927.585
6117.000,2769.337
6118.000,3164.957
6119.000,3085.833
6120.000,2611.089
6121.000,3006.709
6122.000,3164.957
6123.000,2769.337
6124.000,2927.585
6125.000,3244.081
6126.000,2927.585
6127.000,2690.213
6128.000,3164.957
6129.000,3006.709
6130.000,2611.089
6131.000,3006.709
6132.000,3244.081
6133.000,2769.337
6134.000,2927.585
6135.000,3244.081
6136.000,2848.461
6137.000,2690.213
6138.000,3164.957
6139.000,3006.709
6140.000,2690.213
6141.000,3085.833
6142.000,3244.081
6143.000,2769.337
6144.000,2848.461
6145.000,3244.081
6146.000,2848.461
6147.000,2690.213
6148.000,3164.957
6149.000,3085.833
6150.000,2690.213
6151.000,3085.833
6152.000,3244.081
6153.000,2769.337
6154.000,2848.461
6155.000,3164.957
6156.000,2848.461
6157.000,2769.337
6158.000,3244.081
6159.000,3085.833
6160.000,2690.213
6161.000,3006.709
6162.000,3164.957
6163.000,2690.213
6164.000,2848.461
6165.000,3244.081
6166.000,2927.585
6167.000,2769.337
6168.000,3164.957
6169.000,3085.833
6170.000,2690.213
6171.000,3006.709
6172.000,3164.957
6173.000,2769.337
6174.000,2848.461
6175.000,3244.081
6176.000,2927.585
6177.000,2769.337
6178.000,3164.957
6179.000,3006.709
6180.000,2611.089
6181.000,3006.709
6182.000,3244.081
6183.000,2769.337
6184.000,2927.585
6185.000,3244.081
6186.000,2848.461
6187.000,2690.213
6188.000,3164.957
6189.000,3006.709
6190.000,2690.213
6191.000,3085.833
6192.000,3244.081
6193.000,2769.337
6194.000,2848.461
6195.000,3244.081
6196.000,2848.461
6197.000,2690.213
6198.000,3164.957
6199.000,3085.833
6200.000,2690.213
6201.000,3085.833
6202.000,3244.081
6203.000,2769.337
6204.000,2848.461
6205.000,3244.081
6206.000,2848.461
6207.000,2769.337
6208.000,3164.957
6209.000,3085.833
6210.000,2690.213
6211.000,3006.709
6212.000,3164.957
6213.000,2690.213
6214.000,2848.461
6215.000,3244.081
6216.000,2927.585
6217.000,2769.337
6218.000,3164.957
6219.000,3085.833
6220.000,2611.089
6221.000,3006.709
6222.000,3164.957
6223.000,2769.337
6224.000,2927.585
6225.000,3323.205
6226.000,2927.585
6227.000,2690.213
6228.000,3164.957
6229.000,3006.709
6230.000,2611.089
6231.000,3006.709
6232.000,3244.081
6233.000,2769.337
6234.000,2927.585
6235.000,3244.081
6236.000,2848.461
6237.000,2690.213
6238.000,3085.833
6239.000,3006.709
6240.000,2690.213
6241.000,3085.833
6242.000,3244.081
6243.000,2769.337
6244.000,2848.461
6245.000,3244.081
6246.000,2848.461
6247.000,2690.213
6248.000,3164.957
6249.000,3085.833
6250.000,2769.337
6251.000,3085.833
6252.000,3244.081
6253.000,2769.337
6254.000,2848.461
6255.000,3164.957
6256.000,2848.461
6257.000,2690.213
6258.000,3164.957
6259.000,3085.833
6260.000,2690.213
6261.000,3006.709
6262.000,3164.957
6263.000,2690.213
6264.000,2848.461
6265.000,3244.081
6266.000,2927.585
6267.000,2769.337
6268.000,3164.957
6269.000,3085.833
6270.000,2690.213
6271.000,3006.709
6272.000,3164.957
6273.000,2769.337
6274.000,2848.461
6275.000,3244.081
6276.000,2927.585
6277.000,2690.213
6278.000,3164.957
6279.000,3006.709
6280.000,2690.213
6281.000,3006.709
6282.000,3244.081
6283.000,2769.337
6284.000,2927.585
6285.000,3244.081
6286.000,2848.461
6287.000,2690.213
6288.000,3164.957
6289.000,3006.709
6290.000,2690.213
6291.000,3085.833
6292.000,3244.081
6293.000,2769.337
6294.000,2848.461
6295.000,3164.957
6296.000,2848.461
6297.000,2690.213
6298.000,3164.957
6299.000,3085.833
6300.000,2769.337
6301.000,3085.833
6302.000,3244.081
6303.000,2769.337
6304.000,2848.461
6305.000,3164.957
6306.000,2848.461
6307.000,2690.213
6308.000,3244.081
6309.000,3085.833
6310.000,2690.213
6311.000,3006.709
6312.000,3164.957
6313.000,2690.213
6314.000,2848.461
6315.000,3244.081
6316.000,2927.585
6317.000,2769.337
6318.000,3164.957
6319.000,3085.833
6320.000,2690.213
6321.000,3006.709
6322.000,3164.957
6323.000,2769.337
6324.000,2848.461
6325.000,3244.081
6326.000,2927.585
6327.000,2690.213
6328.000,3164.957
6329.000,3006.709
6330.000,2690.213
6331.000,3006.709
6332.000,3244.081
6333.000,2769.337
6334.000,2927.585
6335.000,3244.081
6336.000,2848.461
6337.000,2690.213
6338.000,3164.957
6339.000,3085.833
6340.000,2690.213
6341.000,3085.833
6342.000,3244.081
6343.000,2769.337
6344.000,2848.461
6345.000,3164.957
6346.000,2848.461
6347.000,2690.213
6348.000,3164.957
6349.000,3085.833
6350.000,2769.337
6351.000,3085.833
6352.000,3244.081
6353.000,2690.213
6354.000,2769.337
6355.000,3164.957
6356.000,2848.461
6357.000,2769.337
6358.000,3244.081
6359.000,3085.833
6360.000,2690.213
6361.000,3006.709
6362.000,3164.957
6363.000,2690.213
6364.000,2848.461
6365.000,3244.081
6366.000,2927.585
6367.000,2769.337
6368.000,3164.957
6369.000,3085.833
6370.000,2690.213
6371.000,3006.709
6372.000,3164.957
6373.000,2769.337
6374.000,2848.461
6375.000,3244.081
6376.000,2927.585
6377.000,2690.213
6378.000,3164.957
6379.000,3006.709
6380.000,2611.089
6381.000,3006.709
6382.000,3244.081
6383.000,2769.337
6384.000,2927.585
6385.000,3244.081
6386.000,2927.585
6387.000,2690.213
6388.000,3164.957
6389.000,3085.833
6390.000,2690.213
6391.000,3085.833
6392.000,3244.081
6393.000,2769.337
6394.000,2848.461
6395.000,3244.081
6396.000,2848.461
6397.000,2690.213
6398.000,3164.957
6399.000,3085.833
6400.000,2690.213
6401.000,3085.833
6402.000,3244.081
6403.000,2769.337
6404.000,2848.461
6405.000,3164.957
6406.000,2848.461
6407.000,2769.337
6408.000,3164.957
6409.000,3085.833
6410.000,2690.213
6411.000,3006.709
6412.000,3164.957
6413.000,2690.213
6414.000,2848.461
6415.000,3244.081
6416.000,2927.585
6417.000,2769.337
6418.000,3164.957
6419.000,3085.833
6420.000,2690.213
6421.000,3006.709
6422.000,3164.957
6423.000,2769.337
6424.000,2848.461
6425.000,3244.081
6426.000,2927.585
6427.000,2690.213
6428.000,3164.957
6429.000,3006.709
6430.000,2690.213
6431.000,3006.709
6432.000,3244.081
6433.000,2769.337
6434.000,2927.585
6435.000,3244.081
6436.000,2927.585
6437.000,2690.213
6438.000,3164.957
6439.000,3085.833
6440.000,2690.213
6441.000,3085.833
6442.000,3244.081
6443.000,2769.337
6444.000,2848.461
6445.000,3244.081
6446.000,2848.461
6447.000,2690.213
6448.000,3164.957
6449.000,3085.833
6450.000,2690.213
6451.000,3085.833
6452.000,3244.081
6453.000,2690.213
6454.000,2848.461
6455.000,3244.081
6456.000,2927.585
6457.000,2769.337
6458.000,3244.081
6459.000,3085.833
6460.000,2690.213
6461.000,3006.709
6462.000,3164.957
6463.000,2690.213
6464.000,2848.461
6465.000,3244.081
6466.000,2927.585
6467.000,2769.337
6468.000,3164.957
6469.000,3085.833
6470.000,2611.089
6471.000,3006.709
6472.000,3164.957
6473.000,2769.337
6474.000,2927.585
6475.000,3323.205
6476.000,2927.585
6477.000,2690.213
6478.000,3164.957
6479.000,3006.709
6480.000,2611.089
6481.000,3006.709
6482.000,3244.081
6483.000,2769.337
6484.000,2927.585
6485.000,3244.081
6486.000,2927.585
6487.000,2690.213
6488.000,3085.833
6489.000,3006.709
6490.000,2690.213
6491.000,3085.833
6492.000,3244.081
6493.000,2769.337
6494.000,2848.461
6495.000,3244.081
6496.000,2848.461
6497.000,2690.213
6498.000,3164.957
6499.000,3085.833
6500.000,2690.213
6501.000,3085.833
6502.000,3244.081
6503.000,2769.337
6504.000,2848.461
6505.000,3164.957
6506.000,2848.461
6507.000,2690.213
6508.000,3164.957
6509.000,3085.833
6510.000,2690.213
6511.000,3006.709
6512.000,3164.957
6513.000,2690.213
6514.000,2848.461
6515.000,3244.081
6516.000,2927.585
6517.000,2769.337
6518.000,3164.957
6519.000,3085.833
6520.000,2690.213
6521.000,3006.709
6522.000,3164.957
6523.000,2769.337
6524.000,2848.461
6525.000,3244.081
6526.000,2927.585
6527.000,2690.213
6528.000,3164.957
6529.000,3006.709
6530.000,2611.089
6531.000,3006.709
6532.000,3244.081
6533.000,2769.337
6534.000,2927.585
6535.000,3244.081
6536.000,2848.461
6537.000,2690.213
6538.000,3164.957
6539.000,3006.709
6540.000,2690.213
6541.000,3085.833
6542.000,3244.081
6543.000,2769.337
6544.000,2848.461
6545.000,3244.081
6546.000,2848.461
6547.000,2690.213
6548.000,3164.957
6549.000,3085.833
6550.000,2690.213
6551.000,3085.833
6552.000,3244.081
6553.000,2769.337
6554.000,2848.461
6555.000,3164.957
6556.000,2848.461
6557.000,2690.213
6558.000,3164.957
6559.000,3085.833
6560.000,2690.213
6561.000,3006.709
6562.000,3164.957
6563.000,2690.213
6564.000,2848.461
6565.000,3244.081
6566.000,2927.585
6567.000,2769.337
6568.000,3164.957
6569.000,3085.833
6570.000,2611.089
6571.000,3006.709
6572.000,3164.957
6573.000,2769.337
6574.000,2927.585
6575.000,3244.081
6576.000,2927.585
6577.000,2690.213
6578.000,3164.957
6579.000,3006.709
6580.000,2611.089
6581.000,3006.709
6582.000,3244.081
6583.000,2769.337
6584.000,2927.585
6585.000,3244.081
6586.000,2848.461
6587.000,2690.213
6588.000,3085.833
6589.000,3006.709
6590.000,2690.213
6591.000,3085.833
6592.000,3244.081
6593.000,2769.337
6594.000,2848.461
6595.000,3164.957
6596.000,2848.461
6597.000,2690.213
6598.000,3164.957
6599.000,3085.833
6600.000,2769.337
6601.000,3085.833
6602.000,3244.081
6603.000,2769.337
6604.000,2769.337
6605.000,3164.957
6606.000,2848.461
6607.000,2690.213
6608.000,3164.957
6609.000,3085.833
6610.000,2690.213
6611.000,3006.709
6612.000,3164.957
6613.000,2690.213
6614.000,2848.461
6615.000,3244.081
6616.000,2927.585
6617.000,2769.337
6618.000,3164.957
6619.000,3085.833
6620.000,2690.213
6621.000,3006.709
6622.000,3164.957
6623.000,2769.337
6624.000,2848.461
6625.000,3244.081
6626.000,2927.585
6627.000,2690.213
6628.000,3164.957
6629.000,3006.709
6630.000,2690.213
6631.000,3006.709
6632.000,3244.081
6633.000,2769.337
6634.000,2848.461
6635.000,3244.081
6636.000,2848.461
6637.000,2690.213
6638.000,3164.957
6639.000,3085.833
6640.000,2690.213
6641.000,3085.833
6642.000,3244.081
6643.000,2769.337
6644.000,2848.461
6645.000,3244.081
6646.000,2848.461
6647.000,2690.213
6648.000,3164.957
6649.000,3085.833
6650.000,2690.213
6651.000,3085.833
6652.000,3244.081
6653.000,2769.337
6654.000,2848.461
6655.000,3164.957
6656.000,2927.585
6657.000,2769.337
6658.000,3164.957
6659.000,3085.833
6660.000,2690.213
6661.000,3006.709
6662.000,3164.957
6663.000,2690.213
6664.000,2848.461
6665.000,3244.081
6666.000,2927.585
6667.000,2769.337
6668.000,3164.957
6669.000,3085.833
6670.000,2690.213
6671.000,3006.709
6672.000,3164.957
6673.000,2769.337
6674.000,2848.461
6675.000,3244.081
6676.000,2927.585
6677.000,2690.213
6678.000,3164.957
6679.000,3006.709
6680.000,2690.213
6681.000,3006.709
6682.000,3244.081
6683.000,2769.337
6684.000,2848.461
6685.000,3244.081
6686.000,2848.461
6687.000,2690.213
6688.000,3164.957
6689.000,3085.833
6690.000,2690.213
6691.000,3085.833
6692.000,3244.081
6693.000,2769.337
6694.000,2848.461
6695.000,3164.957
6696.000,2848.461
6697.000,2690.213
6698.000,3164.957
6699.000,3085.833
6700.000,2690.213
6701.000,3085.833
6702.000,3244.081
6703.000,2690.213
6704.000,2848.461
6705.000,3244.081
6706.000,2927.585
6707.000,2769.337
6708.000,3244.081
6709.000,3085.833
6710.000,2690.213
6711.000,3006.709
6712.000,3164.957
6713.000,2690.213
6714.000,2848.461
6715.000,3244.081
6716.000,2927.585
6717.000,2769.337
6718.000,3164.957
6719.000,3085.833
6720.000,2611.089
6721.000,3006.709
6722.000,3164.957
6723.000,2769.337
6724.000,2848.461
6725.000,3244.081
6726.000,2927.585
6727.000,2690.213
6728.000,3164.957
6729.000,3006.709
6730.000,2611.089
6731.000,3006.709
6732.000,3244.081
6733.000,2769.337
6734.000,2927.585
6735.000,3244.081
6736.000,2927.585
6737.000,2690.213
6738.000,3085.833
6739.000,3006.709
6740.000,2690.213
6741.000,3085.833
6742.000,3244.081
6743.000,2769.337
6744.000,2848.461
6745.000,3244.081
6746.000,2848.461
6747.000,2690.213
6748.000,3164.957
6749.000,3085.833
6750.000,2690.213
6751.000,3085.833
6752.000,3244.081
6753.000,2769.337
6754.000,2848.461
6755.000,3164.957
6756.000,2848.461
6757.000,2690.213
6758.000,3164.957
6759.000,3085.833
6760.000,2690.213
6761.000,3006.709
6762.000,3164.957
6763.000,2690.213
6764.000,2848.461
6765.000,3244.081
6766.000,2927.585
6767.000,2769.337
6768.000,3164.957
6769.000,3085.833
6770.000,2690.213
6771.000,3006.709
6772.000,3164.957
6773.000,2769.337
6774.000,2848.461
6775.000,3244.081
6776.000,2927.585
6777.000,2690.213
6778.000,3164.957
6779.000,3006.709
6780.000,2690.213
6781.000,3006.709
6782.000,3244.081
6783.000,2769.337
6784.000,2848.461
6785.000,3244.081
6786.000,2848.461
6787.000,2690.213
6788.000,3164.957
6789.000,3085.833
6790.000,2690.213
6791.000,3085.833
6792.000,3244.081
6793.000,2769.337
6794.000,2848.461
6795.000,3164.957
6796.000,2848.461
6797.000,2690.213
6798.000,3164.957
6799.000,3085.833
6800.000,2690.213
6801.000,3085.833
6802.000,3244.081
6803.000,2769.337
6804.000,2848.461
6805.000,3164.957
6806.000,2927.585
6807.000,2690.213
6808.000,3164.957
6809.000,3085.833
6810.000,2690.213
6811.000,3006.709
6812.000,3164.957
6813.000,2690.213
6814.000,2848.461
6815.000,3244.081
6816.000,2927.585
6817.000,2769.337
6818.000,3164.957
6819.000,3085.833
6820.000,2690.213
6821.000,3006.709
6822.000,3164.957
6823.000,2769.337
6824.000,2848.461
6825.000,3244.081
6826.000,2927.585
6827.000,2690.213
6828.000,3164.957
6829.000,3006.709
6830.000,2690.213
6831.000,3006.709
6832.000,3244.081
6833.000,2769.337
6834.000,2848.461
6835.000,3244.081
6836.000,2848.461
6837.000,2690.213
6838.000,3085.833
6839.000,3085.833
6840.000,2690.213
6841.000,3085.833
6842.000,3244.081
6843.000,2769.337
6844.000,2848.461
6845.000,3164.957
6846.000,2848.461
6847.000,2690.213
6848.000,3164.957
6849.000,3085.833
6850.000,2769.337
6851.000,3085.833
6852.000,3244.081
6853.000,2769.337
6854.000,2769.337
6855.000,3164.957
6856.000,2848.461
6857.000,2690.213
6858.000,3164.957
6859.000,3085.833
6860.000,2690.213
6861.000,3006.709
6862.000,3164.957
6863.000,2690.213
6864.000,2848.461
6865.000,3244.081
6866.000,2927.585
6867.000,2769.337
6868.000,3164.957
6869.000,3085.833
6870.000,2690.213
6871.000,3006.709
6872.000,3164.957
6873.000,2769.337
6874.000,2848.461
6875.000,3244.081
6876.000,2927.585
6877.000,2690.213
6878.000,3164.957
6879.000,3006.709
6880.000,2690.213
6881.000,3006.709
6882.000,3244.081
6883.000,2769.337
6884.000,2848.461
6885.000,3244.081
6886.000,2927.585
6887.000,2690.213
6888.000,3164.957
6889.000,3085.833
6890.000,2690.213
6891.000,3085.833
6892.000,3244.081
6893.000,2769.337
6894.000,2848.461
6895.000,3244.081
6896.000,2848.461
6897.000,2690.213
6898.000,3164.957
6899.000,3085.833
6900.000,2690.213
6901.000,3006.709
6902.000,3244.081
6903.000,2769.337
6904.000,2848.461
6905.000,3244.081
6906.000,2927.585
6907.000,2690.213
6908.000,3164.957
6909.000,3085.833
6910.000,2690.213
6911.000,3006.709
6912.000,3164.957
6913.000,2690.213
6914.000,2848.461
6915.000,3244.081
6916.000,2927.585
6917.000,2769.337
6918.000,3164.957
6919.000,3085.833
6920.000,2690.213
6921.000,3006.709
6922.000,3164.957
6923.000,2769.337
6924.000,2848.461
6925.000,3244.081
6926.000,2927.585
6927.000,2690.213
6928.000,3164.957
6929.000,3006.709
6930.000,2690.213
6931.000,3006.709
6932.000,3244.081
6933.000,2769.337
6934.000,2848.461
6935.000,3244.081
6936.000,2927.585
6937.000,2690.213
6938.000,3085.833
6939.000,3085.833
6940.000,2690.213
6941.000,3085.833
6942.000,3244.081
6943.000,2769.337
6944.000,2848.461
6945.000,3244.081
6946.000,2848.461
6947.000,2690.213
6948.000,3164.957
6949.000,3085.833
6950.000,2690.213
6951.000,3085.833
6952.000,3244.081
6953.000,2769.337
6954.000,2848.461
6955.000,3164.957
6956.000,2848.461
6957.000,2690.213
6958.000,3164.957
6959.000,3085.833
6960.000,2690.213
6961.000,3006.709
6962.000,3164.957
6963.000,2690.213
6964.000,2848.461
6965.000,3244.081
6966.000,2927.585
6967.000,2769.337
6968.000,3164.957
6969.000,3085.833
6970.000,2690.213
6971.000,3006.709
6972.000,3164.957
6973.000,2769.337
6974.000,2848.461
6975.000,3244.081
6976.000,2927.585
6977.000,2690.213
6978.000,3164.957
6979.000,3006.709
6980.000,2611.089
6981.000,3006.709
6982.000,3244.081
6983.000,2769.337
6984.000,2927.585
6985.000,3244.081
6986.000,2927.585
6987.000,2690.213
6988.000,3085.833
6989.000,3006.709
6990.000,2690.213
6991.000,3006.709
6992.000,3244.081
6993.000,2769.337
6994.000,2848.461
6995.000,3244.081
6996.000,2848.461
6997.000,2690.213
6998.000,3164.957
6999.000,3085.833
7000.000,2690.213
7001.000,3085.833
7002.000,3244.081
7003.000,2769.337
7004.000,2848.461
7005.000,3244.081
7006.000,2927.585
7007.000,2690.213
7008.000,3164.957
7009.000,3085.833
7010.000,2690.213
7011.000,3006.709
7012.000,3164.957
7013.000,2769.337
7014.000,2848.461
7015.000,3244.081
7016.000,2927.585
7017.000,2769.337
7018.000,3164.957
7019.000,3085.833
7020.000,2690.213
7021.000,3006.709
7022.000,3164.957
7023.000,2769.337
7024.000,2848.461
7025.000,3244.081
7026.000,2927.585
7027.000,2690.213
7028.000,3164.957
7029.000,3006.709
7030.000,2690.213
7031.000,3006.709
7032.000,3244.081
7033.000,2769.337
7034.000,2848.461
7035.000,3244.081
7036.000,2927.585
7037.000,2690.213
7038.000,3085.833
7039.000,3085.833
7040.000,2690.213
7041.000,3085.833
7042.000,3244.081
7043.000,2769.337
7044.000,2848.461
7045.000,3244.081
7046.000,2848.461
7047.000,2690.213
7048.000,3164.957
7049.000,3085.833
7050.000,2690.213
7051.000,3085.833
7052.000,3244.081
7053.000,2769.337
7054.000,2848.461
7055.000,3164.957
7056.000,2848.461
7057.000,2690.213
7058.000,3164.957
7059.000,3085.833
7060.000,2690.213
7061.000,3006.709
7062.000,3164.957
7063.000,2690.213
7064.000,2848.461
7065.000,3244.081
7066.000,2927.585
7067.000,2769.337
7068.000,3164.957
7069.000,3085.833
7070.000,2690.213
7071.000,3006.709
7072.000,3164.957
7073.000,2769.337
7074.000,2848.461
7075.000,3244.081
7076.000,2927.585
7077.000,2690.213
7078.000,3164.957
7079.000,3006.709
7080.000,2690.213
7081.000,3006.709
7082.000,3244.081
7083.000,2769.337
7084.000,2848.461
7085.000,3244.081
7086.000,2848.461
7087.000,2690.213
7088.000,3085.833
7089.000,3085.833
7090.000,2690.213
7091.000,3085.833
7092.000,3244.081
7093.000,2769.337
7094.000,2848.461
7095.000,3164.957
7096.000,2848.461
7097.000,2690.213
7098.000,3164.957
7099.000,3085.833
7100.000,2690.213
7101.000,3085.833
7102.000,3244.081
7103.000,2769.337
7104.000,2848.461
7105.000,3164.957
7106.000,2848.461
7107.000,2690.213
7108.000,3164.957
7109.000,3085.833
7110.000,2690.213
7111.000,3006.709
7112.000,3164.957
7113.000,2690.213
7114.000,2848.461
7115.000,3244.081
7116.000,2927.585
7117.000,2769.337
7118.000,3164.957
7119.000,3085.833
7120.000,2690.213
7121.000,3006.709
7122.000,3164.957
7123.000,2769.337
7124.000,2848.461
7125.000,3244.081
7126.000,2927.585
7127.000,2690.213
7128.000,3164.957
7129.000,3085.833
7130.000,2690.213
7131.000,3006.709
7132.000,3244.081
7133.000,2769.337
7134.000,2848.461
7135.000,3244.081
7136.000,2927.585
7137.000,2690.213
7138.000,3164.957
7139.000,3085.833
7140.000,2690.213
7141.000,3085.833
7142.000,3244.081
7143.000,2769.337
7144.000,2848.461
7145.000,3244.081
7146.000,2848.461
7147.000,2690.213
7148.000,3164.957
7149.000,3085.833
7150.000,2690.213
7151.000,3085.833
7152.000,3244.081
7153.000,2769.337
7154.000,2769.337
7155.000,3164.957
7156.000,2927.585
7157.000,2690.213
7158.000,3164.957
7159.000,3085.833
7160.000,2690.213
7161.000,3006.709
7162.000,3164.957
7163.000,2690.213
7164.000,2848.461
7165.000,3244.081
7166.000,2927.585
7167.000,2769.337
7168.000,3164.957
7169.000,3085.833
7170.000,2690.213
7171.000,3006.709
7172.000,3164.957
7173.000,2769.337
7174.000,2848.461
7175.000,3244.081
7176.000,2927.585
7177.000,2690.213
7178.000,3164.957
7179.000,3006.709
7180.000,2690.213
7181.000,3006.709
7182.000,3244.081
7183.000,2769.337
7184.000,2848.461
7185.000,3244.081
7186.000,2927.585
7187.000,2690.213
7188.000,3164.957
7189.000,3085.833
7190.000,2690.213
7191.000,3006.709
7192.000,3244.081
7193.000,2769.337
7194.000,2848.461
7195.000,3244.081
7196.000,2848.461
7197.000,2690.213
7198.000,3164.957
7199.000,3085.833
7200.000,2690.213
7201.000,3085.833
7202.000,3244.081
7203.000,2769.337
7204.000,2769.337
7205.000,3164.957
7206.000,2927.585
7207.000,2690.213
7208.000,3164.957
7209.000,3085.833
7210.000,2690.213
7211.000,3006.709
7212.000,3164.957
7213.000,2690.213
7214.000,2848.461
7215.000,3244.081
7216.000,2927.585
7217.000,2769.337
7218.000,3164.957
7219.000,3085.833
7220.000,2690.213
7221.000,3006.709
7222.000,3164.957
7223.000,2769.337
7224.000,2848.461
7225.000,3244.081
7226.000,2927.585
7227.000,2690.213
7228.000,3164.957
7229.000,3006.709
7230.000,2690.213
7231.000,3006.709
7232.000,3244.081
7233.000,2769.337
7234.000,2848.461
7235.000,3244.081
7236.000,2927.585
7237.000,2690.213
7238.000,3164.957
7239.000,3085.833
7240.000,2690.213
7241.000,3006.709
7242.000,3244.081
7243.000,2769.337
7244.000,2848.461
7245.000,3244.081
7246.000,2848.461
7247.000,2690.213
7248.000,3164.957
7249.000,3085.833
7250.000,2690.213
7251.000,3006.709
7252.000,3244.081
7253.000,2769.337
7254.000,2848.461
7255.000,3244.081
7256.000,2927.585
7257.000,2690.213
7258.000,3164.957
7259.000,3085.833
7260.000,2690.213
7261.000,3006.709
7262.000,3164.957
7263.000,2690.213
7264.000,2848.461
7265.000,3244.081
7266.000,2927.585
7267.000,2769.337
7268.000,3164.957
7269.000,3085.833
7270.000,2690.213
7271.000,3006.709
7272.000,3164.957
7273.000,2769.337
7274.000,2848.461
7275.000,3244.081
7276.000,2927.585
7277.000,2690.213
7278.000,3164.957
7279.000,3006.709
7280.000,2690.213
7281.000,3006.709
7282.000,3244.081
7283.000,2769.337
7284.000,2848.461
7285.000,3244.081
7286.000,2927.585
7287.000,2690.213
7288.000,3085.833
7289.000,3085.833
7290.000,2690.213
7291.000,3006.709
7292.000,3244.081
7293.000,2769.337
7294.000,2848.461
7295.000,3244.081
7296.000,2848.461
7297.000,2690.213
7298.000,3164.957
7299.000,3085.833
7300.000,2690.213
7301.000,3085.833
7302.000,3244.081
7303.000,2769.337
7304.000,2848.461
7305.000,3164.957
7306.000,2848.461
7307.000,2690.213
7308.000,3164.957
7309.000,3085.833
7310.000,2690.213
7311.000,3006.709
7312.000,3164.957
7313.000,2690.213
7314.000,2848.461
7315.000,3244.081
7316.000,2927.585
7317.000,2769.337
7318.000,3164.957
7319.000,3085.833
7320.000,2690.213
7321.000,3006.709
7322.000,3164.957
7323.000,2769.337
7324.000,2848.461
7325.000,3244.081
7326.000,2927.585
7327.000,2690.213
7328.000,3164.957
7329.000,3006.709
7330.000,2611.089
7331.000,3006.709
7332.000,3244.081
7333.000,2769.337
7334.000,2927.585
7335.000,3244.081
7336.000,2927.585
7337.000,2690.213
7338.000,3085.833
7339.000,3006.709
7340.000,2690.213
7341.000,3006.709
7342.000,3244.081
7343.000,2769.337
7344.000,2848.461
7345.000,3244.081
7346.000,2848.461
7347.000,2690.213
7348.000,3164.957
7349.000,3085.833
7350.000,2690.213
7351.000,3085.833
7352.000,3244.081
7353.000,2769.337
7354.000,2848.461
7355.000,3164.957
7356.000,2848.461
7357.000,2690.213
7358.000,3164.957
7359.000,3085.833
7360.000,2690.213
7361.000,3006.709
7362.000,3164.957
7363.000,2769.337
7364.000,2848.461
7365.000,3244.081
7366.000,2927.585
7367.000,2769.337
7368.000,3164.957
7369.000,3085.833
7370.000,2690.213
7371.000,3006.709
7372.000,3164.957
7373.000,2769.337
7374.000,2848.461
7375.000,3244.081
7376.000,2927.585
7377.000,2690.213
7378.000,3164.957
7379.000,3006.709
7380.000,2690.213
7381.000,3006.709
7382.000,3244.081
7383.000,2769.337
7384.000,2848.461
7385.000,3244.081
7386.000,2927.585
7387.000,2690.213
7388.000,3085.833
7389.000,3085.833
7390.000,2690.213
7391.000,3006.709
7392.000,3244.081
7393.000,2769.337
7394.000,2848.461
7395.000,3244.081
7396.000,2848.461
7397.000,2690.213
7398.000,3164.957
7399.000,3085.833
7400.000,2769.337
7401.000,3085.833
7402.000,3244.081
7403.000,2769.337
7404.000,2769.337
7405.000,3164.957
7406.000,2848.461
7407.000,2690.213
7408.000,3164.957
7409.000,3085.833
7410.000,2690.213
7411.000,3006.709
7412.000,3164.957
7413.000,2690.213
7414.000,2848.461
7415.000,3244.081
7416.000,2927.585
7417.000,2769.337
7418.000,3164.957
7419.000,3085.833
7420.000,2690.213
7421.000,3006.709
7422.000,3164.957
7423.000,2769.337
7424.000,2848.461
7425.000,3244.081
7426.000,2927.585
7427.000,2690.213
7428.000,3164.957
7429.000,3006.709
7430.000,2611.089
7431.000,3006.709
7432.000,3244.081
7433.000,2769.337
7434.000,2848.461
7435.000,3244.081
7436.000,2927.585
7437.000,2690.213
7438.000,3085.833
7439.000,3006.709
7440.000,2690.213
7441.000,3085.833
7442.000,3244.081
7443.000,2769.337
7444.000,2848.461
7445.000,3164.957
7446.000,2848.461
7447.000,2690.213
7448.000,3164.957
7449.000,3085.833
7450.000,2769.337
7451.000,3085.833
7452.000,3244.081
7453.000,2769.337
7454.000,2769.337
7455.000,3164.957
7456.000,2848.461
7457.000,2690.213
7458.000,3164.957
7459.000,3085.833
7460.000,2690.213
7461.000,3006.709
7462.000,3164.957
7463.000,2690.213
7464.000,2769.337
7465.000,3244.081
7466.000,2927.585
7467.000,2769.337
7468.000,3164.957
7469.000,3085.833
7470.000,2690.213
7471.000,3006.709
7472.000,3164.957
7473.000,2769.337
7474.000,2848.461
7475.000,3244.081
7476.000,2927.585
7477.000,2690.213
7478.000,3164.957
7479.000,3006.709
7480.000,2690.213
7481.000,3006.709
7482.000,3244.081
7483.000,2769.337
7484.000,2848.461
7485.000,3244.081
7486.000,2927.585
7487.000,2690.213
7488.000,3085.833
7489.000,3085.833
7490.000,2690.213
7491.000,3006.709
7492.000,3244.081
7493.000,2769.337
7494.000,2848.461
7495.000,3244.081
7496.000,2848.461
7497.000,2690.213
7498.000,3164.957
7499.000,3085.833
7500.000,2690.213
7501.000,3006.709
7502.000,3244.081
7503.000,2769.337
7504.000,2769.337
7505.000,3164.957
7506.000,2927.585
7507.000,2690.213
7508.000,3164.957
7509.000,3085.833
7510.000,2690.213
7511.000,3006.709
7512.000,3164.957
7513.000,2690.213
7514.000,2848.461
7515.000,3244.081
7516.000,2927.585
7517.000,2769.337
7518.000,3164.957
7519.000,3085.833
7520.000,2690.213
7521.000,2927.585
7522.000,3164.957
7523.000,2769.337
7524.000,2848.461
7525.000,3244.081
7526.000,2927.585
7527.000,2690.213
7528.000,3164.957
7529.000,3006.709
7530.000,2611.089
7531.000,3006.709
7532.000,3244.081
7533.000,2769.337
7534.000,2848.461
7535.000,3244.081
7536.000,2927.585
7537.000,2690.213
7538.000,3085.833
7539.000,3006.709
7540.000,2690.213
7541.000,3006.709
7542.000,3244.081
7543.000,2769.337
7544.000,2848.461
7545.000,3244.081
7546.000,2848.461
7547.000,2690.213
7548.000,3164.957
7549.000,3085.833
7550.000,2690.213
7551.000,3006.709
7552.000,3244.081
7553.000,2769.337
7554.000,2769.337
7555.000,3164.957
7556.000,2927.585
7557.000,2690.213
7558.000,3164.957
7559.000,3085.833
7560.000,2690.213
7561.000,3006.709
7562.000,3164.957
7563.000,2690.213
7564.000,2848.461
7565.000,3244.081
7566.000,2927.585
7567.000,2769.337
7568.000,3164.957
7569.000,3085.833
7570.000,2690.213
7571.000,2927.585
7572.000,3164.957
7573.000,2769.337
7574.000,2848.461
7575.000,3244.081
7576.000,2927.585
7577.000,2690.213
7578.000,3164.957
7579.000,3006.709
7580.000,2611.089
7581.000,3006.709
7582.000,3244.081
7583.000,2769.337
7584.000,2848.461
7585.000,3244.081
7586.000,2927.585
7587.000,2690.213
7588.000,3085.833
7589.000,3006.709
7590.000,2690.213
7591.000,3006.709
7592.000,3244.081
7593.000,2769.337
7594.000,2848.461
7595.000,3244.081
7596.000,2848.461
7597.000,2690.213
7598.000,3164.957
7599.000,3085.833
7600.000,2690.213
7601.000,3006.709
7602.000,3244.081
7603.000,2769.337
7604.000,2848.461
7605.000,3164.957
7606.000,2927.585
7607.000,2690.213
7608.000,3164.957
7609.000,3085.833
7610.000,2690.213
7611.000,3006.709
7612.000,3164.957
7613.000,2769.337
7614.000,2848.461
7615.000,3244.081
7616.000,2927.585
7617.000,2769.337
7618.000,3164.957
7619.000,3085.833
7620.000,2690.213
7621.000,3006.709
7622.000,3164.957
7623.000,2769.337
7624.000,2848.461
7625.000,3244.081
7626.000,2927.585
7627.000,2690.213
7628.000,3164.957
7629.000,3006.709
7630.000,2690.213
7631.000,3006.709
7632.000,3244.081
7633.000,2769.337
7634.000,2848.461
7635.000,3244.081
7636.000,2927.585
7637.000,2690.213
7638.000,3085.833
7639.000,3085.833
7640.000,2690.213
7641.000,3006.709
7642.000,3244.081
7643.000,2769.337
7644.000,2848.461
7645.000,3164.957
7646.000,2848.461
7647.000,2690.213
7648.000,3164.957
7649.000,3085.833
7650.000,2690.213
7651.000,3085.833
7652.000,3244.081
7653.000,2769.337
7654.000,2769.337
7655.000,3164.957
7656.000,2927.585
7657.000,2690.213
7658.000,3164.957
7659.000,3085.833
7660.000,2690.213
7661.000,3006.709
7662.000,3164.957
7663.000,2690.213
7664.000,2848.461
7665.000,3244.081
7666.000,2927.585
7667.000,2769.337
7668.000,3164.957
7669.000,3085.833
7670.000,2690.213
7671.000,2927.585
7672.000,3164.957
7673.000,2769.337
7674.000,2848.461
7675.000,3244.081
7676.000,2927.585
7677.000,2690.213
7678.000,3164.957
7679.000,3006.709
7680.000,2611.089
7681.000,3006.709
7682.000,3244.081
7683.000,2769.337
7684.000,2848.461
7685.000,3244.081
7686.000,2927.585
7687.000,2690.213
7688.000,3085.833
7689.000,3085.833
7690.000,2690.213
7691.000,3006.709
7692.000,3244.081
7693.000,2769.337
7694.000,2848.461
7695.000,3244.081
7696.000,2848.461
7697.000,2690.213
7698.000,3164.957
7699.000,3085.833
7700.000,2690.213
7701.000,3006.709
7702.000,3244.081
7703.000,2769.337
7704.000,2769.337
7705.000,3164.957
7706.000,2927.585
7707.000,2690.213
7708.000,3164.957
7709.000,3085.833
7710.000,2690.213
7711.000,3006.709
7712.000,3164.957
7713.000,2690.213
7714.000,2848.461
7715.000,3244.081
7716.000,2927.585
7717.000,2769.337
7718.000,3164.957
7719.000,3085.833
7720.000,2690.213
7721.000,3006.709
7722.000,3164.957
7723.000,2769.337
7724.000,2848.461
7725.000,3244.081
7726.000,2927.585
7727.000,2690.213
7728.000,3164.957
7729.000,3006.709
7730.000,2690.213
7731.000,3006.709
7732.000,3244.081
7733.000,2769.337
7734.000,2848.461
7735.000,3244.081
7736.000,2927.585
7737.000,2690.213
7738.000,3085.833
7739.000,3085.833
7740.000,2690.213
7741.000,3006.709
7742.000,3244.081
7743.000,2769.337
7744.000,2848.461
7745.000,3244.081
7746.000,2848.461
7747.000,2690.213
7748.000,3164.957
7749.000,3085.833
7750.000,2690.213
7751.000,3006.709
7752.000,3244.081
7753.000,2769.337
7754.000,2769.337
7755.000,3164.957
7756.000,2927.585
7757.000,2690.213
7758.000,3164.957
7759.000,3085.833
7760.000,2690.213
7761.000,3006.709
7762.000,3164.957
7763.000,2690.213
7764.000,2848.461
7765.000,3244.081
7766.000,2927.585
7767.000,2769.337
7768.000,3164.957
7769.000,3085.833
7770.000,2690.213
7771.000,2927.585
7772.000,3164.957
7773.000,2769.337
7774.000,2848.461
7775.000,3244.081
7776.000,2927.585
7777.000,2690.213
7778.000,3164.957
7779.000,3006.709
7780.000,2611.089
7781.000,3006.709
7782.000,3244.081
7783.000,2769.337
7784.000,2848.461
7785.000,3244.081
7786.000,2927.585
7787.000,2690.213
7788.000,3085.833
7789.000,3085.833
7790.000,2690.213
7791.000,3006.709
7792.000,3244.081
7793.000,2769.337
7794.000,2848.461
7795.000,3244.081
7796.000,2848.461
7797.000,2690.213
7798.000,3164.957
7799.000,3085.833
7800.000,2690.213
7801.000,3006.709
7802.000,3244.081
7803.000,2769.337
7804.000,2769.337
7805.000,3164.957
7806.000,2927.585
7807.000,2690.213
7808.000,3164.957
7809.000,3085.833
7810.000,2690.213
7811.000,3006.709
7812.000,3164.957
7813.000,2690.213
7814.000,2848.461
7815.000,3244.081
7816.000,2927.585
7817.000,2769.337
7818.000,3164.957
7819.000,3085.833
7820.000,2690.213
7821.000,3006.709
7822.000,3164.957
7823.000,2769.337
7824.000,2848.461
7825.000,3244.081
7826.000,2927.585
7827.000,2690.213
7828.000,3164.957
7829.000,3085.833
7830.000,2690.213
7831.000,3006.709
7832.000,3244.081
7833.000,2769.337
7834.000,2848.461
7835.000,3244.081
7836.000,2927.585
7837.000,2690.213
7838.000,3085.833
7839.000,3085.833
7840.000,2690.213
7841.000,3006.709
7842.000,3244.081
7843.000,2769.337
7844.000,2848.461
7845.000,3244.081
7846.000,2848.461
7847.000,2690.213
7848.000,3164.957
7849.000,3085.833
7850.000,2690.213
7851.000,3006.709
7852.000,3244.081
7853.000,2769.337
7854.000,2848.461
7855.000,3164.957
7856.000,2927.585
7857.000,2690.213
7858.000,3164.957
7859.000,3085.833
7860.000,2690.213
7861.000,3006.709
7862.000,3164.957
7863.000,2769.337
7864.000,2848.461
7865.000,3244.081
7866.000,2927.585
7867.000,2769.337
7868.000,3164.957
7869.000,3085.833
7870.000,2690.213
7871.000,3006.709
7872.000,3164.957
7873.000,2769.337
7874.000,2848.461
7875.000,3244.081
7876.000,2927.585
7877.000,2690.213
7878.000,3164.957
7879.000,3006.709
7880.000,2690.213
7881.000,3006.709
7882.000,3244.081
7883.000,2848.461
7884.000,2848.461
7885.000,3244.081
7886.000,2927.585
7887.000,2690.213
7888.000,3085.833
7889.000,3085.833
7890.000,2690.213
7891.000,3006.709
7892.000,3244.081
7893.000,2769.337
7894.000,2848.461
7895.000,3164.957
7896.000,2848.461
7897.000,2690.213
7898.000,3164.957
7899.000,3085.833
7900.000,2769.337
7901.000,3085.833
7902.000,3244.081
7903.000,2769.337
7904.000,2769.337
7905.000,3164.957
7906.000,2927.585
7907.000,2690.213
7908.000,3164.957
7909.000,3085.833
7910.000,2690.213
7911.000,3006.709
7912.000,3164.957
7913.000,2769.337
7914.000,2848.461
7915.000,3244.081
7916.000,2927.585
7917.000,2769.337
7918.000,3164.957
7919.000,3085.833
7920.000,2690.213
7921.000,3006.709
7922.000,3164.957
7923.000,2769.337
7924.000,2848.461
7925.000,3244.081
7926.000,2927.585
7927.000,2690.213
7928.000,3164.957
7929.000,3085.833
7930.000,2690.213
7931.000,3006.709
7932.000,3244.081
7933.000,2769.337
7934.000,2848.461
7935.000,3244.081
7936.000,2927.585
7937.000,2690.213
7938.000,3085.833
7939.000,3085.833
7940.000,2690.213
7941.000,3006.709
7942.000,3244.081
7943.000,2769.337
7944.000,2848.461
7945.000,3244.081
7946.000,2848.461
7947.000,2690.213
7948.000,3164.957
7949.000,3085.833
7950.000,2769.337
7951.000,3085.833
7952.000,3244.081
7953.000,2769.337
7954.000,2769.337
7955.000,3164.957
7956.000,2927.585
7957.000,2690.213
7958.000,3164.957
7959.000,3085.833
7960.000,2690.213
7961.000,3006.709
7962.000,3164.957
7963.000,2769.337
7964.000,2848.461
7965.000,3244.081
7966.000,2927.585
7967.000,2769.337
7968.000,3164.957
7969.000,3085.833
7970.000,2690.213
7971.000,3006.709
7972.000,3164.957
7973.000,2769.337
7974.000,2848.461
7975.000,3244.081
7976.000,2927.585
7977.000,2690.213
7978.000,3164.957
7979.000,3085.833
7980.000,2690.213
7981.000,3006.709
7982.000,3244.081
7983.000,2769.337
7984.000,2848.461
7985.000,3244.081
7986.000,2927.585
7987.000,2690.213
7988.000,3085.833
7989.000,3085.833
7990.000,2690.213
7991.000,3006.709
7992.000,3244.081
7993.000,2769.337
7994.000,2848.461
7995.000,3164.957
7996.000,2848.461
7997.000,2690.213
7998.000,3164.957
7999.000,3085.833
8000.000,2769.337
8001.000,3006.709
8002.000,3244.081
8003.000,2769.337
8004.000,2769.337
8005.000,3164.957
8006.000,2927.585
8007.000,2690.213
8008.000,3164.957
8009.000,3164.957
8010.000,2690.213
8011.000,3006.709
8012.000,3164.957
8013.000,2690.213
8014.000,2769.337
8015.000,3244.081
8016.000,2927.585
8017.000,2769.337
8018.000,3164.957
8019.000,3085.833
8020.000,2690.213
8021.000,2927.585
8022.000,3164.957
8023.000,2769.337
8024.000,2848.461
8025.000,3244.081
8026.000,2927.585
8027.000,2690.213
8028.000,3164.957
8029.000,3085.833
8030.000,2611.089
8031.000,3006.709
8032.000,3244.081
8033.000,2769.337
8034.000,2848.461
8035.000,3244.081
8036.000,2927.585
8037.000,2690.213
8038.000,3085.833
8039.000,3085.833
8040.000,2690.213
8041.000,3006.709
8042.000,3244.081
8043.000,2769.337
8044.000,2848.461
8045.000,3244.081
8046.000,2927.585
8047.000,2690.213
8048.000,3164.957
8049.000,3085.833
8050.000,2690.213
8051.000,3006.709
8052.000,3244.081
8053.000,2769.337
8054.000,2848.461
8055.000,3244.081
8056.000,2927.585
8057.000,2690.213
8058.000,3164.957
8059.000,3085.833
8060.000,2690.213
8061.000,3006.709
8062.000,3164.957
8063.000,2769.337
8064.000,2848.461
8065.000,3244.081
8066.000,2927.585
8067.000,2769.337
8068.000,3164.957
8069.000,3085.833
8070.000,2690.213
8071.000,3006.709
8072.000,3164.957
8073.000,2769.337
8074.000,2848.461
8075.000,3244.081
8076.000,2927.585
8077.000,2690.213
8078.000,3164.957
8079.000,3085.833
8080.000,2690.213
8081.000,3006.709
8082.000,3244.081
8083.000,2769.337
8084.000,2848.461
8085.000,3244.081
8086.000,2927.585
8087.000,2690.213
8088.000,3085.833
8089.000,3085.833
8090.000,2690.213
8091.000,3006.709
8092.000,3244.081
8093.000,2769.337
8094.000,2848.461
8095.000,3244.081
8096.000,2848.461
8097.000,2690.213
8098.000,3164.957
8099.000,3085.833
8100.000,2690.213
8101.000,3006.709
8102.000,3244.081
8103.000,2769.337
8104.000,2769.337
8105.000,3244.081
8106.000,2927.585
8107.000,2690.213
8108.000,3164.957
8109.000,3085.833
8110.000,2690.213
8111.000,3006.709
8112.000,3164.957
8113.000,2769.337
8114.000,2848.461
8115.000,3244.081
8116.000,2927.585
8117.000,2769.337
8118.000,3164.957
8119.000,3085.833
8120.000,2690.213
8121.000,2927.585
8122.000,3164.957
8123.000,2769.337
8124.000,2848.461
8125.000,3244.081
8126.000,2927.585
8127.000,2690.213
8128.000,3164.957
8129.000,3085.833
8130.000,2690.213
8131.000,3006.709
8132.000,3244.081
8133.000,2769.337
8134.000,2848.461
8135.000,3244.081
8136.000,2927.585
8137.000,2690.213
8138.000,3085.833
8139.000,3085.833
8140.000,2690.213
8141.000,3006.709
8142.000,3244.081
8143.000,2769.337
8144.000,2848.461
8145.000,3244.081
8146.000,2848.461
8147.000,2690.213
8148.000,3164.957
8149.000,3085.833
8150.000,2690.213
8151.000,3006.709
8152.000,3244.081
8153.000,2769.337
8154.000,2769.337
8155.000,3164.957
8156.000,2927.585
8157.000,2690.213
8158.000,3164.957
8159.000,3085.833
8160.000,2690.213
8161.000,3006.709
8162.000,3164.957
8163.000,2769.337
8164.000,2848.461
8165.000,3244.081
8166.000,2927.585
8167.000,2769.337
8168.000,3164.957
8169.000,3085.833
8170.000,2690.213
8171.000,3006.709
8172.000,3164.957
8173.000,2769.337
8174.000,2848.461
8175.000,3244.081
8176.000,2927.585
8177.000,2690.213
8178.000,3164.957
8179.000,3085.833
8180.000,2690.213
8181.000,3006.709
8182.000,3244.081
8183.000,2769.337
8184.000,2848.461
8185.000,3244.081
8186.000,2927.585
8187.000,2690.213
8188.000,3085.833
8189.000,3085.833
8190.000,2690.213
8191.000,3006.709
8192.000,3244.081
8193.000,2769.337
8194.000,2848.461
8195.000,3244.081
8196.000,2927.585
8197.000,2690.213
8198.000,3164.957
8199.000,3085.833
8200.000,2690.213
8201.000,3006.709
8202.000,3244.081
8203.000,2769.337
8204.000,2848.461
8205.000,3164.957
8206.000,2927.585
8207.000,2690.213
8208.000,3164.957
8209.000,3085.833
8210.000,2690.213
8211.000,3006.709
8212.000,3164.957
8213.000,2769.337
8214.000,2848.461
8215.000,3244.081
8216.000,2927.585
8217.000,2769.337
8218.000,3164.957
8219.000,3085.833
8220.000,2690.213
8221.000,3006.709
8222.000,3164.957
8223.000,2769.337
8224.000,2848.461
8225.000,3244.081
8226.000,2927.585
8227.000,2690.213
8228.000,3164.957
8229.000,3085.833
8230.000,2690.213
8231.000,3006.709
8232.000,3244.081
8233.000,2769.337
8234.000,2848.461
8235.000,3244.081
8236.000,2927.585
8237.000,2690.213
8238.000,3085.833
8239.000,3085.833
8240.000,2690.213
8241.000,3006.709
8242.000,3244.081
8243.000,2769.337
8244.000,2848.461
8245.000,3244.081
8246.000,2848.461
8247.000,2690.213
8248.000,3164.957
8249.000,3085.833
8250.000,2769.337
8251.000,3006.709
8252.000,3244.081
8253.000,2769.337
8254.000,2769.337
8255.000,3164.957
8256.000,2927.585
8257.000,2690.213
8258.000,3164.957
8259.000,3164.957
8260.000,2690.213
8261.000,3006.709
8262.000,3164.957
8263.000,2769.337
8264.000,2769.337
8265.000,3244.081
8266.000,2927.585
8267.000,2769.337
8268.000,3164.957
8269.000,3085.833
8270.000,2690.213
8271.000,3006.709
8272.000,3164.957
8273.000,2769.337
8274.000,2848.461
8275.000,3244.081
8276.000,2927.585
8277.000,2690.213
8278.000,3164.957
8279.000,3085.833
8280.000,2690.213
8281.000,3006.709
8282.000,3244.081
8283.000,2769.337
8284.000,2848.461
8285.000,3244.081
8286.000,2927.585
8287.000,2690.213
8288.000,3085.833
8289.000,3085.833
8290.000,2690.213
8291.000,3006.709
8292.000,3244.081
8293.000,2769.337
8294.000,2848.461
8295.000,3244.081
8296.000,2848.461
8297.000,2690.213
8298.000,3164.957
8299.000,3085.833
8300.000,2690.213
8301.000,3006.709
8302.000,3244.081
8303.000,2769.337
8304.000,2769.337
8305.000,3164.957
8306.000,2927.585
8307.000,2690.213
8308.000,3164.957
8309.000,3085.833
8310.000,2690.213
8311.000,3006.709
8312.000,3164.957
8313.000,2769.337
8314.000,2769.337
8315.000,3244.081
8316.000,2927.585
8317.000,2769.337
8318.000,3164.957
8319.000,3085.833
8320.000,2690.213
8321.000,3006.709
8322.000,3164.957
8323.000,2769.337
8324.000,2848.461
8325.000,3244.081
8326.000,2927.585
8327.000,2690.213
8328.000,3164.957
8329.000,3085.833
8330.000,2690.213
8331.000,3006.709
8332.000,3244.081
8333.000,2769.337
8334.000,2848.461
8335.000,3244.081
8336.000,2927.585
8337.000,2690.213
8338.000,3085.833
8339.000,3085.833
8340.000,2690.213
8341.000,3006.709
8342.000,3244.081
8343.000,2769.337
8344.000,2848.461
8345.000,3244.081
8346.000,2848.461
8347.000,2690.213
8348.000,3164.957
8349.000,3085.833
8350.000,2690.213
8351.000,3006.709
8352.000,3244.081
8353.000,2769.337
8354.000,2769.337
8355.000,3164.957
8356.000,2927.585
8357.000,2690.213
8358.000,3164.957
8359.000,3164.957
8360.000,2690.213
8361.000,3006.709
8362.000,3164.957
8363.000,2690.213
8364.000,2769.337
8365.000,3244.081
8366.000,2927.585
8367.000,2769.337
8368.000,3164.957
8369.000,3085.833
8370.000,2690.213
8371.000,2927.585
8372.000,3164.957
8373.000,2769.337
8374.000,2848.461
8375.000,3244.081
8376.000,2927.585
8377.000,2690.213
8378.000,3164.957
8379.000,3085.833
8380.000,2611.089
8381.000,3006.709
8382.000,3244.081
8383.000,2769.337
8384.000,2848.461
8385.000,3244.081
8386.000,2927.585
8387.000,2690.213
8388.000,3085.833
8389.000,3085.833
8390.000,2690.213
8391.000,3006.709
8392.000,3244.081
8393.000,2769.337
8394.000,2848.461
8395.000,3244.081
8396.000,2927.585
8397.000,2690.213
8398.000,3164.957
8399.000,3085.833
8400.000,2690.213
8401.000,3006.709
8402.000,3244.081
8403.000,2769.337
8404.000,2848.461
8405.000,3164.957
8406.000,2927.585
8407.000,2690.213
8408.000,3164.957
8409.000,3085.833
8410.000,2690.213
8411.000,3006.709
8412.000,3164.957
8413.000,2769.337
8414.000,2848.461
8415.000,3244.081
8416.000,2927.585
8417.000,2690.213
8418.000,3164.957
8419.000,3085.833
8420.000,2690.213
8421.000,3006.709
8422.000,3164.957
8423.000,2769.337
8424.000,2848.461
8425.000,3244.081
8426.000,2927.585
8427.000,2690.213
8428.000,3164.957
8429.000,3085.833
8430.000,2690.213
8431.000,3006.709
8432.000,3244.081
8433.000,2769.337
8434.000,2848.461
8435.000,3244.081
8436.000,2927.585
8437.000,2690.213
8438.000,3085.833
8439.000,3085.833
8440.000,2690.213
8441.000,3006.709
8442.000,3244.081
8443.000,2769.337
8444.000,2848.461
8445.000,3244.081
8446.000,2848.461
8447.000,2690.213
8448.000,3164.957
8449.000,3085.833
8450.000,2690.213
8451.000,3006.709
8452.000,3244.081
8453.000,2769.337
8454.000,2769.337
8455.000,3164.957
8456.000,2927.585
8457.000,2690.213
8458.000,3164.957
8459.000,3085.833
8460.000,2690.213
8461.000,3006.709
8462.000,3164.957
8463.000,2769.337
8464.000,2769.337
8465.000,3244.081
8466.000,2927.585
8467.000,2769.337
8468.000,3164.957
8469.000,3085.833
8470.000,2690.213
8471.000,2927.585
8472.000,3164.957
8473.000,2769.337
8474.000,2848.461
8475.000,3244.081
8476.000,2927.585
8477.000,2690.213
8478.000,3164.957
8479.000,3085.833
8480.000,2690.213
8481.000,3006.709
8482.000,3244.081
8483.000,2769.337
8484.000,2848.461
8485.000,3244.081
8486.000,2927.585
8487.000,2690.213
8488.000,3085.833
8489.000,3085.833
8490.000,2690.213
8491.000,3006.709
8492.000,3244.081
8493.000,2769.337
8494.000,2848.461
8495.000,3244.081
8496.000,2848.461
8497.000,2690.213
8498.000,3164.957
8499.000,3085.833
8500.000,2690.213
8501.000,3006.709
8502.000,3244.081
8503.000,2769.337
8504.000,2769.337
8505.000,3164.957
8506.000,2927.585
8507.000,2690.213
8508.000,3164.957
8509.000,3164.957
8510.000,2690.213
8511.000,3006.709
8512.000,3164.957
8513.000,2769.337
8514.000,2769.337
8515.000,3244.081
8516.000,2927.585
8517.000,2769.337
8518.000,3164.957
8519.000,3085.833
8520.000,2690.213
8521.000,3006.709
8522.000,3164.957
8523.000,2769.337
8524.000,2848.461
8525.000,3244.081
8526.000,2927.585
8527.000,2690.213
8528.000,3164.957
8529.000,3085.833
8530.000,2690.213
8531.000,3006.709
8532.000,3244.081
8533.000,2769.337
8534.000,2848.461
8535.000,3244.081
8536.000,2927.585
8537.000,2690.213
8538.000,3085.833
8539.000,3085.833
8540.000,2690.213
8541.000,3006.709
8542.000,3244.081
8543.000,2769.337
8544.000,2848.461
8545.000,3244.081
8546.000,2927.585
8547.000,2690.213
8548.000,3164.957
8549.000,3085.833
8550.000,2690.213
8551.000,3006.709
8552.000,3244.081
8553.000,2769.337
8554.000,2769.337
8555.000,3164.957
8556.000,2927.585
8557.000,2690.213
8558.000,3164.957
8559.000,3085.833
8560.000,2690.213
8561.000,3006.709
8562.000,3164.957
8563.000,2769.337
8564.000,2769.337
8565.000,3244.081
8566.000,2927.585
8567.000,2769.337
8568.000,3164.957
8569.000,3085.833
8570.000,2690.213
8571.000,2927.585
8572.000,3164.957
8573.000,2769.337
8574.000,2848.461
8575.000,3244.081
8576.000,2927.585
8577.000,2690.213
8578.000,3164.957
8579.000,3085.833
8580.000,2690.213
8581.000,3006.709
8582.000,3244.081
8583.000,2769.337
8584.000,2848.461
8585.000,3244.081
8586.000,2927.585
8587.000,2690.213
8588.000,3085.833
8589.000,3085.833
8590.000,2690.213
8591.000,3006.709
8592.000,3244.081
8593.000,2769.337
8594.000,2848.461
8595.000,3244.081
8596.000,2848.461
8597.000,2690.213
8598.000,3164.957
8599.000,3085.833
8600.000,2690.213
8601.000,3006.709
8602.000,3244.081
8603.000,2769.337
8604.000,2769.337
8605.000,3164.957
8606.000,2927.585
8607.000,2690.213
8608.000,3164.957
8609.000,3164.957
8610.000,2690.213
8611.000,3006.709
8612.000,3164.957
8613.000,2690.213
8614.000,2769.337
8615.000,3244.081
8616.000,2927.585
8617.000,2769.337
8618.000,3164.957
8619.000,3085.833
8620.000,2690.213
8621.000,2927.585
8622.000,3164.957
8623.000,2769.337
8624.000,2848.461
8625.000,3244.081
8626.000,2927.585
8627.000,2690.213
8628.000,3164.957
8629.000,3085.833
8630.000,2611.089
8631.000,2927.585
8632.000,3244.081
8633.000,2769.337
8634.000,2848.461
8635.000,3244.081
8636.000,2927.585
8637.000,2690.213
8638.000,3085.833
8639.000,3085.833
8640.000,2690.213
8641.000,3006.709
8642.000,3244.081
8643.000,2769.337
8644.000,2848.461
8645.000,3244.081
8646.000,2927.585
8647.000,2690.213
8648.000,3164.957
8649.000,3085.833
8650.000,2690.213
8651.000,3006.709
8652.000,3244.081
8653.000,2769.337
8654.000,2769.337
8655.000,3164.957
8656.000,2927.585
8657.000,2690.213
8658.000,3164.957
8659.000,3164.957
8660.000,2690.213
8661.000,3006.709
8662.000,3164.957
8663.000,2769.337
8664.000,2769.337
8665.000,3244.081
8666.000,2927.585
8667.000,2769.337
8668.000,3164.957
8669.000,3085.833
8670.000,2690.213
8671.000,2927.585
8672.000,3164.957
8673.000,2769.337
8674.000,2848.461
8675.000,3244.081
8676.000,2927.585
8677.000,2690.213
8678.000,3164.957
8679.000,3085.833
8680.000,2611.089
8681.000,3006.709
8682.000,3244.081
8683.000,2769.337
8684.000,2848.461
8685.000,3244.081
8686.000,2927.585
8687.000,2690.213
8688.000,3085.833
8689.000,3085.833
8690.000,2690.213
8691.000,3006.709
8692.000,3244.081
8693.000,2769.337
8694.000,2848.461
8695.000,3244.081
8696.000,2848.461
8697.000,2690.213
8698.000,3164.957
8699.000,3085.833
8700.000,2690.213
8701.000,3006.709
8702.000,3244.081
8703.000,2769.337
8704.000,2769.337
8705.000,3164.957
8706.000,2927.585
8707.000,2690.213
8708.000,3164.957
8709.000,3164.957
8710.000,2690.213
8711.000,3006.709
8712.000,3164.957
8713.000,2769.337
8714.000,2769.337
8715.000,3244.081
8716.000,2927.585
8717.000,2769.337
8718.000,3164.957
8719.000,3085.833
8720.000,2690.213
8721.000,2927.585
8722.000,3164.957
8723.000,2769.337
8724.000,2848.461
8725.000,3244.081
8726.000,2927.585
8727.000,2690.213
8728.000,3164.957
8729.000,3085.833
8730.000,2611.089
8731.000,3006.709
8732.000,3244.081
8733.000,2769.337
8734.000,2848.461
8735.000,3244.081
8736.000,2927.585
8737.000,2690.213
8738.000,3085.833
8739.000,3085.833
8740.000,2690.213
8741.000,3006.709
8742.000,3244.081
8743.000,2848.461
8744.000,2848.461
8745.000,3244.081
8746.000,2848.461
8747.000,2611.089
8748.000,3085.833
8749.000,3085.833
8750.000,2690.213
8751.000,3006.709
8752.000,3244.081
8753.000,2769.337
8754.000,2769.337
8755.000,3164.957
8756.000,2848.461
8757.000,2690.213
8758.000,3164.957
8759.000,3164.957
8760.000,2690.213
8761.000,3006.709
8762.000,3244.081
8763.000,2769.337
8764.000,2769.337
8765.000,3244.081
8766.000,2927.585
8767.000,2690.213
8768.000,3164.957
8769.000,3085.833
8770.000,2690.213
8771.000,3006.709
8772.000,3164.957
8773.000,2769.337
8774.000,2848.461
8775.000,3244.081
8776.000,2927.585
8777.000,2690.213
8778.000,3164.957
8779.000,3085.833
8780.000,2690.213
8781.000,3006.709
8782.000,3244.081
8783.000,2769.337
8784.000,2848.461
8785.000,3244.081
8786.000,2927.585
8787.000,2690.213
8788.000,3085.833
8789.000,3085.833
8790.000,2690.213
8791.000,3006.709
8792.000,3244.081
8793.000,2769.337
8794.000,2848.461
8795.000,3164.957
8796.000,2848.461
8797.000,2690.213
8798.000,3164.957
8799.000,3085.833
8800.000,2769.337
8801.000,3006.709
8802.000,3244.081
8803.000,2769.337
8804.000,2769.337
8805.000,3164.957
8806.000,2927.585
8807.000,2690.213
8808.000,3164.957
8809.000,3164.957
8810.000,2690.213
8811.000,3006.709
8812.000,3164.957
8813.000,2690.213
8814.000,2769.337
8815.000,3244.081
8816.000,2927.585
8817.000,2769.337
8818.000,3164.957
8819.000,3085.833
8820.000,2690.213
8821.000,2927.585
8822.000,3164.957
8823.000,2769.337
8824.000,2848.461
8825.000,3244.081
8826.000,2927.585
8827.000,2690.213
8828.000,3164.957
8829.000,3085.833
8830.000,2690.213
8831.000,2927.585
8832.000,3244.081
8833.000,2769.337
8834.000,2848.461
8835.000,3244.081
8836.000,2927.585
8837.000,2690.213
8838.000,3085.833
8839.000,3085.833
8840.000,2690.213
8841.000,3006.709
8842.000,3244.081
8843.000,2769.337
8844.000,2848.461
8845.000,3244.081
8846.000,2927.585
8847.000,2690.213
8848.000,3164.957
8849.000,3085.833
8850.000,2690.213
8851.000,3006.709
8852.000,3244.081
8853.000,2769.337
8854.000,2769.337
8855.000,3164.957
8856.000,2927.585
8857.000,2690.213
8858.000,3164.957
8859.000,3164.957
8860.000,2690.213
8861.000,3006.709
8862.000,3164.957
8863.000,2690.213
8864.000,2769.337
8865.000,3244.081
8866.000,2927.585
8867.000,2769.337
8868.000,3164.957
8869.000,3085.833
8870.000,2690.213
8871.000,2927.585
8872.000,3164.957
8873.000,2769.337
8874.000,2848.461
8875.000,3244.081
8876.000,3006.709
8877.000,2690.213
8878.000,3164.957
8879.000,3085.833
8880.000,2611.089
8881.000,2927.585
8882.000,3244.081
8883.000,2769.337
8884.000,2848.461
8885.000,3244.081
8886.000,2927.585
8887.000,2690.213
8888.000,3085.833
8889.000,3085.833
8890.000,2690.213
8891.000,3006.709
8892.000,3244.081
8893.000,2769.337
8894.000,2848.461
8895.000,3244.081
8896.000,2927.585
8897.000,2690.213
8898.000,3164.957
8899.000,3085.833
8900.000,2690.213
8901.000,3006.709
8902.000,3244.081
8903.000,2769.337
8904.000,2769.337
8905.000,3164.957
8906.000,2927.585
8907.000,2690.213
8908.000,3164.957
8909.000,3085.833
8910.000,2690.213
8911.000,3006.709
8912.000,3164.957
8913.000,2769.337
8914.000,2848.461
8915.000,3244.081
8916.000,2927.585
8917.000,2769.337
8918.000,3164.957
8919.000,3085.833
8920.000,2690.213
8921.000,2927.585
8922.000,3164.957
8923.000,2769.337
8924.000,2848.461
8925.000,3244.081
8926.000,2927.585
8927.000,2690.213
8928.000,3164.957
8929.000,3085.833
8930.000,2611.089
8931.000,3006.709
8932.000,3244.081
8933.000,2848.461
8934.000,2848.461
8935.000,3244.081
8936.000,2927.585
8937.000,2690.213
8938.000,3085.833
8939.000,3085.833
8940.000,2690.213
8941.000,3006.709
8942.000,3244.081
8943.000,2848.461
8944.000,2848.461
8945.000,3244.081
8946.000,2848.461
8947.000,2690.213
8948.000,3085.833
8949.000,3085.833
8950.000,2690.213
8951.000,3006.709
8952.000,3244.081
8953.000,2769.337
8954.000,2769.337
8955.000,3164.957
8956.000,2927.585
8957.000,2690.213
8958.000,3164.957
8959.000,3164.957
8960.000,2690.213
8961.000,3006.709
8962.000,3164.957
8963.000,2769.337
8964.000,2769.337
8965.000,3244.081
8966.000,2927.585
8967.000,2769.337
8968.000,3164.957
8969.000,3085.833
8970.000,2690.213
8971.000,2927.585
8972.000,3164.957
8973.000,2769.337
8974.000,2848.461
8975.000,3244.081
8976.000,2927.585
8977.000,2690.213
8978.000,3164.957
8979.000,3085.833
8980.000,2611.089
8981.000,3006.709
8982.000,3244.081
8983.000,2848.461
8984.000,2848.461
8985.000,3244.081
8986.000,2927.585
8987.000,2690.213
8988.000,3085.833
8989.000,3085.833
8990.000,2690.213
8991.000,3006.709
8992.000,3244.081
8993.000,2848.461
8994.000,2848.461
8995.000,3244.081
8996.000,2927.585
8997.000,2690.213
8998.000,3085.833
8999.000,3085.833
9000.000,2690.213
9001.000,3006.709
9002.000,3244.081
9003.000,2769.337
9004.000,2769.337
9005.000,3164.957
9006.000,2927.585
9007.000,2690.213
9008.000,3164.957
9009.000,3164.957
9010.000,2690.213
9011.000,3006.709
9012.000,3244.081
9013.000,2769.337
9014.000,2769.337
9015.000,3244.081
9016.000,2927.585
9017.000,2690.213
9018.000,3164.957
9019.000,3085.833
9020.000,2690.213
9021.000,2927.585
9022.000,3164.957
9023.000,2769.337
9024.000,2848.461
9025.000,3244.081
9026.000,2927.585
9027.000,2690.213
9028.000,3164.957
9029.000,3085.833
9030.000,2690.213
9031.000,3006.709
9032.000,3244.081
9033.000,2769.337
9034.000,2848.461
9035.000,3244.081
9036.000,2927.585
9037.000,2690.213
9038.000,3085.833
9039.000,3085.833
9040.000,2690.213
9041.000,3006.709
9042.000,3244.081
9043.000,2848.461
9044.000,2848.461
9045.000,3244.081
9046.000,2927.585
9047.000,2690.213
9048.000,3164.957
9049.000,3085.833
9050.000,2769.337
9051.000,3006.709
9052.000,3244.081
9053.000,2769.337
9054.000,2769.337
9055.000,3164.957
9056.000,2927.585
9057.000,2690.213
9058.000,3164.957
9059.000,3164.957
9060.000,2690.213
9061.000,3006.709
9062.000,3164.957
9063.000,2769.337
9064.000,2769.337
9065.000,3244.081
9066.000,2927.585
9067.000,2690.213
9068.000,3164.957
9069.000,3085.833
9070.000,2690.213
9071.000,2927.585
9072.000,3164.957
9073.000,2769.337
9074.000,2848.461
9075.000,3244.081
9076.000,2927.585
9077.000,2690.213
9078.000,3164.957
9079.000,3085.833
9080.000,2690.213
9081.000,3006.709
9082.000,3244.081
9083.000,2769.337
9084.000,2848.461
9085.000,3244.081
9086.000,2927.585
9087.000,2690.213
9088.000,3085.833
9089.000,3085.833
9090.000,2690.213
9091.000,3006.709
9092.000,3244.081
9093.000,2848.461
9094.000,2848.461
9095.000,3244.081
9096.000,2927.585
9097.000,2690.213
9098.000,3164.957
9099.000,3085.833
9100.000,2769.337
9101.000,3006.709
9102.000,3244.081
9103.000,2769.337
9104.000,2769.337
9105.000,3164.957
9106.000,2927.585
9107.000,2690.213
9108.000,3164.957
9109.000,3164.957
9110.000,2690.213
9111.000,3006.709
9112.000,3164.957
9113.000,2769.337
9114.000,2769.337
9115.000,3244.081
9116.000,2927.585
9117.000,2690.213
9118.000,3164.957
9119.000,3085.833
9120.000,2690.213
9121.000,2927.585
9122.000,3164.957
9123.000,2769.337
9124.000,2848.461
9125.000,3244.081
9126.000,2927.585
9127.000,2690.213
9128.000,3164.957
9129.000,3085.833
9130.000,2690.213
9131.000,3006.709
9132.000,3244.081
9133.000,2769.337
9134.000,2848.461
9135.000,3244.081
9136.000,2927.585
9137.000,2690.213
9138.000,3085.833
9139.000,3085.833
9140.000,2690.213
9141.000,3006.709
9142.000,3244.081
9143.000,2769.337
9144.000,2848.461
9145.000,3244.081
9146.000,2927.585
9147.000,2690.213
9148.000,3164.957
9149.000,3085.833
9150.000,2690.213
9151.000,3006.709
9152.000,3244.081
9153.000,2769.337
9154.000,2769.337
9155.000,3164.957
9156.000,2927.585
9157.000,2690.213
9158.000,3164.957
9159.000,3164.957
9160.000,2690.213
9161.000,3006.709
9162.000,3164.957
9163.000,2769.337
9164.000,2769.337
9165.000,3244.081
9166.000,2927.585
9167.000,2769.337
9168.000,3164.957
9169.000,3085.833
9170.000,2690.213
9171.000,2927.585
9172.000,3164.957
9173.000,2769.337
9174.000,2848.461
9175.000,3244.081
9176.000,3006.709
9177.000,2690.213
9178.000,3164.957
9179.000,3085.833
9180.000,2611.089
9181.000,2927.585
9182.000,3244.081
9183.000,2769.337
9184.000,2848.461
9185.000,3244.081
9186.000,2927.585
9187.000,2690.213
9188.000,3085.833
9189.000,3085.833
9190.000,2690.213
9191.000,3006.709
9192.000,3244.081
9193.000,2769.337
9194.000,2848.461
9195.000,3244.081
9196.000,2927.585
9197.000,2690.213
9198.000,3164.957
9199.000,3085.833
9200.000,2690.213
9201.000,3006.709
9202.000,3244.081
9203.000,2769.337
9204.000,2769.337
9205.000,3164.957
9206.000,2927.585
9207.000,2690.213
9208.000,3164.957
9209.000,3164.957
9210.000,2690.213
9211.000,3006.709
9212.000,3164.957
9213.000,2769.337
9214.000,2769.337
9215.000,3244.081
9216.000,2927.585
9217.000,2769.337
9218.000,3164.957
9219.000,3085.833
9220.000,2690.213
9221.000,2927.585
9222.000,3164.957
9223.000,2769.337
9224.000,2848.461
9225.000,3244.081
9226.000,3006.709
9227.000,2690.213
9228.000,3164.957
9229.000,3085.833
9230.000,2611.089
9231.000,2927.585
9232.000,3244.081
9233.000,2769.337
9234.000,2848.461
9235.000,3244.081
9236.000,2927.585
9237.000,2690.213
9238.000,3085.833
9239.000,3085.833
9240.000,2690.213
9241.000,3006.709
9242.000,3244.081
9243.000,2848.461
9244.000,2848.461
9245.000,3244.081
9246.000,2927.585
9247.000,2690.213
9248.000,3085.833
9249.000,3085.833
9250.000,2690.213
9251.000,3006.709
9252.000,3244.081
9253.000,2769.337
9254.000,2769.337
9255.000,3164.957
9256.000,2927.585
9257.000,2690.213
9258.000,3164.957
9259.000,3164.957
9260.000,2690.213
9261.000,3006.709
9262.000,3244.081
9263.000,2769.337
9264.000,2769.337
9265.000,3244.081
9266.000,2927.585
9267.000,2690.213
9268.000,3164.957
9269.000,3085.833
9270.000,2690.213
9271.000,2927.585
9272.000,3164.957
9273.000,2769.337
9274.000,2848.461
9275.000,3244.081
9276.000,2927.585
9277.000,2690.213
9278.000,3164.957
9279.000,3085.833
9280.000,2690.213
9281.000,3006.709
9282.000,3244.081
9283.000,2769.337
9284.000,2848.461
9285.000,3244.081
9286.000,2927.585
9287.000,2690.213
9288.000,3085.833
9289.000,3085.833
9290.000,2690.213
9291.000,3006.709
9292.000,3244.081
9293.000,2848.461
9294.000,2848.461
9295.000,3244.081
9296.000,2927.585
9297.000,2690.213
9298.000,3164.957
9299.000,3085.833
9300.000,2769.337
9301.000,3006.709
9302.000,3244.081
9303.000,2769.337
9304.000,2769.337
9305.000,3164.957
9306.000,2927.585
9307.000,2690.213
9308.000,3164.957
9309.000,3164.957
9310.000,2690.213
9311.000,3006.709
9312.000,3244.081
9313.000,2769.337
9314.000,2769.337
9315.000,3244.081
9316.000,2927.585
9317.000,2690.213
9318.000,3164.957
9319.000,3085.833
9320.000,2690.213
9321.000,2927.585
9322.000,3164.957
9323.000,2769.337
9324.000,2848.461
9325.000,3244.081
9326.000,2927.585
9327.000,2690.213
9328.000,3164.957
9329.000,3085.833
9330.000,2690.213
9331.000,2927.585
9332.000,3244.081
9333.000,2769.337
9334.000,2848.461
9335.000,3244.081
9336.000,2927.585
9337.000,2690.213
9338.000,3085.833
9339.000,3085.833
9340.000,2690.213
9341.000,3006.709
9342.000,3244.081
9343.000,2848.461
9344.000,2848.461
9345.000,3244.081
9346.000,2927.585
9347.000,2690.213
9348.000,3164.957
9349.000,3085.833
9350.000,2690.213
9351.000,3006.709
9352.000,3244.081
9353.000,2769.337
9354.000,2769.337
9355.000,3164.957
9356.000,2927.585
9357.000,2690.213
9358.000,3164.957
9359.000,3164.957
9360.000,2690.213
9361.000,3006.709
9362.000,3244.081
9363.000,2769.337
9364.000,2769.337
9365.000,3244.081
9366.000,2927.585
9367.000,2690.213
9368.000,3164.957
9369.000,3085.833
9370.000,2690.213
9371.000,2927.585
9372.000,3164.957
9373.000,2769.337
9374.000,2848.461
9375.000,3244.081
9376.000,2927.585
9377.000,2690.213
9378.000,3164.957
9379.000,3085.833
9380.000,2690.213
9381.000,3006.709
9382.000,3244.081
9383.000,2769.337
9384.000,2848.461
9385.000,3244.081
9386.000,2927.585
9387.000,2690.213
9388.000,3085.833
9389.000,3085.833
9390.000,2690.213
9391.000,3006.709
9392.000,3244.081
9393.000,2769.337
9394.000,2848.461
9395.000,3244.081
9396.000,2927.585
9397.000,2690.213
9398.000,3164.957
9399.000,3085.833
9400.000,2690.213
9401.000,3006.709
9402.000,3244.081
9403.000,2769.337
9404.000,2769.337
9405.000,3164.957
9406.000,2927.585
9407.000,2690.213
9408.000,3164.957
9409.000,3164.957
9410.000,2690.213
9411.000,3006.709
9412.000,3244.081
9413.000,2769.337
9414.000,2769.337
9415.000,3244.081
9416.000,2927.585
9417.000,2690.213
9418.000,3164.957
9419.000,3085.833
9420.000,2690.213
9421.000,2927.585
9422.000,3164.957
9423.000,2769.337
9424.000,2848.461
9425.000,3244.081
9426.000,2927.585
9427.000,2690.213
9428.000,3164.957
9429.000,3085.833
9430.000,2690.213
9431.000,2927.585
9432.000,3244.081
9433.000,2769.337
9434.000,2848.461
9435.000,3244.081
9436.000,2927.585
9437.000,2690.213
9438.000,3085.833
9439.000,3085.833
9440.000,2690.213
9441.000,3006.709
9442.000,3244.081
9443.000,2848.461
9444.000,2848.461
9445.000,3244.081
9446.000,2927.585
9447.000,2690.213
9448.000,3085.833
9449.000,3085.833
9450.000,2690.213
9451.000,3006.709
9452.000,3244.081
9453.000,2769.337
9454.000,2769.337
9455.000,3164.957
9456.000,2927.585
9457.000,2690.213
9458.000,3164.957
9459.000,3164.957
9460.000,2690.213
9461.000,3006.709
9462.000,3244.081
9463.000,2769.337
9464.000,2769.337
9465.000,3244.081
9466.000,2927.585
9467.000,2690.213
9468.000,3164.957
9469.000,3085.833
9470.000,2690.213
9471.000,2927.585
9472.000,3164.957
9473.000,2769.337
9474.000,2848.461
9475.000,3244.081
9476.000,2927.585
9477.000,2690.213
9478.000,3164.957
9479.000,3085.833
9480.000,2690.213
9481.000,2927.585
9482.000,3244.081
9483.000,2769.337
9484.000,2848.461
9485.000,3244.081
9486.000,2927.585
9487.000,2690.213
9488.000,3085.833
9489.000,3085.833
9490.000,2690.213
9491.000,3006.709
9492.000,3244.081
9493.000,2769.337
9494.000,2848.461
9495.000,3244.081
9496.000,2927.585
9497.000,2690.213
9498.000,3085.833
9499.000,3085.833
9500.000,2690.213
9501.000,3006.709
9502.000,3244.081
9503.000,2769.337
9504.000,2769.337
9505.000,3164.957
9506.000,2927.585
9507.000,2690.213
9508.000,3164.957
9509.000,3164.957
9510.000,2690.213
9511.000,3006.709
9512.000,3244.081
9513.000,2769.337
9514.000,2769.337
9515.000,3244.081
9516.000,2927.585
9517.000,2690.213
9518.000,3164.957
9519.000,3085.833
9520.000,2690.213
9521.000,2927.585
9522.000,3244.081
9523.000,2769.337
9524.000,2848.461
9525.000,3244.081
9526.000,2927.585
9527.000,2690.213
9528.000,3164.957
9529.000,3085.833
9530.000,2690.213
9531.000,2927.585
9532.000,3244.081
9533.000,2848.461
9534.000,2848.461
9535.000,3244.081
9536.000,2927.585
9537.000,2690.213
9538.000,3085.833
9539.000,3085.833
9540.000,2690.213
9541.000,3006.709
9542.000,3244.081
9543.000,2848.461
9544.000,2848.461
9545.000,3244.081
9546.000,2927.585
9547.000,2690.213
9548.000,3085.833
9549.000,3085.833
9550.000,2690.213
9551.000,3006.709
9552.000,3244.081
9553.000,2769.337
9554.000,2769.337
9555.000,3164.957
9556.000,2927.585
9557.000,2690.213
9558.000,3164.957
9559.000,3164.957
9560.000,2690.213
9561.000,3006.709
9562.000,3244.081
9563.000,2769.337
9564.000,2769.337
9565.000,3244.081
9566.000,2927.585
9567.000,2690.213
9568.000,3164.957
9569.000,3085.833
9570.000,2690.213
9571.000,2927.585
9572.000,3164.957
9573.000,2769.337
9574.000,2848.461
9575.000,3244.081
9576.000,2927.585
9577.000,2690.213
9578.000,3164.957
9579.000,3085.833
9580.000,2690.213
9581.000,2927.585
9582.000,3244.081
9583.000,2769.337
9584.000,2848.461
9585.000,3244.081
9586.000,2927.585
9587.000,2690.213
9588.000,3085.833
9589.000,3085.833
9590.000,2690.213
9591.000,3006.709
9592.000,3244.081
9593.000,2848.461
9594.000,2848.461
9595.000,3244.081
9596.000,2927.585
9597.000,2690.213
9598.000,3085.833
9599.000,3085.833
9600.000,2690.213
9601.000,3006.709
9602.000,3244.081
9603.000,2769.337
9604.000,2769.337
9605.000,3164.957
9606.000,2927.585
9607.000,2690.213
9608.000,3164.957
9609.000,3164.957
9610.000,2690.213
9611.000,3006.709
9612.000,3244.081
9613.000,2769.337
9614.000,2769.337
9615.000,3244.081
9616.000,2927.585
9617.000,2690.213
9618.000,3164.957
9619.000,3085.833
9620.000,2690.213
9621.000,2927.585
9622.000,3164.957
9623.000,2769.337
9624.000,2848.461
9625.000,3244.081
9626.000,2927.585
9627.000,2690.213
9628.000,3164.957
9629.000,3085.833
9630.000,2690.213
9631.000,2927.585
9632.000,3244.081
9633.000,2769.337
9634.000,2848.461
9635.000,3244.081
9636.000,2927.585
9637.000,2690.213
9638.000,3085.833
9639.000,3085.833
9640.000,2690.213
9641.000,3006.709
9642.000,3244.081
9643.000,2769.337
9644.000,2848.461
9645.000,3244.081
9646.000,2927.585
9647.000,2690.213
9648.000,3164.957
9649.000,3085.833
9650.000,2690.213
9651.000,3006.709
9652.000,3244.081
9653.000,2769.337
9654.000,2769.337
9655.000,3164.957
9656.000,2927.585
9657.000,2690.213
9658.000,3164.957
9659.000,3164.957
9660.000,2690.213
9661.000,3006.709
9662.000,3164.957
9663.000,2769.337
9664.000,2769.337
9665.000,3244.081
9666.000,2927.585
9667.000,2769.337
9668.000,3164.957
9669.000,3085.833
9670.000,2690.213
9671.000,2927.585
9672.000,3164.957
9673.000,2769.337
9674.000,2848.461
9675.000,3244.081
9676.000,3006.709
9677.000,2769.337
9678.000,3164.957
9679.000,3085.833
9680.000,2611.089
9681.000,2927.585
9682.000,3244.081
9683.000,2769.337
9684.000,2848.461
9685.000,3244.081
9686.000,2927.585
9687.000,2690.213
9688.000,3085.833
9689.000,3085.833
9690.000,2690.213
9691.000,3006.709
9692.000,3244.081
9693.000,2848.461
9694.000,2848.461
9695.000,3244.081
9696.000,2927.585
9697.000,2690.213
9698.000,3085.833
9699.000,3085.833
9700.000,2690.213
9701.000,3006.709
9702.000,3244.081
9703.000,2769.337
9704.000,2769.337
9705.000,3164.957
9706.000,2927.585
9707.000,2690.213
9708.000,3164.957
9709.000,3164.957
9710.000,2690.213
9711.000,3006.709
9712.000,3244.081
9713.000,2769.337
9714.000,2769.337
9715.000,3244.081
9716.000,2927.585
9717.000,2690.213
9718.000,3164.957
9719.000,3085.833
9720.000,2690.213
9721.000,2927.585
9722.000,3164.957
9723.000,2769.337
9724.000,2848.461
9725.000,3244.081
9726.000,3006.709
9727.000,2690.213
9728.000,3164.957
9729.000,3085.833
9730.000,2690.213
9731.000,2927.585
9732.000,3244.081
9733.000,2769.337
9734.000,2848.461
9735.000,3244.081
9736.000,2927.585
9737.000,2690.213
9738.000,3085.833
9739.000,3085.833
9740.000,2690.213
9741.000,3006.709
9742.000,3244.081
9743.000,2848.461
9744.000,2848.461
9745.000,3244.081
9746.000,2927.585
9747.000,2690.213
9748.000,3085.833
9749.000,3085.833
9750.000,2690.213
9751.000,3006.709
9752.000,3244.081
9753.000,2769.337
9754.000,2769.337
9755.000,3164.957
9756.000,2927.585
9757.000,2690.213
9758.000,3164.957
9759.000,3164.957
9760.000,2690.213
9761.000,3006.709
9762.000,3244.081
9763.000,2769.337
9764.000,2769.337
9765.000,3244.081
9766.000,2927.585
9767.000,2690.213
9768.000,3164.957
9769.000,3085.833
9770.000,2690.213
9771.000,2927.585
9772.000,3164.957
9773.000,2769.337
9774.000,2848.461
9775.000,3244.081
9776.000,3006.709
9777.000,2690.213
9778.000,3164.957
9779.000,3085.833
9780.000,2690.213
9781.000,2927.585
9782.000,3244.081
9783.000,2769.337
9784.000,2848.461
9785.000,3244.081
9786.000,2927.585
9787.000,2690.213
9788.000,3085.833
9789.000,3085.833
9790.000,2690.213
9791.000,3006.709
9792.000,3244.081
9793.000,2848.461
9794.000,2848.461
9795.000,3244.081
9796.000,2927.585
9797.000,2611.089
9798.000,3085.833
9799.000,3085.833
9800.000,2690.213
9801.000,3006.709
9802.000,3244.081
9803.000,2769.337
9804.000,2769.337
9805.000,3164.957
9806.000,2927.585
9807.000,2690.213
9808.000,3164.957
9809.000,3164.957
9810.000,2769.337
9811.000,3006.709
9812.000,3244.081
9813.000,2769.337
9814.000,2769.337
9815.000,3244.081
9816.000,2927.585
9817.000,2690.213
9818.000,3164.957
9819.000,3164.957
9820.000,2690.213
9821.000,2927.585
9822.000,3164.957
9823.000,2769.337
9824.000,2848.461
9825.000,3244.081
9826.000,3006.709
9827.000,2690.213
9828.000,3164.957
9829.000,3085.833
9830.000,2690.213
9831.000,2927.585
9832.000,3244.081
9833.000,2769.337
9834.000,2848.461
9835.000,3244.081
9836.000,2927.585
9837.000,2690.213
9838.000,3085.833
9839.000,3085.833
9840.000,2690.213
9841.000,3006.709
9842.000,3244.081
9843.000,2848.461
9844.000,2848.461
9845.000,3244.081
9846.000,2927.585
9847.000,2690.213
9848.000,3085.833
9849.000,3085.833
9850.000,2690.213
9851.000,3006.709
9852.000,3244.081
9853.000,2769.337
9854.000,2769.337
9855.000,3164.957
9856.000,2927.585
9857.000,2690.213
9858.000,3164.957
9859.000,3164.957
9860.000,2690.213
9861.000,3006.709
9862.000,3244.081
9863.000,2769.337
9864.000,2769.337
9865.000,3244.081
9866.000,2927.585
9867.000,2690.213
9868.000,3164.957
9869.000,3085.833
9870.000,2690.213
9871.000,2927.585
9872.000,3164.957
9873.000,2769.337
9874.000,2848.461
9875.000,3244.081
9876.000,3006.709
9877.000,2690.213
9878.000,3164.957
9879.000,3085.833
9880.000,2690.213
9881.000,2927.585
9882.000,3244.081
9883.000,2848.461
9884.000,2848.461
9885.000,3244.081
9886.000,2927.585
9887.000,2690.213
9888.000,3085.833
9889.000,3085.833
9890.000,2690.213
9891.000,3006.709
9892.000,3244.081
9893.000,2848.461
9894.000,2848.461
9895.000,3244.081
9896.000,2927.585
9897.000,2611.089
9898.000,3085.833
9899.000,3085.833
9900.000,2769.337
9901.000,3006.709
9902.000,3244.081
9903.000,2769.337
9904.000,2769.337
9905.000,3164.957
9906.000,2927.585
9907.000,2690.213
9908.000,3164.957
9909.000,3164.957
9910.000,2769.337
9911.000,3006.709
9912.000,3244.081
9913.000,2769.337
9914.000,2769.337
9915.000,3244.081
9916.000,2927.585
9917.000,2690.213
9918.000,3164.957
9919.000,3164.957
9920.000,2690.213
9921.000,2927.585
9922.000,3164.957
9923.000,2769.337
9924.000,2848.461
9925.000,3244.081
9926.000,3006.709
9927.000,2690.213
9928.000,3164.957
9929.000,3085.833
9930.000,2690.213
9931.000,2927.585
9932.000,3244.081
9933.000,2769.337
9934.000,2848.461
9935.000,3244.081
9936.000,2927.585
9937.000,2690.213
9938.000,3085.833
9939.000,3085.833
9940.000,2690.213
9941.000,3006.709
9942.000,3244.081
9943.000,2848.461
9944.000,2848.461
9945.000,3244.081
9946.000,2927.585
9947.000,2690.213
9948.000,3085.833
9949.000,3085.833
9950.000,2690.213
9951.000,3006.709
9952.000,3244.081
9953.000,2769.337
9954.000,2769.337
9955.000,3164.957
9956.000,2927.585
9957.000,2690.213
9958.000,3164.957
9959.000,3164.957
9960.000,2769.337
9961.000,3006.709
9962.000,3244.081
9963.000,2769.337
9964.000,2769.337
9965.000,3244.081
9966.000,2927.585
9967.000,2769.337
9968.000,3164.957
9969.000,3164.957
9970.000,2690.213
9971.000,2927.585
9972.000,3164.957
9973.000,2769.337
9974.000,2848.461
9975.000,3244.081
9976.000,3006.709
9977.000,2690.213
9978.000,3164.957
9979.000,3085.833
9980.000,2690.213
9981.000,2927.585
9982.000,3244.081
9983.000,2769.337
9984.000,2848.461
9985.000,3244.081
9986.000,2927.585
9987.000,2690.213
9988.000,3085.833
9989.000,3085.833
9990.000,2690.213
9991.000,3006.709
9992.000,3244.081
9993.000,2848.461
9994.000,2848.461
9995.000,3244.081
9996.000,2927.585
9997.000,2690.213
9998.000,3085.833
9999.000,3085.833
10000.000,2690.213
10001.000,3006.709
10002.000,3244.081
10003.000,2769.337
10004.000,2769.337
10005.000,3164.957
10006.000,2927.585
10007.000,2690.213
10008.000,3164.957
10009.000,3164.957
10010.000,2690.213
10011.000,3006.709
10012.000,3244.081
10013.000,2769.337
10014.000,2769.337
10015.000,3244.081
10016.000,2927.585
10017.000,2769.337
10018.000,3164.957
10019.000,3085.833
10020.000,2690.213
10021.000,2927.585
10022.000,3164.957
10023.000,2769.337
10024.000,2848.461
10025.000,3244.081
10026.000,3006.709
10027.000,2690.213
10028.000,3164.957
10029.000,3085.833
10030.000,2611.089
10031.000,2927.585
10032.000,3244.081
10033.000,2848.461
10034.000,2848.461
10035.000,3244.081
10036.000,2927.585
10037.000,2690.213
10038.000,3085.833
10039.000,3085.833
10040.000,2690.213
10041.000,3006.709
10042.000,3244.081
10043.000,2848.461
10044.000,2848.461
10045.000,3244.081
10046.000,2927.585
10047.000,2690.213
10048.000,3085.833
10049.000,3085.833
10050.000,2690.213
10051.000,3006.709
10052.000,3244.081
10053.000,2769.337
10054.000,2769.337
10055.000,3164.957
10056.000,2927.585
10057.000,2690.213
10058.000,3164.957
10059.000,3164.957
10060.000,2690.213
10061.000,3006.709
10062.000,3244.081
10063.000,2769.337
10064.000,2769.337
10065.000,3244.081
10066.000,2927.585
10067.000,2690.213
10068.000,3164.957
10069.000,3085.833
10070.000,2690.213
10071.000,2927.585
10072.000,3164.957
10073.000,2769.337
10074.000,2848.461
10075.000,3244.081
10076.000,3006.709
10077.000,2690.213
10078.000,3164.957
10079.000,3085.833
10080.000,2690.213
10081.000,2927.585
10082.000,3244.081
10083.000,2848.461
10084.000,2848.461
10085.000,3244.081
10086.000,2927.585
10087.000,2690.213
10088.000,3085.833
10089.000,3085.833
10090.000,2690.213
10091.000,3006.709
10092.000,3244.081
10093.000,2848.461
10094.000,2848.461
10095.000,3244.081
10096.000,2927.585
10097.000,2690.213
10098.000,3085.833
10099.000,3085.833
10100.000,2690.213
10101.000,3006.709
10102.000,3244.081
10103.000,2769.337
10104.000,2769.337
10105.000,3164.957
10106.000,2927.585
10107.000,2690.213
10108.000,3164.957
10109.000,3164.957
10110.000,2690.213
10111.000,3006.709
10112.000,3244.081
10113.000,2769.337
10114.000,2769.337
10115.000,3244.081
10116.000,2927.585
10117.000,2690.213
10118.000,3164.957
10119.000,3085.833
10120.000,2690.213
10121.000,2927.585
10122.000,3164.957
10123.000,2769.337
10124.000,2848.461
10125.000,3244.081
10126.000,3006.709
10127.000,2690.213
10128.000,3164.957
10129.000,3085.833
10130.000,2690.213
10131.000,2927.585
10132.000,3244.081
10133.000,2848.461
10134.000,2848.461
10135.000,3244.081
10136.000,2927.585
10137.000,2690.213
10138.000,3085.833
10139.000,3085.833
10140.000,2690.213
10141.000,3006.709
10142.000,3244.081
10143.000,2848.461
10144.000,2848.461
10145.000,3244.081
10146.000,2927.585
10147.000,2611.089
10148.000,3085.833
10149.000,3085.833
10150.000,2769.337
10151.000,3006.709
10152.000,3244.081
10153.000,2769.337
10154.000,2769.337
10155.000,3164.957
10156.000,2927.585
10157.000,2690.213
10158.000,3164.957
10159.000,3164.957
10160.000,2769.337
10161.000,3006.709
10162.000,3244.081
10163.000,2769.337
10164.000,2769.337
10165.000,3244.081
10166.000,2927.585
10167.000,2690.213
10168.000,3164.957
10169.000,3164.957
10170.000,2690.213
10171.000,2927.585
10172.000,3164.957
10173.000,2769.337
10174.000,2848.461
10175.000,3244.081
10176.000,3006.709
10177.000,2690.213
10178.000,3164.957
10179.000,3085.833
10180.000,2690.213
10181.000,2927.585
10182.000,3244.081
10183.000,2848.461
10184.000,2848.461
10185.000,3244.081
10186.000,2927.585
10187.000,2690.213
10188.000,3085.833
10189.000,3085.833
10190.000,2690.213
10191.000,3006.709
10192.000,3244.081
10193.000,2848.461
10194.000,2848.461
10195.000,3244.081
10196.000,2927.585
10197.000,2690.213
10198.000,3085.833
10199.000,3085.833
10200.000,2690.213
10201.000,3006.709
10202.000,3244.081
10203.000,2769.337
10204.000,2769.337
10205.000,3164.957
10206.000,2927.585
10207.000,2690.213
10208.000,3164.957
10209.000,3164.957
10210.000,2690.213
10211.000,3006.709
10212.000,3244.081
10213.000,2769.337
10214.000,2769.337
10215.000,3244.081
10216.000,2927.585
10217.000,2690.213
10218.000,3164.957
10219.000,3164.957
10220.000,2690.213
10221.000,2927.585
10222.000,3164.957
10223.000,2769.337
10224.000,2848.461
10225.000,3244.081
10226.000,3006.709
10227.000,2690.213
10228.000,3164.957
10229.000,3085.833
10230.000,2690.213
10231.000,2927.585
10232.000,3244.081
10233.000,2769.337
10234.000,2848.461
10235.000,3244.081
10236.000,2927.585
10237.000,2690.213
10238.000,3085.833
10239.000,3085.833
10240.000,2690.213
10241.000,3006.709
10242.000,3244.081
10243.000,2848.461
10244.000,2848.461
10245.000,3244.081
10246.000,2927.585
10247.000,2690.213
10248.000,3085.833
10249.000,3085.833
10250.000,2769.337
10251.000,3006.709
10252.000,3244.081
10253.000,2769.337
10254.000,2769.337
10255.000,3164.957
10256.000,2927.585
10257.000,2690.213
10258.000,3164.957
10259.000,3164.957
10260.000,2769.337
10261.000,3006.709
10262.000,3244.081
10263.000,2769.337
10264.000,2769.337
10265.000,3244.081
10266.000,2927.585
10267.000,2690.213
10268.000,3164.957
10269.000,3164.957
10270.000,2690.213
10271.000,2927.585
10272.000,3164.957
10273.000,2769.337
10274.000,2848.461
10275.000,3244.081
10276.000,3006.709
10277.000,2690.213
10278.000,3164.957
10279.000,3085.833
10280.000,2690.213
10281.000,2927.585
10282.000,3244.081
10283.000,2769.337
10284.000,2848.461
10285.000,3244.081
10286.000,2927.585
10287.000,2690.213
10288.000,3085.833
10289.000,3085.833
10290.000,2690.213
10291.000,3006.709
10292.000,3244.081
10293.000,2848.461
10294.000,2848.461
10295.000,3244.081
10296.000,2927.585
10297.000,2690.213
10298.000,3085.833
10299.000,3085.833
10300.000,2690.213
10301.000,3006.709
10302.000,3244.081
10303.000,2769.337
10304.000,2769.337
10305.000,3164.957
10306.000,2927.585
10307.000,2690.213
10308.000,3164.957
10309.000,3164.957
10310.000,2690.213
10311.000,3006.709
10312.000,3244.081
10313.000,2769.337
10314.000,2769.337
10315.000,3244.081
10316.000,2927.585
10317.000,2690.213
10318.000,3164.957
10319.000,3164.957
10320.000,2690.213
10321.000,2927.585
10322.000,3164.957
10323.000,2769.337
10324.000,2848.461
10325.000,3244.081
10326.000,3006.709
10327.000,2690.213
10328.000,3164.957
10329.000,3085.833
10330.000,2690.213
10331.000,2927.585
10332.000,3244.081
10333.000,2769.337
10334.000,2848.461
10335.000,3244.081
10336.000,2927.585
10337.000,2690.213
10338.000,3085.833
10339.000,3085.833
10340.000,2690.213
10341.000,3006.709
10342.000,3244.081
10343.000,2848.461
10344.000,2848.461
10345.000,3244.081
10346.000,2927.585
10347.000,2690.213
10348.000,3085.833
10349.000,3085.833
10350.000,2690.213
10351.000,3006.709
10352.000,3244.081
10353.000,2769.337
10354.000,2769.337
10355.000,3164.957
10356.000,2927.585
10357.000,2690.213
10358.000,3164.957
10359.000,3164.957
10360.000,2690.213
10361.000,3006.709
10362.000,3244.081
10363.000,2769.337
10364.000,2769.337
10365.000,3244.081
10366.000,2927.585
10367.000,2690.213
10368.000,3164.957
10369.000,3085.833
10370.000,2690.213
10371.000,2927.585
10372.000,3164.957
10373.000,2769.337
10374.000,2848.461
10375.000,3244.081
10376.000,3006.709
10377.000,2690.213
10378.000,3164.957
10379.000,3085.833
10380.000,2690.213
10381.000,2927.585
10382.000,3244.081
10383.000,2848.461
10384.000,2848.461
10385.000,3244.081
10386.000,2927.585
10387.000,2690.213
10388.000,3085.833
10389.000,3085.833
10390.000,2690.213
10391.000,3006.709
10392.000,3244.081
10393.000,2848.461
10394.000,2848.461
10395.000,3244.081
10396.000,2927.585
10397.000,2611.089
10398.000,3085.833
10399.000,3085.833
10400.000,2690.213
10401.000,3006.709
10402.000,3244.081
10403.000,2769.337
10404.000,2769.337
10405.000,3164.957
10406.000,2927.585
10407.000,2690.213
10408.000,3164.957
10409.000,3164.957
10410.000,2769.337
10411.000,3006.709
10412.000,3244.081
10413.000,2769.337
10414.000,2769.337
10415.000,3164.957
10416.000,2927.585
10417.000,2690.213
10418.000,3164.957
10419.000,3164.957
10420.000,2690.213
10421.000,2927.585
10422.000,3164.957
10423.000,2769.337
10424.000,2769.337
10425.000,3244.081
10426.000,3006.709
10427.000,2690.213
10428.000,3164.957
10429.000,3085.833
10430.000,2690.213
10431.000,2927.585
10432.000,3244.081
10433.000,2769.337
10434.000,2848.461
10435.000,3244.081
10436.000,2927.585
10437.000,2690.213
10438.000,3085.833
10439.000,3085.833
10440.000,2690.213
10441.000,3006.709
10442.000,3244.081
10443.000,2848.461
10444.000,2848.461
10445.000,3244.081
10446.000,2927.585
10447.000,2690.213
10448.000,3085.833
10449.000,3085.833
10450.000,2690.213
10451.000,3006.709
10452.000,3244.081
10453.000,2769.337
10454.000,2769.337
10455.000,3164.957
10456.000,2927.585
10457.000,2690.213
10458.000,3164.957
10459.000,3164.957
10460.000,2690.213
10461.000,3006.709
10462.000,3244.081
10463.000,2769.337
10464.000,2769.337
10465.000,3244.081
10466.000,2927.585
10467.000,2690.213
10468.000,3164.957
10469.000,3164.957
10470.000,2690.213
10471.000,2927.585
10472.000,3164.957
10473.000,2769.337
10474.000,2769.337
10475.000,3244.081
10476.000,3006.709
10477.000,2690.213
10478.000,3164.957
10479.000,3085.833
10480.000,2690.213
10481.000,2927.585
10482.000,3244.081
10483.000,2769.337
10484.000,2848.461
10485.000,3244.081
10486.000,2927.585
10487.000,2690.213
10488.000,3085.833
10489.000,3085.833
10490.000,2690.213
10491.000,3006.709
10492.000,3244.081
10493.000,2848.461
10494.000,2848.461
10495.000,3244.081
10496.000,2927.585
10497.000,2690.213
10498.000,3085.833
10499.000,3085.833
10500.000,2690.213
10501.000,3006.709
10502.000,3244.081
10503.000,2769.337
10504.000,2769.337
10505.000,3164.957
10506.000,2927.585
10507.000,2690.213
10508.000,3164.957
10509.000,3164.957
10510.000,2690.213
10511.000,3006.709
10512.000,3244.081
10513.000,2769.337
10514.000,2769.337
10515.000,3244.081
10516.000,2927.585
10517.000,2690.213
10518.000,3164.957
10519.000,3164.957
10520.000,2690.213
10521.000,2927.585
10522.000,3164.957
10523.000,2769.337
10524.000,2848.461
10525.000,3244.081
10526.000,3006.709
10527.000,2690.213
10528.000,3164.957
10529.000,3085.833
10530.000,2690.213
10531.000,2927.585
10532.000,3244.081
10533.000,2848.461
10534.000,2848.461
10535.000,3244.081
10536.000,3006.709
10537.000,2690.213
10538.000,3085.833
10539.000,3085.833
10540.000,2690.213
10541.000,3006.709
10542.000,3244.081
10543.000,2848.461
10544.000,2848.461
10545.000,3244.081
10546.000,2927.585
10547.000,2690.213
10548.000,3085.833
10549.000,3085.833
10550.000,2690.213
10551.000,3006.709
10552.000,3244.081
10553.000,2769.337
10554.000,2769.337
10555.000,3244.081
10556.000,2927.585
10557.000,2690.213
10558.000,3164.957
10559.000,3164.957
10560.000,2690.213
10561.000,3006.709
10562.000,3244.081
10563.000,2769.337
10564.000,2769.337
10565.000,3244.081
10566.000,2927.585
10567.000,2690.213
10568.000,3164.957
10569.000,3164.957
10570.000,2690.213
10571.000,2927.585
10572.000,3244.081
10573.000,2769.337
10574.000,2848.461
10575.000,3244.081
10576.000,3006.709
10577.000,2690.213
10578.000,3164.957
10579.000,3085.833
10580.000,2690.213
10581.000,2927.585
10582.000,3244.081
10583.000,2769.337
10584.000,2848.461
10585.000,3244.081
10586.000,2927.585
10587.000,2690.213
10588.000,3085.833
10589.000,3085.833
10590.000,2690.213
10591.000,3006.709
10592.000,3244.081
10593.000,2848.461
10594.000,2848.461
10595.000,3244.081
10596.000,2927.585
10597.000,2690.213
10598.000,3085.833
10599.000,3085.833
10600.000,2690.213
10601.000,3006.709
10602.000,3244.081
10603.000,2769.337
10604.000,2769.337
10605.000,3164.957
10606.000,2927.585
10607.000,2690.213
10608.000,3164.957
10609.000,3164.957
10610.000,2690.213
10611.000,3006.709
10612.000,3244.081
10613.000,2769.337
10614.000,2769.337
10615.000,3244.081
10616.000,2927.585
10617.000,2690.213
10618.000,3164.957
10619.000,3164.957
10620.000,2690.213
10621.000,2927.585
10622.000,3244.081
10623.000,2769.337
10624.000,2848.461
10625.000,3244.081
10626.000,3006.709
10627.000,2690.213
10628.000,3164.957
10629.000,3085.833
10630.000,2690.213
10631.000,2927.585
10632.000,3244.081
10633.000,2769.337
10634.000,2848.461
10635.000,3244.081
10636.000,2927.585
10637.000,2690.213
10638.000,3085.833
10639.000,3085.833
10640.000,2690.213
10641.000,3006.709
10642.000,3244.081
10643.000,2848.461
10644.000,2848.461
10645.000,3244.081
10646.000,2927.585
10647.000,2690.213
10648.000,3085.833
10649.000,3085.833
10650.000,2690.213
10651.000,3006.709
10652.000,3244.081
10653.000,2769.337
10654.000,2769.337
10655.000,3164.957
10656.000,2927.585
10657.000,2690.213
10658.000,3164.957
10659.000,3164.957
10660.000,2769.337
10661.000,3006.709
10662.000,3244.081
10663.000,2769.337
10664.000,2769.337
10665.000,3164.957
10666.000,2927.585
10667.000,2690.213
10668.000,3164.957
10669.000,3164.957
10670.000,2690.213
10671.000,2927.585
10672.000,3244.081
10673.000,2769.337
10674.000,2769.337
10675.000,3244.081
10676.000,3006.709
10677.000,2690.213
10678.000,3164.957
10679.000,3085.833
10680.000,2690.213
10681.000,2927.585
10682.000,3244.081
10683.000,2769.337
10684.000,2848.461
10685.000,3244.081
10686.000,3006.709
10687.000,2690.213
10688.000,3085.833
10689.000,3085.833
10690.000,2690.213
10691.000,3006.709
10692.000,3244.081
10693.000,2848.461
10694.000,2848.461
10695.000,3244.081
10696.000,2927.585
10697.000,2690.213
10698.000,3085.833
10699.000,3085.833
10700.000,2690.213
10701.000,3006.709
10702.000,3244.081
10703.000,2769.337
10704.000,2769.337
10705.000,3164.957
10706.000,2927.585
10707.000,2690.213
10708.000,3164.957
10709.000,3164.957
10710.000,2690.213
10711.000,3006.709
10712.000,3244.081
10713.000,2769.337
10714.000,2769.337
10715.000,3244.081
10716.000,2927.585
10717.000,2690.213
10718.000,3164.957
10719.000,3164.957
10720.000,2690.213
10721.000,2927.585
10722.000,3244.081
10723.000,2769.337
10724.000,2769.337
10725.000,3244.081
10726.000,3006.709
10727.000,2690.213
10728.000,3164.957
10729.000,3085.833
10730.000,2690.213
10731.000,2927.585
10732.000,3244.081
10733.000,2769.337
10734.000,2848.461
10735.000,3244.081
10736.000,2927.585
10737.000,2690.213
10738.000,3085.833
10739.000,3085.833
10740.000,2690.213
10741.000,3006.709
10742.000,3244.081
10743.000,2848.461
10744.000,2848.461
10745.000,3244.081
10746.000,2927.585
10747.000,2690.213
10748.000,3085.833
10749.000,3085.833
10750.000,2690.213
10751.000,3006.709
10752.000,3244.081
10753.000,2769.337
10754.000,2769.337
10755.000,3164.957
10756.000,2927.585
10757.000,2690.213
10758.000,3164.957
10759.000,3164.957
10760.000,2769.337
10761.000,3006.709
10762.000,3244.081
10763.000,2769.337
10764.000,2769.337
10765.000,3164.957
10766.000,2927.585
10767.000,2690.213
10768.000,3164.957
10769.000,3164.957
10770.000,2690.213
10771.000,2927.585
10772.000,3164.957
10773.000,2769.337
10774.000,2769.337
10775.000,3244.081
10776.000,3006.709
10777.000,2690.213
10778.000,3164.957
10779.000,3085.833
10780.000,2690.213
10781.000,2927.585
10782.000,3244.081
10783.000,2769.337
10784.000,2848.461
10785.000,3244.081
10786.000,3006.709
10787.000,2690.213
10788.000,3085.833
10789.000,3085.833
10790.000,2690.213
10791.000,3006.709
10792.000,3244.081
10793.000,2848.461
10794.000,2848.461
10795.000,3244.081
10796.000,2927.585
10797.000,2690.213
10798.000,3085.833
10799.000,3085.833
10800.000,2690.213
10801.000,3006.709
10802.000,3244.081
10803.000,2769.337
10804.000,2769.337
10805.000,3164.957
10806.000,2927.585
10807.000,2690.213
10808.000,3164.957
10809.000,3164.957
10810.000,2690.213
10811.000,3006.709
10812.000,3244.081
10813.000,2769.337
10814.000,2769.337
10815.000,3244.081
10816.000,2927.585
10817.000,2690.213
10818.000,3164.957
10819.000,3164.957
10820.000,2690.213
10821.000,2927.585
10822.000,3164.957
10823.000,2769.337
10824.000,2769.337
10825.000,3244.081
10826.000,3006.709
10827.000,2690.213
10828.000,3164.957
10829.000,3085.833
10830.000,2690.213
10831.000,2927.585
10832.000,3244.081
10833.000,2769.337
10834.000,2848.461
10835.000,3244.081
10836.000,3006.709
10837.000,2690.213
10838.000,3085.833
10839.000,3085.833
10840.000,2690.213
10841.000,3006.709
10842.000,3244.081
10843.000,2848.461
10844.000,2848.461
10845.000,3244.081
10846.000,2927.585
10847.000,2690.213
10848.000,3085.833
10849.000,3085.833
10850.000,2690.213
10851.000,3006.709
10852.000,3244.081
10853.000,2769.337
10854.000,2769.337
10855.000,3164.957
10856.000,2927.585
10857.000,2690.213
10858.000,3164.957
10859.000,3164.957
10860.000,2690.213
10861.000,3006.709
10862.000,3244.081
10863.000,2769.337
10864.000,2769.337
10865.000,3244.081
10866.000,2927.585
10867.000,2690.213
10868.000,3164.957
10869.000,3164.957
10870.000,2690.213
10871.000,2927.585
10872.000,3164.957
10873.000,2769.337
10874.000,2769.337
10875.000,3244.081
10876.000,3006.709
10877.000,2690.213
10878.000,3164.957
10879.000,3085.833
10880.000,2690.213
10881.000,2927.585
10882.000,3244.081
10883.000,2848.461
10884.000,2848.461
10885.000,3244.081
10886.000,3006.709
10887.000,2690.213
10888.000,3085.833
10889.000,3085.833
10890.000,2690.213
10891.000,3006.709
10892.000,3244.081
10893.000,2848.461
10894.000,2848.461
10895.000,3244.081
10896.000,2927.585
10897.000,2611.089
10898.000,3085.833
10899.000,3085.833
10900.000,2690.213
10901.000,3006.709
10902.000,3244.081
10903.000,2848.461
10904.000,2769.337
10905.000,3164.957
10906.000,2927.585
10907.000,2690.213
10908.000,3164.957
10909.000,3164.957
10910.000,2690.213
10911.000,3006.709
10912.000,3244.081
10913.000,2769.337
10914.000,2769.337
10915.000,3244.081
10916.000,2927.585
10917.000,2690.213
10918.000,3164.957
10919.000,3164.957
10920.000,2690.213
10921.000,2927.585
10922.000,3244.081
10923.000,2769.337
10924.000,2769.337
10925.000,3244.081
10926.000,3006.709
10927.000,2690.213
10928.000,3164.957
10929.000,3085.833
10930.000,2690.213
10931.000,2927.585
10932.000,3244.081
10933.000,2848.461
10934.000,2848.461
10935.000,3244.081
10936.000,2927.585
10937.000,2690.213
10938.000,3085.833
10939.000,3085.833
10940.000,2690.213
10941.000,3006.709
10942.000,3244.081
10943.000,2848.461
10944.000,2848.461
10945.000,3244.081
10946.000,2927.585
10947.000,2611.089
10948.000,3085.833
10949.000,3085.833
10950.000,2690.213
10951.000,3006.709
10952.000,3244.081
10953.000,2769.337
10954.000,2769.337
10955.000,3164.957
10956.000,2927.585
10957.000,2690.213
10958.000,3164.957
10959.000,3164.957
10960.000,2769.337
10961.000,3006.709
10962.000,3244.081
10963.000,2769.337
10964.000,2769.337
10965.000,3164.957
10966.000,2927.585
10967.000,2690.213
10968.000,3164.957
10969.000,3164.957
10970.000,2690.213
10971.000,2927.585
10972.000,3244.081
10973.000,2769.337
10974.000,2769.337
10975.000,3244.081
10976.000,3006.709
10977.000,2690.213
10978.000,3164.957
10979.000,3085.833
10980.000,2690.213
10981.000,2927.585
10982.000,3244.081
10983.000,2769.337
10984.000,2848.461
10985.000,3244.081
10986.000,2927.585
10987.000,2690.213
10988.000,3085.833
10989.000,3085.833
10990.000,2690.213
10991.000,3006.709
10992.000,3244.081
10993.000,2848.461
10994.000,2848.461
10995.000,3244.081
10996.000,2927.585
10997.000,2690.213
10998.000,3085.833
10999.000,3085.833
11000.000,2690.213
11001.000,3006.709
11002.000,3244.081
11003.000,2769.337
11004.000,2769.337
11005.000,3164.957
11006.000,2927.585
11007.000,2690.213
11008.000,3164.957
11009.000,3164.957
11010.000,2769.337
11011.000,3006.709
11012.000,3244.081
11013.000,2769.337
11014.000,2769.337
11015.000,3164.957
11016.000,2927.585
11017.000,2690.213
11018.000,3164.957
11019.000,3164.957
11020.000,2690.213
11021.000,2927.585
11022.000,3164.957
11023.000,2769.337
11024.000,2769.337
11025.000,3244.081
11026.000,3006.709
11027.000,2690.213
11028.000,3164.957
11029.000,3085.833
11030.000,2690.213
11031.000,2927.585
11032.000,3244.081
11033.000,2769.337
11034.000,2848.461
11035.000,3244.081
11036.000,3006.709
11037.000,2690.213
11038.000,3085.833
11039.000,3085.833
11040.000,2690.213
11041.000,2927.585
11042.000,3244.081
11043.000,2848.461
11044.000,2848.461
11045.000,3244.081
11046.000,2927.585
11047.000,2690.213
11048.000,3085.833
11049.000,3085.833
11050.000,2690.213
11051.000,3006.709
11052.000,3244.081
11053.000,2769.337
11054.000,2769.337
11055.000,3164.957
11056.000,2927.585
11057.000,2690.213
11058.000,3164.957
11059.000,3164.957
11060.000,2769.337
11061.000,3006.709
11062.000,3244.081
11063.000,2769.337
11064.000,2769.337
11065.000,3164.957
11066.000,2927.585
11067.000,2690.213
11068.000,3164.957
11069.000,3164.957
11070.000,2690.213
11071.000,2927.585
11072.000,3164.957
11073.000,2769.337
11074.000,2769.337
11075.000,3244.081
11076.000,3006.709
11077.000,2690.213
11078.000,3164.957
11079.000,3085.833
11080.000,2690.213
11081.000,2927.585
11082.000,3244.081
11083.000,2769.337
11084.000,2848.461
11085.000,3244.081
11086.000,3006.709
11087.000,2690.213
11088.000,3085.833
11089.000,3085.833
11090.000,2690.213
11091.000,2927.585
11092.000,3244.081
11093.000,2848.461
11094.000,2848.461
11095.000,3244.081
11096.000,2927.585
11097.000,2690.213
11098.000,3085.833
11099.000,3085.833
11100.000,2690.213
11101.000,3006.709
11102.000,3244.081
11103.000,2769.337
11104.000,2769.337
11105.000,3164.957
11106.000,2927.585
11107.000,2690.213
11108.000,3164.957
11109.000,3164.957
11110.000,2769.337
11111.000,3006.709
11112.000,3244.081
11113.000,2769.337
11114.000,2769.337
11115.000,3164.957
11116.000,2927.585
11117.000,2690.213
11118.000,3164.957
11119.000,3164.957
11120.000,2690.213
11121.000,2927.585
11122.000,3164.957
11123.000,2769.337
11124.000,2769.337
11125.000,3244.081
11126.000,3006.709
11127.000,2690.213
11128.000,3164.957
11129.000,3085.833
11130.000,2690.213
11131.000,2927.585
11132.000,3244.081
11133.000,2769.337
11134.000,2848.461
11135.000,3244.081
11136.000,3006.709
11137.000,2690.213
11138.000,3085.833
11139.000,3085.833
11140.000,2690.213
11141.000,2927.585
11142.000,3244.081
11143.000,2848.461
11144.000,2848.461
11145.000,3244.081
11146.000,2927.585
11147.000,2690.213
11148.000,3085.833
11149.000,3085.833
11150.000,2690.213
11151.000,3006.709
11152.000,3244.081
11153.000,2848.461
11154.000,2769.337
11155.000,3164.957
11156.000,2927.585
11157.000,2690.213
11158.000,3164.957
11159.000,3164.957
11160.000,2690.213
11161.000,3006.709
11162.000,3244.081
11163.000,2769.337
11164.000,2769.337
11165.000,3244.081
11166.000,2927.585
11167.000,2690.213
11168.000,3164.957
11169.000,3164.957
11170.000,2690.213
11171.000,2927.585
11172.000,3164.957
11173.000,2769.337
11174.000,2769.337
11175.000,3244.081
11176.000,3006.709
11177.000,2690.213
11178.000,3164.957
11179.000,3085.833
11180.000,2690.213
11181.000,2927.585
11182.000,3244.081
11183.000,2769.337
11184.000,2848.461
11185.000,3244.081
11186.000,3006.709
11187.000,2690.213
11188.000,3085.833
11189.000,3085.833
11190.000,2690.213
11191.000,2927.585
11192.000,3244.081
11193.000,2848.461
11194.000,2848.461
11195.000,3244.081
11196.000,2927.585
11197.000,2690.213
11198.000,3085.833
11199.000,3085.833
11200.000,2690.213
11201.000,3006.709
11202.000,3244.081
11203.000,2769.337
11204.000,2769.337
11205.000,3164.957
11206.000,2927.585
11207.000,2690.213
11208.000,3164.957
11209.000,3164.957
11210.000,2690.213
11211.000,3006.709
11212.000,3244.081
11213.000,2769.337
11214.000,2769.337
11215.000,3244.081
11216.000,3006.709
11217.000,2690.213
11218.000,3164.957
11219.000,3164.957
11220.000,2690.213
11221.000,2927.585
11222.000,3164.957
11223.000,2769.337
11224.000,2769.337
11225.000,3244.081
11226.000,3006.709
11227.000,2690.213
11228.000,3164.957
11229.000,3085.833
11230.000,2690.213
11231.000,2927.585
11232.000,3244.081
11233.000,2848.461
11234.000,2848.461
11235.000,3244.081
11236.000,3006.709
11237.000,2690.213
11238.000,3085.833
11239.000,3085.833
11240.000,2690.213
11241.000,2927.585
11242.000,3244.081
11243.000,2848.461
11244.000,2848.461
11245.000,3244.081
11246.000,2927.585
11247.000,2611.089
11248.000,3085.833
11249.000,3085.833
11250.000,2690.213
11251.000,3006.709
11252.000,3244.081
11253.000,2848.461
11254.000,2769.337
11255.000,3164.957
11256.000,2927.585
11257.000,2690.213
11258.000,3164.957
11259.000,3164.957
11260.000,2769.337
11261.000,3006.709
11262.000,3244.081
11263.000,2769.337
11264.000,2769.337
11265.000,3164.957
11266.000,2927.585
11267.000,2690.213
11268.000,3164.957
11269.000,3164.957
11270.000,2690.213
11271.000,2927.585
11272.000,3244.081
11273.000,2769.337
11274.000,2769.337
11275.000,3244.081
11276.000,3006.709
11277.000,2690.213
11278.000,3164.957
11279.000,3085.833
11280.000,2690.213
11281.000,2927.585
11282.000,3244.081
11283.000,2769.337
11284.000,2848.461
11285.000,3244.081
11286.000,3006.709
11287.000,2690.213
11288.000,3085.833
11289.000,3085.833
11290.000,2690.213
11291.000,3006.709
11292.000,3244.081
11293.000,2848.461
11294.000,2848.461
11295.000,3244.081
11296.000,2927.585
11297.000,2690.213
11298.000,3085.833
11299.000,3164.957
11300.000,2690.213
11301.000,3006.709
11302.000,3244.081
11303.000,2769.337
11304.000,2769.337
11305.000,3164.957
11306.000,2927.585
11307.000,2690.213
11308.000,3164.957
11309.000,3164.957
11310.000,2769.337
11311.000,3006.709
11312.000,3244.081
11313.000,2769.337
11314.000,2769.337
11315.000,3164.957
11316.000,2927.585
11317.000,2690.213
11318.000,3164.957
11319.000,3164.957
11320.000,2690.213
11321.000,2927.585
11322.000,3164.957
11323.000,2769.337
11324.000,2769.337
11325.000,3244.081
11326.000,3006.709
11327.000,2690.213
11328.000,3164.957
11329.000,3085.833
11330.000,2690.213
11331.000,2927.585
11332.000,3244.081
11333.000,2769.337
11334.000,2848.461
11335.000,3244.081
11336.000,3006.709
11337.000,2690.213
11338.000,3085.833
11339.000,3085.833
11340.000,2690.213
11341.000,3006.709
11342.000,3244.081
11343.000,2848.461
11344.000,2848.461
11345.000,3244.081
11346.000,2927.585
11347.000,2611.089
11348.000,3085.833
11349.000,3085.833
11350.000,2690.213
11351.000,3006.709
11352.000,3244.081
11353.000,2769.337
11354.000,2769.337
11355.000,3164.957
11356.000,2927.585
11357.000,2690.213
11358.000,3164.957
11359.000,3164.957
11360.000,2769.337
11361.000,3006.709
11362.000,3244.081
11363.000,2769.337
11364.000,2769.337
11365.000,3164.957
11366.000,2927.585
11367.000,2690.213
11368.000,3164.957
11369.000,3164.957
11370.000,2690.213
11371.000,2927.585
11372.000,3164.957
11373.000,2769.337
11374.000,2769.337
11375.000,3244.081
11376.000,3006.709
11377.000,2690.213
11378.000,3164.957
11379.000,3085.833
11380.000,2690.213
11381.000,2927.585
11382.000,3244.081
11383.000,2769.337
11384.000,2848.461
11385.000,3244.081
11386.000,3006.709
11387.000,2690.213
11388.000,3085.833
11389.000,3085.833
11390.000,2690.213
11391.000,2927.585
11392.000,3244.081
11393.000,2848.461
11394.000,2848.461
11395.000,3244.081
11396.000,2927.585
11397.000,2690.213
11398.000,3085.833
11399.000,3085.833
11400.000,2690.213
11401.000,3006.709
11402.000,3244.081
11403.000,2848.461
11404.000,2769.337
11405.000,3164.957
11406.000,2927.585
11407.000,2690.213
11408.000,3164.957
11409.000,3164.957
11410.000,2769.337
11411.000,3006.709
11412.000,3244.081
11413.000,2769.337
11414.000,2769.337
11415.000,3164.957
11416.000,2927.585
11417.000,2690.213
11418.000,3164.957
11419.000,3164.957
11420.000,2690.213
11421.000,2927.585
11422.000,3244.081
11423.000,2769.337
11424.000,2769.337
11425.000,3244.081
11426.000,3006.709
11427.000,2690.213
11428.000,3164.957
11429.000,3085.833
11430.000,2690.213
11431.000,2927.585
11432.000,3244.081
11433.000,2848.461
11434.000,2848.461
11435.000,3244.081
11436.000,3006.709
11437.000,2690.213
11438.000,3085.833
11439.000,3085.833
11440.000,2690.213
11441.000,3006.709
11442.000,3244.081
11443.000,2848.461
11444.000,2848.461
11445.000,3244.081
11446.000,2927.585
11447.000,2611.089
11448.000,3085.833
11449.000,3085.833
11450.000,2690.213
11451.000,3006.709
11452.000,3244.081
11453.000,2769.337
11454.000,2769.337
11455.000,3164.957
11456.000,2927.585
11457.000,2690.213
11458.000,3164.957
11459.000,3164.957
11460.000,2769.337
11461.000,3006.709
11462.000,3244.081
11463.000,2769.337
11464.000,2769.337
11465.000,3164.957
11466.000,2927.585
11467.000,2690.213
11468.000,3164.957
11469.000,3164.957
11470.000,2690.213
11471.000,2927.585
11472.000,3164.957
11473.000,2769.337
11474.000,2769.337
11475.000,3244.081
11476.000,3006.709
11477.000,2690.213
11478.000,3164.957
11479.000,3085.833
11480.000,2690.213
11481.000,2927.585
11482.000,3244.081
11483.000,2769.337
11484.000,2848.461
11485.000,3244.081
11486.000,3006.709
11487.000,2690.213
11488.000,3085.833
11489.000,3085.833
11490.000,2690.213
11491.000,2927.585
11492.000,3244.081
11493.000,2848.461
11494.000,2848.461
11495.000,3244.081
11496.000,2927.585
11497.000,2690.213
11498.000,3085.833
11499.000,3085.833
11500.000,2690.213
11501.000,3006.709
11502.000,3244.081
11503.000,2848.461
11504.000,2769.337
11505.000,3164.957
11506.000,2927.585
11507.000,2690.213
11508.000,3164.957
11509.000,3164.957
11510.000,2769.337
11511.000,3006.709
11512.000,3244.081
11513.000,2769.337
11514.000,2769.337
11515.000,3164.957
11516.000,2927.585
11517.000,2690.213
11518.000,3164.957
11519.000,3164.957
11520.000,2690.213
11521.000,2927.585
11522.000,3244.081
11523.000,2769.337
11524.000,2769.337
11525.000,3244.081
11526.000,3006.709
11527.000,2690.213
11528.000,3164.957
11529.000,3085.833
11530.000,2690.213
11531.000,2927.585
11532.000,3244.081
11533.000,2769.337
11534.000,2848.461
11535.000,3244.081
11536.000,3006.709
11537.000,2690.213
11538.000,3085.833
11539.000,3085.833
11540.000,2690.213
11541.000,3006.709
11542.000,3244.081
11543.000,2848.461
11544.000,2848.461
11545.000,3244.081
11546.000,2927.585
11547.000,2690.213
11548.000,3085.833
11549.000,3085.833
11550.000,2690.213
11551.000,3006.709
11552.000,3244.081
11553.000,2769.337
11554.000,2769.337
11555.000,3164.957
11556.000,2927.585
11557.000,2690.213
11558.000,3164.957
11559.000,3164.957
11560.000,2769.337
11561.000,3006.709
11562.000,3244.081
11563.000,2769.337
11564.000,2769.337
11565.000,3164.957
11566.000,2927.585
11567.000,2690.213
11568.000,3164.957
11569.000,3164.957
11570.000,2690.213
11571.000,2927.585
11572.000,3164.957
11573.000,2769.337
11574.000,2769.337
11575.000,3244.081
11576.000,3006.709
11577.000,2690.213
11578.000,3164.957
11579.000,3085.833
11580.000,2690.213
11581.000,2927.585
11582.000,3244.081
11583.000,2769.337
11584.000,2848.461
11585.000,3244.081
11586.000,3006.709
11587.000,2690.213
11588.000,3085.833
11589.000,3085.833
11590.000,2690.213
11591.000,2927.585
11592.000,3244.081
11593.000,2848.461
11594.000,2848.461
11595.000,3244.081
11596.000,2927.585
11597.000,2690.213
11598.000,3085.833
11599.000,3085.833
11600.000,2690.213
11601.000,3006.709
11602.000,3244.081
11603.000,2769.337
11604.000,2769.337
11605.000,3164.957
11606.000,2927.585
11607.000,2690.213
11608.000,3164.957
11609.000,3164.957
11610.000,2769.337
11611.000,3006.709
11612.000,3244.081
11613.000,2769.337
11614.000,2769.337
11615.000,3164.957
11616.000,2927.585
11617.000,2690.213
11618.000,3164.957
11619.000,3164.957
11620.000,2690.213
11621.000,2927.585
11622.000,3164.957
11623.000,2769.337
11624.000,2769.337
11625.000,3244.081
11626.000,3006.709
11627.000,2690.213
11628.000,3164.957
11629.000,3085.833
11630.000,2690.213
11631.000,2927.585
11632.000,3244.081
11633.000,2769.337
11634.000,2848.461
11635.000,3244.081
11636.000,3006.709
11637.000,2690.213
11638.000,3085.833
11639.000,3085.833
11640.000,2690.213
11641.000,2927.585
11642.000,3244.081
11643.000,2848.461
11644.000,2848.461
11645.000,3244.081
11646.000,2927.585
11647.000,2690.213
11648.000,3085.833
11649.000,3085.833
11650.000,2690.213
11651.000,3006.709
11652.000,3244.081
11653.000,2769.337
11654.000,2769.337
11655.000,3164.957
11656.000,2927.585
11657.000,2690.213
11658.000,3164.957
11659.000,3164.957
11660.000,2690.213
11661.000,3006.709
11662.000,3244.081
11663.000,2769.337
11664.000,2769.337
11665.000,3244.081
11666.000,3006.709
11667.000,2690.213
11668.000,3164.957
11669.000,3164.957
11670.000,2690.213
11671.000,2927.585
11672.000,3164.957
11673.000,2769.337
11674.000,2769.337
11675.000,3244.081
11676.000,3006.709
11677.000,2690.213
11678.000,3164.957
11679.000,3085.833
11680.000,2690.213
11681.000,2927.585
11682.000,3244.081
11683.000,2848.461
11684.000,2848.461
11685.000,3244.081
11686.000,3006.709
11687.000,2690.213
11688.000,3085.833
11689.000,3085.833
11690.000,2690.213
11691.000,2927.585
11692.000,3244.081
11693.000,2848.461
11694.000,2848.461
11695.000,3244.081
11696.000,2927.585
11697.000,2611.089
11698.000,3085.833
11699.000,3085.833
11700.000,2690.213
11701.000,3006.709
11702.000,3244.081
11703.000,2848.461
11704.000,2769.337
11705.000,3164.957
11706.000,2927.585
11707.000,2690.213
11708.000,3085.833
11709.000,3164.957
11710.000,2769.337
11711.000,3006.709
11712.000,3244.081
11713.000,2769.337
11714.000,2769.337
11715.000,3164.957
11716.000,2927.585
11717.000,2690.213
11718.000,3164.957
11719.000,3164.957
11720.000,2690.213
11721.000,2927.585
11722.000,3244.081
11723.000,2769.337
11724.000,2769.337
11725.000,3244.081
11726.000,3006.709
11727.000,2690.213
11728.000,3164.957
11729.000,3085.833
11730.000,2690.213
11731.000,2927.585
11732.000,3244.081
11733.000,2848.461
11734.000,2848.461
11735.000,3244.081
11736.000,3006.709
11737.000,2690.213
11738.000,3085.833
11739.000,3085.833
11740.000,2690.213
11741.000,2927.585
11742.000,3244.081
11743.000,2848.461
11744.000,2848.461
11745.000,3244.081
11746.000,2927.585
11747.000,2611.089
11748.000,3085.833
11749.000,3085.833
11750.000,2690.213
11751.000,3006.709
11752.000,3244.081
11753.000,2848.461
11754.000,2769.337
11755.000,3164.957
11756.000,2927.585
11757.000,2690.213
11758.000,3085.833
11759.000,3164.957
11760.000,2769.337
11761.000,3006.709
11762.000,3244.081
11763.000,2769.337
11764.000,2769.337
11765.000,3164.957
11766.000,2927.585
11767.000,2690.213
11768.000,3164.957
11769.000,3164.957
11770.000,2690.213
11771.000,2927.585
11772.000,3244.081
11773.000,2769.337
11774.000,2769.337
11775.000,3244.081
11776.000,3006.709
11777.000,2690.213
11778.000,3164.957
11779.000,3164.957
11780.000,2690.213
11781.000,2927.585
11782.000,3244.081
11783.000,2769.337
11784.000,2848.461
11785.000,3244.081
11786.000,3006.709
11787.000,2690.213
11788.000,3085.833
11789.000,3085.833
11790.000,2690.213
11791.000,2927.585
11792.000,3244.081
11793.000,2848.461
11794.000,2769.337
11795.000,3244.081
11796.000,2927.585
11797.000,2690.213
11798.000,3085.833
11799.000,3164.957
11800.000,2690.213
11801.000,3006.709
11802.000,3244.081
11803.000,2769.337
11804.000,2769.337
11805.000,3164.957
11806.000,2927.585
11807.000,2690.213
11808.000,3164.957
11809.000,3164.957
11810.000,2769.337
11811.000,3006.709
11812.000,3244.081
11813.000,2769.337
11814.000,2769.337
11815.000,3164.957
11816.000,2927.585
11817.000,2690.213
11818.000,3164.957
11819.000,3164.957
11820.000,2690.213
11821.000,2927.585
11822.000,3164.957
11823.000,2769.337
11824.000,2769.337
11825.000,3244.081
11826.000,3006.709
11827.000,2690.213
11828.000,3164.957
11829.000,3164.957
11830.000,2690.213
11831.000,2927.585
11832.000,3244.081
11833.000,2769.337
11834.000,2848.461
11835.000,3244.081
11836.000,3006.709
11837.000,2690.213
11838.000,3085.833
11839.000,3085.833
11840.000,2690.213
11841.000,2927.585
11842.000,3244.081
11843.000,2848.461
11844.000,2848.461
11845.000,3244.081
11846.000,2927.585
11847.000,2690.213
11848.000,3085.833
11849.000,3085.833
11850.000,2690.213
11851.000,3006.709
11852.000,3244.081
11853.000,2769.337
11854.000,2769.337
11855.000,3164.957
11856.000,2927.585
11857.000,2690.213
11858.000,3085.833
11859.000,3164.957
11860.000,2690.213
11861.000,3006.709
11862.000,3244.081
11863.000,2769.337
11864.000,2769.337
11865.000,3164.957
11866.000,2927.585
11867.000,2690.213
11868.000,3164.957
11869.000,3164.957
11870.000,2690.213
11871.000,2927.585
11872.000,3244.081
11873.000,2769.337
11874.000,2769.337
11875.000,3244.081
11876.000,3006.709
11877.000,2690.213
11878.000,3164.957
11879.000,3085.833
11880.000,2690.213
11881.000,2927.585
11882.000,3244.081
11883.000,2848.461
11884.000,2848.461
11885.000,3244.081
11886.000,3006.709
11887.000,2690.213
11888.000,3085.833
11889.000,3085.833
11890.000,2690.213
11891.000,2927.585
11892.000,3244.081
11893.000,2848.461
11894.000,2769.337
11895.000,3244.081
11896.000,2927.585
11897.000,2690.213
11898.000,3085.833
11899.000,3164.957
11900.000,2690.213
11901.000,3006.709
11902.000,3244.081
11903.000,2769.337
11904.000,2769.337
11905.000,3164.957
11906.000,2927.585
11907.000,2690.213
11908.000,3164.957
11909.000,3164.957
11910.000,2690.213
11911.000,2927.585
11912.000,3244.081
11913.000,2769.337
11914.000,2769.337
11915.000,3164.957
11916.000,3006.709
11917.000,2690.213
11918.000,3164.957
11919.000,3164.957
11920.000,2690.213
11921.000,2927.585
11922.000,3164.957
11923.000,2769.337
11924.000,2769.337
11925.000,3244.081
11926.000,3006.709
11927.000,2690.213
11928.000,3164.957
11929.000,3085.833
11930.000,2690.213
11931.000,2927.585
11932.000,3244.081
11933.000,2848.461
11934.000,2848.461
11935.000,3244.081
11936.000,3006.709
11937.000,2690.213
11938.000,3085.833
11939.000,3085.833
11940.000,2690.213
11941.000,2927.585
11942.000,3244.081
11943.000,2848.461
11944.000,2848.461
11945.000,3244.081
11946.000,2927.585
11947.000,2690.213
11948.000,3085.833
11949.000,3085.833
11950.000,2690.213
11951.000,3006.709
11952.000,3244.081
11953.000,2848.461
11954.000,2769.337
11955.000,3164.957
11956.000,2927.585
11957.000,2690.213
11958.000,3085.833
11959.000,3164.957
11960.000,2690.213
11961.000,3006.709
11962.000,3244.081
11963.000,2769.337
11964.000,2769.337
11965.000,3164.957
11966.000,2927.585
11967.000,2690.213
11968.000,3164.957
11969.000,3164.957
11970.000,2690.213
11971.000,2927.585
11972.000,3244.081
11973.000,2769.337
11974.000,2769.337
11975.000,3244.081
11976.000,3006.709
11977.000,2690.213
11978.000,3164.957
11979.000,3085.833
11980.000,2690.213
11981.000,2927.585
11982.000,3244.081
11983.000,2848.461
11984.000,2848.461
11985.000,3244.081
11986.000,3006.709
11987.000,2690.213
11988.000,3085.833
11989.000,3085.833
11990.000,2690.213
11991.000,2927.585
11992.000,3244.081
11993.000,2848.461
11994.000,2848.461
11995.000,3244.081
11996.000,2927.585
11997.000,2690.213
11998.000,3085.833
11999.000,3085.833
12000.000,2690.213
12001.000,3006.709
12002.000,3244.081
12003.000,2848.461
12004.000,2769.337
12005.000,3164.957
12006.000,2927.585
12007.000,2690.213
12008.000,3085.833
12009.000,3164.957
12010.000,2690.213
12011.000,3006.709
12012.000,3244.081
12013.000,2769.337
12014.000,2769.337
12015.000,3164.957
12016.000,2927.585
12017.000,2690.213
12018.000,3164.957
12019.000,3164.957
12020.000,2690.213
12021.000,2927.585
12022.000,3244.081
12023.000,2769.337
12024.000,2769.337
12025.000,3244.081
12026.000,3006.709
12027.000,2690.213
12028.000,3164.957
12029.000,3085.833
12030.000,2690.213
12031.000,2927.585
12032.000,3244.081
12033.000,2848.461
12034.000,2848.461
12035.000,3244.081
12036.000,3006.709
12037.000,2690.213
12038.000,3085.833
12039.000,3085.833
12040.000,2690.213
12041.000,2927.585
12042.000,3244.081
12043.000,2848.461
12044.000,2848.461
12045.000,3244.081
12046.000,2927.585
12047.000,2611.089
12048.000,3085.833
12049.000,3085.833
12050.000,2690.213
12051.000,3006.709
12052.000,3244.081
12053.000,2848.461
12054.000,2769.337
12055.000,3164.957
12056.000,2927.585
12057.000,2690.213
12058.000,3085.833
12059.000,3164.957
12060.000,2769.337
12061.000,3006.709
12062.000,3244.081
12063.000,2769.337
12064.000,2769.337
12065.000,3164.957
12066.000,2927.585
12067.000,2690.213
12068.000,3164.957
12069.000,3164.957
12070.000,2690.213
12071.000,2927.585
12072.000,3244.081
12073.000,2769.337
12074.000,2769.337
12075.000,3244.081
12076.000,3006.709
12077.000,2690.213
12078.000,3164.957
12079.000,3164.957
12080.000,2690.213
12081.000,2927.585
12082.000,3244.081
12083.000,2769.337
12084.000,2769.337
12085.000,3244.081
12086.000,3006.709
12087.000,2690.213
12088.000,3085.833
12089.000,3085.833
12090.000,2690.213
12091.000,2927.585
12092.000,3244.081
12093.000,2848.461
12094.000,2848.461
12095.000,3244.081
12096.000,2927.585
12097.000,2690.213
12098.000,3085.833
12099.000,3085.833
12100.000,2690.213
12101.000,3006.709
12102.000,3244.081
12103.000,2848.461
12104.000,2769.337
12105.000,3164.957
12106.000,2927.585
12107.000,2690.213
12108.000,3085.833
12109.000,3164.957
12110.000,2769.337
12111.000,3006.709
12112.000,3244.081
12113.000,2769.337
12114.000,2769.337
12115.000,3164.957
12116.000,2927.585
12117.000,2690.213
12118.000,3164.957
12119.000,3164.957
12120.000,2690.213
12121.000,2927.585
12122.000,3244.081
12123.000,2769.337
12124.000,2769.337
12125.000,3244.081
12126.000,3006.709
12127.000,2690.213
12128.000,3164.957
12129.000,3164.957
12130.000,2690.213
12131.000,2927.585
12132.000,3244.081
12133.000,2769.337
12134.000,2769.337
12135.000,3244.081
12136.000,3006.709
12137.000,2690.213
12138.000,3085.833
12139.000,3085.833
12140.000,2690.213
12141.000,2927.585
12142.000,3244.081
12143.000,2848.461
12144.000,2848.461
12145.000,3244.081
12146.000,2927.585
12147.000,2690.213
12148.000,3085.833
12149.000,3164.957
12150.000,2690.213
12151.000,3006.709
12152.000,3244.081
12153.000,2848.461
12154.000,2769.337
12155.000,3164.957
12156.000,2927.585
12157.000,2690.213
12158.000,3164.957
12159.000,3164.957
12160.000,2769.337
12161.000,3006.709
12162.000,3244.081
12163.000,2769.337
12164.000,2769.337
12165.000,3164.957
12166.000,2927.585
12167.000,2690.213
12168.000,3164.957
12169.000,3164.957
12170.000,2690.213
12171.000,2927.585
12172.000,3164.957
12173.000,2769.337
12174.000,2769.337
12175.000,3244.081
12176.000,3006.709
12177.000,2690.213
12178.000,3164.957
12179.000,3164.957
12180.000,2690.213
12181.000,2927.585
12182.000,3164.957
12183.000,2769.337
12184.000,2769.337
12185.000,3244.081
12186.000,3006.709
12187.000,2690.213
12188.000,3085.833
12189.000,3085.833
12190.000,2690.213
12191.000,2927.585
12192.000,3244.081
12193.000,2848.461
12194.000,2848.461
12195.000,3244.081
12196.000,2927.585
12197.000,2690.213
12198.000,3085.833
12199.000,3085.833
12200.000,2690.213
12201.000,3006.709
12202.000,3244.081
12203.000,2848.461
12204.000,2769.337
12205.000,3164.957
12206.000,2927.585
12207.000,2690.213
12208.000,3085.833
12209.000,3164.957
12210.000,2769.337
12211.000,3006.709
12212.000,3244.081
12213.000,2769.337
12214.000,2769.337
12215.000,3164.957
12216.000,2927.585
12217.000,2690.213
12218.000,3164.957
12219.000,3164.957
12220.000,2690.213
12221.000,2927.585
12222.000,3244.081
12223.000,2769.337
12224.000,2769.337
12225.000,3244.081
12226.000,3006.709
12227.000,2690.213
12228.000,3164.957
12229.000,3164.957
12230.000,2690.213
12231.000,2927.585
12232.000,3244.081
12233.000,2769.337
12234.000,2848.461
12235.000,3244.081
12236.000,3006.709
12237.000,2690.213
12238.000,3085.833
12239.000,3085.833
12240.000,2690.213
12241.000,2927.585
12242.000,3244.081
12243.000,2848.461
12244.000,2848.461
12245.000,3244.081
12246.000,2927.585
12247.000,2690.213
12248.000,3085.833
12249.000,3085.833
12250.000,2690.213
12251.000,3006.709
12252.000,3244.081
12253.000,2848.461
12254.000,2769.337
12255.000,3164.957
12256.000,2927.585
12257.000,2690.213
12258.000,3085.833
12259.000,3164.957
12260.000,2769.337
12261.000,3006.709
12262.000,3244.081
12263.000,2769.337
12264.000,2769.337
12265.000,3164.957
12266.000,3006.709
12267.000,2690.213
12268.000,3164.957
12269.000,3164.957
12270.000,2690.213
12271.000,2927.585
12272.000,3164.957
12273.000,2769.337
12274.000,2769.337
12275.000,3244.081
12276.000,3006.709
12277.000,2690.213
12278.000,3164.957
12279.000,3164.957
12280.000,2690.213
12281.000,2927.585
12282.000,3244.081
12283.000,2769.337
12284.000,2848.461
12285.000,3244.081
12286.000,3006.709
12287.000,2690.213
12288.000,3085.833
12289.000,3085.833
12290.000,2690.213
12291.000,2927.585
12292.000,3244.081
12293.000,2848.461
12294.000,2848.461
12295.000,3244.081
12296.000,2927.585
12297.000,2690.213
12298.000,3085.833
12299.000,3085.833
12300.000,2690.213
12301.000,3006.709
12302.000,3244.081
12303.000,2848.461
12304.000,2769.337
12305.000,3164.957
12306.000,2927.585
12307.000,2690.213
12308.000,3085.833
12309.000,3164.957
12310.000,2769.337
12311.000,3006.709
12312.000,3244.081
12313.000,2769.337
12314.000,2769.337
12315.000,3164.957
12316.000,2927.585
12317.000,2690.213
12318.000,3164.957
12319.000,3164.957
12320.000,2690.213
12321.000,2927.585
12322.000,3244.081
12323.000,2769.337
12324.000,2769.337
12325.000,3244.081
12326.000,3006.709
12327.000,2690.213
12328.000,3164.957
12329.000,3164.957
12330.000,2690.213
12331.000,2927.585
12332.000,3244.081
12333.000,2769.337
12334.000,2769.337
12335.000,3244.081
12336.000,3006.709
12337.000,2690.213
12338.000,3085.833
12339.000,3085.833
12340.000,2690.213
12341.000,2927.585
12342.000,3244.081
12343.000,2848.461
12344.000,2848.461
12345.000,3244.081
12346.000,2927.585
12347.000,2690.213
12348.000,3085.833
12349.000,3085.833
12350.000,2690.213
12351.000,3006.709
12352.000,3244.081
12353.000,2848.461
12354.000,2769.337
12355.000,3164.957
12356.000,2927.585
12357.000,2690.213
12358.000,3085.833
12359.000,3164.957
12360.000,2769.337
12361.000,3006.709
12362.000,3244.081
12363.000,2769.337
12364.000,2769.337
12365.000,3164.957
12366.000,2927.585
12367.000,2690.213
12368.000,3164.957
12369.000,3164.957
12370.000,2690.213
12371.000,2927.585
12372.000,3244.081
12373.000,2769.337
12374.000,2769.337
12375.000,3244.081
12376.000,3006.709
12377.000,2690.213
12378.000,3164.957
12379.000,3164.957
12380.000,2690.213
12381.000,2927.585
12382.000,3244.081
12383.000,2848.461
12384.000,2848.461
12385.000,3244.081
12386.000,3006.709
12387.000,2690.213
12388.000,3085.833
12389.000,3085.833
12390.000,2690.213
12391.000,2927.585
12392.000,3244.081
12393.000,2848.461
12394.000,2848.461
12395.000,3244.081
12396.000,2927.585
12397.000,2611.089
12398.000,3085.833
12399.000,3085.833
12400.000,2690.213
12401.000,3006.709
12402.000,3244.081
12403.000,2848.461
12404.000,2769.337
12405.000,3164.957
12406.000,2927.585
12407.000,2690.213
12408.000,3085.833
12409.000,3164.957
12410.000,2769.337
12411.000,3006.709
12412.000,3244.081
12413.000,2769.337
12414.000,2769.337
12415.000,3164.957
12416.000,2927.585
12417.000,2690.213
12418.000,3164.957
12419.000,3164.957
12420.000,2769.337
12421.000,2927.585
12422.000,3244.081
12423.000,2769.337
12424.000,2769.337
12425.000,3244.081
12426.000,3006.709
12427.000,2690.213
12428.000,3164.957
12429.000,3164.957
12430.000,2690.213
12431.000,2927.585
12432.000,3244.081
12433.000,2769.337
12434.000,2769.337
12435.000,3244.081
12436.000,3006.709
12437.000,2690.213
12438.000,3085.833
12439.000,3085.833
12440.000,2690.213
12441.000,2927.585
12442.000,3244.081
12443.000,2848.461
12444.000,2848.461
12445.000,3244.081
12446.000,3006.709
12447.000,2690.213
12448.000,3085.833
12449.000,3085.833
12450.000,2690.213
12451.000,3006.709
12452.000,3244.081
12453.000,2848.461
12454.000,2769.337
12455.000,3164.957
12456.000,2927.585
12457.000,2690.213
12458.000,3085.833
12459.000,3164.957
12460.000,2769.337
12461.000,3006.709
12462.000,3244.081
12463.000,2769.337
12464.000,2769.337
12465.000,3164.957
12466.000,3006.709
12467.000,2690.213
12468.000,3164.957
12469.000,3164.957
12470.000,2690.213
12471.000,2927.585
12472.000,3244.081
12473.000,2769.337
12474.000,2769.337
12475.000,3244.081
12476.000,3006.709
12477.000,2690.213
12478.000,3164.957
12479.000,3164.957
12480.000,2690.213
12481.000,2927.585
12482.000,3244.081
12483.000,2848.461
12484.000,2769.337
12485.000,3244.081
12486.000,3006.709
12487.000,2690.213
12488.000,3085.833
12489.000,3085.833
12490.000,2690.213
12491.000,2927.585
12492.000,3244.081
12493.000,2848.461
12494.000,2848.461
12495.000,3244.081
12496.000,2927.585
12497.000,2690.213
12498.000,3085.833
12499.000,3164.957
12500.000,2690.213
12501.000,3006.709
12502.000,3244.081
12503.000,2848.461
12504.000,2769.337
12505.000,3164.957
12506.000,2927.585
12507.000,2690.213
12508.000,3085.833
12509.000,3164.957
12510.000,2769.337
12511.000,3006.709
12512.000,3244.081
12513.000,2769.337
12514.000,2769.337
12515.000,3164.957
12516.000,3006.709
12517.000,2690.213
12518.000,3164.957
12519.000,3164.957
12520.000,2690.213
12521.000,2927.585
12522.000,3244.081
12523.000,2769.337
12524.000,2769.337
12525.000,3244.081
12526.000,3006.709
12527.000,2690.213
12528.000,3164.957
12529.000,3164.957
12530.000,2690.213
12531.000,2927.585
12532.000,3244.081
12533.000,2848.461
12534.000,2848.461
12535.000,3244.081
12536.000,3006.709
12537.000,2690.213
12538.000,3085.833
12539.000,3085.833
12540.000,2690.213
12541.000,2927.585
12542.000,3244.081
12543.000,2848.461
12544.000,2848.461
12545.000,3244.081
12546.000,2927.585
12547.000,2611.089
12548.000,3085.833
12549.000,3085.833
12550.000,2690.213
12551.000,3006.709
12552.000,3244.081
12553.000,2848.461
12554.000,2769.337
12555.000,3164.957
12556.000,2927.585
12557.000,2690.213
12558.000,3085.833
12559.000,3164.957
12560.000,2769.337
12561.000,3006.709
12562.000,3244.081
12563.000,2769.337
12564.000,2769.337
12565.000,3164.957
12566.000,2927.585
12567.000,2690.213
12568.000,3164.957
12569.000,3164.957
12570.000,2690.213
12571.000,2927.585
12572.000,3244.081
12573.000,2769.337
12574.000,2769.337
12575.000,3244.081
12576.000,3006.709
12577.000,2690.213
12578.000,3164.957
12579.000,3164.957
12580.000,2690.213
12581.000,2927.585
12582.000,3244.081
12583.000,2848.461
12584.000,2769.337
12585.000,3244.081
12586.000,3006.709
12587.000,2690.213
12588.000,3085.833
12589.000,3085.833
12590.000,2690.213
12591.000,2927.585
12592.000,3244.081
12593.000,2848.461
12594.000,2769.337
12595.000,3244.081
12596.000,2927.585
12597.000,2690.213
12598.000,3085.833
12599.000,3164.957
12600.000,2690.213
12601.000,3006.709
12602.000,3244.081
12603.000,2848.461
12604.000,2769.337
12605.000,3164.957
12606.000,2927.585
12607.000,2690.213
12608.000,3085.833
12609.000,3164.957
12610.000,2769.337
12611.000,3006.709
12612.000,3244.081
12613.000,2769.337
12614.000,2769.337
12615.000,3164.957
12616.000,2927.585
12617.000,2690.213
12618.000,3164.957
12619.000,3164.957
12620.000,2690.213
12621.000,2927.585
12622.000,3244.081
12623.000,2769.337
12624.000,2769.337
12625.000,3244.081
12626.000,3006.709
12627.000,2690.213
12628.000,3164.957
12629.000,3164.957
12630.000,2690.213
12631.000,2927.585
12632.000,3244.081
12633.000,2769.337
12634.000,2769.337
12635.000,3244.081
12636.000,3006.709
12637.000,2690.213
12638.000,3085.833
12639.000,3085.833
12640.000,2690.213
12641.000,2927.585
12642.000,3244.081
12643.000,2848.461
12644.000,2848.461
12645.000,3244.081
12646.000,3006.709
12647.000,2690.213
12648.000,3085.833
12649.000,3085.833
12650.000,2690.213
12651.000,3006.709
12652.000,3244.081
12653.000,2848.461
12654.000,2769.337
12655.000,3164.957
12656.000,2927.585
12657.000,2690.213
12658.000,3085.833
12659.000,3164.957
12660.000,2769.337
12661.000,3006.709
12662.000,3244.081
12663.000,2769.337
12664.000,2769.337
12665.000,3164.957
12666.000,2927.585
12667.000,2690.213
12668.000,3164.957
12669.000,3164.957
12670.000,2690.213
12671.000,2927.585
12672.000,3244.081
12673.000,2769.337
12674.000,2769.337
12675.000,3244.081
12676.000,3006.709
12677.000,2690.213
12678.000,3164.957
12679.000,3164.957
12680.000,2690.213
12681.000,2927.585
12682.000,3164.957
12683.000,2769.337
12684.000,2769.337
12685.000,3244.081
12686.000,3006.709
12687.000,2690.213
12688.000,3085.833
12689.000,3085.833
12690.000,2690.213
12691.000,2927.585
12692.000,3244.081
12693.000,2848.461
12694.000,2848.461
12695.000,3244.081
12696.000,3006.709
12697.000,2690.213
12698.000,3085.833
12699.000,3085.833
12700.000,2690.213
12701.000,2927.585
12702.000,3244.081
12703.000,2848.461
12704.000,2769.337
12705.000,3164.957
12706.000,2927.585
12707.000,2690.213
12708.000,3085.833
12709.000,3164.957
12710.000,2769.337
12711.000,2927.585
12712.000,3244.081
12713.000,2769.337
12714.000,2769.337
12715.000,3164.957
12716.000,3006.709
12717.000,2690.213
12718.000,3164.957
12719.000,3164.957
12720.000,2690.213
12721.000,2927.585
12722.000,3244.081
12723.000,2769.337
12724.000,2769.337
12725.000,3244.081
12726.000,3006.709
12727.000,2690.213
12728.000,3164.957
12729.000,3164.957
12730.000,2690.213
12731.000,2927.585
12732.000,3244.081
12733.000,2769.337
12734.000,2769.337
12735.000,3244.081
12736.000,3006.709
12737.000,2690.213
12738.000,3085.833
12739.000,3085.833
12740.000,2690.213
12741.000,2927.585
12742.000,3244.081
12743.000,2848.461
12744.000,2848.461
12745.000,3244.081
12746.000,3006.709
12747.000,2690.213
12748.000,3085.833
12749.000,3085.833
12750.000,2690.213
12751.000,3006.709
12752.000,3244.081
12753.000,2848.461
12754.000,2769.337
12755.000,3164.957
12756.000,2927.585
12757.000,2690.213
12758.000,3085.833
12759.000,3164.957
12760.000,2769.337
12761.000,3006.709
12762.000,3244.081
12763.000,2769.337
12764.000,2769.337
12765.000,3164.957
12766.000,2927.585
12767.000,2690.213
12768.000,3164.957
12769.000,3164.957
12770.000,2690.213
12771.000,2927.585
12772.000,3244.081
12773.000,2769.337
12774.000,2769.337
12775.000,3244.081
12776.000,3006.709
12777.000,2690.213
12778.000,3164.957
12779.000,3164.957
12780.000,2690.213
12781.000,2927.585
12782.000,3244.081
12783.000,2769.337
12784.000,2769.337
12785.000,3244.081
12786.000,3006.709
12787.000,2690.213
12788.000,3085.833
12789.000,3085.833
12790.000,2690.213
12791.000,2927.585
12792.000,3244.081
12793.000,2848.461
12794.000,2848.461
12795.000,3244.081
12796.000,3006.709
12797.000,2690.213
12798.000,3085.833
12799.000,3085.833
12800.000,2690.213
12801.000,2927.585
12802.000,3244.081
12803.000,2848.461
12804.000,2769.337
12805.000,3164.957
12806.000,2927.585
12807.000,2690.213
12808.000,3085.833
12809.000,3164.957
12810.000,2769.337
12811.000,3006.709
12812.000,3244.081
12813.000,2769.337
12814.000,2769.337
12815.000,3164.957
12816.000,3006.709
12817.000,2690.213
12818.000,3164.957
12819.000,3164.957
12820.000,2690.213
12821.000,2927.585
12822.000,3244.081
12823.000,2769.337
12824.000,2769.337
12825.000,3244.081
12826.000,3006.709
12827.000,2690.213
12828.000,3164.957
12829.000,3164.957
12830.000,2690.213
12831.000,2927.585
12832.000,3244.081
12833.000,2848.461
12834.000,2769.337
12835.000,3244.081
12836.000,3006.709
12837.000,2690.213
12838.000,3085.833
12839.000,3085.833
12840.000,2690.213
12841.000,2927.585
12842.000,3244.081
12843.000,2848.461
12844.000,2769.337
12845.000,3244.081
12846.000,3006.709
12847.000,2690.213
12848.000,3085.833
12849.000,3164.957
12850.000,2690.213
12851.000,3006.709
12852.000,3244.081
12853.000,2848.461
12854.000,2769.337
12855.000,3164.957
12856.000,2927.585
12857.000,2690.213
12858.000,3085.833
12859.000,3164.957
12860.000,2769.337
12861.000,3006.709
12862.000,3244.081
12863.000,2769.337
12864.000,2769.337
12865.000,3164.957
12866.000,3006.709
12867.000,2690.213
12868.000,3164.957
12869.000,3164.957
12870.000,2690.213
12871.000,2927.585
12872.000,3244.081
12873.000,2769.337
12874.000,2769.337
12875.000,3244.081
12876.000,3006.709
12877.000,2690.213
12878.000,3085.833
12879.000,3164.957
12880.000,2690.213
12881.000,2927.585
12882.000,3244.081
12883.000,2848.461
12884.000,2769.337
12885.000,3244.081
12886.000,3006.709
12887.000,2690.213
12888.000,3085.833
12889.000,3085.833
12890.000,2690.213
12891.000,2927.585
12892.000,3244.081
12893.000,2848.461
12894.000,2848.461
12895.000,3244.081
12896.000,2927.585
12897.000,2690.213
12898.000,3085.833
12899.000,3164.957
12900.000,2690.213
12901.000,3006.709
12902.000,3244.081
12903.000,2848.461
12904.000,2769.337
12905.000,3164.957
12906.000,2927.585
12907.000,2690.213
12908.000,3085.833
12909.000,3164.957
12910.000,2769.337
12911.000,3006.709
12912.000,3244.081
12913.000,2769.337
12914.000,2769.337
12915.000,3164.957
12916.000,2927.585
12917.000,2690.213
12918.000,3164.957
12919.000,3164.957
12920.000,2769.337
12921.000,2927.585
12922.000,3244.081
12923.000,2769.337
12924.000,2769.337
12925.000,3244.081
12926.000,3006.709
12927.000,2690.213
12928.000,3164.957
12929.000,3164.957
12930.000,2690.213
12931.000,2927.585
12932.000,3244.081
12933.000,2769.337
12934.000,2769.337
12935.000,3244.081
12936.000,3006.709
12937.000,2690.213
12938.000,3085.833
12939.000,3085.833
12940.000,2690.213
12941.000,2927.585
12942.000,3244.081
12943.000,2848.461
12944.000,2769.337
12945.000,3244.081
12946.000,3006.709
12947.000,2690.213
12948.000,3085.833
12949.000,3164.957
12950.000,2690.213
12951.000,2927.585
12952.000,3244.081
12953.000,2848.461
12954.000,2769.337
12955.000,3164.957
12956.000,2927.585
12957.000,2690.213
12958.000,3085.833
12959.000,3164.957
12960.000,2769.337
12961.000,2927.585
12962.000,3244.081
12963.000,2769.337
12964.000,2769.337
12965.000,3164.957
12966.000,3006.709
12967.000,2690.213
12968.000,3164.957
12969.000,3164.957
12970.000,2690.213
12971.000,2927.585
12972.000,3244.081
12973.000,2769.337
12974.000,2769.337
12975.000,3244.081
12976.000,3006.709
12977.000,2690.213
12978.000,3164.957
12979.000,3164.957
12980.000,2690.213
12981.000,2927.585
12982.000,3244.081
12983.000,2769.337
12984.000,2769.337
12985.000,3244.081
12986.000,3006.709
12987.000,2690.213
12988.000,3085.833
12989.000,3085.833
12990.000,2690.213
12991.000,2927.585
12992.000,3244.081
12993.000,2848.461
12994.000,2848.461
12995.000,3244.081
12996.000,3006.709
12997.000,2690.213
12998.000,3085.833
12999.000,3085.833
13000.000,2690.213
13001.000,2927.585
13002.000,3244.081
13003.000,2848.461
13004.000,2769.337
13005.000,3164.957
13006.000,2927.585
13007.000,2690.213
13008.000,3085.833
13009.000,3164.957
13010.000,2769.337
13011.000,2927.585
13012.000,3244.081
13013.000,2769.337
13014.000,2769.337
13015.000,3164.957
13016.000,3006.709
13017.000,2690.213
13018.000,3164.957
13019.000,3164.957
13020.000,2690.213
13021.000,2927.585
13022.000,3244.081
13023.000,2769.337
13024.000,2769.337
13025.000,3244.081
13026.000,3006.709
13027.000,2690.213
13028.000,3164.957
13029.000,3164.957
13030.000,2690.213
13031.000,2927.585
13032.000,3244.081
13033.000,2769.337
13034.000,2769.337
13035.000,3244.081
13036.000,3006.709
13037.000,2690.213
13038.000,3085.833
13039.000,3085.833
13040.000,2690.213
13041.000,2927.585
13042.000,3244.081
13043.000,2848.461
13044.000,2769.337
13045.000,3244.081
13046.000,3006.709
13047.000,2690.213
13048.000,3085.833
13049.000,3085.833
13050.000,2690.213
13051.000,2927.585
13052.000,3244.081
13053.000,2848.461
13054.000,2769.337
13055.000,3244.081
13056.000,2927.585
13057.000,2690.213
13058.000,3085.833
13059.000,3164.957
13060.000,2690.213
13061.000,2927.585
13062.000,3244.081
13063.000,2848.461
13064.000,2769.337
13065.000,3164.957
13066.000,3006.709
13067.000,2690.213
13068.000,3085.833
13069.000,3164.957
13070.000,2690.213
13071.000,2927.585
13072.000,3244.081
13073.000,2769.337
13074.000,2769.337
13075.000,3244.081
13076.000,3006.709
13077.000,2690.213
13078.000,3085.833
13079.000,3164.957
13080.000,2690.213
13081.000,2927.585
13082.000,3244.081
13083.000,2848.461
13084.000,2769.337
13085.000,3244.081
13086.000,3006.709
13087.000,2690.213
13088.000,3085.833
13089.000,3085.833
13090.000,2690.213
13091.000,2927.585
13092.000,3244.081
13093.000,2848.461
13094.000,2769.337
13095.000,3244.081
13096.000,3006.709
13097.000,2690.213
13098.000,3085.833
13099.000,3164.957
13100.000,2690.213
13101.000,3006.709
13102.000,3244.081
13103.000,2848.461
13104.000,2769.337
13105.000,3164.957
13106.000,2927.585
13107.000,2690.213
13108.000,3085.833
13109.000,3164.957
13110.000,2769.337
13111.000,2927.585
13112.000,3244.081
13113.000,2769.337
13114.000,2769.337
13115.000,3164.957
13116.000,3006.709
13117.000,2690.213
13118.000,3164.957
13119.000,3164.957
13120.000,2690.213
13121.000,2927.585
13122.000,3244.081
13123.000,2769.337
13124.000,2769.337
13125.000,3244.081
13126.000,3006.709
13127.000,2690.213
13128.000,3164.957
13129.000,3164.957
13130.000,2690.213
13131.000,2927.585
13132.000,3244.081
13133.000,2769.337
13134.000,2769.337
13135.000,3244.081
13136.000,3006.709
13137.000,2690.213
13138.000,3085.833
13139.000,3085.833
13140.000,2690.213
13141.000,2927.585
13142.000,3244.081
13143.000,2848.461
13144.000,2769.337
13145.000,3244.081
13146.000,3006.709
13147.000,2690.213
13148.000,3085.833
13149.000,3085.833
13150.000,2690.213
13151.000,2927.585
13152.000,3244.081
13153.000,2848.461
13154.000,2769.337
13155.000,3164.957
13156.000,2927.585
13157.000,2690.213
13158.000,3085.833
13159.000,3164.957
13160.000,2690.213
13161.000,2927.585
13162.000,3244.081
13163.000,2848.461
13164.000,2769.337
13165.000,3164.957
13166.000,3006.709
13167.000,2690.213
13168.000,3164.957
13169.000,3164.957
13170.000,2690.213
13171.000,2927.585
13172.000,3244.081
13173.000,2769.337
13174.000,2769.337
13175.000,3244.081
13176.000,3006.709
13177.000,2690.213
13178.000,3085.833
13179.000,3164.957
13180.000,2690.213
13181.000,2927.585
13182.000,3244.081
13183.000,2769.337
13184.000,2769.337
13185.000,3244.081
13186.000,3006.709
13187.000,2690.213
13188.000,3085.833
13189.000,3085.833
13190.000,2690.213
13191.000,2927.585
13192.000,3244.081
13193.000,2848.461
13194.000,2769.337
13195.000,3244.081
13196.000,3006.709
13197.000,2690.213
13198.000,3085.833
13199.000,3164.957
13200.000,2690.213
13201.000,2927.585
13202.000,3244.081
13203.000,2848.461
13204.000,2769.337
13205.000,3164.957
13206.000,2927.585
13207.000,2690.213
13208.000,3085.833
13209.000,3164.957
13210.000,2769.337
13211.000,3006.709
13212.000,3244.081
13213.000,2769.337
13214.000,2769.337
13215.000,3164.957
13216.000,3006.709
13217.000,2690.213
13218.000,3164.957
13219.000,3164.957
13220.000,2690.213
13221.000,2927.585
13222.000,3244.081
13223.000,2769.337
13224.000,2769.337
13225.000,3244.081
13226.000,3006.709
13227.000,2690.213
13228.000,3164.957
13229.000,3164.957
13230.000,2690.213
13231.000,2927.585
13232.000,3244.081
13233.000,2769.337
13234.000,2769.337
13235.000,3244.081
13236.000,3006.709
13237.000,2690.213
13238.000,3085.833
13239.000,3085.833
13240.000,2690.213
13241.000,2927.585
13242.000,3244.081
13243.000,2848.461
13244.000,2769.337
13245.000,3244.081
13246.000,3006.709
13247.000,2690.213
13248.000,3085.833
13249.000,3164.957
13250.000,2690.213
13251.000,2927.585
13252.000,3244.081
13253.000,2848.461
13254.000,2769.337
13255.000,3164.957
13256.000,2927.585
13257.000,2690.213
13258.000,3085.833
13259.000,3164.957
13260.000,2769.337
13261.000,3006.709
13262.000,3244.081
13263.000,2769.337
13264.000,2769.337
13265.000,3164.957
13266.000,2927.585
13267.000,2690.213
13268.000,3164.957
13269.000,3164.957
13270.000,2769.337
13271.000,2927.585
13272.000,3244.081
13273.000,2769.337
13274.000,2769.337
13275.000,3164.957
13276.000,3006.709
13277.000,2690.213
13278.000,3164.957
13279.000,3164.957
13280.000,2690.213
13281.000,2927.585
13282.000,3164.957
13283.000,2769.337
13284.000,2769.337
13285.000,3244.081
13286.000,3006.709
13287.000,2690.213
13288.000,3085.833
13289.000,3164.957
13290.000,2690.213
13291.000,2927.585
13292.000,3244.081
13293.000,2848.461
13294.000,2769.337
13295.000,3244.081
13296.000,3006.709
13297.000,2690.213
13298.000,3085.833
13299.000,3164.957
13300.000,2690.213
13301.000,2927.585
13302.000,3244.081
13303.000,2848.461
13304.000,2769.337
13305.000,3164.957
13306.000,2927.585
13307.000,2690.213
13308.000,3085.833
13309.000,3164.957
13310.000,2769.337
13311.000,2927.585
13312.000,3244.081
13313.000,2769.337
13314.000,2769.337
13315.000,3164.957
13316.000,3006.709
13317.000,2690.213
13318.000,3164.957
13319.000,3164.957
13320.000,2690.213
13321.000,2927.585
13322.000,3244.081
13323.000,2769.337
13324.000,2769.337
13325.000,3244.081
13326.000,3006.709
13327.000,2690.213
13328.000,3164.957
13329.000,3164.957
13330.000,2690.213
13331.000,2927.585
13332.000,3164.957
13333.000,2769.337
13334.000,2769.337
13335.000,3244.081
13336.000,3006.709
13337.000,2690.213
13338.000,3085.833
13339.000,3085.833
13340.000,2690.213
13341.000,2927.585
13342.000,3244.081
13343.000,2848.461
13344.000,2848.461
13345.000,3244.081
13346.000,3006.709
13347.000,2690.213
13348.000,3085.833
13349.000,3085.833
13350.000,2690.213
13351.000,2927.585
13352.000,3244.081
13353.000,2848.461
13354.000,2769.337
13355.000,3244.081
13356.000,2927.585
13357.000,2690.213
13358.000,3085.833
13359.000,3164.957
13360.000,2769.337
13361.000,3006.709
13362.000,3244.081
13363.000,2848.461
13364.000,2769.337
13365.000,3164.957
13366.000,2927.585
13367.000,2690.213
13368.000,3085.833
13369.000,3164.957
13370.000,2690.213
13371.000,2927.585
13372.000,3244.081
13373.000,2769.337
13374.000,2769.337
13375.000,3244.081
13376.000,3006.709
13377.000,2690.213
13378.000,3085.833
13379.000,3164.957
13380.000,2690.213
13381.000,2927.585
13382.000,3244.081
13383.000,2769.337
13384.000,2769.337
13385.000,3244.081
13386.000,3006.709
13387.000,2690.213
13388.000,3085.833
13389.000,3085.833
13390.000,2690.213
13391.000,2927.585
13392.000,3244.081
13393.000,2848.461
13394.000,2848.461
13395.000,3244.081
13396.000,3006.709
13397.000,2690.213
13398.000,3085.833
13399.000,3085.833
13400.000,2690.213
13401.000,2927.585
13402.000,3244.081
13403.000,2848.461
13404.000,2769.337
13405.000,3164.957
13406.000,2927.585
13407.000,2690.213
13408.000,3085.833
13409.000,3164.957
13410.000,2769.337
13411.000,3006.709
13412.000,3244.081
13413.000,2848.461
13414.000,2769.337
13415.000,3164.957
13416.000,2927.585
13417.000,2690.213
13418.000,3085.833
13419.000,3164.957
13420.000,2769.337
13421.000,2927.585
13422.000,3244.081
13423.000,2769.337
13424.000,2769.337
13425.000,3164.957
13426.000,3006.709
13427.000,2690.213
13428.000,3085.833
13429.000,3164.957
13430.000,2690.213
13431.000,2927.585
13432.000,3244.081
13433.000,2848.461
13434.000,2769.337
13435.000,3244.081
13436.000,3006.709
13437.000,2690.213
13438.000,3085.833
13439.000,3085.833
13440.000,2690.213
13441.000,2927.585
13442.000,3244.081
13443.000,2848.461
13444.000,2769.337
13445.000,3244.081
13446.000,3006.709
13447.000,2690.213
13448.000,3085.833
13449.000,3085.833
13450.000,2690.213
13451.000,2927.585
13452.000,3244.081
13453.000,2848.461
13454.000,2769.337
13455.000,3164.957
13456.000,2927.585
13457.000,2611.089
13458.000,3085.833
13459.000,3164.957
13460.000,2769.337
13461.000,3006.709
13462.000,3244.081
13463.000,2848.461
13464.000,2769.337
13465.000,3164.957
13466.000,2927.585
13467.000,2690.213
13468.000,3164.957
13469.000,3164.957
13470.000,2769.337
13471.000,2927.585
13472.000,3244.081
13473.000,2769.337
13474.000,2769.337
13475.000,3164.957
13476.000,3006.709
13477.000,2690.213
13478.000,3164.957
13479.000,3164.957
13480.000,2690.213
13481.000,2927.585
13482.000,3244.081
13483.000,2769.337
13484.000,2769.337
13485.000,3244.081
13486.000,3006.709
13487.000,2690.213
13488.000,3085.833
13489.000,3085.833
13490.000,2690.213
13491.000,2927.585
13492.000,3244.081
13493.000,2848.461
13494.000,2769.337
13495.000,3244.081
13496.000,3006.709
13497.000,2690.213
13498.000,3085.833
13499.000,3085.833
13500.000,2690.213
13501.000,2927.585
13502.000,3244.081
13503.000,2848.461
13504.000,2769.337
13505.000,3164.957
13506.000,2927.585
13507.000,2611.089
13508.000,3085.833
13509.000,3164.957
13510.000,2769.337
13511.000,3006.709
13512.000,3244.081
13513.000,2848.461
13514.000,2769.337
13515.000,3164.957
13516.000,2927.585
13517.000,2690.213
13518.000,3164.957
13519.000,3164.957
13520.000,2769.337
13521.000,2927.585
13522.000,3244.081
13523.000,2769.337
13524.000,2769.337
13525.000,3164.957
13526.000,3006.709
13527.000,2690.213
13528.000,3164.957
13529.000,3164.957
13530.000,2690.213
13531.000,2927.585
13532.000,3244.081
13533.000,2769.337
13534.000,2769.337
13535.000,3244.081
13536.000,3006.709
13537.000,2690.213
13538.000,3085.833
13539.000,3164.957
13540.000,2690.213
13541.000,2927.585
13542.000,3244.081
13543.000,2848.461
13544.000,2769.337
13545.000,3244.081
13546.000,3006.709
13547.000,2690.213
13548.000,3085.833
13549.000,3164.957
13550.000,2690.213
13551.000,2927.585
13552.000,3244.081
13553.000,2848.461
13554.000,2769.337
13555.000,3164.957
13556.000,2927.585
13557.000,2690.213
13558.000,3085.833
13559.000,3164.957
13560.000,2769.337
13561.000,3006.709
13562.000,3244.081
13563.000,2848.461
13564.000,2769.337
13565.000,3164.957
13566.000,3006.709
13567.000,2690.213
13568.000,3164.957
13569.000,3164.957
13570.000,2769.337
13571.000,2927.585
13572.000,3244.081
13573.000,2769.337
13574.000,2769.337
13575.000,3244.081
13576.000,3006.709
13577.000,2690.213
13578.000,3164.957
13579.000,3164.957
13580.000,2690.213
13581.000,2927.585
13582.000,3164.957
13583.000,2769.337
13584.000,2769.337
13585.000,3244.081
13586.000,3006.709
13587.000,2690.213
13588.000,3085.833
13589.000,3085.833
13590.000,2690.213
13591.000,2927.585
13592.000,3244.081
13593.000,2848.461
13594.000,2769.337
13595.000,3244.081
13596.000,3006.709
13597.000,2690.213
13598.000,3085.833
13599.000,3085.833
13600.000,2690.213
13601.000,2927.585
13602.000,3244.081
13603.000,2848.461
13604.000,2769.337
13605.000,3164.957
13606.000,2927.585
13607.000,2690.213
13608.000,3085.833
13609.000,3164.957
13610.000,2769.337
13611.000,2927.585
13612.000,3244.081
13613.000,2848.461
13614.000,2769.337
13615.000,3164.957
13616.000,3006.709
13617.000,2690.213
13618.000,3164.957
13619.000,3164.957
13620.000,2769.337
13621.000,2927.585
13622.000,3244.081
13623.000,2769.337
13624.000,2769.337
13625.000,3164.957
13626.000,3006.709
13627.000,2690.213
13628.000,3164.957
13629.000,3164.957
13630.000,2690.213
13631.000,2927.585
13632.000,3244.081
13633.000,2769.337
13634.000,2769.337
13635.000,3244.081
13636.000,3006.709
13637.000,2690.213
13638.000,3085.833
13639.000,3164.957
13640.000,2690.213
13641.000,2927.585
13642.000,3244.081
13643.000,2848.461
13644.000,2769.337
13645.000,3244.081
13646.000,3006.709
13647.000,2690.213
13648.000,3085.833
13649.000,3085.833
13650.000,2690.213
13651.000,2927.585
13652.000,3244.081
13653.000,2848.461
13654.000,2769.337
13655.000,3164.957
13656.000,2927.585
13657.000,2690.213
13658.000,3085.833
13659.000,3164.957
13660.000,2769.337
13661.000,2927.585
13662.000,3244.081
13663.000,2848.461
13664.000,2769.337
13665.000,3164.957
13666.000,3006.709
13667.000,2690.213
13668.000,3164.957
13669.000,3164.957
13670.000,2690.213
13671.000,2927.585
13672.000,3244.081
13673.000,2769.337
13674.000,2769.337
13675.000,3244.081
13676.000,3006.709
13677.000,2690.213
13678.000,3164.957
13679.000,3164.957
13680.000,2690.213
13681.000,2927.585
13682.000,3244.081
13683.000,2848.461
13684.000,2769.337
13685.000,3244.081
13686.000,3006.709
13687.000,2690.213
13688.000,3085.833
13689.000,3085.833
13690.000,2690.213
13691.000,2927.585
13692.000,3244.081
13693.000,2848.461
13694.000,2848.461
13695.000,3244.081
13696.000,3006.709
13697.000,2690.213
13698.000,3085.833
13699.000,3085.833
13700.000,2690.213
13701.000,2927.585
13702.000,3244.081
13703.000,2848.461
13704.000,2769.337
13705.000,3164.957
13706.000,2927.585
13707.000,2611.089
13708.000,3085.833
13709.000,3164.957
13710.000,2769.337
13711.000,3006.709
13712.000,3244.081
13713.000,2848.461
13714.000,2769.337
13715.000,3164.957
13716.000,2927.585
13717.000,2690.213
13718.000,3164.957
13719.000,3164.957
13720.000,2769.337
13721.000,2927.585
13722.000,3244.081
13723.000,2769.337
13724.000,2769.337
13725.000,3164.957
13726.000,3006.709
13727.000,2690.213
13728.000,3164.957
13729.000,3164.957
13730.000,2690.213
13731.000,2927.585
13732.000,3244.081
13733.000,2769.337
13734.000,2769.337
13735.000,3244.081
13736.000,3006.709
13737.000,2690.213
13738.000,3085.833
13739.000,3164.957
13740.000,2690.213
13741.000,2927.585
13742.000,3244.081
13743.000,2848.461
13744.000,2769.337
13745.000,3244.081
13746.000,3006.709
13747.000,2690.213
13748.000,3085.833
13749.000,3164.957
13750.000,2690.213
13751.000,2927.585
13752.000,3244.081
13753.000,2848.461
13754.000,2769.337
13755.000,3164.957
13756.000,2927.585
13757.000,2690.213
13758.000,3085.833
13759.000,3164.957
13760.000,2769.337
13761.000,2927.585
13762.000,3244.081
13763.000,2769.337
13764.000,2769.337
13765.000,3164.957
13766.000,3006.709
13767.000,2690.213
13768.000,3164.957
13769.000,3164.957
13770.000,2769.337
13771.000,2927.585
13772.000,3244.081
13773.000,2769.337
13774.000,2769.337
13775.000,3244.081
13776.000,3006.709
13777.000,2690.213
13778.000,3164.957
13779.000,3164.957
13780.000,2690.213
13781.000,2927.585
13782.000,3244.081
13783.000,2769.337
13784.000,2769.337
13785.000,3244.081
13786.000,3006.709
13787.000,2690.213
13788.000,3085.833
13789.000,3164.957
13790.000,2690.213
13791.000,2927.585
13792.000,3244.081
13793.000,2848.461
13794.000,2769.337
13795.000,3244.081
13796.000,3006.709
13797.000,2690.213
13798.000,3085.833
13799.000,3164.957
13800.000,2690.213
13801.000,2927.585
13802.000,3244.081
13803.000,2848.461
13804.000,2769.337
13805.000,3164.957
13806.000,2927.585
13807.000,2690.213
13808.000,3085.833
13809.000,3164.957
13810.000,2769.337
13811.000,2927.585
13812.000,3244.081
13813.000,2769.337
13814.000,2690.213
13815.000,3164.957
13816.000,3006.709
13817.000,2690.213
13818.000,3164.957
13819.000,3164.957
13820.000,2769.337
13821.000,2927.585
13822.000,3244.081
13823.000,2769.337
13824.000,2769.337
13825.000,3164.957
13826.000,3006.709
13827.000,2690.213
13828.000,3164.957
13829.000,3164.957
13830.000,2690.213
13831.000,2927.585
13832.000,3164.957
13833.000,2769.337
13834.000,2769.337
13835.000,3244.081
13836.000,3006.709
13837.000,2690.213
13838.000,3085.833
13839.000,3164.957
13840.000,2690.213
13841.000,2927.585
13842.000,3244.081
13843.000,2848.461
13844.000,2769.337
13845.000,3244.081
13846.000,3006.709
13847.000,2690.213
13848.000,3085.833
13849.000,3085.833
13850.000,2690.213
13851.000,2927.585
13852.000,3244.081
13853.000,2848.461
13854.000,2769.337
13855.000,3164.957
13856.000,2927.585
13857.000,2690.213
13858.000,3085.833
13859.000,3164.957
13860.000,2769.337
13861.000,2927.585
13862.000,3244.081
13863.000,2848.461
13864.000,2769.337
13865.000,3164.957
13866.000,3006.709
13867.000,2690.213
13868.000,3085.833
13869.000,3164.957
13870.000,2769.337
13871.000,2927.585
13872.000,3244.081
13873.000,2769.337
13874.000,2769.337
13875.000,3244.081
13876.000,3006.709
13877.000,2690.213
13878.000,3164.957
13879.000,3164.957
13880.000,2690.213
13881.000,2927.585
13882.000,3244.081
13883.000,2848.461
13884.000,2769.337
13885.000,3244.081
13886.000,3006.709
13887.000,2690.213
13888.000,3085.833
13889.000,3164.957
13890.000,2690.213
13891.000,2927.585
13892.000,3244.081
13893.000,2848.461
13894.000,2769.337
13895.000,3244.081
13896.000,3006.709
13897.000,2690.213
13898.000,3085.833
13899.000,3164.957
13900.000,2690.213
13901.000,2927.585
13902.000,3244.081
13903.000,2848.461
13904.000,2769.337
13905.000,3164.957
13906.000,2927.585
13907.000,2690.213
13908.000,3085.833
13909.000,3164.957
13910.000,2769.337
13911.000,2927.585
13912.000,3244.081
13913.000,2769.337
13914.000,2769.337
13915.000,3164.957
13916.000,3006.709
13917.000,2690.213
13918.000,3164.957
13919.000,3164.957
13920.000,2769.337
13921.000,2927.585
13922.000,3244.081
13923.000,2769.337
13924.000,2769.337
13925.000,3164.957
13926.000,3006.709
13927.000,2690.213
13928.000,3164.957
13929.000,3164.957
13930.000,2690.213
13931.000,2927.585
13932.000,3244.081
13933.000,2769.337
13934.000,2769.337
13935.000,3244.081
13936.000,3006.709
13937.000,2690.213
13938.000,3085.833
13939.000,3085.833
13940.000,2690.213
13941.000,2927.585
13942.000,3244.081
13943.000,2848.461
13944.000,2769.337
13945.000,3244.081
13946.000,3006.709
13947.000,2690.213
13948.000,3085.833
13949.000,3085.833
13950.000,2690.213
13951.000,2927.585
13952.000,3244.081
13953.000,2848.461
13954.000,2769.337
13955.000,3164.957
13956.000,2927.585
13957.000,2690.213
13958.000,3085.833
13959.000,3164.957
13960.000,2769.337
13961.000,2927.585
13962.000,3244.081
13963.000,2848.461
13964.000,2769.337
13965.000,3164.957
13966.000,3006.709
13967.000,2690.213
13968.000,3085.833
13969.000,3164.957
13970.000,2769.337
13971.000,2927.585
13972.000,3244.081
13973.000,2769.337
13974.000,2769.337
13975.000,3244.081
13976.000,3006.709
13977.000,2690.213
13978.000,3085.833
13979.000,3164.957
13980.000,2690.213
13981.000,2927.585
13982.000,3244.081
13983.000,2848.461
13984.000,2769.337
13985.000,3244.081
13986.000,3006.709
13987.000,2690.213
13988.000,3085.833
13989.000,3164.957
13990.000,2690.213
13991.000,2927.585
13992.000,3244.081
13993.000,2848.461
13994.000,2769.337
13995.000,3244.081
13996.000,3006.709
13997.000,2690.213
13998.000,3085.833
13999.000,3164.957
14000.000,2690.213
14001.000,2927.585
14002.000,3244.081
14003.000,2848.461
14004.000,2769.337
14005.000,3164.957
14006.000,2927.585
14007.000,2690.213
14008.000,3085.833
14009.000,3164.957
14010.000,2769.337
14011.000,2927.585
14012.000,3244.081
14013.000,2848.461
14014.000,2769.337
14015.000,3164.957
14016.000,3006.709
14017.000,2690.213
14018.000,3085.833
14019.000,3164.957
14020.000,2690.213
14021.000,2927.585
14022.000,3244.081
14023.000,2769.337
14024.000,2769.337
14025.000,3164.957
14026.000,3006.709
14027.000,2690.213
14028.000,3085.833
14029.000,3164.957
14030.000,2690.213
14031.000,2927.585
14032.000,3244.081
14033.000,2848.461
14034.000,2769.337
14035.000,3244.081
14036.000,3006.709
14037.000,2690.213
14038.000,3085.833
14039.000,3164.957
14040.000,2690.213
14041.000,2927.585
14042.000,3244.081
14043.000,2848.461
14044.000,2769.337
14045.000,3244.081
14046.000,3006.709
14047.000,2690.213
14048.000,3085.833
14049.000,3164.957
14050.000,2690.213
14051.000,2927.585
14052.000,3244.081
14053.000,2848.461
14054.000,2769.337
14055.000,3164.957
14056.000,2927.585
14057.000,2611.089
14058.000,3085.833
14059.000,3164.957
14060.000,2769.337
14061.000,2927.585
14062.000,3244.081
14063.000,2848.461
14064.000,2769.337
14065.000,3164.957
14066.000,2927.585
14067.000,2690.213
14068.000,3085.833
14069.000,3164.957
14070.000,2769.337
14071.000,2927.585
14072.000,3244.081
14073.000,2769.337
14074.000,2769.337
14075.000,3164.957
14076.000,3006.709
14077.000,2690.213
14078.000,3085.833
14079.000,3164.957
14080.000,2690.213
14081.000,2927.585
14082.000,3244.081
14083.000,2769.337
14084.000,2769.337
14085.000,3244.081
14086.000,3006.709
14087.000,2690.213
14088.000,3085.833
14089.000,3164.957
14090.000,2690.213
14091.000,2927.585
14092.000,3244.081
14093.000,2848.461
14094.000,2769.337
14095.000,3244.081
14096.000,3006.709
14097.000,2690.213
14098.000,3085.833
14099.000,3164.957
14100.000,2690.213
14101.000,2927.585
14102.000,3244.081
14103.000,2848.461
14104.000,2769.337
14105.000,3164.957
14106.000,3006.709
14107.000,2690.213
14108.000,3085.833
14109.000,3164.957
14110.000,2769.337
14111.000,2927.585
14112.000,3244.081
14113.000,2848.461
14114.000,2769.337
14115.000,3164.957
14116.000,3006.709
14117.000,2690.213
14118.000,3085.833
14119.000,3164.957
14120.000,2690.213
14121.000,2927.585
14122.000,3244.081
14123.000,2769.337
14124.000,2769.337
14125.000,3164.957
14126.000,3006.709
14127.000,2690.213
14128.000,3164.957
14129.000,3164.957
14130.000,2690.213
14131.000,2927.585
14132.000,3244.081
14133.000,2769.337
14134.000,2769.337
14135.000,3244.081
14136.000,3006.709
14137.000,2690.213
14138.000,3085.833
14139.000,3164.957
14140.000,2690.213
14141.000,2927.585
14142.000,3244.081
14143.000,2848.461
14144.000,2769.337
14145.000,3244.081
14146.000,3006.709
14147.000,2690.213
14148.000,3085.833
14149.000,3164.957
14150.000,2690.213
14151.000,2927.585
14152.000,3244.081
14153.000,2848.461
14154.000,2769.337
14155.000,3164.957
14156.000,3006.709
14157.000,2690.213
14158.000,3085.833
14159.000,3164.957
14160.000,2769.337
14161.000,2927.585
14162.000,3244.081
14163.000,2848.461
14164.000,2769.337
14165.000,3164.957
14166.000,3006.709
14167.000,2690.213
14168.000,3085.833
14169.000,3164.957
14170.000,2769.337
14171.000,2927.585
14172.000,3244.081
14173.000,2769.337
14174.000,2769.337
14175.000,3164.957
14176.000,3006.709
14177.000,2690.213
14178.000,3164.957
14179.000,3164.957
14180.000,2690.213
14181.000,2927.585
14182.000,3244.081
14183.000,2848.461
14184.000,2769.337
14185.000,3244.081
14186.000,3006.709
14187.000,2690.213
14188.000,3085.833
14189.000,3164.957
14190.000,2690.213
14191.000,2927.585
14192.000,3244.081
14193.000,2848.461
14194.000,2769.337
14195.000,3244.081
14196.000,3006.709
14197.000,2690.213
14198.000,3085.833
14199.000,3164.957
14200.000,2690.213
14201.000,2927.585
14202.000,3244.081
14203.000,2848.461
14204.000,2769.337
14205.000,3164.957
14206.000,3006.709
14207.000,2690.213
14208.000,3085.833
14209.000,3164.957
14210.000,2690.213
14211.000,2927.585
14212.000,3244.081
14213.000,2848.461
14214.000,2769.337
14215.000,3164.957
14216.000,3006.709
14217.000,2690.213
14218.000,3085.833
14219.000,3164.957
14220.000,2690.213
14221.000,2927.585
14222.000,3244.081
14223.000,2769.337
14224.000,2769.337
14225.000,3164.957
14226.000,3006.709
14227.000,2690.213
14228.000,3085.833
14229.000,3164.957
14230.000,2690.213
14231.000,2927.585
14232.000,3244.081
14233.000,2848.461
14234.000,2769.337
14235.000,3244.081
14236.000,3006.709
14237.000,2690.213
14238.000,3085.833
14239.000,3164.957
14240.000,2690.213
14241.000,2927.585
14242.000,3244.081
14243.000,2848.461
14244.000,2769.337
14245.000,3244.081
14246.000,3006.709
14247.000,2690.213
14248.000,3085.833
14249.000,3164.957
14250.000,2690.213
14251.000,2927.585
14252.000,3244.081
14253.000,2848.461
14254.000,2769.337
14255.000,3164.957
14256.000,3006.709
14257.000,2690.213
14258.000,3085.833
14259.000,3164.957
14260.000,2769.337
14261.000,2927.585
14262.000,3244.081
14263.000,2848.461
14264.000,2769.337
14265.000,3164.957
14266.000,3006.709
14267.000,2690.213
14268.000,3085.833
14269.000,3164.957
14270.000,2769.337
14271.000,2927.585
14272.000,3244.081
14273.000,2769.337
14274.000,2769.337
14275.000,3164.957
14276.000,3006.709
14277.000,2690.213
14278.000,3085.833
14279.000,3164.957
14280.000,2690.213
14281.000,2927.585
14282.000,3244.081
14283.000,2769.337
14284.000,2769.337
14285.000,3244.081
14286.000,3006.709
14287.000,2690.213
14288.000,3085.833
14289.000,3164.957
14290.000,2690.213
14291.000,2927.585
14292.000,3244.081
14293.000,2848.461
14294.000,2769.337
14295.000,3244.081
14296.000,3006.709
14297.000,2690.213
14298.000,3085.833
14299.000,3164.957
14300.000,2690.213
14301.000,2927.585
14302.000,3244.081
14303.000,2848.461
14304.000,2769.337
14305.000,3164.957
14306.000,3006.709
14307.000,2690.213
14308.000,3085.833
14309.000,3164.957
14310.000,2769.337
14311.000,2927.585
14312.000,3244.081
14313.000,2848.461
14314.000,2769.337
14315.000,3164.957
14316.000,3006.709
14317.000,2690.213
14318.000,3085.833
14319.000,3164.957
14320.000,2769.337
14321.000,2927.585
14322.000,3244.081
14323.000,2769.337
14324.000,2769.337
14325.000,3164.957
14326.000,3006.709
14327.000,2690.213
14328.000,3085.833
14329.000,3164.957
14330.000,2690.213
14331.000,2927.585
14332.000,3244.081
14333.000,2769.337
14334.000,2769.337
14335.000,3244.081
14336.000,3006.709
14337.000,2690.213
14338.000,3085.833
14339.000,3164.957
14340.000,2690.213
14341.000,2927.585
14342.000,3244.081
14343.000,2848.461
14344.000,2769.337
14345.000,3244.081
14346.000,3006.709
14347.000,2690.213
14348.000,3085.833
14349.000,3164.957
14350.000,2690.213
14351.000,2927.585
14352.000,3244.081
14353.000,2848.461
14354.000,2769.337
14355.000,3164.957
14356.000,3006.709
14357.000,2690.213
14358.000,3085.833
14359.000,3164.957
14360.000,2769.337
14361.000,2927.585
14362.000,3244.081
14363.000,2848.461
14364.000,2769.337
14365.000,3164.957
14366.000,3006.709
14367.000,2690.213
14368.000,3085.833
14369.000,3164.957
14370.000,2769.337
14371.000,2927.585
14372.000,3244.081
14373.000,2769.337
14374.000,2769.337
14375.000,3164.957
14376.000,3006.709
14377.000,2690.213
14378.000,3164.957
14379.000,3164.957
14380.000,2690.213
14381.000,2927.585
14382.000,3244.081
14383.000,2769.337
14384.000,2769.337
14385.000,3244.081
14386.000,3006.709
14387.000,2690.213
14388.000,3085.833
14389.000,3164.957
14390.000,2690.213
14391.000,2927.585
14392.000,3244.081
14393.000,2848.461
14394.000,2769.337
14395.000,3244.081
14396.000,3006.709
14397.000,2690.213
14398.000,3085.833
14399.000,3085.833
14400.000,2690.213
14401.000,2927.585
14402.000,3244.081
14403.000,2848.461
14404.000,2769.337
14405.000,3244.081
14406.000,3006.709
14407.000,2690.213
14408.000,3085.833
14409.000,3164.957
14410.000,2690.213
14411.000,2927.585
14412.000,3244.081
14413.000,2848.461
14414.000,2769.337
14415.000,3164.957
14416.000,3006.709
14417.000,2690.213
14418.000,3085.833
14419.000,3164.957
14420.000,2690.213
14421.000,2927.585
14422.000,3244.081
14423.000,2769.337
14424.000,2769.337
14425.000,3164.957
14426.000,3006.709
14427.000,2690.213
14428.000,3085.833
14429.000,3164.957
14430.000,2690.213
14431.000,2927.585
14432.000,3244.081
14433.000,2848.461
14434.000,2769.337
14435.000,3244.081
14436.000,3006.709
14437.000,2690.213
14438.000,3085.833
14439.000,3164.957
14440.000,2690.213
14441.000,2927.585
14442.000,3244.081
14443.000,2848.461
14444.000,2769.337
14445.000,3244.081
14446.000,3006.709
14447.000,2690.213
14448.000,3085.833
14449.000,3085.833
14450.000,2690.213
14451.000,2927.585
14452.000,3244.081
14453.000,2848.461
14454.000,2769.337
14455.000,3244.081
14456.000,3006.709
14457.000,2690.213
14458.000,3085.833
14459.000,3164.957
14460.000,2769.337
14461.000,2927.585
14462.000,3244.081
14463.000,2848.461
14464.000,2769.337
14465.000,3164.957
14466.000,3006.709
14467.000,2690.213
14468.000,3085.833
14469.000,3164.957
14470.000,2769.337
14471.000,2927.585
14472.000,3244.081
14473.000,2769.337
14474.000,2769.337
14475.000,3164.957
14476.000,3006.709
14477.000,2690.213
14478.000,3085.833
14479.000,3164.957
14480.000,2690.213
14481.000,2927.585
14482.000,3244.081
14483.000,2769.337
14484.000,2769.337
14485.000,3244.081
14486.000,3006.709
14487.000,2690.213
14488.000,3085.833
14489.000,3164.957
14490.000,2690.213
14491.000,2927.585
14492.000,3244.081
14493.000,2848.461
14494.000,2769.337
14495.000,3244.081
14496.000,3006.709
14497.000,2690.213
14498.000,3085.833
14499.000,3164.957
14500.000,2690.213
14501.000,2927.585
14502.000,3244.081
14503.000,2848.461
14504.000,2769.337
14505.000,3164.957
14506.000,3006.709
14507.000,2611.089
14508.000,3085.833
14509.000,3164.957
14510.000,2769.337
14511.000,2927.585
14512.000,3244.081
14513.000,2848.461
14514.000,2769.337
14515.000,3164.957
14516.000,2927.585
14517.000,2690.213
14518.000,3085.833
14519.000,3164.957
14520.000,2769.337
14521.000,2927.585
14522.000,3244.081
14523.000,2769.337
14524.000,2769.337
14525.000,3164.957
14526.000,3006.709
14527.000,2690.213
14528.000,3164.957
14529.000,3164.957
14530.000,2690.213
14531.000,2927.585
14532.000,3244.081
14533.000,2769.337
14534.000,2769.337
14535.000,3244.081
14536.000,3006.709
14537.000,2690.213
14538.000,3085.833
14539.000,3164.957
14540.000,2690.213
14541.000,2927.585
14542.000,3244.081
14543.000,2848.461
14544.000,2769.337
14545.000,3244.081
14546.000,3006.709
14547.000,2690.213
14548.000,3085.833
14549.000,3164.957
14550.000,2690.213
14551.000,2927.585
14552.000,3244.081
14553.000,2848.461
14554.000,2769.337
14555.000,3164.957
14556.000,3006.709
14557.000,2690.213
14558.000,3085.833
14559.000,3164.957
14560.000,2769.337
14561.000,2927.585
14562.000,3244.081
14563.000,2848.461
14564.000,2769.337
14565.000,3164.957
14566.000,3006.709
14567.000,2690.213
14568.000,3085.833
14569.000,3164.957
14570.000,2769.337
14571.000,2927.585
14572.000,3244.081
14573.000,2769.337
14574.000,2690.213
14575.000,3164.957
14576.000,3006.709
14577.000,2690.213
14578.000,3085.833
14579.000,3164.957
14580.000,2690.213
14581.000,2927.585
14582.000,3244.081
14583.000,2769.337
14584.000,2769.337
14585.000,3244.081
14586.000,3006.709
14587.000,2690.213
14588.000,3085.833
14589.000,3164.957
14590.000,2690.213
14591.000,2927.585
14592.000,3244.081
14593.000,2848.461
14594.000,2769.337
14595.000,3244.081
14596.000,3006.709
14597.000,2690.213
14598.000,3085.833
14599.000,3164.957
14600.000,2690.213
14601.000,2927.585
14602.000,3244.081
14603.000,2848.461
14604.000,2769.337
14605.000,3164.957
14606.000,3006.709
14607.000,2690.213
14608.000,3085.833
14609.000,3164.957
14610.000,2769.337
14611.000,2927.585
14612.000,3244.081
14613.000,2848.461
14614.000,2769.337
14615.000,3164.957
14616.000,3006.709
14617.000,2690.213
14618.000,3085.833
14619.000,3164.957
14620.000,2769.337
14621.000,2927.585
14622.000,3244.081
14623.000,2769.337
14624.000,2690.213
14625.000,3164.957
14626.000,3006.709
14627.000,2690.213
14628.000,3164.957
14629.000,3164.957
14630.000,2690.213
14631.000,2927.585
14632.000,3164.957
14633.000,2769.337
14634.000,2769.337
14635.000,3244.081
14636.000,3006.709
14637.000,2690.213
14638.000,3085.833
14639.000,3164.957
14640.000,2690.213
14641.000,2848.461
14642.000,3244.081
14643.000,2848.461
14644.000,2769.337
14645.000,3244.081
14646.000,3006.709
14647.000,2690.213
14648.000,3085.833
14649.000,3164.957
14650.000,2690.213
14651.000,2927.585
14652.000,3244.081
14653.000,2848.461
14654.000,2769.337
14655.000,3244.081
14656.000,3006.709
14657.000,2690.213
14658.000,3085.833
14659.000,3164.957
14660.000,2690.213
14661.000,2927.585
14662.000,3244.081
14663.000,2848.461
14664.000,2769.337
14665.000,3164.957
14666.000,3006.709
14667.000,2690.213
14668.000,3085.833
14669.000,3164.957
14670.000,2769.337
14671.000,2927.585
14672.000,3244.081
14673.000,2769.337
14674.000,2769.337
14675.000,3164.957
14676.000,3006.709
14677.000,2690.213
14678.000,3164.957
14679.000,3164.957
14680.000,2690.213
14681.000,2927.585
14682.000,3244.081
14683.000,2769.337
14684.000,2769.337
14685.000,3244.081
14686.000,3006.709
14687.000,2690.213
14688.000,3085.833
14689.000,3164.957
14690.000,2690.213
14691.000,2927.585
14692.000,3244.081
14693.000,2848.461
14694.000,2769.337
14695.000,3244.081
14696.000,3006.709
14697.000,2690.213
14698.000,3085.833
14699.000,3164.957
14700.000,2690.213
14701.000,2927.585
14702.000,3244.081
14703.000,2848.461
14704.000,2769.337
14705.000,3244.081
14706.000,3006.709
14707.000,2690.213
14708.000,3085.833
14709.000,3164.957
14710.000,2690.213
14711.000,2927.585
14712.000,3244.081
14713.000,2848.461
14714.000,2769.337
14715.000,3164.957
14716.000,3006.709
14717.000,2690.213
14718.000,3085.833
14719.000,3164.957
14720.000,2769.337
14721.000,2927.585
14722.000,3244.081
14723.000,2769.337
14724.000,2690.213
14725.000,3164.957
14726.000,3006.709
14727.000,2690.213
14728.000,3085.833
14729.000,3164.957
14730.000,2690.213
14731.000,2927.585
14732.000,3244.081
14733.000,2769.337
14734.000,2769.337
14735.000,3244.081
14736.000,3006.709
14737.000,2690.213
14738.000,3085.833
14739.000,3164.957
14740.000,2690.213
14741.000,2927.585
14742.000,3244.081
14743.000,2848.461
14744.000,2769.337
14745.000,3244.081
14746.000,3006.709
14747.000,2690.213
14748.000,3085.833
14749.000,3164.957
14750.000,2690.213
14751.000,2927.585
14752.000,3244.081
14753.000,2848.461
14754.000,2769.337
14755.000,3244.081
14756.000,3006.709
14757.000,2611.089
14758.000,3085.833
14759.000,3164.957
14760.000,2769.337
14761.000,2927.585
14762.000,3244.081
14763.000,2848.461
14764.000,2769.337
14765.000,3164.957
14766.000,3006.709
14767.000,2690.213
14768.000,3085.833
14769.000,3164.957
14770.000,2769.337
14771.000,2927.585
14772.000,3244.081
14773.000,2769.337
14774.000,2690.213
14775.000,3164.957
14776.000,3006.709
14777.000,2690.213
14778.000,3085.833
14779.000,3164.957
14780.000,2690.213
14781.000,2927.585
14782.000,3244.081
14783.000,2769.337
14784.000,2769.337
14785.000,3244.081
14786.000,3006.709
14787.000,2690.213
14788.000,3085.833
14789.000,3164.957
14790.000,2690.213
14791.000,2927.585
14792.000,3244.081
14793.000,2848.461
14794.000,2769.337
14795.000,3244.081
14796.000,3006.709
14797.000,2690.213
14798.000,3085.833
14799.000,3164.957
14800.000,2690.213
14801.000,2927.585
14802.000,3244.081
14803.000,2848.461
14804.000,2769.337
14805.000,3244.081
14806.000,3006.709
14807.000,2690.213
14808.000,3085.833
14809.000,3164.957
14810.000,2769.337
14811.000,2927.585
14812.000,3244.081
14813.000,2848.461
14814.000,2769.337
14815.000,3164.957
14816.000,3006.709
14817.000,2690.213
14818.000,3085.833
14819.000,3164.957
14820.000,2769.337
14821.000,2927.585
14822.000,3244.081
14823.000,2769.337
14824.000,2690.213
14825.000,3164.957
14826.000,3006.709
14827.000,2690.213
14828.000,3085.833
14829.000,3164.957
14830.000,2690.213
14831.000,2927.585
14832.000,3244.081
14833.000,2769.337
14834.000,2769.337
14835.000,3244.081
14836.000,3006.709
14837.000,2690.213
14838.000,3085.833
14839.000,3164.957
14840.000,2690.213
14841.000,2927.585
14842.000,3244.081
14843.000,2848.461
14844.000,2769.337
14845.000,3244.081
14846.000,3006.709
14847.000,2690.213
14848.000,3085.833
14849.000,3164.957
14850.000,2690.213
14851.000,2927.585
14852.000,3244.081
14853.000,2848.461
14854.000,2769.337
14855.000,3164.957
14856.000,2927.585
14857.000,2611.089
14858.000,3085.833
14859.000,3164.957
14860.000,2769.337
14861.000,2927.585
14862.000,3244.081
14863.000,2848.461
14864.000,2769.337
14865.000,3164.957
14866.000,2927.585
14867.000,2690.213
14868.000,3085.833
14869.000,3164.957
14870.000,2769.337
14871.000,2927.585
14872.000,3244.081
14873.000,2769.337
14874.000,2690.213
14875.000,3164.957
14876.000,3006.709
14877.000,2690.213
14878.000,3085.833
14879.000,3164.957
14880.000,2690.213
14881.000,2927.585
14882.000,3244.081
14883.000,2769.337
14884.000,2769.337
14885.000,3244.081
14886.000,3006.709
14887.000,2690.213
14888.000,3085.833
14889.000,3164.957
14890.000,2690.213
14891.000,2927.585
14892.000,3244.081
14893.000,2848.461
14894.000,2769.337
14895.000,3244.081
14896.000,3006.709
14897.000,2690.213
14898.000,3085.833
14899.000,3164.957
14900.000,2690.213
14901.000,2927.585
14902.000,3244.081
14903.000,2848.461
14904.000,2769.337
14905.000,3164.957
14906.000,3006.709
14907.000,2690.213
14908.000,3085.833
14909.000,3164.957
14910.000,2769.337
14911.000,2927.585
14912.000,3244.081
14913.000,2848.461
14914.000,2769.337
14915.000,3164.957
14916.000,3006.709
14917.000,2690.213
14918.000,3085.833
14919.000,3164.957
14920.000,2769.337
14921.000,2927.585
14922.000,3244.081
14923.000,2769.337
14924.000,2690.213
14925.000,3164.957
14926.000,3006.709
14927.000,2690.213
14928.000,3085.833
14929.000,3164.957
14930.000,2690.213
14931.000,2927.585
14932.000,3164.957
14933.000,2769.337
14934.000,2769.337
14935.000,3244.081
14936.000,3006.709
14937.000,2690.213
14938.000,3085.833
14939.000,3164.957
14940.000,2690.213
14941.000,2927.585
14942.000,3244.081
14943.000,2848.461
14944.000,2769.337
14945.000,3244.081
14946.000,3006.709
14947.000,2690.213
14948.000,3085.833
14949.000,3164.957
14950.000,2690.213
14951.000,2927.585
14952.000,3244.081
14953.000,2848.461
14954.000,2769.337
14955.000,3164.957
14956.000,3006.709
14957.000,2690.213
14958.000,3085.833
14959.000,3164.957
14960.000,2769.337
14961.000,2927.585
14962.000,3244.081
14963.000,2848.461
14964.000,2769.337
14965.000,3164.957
14966.000,3006.709
14967.000,2690.213
14968.000,3085.833
14969.000,3164.957
14970.000,2769.337
14971.000,2927.585
14972.000,3244.081
14973.000,2769.337
14974.000,2690.213
14975.000,3164.957
14976.000,3006.709
14977.000,2690.213
14978.000,3164.957
14979.000,3164.957
14980.000,2690.213
14981.000,2848.461
14982.000,3164.957
14983.000,2769.337
14984.000,2769.337
14985.000,3244.081
14986.000,3006.709
14987.000,2690.213
14988.000,3085.833
14989.000,3164.957
14990.000,2690.213
14991.000,2848.461
14992.000,3244.081
14993.000,2848.461
14994.000,2769.337
14995.000,3244.081
14996.000,3006.709
14997.000,2690.213
14998.000,3085.833
14999.000,3164.957
15000.000,2690.213
15001.000,2927.585
15002.000,3244.081
15003.000,2848.461
15004.000,2769.337
15005.000,3244.081
15006.000,3006.709
15007.000,2690.213
15008.000,3085.833
15009.000,3164.957
15010.000,2769.337
15011.000,2927.585
15012.000,3244.081
15013.000,2848.461
15014.000,2769.337
15015.000,3164.957
15016.000,3006.709
15017.000,2690.213
15018.000,3085.833
15019.000,3164.957
15020.000,2769.337
15021.000,2927.585
15022.000,3244.081
15023.000,2848.461
15024.000,2769.337
15025.000,3164.957
15026.000,3006.709
15027.000,2690.213
15028.000,3085.833
15029.000,3164.957
15030.000,2690.213
15031.000,2927.585
15032.000,3244.081
15033.000,2769.337
15034.000,2769.337
15035.000,3244.081
15036.000,3006.709
15037.000,2690.213
15038.000,3085.833
15039.000,3164.957
15040.000,2690.213
15041.000,2927.585
15042.000,3244.081
15043.000,2848.461
15044.000,2769.337
15045.000,3244.081
15046.000,3006.709
15047.000,2690.213
15048.000,3085.833
15049.000,3164.957
15050.000,2690.213
15051.000,2927.585
15052.000,3244.081
15053.000,2848.461
15054.000,2769.337
15055.000,3164.957
15056.000,3006.709
15057.000,2690.213
15058.000,3085.833
15059.000,3164.957
15060.000,2769.337
15061.000,2927.585
15062.000,3244.081
15063.000,2848.461
15064.000,2769.337
15065.000,3164.957
15066.000,3006.709
15067.000,2690.213
15068.000,3085.833
15069.000,3164.957
15070.000,2769.337
15071.000,2927.585
15072.000,3244.081
15073.000,2769.337
15074.000,2690.213
15075.000,3164.957
15076.000,3006.709
15077.000,2690.213
15078.000,3085.833
15079.000,3164.957
15080.000,2690.213
15081.000,2927.585
15082.000,3244.081
15083.000,2769.337
15084.000,2769.337
15085.000,3244.081
15086.000,3006.709
15087.000,2690.213
15088.000,3085.833
15089.000,3164.957
15090.000,2690.213
15091.000,2927.585
15092.000,3244.081
15093.000,2848.461
15094.000,2769.337
15095.000,3244.081
15096.000,3006.709
15097.000,2690.213
15098.000,3085.833
15099.000,3164.957
15100.000,2690.213
15101.000,2927.585
15102.000,3244.081
15103.000,2848.461
15104.000,2769.337
15105.000,3164.957
15106.000,3006.709
15107.000,2611.089
15108.000,3085.833
15109.000,3164.957
15110.000,2769.337
15111.000,2927.585
15112.000,3244.081
15113.000,2848.461
15114.000,2769.337
15115.000,3164.957
15116.000,3006.709
15117.000,2690.213
15118.000,3085.833
15119.000,3164.957
15120.000,2769.337
15121.000,2927.585
15122.000,3244.081
15123.000,2769.337
15124.000,2690.213
15125.000,3164.957
15126.000,3006.709
15127.000,2690.213
15128.000,3085.833
15129.000,3164.957
15130.000,2690.213
15131.000,2927.585
15132.000,3244.081
15133.000,2769.337
15134.000,2769.337
15135.000,3244.081
15136.000,3006.709
15137.000,2690.213
15138.000,3085.833
15139.000,3164.957
15140.000,2690.213
15141.000,2927.585
15142.000,3244.081
15143.000,2848.461
15144.000,2769.337
15145.000,3244.081
15146.000,3006.709
15147.000,2690.213
15148.000,3085.833
15149.000,3164.957
15150.000,2690.213
15151.000,2927.585
15152.000,3244.081
15153.000,2848.461
15154.000,2769.337
15155.000,3164.957
15156.000,3006.709
15157.000,2690.213
15158.000,3085.833
15159.000,3164.957
15160.000,2769.337
15161.000,2927.585
15162.000,3244.081
15163.000,2848.461
15164.000,2769.337
15165.000,3164.957
15166.000,3006.709
15167.000,2690.213
15168.000,3085.833
15169.000,3164.957
15170.000,2769.337
15171.000,2927.585
15172.000,3244.081
15173.000,2769.337
15174.000,2690.213
15175.000,3164.957
15176.000,3006.709
15177.000,2690.213
15178.000,3085.833
15179.000,3164.957
15180.000,2690.213
15181.000,2927.585
15182.000,3244.081
15183.000,2769.337
15184.000,2769.337
15185.000,3244.081
15186.000,3006.709
15187.000,2690.213
15188.000,3085.833
15189.000,3164.957
15190.000,2690.213
15191.000,2927.585
15192.000,3244.081
15193.000,2848.461
15194.000,2769.337
15195.000,3244.081
15196.000,3006.709
15197.000,2690.213
15198.000,3085.833
15199.000,3164.957
15200.000,2690.213
15201.000,2927.585
15202.000,3244.081
15203.000,2848.461
15204.000,2769.337
15205.000,3164.957
15206.000,3006.709
15207.000,2690.213
15208.000,3085.833
15209.000,3164.957
15210.000,2769.337
15211.000,2927.585
15212.000,3244.081
15213.000,2848.461
15214.000,2769.337
15215.000,3164.957
15216.000,3006.709
15217.000,2690.213
15218.000,3085.833
15219.000,3164.957
15220.000,2769.337
15221.000,2927.585
15222.000,3244.081
15223.000,2769.337
15224.000,2690.213
15225.000,3164.957
15226.000,3006.709
15227.000,2690.213
15228.000,3164.957
15229.000,3164.957
15230.000,2690.213
15231.000,2927.585
15232.000,3244.081
15233.000,2769.337
15234.000,2769.337
15235.000,3244.081
15236.000,3006.709
15237.000,2690.213
15238.000,3085.833
15239.000,3164.957
15240.000,2690.213
15241.000,2848.461
15242.000,3244.081
15243.000,2848.461
15244.000,2769.337
15245.000,3244.081
15246.000,3006.709
15247.000,2690.213
15248.000,3085.833
15249.000,3164.957
15250.000,2690.213
15251.000,2927.585
15252.000,3244.081
15253.000,2848.461
15254.000,2769.337
15255.000,3164.957
15256.000,3006.709
15257.000,2690.213
15258.000,3085.833
15259.000,3164.957
15260.000,2769.337
15261.000,2927.585
15262.000,3244.081
15263.000,2848.461
15264.000,2769.337
15265.000,3164.957
15266.000,3006.709
15267.000,2690.213
15268.000,3085.833
15269.000,3164.957
15270.000,2769.337
15271.000,2927.585
15272.000,3244.081
15273.000,2769.337
15274.000,2769.337
15275.000,3164.957
15276.000,3006.709
15277.000,2690.213
15278.000,3085.833
15279.000,3164.957
15280.000,2690.213
15281.000,2927.585
15282.000,3244.081
15283.000,2848.461
15284.000,2769.337
15285.000,3244.081
15286.000,3006.709
15287.000,2690.213
15288.000,3085.833
15289.000,3164.957
15290.000,2690.213
15291.000,2848.461
15292.000,3244.081
15293.000,2848.461
15294.000,2769.337
15295.000,3244.081
15296.000,3006.709
15297.000,2690.213
15298.000,3085.833
15299.000,3164.957
15300.000,2690.213
15301.000,2927.585
15302.000,3244.081
15303.000,2848.461
15304.000,2769.337
15305.000,3164.957
15306.000,3006.709
15307.000,2690.213
15308.000,3085.833
15309.000,3164.957
15310.000,2769.337
15311.000,2927.585
15312.000,3244.081
15313.000,2848.461
15314.000,2769.337
15315.000,3164.957
15316.000,3006.709
15317.000,2690.213
15318.000,3085.833
15319.000,3164.957
15320.000,2769.337
15321.000,2927.585
15322.000,3244.081
15323.000,2848.461
15324.000,2769.337
15325.000,3164.957
15326.000,3006.709
15327.000,2690.213
15328.000,3085.833
15329.000,3164.957
15330.000,2690.213
15331.000,2927.585
15332.000,3244.081
15333.000,2848.461
15334.000,2769.337
15335.000,3244.081
15336.000,3006.709
15337.000,2690.213
15338.000,3085.833
15339.000,3164.957
15340.000,2690.213
15341.000,2848.461
15342.000,3244.081
15343.000,2848.461
15344.000,2769.337
15345.000,3244.081
15346.000,3006.709
15347.000,2690.213
15348.000,3085.833
15349.000,3164.957
15350.000,2690.213
15351.000,2927.585
15352.000,3244.081
15353.000,2848.461
15354.000,2769.337
15355.000,3244.081
15356.000,3006.709
15357.000,2611.089
15358.000,3085.833
15359.000,3164.957
15360.000,2769.337
15361.000,2927.585
15362.000,3244.081
15363.000,2848.461
15364.000,2769.337
15365.000,3164.957
15366.000,3006.709
15367.000,2690.213
15368.000,3085.833
15369.000,3164.957
15370.000,2769.337
15371.000,2927.585
15372.000,3244.081
15373.000,2848.461
15374.000,2769.337
15375.000,3164.957
15376.000,3006.709
15377.000,2690.213
15378.000,3085.833
15379.000,3164.957
15380.000,2769.337
15381.000,2927.585
15382.000,3244.081
15383.000,2848.461
15384.000,2769.337
15385.000,3244.081
15386.000,3006.709
15387.000,2690.213
15388.000,3085.833
15389.000,3164.957
15390.000,2690.213
15391.000,2927.585
15392.000,3244.081
15393.000,2848.461
15394.000,2769.337
15395.000,3244.081
15396.000,3006.709
15397.000,2690.213
15398.000,3085.833
15399.000,3164.957
15400.000,2690.213
15401.000,2927.585
15402.000,3244.081
15403.000,2848.461
15404.000,2769.337
15405.000,3164.957
15406.000,3006.709
15407.000,2690.213
15408.000,3085.833
15409.000,3164.957
15410.000,2769.337
15411.000,2927.585
15412.000,3244.081
15413.000,2848.461
15414.000,2769.337
15415.000,3164.957
15416.000,3006.709
15417.000,2690.213
15418.000,3085.833
15419.000,3164.957
15420.000,2769.337
15421.000,2927.585
15422.000,3244.081
15423.000,2848.461
15424.000,2690.213
15425.000,3164.957
15426.000,3006.709
15427.000,2690.213
15428.000,3085.833
15429.000,3164.957
15430.000,2769.337
15431.000,2927.585
15432.000,3244.081
15433.000,2848.461
15434.000,2769.337
15435.000,3244.081
15436.000,3006.709
15437.000,2690.213
15438.000,3085.833
15439.000,3164.957
15440.000,2690.213
15441.000,2927.585
15442.000,3244.081
15443.000,2848.461
15444.000,2769.337
15445.000,3244.081
15446.000,3006.709
15447.000,2690.213
15448.000,3085.833
15449.000,3164.957
15450.000,2690.213
15451.000,2927.585
15452.000,3244.081
15453.000,2848.461
15454.000,2769.337
15455.000,3164.957
15456.000,3006.709
15457.000,2690.213
15458.000,3085.833
15459.000,3164.957
15460.000,2769.337
15461.000,2927.585
15462.000,3244.081
15463.000,2848.461
15464.000,2769.337
15465.000,3164.957
15466.000,3006.709
15467.000,2690.213
15468.000,3085.833
15469.000,3164.957
15470.000,2769.337
15471.000,2927.585
15472.000,3244.081
15473.000,2848.461
15474.000,2690.213
15475.000,3164.957
15476.000,3006.709
15477.000,2690.213
15478.000,3085.833
15479.000,3164.957
15480.000,2769.337
15481.000,2927.585
15482.000,3244.081
15483.000,2769.337
15484.000,2769.337
15485.000,3244.081
15486.000,3006.709
15487.000,2690.213
15488.000,3085.833
15489.000,3164.957
15490.000,2690.213
15491.000,2927.585
15492.000,3244.081
15493.000,2848.461
15494.000,2769.337
15495.000,3244.081
15496.000,3006.709
15497.000,2690.213
15498.000,3085.833
15499.000,3164.957
15500.000,2690.213
15501.000,2927.585
15502.000,3244.081
15503.000,2848.461
15504.000,2769.337
15505.000,3244.081
15506.000,3006.709
15507.000,2690.213
15508.000,3085.833
15509.000,3164.957
15510.000,2690.213
15511.000,2927.585
15512.000,3244.081
15513.000,2848.461
15514.000,2769.337
15515.000,3164.957
15516.000,3006.709
15517.000,2690.213
15518.000,3085.833
15519.000,3164.957
15520.000,2769.337
15521.000,2927.585
15522.000,3244.081
15523.000,2848.461
15524.000,2769.337
15525.000,3164.957
15526.000,3006.709
15527.000,2690.213
15528.000,3085.833
15529.000,3164.957
15530.000,2690.213
15531.000,2927.585
15532.000,3244.081
15533.000,2848.461
15534.000,2769.337
15535.000,3244.081
15536.000,3006.709
15537.000,2690.213
15538.000,3085.833
15539.000,3164.957
15540.000,2690.213
15541.000,2848.461
15542.000,3244.081
15543.000,2848.461
15544.000,2769.337
15545.000,3244.081
15546.000,3006.709
15547.000,2690.213
15548.000,3085.833
15549.000,3164.957
15550.000,2690.213
15551.000,2927.585
15552.000,3244.081
15553.000,2848.461
15554.000,2769.337
15555.000,3244.081
15556.000,3006.709
15557.000,2690.213
15558.000,3085.833
15559.000,3164.957
15560.000,2769.337
15561.000,2927.585
15562.000,3244.081
15563.000,2848.461
15564.000,2769.337
15565.000,3164.957
15566.000,3006.709
15567.000,2690.213
15568.000,3085.833
15569.000,3164.957
15570.000,2769.337
15571.000,2927.585
15572.000,3244.081
15573.000,2848.461
15574.000,2690.213
15575.000,3164.957
15576.000,3006.709
15577.000,2690.213
15578.000,3085.833
15579.000,3164.957
15580.000,2769.337
15581.000,2927.585
15582.000,3244.081
15583.000,2769.337
15584.000,2769.337
15585.000,3244.081
15586.000,3006.709
15587.000,2690.213
15588.000,3085.833
15589.000,3164.957
15590.000,2690.213
15591.000,2848.461
15592.000,3244.081
15593.000,2848.461
15594.000,2769.337
15595.000,3244.081
15596.000,3006.709
15597.000,2690.213
15598.000,3085.833
15599.000,3164.957
15600.000,2690.213
15601.000,2927.585
15602.000,3244.081
15603.000,2848.461
15604.000,2769.337
15605.000,3244.081
15606.000,3006.709
15607.000,2690.213
15608.000,3085.833
15609.000,3164.957
15610.000,2690.213
15611.000,2927.585
15612.000,3244.081
15613.000,2848.461
15614.000,2769.337
15615.000,3164.957
15616.000,3006.709
15617.000,2690.213
15618.000,3085.833
15619.000,3164.957
15620.000,2769.337
15621.000,2927.585
15622.000,3244.081
15623.000,2848.461
15624.000,2769.337
15625.000,3164.957
15626.000,3006.709
15627.000,2690.213
15628.000,3085.833
15629.000,3164.957
15630.000,2769.337
15631.000,2927.585
15632.000,3244.081
15633.000,2848.461
15634.000,2769.337
15635.000,3244.081
15636.000,3006.709
15637.000,2690.213
15638.000,3085.833
15639.000,3164.957
15640.000,2690.213
15641.000,2848.461
15642.000,3244.081
15643.000,2848.461
15644.000,2769.337
15645.000,3244.081
15646.000,3006.709
15647.000,2690.213
15648.000,3085.833
15649.000,3164.957
15650.000,2690.213
15651.000,2927.585
15652.000,3244.081
15653.000,2848.461
15654.000,2769.337
15655.000,3244.081
15656.000,3006.709
15657.000,2690.213
15658.000,3085.833
15659.000,3164.957
15660.000,2690.213
15661.000,2927.585
15662.000,3244.081
15663.000,2848.461
15664.000,2769.337
15665.000,3164.957
15666.000,3006.709
15667.000,2690.213
15668.000,3085.833
15669.000,3164.957
15670.000,2769.337
15671.000,2927.585
15672.000,3244.081
15673.000,2848.461
15674.000,2690.213
15675.000,3164.957
15676.000,3006.709
15677.000,2690.213
15678.000,3085.833
15679.000,3164.957
15680.000,2769.337
15681.000,2927.585
15682.000,3244.081
15683.000,2848.461
15684.000,2769.337
15685.000,3244.081
15686.000,3006.709
15687.000,2690.213
15688.000,3085.833
15689.000,3164.957
15690.000,2690.213
15691.000,2927.585
15692.000,3244.081
15693.000,2848.461
15694.000,2769.337
15695.000,3244.081
15696.000,3006.709
15697.000,2690.213
15698.000,3085.833
15699.000,3164.957
15700.000,2690.213
15701.000,2927.585
15702.000,3244.081
15703.000,2848.461
15704.000,2769.337
15705.000,3244.081
15706.000,3006.709
15707.000,2690.213
15708.000,3085.833
15709.000,3164.957
15710.000,2769.337
15711.000,2927.585
15712.000,3244.081
15713.000,2848.461
15714.000,2769.337
15715.000,3164.957
15716.000,3006.709
15717.000,2690.213
15718.000,3085.833
15719.000,3164.957
15720.000,2769.337
15721.000,2927.585
15722.000,3244.081
15723.000,2848.461
15724.000,2690.213
15725.000,3164.957
15726.000,3006.709
15727.000,2690.213
15728.000,3085.833
15729.000,3244.081
15730.000,2769.337
15731.000,2927.585
15732.000,3244.081
15733.000,2769.337
15734.000,2690.213
15735.000,3164.957
15736.000,3006.709
15737.000,2690.213
15738.000,3085.833
15739.000,3164.957
15740.000,2690.213
15741.000,2927.585
15742.000,3244.081
15743.000,2848.461
15744.000,2769.337
15745.000,3244.081
15746.000,3006.709
15747.000,2690.213
15748.000,3085.833
15749.000,3164.957
15750.000,2690.213
15751.000,2927.585
15752.000,3244.081
15753.000,2848.461
15754.000,2769.337
15755.000,3164.957
15756.000,3006.709
15757.000,2690.213
15758.000,3085.833
15759.000,3164.957
15760.000,2769.337
15761.000,2927.585
15762.000,3244.081
15763.000,2848.461
15764.000,2769.337
15765.000,3164.957
15766.000,3006.709
15767.000,2690.213
15768.000,3085.833
15769.000,3164.957
15770.000,2769.337
15771.000,2927.585
15772.000,3244.081
15773.000,2769.337
15774.000,2690.213
15775.000,3164.957
15776.000,3006.709
15777.000,2690.213
15778.000,3085.833
15779.000,3244.081
15780.000,2769.337
15781.000,2927.585
15782.000,3244.081
15783.000,2769.337
15784.000,2769.337
15785.000,3244.081
15786.000,3006.709
15787.000,2690.213
15788.000,3085.833
15789.000,3164.957
15790.000,2690.213
15791.000,2848.461
15792.000,3244.081
15793.000,2848.461
15794.000,2769.337
15795.000,3244.081
15796.000,3085.833
15797.000,2690.213
15798.000,3085.833
15799.000,3164.957
15800.000,2690.213
15801.000,2927.585
15802.000,3244.081
15803.000,2848.461
15804.000,2769.337
15805.000,3244.081
15806.000,3006.709
15807.000,2690.213
15808.000,3085.833
15809.000,3164.957
15810.000,2769.337
15811.000,2927.585
15812.000,3244.081
15813.000,2848.461
15814.000,2769.337
15815.000,3164.957
15816.000,3006.709
15817.000,2690.213
15818.000,3085.833
15819.000,3164.957
15820.000,2769.337
15821.000,2927.585
15822.000,3244.081
15823.000,2848.461
15824.000,2690.213
15825.000,3164.957
15826.000,3006.709
15827.000,2690.213
15828.000,3085.833
15829.000,3244.081
15830.000,2769.337
15831.000,2927.585
15832.000,3244.081
15833.000,2848.461
15834.000,2769.337
15835.000,3244.081
15836.000,3006.709
15837.000,2690.213
15838.000,3085.833
15839.000,3164.957
15840.000,2690.213
15841.000,2848.461
15842.000,3244.081
15843.000,2848.461
15844.000,2769.337
15845.000,3244.081
15846.000,3006.709
15847.000,2690.213
15848.000,3085.833
15849.000,3164.957
15850.000,2690.213
15851.000,2927.585
15852.000,3244.081
15853.000,2848.461
15854.000,2769.337
15855.000,3244.081
15856.000,3006.709
15857.000,2690.213
15858.000,3085.833
15859.000,3164.957
15860.000,2690.213
15861.000,2927.585
15862.000,3244.081
15863.000,2848.461
15864.000,2769.337
15865.000,3164.957
15866.000,3006.709
15867.000,2690.213
15868.000,3085.833
15869.000,3164.957
15870.000,2769.337
15871.000,2927.585
15872.000,3244.081
15873.000,2848.461
15874.000,2690.213
15875.000,3164.957
15876.000,3006.709
15877.000,2690.213
15878.000,3085.833
15879.000,3164.957
15880.000,2769.337
15881.000,2927.585
15882.000,3244.081
15883.000,2848.461
15884.000,2769.337
15885.000,3244.081
15886.000,3006.709
15887.000,2690.213
15888.000,3085.833
15889.000,3164.957
15890.000,2690.213
15891.000,2848.461
15892.000,3244.081
15893.000,2848.461
15894.000,2769.337
15895.000,3244.081
15896.000,3006.709
15897.000,2690.213
15898.000,3085.833
15899.000,3164.957
15900.000,2690.213
15901.000,2927.585
15902.000,3244.081
15903.000,2848.461
15904.000,2769.337
15905.000,3244.081
15906.000,3006.709
15907.000,2611.089
15908.000,3085.833
15909.000,3164.957
15910.000,2769.337
15911.000,2927.585
15912.000,3244.081
15913.000,2848.461
15914.000,2769.337
15915.000,3164.957
15916.000,3006.709
15917.000,2690.213
15918.000,3085.833
15919.000,3164.957
15920.000,2769.337
15921.000,2927.585
15922.000,3244.081
15923.000,2848.461
15924.000,2690.213
15925.000,3164.957
15926.000,3006.709
15927.000,2690.213
15928.000,3085.833
15929.000,3244.081
15930.000,2769.337
15931.000,2927.585
15932.000,3244.081
15933.000,2848.461
15934.000,2690.213
15935.000,3164.957
15936.000,3006.709
15937.000,2690.213
15938.000,3085.833
15939.000,3164.957
15940.000,2690.213
15941.000,2848.461
15942.000,3244.081
15943.000,2848.461
15944.000,2769.337
15945.000,3244.081
15946.000,3006.709
15947.000,2690.213
15948.000,3085.833
15949.000,3164.957
15950.000,2690.213
15951.000,2927.585
15952.000,3244.081
15953.000,2848.461
15954.000,2769.337
15955.000,3244.081
15956.000,3006.709
15957.000,2690.213
15958.000,3085.833
15959.000,3164.957
15960.000,2690.213
15961.000,2927.585
15962.000,3244.081
15963.000,2848.461
15964.000,2769.337
15965.000,3164.957
15966.000,3006.709
15967.000,2690.213
15968.000,3085.833
15969.000,3164.957
15970.000,2769.337
15971.000,2927.585
15972.000,3244.081
15973.000,2848.461
15974.000,2690.213
15975.000,3164.957
15976.000,3006.709
15977.000,2690.213
15978.000,3085.833
15979.000,3164.957
15980.000,2769.337
15981.000,2927.585
15982.000,3244.081
15983.000,2848.461
15984.000,2769.337
15985.000,3164.957
15986.000,3006.709
15987.000,2690.213
15988.000,3085.833
15989.000,3164.957
15990.000,2690.213
15991.000,2848.461
15992.000,3244.081
15993.000,2848.461
15994.000,2769.337
15995.000,3244.081
15996.000,3006.709
15997.000,2690.213
15998.000,3085.833
15999.000,3164.957
16000.000,2690.213
16001.000,2927.585
16002.000,3244.081
16003.000,2848.461
16004.000,2769.337
16005.000,3244.081
16006.000,3006.709
16007.000,2690.213
16008.000,3085.833
16009.000,3164.957
16010.000,2769.337
16011.000,2927.585
16012.000,3244.081
16013.000,2848.461
16014.000,2769.337
16015.000,3164.957
16016.000,3006.709
16017.000,2690.213
16018.000,3085.833
16019.000,3164.957
16020.000,2769.337
16021.000,2927.585
16022.000,3244.081
16023.000,2848.461
16024.000,2690.213
16025.000,3164.957
16026.000,3006.709
16027.000,2690.213
16028.000,3085.833
16029.000,3244.081
16030.000,2769.337
16031.000,2927.585
16032.000,3244.081
16033.000,2848.461
16034.000,2690.213
16035.000,3164.957
16036.000,3085.833
16037.000,2690.213
16038.000,3085.833
16039.000,3164.957
16040.000,2690.213
16041.000,2848.461
16042.000,3244.081
16043.000,2848.461
16044.000,2769.337
16045.000,3244.081
16046.000,3006.709
16047.000,2690.213
16048.000,3085.833
16049.000,3164.957
16050.000,2690.213
16051.000,2927.585
16052.000,3244.081
16053.000,2848.461
16054.000,2769.337
16055.000,3244.081
16056.000,3006.709
16057.000,2690.213
16058.000,3085.833
16059.000,3164.957
16060.000,2769.337
16061.000,2927.585
16062.000,3244.081
16063.000,2848.461
16064.000,2769.337
16065.000,3164.957
16066.000,3006.709
16067.000,2690.213
16068.000,3085.833
16069.000,3164.957
16070.000,2769.337
16071.000,2927.585
16072.000,3244.081
16073.000,2848.461
16074.000,2690.213
16075.000,3164.957
16076.000,3006.709
16077.000,2690.213
16078.000,3085.833
16079.000,3244.081
16080.000,2769.337
16081.000,2927.585
16082.000,3244.081
16083.000,2769.337
16084.000,2690.213
16085.000,3164.957
16086.000,3006.709
16087.000,2690.213
16088.000,3085.833
16089.000,3164.957
16090.000,2690.213
16091.000,2848.461
16092.000,3244.081
16093.000,2848.461
16094.000,2769.337
16095.000,3244.081
16096.000,3006.709
16097.000,2690.213
16098.000,3085.833
16099.000,3164.957
16100.000,2690.213
16101.000,2927.585
16102.000,3244.081
16103.000,2848.461
16104.000,2769.337
16105.000,3244.081
16106.000,3006.709
16107.000,2690.213
16108.000,3085.833
16109.000,3164.957
16110.000,2769.337
16111.000,2927.585
16112.000,3244.081
16113.000,2848.461
16114.000,2769.337
16115.000,3164.957
16116.000,3006.709
16117.000,2690.213
16118.000,3085.833
16119.000,3164.957
16120.000,2769.337
16121.000,2927.585
16122.000,3244.081
16123.000,2848.461
16124.000,2690.213
16125.000,3164.957
16126.000,3006.709
16127.000,2690.213
16128.000,3085.833
16129.000,3164.957
16130.000,2769.337
16131.000,2848.461
16132.000,3164.957
16133.000,2769.337
16134.000,2769.337
16135.000,3244.081
16136.000,3085.833
16137.000,2690.213
16138.000,3085.833
16139.000,3164.957
16140.000,2690.213
16141.000,2848.461
16142.000,3244.081
16143.000,2848.461
16144.000,2769.337
16145.000,3244.081
16146.000,3085.833
16147.000,2690.213
16148.000,3085.833
16149.000,3164.957
16150.000,2690.213
16151.000,2927.585
16152.000,3244.081
16153.000,2848.461
16154.000,2769.337
16155.000,3244.081
16156.000,3006.709
16157.000,2690.213
16158.000,3085.833
16159.000,3164.957
16160.000,2769.337
16161.000,2927.585
16162.000,3244.081
16163.000,2848.461
16164.000,2769.337
16165.000,3164.957
16166.000,3006.709
16167.000,2690.213
16168.000,3085.833
16169.000,3164.957
16170.000,2769.337
16171.000,2927.585
16172.000,3244.081
16173.000,2848.461
16174.000,2690.213
16175.000,3164.957
16176.000,3006.709
16177.000,2690.213
16178.000,3085.833
16179.000,3244.081
16180.000,2769.337
16181.000,2927.585
16182.000,3244.081
16183.000,2848.461
16184.000,2690.213
16185.000,3164.957
16186.000,3006.709
16187.000,2690.213
16188.000,3085.833
16189.000,3164.957
16190.000,2690.213
16191.000,2848.461
16192.000,3244.081
16193.000,2848.461
16194.000,2769.337
16195.000,3244.081
16196.000,3085.833
16197.000,2690.213
16198.000,3085.833
16199.000,3164.957
16200.000,2690.213
16201.000,2927.585
16202.000,3244.081
16203.000,2848.461
16204.000,2769.337
16205.000,3244.081
16206.000,3006.709
16207.000,2690.213
16208.000,3085.833
16209.000,3164.957
16210.000,2769.337
16211.000,2927.585
16212.000,3244.081
16213.000,2848.461
16214.000,2769.337
16215.000,3164.957
16216.000,3006.709
16217.000,2690.213
16218.000,3085.833
16219.000,3164.957
16220.000,2769.337
16221.000,2927.585
16222.000,3244.081
16223.000,2848.461
16224.000,2690.213
16225.000,3164.957
16226.000,3006.709
16227.000,2690.213
16228.000,3085.833
16229.000,3244.081
16230.000,2769.337
16231.000,2927.585
16232.000,3244.081
16233.000,2848.461
16234.000,2769.337
16235.000,3164.957
16236.000,3006.709
16237.000,2690.213
16238.000,3085.833
16239.000,3164.957
16240.000,2690.213
16241.000,2848.461
16242.000,3244.081
16243.000,2848.461
16244.000,2769.337
16245.000,3244.081
16246.000,3006.709
16247.000,2690.213
16248.000,3085.833
16249.000,3164.957
16250.000,2690.213
16251.000,2927.585
16252.000,3244.081
16253.000,2848.461
16254.000,2769.337
16255.000,3164.957
16256.000,3006.709
16257.000,2690.213
16258.000,3085.833
16259.000,3164.957
16260.000,2769.337
16261.000,2927.585
16262.000,3244.081
16263.000,2848.461
16264.000,2769.337
16265.000,3164.957
16266.000,3006.709
16267.000,2690.213
16268.000,3085.833
16269.000,3244.081
16270.000,2769.337
16271.000,2927.585
16272.000,3244.081
16273.000,2848.461
16274.000,2690.213
16275.000,3164.957
16276.000,3006.709
16277.000,2690.213
16278.000,3085.833
16279.000,3244.081
16280.000,2769.337
16281.000,2927.585
16282.000,3244.081
16283.000,2769.337
16284.000,2690.213
16285.000,3164.957
16286.000,3006.709
16287.000,2690.213
16288.000,3085.833
16289.000,3164.957
16290.000,2690.213
16291.000,2848.461
16292.000,3244.081
16293.000,2848.461
16294.000,2769.337
16295.000,3244.081
16296.000,3085.833
16297.000,2690.213
16298.000,3085.833
16299.000,3164.957
16300.000,2690.213
16301.000,2927.585
16302.000,3244.081
16303.000,2848.461
16304.000,2769.337
16305.000,3244.081
16306.000,3006.709
16307.000,2690.213
16308.000,3085.833
16309.000,3164.957
16310.000,2769.337
16311.000,2927.585
16312.000,3244.081
16313.000,2848.461
16314.000,2769.337
16315.000,3164.957
16316.000,3006.709
16317.000,2690.213
16318.000,3085.833
16319.000,3164.957
16320.000,2769.337
16321.000,2927.585
16322.000,3244.081
16323.000,2848.461
16324.000,2690.213
16325.000,3164.957
16326.000,3006.709
16327.000,2690.213
16328.000,3085.833
16329.000,3244.081
16330.000,2769.337
16331.000,2927.585
16332.000,3244.081
16333.000,2848.461
16334.000,2690.213
16335.000,3164.957
16336.000,3006.709
16337.000,2690.213
16338.000,3085.833
16339.000,3164.957
16340.000,2690.213
16341.000,2848.461
16342.000,3244.081
16343.000,2848.461
16344.000,2769.337
16345.000,3244.081
16346.000,3085.833
16347.000,2690.213
16348.000,3085.833
16349.000,3164.957
16350.000,2690.213
16351.000,2927.585
16352.000,3244.081
16353.000,2848.461
16354.000,2769.337
16355.000,3244.081
16356.000,3006.709
16357.000,2690.213
16358.000,3085.833
16359.000,3164.957
16360.000,2769.337
16361.000,2927.585
16362.000,3244.081
16363.000,2848.461
16364.000,2769.337
16365.000,3164.957
16366.000,3006.709
16367.000,2690.213
16368.000,3085.833
16369.000,3164.957
16370.000,2769.337
16371.000,2927.585
16372.000,3244.081
16373.000,2848.461
16374.000,2690.213
16375.000,3164.957
16376.000,3006.709
16377.000,2690.213
16378.000,3085.833
16379.000,3244.081
16380.000,2769.337
16381.000,2927.585
16382.000,3244.081
16383.000,2848.461
16384.000,2690.213
16385.000,3164.957
16386.000,3085.833
16387.000,2690.213
16388.000,3085.833
16389.000,3164.957
16390.000,2690.213
16391.000,2848.461
16392.000,3244.081
16393.000,2848.461
16394.000,2769.337
16395.000,3244.081
16396.000,3085.833
16397.000,2690.213
16398.000,3085.833
16399.000,3164.957
16400.000,2690.213
16401.000,2927.585
16402.000,3244.081
16403.000,2848.461
16404.000,2769.337
16405.000,3244.081
16406.000,3006.709
16407.000,2690.213
16408.000,3085.833
16409.000,3164.957
16410.000,2769.337
16411.000,2927.585
16412.000,3244.081
16413.000,2848.461
16414.000,2769.337
16415.000,3164.957
16416.000,3006.709
16417.000,2690.213
16418.000,3085.833
16419.000,3164.957
16420.000,2769.337
16421.000,2927.585
16422.000,3244.081
16423.000,2848.461
16424.000,2690.213
16425.000,3164.957
16426.000,3006.709
16427.000,2690.213
16428.000,3085.833
16429.000,3244.081
16430.000,2769.337
16431.000,2927.585
16432.000,3244.081
16433.000,2848.461
16434.000,2769.337
16435.000,3244.081
16436.000,3006.709
16437.000,2690.213
16438.000,3085.833
16439.000,3164.957
16440.000,2690.213
16441.000,2848.461
16442.000,3244.081
16443.000,2848.461
16444.000,2769.337
16445.000,3244.081
16446.000,3085.833
16447.000,2690.213
16448.000,3085.833
16449.000,3164.957
16450.000,2690.213
16451.000,2927.585
16452.000,3244.081
16453.000,2848.461
16454.000,2769.337
16455.000,3244.081
16456.000,3006.709
16457.000,2690.213
16458.000,3085.833
16459.000,3164.957
16460.000,2769.337
16461.000,2927.585
16462.000,3244.081
16463.000,2848.461
16464.000,2769.337
16465.000,3164.957
16466.000,3006.709
16467.000,2690.213
16468.000,3085.833
16469.000,3164.957
16470.000,2769.337
16471.000,2927.585
16472.000,3244.081
16473.000,2848.461
16474.000,2690.213
16475.000,3164.957
16476.000,3006.709
16477.000,2690.213
16478.000,3085.833
16479.000,3164.957
16480.000,2769.337
16481.000,2927.585
16482.000,3244.081
16483.000,2848.461
16484.000,2769.337
16485.000,3244.081
16486.000,3085.833
16487.000,2690.213
16488.000,3085.833
16489.000,3164.957
16490.000,2690.213
16491.000,2848.461
16492.000,3244.081
16493.000,2848.461
16494.000,2769.337
16495.000,3244.081
16496.000,3085.833
16497.000,2690.213
16498.000,3085.833
16499.000,3164.957
16500.000,2690.213
16501.000,2927.585
16502.000,3244.081
16503.000,2927.585
16504.000,2769.337
16505.000,3244.081
16506.000,3006.709
16507.000,2611.089
16508.000,3006.709
16509.000,3164.957
16510.000,2769.337
16511.000,2927.585
16512.000,3244.081
16513.000,2848.461
16514.000,2769.337
16515.000,3164.957
16516.000,3006.709
16517.000,2690.213
16518.000,3085.833
16519.000,3164.957
16520.000,2769.337
16521.000,2927.585
16522.000,3244.081
16523.000,2848.461
16524.000,2690.213
16525.000,3164.957
16526.000,3006.709
16527.000,2690.213
16528.000,3085.833
16529.000,3244.081
16530.000,2769.337
16531.000,2927.585
16532.000,3244.081
16533.000,2848.461
16534.000,2690.213
16535.000,3164.957
16536.000,3006.709
16537.000,2690.213
16538.000,3085.833
16539.000,3164.957
16540.000,2690.213
16541.000,2848.461
16542.000,3244.081
16543.000,2848.461
16544.000,2769.337
16545.000,3244.081
16546.000,3006.709
16547.000,2690.213
16548.000,3085.833
16549.000,3164.957
16550.000,2690.213
16551.000,2927.585
16552.000,3244.081
16553.000,2848.461
16554.000,2769.337
16555.000,3244.081
16556.000,3006.709
16557.000,2690.213
16558.000,3085.833
16559.000,3164.957
16560.000,2769.337
16561.000,2927.585
16562.000,3244.081
16563.000,2848.461
16564.000,2769.337
16565.000,3164.957
16566.000,3006.709
16567.000,2690.213
16568.000,3085.833
16569.000,3164.957
16570.000,2769.337
16571.000,2927.585
16572.000,3244.081
16573.000,2848.461
16574.000,2690.213
16575.000,3164.957
16576.000,3006.709
16577.000,2690.213
16578.000,3085.833
16579.000,3244.081
16580.000,2769.337
16581.000,2927.585
16582.000,3244.081
16583.000,2848.461
16584.000,2690.213
16585.000,3164.957
16586.000,3006.709
16587.000,2690.213
16588.000,3085.833
16589.000,3164.957
16590.000,2690.213
16591.000,2848.461
16592.000,3244.081
16593.000,2848.461
16594.000,2769.337
16595.000,3244.081
16596.000,3006.709
16597.000,2690.213
16598.000,3085.833
16599.000,3164.957
16600.000,2690.213
16601.000,2927.585
16602.000,3244.081
16603.000,2848.461
16604.000,2769.337
16605.000,3244.081
16606.000,3006.709
16607.000,2690.213
16608.000,3085.833
16609.000,3164.957
16610.000,2769.337
16611.000,2927.585
16612.000,3244.081
16613.000,2848.461
16614.000,2769.337
16615.000,3164.957
16616.000,3006.709
16617.000,2690.213
16618.000,3085.833
16619.000,3244.081
16620.000,2769.337
16621.000,2927.585
16622.000,3244.081
16623.000,2848.461
16624.000,2690.213
16625.000,3164.957
16626.000,3006.709
16627.000,2690.213
16628.000,3085.833
16629.000,3244.081
16630.000,2769.337
16631.000,2927.585
16632.000,3244.081
16633.000,2848.461
16634.000,2690.213
16635.000,3164.957
16636.000,3085.833
16637.000,2690.213
16638.000,3085.833
16639.000,3164.957
16640.000,2690.213
16641.000,2848.461
16642.000,3244.081
16643.000,2848.461
16644.000,2769.337
16645.000,3244.081
16646.000,3085.833
16647.000,2690.213
16648.000,3085.833
16649.000,3164.957
16650.000,2690.213
16651.000,2848.461
16652.000,3244.081
16653.000,2848.461
16654.000,2769.337
16655.000,3244.081
16656.000,3006.709
16657.000,2690.213
16658.000,3085.833
16659.000,3164.957
16660.000,2690.213
16661.000,2927.585
16662.000,3244.081
16663.000,2848.461
16664.000,2769.337
16665.000,3164.957
16666.000,3006.709
16667.000,2690.213
16668.000,3085.833
16669.000,3164.957
16670.000,2769.337
16671.000,2927.585
16672.000,3244.081
16673.000,2848.461
16674.000,2690.213
16675.000,3164.957
16676.000,3006.709
16677.000,2690.213
16678.000,3085.833
16679.000,3244.081
16680.000,2769.337
16681.000,2927.585
16682.000,3244.081
16683.000,2848.461
16684.000,2690.213
16685.000,3164.957
16686.000,3006.709
16687.000,2690.213
16688.000,3085.833
16689.000,3164.957
16690.000,2690.213
16691.000,2848.461
16692.000,3244.081
16693.000,2848.461
16694.000,2769.337
16695.000,3244.081
16696.000,3085.833
16697.000,2690.213
16698.000,3085.833
16699.000,3164.957
16700.000,2690.213
16701.000,2848.461
16702.000,3244.081
16703.000,2848.461
16704.000,2769.337
16705.000,3244.081
16706.000,3006.709
16707.000,2690.213
16708.000,3085.833
16709.000,3164.957
16710.000,2769.337
16711.000,2927.585
16712.000,3244.081
16713.000,2848.461
16714.000,2769.337
16715.000,3164.957
16716.000,3006.709
16717.000,2690.213
16718.000,3085.833
16719.000,3164.957
16720.000,2769.337
16721.000,2927.585
16722.000,3244.081
16723.000,2848.461
16724.000,2690.213
16725.000,3164.957
16726.000,3006.709
16727.000,2690.213
16728.000,3085.833
16729.000,3244.081
16730.000,2769.337
16731.000,2927.585
16732.000,3244.081
16733.000,2848.461
16734.000,2690.213
16735.000,3164.957
16736.000,3006.709
16737.000,2690.213
16738.000,3085.833
16739.000,3164.957
16740.000,2690.213
16741.000,2848.461
16742.000,3244.081
16743.000,2848.461
16744.000,2769.337
16745.000,3244.081
16746.000,3085.833
16747.000,2690.213
16748.000,3085.833
16749.000,3164.957
16750.000,2690.213
16751.000,2848.461
16752.000,3244.081
16753.000,2848.461
16754.000,2769.337
16755.000,3244.081
16756.000,3006.709
16757.000,2690.213
16758.000,3085.833
16759.000,3164.957
16760.000,2769.337
16761.000,2927.585
16762.000,3244.081
16763.000,2848.461
16764.000,2769.337
16765.000,3164.957
16766.000,3006.709
16767.000,2690.213
16768.000,3085.833
16769.000,3164.957
16770.000,2769.337
16771.000,2927.585
16772.000,3244.081
16773.000,2848.461
16774.000,2690.213
16775.000,3164.957
16776.000,3006.709
16777.000,2690.213
16778.000,3085.833
16779.000,3244.081
16780.000,2769.337
16781.000,2927.585
16782.000,3244.081
16783.000,2848.461
16784.000,2690.213
16785.000,3164.957
16786.000,3006.709
16787.000,2690.213
16788.000,3085.833
16789.000,3164.957
16790.000,2690.213
16791.000,2848.461
16792.000,3244.081
16793.000,2848.461
16794.000,2769.337
16795.000,3244.081
16796.000,3085.833
16797.000,2690.213
16798.000,3085.833
16799.000,3164.957
16800.000,2690.213
16801.000,2848.461
16802.000,3244.081
16803.000,2848.461
16804.000,2769.337
16805.000,3244.081
16806.000,3006.709
16807.000,2690.213
16808.000,3085.833
16809.000,3164.957
16810.000,2769.337
16811.000,2927.585
16812.000,3244.081
16813.000,2848.461
16814.000,2769.337
16815.000,3164.957
16816.000,3006.709
16817.000,2690.213
16818.000,3085.833
16819.000,3164.957
16820.000,2769.337
16821.000,2927.585
16822.000,3244.081
16823.000,2848.461
16824.000,2690.213
16825.000,3164.957
16826.000,3006.709
16827.000,2690.213
16828.000,3085.833
16829.000,3244.081
16830.000,2769.337
16831.000,2927.585
16832.000,3244.081
16833.000,2848.461
16834.000,2690.213
16835.000,3164.957
16836.000,3006.709
16837.000,2690.213
16838.000,3085.833
16839.000,3164.957
16840.000,2690.213
16841.000,2848.461
16842.000,3244.081
16843.000,2848.461
16844.000,2769.337
16845.000,3244.081
16846.000,3085.833
16847.000,2690.213
16848.000,3085.833
16849.000,3164.957
16850.000,2690.213
16851.000,2927.585
16852.000,3244.081
16853.000,2848.461
16854.000,2769.337
16855.000,3164.957
16856.000,3006.709
16857.000,2690.213
16858.000,3006.709
16859.000,3164.957
16860.000,2769.337
16861.000,2927.585
16862.000,3244.081
16863.000,2848.461
16864.000,2769.337
16865.000,3164.957
16866.000,3006.709
16867.000,2690.213
16868.000,3085.833
16869.000,3164.957
16870.000,2769.337
16871.000,2927.585
16872.000,3244.081
16873.000,2848.461
16874.000,2690.213
16875.000,3164.957
16876.000,3006.709
16877.000,2690.213
16878.000,3085.833
16879.000,3244.081
16880.000,2769.337
16881.000,2927.585
16882.000,3244.081
16883.000,2848.461
16884.000,2690.213
16885.000,3164.957
16886.000,3006.709
16887.000,2690.213
16888.000,3085.833
16889.000,3244.081
16890.000,2769.337
16891.000,2848.461
16892.000,3244.081
16893.000,2848.461
16894.000,2769.337
16895.000,3244.081
16896.000,3085.833
16897.000,2690.213
16898.000,3085.833
16899.000,3164.957
16900.000,2690.213
16901.000,2848.461
16902.000,3244.081
16903.000,2848.461
16904.000,2769.337
16905.000,3244.081
16906.000,3006.709
16907.000,2690.213
16908.000,3085.833
16909.000,3164.957
16910.000,2769.337
16911.000,2927.585
16912.000,3244.081
16913.000,2848.461
16914.000,2769.337
16915.000,3164.957
16916.000,3006.709
16917.000,2690.213
16918.000,3085.833
16919.000,3164.957
16920.000,2769.337
16921.000,2927.585
16922.000,3244.081
16923.000,2848.461
16924.000,2690.213
16925.000,3164.957
16926.000,3006.709
16927.000,2690.213
16928.000,3085.833
16929.000,3244.081
16930.000,2769.337
16931.000,2927.585
16932.000,3244.081
16933.000,2848.461
16934.000,2690.213
16935.000,3164.957
16936.000,3085.833
16937.000,2690.213
16938.000,3085.833
16939.000,3164.957
16940.000,2690.213
16941.000,2848.461
16942.000,3244.081
16943.000,2848.461
16944.000,2769.337
16945.000,3244.081
16946.000,3085.833
16947.000,2690.213
16948.000,3085.833
16949.000,3164.957
16950.000,2690.213
16951.000,2848.461
16952.000,3244.081
16953.000,2848.461
16954.000,2769.337
16955.000,3244.081
16956.000,3006.709
16957.000,2690.213
16958.000,3006.709
16959.000,3164.957
16960.000,2690.213
16961.000,2927.585
16962.000,3244.081
16963.000,2848.461
16964.000,2769.337
16965.000,3164.957
16966.000,3006.709
16967.000,2690.213
16968.000,3085.833
16969.000,3164.957
16970.000,2769.337
16971.000,2927.585
16972.000,3244.081
16973.000,2848.461
16974.000,2690.213
16975.000,3164.957
16976.000,3006.709
16977.000,2690.213
16978.000,3085.833
16979.000,3244.081
16980.000,2769.337
16981.000,2927.585
16982.000,3244.081
16983.000,2848.461
16984.000,2690.213
16985.000,3164.957
16986.000,3006.709
16987.000,2690.213
16988.000,3085.833
16989.000,3164.957
16990.000,2690.213
16991.000,2848.461
16992.000,3164.957
16993.000,2848.461
16994.000,2769.337
16995.000,3244.081
16996.000,3085.833
16997.000,2690.213
16998.000,3085.833
16999.000,3164.957
17000.000,2690.213
17001.000,2848.461
17002.000,3244.081
17003.000,2848.461
17004.000,2769.337
17005.000,3244.081
17006.000,3006.709
17007.000,2690.213
17008.000,3006.709
17009.000,3164.957
17010.000,2690.213
17011.000,2927.585
17012.000,3244.081
17013.000,2848.461
17014.000,2769.337
17015.000,3164.957
17016.000,3006.709
17017.000,2690.213
17018.000,3085.833
17019.000,3164.957
17020.000,2769.337
17021.000,2927.585
17022.000,3244.081
17023.000,2848.461
17024.000,2690.213
17025.000,3164.957
17026.000,3006.709
17027.000,2690.213
17028.000,3085.833
17029.000,3244.081
17030.000,2769.337
17031.000,2927.585
17032.000,3244.081
17033.000,2848.461
17034.000,2690.213
17035.000,3164.957
17036.000,3006.709
17037.000,2690.213
17038.000,3085.833
17039.000,3164.957
17040.000,2690.213
17041.000,2848.461
17042.000,3244.081
17043.000,2848.461
17044.000,2769.337
17045.000,3244.081
17046.000,3085.833
17047.000,2690.213
17048.000,3085.833
17049.000,3164.957
17050.000,2690.213
17051.000,2848.461
17052.000,3244.081
17053.000,2848.461
17054.000,2769.337
17055.000,3244.081
17056.000,3006.709
17057.000,2690.213
17058.000,3006.709
17059.000,3164.957
17060.000,2690.213
17061.000,2927.585
17062.000,3244.081
17063.000,2848.461
17064.000,2769.337
17065.000,3164.957
17066.000,3006.709
17067.000,2690.213
17068.000,3085.833
17069.000,3164.957
17070.000,2769.337
17071.000,2927.585
17072.000,3244.081
17073.000,2848.461
17074.000,2690.213
17075.000,3164.957
17076.000,3006.709
17077.000,2690.213
17078.000,3085.833
17079.000,3244.081
17080.000,2769.337
17081.000,2927.585
17082.000,3244.081
17083.000,2848.461
17084.000,2690.213
17085.000,3164.957
17086.000,3006.709
17087.000,2690.213
17088.000,3085.833
17089.000,3164.957
17090.000,2690.213
17091.000,2848.461
17092.000,3244.081
17093.000,2848.461
17094.000,2769.337
17095.000,3244.081
17096.000,3085.833
17097.000,2690.213
17098.000,3085.833
17099.000,3164.957
17100.000,2690.213
17101.000,2848.461
17102.000,3244.081
17103.000,2848.461
17104.000,2769.337
17105.000,3244.081
17106.000,3006.709
17107.000,2690.213
17108.000,3006.709
17109.000,3164.957
17110.000,2690.213
17111.000,2927.585
17112.000,3244.081
17113.000,2848.461
17114.000,2769.337
17115.000,3164.957
17116.000,3006.709
17117.000,2690.213
17118.000,3085.833
17119.000,3164.957
17120.000,2769.337
17121.000,2927.585
17122.000,3244.081
17123.000,2848.461
17124.000,2690.213
17125.000,3164.957
17126.000,3006.709
17127.000,2690.213
17128.000,3085.833
17129.000,3244.081
17130.000,2769.337
