Time_ms,Absolute_Displacement_nm
0.000,158.248
1.000,158.248
2.000,632.991
3.000,632.991
4.000,237.372
5.000,474.744
6.000,474.744
7.000,0.000
8.000,0.000
9.000,395.620
10.000,237.372
11.000,237.372
12.000,632.991
13.000,632.991
14.000,237.372
15.000,395.620
16.000,474.744
17.000,0.000
18.000,79.124
19.000,474.744
20.000,237.372
21.000,158.248
22.000,632.991
23.000,553.867
24.000,237.372
25.000,395.620
26.000,474.744
27.000,79.124
28.000,79.124
29.000,395.620
30.000,237.372
31.000,158.248
32.000,632.991
33.000,632.991
34.000,237.372
35.000,474.744
36.000,474.744
37.000,79.124
38.000,79.124
39.000,395.620
40.000,158.248
41.000,158.248
42.000,632.991
43.000,632.991
44.000,237.372
45.000,474.744
46.000,474.744
47.000,0.000
48.000,0.000
49.000,395.620
50.000,237.372
51.000,158.248
52.000,632.991
53.000,632.991
54.000,237.372
55.000,395.620
56.000,474.744
57.000,0.000
58.000,0.000
59.000,395.620
60.000,237.372
61.000,237.372
62.000,632.991
63.000,632.991
64.000,237.372
65.000,395.620
66.000,474.744
67.000,0.000
68.000,79.124
69.000,474.744
70.000,237.372
71.000,158.248
72.000,632.991
73.000,553.867
74.000,237.372
75.000,395.620
76.000,474.744
77.000,0.000
78.000,79.124
79.000,474.744
80.000,237.372
81.000,158.248
82.000,632.991
83.000,553.867
84.000,237.372
85.000,474.744
86.000,474.744
87.000,0.000
88.000,79.124
89.000,395.620
90.000,158.248
91.000,158.248
92.000,632.991
93.000,632.991
94.000,237.372
95.000,474.744
96.000,474.744
97.000,0.000
98.000,0.000
99.000,395.620
100.000,237.372
101.000,158.248
102.000,632.991
103.000,632.991
104.000,237.372
105.000,395.620
106.000,474.744
107.000,0.000
108.000,0.000
109.000,395.620
110.000,237.372
111.000,237.372
112.000,632.991
113.000,632.991
114.000,237.372
115.000,395.620
116.000,474.744
117.000,0.000
118.000,79.124
119.000,474.744
120.000,237.372
121.000,158.248
122.000,632.991
123.000,553.867
124.000,237.372
125.000,395.620
126.000,474.744
127.000,79.124
128.000,79.124
129.000,474.744
130.000,237.372
131.000,158.248
132.000,632.991
133.000,553.867
134.000,237.372
135.000,474.744
136.000,553.867
137.000,79.124
138.000,79.124
139.000,395.620
140.000,158.248
141.000,158.248
142.000,632.991
143.000,632.991
144.000,237.372
145.000,474.744
146.000,474.744
147.000,0.000
148.000,0.000
149.000,395.620
150.000,237.372
151.000,158.248
152.000,632.991
153.000,632.991
154.000,237.372
155.000,395.620
156.000,474.744
157.000,0.000
158.000,0.000
159.000,395.620
160.000,237.372
161.000,237.372
162.000,632.991
163.000,632.991
164.000,237.372
165.000,395.620
166.000,474.744
167.000,0.000
168.000,79.124
169.000,474.744
170.000,237.372
171.000,158.248
172.000,632.991
173.000,553.867
174.000,237.372
175.000,395.620
176.000,474.744
177.000,79.124
178.000,79.124
179.000,474.744
180.000,237.372
181.000,158.248
182.000,632.991
183.000,553.867
184.000,237.372
185.000,474.744
186.000,553.867
187.000,79.124
188.000,79.124
189.000,395.620
190.000,158.248
191.000,158.248
192.000,632.991
193.000,632.991
194.000,237.372
195.000,474.744
196.000,474.744
197.000,0.000
198.000,0.000
199.000,395.620
200.000,237.372
201.000,158.248
202.000,632.991
203.000,632.991
204.000,237.372
205.000,474.744
206.000,474.744
207.000,0.000
208.000,0.000
209.000,395.620
210.000,237.372
211.000,158.248
212.000,632.991
213.000,632.991
214.000,237.372
215.000,395.620
216.000,474.744
217.000,0.000
218.000,79.124
219.000,474.744
220.000,237.372
221.000,158.248
222.000,632.991
223.000,553.867
224.000,237.372
225.000,395.620
226.000,474.744
227.000,79.124
228.000,79.124
229.000,395.620
230.000,237.372
231.000,158.248
232.000,553.867
233.000,553.867
234.000,237.372
235.000,474.744
236.000,553.867
237.000,79.124
238.000,79.124
239.000,395.620
240.000,158.248
241.000,158.248
242.000,632.991
243.000,632.991
244.000,237.372
245.000,474.744
246.000,474.744
247.000,0.000
248.000,0.000
249.000,395.620
250.000,158.248
251.000,158.248
252.000,632.991
253.000,632.991
254.000,237.372
255.000,474.744
256.000,474.744
257.000,0.000
258.000,0.000
259.000,395.620
260.000,237.372
261.000,158.248
262.000,632.991
263.000,632.991
264.000,237.372
265.000,395.620
266.000,474.744
267.000,0.000
268.000,79.124
269.000,395.620
270.000,237.372
271.000,158.248
272.000,632.991
273.000,553.867
274.000,237.372
275.000,474.744
276.000,474.744
277.000,79.124
278.000,79.124
279.000,395.620
280.000,237.372
281.000,158.248
282.000,553.867
283.000,553.867
284.000,237.372
285.000,474.744
286.000,553.867
287.000,79.124
288.000,79.124
289.000,395.620
290.000,158.248
291.000,158.248
292.000,632.991
293.000,632.991
294.000,316.496
295.000,474.744
296.000,474.744
297.000,0.000
298.000,0.000
299.000,395.620
300.000,158.248
301.000,158.248
302.000,632.991
303.000,632.991
304.000,316.496
305.000,474.744
306.000,474.744
307.000,0.000
308.000,0.000
309.000,395.620
310.000,237.372
311.000,158.248
312.000,632.991
313.000,632.991
314.000,237.372
315.000,395.620
316.000,474.744
317.000,0.000
318.000,79.124
319.000,395.620
320.000,237.372
321.000,158.248
322.000,632.991
323.000,632.991
324.000,237.372
325.000,474.744
326.000,474.744
327.000,79.124
328.000,79.124
329.000,395.620
330.000,237.372
331.000,158.248
332.000,632.991
333.000,632.991
334.000,237.372
335.000,474.744
336.000,553.867
337.000,0.000
338.000,0.000
339.000,395.620
340.000,158.248
341.000,158.248
342.000,632.991
343.000,632.991
344.000,316.496
345.000,474.744
346.000,474.744
347.000,0.000
348.000,0.000
349.000,395.620
350.000,237.372
351.000,158.248
352.000,632.991
353.000,632.991
354.000,237.372
355.000,395.620
356.000,474.744
357.000,0.000
358.000,0.000
359.000,395.620
360.000,237.372
361.000,237.372
362.000,632.991
363.000,632.991
364.000,237.372
365.000,395.620
366.000,474.744
367.000,0.000
368.000,79.124
369.000,474.744
370.000,237.372
371.000,158.248
372.000,632.991
373.000,553.867
374.000,237.372
375.000,395.620
376.000,474.744
377.000,79.124
378.000,79.124
379.000,395.620
380.000,237.372
381.000,158.248
382.000,632.991
383.000,632.991
384.000,237.372
385.000,474.744
386.000,474.744
387.000,79.124
388.000,79.124
389.000,395.620
390.000,237.372
391.000,158.248
392.000,632.991
393.000,632.991
394.000,237.372
395.000,474.744
396.000,474.744
397.000,0.000
398.000,0.000
399.000,395.620
400.000,237.372
401.000,158.248
402.000,632.991
403.000,632.991
404.000,237.372
405.000,395.620
406.000,474.744
407.000,0.000
408.000,0.000
409.000,395.620
410.000,237.372
411.000,237.372
412.000,632.991
413.000,632.991
414.000,237.372
415.000,395.620
416.000,474.744
417.000,0.000
418.000,79.124
419.000,474.744
420.000,237.372
421.000,158.248
422.000,632.991
423.000,553.867
424.000,237.372
425.000,395.620
426.000,474.744
427.000,79.124
428.000,79.124
429.000,474.744
430.000,237.372
431.000,158.248
432.000,632.991
433.000,553.867
434.000,237.372
435.000,474.744
436.000,474.744
437.000,79.124
438.000,79.124
439.000,395.620
440.000,237.372
441.000,158.248
442.000,632.991
443.000,632.991
444.000,237.372
445.000,474.744
446.000,474.744
447.000,0.000
448.000,0.000
449.000,395.620
450.000,237.372
451.000,158.248
452.000,632.991
453.000,632.991
454.000,237.372
455.000,395.620
456.000,474.744
457.000,0.000
458.000,79.124
459.000,395.620
460.000,237.372
461.000,158.248
462.000,632.991
463.000,632.991
464.000,237.372
465.000,395.620
466.000,474.744
467.000,0.000
468.000,79.124
469.000,474.744
470.000,237.372
471.000,158.248
472.000,632.991
473.000,553.867
474.000,237.372
475.000,395.620
476.000,474.744
477.000,79.124
478.000,79.124
479.000,474.744
480.000,237.372
481.000,158.248
482.000,553.867
483.000,553.867
484.000,237.372
485.000,474.744
486.000,553.867
487.000,79.124
488.000,79.124
489.000,395.620
490.000,158.248
491.000,158.248
492.000,632.991
493.000,632.991
494.000,237.372
495.000,474.744
496.000,474.744
497.000,0.000
498.000,0.000
499.000,395.620
500.000,158.248
501.000,158.248
502.000,632.991
503.000,632.991
504.000,237.372
505.000,474.744
506.000,474.744
507.000,0.000
508.000,0.000
509.000,395.620
510.000,237.372
511.000,158.248
512.000,632.991
513.000,632.991
514.000,237.372
515.000,395.620
516.000,474.744
517.000,0.000
518.000,79.124
519.000,474.744
520.000,237.372
521.000,158.248
522.000,632.991
523.000,553.867
524.000,237.372
525.000,395.620
526.000,474.744
527.000,79.124
528.000,79.124
529.000,474.744
530.000,237.372
531.000,158.248
532.000,632.991
533.000,553.867
534.000,237.372
535.000,474.744
536.000,553.867
537.000,79.124
538.000,79.124
539.000,395.620
540.000,158.248
541.000,158.248
542.000,632.991
543.000,632.991
544.000,237.372
545.000,474.744
546.000,553.867
547.000,0.000
548.000,0.000
549.000,395.620
550.000,158.248
551.000,158.248
552.000,632.991
553.000,632.991
554.000,237.372
555.000,474.744
556.000,474.744
557.000,0.000
558.000,0.000
559.000,395.620
560.000,237.372
561.000,158.248
562.000,632.991
563.000,632.991
564.000,237.372
565.000,395.620
566.000,474.744
567.000,0.000
568.000,79.124
569.000,395.620
570.000,237.372
571.000,158.248
572.000,632.991
573.000,553.867
574.000,237.372
575.000,395.620
576.000,474.744
577.000,79.124
578.000,79.124
579.000,395.620
580.000,237.372
581.000,158.248
582.000,632.991
583.000,632.991
584.000,237.372
585.000,474.744
586.000,553.867
587.000,79.124
588.000,79.124
589.000,395.620
590.000,158.248
591.000,158.248
592.000,632.991
593.000,632.991
594.000,316.496
595.000,474.744
596.000,474.744
597.000,0.000
598.000,0.000
599.000,395.620
600.000,158.248
601.000,158.248
602.000,632.991
603.000,632.991
604.000,237.372
605.000,474.744
606.000,474.744
607.000,0.000
608.000,0.000
609.000,395.620
610.000,237.372
611.000,158.248
612.000,632.991
613.000,632.991
614.000,237.372
615.000,395.620
616.000,474.744
617.000,0.000
618.000,79.124
619.000,395.620
620.000,237.372
621.000,158.248
622.000,632.991
623.000,632.991
624.000,237.372
625.000,395.620
626.000,474.744
627.000,79.124
628.000,79.124
629.000,395.620
630.000,237.372
631.000,158.248
632.000,632.991
633.000,632.991
634.000,237.372
635.000,474.744
636.000,553.867
637.000,79.124
638.000,79.124
639.000,395.620
640.000,158.248
641.000,158.248
642.000,632.991
643.000,632.991
644.000,316.496
645.000,474.744
646.000,474.744
647.000,0.000
648.000,0.000
649.000,395.620
650.000,158.248
651.000,158.248
652.000,632.991
653.000,632.991
654.000,237.372
655.000,474.744
656.000,474.744
657.000,0.000
658.000,0.000
659.000,395.620
660.000,237.372
661.000,158.248
662.000,632.991
663.000,632.991
664.000,237.372
665.000,395.620
666.000,474.744
667.000,0.000
668.000,79.124
669.000,395.620
670.000,237.372
671.000,158.248
672.000,632.991
673.000,632.991
674.000,237.372
675.000,395.620
676.000,474.744
677.000,0.000
678.000,79.124
679.000,395.620
680.000,237.372
681.000,158.248
682.000,632.991
683.000,632.991
684.000,237.372
685.000,474.744
686.000,474.744
687.000,79.124
688.000,79.124
689.000,395.620
690.000,158.248
691.000,158.248
692.000,632.991
693.000,632.991
694.000,237.372
695.000,474.744
696.000,474.744
697.000,0.000
698.000,0.000
699.000,395.620
700.000,237.372
701.000,158.248
702.000,632.991
703.000,632.991
704.000,237.372
705.000,474.744
706.000,474.744
707.000,0.000
708.000,0.000
709.000,395.620
710.000,237.372
711.000,158.248
712.000,632.991
713.000,632.991
714.000,237.372
715.000,395.620
716.000,474.744
717.000,0.000
718.000,79.124
719.000,474.744
720.000,237.372
721.000,158.248
722.000,632.991
723.000,553.867
724.000,237.372
725.000,395.620
726.000,474.744
727.000,79.124
728.000,79.124
729.000,474.744
730.000,237.372
731.000,158.248
732.000,632.991
733.000,553.867
734.000,237.372
735.000,474.744
736.000,553.867
737.000,79.124
738.000,79.124
739.000,395.620
740.000,158.248
741.000,158.248
742.000,632.991
743.000,632.991
744.000,237.372
745.000,474.744
746.000,474.744
747.000,0.000
748.000,0.000
749.000,395.620
750.000,158.248
751.000,158.248
752.000,632.991
753.000,632.991
754.000,237.372
755.000,474.744
756.000,474.744
757.000,0.000
758.000,0.000
759.000,395.620
760.000,237.372
761.000,158.248
762.000,632.991
763.000,632.991
764.000,237.372
765.000,395.620
766.000,474.744
767.000,0.000
768.000,79.124
769.000,474.744
770.000,237.372
771.000,158.248
772.000,632.991
773.000,553.867
774.000,237.372
775.000,395.620
776.000,474.744
777.000,79.124
778.000,79.124
779.000,474.744
780.000,237.372
781.000,158.248
782.000,553.867
783.000,553.867
784.000,237.372
785.000,474.744
786.000,553.867
787.000,79.124
788.000,79.124
789.000,395.620
790.000,158.248
791.000,158.248
792.000,553.867
793.000,632.991
794.000,237.372
795.000,474.744
796.000,553.867
797.000,79.124
798.000,0.000
799.000,395.620
800.000,158.248
801.000,158.248
802.000,632.991
803.000,632.991
804.000,237.372
805.000,474.744
806.000,474.744
807.000,0.000
808.000,0.000
809.000,395.620
810.000,237.372
811.000,158.248
812.000,632.991
813.000,632.991
814.000,237.372
815.000,395.620
816.000,474.744
817.000,0.000
818.000,79.124
819.000,395.620
820.000,237.372
821.000,158.248
822.000,632.991
823.000,553.867
824.000,237.372
825.000,474.744
826.000,474.744
827.000,79.124
828.000,79.124
829.000,395.620
830.000,237.372
831.000,158.248
832.000,553.867
833.000,553.867
834.000,237.372
835.000,474.744
836.000,553.867
837.000,79.124
838.000,79.124
839.000,395.620
840.000,158.248
841.000,158.248
842.000,632.991
843.000,632.991
844.000,237.372
845.000,474.744
846.000,474.744
847.000,0.000
848.000,0.000
849.000,395.620
850.000,158.248
851.000,158.248
852.000,632.991
853.000,632.991
854.000,237.372
855.000,474.744
856.000,474.744
857.000,0.000
858.000,0.000
859.000,395.620
860.000,237.372
861.000,158.248
862.000,632.991
863.000,632.991
864.000,237.372
865.000,395.620
866.000,474.744
867.000,0.000
868.000,79.124
869.000,395.620
870.000,237.372
871.000,158.248
872.000,632.991
873.000,553.867
874.000,237.372
875.000,395.620
876.000,474.744
877.000,79.124
878.000,79.124
879.000,395.620
880.000,237.372
881.000,158.248
882.000,632.991
883.000,553.867
884.000,237.372
885.000,474.744
886.000,553.867
887.000,79.124
888.000,79.124
889.000,395.620
890.000,158.248
891.000,158.248
892.000,632.991
893.000,632.991
894.000,316.496
895.000,474.744
896.000,474.744
897.000,0.000
898.000,0.000
899.000,395.620
900.000,158.248
901.000,158.248
902.000,632.991
903.000,632.991
904.000,237.372
905.000,474.744
906.000,474.744
907.000,0.000
908.000,0.000
909.000,395.620
910.000,237.372
911.000,158.248
912.000,632.991
913.000,632.991
914.000,237.372
915.000,395.620
916.000,474.744
917.000,0.000
918.000,79.124
919.000,474.744
920.000,237.372
921.000,158.248
922.000,632.991
923.000,553.867
924.000,237.372
925.000,395.620
926.000,474.744
927.000,79.124
928.000,79.124
929.000,474.744
930.000,237.372
931.000,158.248
932.000,632.991
933.000,553.867
934.000,237.372
935.000,474.744
936.000,474.744
937.000,79.124
938.000,79.124
939.000,395.620
940.000,158.248
941.000,158.248
942.000,632.991
943.000,632.991
944.000,237.372
945.000,474.744
946.000,474.744
947.000,0.000
948.000,0.000
949.000,395.620
950.000,158.248
951.000,158.248
952.000,632.991
953.000,632.991
954.000,237.372
955.000,474.744
956.000,474.744
957.000,0.000
958.000,0.000
959.000,395.620
960.000,237.372
961.000,237.372
962.000,632.991
963.000,632.991
964.000,237.372
965.000,395.620
966.000,474.744
967.000,0.000
968.000,79.124
969.000,474.744
970.000,237.372
971.000,158.248
972.000,632.991
973.000,553.867
974.000,237.372
975.000,395.620
976.000,474.744
977.000,79.124
978.000,79.124
979.000,474.744
980.000,237.372
981.000,158.248
982.000,553.867
983.000,553.867
984.000,237.372
985.000,474.744
986.000,553.867
987.000,79.124
988.000,79.124
989.000,395.620
990.000,158.248
991.000,158.248
992.000,632.991
993.000,632.991
994.000,237.372
995.000,474.744
996.000,474.744
997.000,0.000
998.000,0.000
999.000,395.620
1000.000,158.248
1001.000,158.248
1002.000,632.991
1003.000,632.991
1004.000,237.372
1005.000,474.744
1006.000,474.744
1007.000,0.000
1008.000,0.000
1009.000,395.620
1010.000,237.372
1011.000,237.372
1012.000,632.991
1013.000,632.991
1014.000,237.372
1015.000,395.620
1016.000,474.744
1017.000,0.000
1018.000,79.124
1019.000,474.744
1020.000,237.372
1021.000,158.248
1022.000,632.991
1023.000,553.867
1024.000,237.372
1025.000,395.620
1026.000,474.744
1027.000,79.124
1028.000,79.124
1029.000,474.744
1030.000,237.372
1031.000,158.248
1032.000,553.867
1033.000,553.867
1034.000,237.372
1035.000,474.744
1036.000,553.867
1037.000,79.124
1038.000,79.124
1039.000,395.620
1040.000,158.248
1041.000,158.248
1042.000,632.991
1043.000,632.991
1044.000,237.372
1045.000,474.744
1046.000,553.867
1047.000,0.000
1048.000,0.000
1049.000,395.620
1050.000,158.248
1051.000,158.248
1052.000,632.991
1053.000,632.991
1054.000,237.372
1055.000,474.744
1056.000,474.744
1057.000,0.000
1058.000,0.000
1059.000,395.620
1060.000,237.372
1061.000,158.248
1062.000,632.991
1063.000,632.991
1064.000,237.372
1065.000,395.620
1066.000,474.744
1067.000,0.000
1068.000,79.124
1069.000,474.744
1070.000,237.372
1071.000,158.248
1072.000,632.991
1073.000,553.867
1074.000,237.372
1075.000,395.620
1076.000,474.744
1077.000,79.124
1078.000,79.124
1079.000,395.620
1080.000,237.372
1081.000,158.248
1082.000,553.867
1083.000,553.867
1084.000,237.372
1085.000,474.744
1086.000,553.867
1087.000,79.124
1088.000,79.124
1089.000,395.620
1090.000,158.248
1091.000,79.124
1092.000,632.991
1093.000,632.991
1094.000,316.496
1095.000,474.744
1096.000,553.867
1097.000,79.124
1098.000,0.000
1099.000,395.620
1100.000,158.248
1101.000,158.248
1102.000,632.991
1103.000,632.991
1104.000,237.372
1105.000,474.744
1106.000,474.744
1107.000,0.000
1108.000,0.000
1109.000,395.620
1110.000,237.372
1111.000,158.248
1112.000,632.991
1113.000,632.991
1114.000,237.372
1115.000,474.744
1116.000,474.744
1117.000,0.000
1118.000,79.124
1119.000,395.620
1120.000,237.372
1121.000,158.248
1122.000,632.991
1123.000,553.867
1124.000,237.372
1125.000,474.744
1126.000,474.744
1127.000,79.124
1128.000,79.124
1129.000,395.620
1130.000,158.248
1131.000,158.248
1132.000,553.867
1133.000,553.867
1134.000,237.372
1135.000,474.744
1136.000,553.867
1137.000,79.124
1138.000,79.124
1139.000,395.620
1140.000,158.248
1141.000,79.124
1142.000,632.991
1143.000,632.991
1144.000,316.496
1145.000,474.744
1146.000,553.867
1147.000,0.000
1148.000,0.000
1149.000,395.620
1150.000,158.248
1151.000,158.248
1152.000,632.991
1153.000,632.991
1154.000,316.496
1155.000,474.744
1156.000,474.744
1157.000,0.000
1158.000,0.000
1159.000,395.620
1160.000,237.372
1161.000,158.248
1162.000,632.991
1163.000,632.991
1164.000,237.372
1165.000,474.744
1166.000,474.744
1167.000,0.000
1168.000,79.124
1169.000,395.620
1170.000,237.372
1171.000,158.248
1172.000,632.991
1173.000,553.867
1174.000,237.372
1175.000,474.744
1176.000,474.744
1177.000,79.124
1178.000,79.124
1179.000,395.620
1180.000,158.248
1181.000,158.248
1182.000,632.991
1183.000,632.991
1184.000,237.372
1185.000,474.744
1186.000,553.867
1187.000,79.124
1188.000,0.000
1189.000,395.620
1190.000,158.248
1191.000,158.248
1192.000,632.991
1193.000,632.991
1194.000,316.496
1195.000,474.744
1196.000,474.744
1197.000,0.000
1198.000,0.000
1199.000,395.620
1200.000,158.248
1201.000,158.248
1202.000,632.991
1203.000,632.991
1204.000,316.496
1205.000,474.744
1206.000,474.744
1207.000,0.000
1208.000,0.000
1209.000,395.620
1210.000,237.372
1211.000,237.372
1212.000,632.991
1213.000,632.991
1214.000,237.372
1215.000,395.620
1216.000,474.744
1217.000,0.000
1218.000,79.124
1219.000,474.744
1220.000,237.372
1221.000,158.248
1222.000,632.991
1223.000,553.867
1224.000,237.372
1225.000,395.620
1226.000,474.744
1227.000,79.124
1228.000,79.124
1229.000,395.620
1230.000,237.372
1231.000,158.248
1232.000,632.991
1233.000,553.867
1234.000,237.372
1235.000,474.744
1236.000,553.867
1237.000,79.124
1238.000,79.124
1239.000,395.620
1240.000,158.248
1241.000,158.248
1242.000,632.991
1243.000,632.991
1244.000,237.372
1245.000,474.744
1246.000,474.744
1247.000,0.000
1248.000,0.000
1249.000,395.620
1250.000,158.248
1251.000,158.248
1252.000,632.991
1253.000,632.991
1254.000,237.372
1255.000,474.744
1256.000,474.744
1257.000,0.000
1258.000,0.000
1259.000,395.620
1260.000,237.372
1261.000,237.372
1262.000,632.991
1263.000,632.991
1264.000,237.372
1265.000,395.620
1266.000,474.744
1267.000,0.000
1268.000,79.124
1269.000,474.744
1270.000,237.372
1271.000,158.248
1272.000,632.991
1273.000,553.867
1274.000,237.372
1275.000,395.620
1276.000,474.744
1277.000,79.124
1278.000,79.124
1279.000,474.744
1280.000,237.372
1281.000,158.248
1282.000,553.867
1283.000,553.867
1284.000,237.372
1285.000,474.744
1286.000,553.867
1287.000,79.124
1288.000,79.124
1289.000,395.620
1290.000,158.248
1291.000,158.248
1292.000,632.991
1293.000,632.991
1294.000,237.372
1295.000,474.744
1296.000,474.744
1297.000,0.000
1298.000,0.000
1299.000,395.620
1300.000,158.248
1301.000,158.248
1302.000,632.991
1303.000,632.991
1304.000,237.372
1305.000,474.744
1306.000,474.744
1307.000,0.000
1308.000,0.000
1309.000,395.620
1310.000,237.372
1311.000,158.248
1312.000,632.991
1313.000,632.991
1314.000,237.372
1315.000,395.620
1316.000,474.744
1317.000,0.000
1318.000,79.124
1319.000,474.744
1320.000,237.372
1321.000,158.248
1322.000,632.991
1323.000,553.867
1324.000,237.372
1325.000,395.620
1326.000,474.744
1327.000,79.124
1328.000,79.124
1329.000,474.744
1330.000,237.372
1331.000,158.248
1332.000,553.867
1333.000,553.867
1334.000,237.372
1335.000,474.744
1336.000,553.867
1337.000,79.124
1338.000,79.124
1339.000,395.620
1340.000,158.248
1341.000,158.248
1342.000,632.991
1343.000,632.991
1344.000,237.372
1345.000,474.744
1346.000,553.867
1347.000,0.000
1348.000,0.000
1349.000,395.620
1350.000,158.248
1351.000,158.248
1352.000,632.991
1353.000,632.991
1354.000,237.372
1355.000,474.744
1356.000,474.744
1357.000,0.000
1358.000,0.000
1359.000,395.620
1360.000,237.372
1361.000,158.248
1362.000,632.991
1363.000,632.991
1364.000,237.372
1365.000,395.620
1366.000,474.744
1367.000,0.000
1368.000,79.124
1369.000,474.744
1370.000,237.372
1371.000,158.248
1372.000,632.991
1373.000,553.867
1374.000,237.372
1375.000,395.620
1376.000,474.744
1377.000,79.124
1378.000,79.124
1379.000,395.620
1380.000,158.248
1381.000,158.248
1382.000,553.867
1383.000,553.867
1384.000,237.372
1385.000,474.744
1386.000,553.867
1387.000,79.124
1388.000,79.124
1389.000,395.620
1390.000,158.248
1391.000,79.124
1392.000,632.991
1393.000,632.991
1394.000,237.372
1395.000,474.744
1396.000,553.867
1397.000,0.000
1398.000,0.000
1399.000,395.620
1400.000,158.248
1401.000,158.248
1402.000,632.991
1403.000,632.991
1404.000,237.372
1405.000,474.744
1406.000,474.744
1407.000,0.000
1408.000,0.000
1409.000,395.620
1410.000,237.372
1411.000,158.248
1412.000,632.991
1413.000,632.991
1414.000,237.372
1415.000,474.744
1416.000,474.744
1417.000,0.000
1418.000,79.124
1419.000,395.620
1420.000,237.372
1421.000,158.248
1422.000,632.991
1423.000,553.867
1424.000,237.372
1425.000,474.744
1426.000,474.744
1427.000,79.124
1428.000,79.124
1429.000,395.620
1430.000,158.248
1431.000,158.248
1432.000,553.867
1433.000,553.867
1434.000,237.372
1435.000,474.744
1436.000,553.867
1437.000,79.124
1438.000,79.124
1439.000,395.620
1440.000,158.248
1441.000,158.248
1442.000,632.991
1443.000,632.991
1444.000,316.496
1445.000,474.744
1446.000,474.744
1447.000,0.000
1448.000,0.000
1449.000,395.620
1450.000,158.248
1451.000,158.248
1452.000,632.991
1453.000,632.991
1454.000,237.372
1455.000,474.744
1456.000,474.744
1457.000,0.000
1458.000,0.000
1459.000,395.620
1460.000,237.372
1461.000,158.248
1462.000,632.991
1463.000,632.991
1464.000,237.372
1465.000,395.620
1466.000,474.744
1467.000,0.000
1468.000,79.124
1469.000,395.620
1470.000,237.372
1471.000,158.248
1472.000,632.991
1473.000,553.867
1474.000,237.372
1475.000,474.744
1476.000,474.744
1477.000,79.124
1478.000,79.124
1479.000,395.620
1480.000,158.248
1481.000,158.248
1482.000,553.867
1483.000,553.867
1484.000,237.372
1485.000,474.744
1486.000,553.867
1487.000,79.124
1488.000,79.124
1489.000,395.620
1490.000,158.248
1491.000,158.248
1492.000,632.991
1493.000,632.991
1494.000,316.496
1495.000,474.744
1496.000,474.744
1497.000,0.000
1498.000,0.000
1499.000,395.620
1500.000,158.248
1501.000,158.248
1502.000,632.991
1503.000,632.991
1504.000,316.496
1505.000,474.744
1506.000,474.744
1507.000,0.000
1508.000,0.000
1509.000,395.620
1510.000,237.372
1511.000,237.372
1512.000,632.991
1513.000,632.991
1514.000,237.372
1515.000,395.620
1516.000,474.744
1517.000,0.000
1518.000,79.124
1519.000,395.620
1520.000,237.372
1521.000,158.248
1522.000,632.991
1523.000,632.991
1524.000,237.372
1525.000,474.744
1526.000,474.744
1527.000,79.124
1528.000,79.124
1529.000,395.620
1530.000,237.372
1531.000,158.248
1532.000,632.991
1533.000,553.867
1534.000,237.372
1535.000,474.744
1536.000,474.744
1537.000,79.124
1538.000,79.124
1539.000,395.620
1540.000,158.248
1541.000,158.248
1542.000,632.991
1543.000,632.991
1544.000,237.372
1545.000,474.744
1546.000,474.744
1547.000,0.000
1548.000,0.000
1549.000,395.620
1550.000,158.248
1551.000,158.248
1552.000,632.991
1553.000,632.991
1554.000,237.372
1555.000,474.744
1556.000,474.744
1557.000,0.000
1558.000,0.000
1559.000,395.620
1560.000,237.372
1561.000,158.248
1562.000,632.991
1563.000,632.991
1564.000,237.372
1565.000,395.620
1566.000,474.744
1567.000,0.000
1568.000,79.124
1569.000,474.744
1570.000,237.372
1571.000,158.248
1572.000,632.991
1573.000,553.867
1574.000,237.372
1575.000,474.744
1576.000,474.744
1577.000,79.124
1578.000,79.124
1579.000,474.744
1580.000,237.372
1581.000,158.248
1582.000,553.867
1583.000,553.867
1584.000,237.372
1585.000,474.744
1586.000,553.867
1587.000,79.124
1588.000,79.124
1589.000,395.620
1590.000,158.248
1591.000,158.248
1592.000,632.991
1593.000,632.991
1594.000,237.372
1595.000,474.744
1596.000,474.744
1597.000,0.000
1598.000,0.000
1599.000,395.620
1600.000,158.248
1601.000,158.248
1602.000,632.991
1603.000,632.991
1604.000,237.372
1605.000,474.744
1606.000,474.744
1607.000,0.000
1608.000,0.000
1609.000,395.620
1610.000,237.372
1611.000,158.248
1612.000,632.991
1613.000,632.991
1614.000,237.372
1615.000,395.620
1616.000,474.744
1617.000,0.000
1618.000,79.124
1619.000,474.744
1620.000,237.372
1621.000,158.248
1622.000,632.991
1623.000,553.867
1624.000,237.372
1625.000,474.744
1626.000,474.744
1627.000,79.124
1628.000,79.124
1629.000,474.744
1630.000,237.372
1631.000,158.248
1632.000,553.867
1633.000,553.867
1634.000,237.372
1635.000,474.744
1636.000,553.867
1637.000,79.124
1638.000,79.124
1639.000,395.620
1640.000,158.248
1641.000,158.248
1642.000,632.991
1643.000,632.991
1644.000,237.372
1645.000,474.744
1646.000,553.867
1647.000,0.000
1648.000,0.000
1649.000,395.620
1650.000,158.248
1651.000,158.248
1652.000,632.991
1653.000,632.991
1654.000,237.372
1655.000,474.744
1656.000,474.744
1657.000,0.000
1658.000,0.000
1659.000,395.620
1660.000,237.372
1661.000,158.248
1662.000,632.991
1663.000,632.991
1664.000,237.372
1665.000,474.744
1666.000,474.744
1667.000,0.000
1668.000,79.124
1669.000,395.620
1670.000,237.372
1671.000,158.248
1672.000,632.991
1673.000,553.867
1674.000,237.372
1675.000,474.744
1676.000,474.744
1677.000,79.124
1678.000,79.124
1679.000,395.620
1680.000,158.248
1681.000,158.248
1682.000,553.867
1683.000,553.867
1684.000,237.372
1685.000,474.744
1686.000,553.867
1687.000,79.124
1688.000,79.124
1689.000,395.620
1690.000,158.248
1691.000,158.248
1692.000,632.991
1693.000,632.991
1694.000,237.372
1695.000,474.744
1696.000,553.867
1697.000,0.000
1698.000,0.000
1699.000,395.620
1700.000,158.248
1701.000,158.248
1702.000,632.991
1703.000,632.991
1704.000,237.372
1705.000,474.744
1706.000,474.744
1707.000,0.000
1708.000,0.000
1709.000,395.620
1710.000,237.372
1711.000,158.248
1712.000,632.991
1713.000,632.991
1714.000,237.372
1715.000,474.744
1716.000,474.744
1717.000,0.000
1718.000,79.124
1719.000,395.620
1720.000,237.372
1721.000,158.248
1722.000,632.991
1723.000,553.867
1724.000,237.372
1725.000,474.744
1726.000,474.744
1727.000,79.124
1728.000,79.124
1729.000,395.620
1730.000,158.248
1731.000,158.248
1732.000,632.991
1733.000,553.867
1734.000,237.372
1735.000,474.744
1736.000,553.867
1737.000,79.124
1738.000,79.124
1739.000,395.620
1740.000,158.248
1741.000,158.248
1742.000,632.991
1743.000,632.991
1744.000,237.372
1745.000,474.744
1746.000,474.744
1747.000,0.000
1748.000,0.000
1749.000,395.620
1750.000,158.248
1751.000,158.248
1752.000,632.991
1753.000,632.991
1754.000,237.372
1755.000,474.744
1756.000,474.744
1757.000,0.000
1758.000,0.000
1759.000,395.620
1760.000,237.372
1761.000,158.248
1762.000,632.991
1763.000,632.991
1764.000,237.372
1765.000,474.744
1766.000,474.744
1767.000,0.000
1768.000,79.124
1769.000,395.620
1770.000,237.372
1771.000,158.248
1772.000,632.991
1773.000,553.867
1774.000,237.372
1775.000,474.744
1776.000,474.744
1777.000,79.124
1778.000,79.124
1779.000,395.620
1780.000,237.372
1781.000,158.248
1782.000,632.991
1783.000,553.867
1784.000,237.372
1785.000,474.744
1786.000,553.867
1787.000,79.124
1788.000,79.124
1789.000,395.620
1790.000,158.248
1791.000,158.248
1792.000,632.991
1793.000,632.991
1794.000,237.372
1795.000,474.744
1796.000,474.744
1797.000,0.000
1798.000,0.000
1799.000,395.620
1800.000,158.248
1801.000,158.248
1802.000,632.991
1803.000,632.991
1804.000,237.372
1805.000,474.744
1806.000,474.744
1807.000,0.000
1808.000,0.000
1809.000,395.620
1810.000,237.372
1811.000,158.248
1812.000,632.991
1813.000,632.991
1814.000,237.372
1815.000,474.744
1816.000,474.744
1817.000,0.000
1818.000,79.124
1819.000,474.744
1820.000,237.372
1821.000,158.248
1822.000,632.991
1823.000,553.867
1824.000,237.372
1825.000,474.744
1826.000,474.744
1827.000,79.124
1828.000,79.124
1829.000,395.620
1830.000,237.372
1831.000,158.248
1832.000,632.991
1833.000,553.867
1834.000,237.372
1835.000,474.744
1836.000,553.867
1837.000,79.124
1838.000,79.124
1839.000,395.620
1840.000,158.248
1841.000,158.248
1842.000,632.991
1843.000,632.991
1844.000,237.372
1845.000,474.744
1846.000,474.744
1847.000,0.000
1848.000,0.000
1849.000,395.620
1850.000,158.248
1851.000,158.248
1852.000,632.991
1853.000,632.991
1854.000,237.372
1855.000,474.744
1856.000,474.744
1857.000,0.000
1858.000,0.000
1859.000,395.620
1860.000,237.372
1861.000,158.248
1862.000,632.991
1863.000,632.991
1864.000,237.372
1865.000,395.620
1866.000,474.744
1867.000,0.000
1868.000,79.124
1869.000,474.744
1870.000,237.372
1871.000,158.248
1872.000,632.991
1873.000,553.867
1874.000,237.372
1875.000,395.620
1876.000,474.744
1877.000,79.124
1878.000,79.124
1879.000,474.744
1880.000,237.372
1881.000,158.248
1882.000,553.867
1883.000,553.867
1884.000,237.372
1885.000,474.744
1886.000,553.867
1887.000,79.124
1888.000,79.124
1889.000,395.620
1890.000,158.248
1891.000,158.248
1892.000,553.867
1893.000,632.991
1894.000,237.372
1895.000,474.744
1896.000,553.867
1897.000,79.124
1898.000,79.124
1899.000,395.620
1900.000,158.248
1901.000,158.248
1902.000,632.991
1903.000,632.991
1904.000,237.372
1905.000,474.744
1906.000,474.744
1907.000,0.000
1908.000,0.000
1909.000,395.620
1910.000,158.248
1911.000,158.248
1912.000,632.991
1913.000,632.991
1914.000,237.372
1915.000,474.744
1916.000,474.744
1917.000,0.000
1918.000,79.124
1919.000,395.620
1920.000,237.372
1921.000,158.248
1922.000,632.991
1923.000,553.867
1924.000,237.372
1925.000,474.744
1926.000,474.744
1927.000,79.124
1928.000,79.124
1929.000,395.620
1930.000,158.248
1931.000,158.248
1932.000,553.867
1933.000,553.867
1934.000,237.372
1935.000,474.744
1936.000,553.867
1937.000,79.124
1938.000,79.124
1939.000,395.620
1940.000,158.248
1941.000,158.248
1942.000,553.867
1943.000,632.991
1944.000,237.372
1945.000,474.744
1946.000,553.867
1947.000,79.124
1948.000,0.000
1949.000,395.620
1950.000,158.248
1951.000,158.248
1952.000,632.991
1953.000,632.991
1954.000,316.496
1955.000,474.744
1956.000,474.744
1957.000,0.000
1958.000,0.000
1959.000,395.620
1960.000,158.248
1961.000,158.248
1962.000,632.991
1963.000,632.991
1964.000,237.372
1965.000,474.744
1966.000,474.744
1967.000,0.000
1968.000,79.124
1969.000,395.620
1970.000,237.372
1971.000,158.248
1972.000,632.991
1973.000,553.867
1974.000,237.372
1975.000,474.744
1976.000,474.744
1977.000,79.124
1978.000,79.124
1979.000,395.620
1980.000,158.248
1981.000,158.248
1982.000,553.867
1983.000,553.867
1984.000,237.372
1985.000,474.744
1986.000,553.867
1987.000,79.124
1988.000,79.124
1989.000,395.620
1990.000,158.248
1991.000,158.248
1992.000,632.991
1993.000,632.991
1994.000,316.496
1995.000,474.744
1996.000,553.867
1997.000,0.000
1998.000,0.000
1999.000,395.620
2000.000,158.248
2001.000,158.248
2002.000,632.991
2003.000,632.991
2004.000,316.496
2005.000,474.744
2006.000,474.744
2007.000,0.000
2008.000,0.000
2009.000,395.620
2010.000,158.248
2011.000,158.248
2012.000,632.991
2013.000,632.991
2014.000,237.372
2015.000,474.744
2016.000,474.744
2017.000,0.000
2018.000,0.000
2019.000,395.620
2020.000,237.372
2021.000,158.248
2022.000,632.991
2023.000,632.991
2024.000,237.372
2025.000,474.744
2026.000,474.744
2027.000,79.124
2028.000,79.124
2029.000,395.620
2030.000,158.248
2031.000,158.248
2032.000,632.991
2033.000,632.991
2034.000,237.372
2035.000,474.744
2036.000,553.867
2037.000,79.124
2038.000,79.124
2039.000,395.620
2040.000,158.248
2041.000,158.248
2042.000,632.991
2043.000,632.991
2044.000,316.496
2045.000,474.744
2046.000,474.744
2047.000,0.000
2048.000,0.000
2049.000,395.620
2050.000,158.248
2051.000,158.248
2052.000,632.991
2053.000,632.991
2054.000,316.496
2055.000,474.744
2056.000,474.744
2057.000,0.000
2058.000,0.000
2059.000,395.620
2060.000,237.372
2061.000,158.248
2062.000,632.991
2063.000,632.991
2064.000,237.372
2065.000,474.744
2066.000,474.744
2067.000,0.000
2068.000,79.124
2069.000,395.620
2070.000,237.372
2071.000,158.248
2072.000,632.991
2073.000,632.991
2074.000,237.372
2075.000,474.744
2076.000,474.744
2077.000,79.124
2078.000,79.124
2079.000,395.620
2080.000,158.248
2081.000,158.248
2082.000,553.867
2083.000,553.867
2084.000,237.372
2085.000,474.744
2086.000,553.867
2087.000,79.124
2088.000,79.124
2089.000,395.620
2090.000,158.248
2091.000,158.248
2092.000,632.991
2093.000,632.991
2094.000,316.496
2095.000,474.744
2096.000,553.867
2097.000,0.000
2098.000,0.000
2099.000,395.620
2100.000,158.248
2101.000,158.248
2102.000,632.991
2103.000,632.991
2104.000,316.496
2105.000,474.744
2106.000,474.744
2107.000,0.000
2108.000,0.000
2109.000,395.620
2110.000,237.372
2111.000,158.248
2112.000,632.991
2113.000,632.991
2114.000,237.372
2115.000,474.744
2116.000,474.744
2117.000,0.000
2118.000,79.124
2119.000,395.620
2120.000,237.372
2121.000,158.248
2122.000,632.991
2123.000,553.867
2124.000,237.372
2125.000,474.744
2126.000,474.744
2127.000,79.124
2128.000,79.124
2129.000,474.744
2130.000,237.372
2131.000,158.248
2132.000,553.867
2133.000,553.867
2134.000,237.372
2135.000,474.744
2136.000,553.867
2137.000,79.124
2138.000,79.124
2139.000,395.620
2140.000,158.248
2141.000,158.248
2142.000,632.991
2143.000,632.991
2144.000,237.372
2145.000,474.744
2146.000,553.867
2147.000,0.000
2148.000,0.000
2149.000,395.620
2150.000,158.248
2151.000,158.248
2152.000,632.991
2153.000,632.991
2154.000,237.372
2155.000,474.744
2156.000,474.744
2157.000,0.000
2158.000,0.000
2159.000,395.620
2160.000,237.372
2161.000,158.248
2162.000,632.991
2163.000,632.991
2164.000,237.372
2165.000,474.744
2166.000,474.744
2167.000,0.000
2168.000,79.124
2169.000,474.744
2170.000,237.372
2171.000,158.248
2172.000,632.991
2173.000,553.867
2174.000,237.372
2175.000,474.744
2176.000,474.744
2177.000,79.124
2178.000,79.124
2179.000,474.744
2180.000,237.372
2181.000,158.248
2182.000,553.867
2183.000,553.867
2184.000,237.372
2185.000,474.744
2186.000,553.867
2187.000,79.124
2188.000,79.124
2189.000,395.620
2190.000,158.248
2191.000,158.248
2192.000,553.867
2193.000,632.991
2194.000,237.372
2195.000,474.744
2196.000,553.867
2197.000,79.124
2198.000,0.000
2199.000,395.620
2200.000,158.248
2201.000,158.248
2202.000,632.991
2203.000,632.991
2204.000,237.372
2205.000,474.744
2206.000,474.744
2207.000,0.000
2208.000,0.000
2209.000,395.620
2210.000,237.372
2211.000,158.248
2212.000,632.991
2213.000,632.991
2214.000,237.372
2215.000,474.744
2216.000,474.744
2217.000,0.000
2218.000,79.124
2219.000,474.744
2220.000,237.372
2221.000,158.248
2222.000,632.991
2223.000,553.867
2224.000,237.372
2225.000,474.744
2226.000,474.744
2227.000,79.124
2228.000,79.124
2229.000,474.744
2230.000,237.372
2231.000,158.248
2232.000,553.867
2233.000,553.867
2234.000,237.372
2235.000,474.744
2236.000,553.867
2237.000,79.124
2238.000,79.124
2239.000,395.620
2240.000,158.248
2241.000,79.124
2242.000,553.867
2243.000,632.991
2244.000,237.372
2245.000,474.744
2246.000,553.867
2247.000,79.124
2248.000,79.124
2249.000,395.620
2250.000,158.248
2251.000,158.248
2252.000,632.991
2253.000,632.991
2254.000,316.496
2255.000,474.744
2256.000,474.744
2257.000,0.000
2258.000,0.000
2259.000,395.620
2260.000,158.248
2261.000,158.248
2262.000,632.991
2263.000,632.991
2264.000,237.372
2265.000,474.744
2266.000,474.744
2267.000,0.000
2268.000,79.124
2269.000,395.620
2270.000,237.372
2271.000,158.248
2272.000,632.991
2273.000,553.867
2274.000,237.372
2275.000,474.744
2276.000,553.867
2277.000,79.124
2278.000,79.124
2279.000,395.620
2280.000,158.248
2281.000,158.248
2282.000,553.867
2283.000,553.867
2284.000,237.372
2285.000,474.744
2286.000,553.867
2287.000,79.124
2288.000,79.124
2289.000,395.620
2290.000,158.248
2291.000,79.124
2292.000,632.991
2293.000,632.991
2294.000,316.496
2295.000,474.744
2296.000,553.867
2297.000,79.124
2298.000,0.000
2299.000,395.620
2300.000,158.248
2301.000,158.248
2302.000,632.991
2303.000,632.991
2304.000,316.496
2305.000,474.744
2306.000,474.744
2307.000,0.000
2308.000,0.000
2309.000,395.620
2310.000,158.248
2311.000,158.248
2312.000,632.991
2313.000,632.991
2314.000,237.372
2315.000,474.744
2316.000,474.744
2317.000,0.000
2318.000,79.124
2319.000,395.620
2320.000,237.372
2321.000,158.248
2322.000,632.991
2323.000,553.867
2324.000,237.372
2325.000,474.744
2326.000,474.744
2327.000,79.124
2328.000,79.124
2329.000,395.620
2330.000,158.248
2331.000,158.248
2332.000,632.991
2333.000,553.867
2334.000,237.372
2335.000,474.744
2336.000,553.867
2337.000,79.124
2338.000,79.124
2339.000,395.620
2340.000,158.248
2341.000,158.248
2342.000,632.991
2343.000,632.991
2344.000,316.496
2345.000,553.867
2346.000,553.867
2347.000,0.000
2348.000,0.000
2349.000,395.620
2350.000,158.248
2351.000,158.248
2352.000,632.991
2353.000,632.991
2354.000,316.496
2355.000,474.744
2356.000,474.744
2357.000,0.000
2358.000,0.000
2359.000,395.620
2360.000,237.372
2361.000,158.248
2362.000,632.991
2363.000,632.991
2364.000,237.372
2365.000,474.744
2366.000,474.744
2367.000,0.000
2368.000,79.124
2369.000,395.620
2370.000,237.372
2371.000,158.248
2372.000,632.991
2373.000,553.867
2374.000,237.372
2375.000,474.744
2376.000,474.744
2377.000,79.124
2378.000,79.124
2379.000,474.744
2380.000,237.372
2381.000,158.248
2382.000,632.991
2383.000,553.867
2384.000,237.372
2385.000,474.744
2386.000,553.867
2387.000,79.124
2388.000,79.124
2389.000,395.620
2390.000,158.248
2391.000,158.248
2392.000,632.991
2393.000,632.991
2394.000,316.496
2395.000,474.744
2396.000,553.867
2397.000,0.000
2398.000,0.000
2399.000,395.620
2400.000,158.248
2401.000,158.248
2402.000,632.991
2403.000,632.991
2404.000,316.496
2405.000,474.744
2406.000,474.744
2407.000,0.000
2408.000,0.000
2409.000,395.620
2410.000,237.372
2411.000,158.248
2412.000,632.991
2413.000,632.991
2414.000,237.372
2415.000,474.744
2416.000,474.744
2417.000,0.000
2418.000,79.124
2419.000,474.744
2420.000,237.372
2421.000,158.248
2422.000,632.991
2423.000,553.867
2424.000,237.372
2425.000,474.744
2426.000,474.744
2427.000,79.124
2428.000,79.124
2429.000,474.744
2430.000,158.248
2431.000,158.248
2432.000,553.867
2433.000,553.867
2434.000,237.372
2435.000,474.744
2436.000,553.867
2437.000,79.124
2438.000,79.124
2439.000,395.620
2440.000,158.248
2441.000,158.248
2442.000,632.991
2443.000,632.991
2444.000,316.496
2445.000,474.744
2446.000,553.867
2447.000,0.000
2448.000,0.000
2449.000,395.620
2450.000,158.248
2451.000,158.248
2452.000,632.991
2453.000,632.991
2454.000,316.496
2455.000,474.744
2456.000,474.744
2457.000,0.000
2458.000,0.000
2459.000,395.620
2460.000,237.372
2461.000,158.248
2462.000,632.991
2463.000,632.991
2464.000,237.372
2465.000,474.744
2466.000,474.744
2467.000,0.000
2468.000,79.124
2469.000,474.744
2470.000,237.372
2471.000,158.248
2472.000,632.991
2473.000,553.867
2474.000,237.372
2475.000,474.744
2476.000,474.744
2477.000,79.124
2478.000,79.124
2479.000,474.744
2480.000,158.248
2481.000,158.248
2482.000,553.867
2483.000,553.867
2484.000,237.372
2485.000,474.744
2486.000,553.867
2487.000,79.124
2488.000,79.124
2489.000,395.620
2490.000,158.248
2491.000,79.124
2492.000,632.991
2493.000,632.991
2494.000,316.496
2495.000,553.867
2496.000,553.867
2497.000,79.124
2498.000,0.000
2499.000,395.620
2500.000,158.248
2501.000,158.248
2502.000,632.991
2503.000,632.991
2504.000,316.496
2505.000,474.744
2506.000,474.744
2507.000,0.000
2508.000,0.000
2509.000,395.620
2510.000,158.248
2511.000,158.248
2512.000,632.991
2513.000,632.991
2514.000,237.372
2515.000,474.744
2516.000,474.744
2517.000,0.000
2518.000,79.124
2519.000,395.620
2520.000,237.372
2521.000,158.248
2522.000,632.991
2523.000,553.867
2524.000,237.372
2525.000,474.744
2526.000,474.744
2527.000,79.124
2528.000,79.124
2529.000,395.620
2530.000,158.248
2531.000,158.248
2532.000,553.867
2533.000,553.867
2534.000,237.372
2535.000,474.744
2536.000,553.867
2537.000,79.124
2538.000,79.124
2539.000,395.620
2540.000,158.248
2541.000,158.248
2542.000,632.991
2543.000,632.991
2544.000,316.496
2545.000,474.744
2546.000,553.867
2547.000,0.000
2548.000,0.000
2549.000,395.620
2550.000,158.248
2551.000,158.248
2552.000,632.991
2553.000,632.991
2554.000,316.496
2555.000,474.744
2556.000,474.744
2557.000,0.000
2558.000,0.000
2559.000,395.620
2560.000,237.372
2561.000,158.248
2562.000,632.991
2563.000,632.991
2564.000,237.372
2565.000,474.744
2566.000,474.744
2567.000,0.000
2568.000,79.124
2569.000,474.744
2570.000,237.372
2571.000,158.248
2572.000,632.991
2573.000,553.867
2574.000,237.372
2575.000,474.744
2576.000,553.867
2577.000,79.124
2578.000,79.124
2579.000,395.620
2580.000,158.248
2581.000,158.248
2582.000,553.867
2583.000,553.867
2584.000,237.372
2585.000,474.744
2586.000,553.867
2587.000,79.124
2588.000,79.124
2589.000,395.620
2590.000,158.248
2591.000,158.248
2592.000,632.991
2593.000,632.991
2594.000,316.496
2595.000,553.867
2596.000,553.867
2597.000,0.000
2598.000,0.000
2599.000,395.620
2600.000,158.248
2601.000,158.248
2602.000,632.991
2603.000,632.991
2604.000,316.496
2605.000,474.744
2606.000,474.744
2607.000,0.000
2608.000,0.000
2609.000,395.620
2610.000,237.372
2611.000,158.248
2612.000,632.991
2613.000,632.991
2614.000,237.372
2615.000,474.744
2616.000,474.744
2617.000,0.000
2618.000,79.124
2619.000,474.744
2620.000,237.372
2621.000,158.248
2622.000,632.991
2623.000,553.867
2624.000,237.372
2625.000,474.744
2626.000,553.867
2627.000,79.124
2628.000,79.124
2629.000,395.620
2630.000,158.248
2631.000,158.248
2632.000,553.867
2633.000,553.867
2634.000,237.372
2635.000,474.744
2636.000,553.867
2637.000,79.124
2638.000,79.124
2639.000,395.620
2640.000,158.248
2641.000,158.248
2642.000,632.991
2643.000,632.991
2644.000,316.496
2645.000,553.867
2646.000,553.867
2647.000,0.000
2648.000,0.000
2649.000,395.620
2650.000,158.248
2651.000,158.248
2652.000,632.991
2653.000,632.991
2654.000,316.496
2655.000,474.744
2656.000,474.744
2657.000,0.000
2658.000,0.000
2659.000,395.620
2660.000,237.372
2661.000,237.372
2662.000,632.991
2663.000,632.991
2664.000,237.372
2665.000,474.744
2666.000,474.744
2667.000,0.000
2668.000,79.124
2669.000,474.744
2670.000,237.372
2671.000,158.248
2672.000,632.991
2673.000,553.867
2674.000,237.372
2675.000,474.744
2676.000,474.744
2677.000,79.124
2678.000,79.124
2679.000,474.744
2680.000,158.248
2681.000,158.248
2682.000,553.867
2683.000,553.867
2684.000,237.372
2685.000,474.744
2686.000,553.867
2687.000,79.124
2688.000,79.124
2689.000,395.620
2690.000,158.248
2691.000,158.248
2692.000,632.991
2693.000,632.991
2694.000,316.496
2695.000,474.744
2696.000,553.867
2697.000,0.000
2698.000,0.000
2699.000,395.620
2700.000,158.248
2701.000,158.248
2702.000,632.991
2703.000,632.991
2704.000,237.372
2705.000,474.744
2706.000,474.744
2707.000,0.000
2708.000,0.000
2709.000,395.620
2710.000,237.372
2711.000,237.372
2712.000,632.991
2713.000,632.991
2714.000,237.372
2715.000,474.744
2716.000,474.744
2717.000,0.000
2718.000,79.124
2719.000,474.744
2720.000,237.372
2721.000,158.248
2722.000,632.991
2723.000,553.867
2724.000,237.372
2725.000,474.744
2726.000,474.744
2727.000,79.124
2728.000,79.124
2729.000,474.744
2730.000,237.372
2731.000,158.248
2732.000,553.867
2733.000,553.867
2734.000,237.372
2735.000,474.744
2736.000,553.867
2737.000,79.124
2738.000,79.124
2739.000,395.620
2740.000,158.248
2741.000,158.248
2742.000,632.991
2743.000,632.991
2744.000,237.372
2745.000,474.744
2746.000,553.867
2747.000,79.124
2748.000,79.124
2749.000,395.620
2750.000,158.248
2751.000,158.248
2752.000,632.991
2753.000,632.991
2754.000,237.372
2755.000,474.744
2756.000,474.744
2757.000,0.000
2758.000,79.124
2759.000,395.620
2760.000,237.372
2761.000,158.248
2762.000,632.991
2763.000,632.991
2764.000,237.372
2765.000,474.744
2766.000,474.744
2767.000,79.124
2768.000,79.124
2769.000,474.744
2770.000,237.372
2771.000,158.248
2772.000,632.991
2773.000,553.867
2774.000,237.372
2775.000,474.744
2776.000,553.867
2777.000,79.124
2778.000,79.124
2779.000,474.744
2780.000,158.248
2781.000,158.248
2782.000,553.867
2783.000,553.867
2784.000,237.372
2785.000,474.744
2786.000,553.867
2787.000,79.124
2788.000,79.124
2789.000,395.620
2790.000,158.248
2791.000,158.248
2792.000,632.991
2793.000,632.991
2794.000,316.496
2795.000,474.744
2796.000,553.867
2797.000,79.124
2798.000,79.124
2799.000,395.620
2800.000,158.248
2801.000,158.248
2802.000,632.991
2803.000,632.991
2804.000,237.372
2805.000,474.744
2806.000,474.744
2807.000,0.000
2808.000,79.124
2809.000,395.620
2810.000,158.248
2811.000,158.248
2812.000,632.991
2813.000,632.991
2814.000,237.372
2815.000,474.744
2816.000,474.744
2817.000,79.124
2818.000,79.124
2819.000,395.620
2820.000,158.248
2821.000,158.248
2822.000,632.991
2823.000,553.867
2824.000,237.372
2825.000,474.744
2826.000,553.867
2827.000,79.124
2828.000,79.124
2829.000,395.620
2830.000,158.248
2831.000,158.248
2832.000,553.867
2833.000,553.867
2834.000,237.372
2835.000,553.867
2836.000,553.867
2837.000,79.124
2838.000,79.124
2839.000,395.620
2840.000,158.248
2841.000,79.124
2842.000,632.991
2843.000,632.991
2844.000,316.496
2845.000,553.867
2846.000,553.867
2847.000,79.124
2848.000,0.000
2849.000,395.620
2850.000,158.248
2851.000,158.248
2852.000,632.991
2853.000,632.991
2854.000,316.496
2855.000,474.744
2856.000,474.744
2857.000,0.000
2858.000,0.000
2859.000,395.620
2860.000,158.248
2861.000,158.248
2862.000,632.991
2863.000,632.991
2864.000,237.372
2865.000,474.744
2866.000,474.744
2867.000,0.000
2868.000,79.124
2869.000,395.620
2870.000,237.372
2871.000,158.248
2872.000,632.991
2873.000,632.991
2874.000,237.372
2875.000,474.744
2876.000,474.744
2877.000,79.124
2878.000,79.124
2879.000,395.620
2880.000,158.248
2881.000,158.248
2882.000,632.991
2883.000,632.991
2884.000,237.372
2885.000,474.744
2886.000,553.867
2887.000,79.124
2888.000,79.124
2889.000,395.620
2890.000,158.248
2891.000,158.248
2892.000,632.991
2893.000,632.991
2894.000,316.496
2895.000,474.744
2896.000,553.867
2897.000,0.000
2898.000,0.000
2899.000,395.620
2900.000,158.248
2901.000,158.248
2902.000,632.991
2903.000,632.991
2904.000,316.496
2905.000,474.744
2906.000,474.744
2907.000,0.000
2908.000,0.000
2909.000,395.620
2910.000,237.372
2911.000,158.248
2912.000,632.991
2913.000,632.991
2914.000,237.372
2915.000,474.744
2916.000,474.744
2917.000,0.000
2918.000,79.124
2919.000,395.620
2920.000,237.372
2921.000,158.248
2922.000,632.991
2923.000,553.867
2924.000,237.372
2925.000,474.744
2926.000,474.744
2927.000,79.124
2928.000,79.124
2929.000,395.620
2930.000,158.248
2931.000,158.248
2932.000,632.991
2933.000,632.991
2934.000,237.372
2935.000,474.744
2936.000,553.867
2937.000,79.124
2938.000,79.124
2939.000,395.620
2940.000,158.248
2941.000,158.248
2942.000,632.991
2943.000,632.991
2944.000,316.496
2945.000,474.744
2946.000,553.867
2947.000,0.000
2948.000,0.000
2949.000,395.620
2950.000,158.248
2951.000,158.248
2952.000,632.991
2953.000,632.991
2954.000,316.496
2955.000,474.744
2956.000,474.744
2957.000,0.000
2958.000,0.000
2959.000,395.620
2960.000,237.372
2961.000,158.248
2962.000,632.991
2963.000,632.991
2964.000,237.372
2965.000,474.744
2966.000,474.744
2967.000,0.000
2968.000,79.124
2969.000,474.744
2970.000,237.372
2971.000,158.248
2972.000,632.991
2973.000,553.867
2974.000,237.372
2975.000,474.744
2976.000,474.744
2977.000,79.124
2978.000,79.124
2979.000,474.744
2980.000,158.248
2981.000,158.248
2982.000,632.991
2983.000,553.867
2984.000,237.372
2985.000,474.744
2986.000,553.867
2987.000,79.124
2988.000,79.124
2989.000,395.620
2990.000,158.248
2991.000,158.248
2992.000,632.991
2993.000,632.991
2994.000,237.372
2995.000,474.744
2996.000,553.867
2997.000,79.124
2998.000,79.124
2999.000,395.620
3000.000,158.248
3001.000,158.248
3002.000,632.991
3003.000,632.991
3004.000,237.372
3005.000,474.744
3006.000,474.744
3007.000,0.000
3008.000,79.124
3009.000,395.620
3010.000,237.372
3011.000,158.248
3012.000,632.991
3013.000,632.991
3014.000,237.372
3015.000,474.744
3016.000,474.744
3017.000,79.124
3018.000,79.124
3019.000,474.744
3020.000,237.372
3021.000,158.248
3022.000,632.991
3023.000,553.867
3024.000,237.372
3025.000,474.744
3026.000,474.744
3027.000,79.124
3028.000,79.124
3029.000,474.744
3030.000,158.248
3031.000,158.248
3032.000,553.867
3033.000,553.867
3034.000,237.372
3035.000,474.744
3036.000,553.867
3037.000,79.124
3038.000,79.124
3039.000,395.620
3040.000,158.248
3041.000,158.248
3042.000,632.991
3043.000,632.991
3044.000,237.372
3045.000,474.744
3046.000,553.867
3047.000,79.124
3048.000,79.124
3049.000,395.620
3050.000,158.248
3051.000,158.248
3052.000,632.991
3053.000,632.991
3054.000,237.372
3055.000,474.744
3056.000,474.744
3057.000,0.000
3058.000,79.124
3059.000,395.620
3060.000,237.372
3061.000,158.248
3062.000,632.991
3063.000,632.991
3064.000,237.372
3065.000,474.744
3066.000,474.744
3067.000,79.124
3068.000,79.124
3069.000,474.744
3070.000,237.372
3071.000,158.248
3072.000,632.991
3073.000,553.867
3074.000,237.372
3075.000,474.744
3076.000,553.867
3077.000,79.124
3078.000,79.124
3079.000,474.744
3080.000,158.248
3081.000,158.248
3082.000,553.867
3083.000,553.867
3084.000,237.372
3085.000,474.744
3086.000,553.867
3087.000,79.124
3088.000,79.124
3089.000,395.620
3090.000,158.248
3091.000,79.124
3092.000,553.867
3093.000,553.867
3094.000,237.372
3095.000,553.867
3096.000,553.867
3097.000,79.124
3098.000,79.124
3099.000,395.620
3100.000,158.248
3101.000,158.248
3102.000,632.991
3103.000,632.991
3104.000,237.372
3105.000,474.744
3106.000,553.867
3107.000,79.124
3108.000,79.124
3109.000,395.620
3110.000,158.248
3111.000,158.248
3112.000,632.991
3113.000,632.991
3114.000,237.372
3115.000,474.744
3116.000,474.744
3117.000,79.124
3118.000,79.124
3119.000,395.620
3120.000,158.248
3121.000,158.248
3122.000,632.991
3123.000,553.867
3124.000,237.372
3125.000,474.744
3126.000,553.867
3127.000,79.124
3128.000,79.124
3129.000,395.620
3130.000,158.248
3131.000,158.248
3132.000,553.867
3133.000,553.867
3134.000,237.372
3135.000,474.744
3136.000,553.867
3137.000,79.124
3138.000,79.124
3139.000,395.620
3140.000,158.248
3141.000,79.124
3142.000,632.991
3143.000,632.991
3144.000,316.496
3145.000,553.867
3146.000,553.867
3147.000,79.124
3148.000,79.124
3149.000,395.620
3150.000,158.248
3151.000,158.248
3152.000,632.991
3153.000,632.991
3154.000,316.496
3155.000,474.744
3156.000,553.867
3157.000,0.000
3158.000,79.124
3159.000,395.620
3160.000,158.248
3161.000,158.248
3162.000,632.991
3163.000,632.991
3164.000,237.372
3165.000,474.744
3166.000,474.744
3167.000,79.124
3168.000,79.124
3169.000,395.620
3170.000,158.248
3171.000,158.248
3172.000,632.991
3173.000,553.867
3174.000,237.372
3175.000,474.744
3176.000,553.867
3177.000,79.124
3178.000,79.124
3179.000,395.620
3180.000,158.248
3181.000,158.248
3182.000,553.867
3183.000,553.867
3184.000,237.372
3185.000,474.744
3186.000,553.867
3187.000,79.124
3188.000,79.124
3189.000,395.620
3190.000,158.248
3191.000,158.248
3192.000,632.991
3193.000,632.991
3194.000,316.496
3195.000,553.867
3196.000,553.867
3197.000,79.124
3198.000,0.000
3199.000,395.620
3200.000,158.248
3201.000,158.248
3202.000,632.991
3203.000,632.991
3204.000,316.496
3205.000,474.744
3206.000,474.744
3207.000,0.000
3208.000,0.000
3209.000,395.620
3210.000,158.248
3211.000,158.248
3212.000,632.991
3213.000,632.991
3214.000,237.372
3215.000,474.744
3216.000,474.744
3217.000,0.000
3218.000,79.124
3219.000,395.620
3220.000,237.372
3221.000,158.248
3222.000,632.991
3223.000,632.991
3224.000,237.372
3225.000,474.744
3226.000,474.744
3227.000,79.124
3228.000,79.124
3229.000,395.620
3230.000,158.248
3231.000,158.248
3232.000,632.991
3233.000,553.867
3234.000,237.372
3235.000,474.744
3236.000,553.867
3237.000,79.124
3238.000,79.124
3239.000,395.620
3240.000,158.248
3241.000,158.248
3242.000,632.991
3243.000,632.991
3244.000,316.496
3245.000,474.744
3246.000,553.867
3247.000,79.124
3248.000,0.000
3249.000,395.620
3250.000,158.248
3251.000,158.248
3252.000,632.991
3253.000,632.991
3254.000,316.496
3255.000,474.744
3256.000,474.744
3257.000,0.000
3258.000,0.000
3259.000,395.620
3260.000,158.248
3261.000,158.248
3262.000,632.991
3263.000,632.991
3264.000,237.372
3265.000,474.744
3266.000,474.744
3267.000,0.000
3268.000,79.124
3269.000,395.620
3270.000,237.372
3271.000,158.248
3272.000,632.991
3273.000,553.867
3274.000,237.372
3275.000,474.744
3276.000,474.744
3277.000,79.124
3278.000,79.124
3279.000,474.744
3280.000,158.248
3281.000,158.248
3282.000,553.867
3283.000,553.867
3284.000,237.372
3285.000,474.744
3286.000,553.867
3287.000,79.124
3288.000,79.124
3289.000,395.620
3290.000,158.248
3291.000,158.248
3292.000,632.991
3293.000,632.991
3294.000,316.496
3295.000,553.867
3296.000,553.867
3297.000,79.124
3298.000,79.124
3299.000,395.620
3300.000,158.248
3301.000,158.248
3302.000,632.991
3303.000,632.991
3304.000,316.496
3305.000,474.744
3306.000,474.744
3307.000,0.000
3308.000,0.000
3309.000,395.620
3310.000,158.248
3311.000,158.248
3312.000,632.991
3313.000,632.991
3314.000,237.372
3315.000,474.744
3316.000,474.744
3317.000,0.000
3318.000,79.124
3319.000,474.744
3320.000,237.372
3321.000,158.248
3322.000,632.991
3323.000,553.867
3324.000,237.372
3325.000,474.744
3326.000,474.744
3327.000,79.124
3328.000,79.124
3329.000,474.744
3330.000,158.248
3331.000,158.248
3332.000,553.867
3333.000,553.867
3334.000,237.372
3335.000,474.744
3336.000,553.867
3337.000,79.124
3338.000,79.124
3339.000,395.620
3340.000,158.248
3341.000,158.248
3342.000,553.867
3343.000,632.991
3344.000,316.496
3345.000,553.867
3346.000,553.867
3347.000,79.124
3348.000,79.124
3349.000,395.620
3350.000,158.248
3351.000,158.248
3352.000,632.991
3353.000,632.991
3354.000,316.496
3355.000,474.744
3356.000,474.744
3357.000,0.000
3358.000,0.000
3359.000,395.620
3360.000,158.248
3361.000,158.248
3362.000,632.991
3363.000,632.991
3364.000,237.372
3365.000,474.744
3366.000,474.744
3367.000,0.000
3368.000,79.124
3369.000,395.620
3370.000,237.372
3371.000,158.248
3372.000,632.991
3373.000,553.867
3374.000,237.372
3375.000,474.744
3376.000,474.744
3377.000,79.124
3378.000,79.124
3379.000,395.620
3380.000,158.248
3381.000,158.248
3382.000,632.991
3383.000,553.867
3384.000,237.372
3385.000,474.744
3386.000,553.867
3387.000,79.124
3388.000,79.124
3389.000,395.620
3390.000,158.248
3391.000,158.248
3392.000,632.991
3393.000,632.991
3394.000,316.496
3395.000,553.867
3396.000,553.867
3397.000,79.124
3398.000,79.124
3399.000,395.620
3400.000,158.248
3401.000,158.248
3402.000,632.991
3403.000,632.991
3404.000,316.496
3405.000,474.744
3406.000,474.744
3407.000,0.000
3408.000,0.000
3409.000,395.620
3410.000,158.248
3411.000,158.248
3412.000,632.991
3413.000,632.991
3414.000,237.372
3415.000,474.744
3416.000,474.744
3417.000,0.000
3418.000,79.124
3419.000,395.620
3420.000,237.372
3421.000,158.248
3422.000,632.991
3423.000,553.867
3424.000,237.372
3425.000,474.744
3426.000,553.867
3427.000,79.124
3428.000,79.124
3429.000,395.620
3430.000,158.248
3431.000,158.248
3432.000,553.867
3433.000,553.867
3434.000,237.372
3435.000,474.744
3436.000,553.867
3437.000,79.124
3438.000,79.124
3439.000,395.620
3440.000,158.248
3441.000,79.124
3442.000,553.867
3443.000,632.991
3444.000,316.496
3445.000,553.867
3446.000,553.867
3447.000,79.124
3448.000,0.000
3449.000,395.620
3450.000,158.248
3451.000,158.248
3452.000,632.991
3453.000,632.991
3454.000,316.496
3455.000,474.744
3456.000,474.744
3457.000,0.000
3458.000,0.000
3459.000,395.620
3460.000,158.248
3461.000,158.248
3462.000,632.991
3463.000,632.991
3464.000,237.372
3465.000,474.744
3466.000,474.744
3467.000,0.000
3468.000,79.124
3469.000,395.620
3470.000,237.372
3471.000,158.248
3472.000,632.991
3473.000,553.867
3474.000,237.372
3475.000,474.744
3476.000,553.867
3477.000,79.124
3478.000,79.124
3479.000,395.620
3480.000,158.248
3481.000,158.248
3482.000,553.867
3483.000,553.867
3484.000,237.372
3485.000,474.744
3486.000,553.867
3487.000,79.124
3488.000,79.124
3489.000,395.620
3490.000,158.248
3491.000,79.124
3492.000,632.991
3493.000,632.991
3494.000,316.496
3495.000,553.867
3496.000,553.867
3497.000,79.124
3498.000,0.000
3499.000,395.620
3500.000,158.248
3501.000,158.248
3502.000,632.991
3503.000,632.991
3504.000,316.496
3505.000,474.744
3506.000,474.744
3507.000,0.000
3508.000,0.000
3509.000,395.620
3510.000,158.248
3511.000,158.248
3512.000,632.991
3513.000,632.991
3514.000,237.372
3515.000,474.744
3516.000,474.744
3517.000,0.000
3518.000,79.124
3519.000,395.620
3520.000,237.372
3521.000,158.248
3522.000,632.991
3523.000,553.867
3524.000,237.372
3525.000,474.744
3526.000,474.744
3527.000,79.124
3528.000,79.124
3529.000,474.744
3530.000,158.248
3531.000,158.248
3532.000,553.867
3533.000,553.867
3534.000,237.372
3535.000,474.744
3536.000,553.867
3537.000,79.124
3538.000,79.124
3539.000,395.620
3540.000,158.248
3541.000,79.124
3542.000,632.991
3543.000,632.991
3544.000,316.496
3545.000,553.867
3546.000,553.867
3547.000,79.124
3548.000,0.000
3549.000,395.620
3550.000,158.248
3551.000,158.248
3552.000,632.991
3553.000,632.991
3554.000,316.496
3555.000,474.744
3556.000,474.744
3557.000,0.000
3558.000,0.000
3559.000,395.620
3560.000,158.248
3561.000,158.248
3562.000,632.991
3563.000,632.991
3564.000,237.372
3565.000,474.744
3566.000,474.744
3567.000,0.000
3568.000,79.124
3569.000,474.744
3570.000,237.372
3571.000,158.248
3572.000,632.991
3573.000,553.867
3574.000,237.372
3575.000,474.744
3576.000,474.744
3577.000,79.124
3578.000,79.124
3579.000,474.744
3580.000,158.248
3581.000,158.248
3582.000,553.867
3583.000,553.867
3584.000,237.372
3585.000,474.744
3586.000,553.867
3587.000,79.124
3588.000,79.124
3589.000,395.620
3590.000,158.248
3591.000,79.124
3592.000,553.867
3593.000,553.867
3594.000,237.372
3595.000,553.867
3596.000,553.867
3597.000,79.124
3598.000,79.124
3599.000,395.620
3600.000,158.248
3601.000,158.248
3602.000,632.991
3603.000,632.991
3604.000,237.372
3605.000,474.744
3606.000,474.744
3607.000,0.000
3608.000,79.124
3609.000,395.620
3610.000,158.248
3611.000,158.248
3612.000,632.991
3613.000,632.991
3614.000,237.372
3615.000,474.744
3616.000,474.744
3617.000,79.124
3618.000,79.124
3619.000,474.744
3620.000,237.372
3621.000,158.248
3622.000,632.991
3623.000,553.867
3624.000,237.372
3625.000,474.744
3626.000,553.867
3627.000,79.124
3628.000,79.124
3629.000,474.744
3630.000,158.248
3631.000,158.248
3632.000,553.867
3633.000,553.867
3634.000,237.372
3635.000,553.867
3636.000,553.867
3637.000,79.124
3638.000,79.124
3639.000,395.620
3640.000,158.248
3641.000,79.124
3642.000,553.867
3643.000,632.991
3644.000,316.496
3645.000,553.867
3646.000,553.867
3647.000,79.124
3648.000,79.124
3649.000,395.620
3650.000,158.248
3651.000,158.248
3652.000,632.991
3653.000,632.991
3654.000,316.496
3655.000,553.867
3656.000,474.744
3657.000,0.000
3658.000,0.000
3659.000,395.620
3660.000,158.248
3661.000,158.248
3662.000,632.991
3663.000,632.991
3664.000,237.372
3665.000,474.744
3666.000,474.744
3667.000,0.000
3668.000,79.124
3669.000,395.620
3670.000,158.248
3671.000,158.248
3672.000,632.991
3673.000,553.867
3674.000,237.372
3675.000,474.744
3676.000,553.867
3677.000,79.124
3678.000,79.124
3679.000,395.620
3680.000,158.248
3681.000,158.248
3682.000,553.867
3683.000,553.867
3684.000,237.372
3685.000,553.867
3686.000,553.867
3687.000,79.124
3688.000,79.124
3689.000,395.620
3690.000,158.248
3691.000,79.124
3692.000,632.991
3693.000,632.991
3694.000,316.496
3695.000,553.867
3696.000,553.867
3697.000,79.124
3698.000,0.000
3699.000,395.620
3700.000,158.248
3701.000,158.248
3702.000,632.991
3703.000,632.991
3704.000,316.496
3705.000,474.744
3706.000,474.744
3707.000,0.000
3708.000,0.000
3709.000,395.620
3710.000,158.248
3711.000,158.248
3712.000,632.991
3713.000,632.991
3714.000,237.372
3715.000,474.744
3716.000,474.744
3717.000,0.000
3718.000,79.124
3719.000,395.620
3720.000,158.248
3721.000,158.248
3722.000,632.991
3723.000,553.867
3724.000,237.372
3725.000,474.744
3726.000,474.744
3727.000,79.124
3728.000,79.124
3729.000,395.620
3730.000,158.248
3731.000,158.248
3732.000,553.867
3733.000,553.867
3734.000,237.372
3735.000,474.744
3736.000,553.867
3737.000,79.124
3738.000,79.124
3739.000,395.620
3740.000,158.248
3741.000,158.248
3742.000,632.991
3743.000,632.991
3744.000,316.496
3745.000,553.867
3746.000,553.867
3747.000,0.000
3748.000,0.000
3749.000,395.620
3750.000,158.248
3751.000,158.248
3752.000,632.991
3753.000,632.991
3754.000,316.496
3755.000,474.744
3756.000,474.744
3757.000,0.000
3758.000,0.000
3759.000,395.620
3760.000,158.248
3761.000,158.248
3762.000,632.991
3763.000,632.991
3764.000,237.372
3765.000,474.744
3766.000,474.744
3767.000,0.000
3768.000,79.124
3769.000,395.620
3770.000,237.372
3771.000,158.248
3772.000,632.991
3773.000,553.867
3774.000,237.372
3775.000,474.744
3776.000,474.744
3777.000,79.124
3778.000,79.124
3779.000,395.620
3780.000,158.248
3781.000,158.248
3782.000,553.867
3783.000,553.867
3784.000,237.372
3785.000,474.744
3786.000,553.867
3787.000,79.124
3788.000,79.124
3789.000,395.620
3790.000,158.248
3791.000,158.248
3792.000,632.991
3793.000,632.991
3794.000,316.496
3795.000,553.867
3796.000,553.867
3797.000,0.000
3798.000,0.000
3799.000,395.620
3800.000,158.248
3801.000,158.248
3802.000,632.991
3803.000,632.991
3804.000,316.496
3805.000,474.744
3806.000,474.744
3807.000,0.000
3808.000,0.000
3809.000,395.620
3810.000,158.248
3811.000,158.248
3812.000,632.991
3813.000,632.991
3814.000,237.372
3815.000,474.744
3816.000,474.744
3817.000,0.000
3818.000,79.124
3819.000,474.744
3820.000,237.372
3821.000,158.248
3822.000,632.991
3823.000,553.867
3824.000,237.372
3825.000,474.744
3826.000,474.744
3827.000,79.124
3828.000,79.124
3829.000,474.744
3830.000,158.248
3831.000,158.248
3832.000,553.867
3833.000,553.867
3834.000,237.372
3835.000,474.744
3836.000,553.867
3837.000,79.124
3838.000,79.124
3839.000,395.620
3840.000,158.248
3841.000,158.248
3842.000,632.991
3843.000,632.991
3844.000,316.496
3845.000,553.867
3846.000,553.867
3847.000,0.000
3848.000,0.000
3849.000,395.620
3850.000,158.248
3851.000,158.248
3852.000,632.991
3853.000,632.991
3854.000,316.496
3855.000,474.744
3856.000,474.744
3857.000,0.000
3858.000,0.000
3859.000,395.620
3860.000,158.248
3861.000,158.248
3862.000,632.991
3863.000,632.991
3864.000,237.372
3865.000,474.744
3866.000,474.744
3867.000,0.000
3868.000,79.124
3869.000,474.744
3870.000,237.372
3871.000,158.248
3872.000,632.991
3873.000,553.867
3874.000,237.372
3875.000,474.744
3876.000,474.744
3877.000,79.124
3878.000,79.124
3879.000,474.744
3880.000,158.248
3881.000,158.248
3882.000,553.867
3883.000,553.867
3884.000,237.372
3885.000,474.744
3886.000,553.867
3887.000,79.124
3888.000,79.124
3889.000,395.620
3890.000,158.248
3891.000,158.248
3892.000,632.991
3893.000,632.991
3894.000,316.496
3895.000,553.867
3896.000,553.867
3897.000,79.124
3898.000,79.124
3899.000,395.620
3900.000,158.248
3901.000,158.248
3902.000,632.991
3903.000,632.991
3904.000,237.372
3905.000,474.744
3906.000,474.744
3907.000,0.000
3908.000,79.124
3909.000,395.620
3910.000,158.248
3911.000,158.248
3912.000,632.991
3913.000,632.991
3914.000,237.372
3915.000,474.744
3916.000,474.744
3917.000,79.124
3918.000,79.124
3919.000,474.744
3920.000,237.372
3921.000,158.248
3922.000,632.991
3923.000,553.867
3924.000,237.372
3925.000,474.744
3926.000,553.867
3927.000,79.124
3928.000,158.248
3929.000,474.744
3930.000,158.248
3931.000,158.248
3932.000,553.867
3933.000,553.867
3934.000,237.372
3935.000,553.867
3936.000,553.867
3937.000,79.124
3938.000,79.124
3939.000,395.620
3940.000,158.248
3941.000,79.124
3942.000,553.867
3943.000,553.867
3944.000,316.496
3945.000,553.867
3946.000,553.867
3947.000,79.124
3948.000,79.124
3949.000,395.620
3950.000,158.248
3951.000,158.248
3952.000,632.991
3953.000,632.991
3954.000,316.496
3955.000,474.744
3956.000,553.867
3957.000,0.000
3958.000,79.124
3959.000,395.620
3960.000,158.248
3961.000,158.248
3962.000,632.991
3963.000,632.991
3964.000,237.372
3965.000,474.744
3966.000,474.744
3967.000,79.124
3968.000,79.124
3969.000,395.620
3970.000,158.248
3971.000,158.248
3972.000,632.991
3973.000,553.867
3974.000,237.372
3975.000,474.744
3976.000,553.867
3977.000,79.124
3978.000,79.124
3979.000,395.620
3980.000,158.248
3981.000,79.124
3982.000,553.867
3983.000,553.867
3984.000,237.372
3985.000,553.867
3986.000,553.867
3987.000,79.124
3988.000,79.124
3989.000,395.620
3990.000,158.248
3991.000,79.124
3992.000,553.867
3993.000,632.991
3994.000,316.496
3995.000,553.867
3996.000,553.867
3997.000,79.124
3998.000,0.000
3999.000,395.620
4000.000,158.248
4001.000,158.248
4002.000,632.991
4003.000,632.991
4004.000,316.496
4005.000,474.744
4006.000,474.744
4007.000,0.000
4008.000,0.000
4009.000,395.620
4010.000,158.248
4011.000,158.248
4012.000,632.991
4013.000,632.991
4014.000,237.372
4015.000,474.744
4016.000,474.744
4017.000,79.124
4018.000,79.124
4019.000,395.620
4020.000,158.248
4021.000,158.248
4022.000,632.991
4023.000,553.867
4024.000,237.372
4025.000,474.744
4026.000,553.867
4027.000,79.124
4028.000,79.124
4029.000,395.620
4030.000,158.248
4031.000,158.248
4032.000,553.867
4033.000,553.867
4034.000,237.372
4035.000,553.867
4036.000,553.867
4037.000,79.124
4038.000,79.124
4039.000,395.620
4040.000,158.248
4041.000,79.124
4042.000,632.991
4043.000,632.991
4044.000,316.496
4045.000,553.867
4046.000,553.867
4047.000,79.124
4048.000,0.000
4049.000,395.620
4050.000,158.248
4051.000,158.248
4052.000,632.991
4053.000,632.991
4054.000,316.496
4055.000,474.744
4056.000,474.744
4057.000,0.000
4058.000,0.000
4059.000,395.620
4060.000,158.248
4061.000,158.248
4062.000,632.991
4063.000,632.991
4064.000,237.372
4065.000,474.744
4066.000,474.744
4067.000,0.000
4068.000,79.124
4069.000,395.620
4070.000,237.372
4071.000,158.248
4072.000,632.991
4073.000,553.867
4074.000,237.372
4075.000,474.744
4076.000,474.744
4077.000,79.124
4078.000,79.124
4079.000,395.620
4080.000,158.248
4081.000,158.248
4082.000,553.867
4083.000,553.867
4084.000,237.372
4085.000,474.744
4086.000,553.867
4087.000,79.124
4088.000,79.124
4089.000,395.620
4090.000,158.248
4091.000,158.248
4092.000,632.991
4093.000,632.991
4094.000,316.496
4095.000,553.867
4096.000,553.867
4097.000,0.000
4098.000,0.000
4099.000,395.620
4100.000,158.248
4101.000,158.248
4102.000,632.991
4103.000,632.991
4104.000,237.372
4105.000,474.744
4106.000,474.744
4107.000,0.000
4108.000,79.124
4109.000,395.620
4110.000,158.248
4111.000,158.248
4112.000,632.991
4113.000,632.991
4114.000,237.372
4115.000,474.744
4116.000,474.744
4117.000,0.000
4118.000,79.124
4119.000,474.744
4120.000,237.372
4121.000,158.248
4122.000,632.991
4123.000,553.867
4124.000,237.372
4125.000,474.744
4126.000,553.867
4127.000,79.124
4128.000,79.124
4129.000,395.620
4130.000,158.248
4131.000,158.248
4132.000,553.867
4133.000,553.867
4134.000,237.372
4135.000,474.744
4136.000,553.867
4137.000,79.124
4138.000,79.124
4139.000,395.620
4140.000,158.248
4141.000,158.248
4142.000,632.991
4143.000,632.991
4144.000,316.496
4145.000,553.867
4146.000,553.867
4147.000,79.124
4148.000,79.124
4149.000,395.620
4150.000,158.248
4151.000,158.248
4152.000,632.991
4153.000,632.991
4154.000,237.372
4155.000,474.744
4156.000,474.744
4157.000,0.000
4158.000,79.124
4159.000,395.620
4160.000,158.248
4161.000,158.248
4162.000,632.991
4163.000,632.991
4164.000,237.372
4165.000,474.744
4166.000,474.744
4167.000,0.000
4168.000,79.124
4169.000,474.744
4170.000,237.372
4171.000,158.248
4172.000,632.991
4173.000,553.867
4174.000,237.372
4175.000,474.744
4176.000,474.744
4177.000,79.124
4178.000,79.124
4179.000,474.744
4180.000,158.248
4181.000,158.248
4182.000,553.867
4183.000,553.867
4184.000,237.372
4185.000,474.744
4186.000,553.867
4187.000,79.124
4188.000,79.124
4189.000,395.620
4190.000,158.248
4191.000,79.124
4192.000,553.867
4193.000,632.991
4194.000,237.372
4195.000,553.867
4196.000,553.867
4197.000,79.124
4198.000,79.124
4199.000,395.620
4200.000,158.248
4201.000,158.248
4202.000,632.991
4203.000,632.991
4204.000,316.496
4205.000,474.744
4206.000,474.744
4207.000,0.000
4208.000,79.124
4209.000,395.620
4210.000,158.248
4211.000,158.248
4212.000,632.991
4213.000,632.991
4214.000,237.372
4215.000,474.744
4216.000,474.744
4217.000,79.124
4218.000,79.124
4219.000,395.620
4220.000,158.248
4221.000,158.248
4222.000,632.991
4223.000,553.867
4224.000,237.372
4225.000,474.744
4226.000,553.867
4227.000,79.124
4228.000,79.124
4229.000,395.620
4230.000,158.248
4231.000,158.248
4232.000,553.867
4233.000,553.867
4234.000,237.372
4235.000,553.867
4236.000,553.867
4237.000,79.124
4238.000,79.124
4239.000,395.620
4240.000,158.248
4241.000,79.124
4242.000,553.867
4243.000,632.991
4244.000,316.496
4245.000,553.867
4246.000,553.867
4247.000,79.124
4248.000,79.124
4249.000,395.620
4250.000,158.248
4251.000,158.248
4252.000,632.991
4253.000,632.991
4254.000,316.496
4255.000,474.744
4256.000,474.744
4257.000,0.000
4258.000,79.124
4259.000,395.620
4260.000,158.248
4261.000,158.248
4262.000,632.991
4263.000,632.991
4264.000,237.372
4265.000,474.744
4266.000,474.744
4267.000,79.124
4268.000,79.124
4269.000,395.620
4270.000,158.248
4271.000,158.248
4272.000,632.991
4273.000,553.867
4274.000,237.372
4275.000,474.744
4276.000,553.867
4277.000,79.124
4278.000,79.124
4279.000,395.620
4280.000,158.248
4281.000,158.248
4282.000,553.867
4283.000,553.867
4284.000,237.372
4285.000,553.867
4286.000,553.867
4287.000,79.124
4288.000,79.124
4289.000,395.620
4290.000,158.248
4291.000,79.124
4292.000,632.991
4293.000,632.991
4294.000,316.496
4295.000,553.867
4296.000,553.867
4297.000,79.124
4298.000,0.000
4299.000,395.620
4300.000,158.248
4301.000,158.248
4302.000,632.991
4303.000,632.991
4304.000,316.496
4305.000,474.744
4306.000,474.744
4307.000,0.000
4308.000,0.000
4309.000,395.620
4310.000,158.248
4311.000,158.248
4312.000,632.991
4313.000,632.991
4314.000,237.372
4315.000,474.744
4316.000,474.744
4317.000,0.000
4318.000,79.124
4319.000,395.620
4320.000,158.248
4321.000,158.248
4322.000,632.991
4323.000,553.867
4324.000,237.372
4325.000,474.744
4326.000,553.867
4327.000,79.124
4328.000,79.124
4329.000,395.620
4330.000,158.248
4331.000,158.248
4332.000,553.867
4333.000,553.867
4334.000,237.372
4335.000,553.867
4336.000,553.867
4337.000,79.124
4338.000,79.124
4339.000,395.620
4340.000,158.248
4341.000,158.248
4342.000,632.991
4343.000,632.991
4344.000,316.496
4345.000,553.867
4346.000,553.867
4347.000,79.124
4348.000,0.000
4349.000,395.620
4350.000,158.248
4351.000,158.248
4352.000,632.991
4353.000,632.991
4354.000,316.496
4355.000,474.744
4356.000,474.744
4357.000,0.000
4358.000,0.000
4359.000,395.620
4360.000,158.248
4361.000,158.248
4362.000,632.991
4363.000,632.991
4364.000,237.372
4365.000,474.744
4366.000,474.744
4367.000,0.000
4368.000,79.124
4369.000,395.620
4370.000,158.248
4371.000,158.248
4372.000,632.991
4373.000,553.867
4374.000,237.372
4375.000,474.744
4376.000,474.744
4377.000,79.124
4378.000,79.124
4379.000,395.620
4380.000,158.248
4381.000,158.248
4382.000,553.867
4383.000,553.867
4384.000,237.372
4385.000,474.744
4386.000,553.867
4387.000,79.124
4388.000,79.124
4389.000,395.620
4390.000,158.248
4391.000,158.248
4392.000,632.991
4393.000,632.991
4394.000,316.496
4395.000,553.867
4396.000,553.867
4397.000,79.124
4398.000,79.124
4399.000,395.620
4400.000,158.248
4401.000,158.248
4402.000,632.991
4403.000,632.991
4404.000,316.496
4405.000,474.744
4406.000,474.744
4407.000,0.000
4408.000,79.124
4409.000,395.620
4410.000,158.248
4411.000,158.248
4412.000,632.991
4413.000,632.991
4414.000,237.372
4415.000,474.744
4416.000,474.744
4417.000,0.000
4418.000,79.124
4419.000,395.620
4420.000,158.248
4421.000,158.248
4422.000,632.991
4423.000,553.867
4424.000,237.372
4425.000,474.744
4426.000,553.867
4427.000,79.124
4428.000,79.124
4429.000,474.744
4430.000,158.248
4431.000,158.248
4432.000,553.867
4433.000,553.867
4434.000,237.372
4435.000,474.744
4436.000,553.867
4437.000,79.124
4438.000,79.124
4439.000,395.620
4440.000,158.248
4441.000,79.124
4442.000,553.867
4443.000,553.867
4444.000,237.372
4445.000,553.867
4446.000,553.867
4447.000,79.124
4448.000,79.124
4449.000,395.620
4450.000,158.248
4451.000,158.248
4452.000,632.991
4453.000,632.991
4454.000,316.496
4455.000,474.744
4456.000,553.867
4457.000,0.000
4458.000,79.124
4459.000,395.620
4460.000,158.248
4461.000,158.248
4462.000,632.991
4463.000,632.991
4464.000,237.372
4465.000,474.744
4466.000,474.744
4467.000,79.124
4468.000,79.124
4469.000,395.620
4470.000,158.248
4471.000,158.248
4472.000,632.991
4473.000,553.867
4474.000,237.372
4475.000,474.744
4476.000,553.867
4477.000,79.124
4478.000,79.124
4479.000,395.620
4480.000,158.248
4481.000,158.248
4482.000,553.867
4483.000,553.867
4484.000,237.372
4485.000,553.867
4486.000,553.867
4487.000,79.124
4488.000,79.124
4489.000,395.620
4490.000,158.248
4491.000,79.124
4492.000,553.867
4493.000,553.867
4494.000,316.496
4495.000,553.867
4496.000,553.867
4497.000,79.124
4498.000,79.124
4499.000,395.620
4500.000,158.248
4501.000,158.248
4502.000,632.991
4503.000,632.991
4504.000,316.496
4505.000,553.867
4506.000,553.867
4507.000,0.000
4508.000,79.124
4509.000,395.620
4510.000,158.248
4511.000,158.248
4512.000,632.991
4513.000,632.991
4514.000,237.372
4515.000,474.744
4516.000,474.744
4517.000,79.124
4518.000,79.124
4519.000,395.620
4520.000,158.248
4521.000,158.248
4522.000,632.991
4523.000,553.867
4524.000,237.372
4525.000,474.744
4526.000,553.867
4527.000,79.124
4528.000,79.124
4529.000,395.620
4530.000,158.248
4531.000,158.248
4532.000,553.867
4533.000,553.867
4534.000,237.372
4535.000,553.867
4536.000,553.867
4537.000,79.124
4538.000,79.124
4539.000,395.620
4540.000,158.248
4541.000,79.124
4542.000,553.867
4543.000,632.991
4544.000,316.496
4545.000,553.867
4546.000,553.867
4547.000,79.124
4548.000,79.124
4549.000,395.620
4550.000,158.248
4551.000,158.248
4552.000,632.991
4553.000,632.991
4554.000,316.496
4555.000,553.867
4556.000,474.744
4557.000,0.000
4558.000,79.124
4559.000,395.620
4560.000,158.248
4561.000,158.248
4562.000,632.991
4563.000,632.991
4564.000,237.372
4565.000,474.744
4566.000,474.744
4567.000,0.000
4568.000,79.124
4569.000,395.620
4570.000,158.248
4571.000,158.248
4572.000,632.991
4573.000,553.867
4574.000,237.372
4575.000,474.744
4576.000,553.867
4577.000,79.124
4578.000,79.124
4579.000,395.620
4580.000,158.248
4581.000,158.248
4582.000,553.867
4583.000,553.867
4584.000,237.372
4585.000,553.867
4586.000,553.867
4587.000,79.124
4588.000,79.124
4589.000,395.620
4590.000,158.248
4591.000,79.124
4592.000,632.991
4593.000,632.991
4594.000,316.496
4595.000,553.867
4596.000,553.867
4597.000,79.124
4598.000,79.124
4599.000,395.620
4600.000,158.248
4601.000,158.248
4602.000,632.991
4603.000,632.991
4604.000,316.496
4605.000,553.867
4606.000,474.744
4607.000,0.000
4608.000,0.000
4609.000,395.620
4610.000,158.248
4611.000,158.248
4612.000,632.991
4613.000,632.991
4614.000,237.372
4615.000,474.744
4616.000,474.744
4617.000,0.000
4618.000,79.124
4619.000,395.620
4620.000,158.248
4621.000,158.248
4622.000,632.991
4623.000,553.867
4624.000,237.372
4625.000,474.744
4626.000,474.744
4627.000,79.124
4628.000,79.124
4629.000,395.620
4630.000,158.248
4631.000,158.248
4632.000,553.867
4633.000,553.867
4634.000,237.372
4635.000,553.867
4636.000,553.867
4637.000,79.124
4638.000,79.124
4639.000,395.620
4640.000,158.248
4641.000,79.124
4642.000,632.991
4643.000,632.991
4644.000,316.496
4645.000,553.867
4646.000,553.867
4647.000,79.124
4648.000,79.124
4649.000,395.620
4650.000,158.248
4651.000,158.248
4652.000,632.991
4653.000,632.991
4654.000,316.496
4655.000,474.744
4656.000,474.744
4657.000,0.000
4658.000,0.000
4659.000,395.620
4660.000,158.248
4661.000,158.248
4662.000,632.991
4663.000,632.991
4664.000,237.372
4665.000,474.744
4666.000,474.744
4667.000,0.000
4668.000,79.124
4669.000,395.620
4670.000,158.248
4671.000,158.248
4672.000,632.991
4673.000,553.867
4674.000,237.372
4675.000,474.744
4676.000,474.744
4677.000,79.124
4678.000,79.124
4679.000,395.620
4680.000,158.248
4681.000,158.248
4682.000,553.867
4683.000,553.867
4684.000,237.372
4685.000,474.744
4686.000,553.867
4687.000,79.124
4688.000,79.124
4689.000,395.620
4690.000,158.248
4691.000,158.248
4692.000,553.867
4693.000,553.867
4694.000,237.372
4695.000,553.867
4696.000,553.867
4697.000,79.124
4698.000,79.124
4699.000,395.620
4700.000,158.248
4701.000,158.248
4702.000,632.991
4703.000,632.991
4704.000,316.496
4705.000,474.744
4706.000,474.744
4707.000,0.000
4708.000,79.124
4709.000,395.620
4710.000,158.248
4711.000,158.248
4712.000,632.991
4713.000,632.991
4714.000,237.372
4715.000,474.744
4716.000,474.744
4717.000,0.000
4718.000,79.124
4719.000,395.620
4720.000,237.372
4721.000,158.248
4722.000,632.991
4723.000,553.867
4724.000,237.372
4725.000,474.744
4726.000,474.744
4727.000,79.124
4728.000,79.124
4729.000,474.744
4730.000,158.248
4731.000,158.248
4732.000,553.867
4733.000,553.867
4734.000,237.372
4735.000,474.744
4736.000,553.867
4737.000,79.124
4738.000,79.124
4739.000,395.620
4740.000,158.248
4741.000,79.124
4742.000,553.867
4743.000,553.867
4744.000,237.372
4745.000,553.867
4746.000,553.867
4747.000,79.124
4748.000,79.124
4749.000,395.620
4750.000,158.248
4751.000,158.248
4752.000,632.991
4753.000,632.991
4754.000,237.372
4755.000,474.744
4756.000,474.744
4757.000,0.000
4758.000,79.124
4759.000,395.620
4760.000,158.248
4761.000,158.248
4762.000,632.991
4763.000,553.867
4764.000,237.372
4765.000,474.744
4766.000,474.744
4767.000,79.124
4768.000,79.124
4769.000,474.744
4770.000,158.248
4771.000,158.248
4772.000,632.991
4773.000,553.867
4774.000,237.372
4775.000,474.744
4776.000,553.867
4777.000,79.124
4778.000,79.124
4779.000,474.744
4780.000,158.248
4781.000,79.124
4782.000,553.867
4783.000,553.867
4784.000,237.372
4785.000,553.867
4786.000,553.867
4787.000,79.124
4788.000,79.124
4789.000,395.620
4790.000,158.248
4791.000,79.124
4792.000,553.867
4793.000,553.867
4794.000,316.496
4795.000,553.867
4796.000,553.867
4797.000,79.124
4798.000,79.124
4799.000,395.620
4800.000,79.124
4801.000,158.248
4802.000,632.991
4803.000,632.991
4804.000,316.496
4805.000,553.867
4806.000,553.867
4807.000,79.124
4808.000,79.124
4809.000,395.620
4810.000,158.248
4811.000,158.248
4812.000,632.991
4813.000,632.991
4814.000,237.372
4815.000,474.744
4816.000,474.744
4817.000,79.124
4818.000,79.124
4819.000,395.620
4820.000,158.248
4821.000,158.248
4822.000,632.991
4823.000,553.867
4824.000,237.372
4825.000,474.744
4826.000,553.867
4827.000,79.124
4828.000,79.124
4829.000,395.620
4830.000,158.248
4831.000,79.124
4832.000,553.867
4833.000,553.867
4834.000,237.372
4835.000,553.867
4836.000,553.867
4837.000,79.124
4838.000,79.124
4839.000,395.620
4840.000,79.124
4841.000,79.124
4842.000,553.867
4843.000,553.867
4844.000,316.496
4845.000,553.867
4846.000,553.867
4847.000,79.124
4848.000,79.124
4849.000,395.620
4850.000,79.124
4851.000,158.248
4852.000,632.991
4853.000,632.991
4854.000,316.496
4855.000,553.867
4856.000,553.867
4857.000,0.000
4858.000,79.124
4859.000,395.620
4860.000,158.248
4861.000,158.248
4862.000,632.991
4863.000,632.991
4864.000,237.372
4865.000,474.744
4866.000,474.744
4867.000,0.000
4868.000,79.124
4869.000,395.620
4870.000,158.248
4871.000,158.248
4872.000,632.991
4873.000,553.867
4874.000,237.372
4875.000,474.744
4876.000,553.867
4877.000,79.124
4878.000,79.124
4879.000,395.620
4880.000,158.248
4881.000,79.124
4882.000,553.867
4883.000,553.867
4884.000,237.372
4885.000,553.867
4886.000,553.867
4887.000,79.124
4888.000,79.124
4889.000,395.620
4890.000,79.124
4891.000,79.124
4892.000,553.867
4893.000,632.991
4894.000,316.496
4895.000,553.867
4896.000,553.867
4897.000,79.124
4898.000,0.000
4899.000,316.496
4900.000,79.124
4901.000,158.248
4902.000,632.991
4903.000,632.991
4904.000,316.496
4905.000,553.867
4906.000,474.744
4907.000,0.000
4908.000,0.000
4909.000,395.620
4910.000,158.248
4911.000,158.248
4912.000,632.991
4913.000,632.991
4914.000,237.372
4915.000,474.744
4916.000,474.744
4917.000,0.000
4918.000,79.124
4919.000,395.620
4920.000,158.248
4921.000,158.248
4922.000,632.991
4923.000,553.867
4924.000,237.372
4925.000,474.744
4926.000,474.744
4927.000,79.124
4928.000,79.124
4929.000,395.620
4930.000,158.248
4931.000,158.248
4932.000,553.867
4933.000,553.867
4934.000,237.372
4935.000,474.744
4936.000,553.867
4937.000,79.124
4938.000,79.124
4939.000,395.620
4940.000,158.248
4941.000,79.124
4942.000,553.867
4943.000,632.991
4944.000,316.496
4945.000,553.867
4946.000,553.867
4947.000,79.124
4948.000,79.124
4949.000,395.620
4950.000,158.248
4951.000,158.248
4952.000,632.991
4953.000,632.991
4954.000,316.496
4955.000,553.867
4956.000,474.744
4957.000,0.000
4958.000,79.124
4959.000,395.620
4960.000,158.248
4961.000,158.248
4962.000,632.991
4963.000,632.991
4964.000,237.372
4965.000,474.744
4966.000,474.744
4967.000,0.000
4968.000,79.124
4969.000,395.620
4970.000,158.248
4971.000,158.248
4972.000,632.991
4973.000,553.867
4974.000,237.372
4975.000,474.744
4976.000,553.867
4977.000,79.124
4978.000,79.124
4979.000,395.620
4980.000,158.248
4981.000,158.248
4982.000,553.867
4983.000,553.867
4984.000,237.372
4985.000,553.867
4986.000,553.867
4987.000,79.124
4988.000,79.124
4989.000,395.620
4990.000,158.248
4991.000,79.124
4992.000,553.867
4993.000,553.867
4994.000,316.496
4995.000,553.867
4996.000,553.867
4997.000,79.124
4998.000,79.124
4999.000,395.620
5000.000,158.248
5001.000,158.248
5002.000,632.991
5003.000,632.991
5004.000,316.496
5005.000,474.744
5006.000,474.744
5007.000,0.000
5008.000,79.124
5009.000,395.620
5010.000,158.248
5011.000,158.248
5012.000,632.991
5013.000,632.991
5014.000,237.372
5015.000,474.744
5016.000,474.744
5017.000,79.124
5018.000,79.124
5019.000,474.744
5020.000,237.372
5021.000,158.248
5022.000,632.991
5023.000,553.867
5024.000,237.372
5025.000,474.744
5026.000,553.867
5027.000,79.124
5028.000,158.248
5029.000,474.744
5030.000,158.248
5031.000,79.124
5032.000,553.867
5033.000,553.867
5034.000,237.372
5035.000,553.867
5036.000,553.867
5037.000,79.124
5038.000,79.124
5039.000,395.620
5040.000,158.248
5041.000,79.124
5042.000,553.867
5043.000,553.867
5044.000,316.496
5045.000,553.867
5046.000,553.867
5047.000,79.124
5048.000,79.124
5049.000,395.620
5050.000,158.248
5051.000,158.248
5052.000,632.991
5053.000,632.991
5054.000,316.496
5055.000,553.867
5056.000,474.744
5057.000,0.000
5058.000,79.124
5059.000,395.620
5060.000,158.248
5061.000,158.248
5062.000,632.991
5063.000,632.991
5064.000,237.372
5065.000,474.744
5066.000,474.744
5067.000,79.124
5068.000,79.124
5069.000,395.620
5070.000,158.248
5071.000,158.248
5072.000,632.991
5073.000,553.867
5074.000,237.372
5075.000,474.744
5076.000,553.867
5077.000,79.124
5078.000,79.124
5079.000,474.744
5080.000,158.248
5081.000,79.124
5082.000,553.867
5083.000,553.867
5084.000,237.372
5085.000,553.867
5086.000,553.867
5087.000,79.124
5088.000,79.124
5089.000,395.620
5090.000,158.248
5091.000,79.124
5092.000,553.867
5093.000,553.867
5094.000,316.496
5095.000,553.867
5096.000,553.867
5097.000,79.124
5098.000,79.124
5099.000,395.620
5100.000,158.248
5101.000,158.248
5102.000,632.991
5103.000,632.991
5104.000,316.496
5105.000,553.867
5106.000,474.744
5107.000,0.000
5108.000,79.124
5109.000,395.620
5110.000,158.248
5111.000,158.248
5112.000,632.991
5113.000,632.991
5114.000,237.372
5115.000,474.744
5116.000,474.744
5117.000,79.124
5118.000,79.124
5119.000,395.620
5120.000,158.248
5121.000,158.248
5122.000,553.867
5123.000,553.867
5124.000,237.372
5125.000,474.744
5126.000,553.867
5127.000,79.124
5128.000,79.124
5129.000,395.620
5130.000,158.248
5131.000,79.124
5132.000,553.867
5133.000,553.867
5134.000,237.372
5135.000,553.867
5136.000,553.867
5137.000,79.124
5138.000,79.124
5139.000,395.620
5140.000,79.124
5141.000,79.124
5142.000,553.867
5143.000,632.991
5144.000,316.496
5145.000,553.867
5146.000,553.867
5147.000,79.124
5148.000,79.124
5149.000,395.620
5150.000,79.124
5151.000,158.248
5152.000,632.991
5153.000,632.991
5154.000,316.496
5155.000,553.867
5156.000,474.744
5157.000,0.000
5158.000,79.124
5159.000,395.620
5160.000,158.248
5161.000,158.248
5162.000,632.991
5163.000,632.991
5164.000,237.372
5165.000,474.744
5166.000,474.744
5167.000,79.124
5168.000,79.124
5169.000,395.620
5170.000,158.248
5171.000,158.248
5172.000,632.991
5173.000,553.867
5174.000,237.372
5175.000,474.744
5176.000,553.867
5177.000,79.124
5178.000,79.124
5179.000,395.620
5180.000,158.248
5181.000,158.248
5182.000,553.867
5183.000,553.867
5184.000,237.372
5185.000,553.867
5186.000,553.867
5187.000,79.124
5188.000,79.124
5189.000,395.620
5190.000,79.124
5191.000,79.124
5192.000,553.867
5193.000,632.991
5194.000,316.496
5195.000,553.867
5196.000,553.867
5197.000,79.124
5198.000,79.124
5199.000,395.620
5200.000,158.248
5201.000,158.248
5202.000,632.991
5203.000,632.991
5204.000,316.496
5205.000,553.867
5206.000,474.744
5207.000,0.000
5208.000,0.000
5209.000,395.620
5210.000,158.248
5211.000,158.248
5212.000,632.991
5213.000,632.991
5214.000,237.372
5215.000,474.744
5216.000,474.744
5217.000,0.000
5218.000,79.124
5219.000,395.620
5220.000,158.248
5221.000,158.248
5222.000,632.991
5223.000,553.867
5224.000,237.372
5225.000,474.744
5226.000,553.867
5227.000,79.124
5228.000,79.124
5229.000,395.620
5230.000,158.248
5231.000,158.248
5232.000,553.867
5233.000,553.867
5234.000,237.372
5235.000,553.867
5236.000,553.867
5237.000,79.124
5238.000,79.124
5239.000,395.620
5240.000,158.248
5241.000,79.124
5242.000,553.867
5243.000,553.867
5244.000,316.496
5245.000,553.867
5246.000,553.867
5247.000,79.124
5248.000,79.124
5249.000,395.620
5250.000,158.248
5251.000,158.248
5252.000,632.991
5253.000,632.991
5254.000,316.496
5255.000,474.744
5256.000,474.744
5257.000,0.000
5258.000,79.124
5259.000,395.620
5260.000,158.248
5261.000,158.248
5262.000,632.991
5263.000,553.867
5264.000,237.372
5265.000,474.744
5266.000,474.744
5267.000,79.124
5268.000,79.124
5269.000,474.744
5270.000,158.248
5271.000,158.248
5272.000,632.991
5273.000,553.867
5274.000,237.372
5275.000,474.744
5276.000,553.867
5277.000,79.124
5278.000,158.248
5279.000,474.744
5280.000,158.248
5281.000,79.124
5282.000,553.867
5283.000,553.867
5284.000,237.372
5285.000,553.867
5286.000,553.867
5287.000,79.124
5288.000,79.124
5289.000,395.620
5290.000,158.248
5291.000,79.124
5292.000,553.867
5293.000,553.867
5294.000,316.496
5295.000,553.867
5296.000,553.867
5297.000,79.124
5298.000,79.124
5299.000,395.620
5300.000,158.248
5301.000,158.248
5302.000,632.991
5303.000,632.991
5304.000,316.496
5305.000,553.867
5306.000,553.867
5307.000,79.124
5308.000,79.124
5309.000,395.620
5310.000,158.248
5311.000,158.248
5312.000,632.991
5313.000,553.867
5314.000,237.372
5315.000,474.744
5316.000,474.744
5317.000,79.124
5318.000,79.124
5319.000,395.620
5320.000,158.248
5321.000,158.248
5322.000,632.991
5323.000,553.867
5324.000,237.372
5325.000,474.744
5326.000,553.867
5327.000,79.124
5328.000,79.124
5329.000,395.620
5330.000,158.248
5331.000,79.124
5332.000,553.867
5333.000,553.867
5334.000,237.372
5335.000,553.867
5336.000,553.867
5337.000,79.124
5338.000,79.124
5339.000,395.620
5340.000,79.124
5341.000,79.124
5342.000,553.867
5343.000,553.867
5344.000,316.496
5345.000,553.867
5346.000,553.867
5347.000,79.124
5348.000,79.124
5349.000,395.620
5350.000,158.248
5351.000,158.248
5352.000,632.991
5353.000,632.991
5354.000,316.496
5355.000,553.867
5356.000,553.867
5357.000,79.124
5358.000,79.124
5359.000,395.620
5360.000,158.248
5361.000,158.248
5362.000,632.991
5363.000,553.867
5364.000,237.372
5365.000,474.744
5366.000,474.744
5367.000,79.124
5368.000,79.124
5369.000,395.620
5370.000,158.248
5371.000,158.248
5372.000,553.867
5373.000,553.867
5374.000,237.372
5375.000,474.744
5376.000,553.867
5377.000,79.124
5378.000,79.124
5379.000,395.620
5380.000,158.248
5381.000,79.124
5382.000,553.867
5383.000,553.867
5384.000,237.372
5385.000,553.867
5386.000,553.867
5387.000,79.124
5388.000,79.124
5389.000,395.620
5390.000,79.124
5391.000,79.124
5392.000,553.867
5393.000,632.991
5394.000,316.496
5395.000,553.867
5396.000,553.867
5397.000,79.124
5398.000,79.124
5399.000,395.620
5400.000,79.124
5401.000,158.248
5402.000,632.991
5403.000,632.991
5404.000,316.496
5405.000,553.867
5406.000,553.867
5407.000,0.000
5408.000,79.124
5409.000,395.620
5410.000,158.248
5411.000,158.248
5412.000,632.991
5413.000,632.991
5414.000,237.372
5415.000,474.744
5416.000,474.744
5417.000,79.124
5418.000,79.124
5419.000,395.620
5420.000,158.248
5421.000,158.248
5422.000,632.991
5423.000,553.867
5424.000,237.372
5425.000,474.744
5426.000,553.867
5427.000,79.124
5428.000,79.124
5429.000,395.620
5430.000,158.248
5431.000,79.124
5432.000,553.867
5433.000,553.867
5434.000,237.372
5435.000,553.867
5436.000,553.867
5437.000,79.124
5438.000,79.124
5439.000,395.620
5440.000,158.248
5441.000,79.124
5442.000,553.867
5443.000,632.991
5444.000,316.496
5445.000,553.867
5446.000,553.867
5447.000,79.124
5448.000,79.124
5449.000,395.620
5450.000,158.248
5451.000,158.248
5452.000,632.991
5453.000,632.991
5454.000,316.496
5455.000,553.867
5456.000,474.744
5457.000,0.000
5458.000,79.124
5459.000,395.620
5460.000,158.248
5461.000,158.248
5462.000,632.991
5463.000,632.991
5464.000,237.372
5465.000,474.744
5466.000,474.744
5467.000,79.124
5468.000,79.124
5469.000,395.620
5470.000,158.248
5471.000,158.248
5472.000,632.991
5473.000,553.867
5474.000,237.372
5475.000,474.744
5476.000,553.867
5477.000,79.124
5478.000,79.124
5479.000,395.620
5480.000,158.248
5481.000,79.124
5482.000,553.867
5483.000,553.867
5484.000,237.372
5485.000,553.867
5486.000,553.867
5487.000,79.124
5488.000,79.124
5489.000,395.620
5490.000,158.248
5491.000,79.124
5492.000,632.991
5493.000,632.991
5494.000,316.496
5495.000,553.867
5496.000,553.867
5497.000,79.124
5498.000,79.124
5499.000,395.620
5500.000,158.248
5501.000,158.248
5502.000,632.991
5503.000,632.991
5504.000,316.496
5505.000,553.867
5506.000,474.744
5507.000,0.000
5508.000,79.124
5509.000,395.620
5510.000,158.248
5511.000,158.248
5512.000,632.991
5513.000,632.991
5514.000,237.372
5515.000,474.744
5516.000,474.744
5517.000,0.000
5518.000,79.124
5519.000,395.620
5520.000,158.248
5521.000,158.248
5522.000,632.991
5523.000,553.867
5524.000,237.372
5525.000,474.744
5526.000,474.744
5527.000,79.124
5528.000,79.124
5529.000,395.620
5530.000,158.248
5531.000,158.248
5532.000,553.867
5533.000,553.867
5534.000,237.372
5535.000,474.744
5536.000,553.867
5537.000,79.124
5538.000,79.124
5539.000,395.620
5540.000,158.248
5541.000,158.248
5542.000,632.991
5543.000,553.867
5544.000,316.496
5545.000,553.867
5546.000,553.867
5547.000,79.124
5548.000,79.124
5549.000,395.620
5550.000,158.248
5551.000,158.248
5552.000,632.991
5553.000,632.991
5554.000,316.496
5555.000,474.744
5556.000,474.744
5557.000,0.000
5558.000,79.124
5559.000,395.620
5560.000,158.248
5561.000,158.248
5562.000,632.991
5563.000,632.991
5564.000,237.372
5565.000,474.744
5566.000,474.744
5567.000,0.000
5568.000,79.124
5569.000,474.744
5570.000,158.248
5571.000,158.248
5572.000,632.991
5573.000,553.867
5574.000,237.372
5575.000,474.744
5576.000,474.744
5577.000,79.124
5578.000,79.124
5579.000,474.744
5580.000,158.248
5581.000,158.248
5582.000,553.867
5583.000,553.867
5584.000,237.372
5585.000,474.744
5586.000,553.867
5587.000,79.124
5588.000,79.124
5589.000,395.620
5590.000,158.248
5591.000,79.124
5592.000,553.867
5593.000,553.867
5594.000,237.372
5595.000,553.867
5596.000,553.867
5597.000,79.124
5598.000,79.124
5599.000,395.620
5600.000,158.248
5601.000,158.248
5602.000,632.991
5603.000,553.867
5604.000,237.372
5605.000,474.744
5606.000,474.744
5607.000,79.124
5608.000,79.124
5609.000,395.620
5610.000,158.248
5611.000,158.248
5612.000,632.991
5613.000,553.867
5614.000,237.372
5615.000,474.744
5616.000,474.744
5617.000,79.124
5618.000,79.124
5619.000,395.620
5620.000,158.248
5621.000,158.248
5622.000,553.867
5623.000,553.867
5624.000,237.372
5625.000,474.744
5626.000,553.867
5627.000,79.124
5628.000,158.248
5629.000,474.744
5630.000,158.248
5631.000,79.124
5632.000,553.867
5633.000,553.867
5634.000,237.372
5635.000,553.867
5636.000,553.867
5637.000,79.124
5638.000,79.124
5639.000,395.620
5640.000,79.124
5641.000,79.124
5642.000,553.867
5643.000,553.867
5644.000,316.496
5645.000,553.867
5646.000,553.867
5647.000,79.124
5648.000,79.124
5649.000,395.620
5650.000,79.124
5651.000,79.124
5652.000,632.991
5653.000,632.991
5654.000,316.496
5655.000,553.867
5656.000,553.867
5657.000,79.124
5658.000,79.124
5659.000,395.620
5660.000,158.248
5661.000,158.248
5662.000,632.991
5663.000,632.991
5664.000,237.372
5665.000,474.744
5666.000,474.744
5667.000,79.124
5668.000,79.124
5669.000,395.620
5670.000,158.248
5671.000,158.248
5672.000,553.867
5673.000,553.867
5674.000,237.372
5675.000,474.744
5676.000,553.867
5677.000,79.124
5678.000,79.124
5679.000,395.620
5680.000,158.248
5681.000,79.124
5682.000,553.867
5683.000,553.867
5684.000,237.372
5685.000,553.867
5686.000,553.867
5687.000,79.124
5688.000,79.124
5689.000,395.620
5690.000,79.124
5691.000,79.124
5692.000,553.867
5693.000,553.867
5694.000,316.496
5695.000,553.867
5696.000,553.867
5697.000,79.124
5698.000,79.124
5699.000,395.620
5700.000,79.124
5701.000,79.124
5702.000,632.991
5703.000,632.991
5704.000,316.496
5705.000,553.867
5706.000,553.867
5707.000,79.124
5708.000,79.124
5709.000,395.620
5710.000,158.248
5711.000,158.248
5712.000,632.991
5713.000,632.991
5714.000,237.372
5715.000,474.744
5716.000,474.744
5717.000,79.124
5718.000,79.124
5719.000,395.620
5720.000,158.248
5721.000,158.248
5722.000,632.991
5723.000,553.867
5724.000,237.372
5725.000,474.744
5726.000,553.867
5727.000,79.124
5728.000,79.124
5729.000,395.620
5730.000,158.248
5731.000,79.124
5732.000,553.867
5733.000,553.867
5734.000,237.372
5735.000,553.867
5736.000,553.867
5737.000,79.124
5738.000,79.124
5739.000,395.620
5740.000,79.124
5741.000,79.124
5742.000,553.867
5743.000,632.991
5744.000,316.496
5745.000,553.867
5746.000,553.867
5747.000,79.124
5748.000,79.124
5749.000,395.620
5750.000,79.124
5751.000,158.248
5752.000,632.991
5753.000,632.991
5754.000,316.496
5755.000,553.867
5756.000,553.867
5757.000,0.000
5758.000,79.124
5759.000,395.620
5760.000,158.248
5761.000,158.248
5762.000,632.991
5763.000,632.991
5764.000,237.372
5765.000,474.744
5766.000,474.744
5767.000,0.000
5768.000,79.124
5769.000,395.620
5770.000,158.248
5771.000,158.248
5772.000,632.991
5773.000,553.867
5774.000,237.372
5775.000,474.744
5776.000,553.867
5777.000,79.124
5778.000,79.124
5779.000,395.620
5780.000,158.248
5781.000,158.248
5782.000,553.867
5783.000,553.867
5784.000,237.372
5785.000,553.867
5786.000,553.867
5787.000,79.124
5788.000,79.124
5789.000,395.620
5790.000,79.124
5791.000,79.124
5792.000,553.867
5793.000,553.867
5794.000,316.496
5795.000,553.867
5796.000,553.867
5797.000,79.124
5798.000,79.124
5799.000,395.620
5800.000,79.124
5801.000,158.248
5802.000,632.991
5803.000,632.991
5804.000,316.496
5805.000,553.867
5806.000,474.744
5807.000,0.000
5808.000,79.124
5809.000,395.620
5810.000,158.248
5811.000,158.248
5812.000,632.991
5813.000,632.991
5814.000,237.372
5815.000,474.744
5816.000,474.744
5817.000,0.000
5818.000,79.124
5819.000,395.620
5820.000,158.248
5821.000,158.248
5822.000,632.991
5823.000,553.867
5824.000,237.372
5825.000,474.744
5826.000,474.744
5827.000,79.124
5828.000,79.124
5829.000,395.620
5830.000,158.248
5831.000,158.248
5832.000,553.867
5833.000,553.867
5834.000,237.372
5835.000,553.867
5836.000,553.867
5837.000,79.124
5838.000,79.124
5839.000,395.620
5840.000,158.248
5841.000,79.124
5842.000,553.867
5843.000,553.867
5844.000,316.496
5845.000,553.867
5846.000,553.867
5847.000,79.124
5848.000,79.124
5849.000,395.620
5850.000,158.248
5851.000,158.248
5852.000,632.991
5853.000,632.991
5854.000,316.496
5855.000,553.867
5856.000,474.744
5857.000,0.000
5858.000,79.124
5859.000,395.620
5860.000,158.248
5861.000,158.248
5862.000,632.991
5863.000,632.991
5864.000,237.372
5865.000,474.744
5866.000,474.744
5867.000,0.000
5868.000,79.124
5869.000,395.620
5870.000,158.248
5871.000,158.248
5872.000,632.991
5873.000,553.867
5874.000,237.372
5875.000,474.744
5876.000,474.744
5877.000,79.124
5878.000,79.124
5879.000,474.744
5880.000,158.248
5881.000,158.248
5882.000,553.867
5883.000,553.867
5884.000,237.372
5885.000,553.867
5886.000,553.867
5887.000,79.124
5888.000,79.124
5889.000,395.620
5890.000,158.248
5891.000,79.124
5892.000,553.867
5893.000,553.867
5894.000,237.372
5895.000,553.867
5896.000,553.867
5897.000,79.124
5898.000,79.124
5899.000,395.620
5900.000,158.248
5901.000,158.248
5902.000,632.991
5903.000,632.991
5904.000,316.496
5905.000,553.867
5906.000,553.867
5907.000,79.124
5908.000,79.124
5909.000,395.620
5910.000,158.248
5911.000,158.248
5912.000,632.991
5913.000,553.867
5914.000,237.372
5915.000,474.744
5916.000,474.744
5917.000,79.124
5918.000,79.124
5919.000,395.620
5920.000,158.248
5921.000,158.248
5922.000,632.991
5923.000,553.867
5924.000,237.372
5925.000,474.744
5926.000,553.867
5927.000,79.124
5928.000,158.248
5929.000,474.744
5930.000,158.248
5931.000,158.248
5932.000,553.867
5933.000,553.867
5934.000,237.372
5935.000,553.867
5936.000,553.867
5937.000,79.124
5938.000,79.124
5939.000,395.620
5940.000,158.248
5941.000,79.124
5942.000,553.867
5943.000,553.867
5944.000,237.372
5945.000,553.867
5946.000,553.867
5947.000,79.124
5948.000,79.124
5949.000,395.620
5950.000,79.124
5951.000,79.124
5952.000,632.991
5953.000,632.991
5954.000,316.496
5955.000,553.867
5956.000,553.867
5957.000,79.124
5958.000,79.124
5959.000,395.620
5960.000,158.248
5961.000,158.248
5962.000,632.991
5963.000,553.867
5964.000,237.372
5965.000,474.744
5966.000,474.744
5967.000,79.124
5968.000,79.124
5969.000,395.620
5970.000,158.248
5971.000,158.248
5972.000,553.867
5973.000,553.867
5974.000,237.372
5975.000,474.744
5976.000,553.867
5977.000,79.124
5978.000,158.248
5979.000,395.620
5980.000,158.248
5981.000,79.124
5982.000,553.867
5983.000,553.867
5984.000,237.372
5985.000,553.867
5986.000,553.867
5987.000,79.124
5988.000,79.124
5989.000,395.620
5990.000,79.124
5991.000,79.124
5992.000,553.867
5993.000,553.867
5994.000,316.496
5995.000,553.867
5996.000,553.867
5997.000,79.124
5998.000,79.124
5999.000,395.620
6000.000,79.124
6001.000,79.124
6002.000,632.991
6003.000,632.991
6004.000,316.496
6005.000,553.867
6006.000,553.867
6007.000,0.000
6008.000,79.124
6009.000,395.620
6010.000,158.248
6011.000,158.248
6012.000,632.991
6013.000,632.991
6014.000,237.372
6015.000,474.744
6016.000,474.744
6017.000,0.000
6018.000,79.124
6019.000,395.620
6020.000,158.248
6021.000,158.248
6022.000,632.991
6023.000,553.867
6024.000,237.372
6025.000,474.744
6026.000,553.867
6027.000,79.124
6028.000,79.124
6029.000,395.620
6030.000,158.248
6031.000,79.124
6032.000,553.867
6033.000,553.867
6034.000,237.372
6035.000,553.867
6036.000,553.867
6037.000,79.124
6038.000,79.124
6039.000,395.620
6040.000,79.124
6041.000,79.124
6042.000,553.867
6043.000,553.867
6044.000,316.496
6045.000,553.867
6046.000,553.867
6047.000,79.124
6048.000,79.124
6049.000,395.620
6050.000,79.124
6051.000,158.248
6052.000,632.991
6053.000,632.991
6054.000,316.496
6055.000,553.867
6056.000,474.744
6057.000,0.000
6058.000,79.124
6059.000,395.620
6060.000,158.248
6061.000,158.248
6062.000,632.991
6063.000,632.991
6064.000,237.372
6065.000,474.744
6066.000,474.744
6067.000,0.000
6068.000,79.124
6069.000,395.620
6070.000,158.248
6071.000,158.248
6072.000,632.991
6073.000,553.867
6074.000,237.372
6075.000,474.744
6076.000,474.744
6077.000,79.124
6078.000,79.124
6079.000,395.620
6080.000,158.248
6081.000,158.248
6082.000,553.867
6083.000,553.867
6084.000,237.372
6085.000,553.867
6086.000,553.867
6087.000,79.124
6088.000,79.124
6089.000,395.620
6090.000,79.124
6091.000,79.124
6092.000,553.867
6093.000,553.867
6094.000,316.496
6095.000,553.867
6096.000,553.867
6097.000,79.124
6098.000,79.124
6099.000,395.620
6100.000,79.124
6101.000,158.248
6102.000,632.991
6103.000,632.991
6104.000,316.496
6105.000,553.867
6106.000,474.744
6107.000,0.000
6108.000,79.124
6109.000,395.620
6110.000,158.248
6111.000,158.248
6112.000,632.991
6113.000,632.991
6114.000,237.372
6115.000,474.744
6116.000,474.744
6117.000,0.000
6118.000,79.124
6119.000,395.620
6120.000,158.248
6121.000,158.248
6122.000,632.991
6123.000,553.867
6124.000,237.372
6125.000,474.744
6126.000,553.867
6127.000,79.124
6128.000,158.248
6129.000,474.744
6130.000,158.248
6131.000,158.248
6132.000,553.867
6133.000,553.867
6134.000,237.372
6135.000,553.867
6136.000,553.867
6137.000,79.124
6138.000,79.124
6139.000,395.620
6140.000,79.124
6141.000,79.124
6142.000,553.867
6143.000,553.867
6144.000,316.496
6145.000,553.867
6146.000,553.867
6147.000,79.124
6148.000,79.124
6149.000,395.620
6150.000,79.124
6151.000,158.248
6152.000,632.991
6153.000,632.991
6154.000,316.496
6155.000,553.867
6156.000,553.867
6157.000,0.000
6158.000,79.124
6159.000,395.620
6160.000,158.248
6161.000,158.248
6162.000,632.991
6163.000,632.991
6164.000,237.372
6165.000,474.744
6166.000,474.744
6167.000,0.000
6168.000,79.124
6169.000,395.620
6170.000,158.248
6171.000,158.248
6172.000,632.991
6173.000,553.867
6174.000,237.372
6175.000,474.744
6176.000,553.867
6177.000,79.124
6178.000,158.248
6179.000,395.620
6180.000,158.248
6181.000,79.124
6182.000,553.867
6183.000,553.867
6184.000,237.372
6185.000,553.867
6186.000,553.867
6187.000,79.124
6188.000,79.124
6189.000,395.620
6190.000,79.124
6191.000,79.124
6192.000,553.867
6193.000,553.867
6194.000,316.496
6195.000,553.867
6196.000,553.867
6197.000,79.124
6198.000,79.124
6199.000,395.620
6200.000,79.124
6201.000,158.248
6202.000,632.991
6203.000,632.991
6204.000,316.496
6205.000,553.867
6206.000,553.867
6207.000,79.124
6208.000,79.124
6209.000,395.620
6210.000,158.248
6211.000,158.248
6212.000,632.991
6213.000,632.991
6214.000,237.372
6215.000,474.744
6216.000,474.744
6217.000,79.124
6218.000,79.124
6219.000,395.620
6220.000,158.248
6221.000,158.248
6222.000,553.867
6223.000,553.867
6224.000,237.372
6225.000,474.744
6226.000,553.867
6227.000,79.124
6228.000,158.248
6229.000,395.620
6230.000,158.248
6231.000,79.124
6232.000,553.867
6233.000,553.867
6234.000,237.372
6235.000,553.867
6236.000,553.867
6237.000,79.124
6238.000,79.124
6239.000,395.620
6240.000,79.124
6241.000,79.124
6242.000,553.867
6243.000,553.867
6244.000,316.496
6245.000,553.867
6246.000,553.867
6247.000,79.124
6248.000,79.124
6249.000,395.620
6250.000,79.124
6251.000,79.124
6252.000,632.991
6253.000,632.991
6254.000,316.496
6255.000,553.867
6256.000,553.867
6257.000,0.000
6258.000,79.124
6259.000,395.620
6260.000,158.248
6261.000,158.248
6262.000,632.991
6263.000,632.991
6264.000,237.372
6265.000,474.744
6266.000,474.744
6267.000,79.124
6268.000,79.124
6269.000,395.620
6270.000,158.248
6271.000,158.248
6272.000,632.991
6273.000,553.867
6274.000,237.372
6275.000,474.744
6276.000,553.867
6277.000,79.124
6278.000,158.248
6279.000,395.620
6280.000,158.248
6281.000,79.124
6282.000,553.867
6283.000,553.867
6284.000,237.372
6285.000,553.867
6286.000,553.867
6287.000,79.124
6288.000,79.124
6289.000,395.620
6290.000,79.124
6291.000,79.124
6292.000,553.867
6293.000,553.867
6294.000,316.496
6295.000,553.867
6296.000,553.867
6297.000,79.124
6298.000,79.124
6299.000,316.496
6300.000,79.124
6301.000,79.124
6302.000,632.991
6303.000,632.991
6304.000,316.496
6305.000,553.867
6306.000,553.867
6307.000,0.000
6308.000,79.124
6309.000,395.620
6310.000,158.248
6311.000,158.248
6312.000,632.991
6313.000,632.991
6314.000,237.372
6315.000,474.744
6316.000,474.744
6317.000,79.124
6318.000,79.124
6319.000,395.620
6320.000,158.248
6321.000,158.248
6322.000,632.991
6323.000,553.867
6324.000,237.372
6325.000,474.744
6326.000,553.867
6327.000,79.124
6328.000,79.124
6329.000,395.620
6330.000,158.248
6331.000,79.124
6332.000,553.867
6333.000,553.867
6334.000,237.372
6335.000,553.867
6336.000,553.867
6337.000,79.124
6338.000,79.124
6339.000,395.620
6340.000,79.124
6341.000,79.124
6342.000,553.867
6343.000,553.867
6344.000,316.496
6345.000,553.867
6346.000,553.867
6347.000,79.124
6348.000,79.124
6349.000,395.620
6350.000,79.124
6351.000,158.248
6352.000,632.991
6353.000,632.991
6354.000,316.496
6355.000,553.867
6356.000,474.744
6357.000,0.000
6358.000,79.124
6359.000,395.620
6360.000,158.248
6361.000,158.248
6362.000,632.991
6363.000,632.991
6364.000,237.372
6365.000,474.744
6366.000,474.744
6367.000,0.000
6368.000,79.124
6369.000,395.620
6370.000,158.248
6371.000,158.248
6372.000,632.991
6373.000,553.867
6374.000,237.372
6375.000,474.744
6376.000,474.744
6377.000,79.124
6378.000,158.248
6379.000,474.744
6380.000,158.248
6381.000,158.248
6382.000,553.867
6383.000,553.867
6384.000,237.372
6385.000,553.867
6386.000,553.867
6387.000,79.124
6388.000,79.124
6389.000,395.620
6390.000,79.124
6391.000,79.124
6392.000,553.867
6393.000,553.867
6394.000,316.496
6395.000,553.867
6396.000,553.867
6397.000,79.124
6398.000,79.124
6399.000,395.620
6400.000,158.248
6401.000,158.248
6402.000,632.991
6403.000,632.991
6404.000,237.372
6405.000,553.867
6406.000,474.744
6407.000,0.000
6408.000,79.124
6409.000,395.620
6410.000,158.248
6411.000,158.248
6412.000,632.991
6413.000,553.867
6414.000,237.372
6415.000,474.744
6416.000,474.744
6417.000,79.124
6418.000,79.124
6419.000,474.744
6420.000,158.248
6421.000,158.248
6422.000,553.867
6423.000,553.867
6424.000,237.372
6425.000,474.744
6426.000,553.867
6427.000,79.124
6428.000,158.248
6429.000,474.744
6430.000,158.248
6431.000,158.248
6432.000,553.867
6433.000,553.867
6434.000,237.372
6435.000,553.867
6436.000,553.867
6437.000,79.124
6438.000,158.248
6439.000,395.620
6440.000,158.248
6441.000,79.124
6442.000,553.867
6443.000,553.867
6444.000,237.372
6445.000,553.867
6446.000,553.867
6447.000,79.124
6448.000,79.124
6449.000,395.620
6450.000,158.248
6451.000,158.248
6452.000,632.991
6453.000,632.991
6454.000,316.496
6455.000,553.867
6456.000,553.867
6457.000,79.124
6458.000,79.124
6459.000,395.620
6460.000,158.248
6461.000,158.248
6462.000,632.991
6463.000,553.867
6464.000,237.372
6465.000,474.744
6466.000,474.744
6467.000,79.124
6468.000,79.124
6469.000,474.744
6470.000,158.248
6471.000,158.248
6472.000,553.867
6473.000,553.867
6474.000,237.372
6475.000,474.744
6476.000,553.867
6477.000,79.124
6478.000,158.248
6479.000,474.744
6480.000,158.248
6481.000,79.124
6482.000,553.867
6483.000,553.867
6484.000,237.372
6485.000,553.867
6486.000,553.867
6487.000,79.124
6488.000,158.248
6489.000,395.620
6490.000,79.124
6491.000,79.124
6492.000,553.867
6493.000,553.867
6494.000,316.496
6495.000,553.867
6496.000,553.867
6497.000,79.124
6498.000,79.124
6499.000,395.620
6500.000,79.124
6501.000,79.124
6502.000,632.991
6503.000,632.991
6504.000,316.496
6505.000,553.867
6506.000,553.867
6507.000,79.124
6508.000,79.124
6509.000,395.620
6510.000,158.248
6511.000,158.248
6512.000,632.991
6513.000,553.867
6514.000,237.372
6515.000,474.744
6516.000,474.744
6517.000,79.124
6518.000,79.124
6519.000,395.620
6520.000,158.248
6521.000,158.248
6522.000,553.867
6523.000,553.867
6524.000,237.372
6525.000,474.744
6526.000,553.867
6527.000,79.124
6528.000,158.248
6529.000,395.620
6530.000,158.248
6531.000,79.124
6532.000,553.867
6533.000,553.867
6534.000,237.372
6535.000,553.867
6536.000,553.867
6537.000,79.124
6538.000,79.124
6539.000,395.620
6540.000,79.124
6541.000,79.124
6542.000,553.867
6543.000,553.867
6544.000,316.496
6545.000,553.867
6546.000,553.867
6547.000,79.124
6548.000,79.124
6549.000,395.620
6550.000,79.124
6551.000,79.124
6552.000,632.991
6553.000,632.991
6554.000,316.496
6555.000,553.867
6556.000,553.867
6557.000,79.124
6558.000,79.124
6559.000,395.620
6560.000,158.248
6561.000,158.248
6562.000,632.991
6563.000,553.867
6564.000,237.372
6565.000,474.744
6566.000,474.744
6567.000,79.124
6568.000,79.124
6569.000,395.620
6570.000,158.248
6571.000,158.248
6572.000,553.867
6573.000,553.867
6574.000,237.372
6575.000,553.867
6576.000,553.867
6577.000,79.124
6578.000,79.124
6579.000,395.620
6580.000,158.248
6581.000,79.124
6582.000,553.867
6583.000,553.867
6584.000,237.372
6585.000,553.867
6586.000,553.867
6587.000,79.124
6588.000,79.124
6589.000,395.620
6590.000,79.124
6591.000,79.124
6592.000,553.867
6593.000,553.867
6594.000,316.496
6595.000,553.867
6596.000,553.867
6597.000,79.124
6598.000,79.124
6599.000,316.496
6600.000,79.124
6601.000,158.248
6602.000,632.991
6603.000,632.991
6604.000,316.496
6605.000,553.867
6606.000,553.867
6607.000,79.124
6608.000,79.124
6609.000,395.620
6610.000,158.248
6611.000,158.248
6612.000,632.991
6613.000,632.991
6614.000,237.372
6615.000,474.744
6616.000,474.744
6617.000,79.124
6618.000,79.124
6619.000,395.620
6620.000,158.248
6621.000,158.248
6622.000,632.991
6623.000,553.867
6624.000,237.372
6625.000,474.744
6626.000,553.867
6627.000,79.124
6628.000,79.124
6629.000,395.620
6630.000,158.248
6631.000,79.124
6632.000,553.867
6633.000,553.867
6634.000,237.372
6635.000,553.867
6636.000,553.867
6637.000,79.124
6638.000,79.124
6639.000,395.620
6640.000,79.124
6641.000,79.124
6642.000,553.867
6643.000,553.867
6644.000,316.496
6645.000,553.867
6646.000,553.867
6647.000,79.124
6648.000,79.124
6649.000,395.620
6650.000,79.124
6651.000,158.248
6652.000,632.991
6653.000,632.991
6654.000,316.496
6655.000,553.867
6656.000,553.867
6657.000,0.000
6658.000,79.124
6659.000,395.620
6660.000,158.248
6661.000,158.248
6662.000,632.991
6663.000,632.991
6664.000,237.372
6665.000,474.744
6666.000,474.744
6667.000,79.124
6668.000,79.124
6669.000,395.620
6670.000,158.248
6671.000,158.248
6672.000,632.991
6673.000,553.867
6674.000,237.372
6675.000,474.744
6676.000,553.867
6677.000,79.124
6678.000,79.124
6679.000,395.620
6680.000,158.248
6681.000,79.124
6682.000,553.867
6683.000,553.867
6684.000,237.372
6685.000,553.867
6686.000,553.867
6687.000,79.124
6688.000,79.124
6689.000,395.620
6690.000,79.124
6691.000,79.124
6692.000,553.867
6693.000,553.867
6694.000,316.496
6695.000,553.867
6696.000,553.867
6697.000,79.124
6698.000,79.124
6699.000,395.620
6700.000,79.124
6701.000,158.248
6702.000,632.991
6703.000,632.991
6704.000,316.496
6705.000,553.867
6706.000,474.744
6707.000,0.000
6708.000,79.124
6709.000,395.620
6710.000,158.248
6711.000,158.248
6712.000,632.991
6713.000,553.867
6714.000,237.372
6715.000,474.744
6716.000,474.744
6717.000,79.124
6718.000,79.124
6719.000,395.620
6720.000,158.248
6721.000,158.248
6722.000,632.991
6723.000,553.867
6724.000,237.372
6725.000,474.744
6726.000,553.867
6727.000,79.124
6728.000,158.248
6729.000,395.620
6730.000,158.248
6731.000,79.124
6732.000,553.867
6733.000,553.867
6734.000,237.372
6735.000,553.867
6736.000,553.867
6737.000,79.124
6738.000,79.124
6739.000,395.620
6740.000,79.124
6741.000,79.124
6742.000,553.867
6743.000,553.867
6744.000,316.496
6745.000,553.867
6746.000,553.867
6747.000,79.124
6748.000,79.124
6749.000,395.620
6750.000,79.124
6751.000,158.248
6752.000,632.991
6753.000,553.867
6754.000,316.496
6755.000,553.867
6756.000,553.867
6757.000,79.124
6758.000,79.124
6759.000,395.620
6760.000,158.248
6761.000,158.248
6762.000,632.991
6763.000,553.867
6764.000,237.372
6765.000,474.744
6766.000,474.744
6767.000,79.124
6768.000,79.124
6769.000,395.620
6770.000,158.248
6771.000,158.248
6772.000,553.867
6773.000,553.867
6774.000,237.372
6775.000,474.744
6776.000,553.867
6777.000,79.124
6778.000,158.248
6779.000,395.620
6780.000,158.248
6781.000,79.124
6782.000,553.867
6783.000,553.867
6784.000,237.372
6785.000,553.867
6786.000,553.867
6787.000,79.124
6788.000,79.124
6789.000,395.620
6790.000,79.124
6791.000,79.124
6792.000,553.867
6793.000,553.867
6794.000,316.496
6795.000,553.867
6796.000,553.867
6797.000,79.124
6798.000,79.124
6799.000,395.620
6800.000,79.124
6801.000,79.124
6802.000,632.991
6803.000,553.867
6804.000,316.496
6805.000,553.867
6806.000,553.867
6807.000,79.124
6808.000,79.124
6809.000,395.620
6810.000,158.248
6811.000,158.248
6812.000,632.991
6813.000,553.867
6814.000,237.372
6815.000,553.867
6816.000,553.867
6817.000,79.124
6818.000,79.124
6819.000,395.620
6820.000,158.248
6821.000,158.248
6822.000,553.867
6823.000,553.867
6824.000,237.372
6825.000,553.867
6826.000,553.867
6827.000,79.124
6828.000,158.248
6829.000,395.620
6830.000,158.248
6831.000,79.124
6832.000,553.867
6833.000,553.867
6834.000,237.372
6835.000,553.867
6836.000,553.867
6837.000,79.124
6838.000,79.124
6839.000,395.620
6840.000,79.124
6841.000,79.124
6842.000,553.867
6843.000,553.867
6844.000,316.496
6845.000,553.867
6846.000,553.867
6847.000,79.124
6848.000,79.124
6849.000,395.620
6850.000,79.124
6851.000,79.124
6852.000,632.991
6853.000,632.991
6854.000,316.496
6855.000,553.867
6856.000,553.867
6857.000,79.124
6858.000,79.124
6859.000,395.620
6860.000,158.248
6861.000,158.248
6862.000,632.991
6863.000,553.867
6864.000,237.372
6865.000,553.867
6866.000,474.744
6867.000,79.124
6868.000,79.124
6869.000,395.620
6870.000,158.248
6871.000,158.248
6872.000,632.991
6873.000,553.867
6874.000,237.372
6875.000,474.744
6876.000,553.867
6877.000,79.124
6878.000,158.248
6879.000,395.620
6880.000,158.248
6881.000,158.248
6882.000,553.867
6883.000,553.867
6884.000,237.372
6885.000,553.867
6886.000,553.867
6887.000,79.124
6888.000,79.124
6889.000,395.620
6890.000,79.124
6891.000,79.124
6892.000,553.867
6893.000,553.867
6894.000,316.496
6895.000,553.867
6896.000,553.867
6897.000,79.124
6898.000,79.124
6899.000,395.620
6900.000,79.124
6901.000,158.248
6902.000,632.991
6903.000,632.991
6904.000,316.496
6905.000,553.867
6906.000,553.867
6907.000,79.124
6908.000,79.124
6909.000,395.620
6910.000,158.248
6911.000,158.248
6912.000,632.991
6913.000,553.867
6914.000,237.372
6915.000,553.867
6916.000,474.744
6917.000,79.124
6918.000,79.124
6919.000,395.620
6920.000,158.248
6921.000,158.248
6922.000,553.867
6923.000,553.867
6924.000,237.372
6925.000,553.867
6926.000,553.867
6927.000,79.124
6928.000,158.248
6929.000,395.620
6930.000,158.248
6931.000,79.124
6932.000,553.867
6933.000,553.867
6934.000,237.372
6935.000,553.867
6936.000,553.867
6937.000,79.124
6938.000,79.124
6939.000,395.620
6940.000,79.124
6941.000,79.124
6942.000,553.867
6943.000,553.867
6944.000,316.496
6945.000,553.867
6946.000,553.867
6947.000,79.124
6948.000,79.124
6949.000,395.620
6950.000,79.124
6951.000,158.248
6952.000,632.991
6953.000,632.991
6954.000,316.496
6955.000,553.867
6956.000,553.867
6957.000,79.124
6958.000,79.124
6959.000,395.620
6960.000,158.248
6961.000,158.248
6962.000,632.991
6963.000,553.867
6964.000,237.372
6965.000,474.744
6966.000,474.744
6967.000,79.124
6968.000,79.124
6969.000,395.620
6970.000,158.248
6971.000,158.248
6972.000,632.991
6973.000,553.867
6974.000,237.372
6975.000,474.744
6976.000,553.867
6977.000,79.124
6978.000,158.248
6979.000,395.620
6980.000,158.248
6981.000,79.124
6982.000,553.867
6983.000,553.867
6984.000,237.372
6985.000,553.867
6986.000,553.867
6987.000,79.124
6988.000,79.124
6989.000,395.620
6990.000,79.124
6991.000,79.124
6992.000,553.867
6993.000,553.867
6994.000,316.496
6995.000,553.867
6996.000,553.867
6997.000,79.124
6998.000,79.124
6999.000,395.620
7000.000,79.124
7001.000,79.124
7002.000,632.991
7003.000,632.991
7004.000,316.496
7005.000,553.867
7006.000,553.867
7007.000,79.124
7008.000,79.124
7009.000,395.620
7010.000,158.248
7011.000,158.248
7012.000,632.991
7013.000,553.867
7014.000,237.372
7015.000,553.867
7016.000,553.867
7017.000,79.124
7018.000,79.124
7019.000,395.620
7020.000,158.248
7021.000,158.248
7022.000,632.991
7023.000,553.867
7024.000,237.372
7025.000,553.867
7026.000,553.867
7027.000,79.124
7028.000,158.248
7029.000,395.620
7030.000,158.248
7031.000,158.248
7032.000,553.867
7033.000,553.867
7034.000,237.372
7035.000,553.867
7036.000,553.867
7037.000,79.124
7038.000,79.124
7039.000,395.620
7040.000,79.124
7041.000,79.124
7042.000,553.867
7043.000,553.867
7044.000,316.496
7045.000,553.867
7046.000,553.867
7047.000,79.124
7048.000,79.124
7049.000,395.620
7050.000,79.124
7051.000,79.124
7052.000,632.991
7053.000,632.991
7054.000,316.496
7055.000,553.867
7056.000,553.867
7057.000,79.124
7058.000,79.124
7059.000,395.620
7060.000,158.248
7061.000,158.248
7062.000,632.991
7063.000,553.867
7064.000,237.372
7065.000,553.867
7066.000,474.744
7067.000,79.124
7068.000,79.124
7069.000,395.620
7070.000,158.248
7071.000,158.248
7072.000,553.867
7073.000,553.867
7074.000,237.372
7075.000,553.867
7076.000,553.867
7077.000,79.124
7078.000,158.248
7079.000,395.620
7080.000,158.248
7081.000,79.124
7082.000,553.867
7083.000,553.867
7084.000,237.372
7085.000,553.867
7086.000,553.867
7087.000,79.124
7088.000,79.124
7089.000,395.620
7090.000,79.124
7091.000,79.124
7092.000,553.867
7093.000,553.867
7094.000,316.496
7095.000,553.867
7096.000,553.867
7097.000,79.124
7098.000,79.124
7099.000,395.620
7100.000,79.124
7101.000,79.124
7102.000,632.991
7103.000,632.991
7104.000,316.496
7105.000,553.867
7106.000,553.867
7107.000,79.124
7108.000,79.124
7109.000,395.620
7110.000,158.248
7111.000,158.248
7112.000,632.991
7113.000,553.867
7114.000,237.372
7115.000,553.867
7116.000,553.867
7117.000,79.124
7118.000,79.124
7119.000,395.620
7120.000,158.248
7121.000,158.248
7122.000,632.991
7123.000,553.867
7124.000,237.372
7125.000,553.867
7126.000,553.867
7127.000,79.124
7128.000,79.124
7129.000,395.620
7130.000,158.248
7131.000,79.124
7132.000,553.867
7133.000,553.867
7134.000,237.372
7135.000,553.867
7136.000,553.867
7137.000,79.124
7138.000,79.124
7139.000,395.620
7140.000,79.124
7141.000,79.124
7142.000,553.867
7143.000,553.867
7144.000,316.496
7145.000,553.867
7146.000,553.867
7147.000,79.124
7148.000,79.124
7149.000,395.620
7150.000,79.124
7151.000,79.124
7152.000,632.991
7153.000,632.991
7154.000,316.496
7155.000,553.867
7156.000,553.867
7157.000,79.124
7158.000,79.124
7159.000,395.620
7160.000,158.248
7161.000,158.248
7162.000,632.991
7163.000,632.991
7164.000,237.372
7165.000,553.867
7166.000,474.744
7167.000,79.124
7168.000,79.124
7169.000,395.620
7170.000,158.248
7171.000,158.248
7172.000,632.991
7173.000,553.867
7174.000,237.372
7175.000,553.867
7176.000,553.867
7177.000,79.124
7178.000,79.124
7179.000,395.620
7180.000,158.248
7181.000,79.124
7182.000,553.867
7183.000,553.867
7184.000,237.372
7185.000,553.867
7186.000,553.867
7187.000,79.124
7188.000,79.124
7189.000,395.620
7190.000,79.124
7191.000,79.124
7192.000,553.867
7193.000,553.867
7194.000,316.496
7195.000,553.867
7196.000,553.867
7197.000,79.124
7198.000,79.124
7199.000,395.620
7200.000,79.124
7201.000,158.248
7202.000,632.991
7203.000,632.991
7204.000,316.496
7205.000,553.867
7206.000,553.867
7207.000,0.000
7208.000,79.124
7209.000,395.620
7210.000,158.248
7211.000,158.248
7212.000,632.991
7213.000,632.991
7214.000,237.372
7215.000,474.744
7216.000,474.744
7217.000,0.000
7218.000,79.124
7219.000,395.620
7220.000,158.248
7221.000,158.248
7222.000,632.991
7223.000,553.867
7224.000,237.372
7225.000,474.744
7226.000,553.867
7227.000,79.124
7228.000,158.248
7229.000,395.620
7230.000,158.248
7231.000,158.248
7232.000,553.867
7233.000,553.867
7234.000,237.372
7235.000,553.867
7236.000,553.867
7237.000,79.124
7238.000,79.124
7239.000,395.620
7240.000,79.124
7241.000,79.124
7242.000,553.867
7243.000,553.867
7244.000,316.496
7245.000,553.867
7246.000,553.867
7247.000,79.124
7248.000,79.124
7249.000,395.620
7250.000,79.124
7251.000,158.248
7252.000,632.991
7253.000,632.991
7254.000,316.496
7255.000,553.867
7256.000,553.867
7257.000,79.124
7258.000,79.124
7259.000,395.620
7260.000,158.248
7261.000,158.248
7262.000,632.991
7263.000,553.867
7264.000,237.372
7265.000,474.744
7266.000,474.744
7267.000,79.124
7268.000,79.124
7269.000,395.620
7270.000,158.248
7271.000,158.248
7272.000,632.991
7273.000,553.867
7274.000,237.372
7275.000,474.744
7276.000,553.867
7277.000,79.124
7278.000,158.248
7279.000,474.744
7280.000,158.248
7281.000,158.248
7282.000,553.867
7283.000,553.867
7284.000,237.372
7285.000,553.867
7286.000,553.867
7287.000,79.124
7288.000,158.248
7289.000,395.620
7290.000,79.124
7291.000,79.124
7292.000,553.867
7293.000,553.867
7294.000,237.372
7295.000,553.867
7296.000,553.867
7297.000,79.124
7298.000,79.124
7299.000,395.620
7300.000,79.124
7301.000,79.124
7302.000,632.991
7303.000,553.867
7304.000,316.496
7305.000,553.867
7306.000,553.867
7307.000,79.124
7308.000,79.124
7309.000,395.620
7310.000,158.248
7311.000,158.248
7312.000,632.991
7313.000,553.867
7314.000,237.372
7315.000,474.744
7316.000,474.744
7317.000,79.124
7318.000,79.124
7319.000,395.620
7320.000,158.248
7321.000,158.248
7322.000,553.867
7323.000,553.867
7324.000,237.372
7325.000,474.744
7326.000,553.867
7327.000,79.124
7328.000,158.248
7329.000,474.744
7330.000,158.248
7331.000,79.124
7332.000,553.867
7333.000,553.867
7334.000,237.372
7335.000,553.867
7336.000,553.867
7337.000,158.248
7338.000,158.248
7339.000,395.620
7340.000,79.124
7341.000,79.124
7342.000,553.867
7343.000,553.867
7344.000,316.496
7345.000,553.867
7346.000,553.867
7347.000,79.124
7348.000,79.124
7349.000,395.620
7350.000,79.124
7351.000,79.124
7352.000,553.867
7353.000,553.867
7354.000,316.496
7355.000,553.867
7356.000,553.867
7357.000,79.124
7358.000,79.124
7359.000,395.620
7360.000,158.248
7361.000,158.248
7362.000,632.991
7363.000,553.867
7364.000,237.372
7365.000,553.867
7366.000,553.867
7367.000,79.124
7368.000,79.124
7369.000,395.620
7370.000,158.248
7371.000,158.248
7372.000,553.867
7373.000,553.867
7374.000,237.372
7375.000,553.867
7376.000,553.867
7377.000,79.124
7378.000,158.248
7379.000,474.744
7380.000,158.248
7381.000,79.124
7382.000,553.867
7383.000,553.867
7384.000,237.372
7385.000,553.867
7386.000,553.867
7387.000,79.124
7388.000,158.248
7389.000,395.620
7390.000,79.124
7391.000,79.124
7392.000,553.867
7393.000,553.867
7394.000,316.496
7395.000,553.867
7396.000,553.867
7397.000,79.124
7398.000,79.124
7399.000,395.620
7400.000,79.124
7401.000,79.124
7402.000,632.991
7403.000,632.991
7404.000,316.496
7405.000,553.867
7406.000,553.867
7407.000,79.124
7408.000,79.124
7409.000,395.620
7410.000,158.248
7411.000,158.248
7412.000,632.991
7413.000,553.867
7414.000,237.372
7415.000,553.867
7416.000,474.744
7417.000,79.124
7418.000,79.124
7419.000,395.620
7420.000,158.248
7421.000,158.248
7422.000,553.867
7423.000,553.867
7424.000,237.372
7425.000,553.867
7426.000,553.867
7427.000,79.124
7428.000,158.248
7429.000,395.620
7430.000,158.248
7431.000,79.124
7432.000,553.867
7433.000,553.867
7434.000,237.372
7435.000,553.867
7436.000,553.867
7437.000,79.124
7438.000,79.124
7439.000,395.620
7440.000,79.124
7441.000,79.124
7442.000,553.867
7443.000,553.867
7444.000,316.496
7445.000,553.867
7446.000,553.867
7447.000,79.124
7448.000,79.124
7449.000,316.496
7450.000,79.124
7451.000,79.124
7452.000,632.991
7453.000,632.991
7454.000,316.496
7455.000,553.867
7456.000,553.867
7457.000,79.124
7458.000,79.124
7459.000,395.620
7460.000,158.248
7461.000,158.248
7462.000,632.991
7463.000,632.991
7464.000,316.496
7465.000,553.867
7466.000,474.744
7467.000,79.124
7468.000,79.124
7469.000,395.620
7470.000,158.248
7471.000,158.248
7472.000,632.991
7473.000,553.867
7474.000,237.372
7475.000,553.867
7476.000,553.867
7477.000,79.124
7478.000,158.248
7479.000,395.620
7480.000,158.248
7481.000,79.124
7482.000,553.867
7483.000,553.867
7484.000,237.372
7485.000,553.867
7486.000,553.867
7487.000,79.124
7488.000,79.124
7489.000,395.620
7490.000,79.124
7491.000,79.124
7492.000,553.867
7493.000,553.867
7494.000,316.496
7495.000,553.867
7496.000,553.867
7497.000,79.124
7498.000,79.124
7499.000,316.496
7500.000,79.124
7501.000,158.248
7502.000,632.991
7503.000,632.991
7504.000,316.496
7505.000,553.867
7506.000,553.867
7507.000,0.000
7508.000,79.124
7509.000,395.620
7510.000,158.248
7511.000,158.248
7512.000,632.991
7513.000,632.991
7514.000,237.372
7515.000,474.744
7516.000,474.744
7517.000,79.124
7518.000,79.124
7519.000,395.620
7520.000,158.248
7521.000,158.248
7522.000,632.991
7523.000,553.867
7524.000,237.372
7525.000,474.744
7526.000,553.867
7527.000,79.124
7528.000,158.248
7529.000,395.620
7530.000,158.248
7531.000,79.124
7532.000,553.867
7533.000,553.867
7534.000,237.372
7535.000,553.867
7536.000,553.867
7537.000,79.124
7538.000,79.124
7539.000,395.620
7540.000,79.124
7541.000,79.124
7542.000,553.867
7543.000,553.867
7544.000,316.496
7545.000,553.867
7546.000,553.867
7547.000,79.124
7548.000,79.124
7549.000,395.620
7550.000,79.124
7551.000,158.248
7552.000,632.991
7553.000,632.991
7554.000,316.496
7555.000,553.867
7556.000,474.744
7557.000,0.000
7558.000,79.124
7559.000,395.620
7560.000,158.248
7561.000,158.248
7562.000,632.991
7563.000,553.867
7564.000,237.372
7565.000,474.744
7566.000,474.744
7567.000,0.000
7568.000,79.124
7569.000,395.620
7570.000,158.248
7571.000,158.248
7572.000,632.991
7573.000,553.867
7574.000,237.372
7575.000,474.744
7576.000,553.867
7577.000,79.124
7578.000,158.248
7579.000,474.744
7580.000,158.248
7581.000,158.248
7582.000,553.867
7583.000,553.867
7584.000,237.372
7585.000,553.867
7586.000,553.867
7587.000,79.124
7588.000,158.248
7589.000,395.620
7590.000,79.124
7591.000,79.124
7592.000,553.867
7593.000,553.867
7594.000,316.496
7595.000,553.867
7596.000,553.867
7597.000,79.124
7598.000,79.124
7599.000,395.620
7600.000,79.124
7601.000,79.124
7602.000,632.991
7603.000,553.867
7604.000,316.496
7605.000,553.867
7606.000,553.867
7607.000,79.124
7608.000,79.124
7609.000,395.620
7610.000,158.248
7611.000,158.248
7612.000,632.991
7613.000,553.867
7614.000,237.372
7615.000,474.744
7616.000,474.744
7617.000,79.124
7618.000,79.124
7619.000,474.744
7620.000,158.248
7621.000,158.248
7622.000,553.867
7623.000,553.867
7624.000,237.372
7625.000,553.867
7626.000,553.867
7627.000,79.124
7628.000,158.248
7629.000,474.744
7630.000,158.248
7631.000,79.124
7632.000,553.867
7633.000,553.867
7634.000,237.372
7635.000,553.867
7636.000,553.867
7637.000,158.248
7638.000,158.248
7639.000,395.620
7640.000,79.124
7641.000,79.124
7642.000,553.867
7643.000,553.867
7644.000,316.496
7645.000,553.867
7646.000,553.867
7647.000,79.124
7648.000,79.124
7649.000,395.620
7650.000,79.124
7651.000,79.124
7652.000,632.991
7653.000,632.991
7654.000,316.496
7655.000,553.867
7656.000,553.867
7657.000,79.124
7658.000,79.124
7659.000,395.620
7660.000,158.248
7661.000,158.248
7662.000,632.991
7663.000,553.867
7664.000,237.372
7665.000,553.867
7666.000,553.867
7667.000,79.124
7668.000,79.124
7669.000,395.620
7670.000,158.248
7671.000,158.248
7672.000,553.867
7673.000,553.867
7674.000,237.372
7675.000,553.867
7676.000,553.867
7677.000,79.124
7678.000,158.248
7679.000,395.620
7680.000,158.248
7681.000,79.124
7682.000,553.867
7683.000,553.867
7684.000,237.372
7685.000,553.867
7686.000,553.867
7687.000,79.124
7688.000,158.248
7689.000,395.620
7690.000,79.124
7691.000,79.124
7692.000,553.867
7693.000,553.867
7694.000,316.496
7695.000,553.867
7696.000,553.867
7697.000,79.124
7698.000,79.124
7699.000,395.620
7700.000,79.124
7701.000,79.124
7702.000,632.991
7703.000,632.991
7704.000,316.496
7705.000,553.867
7706.000,553.867
7707.000,79.124
7708.000,79.124
7709.000,395.620
7710.000,158.248
7711.000,158.248
7712.000,632.991
7713.000,553.867
7714.000,237.372
7715.000,553.867
7716.000,553.867
7717.000,79.124
7718.000,79.124
7719.000,395.620
7720.000,158.248
7721.000,158.248
7722.000,553.867
7723.000,553.867
7724.000,237.372
7725.000,553.867
7726.000,553.867
7727.000,79.124
7728.000,158.248
7729.000,395.620
7730.000,79.124
7731.000,79.124
7732.000,553.867
7733.000,553.867
7734.000,237.372
7735.000,553.867
7736.000,553.867
7737.000,79.124
7738.000,79.124
7739.000,395.620
7740.000,79.124
7741.000,79.124
7742.000,553.867
7743.000,553.867
7744.000,316.496
7745.000,553.867
7746.000,553.867
7747.000,79.124
7748.000,79.124
7749.000,395.620
7750.000,79.124
7751.000,158.248
7752.000,632.991
7753.000,632.991
7754.000,316.496
7755.000,553.867
7756.000,553.867
7757.000,0.000
7758.000,79.124
7759.000,395.620
7760.000,158.248
7761.000,158.248
7762.000,632.991
7763.000,553.867
7764.000,237.372
7765.000,474.744
7766.000,474.744
7767.000,79.124
7768.000,79.124
7769.000,395.620
7770.000,158.248
7771.000,158.248
7772.000,553.867
7773.000,553.867
7774.000,237.372
7775.000,553.867
7776.000,553.867
7777.000,79.124
7778.000,158.248
7779.000,395.620
7780.000,158.248
7781.000,79.124
7782.000,553.867
7783.000,553.867
7784.000,237.372
7785.000,553.867
7786.000,553.867
7787.000,79.124
7788.000,158.248
7789.000,395.620
7790.000,79.124
7791.000,79.124
7792.000,553.867
7793.000,553.867
7794.000,316.496
7795.000,553.867
7796.000,553.867
7797.000,79.124
7798.000,79.124
7799.000,395.620
7800.000,79.124
7801.000,158.248
7802.000,632.991
7803.000,632.991
7804.000,316.496
7805.000,553.867
7806.000,553.867
7807.000,79.124
7808.000,79.124
7809.000,395.620
7810.000,158.248
7811.000,158.248
7812.000,632.991
7813.000,553.867
7814.000,237.372
7815.000,474.744
7816.000,474.744
7817.000,79.124
7818.000,79.124
7819.000,395.620
7820.000,158.248
7821.000,158.248
7822.000,553.867
7823.000,553.867
7824.000,237.372
7825.000,553.867
7826.000,553.867
7827.000,79.124
7828.000,158.248
7829.000,395.620
7830.000,158.248
7831.000,79.124
7832.000,553.867
7833.000,553.867
7834.000,237.372
7835.000,553.867
7836.000,553.867
7837.000,79.124
7838.000,79.124
7839.000,395.620
7840.000,79.124
7841.000,79.124
7842.000,553.867
7843.000,553.867
7844.000,316.496
7845.000,553.867
7846.000,553.867
7847.000,79.124
7848.000,79.124
7849.000,395.620
7850.000,79.124
7851.000,158.248
7852.000,632.991
7853.000,632.991
7854.000,316.496
7855.000,553.867
7856.000,553.867
7857.000,79.124
7858.000,79.124
7859.000,395.620
7860.000,158.248
7861.000,158.248
7862.000,632.991
7863.000,553.867
7864.000,237.372
7865.000,474.744
7866.000,474.744
7867.000,79.124
7868.000,79.124
7869.000,395.620
7870.000,158.248
7871.000,158.248
7872.000,553.867
7873.000,553.867
7874.000,237.372
7875.000,553.867
7876.000,553.867
7877.000,79.124
7878.000,158.248
7879.000,474.744
7880.000,158.248
7881.000,79.124
7882.000,553.867
7883.000,553.867
7884.000,237.372
7885.000,553.867
7886.000,553.867
7887.000,79.124
7888.000,158.248
7889.000,395.620
7890.000,79.124
7891.000,79.124
7892.000,553.867
7893.000,553.867
7894.000,316.496
7895.000,553.867
7896.000,553.867
7897.000,79.124
7898.000,79.124
7899.000,395.620
7900.000,79.124
7901.000,79.124
7902.000,632.991
7903.000,553.867
7904.000,316.496
7905.000,553.867
7906.000,553.867
7907.000,79.124
7908.000,79.124
7909.000,395.620
7910.000,158.248
7911.000,158.248
7912.000,632.991
7913.000,553.867
7914.000,237.372
7915.000,553.867
7916.000,553.867
7917.000,79.124
7918.000,79.124
7919.000,395.620
7920.000,158.248
7921.000,158.248
7922.000,553.867
7923.000,553.867
7924.000,237.372
7925.000,553.867
7926.000,553.867
7927.000,79.124
7928.000,158.248
7929.000,395.620
7930.000,158.248
7931.000,79.124
7932.000,553.867
7933.000,553.867
7934.000,237.372
7935.000,553.867
7936.000,553.867
7937.000,79.124
7938.000,79.124
7939.000,395.620
7940.000,79.124
7941.000,79.124
7942.000,553.867
7943.000,553.867
7944.000,316.496
7945.000,553.867
7946.000,553.867
7947.000,79.124
7948.000,79.124
7949.000,395.620
7950.000,79.124
7951.000,79.124
7952.000,632.991
7953.000,553.867
7954.000,316.496
7955.000,553.867
7956.000,553.867
7957.000,79.124
7958.000,79.124
7959.000,395.620
7960.000,158.248
7961.000,158.248
7962.000,632.991
7963.000,553.867
7964.000,237.372
7965.000,553.867
7966.000,553.867
7967.000,79.124
7968.000,79.124
7969.000,395.620
7970.000,158.248
7971.000,158.248
7972.000,553.867
7973.000,553.867
7974.000,237.372
7975.000,553.867
7976.000,553.867
7977.000,79.124
7978.000,158.248
7979.000,395.620
7980.000,79.124
7981.000,79.124
7982.000,553.867
7983.000,553.867
7984.000,237.372
7985.000,553.867
7986.000,553.867
7987.000,79.124
7988.000,79.124
7989.000,395.620
7990.000,79.124
7991.000,79.124
7992.000,553.867
7993.000,553.867
7994.000,316.496
7995.000,553.867
7996.000,553.867
7997.000,79.124
7998.000,79.124
7999.000,316.496
8000.000,79.124
8001.000,79.124
8002.000,632.991
8003.000,632.991
8004.000,316.496
8005.000,553.867
8006.000,553.867
8007.000,79.124
8008.000,79.124
8009.000,395.620
8010.000,79.124
8011.000,158.248
8012.000,632.991
8013.000,553.867
8014.000,316.496
8015.000,553.867
8016.000,553.867
8017.000,79.124
8018.000,79.124
8019.000,395.620
8020.000,158.248
8021.000,158.248
8022.000,632.991
8023.000,553.867
8024.000,237.372
8025.000,553.867
8026.000,553.867
8027.000,79.124
8028.000,79.124
8029.000,395.620
8030.000,158.248
8031.000,79.124
8032.000,553.867
8033.000,553.867
8034.000,237.372
8035.000,553.867
8036.000,553.867
8037.000,79.124
8038.000,79.124
8039.000,395.620
8040.000,79.124
8041.000,79.124
8042.000,553.867
8043.000,553.867
8044.000,316.496
8045.000,553.867
8046.000,553.867
8047.000,79.124
8048.000,79.124
8049.000,395.620
8050.000,79.124
8051.000,158.248
8052.000,632.991
8053.000,632.991
8054.000,316.496
8055.000,553.867
8056.000,553.867
8057.000,0.000
8058.000,79.124
8059.000,395.620
8060.000,158.248
8061.000,158.248
8062.000,632.991
8063.000,553.867
8064.000,237.372
8065.000,553.867
8066.000,474.744
8067.000,79.124
8068.000,79.124
8069.000,395.620
8070.000,158.248
8071.000,158.248
8072.000,632.991
8073.000,553.867
8074.000,237.372
8075.000,553.867
8076.000,553.867
8077.000,79.124
8078.000,158.248
8079.000,395.620
8080.000,158.248
8081.000,158.248
8082.000,553.867
8083.000,553.867
8084.000,237.372
8085.000,553.867
8086.000,553.867
8087.000,79.124
8088.000,79.124
8089.000,395.620
8090.000,79.124
8091.000,79.124
8092.000,553.867
8093.000,553.867
8094.000,316.496
8095.000,553.867
8096.000,553.867
8097.000,79.124
8098.000,79.124
8099.000,395.620
8100.000,79.124
8101.000,158.248
8102.000,632.991
8103.000,553.867
8104.000,316.496
8105.000,553.867
8106.000,553.867
8107.000,79.124
8108.000,79.124
8109.000,395.620
8110.000,158.248
8111.000,158.248
8112.000,632.991
8113.000,553.867
8114.000,237.372
8115.000,474.744
8116.000,474.744
8117.000,79.124
8118.000,79.124
8119.000,395.620
8120.000,158.248
8121.000,158.248
8122.000,553.867
8123.000,553.867
8124.000,237.372
8125.000,474.744
8126.000,553.867
8127.000,79.124
8128.000,158.248
8129.000,474.744
8130.000,158.248
8131.000,79.124
8132.000,553.867
8133.000,553.867
8134.000,237.372
8135.000,553.867
8136.000,553.867
8137.000,79.124
8138.000,158.248
8139.000,395.620
8140.000,79.124
8141.000,79.124
8142.000,553.867
8143.000,553.867
8144.000,237.372
8145.000,553.867
8146.000,553.867
8147.000,79.124
8148.000,79.124
8149.000,395.620
8150.000,79.124
8151.000,79.124
8152.000,553.867
8153.000,553.867
8154.000,316.496
8155.000,553.867
8156.000,553.867
8157.000,79.124
8158.000,79.124
8159.000,395.620
8160.000,158.248
8161.000,158.248
8162.000,632.991
8163.000,553.867
8164.000,237.372
8165.000,553.867
8166.000,553.867
8167.000,79.124
8168.000,79.124
8169.000,395.620
8170.000,158.248
8171.000,158.248
8172.000,553.867
8173.000,553.867
8174.000,237.372
8175.000,553.867
8176.000,553.867
8177.000,79.124
8178.000,158.248
8179.000,395.620
8180.000,158.248
8181.000,79.124
8182.000,553.867
8183.000,553.867
8184.000,237.372
8185.000,553.867
8186.000,553.867
8187.000,158.248
8188.000,158.248
8189.000,395.620
8190.000,79.124
8191.000,79.124
8192.000,553.867
8193.000,553.867
8194.000,237.372
8195.000,553.867
8196.000,553.867
8197.000,79.124
8198.000,79.124
8199.000,395.620
8200.000,79.124
8201.000,79.124
8202.000,553.867
8203.000,553.867
8204.000,316.496
8205.000,553.867
8206.000,553.867
8207.000,79.124
8208.000,79.124
8209.000,395.620
8210.000,158.248
8211.000,158.248
8212.000,632.991
8213.000,553.867
8214.000,237.372
8215.000,553.867
8216.000,553.867
8217.000,79.124
8218.000,79.124
8219.000,395.620
8220.000,158.248
8221.000,158.248
8222.000,553.867
8223.000,553.867
8224.000,237.372
8225.000,553.867
8226.000,553.867
8227.000,79.124
8228.000,158.248
8229.000,395.620
8230.000,158.248
8231.000,79.124
8232.000,553.867
8233.000,553.867
8234.000,237.372
8235.000,553.867
8236.000,553.867
8237.000,158.248
8238.000,158.248
8239.000,395.620
8240.000,79.124
8241.000,79.124
8242.000,553.867
8243.000,553.867
8244.000,316.496
8245.000,553.867
8246.000,553.867
8247.000,79.124
8248.000,79.124
8249.000,395.620
8250.000,79.124
8251.000,79.124
8252.000,553.867
8253.000,553.867
8254.000,316.496
8255.000,553.867
8256.000,553.867
8257.000,79.124
8258.000,79.124
8259.000,395.620
8260.000,79.124
8261.000,158.248
8262.000,632.991
8263.000,553.867
8264.000,237.372
8265.000,553.867
8266.000,553.867
8267.000,79.124
8268.000,79.124
8269.000,395.620
8270.000,158.248
8271.000,158.248
8272.000,553.867
8273.000,553.867
8274.000,237.372
8275.000,553.867
8276.000,553.867
8277.000,79.124
8278.000,158.248
8279.000,395.620
8280.000,79.124
8281.000,79.124
8282.000,553.867
8283.000,553.867
8284.000,237.372
8285.000,553.867
8286.000,553.867
8287.000,79.124
8288.000,158.248
8289.000,395.620
8290.000,79.124
8291.000,79.124
8292.000,553.867
8293.000,553.867
8294.000,316.496
8295.000,553.867
8296.000,553.867
8297.000,79.124
8298.000,79.124
8299.000,395.620
8300.000,79.124
8301.000,79.124
8302.000,632.991
8303.000,632.991
8304.000,316.496
8305.000,553.867
8306.000,553.867
8307.000,79.124
8308.000,79.124
8309.000,395.620
8310.000,79.124
8311.000,158.248
8312.000,632.991
8313.000,553.867
8314.000,237.372
8315.000,553.867
8316.000,553.867
8317.000,79.124
8318.000,79.124
8319.000,395.620
8320.000,158.248
8321.000,158.248
8322.000,553.867
8323.000,553.867
8324.000,237.372
8325.000,553.867
8326.000,553.867
8327.000,79.124
8328.000,158.248
8329.000,395.620
8330.000,79.124
8331.000,79.124
8332.000,553.867
8333.000,553.867
8334.000,237.372
8335.000,553.867
8336.000,553.867
8337.000,79.124
8338.000,79.124
8339.000,395.620
8340.000,79.124
8341.000,79.124
8342.000,553.867
8343.000,553.867
8344.000,316.496
8345.000,553.867
8346.000,553.867
8347.000,79.124
8348.000,79.124
8349.000,316.496
8350.000,79.124
8351.000,79.124
8352.000,632.991
8353.000,632.991
8354.000,316.496
8355.000,553.867
8356.000,553.867
8357.000,79.124
8358.000,79.124
8359.000,395.620
8360.000,158.248
8361.000,158.248
8362.000,632.991
8363.000,553.867
8364.000,237.372
8365.000,553.867
8366.000,474.744
8367.000,79.124
8368.000,79.124
8369.000,395.620
8370.000,158.248
8371.000,158.248
8372.000,632.991
8373.000,553.867
8374.000,237.372
8375.000,553.867
8376.000,553.867
8377.000,79.124
8378.000,158.248
8379.000,395.620
8380.000,158.248
8381.000,158.248
8382.000,553.867
8383.000,553.867
8384.000,237.372
8385.000,553.867
8386.000,553.867
8387.000,79.124
8388.000,79.124
8389.000,395.620
8390.000,79.124
8391.000,79.124
8392.000,553.867
8393.000,553.867
8394.000,316.496
8395.000,553.867
8396.000,553.867
8397.000,79.124
8398.000,79.124
8399.000,395.620
8400.000,79.124
8401.000,158.248
8402.000,632.991
8403.000,632.991
8404.000,316.496
8405.000,553.867
8406.000,553.867
8407.000,79.124
8408.000,79.124
8409.000,395.620
8410.000,158.248
8411.000,158.248
8412.000,632.991
8413.000,553.867
8414.000,237.372
8415.000,474.744
8416.000,474.744
8417.000,79.124
8418.000,79.124
8419.000,395.620
8420.000,158.248
8421.000,158.248
8422.000,632.991
8423.000,553.867
8424.000,237.372
8425.000,474.744
8426.000,553.867
8427.000,79.124
8428.000,158.248
8429.000,474.744
8430.000,158.248
8431.000,158.248
8432.000,553.867
8433.000,553.867
8434.000,237.372
8435.000,553.867
8436.000,553.867
8437.000,79.124
8438.000,158.248
8439.000,395.620
8440.000,79.124
8441.000,79.124
8442.000,553.867
8443.000,553.867
8444.000,316.496
8445.000,553.867
8446.000,553.867
8447.000,79.124
8448.000,79.124
8449.000,395.620
8450.000,79.124
8451.000,79.124
8452.000,632.991
8453.000,553.867
8454.000,316.496
8455.000,553.867
8456.000,553.867
8457.000,79.124
8458.000,79.124
8459.000,395.620
8460.000,158.248
8461.000,158.248
8462.000,632.991
8463.000,553.867
8464.000,237.372
8465.000,553.867
8466.000,474.744
8467.000,79.124
8468.000,79.124
8469.000,395.620
8470.000,158.248
8471.000,158.248
8472.000,553.867
8473.000,553.867
8474.000,237.372
8475.000,553.867
8476.000,553.867
8477.000,79.124
8478.000,158.248
8479.000,474.744
8480.000,158.248
8481.000,79.124
8482.000,553.867
8483.000,474.744
8484.000,237.372
8485.000,553.867
8486.000,553.867
8487.000,158.248
8488.000,158.248
8489.000,395.620
8490.000,79.124
8491.000,79.124
8492.000,553.867
8493.000,553.867
8494.000,316.496
8495.000,553.867
8496.000,553.867
8497.000,79.124
8498.000,79.124
8499.000,395.620
8500.000,79.124
8501.000,79.124
8502.000,553.867
8503.000,553.867
8504.000,316.496
8505.000,553.867
8506.000,553.867
8507.000,79.124
8508.000,79.124
8509.000,395.620
8510.000,79.124
8511.000,158.248
8512.000,632.991
8513.000,553.867
8514.000,237.372
8515.000,553.867
8516.000,553.867
8517.000,79.124
8518.000,79.124
8519.000,395.620
8520.000,158.248
8521.000,158.248
8522.000,553.867
8523.000,553.867
8524.000,237.372
8525.000,553.867
8526.000,553.867
8527.000,79.124
8528.000,158.248
8529.000,395.620
8530.000,158.248
8531.000,79.124
8532.000,553.867
8533.000,553.867
8534.000,237.372
8535.000,553.867
8536.000,553.867
8537.000,79.124
8538.000,158.248
8539.000,395.620
8540.000,79.124
8541.000,79.124
8542.000,553.867
8543.000,553.867
8544.000,316.496
8545.000,553.867
8546.000,553.867
8547.000,79.124
8548.000,79.124
8549.000,395.620
8550.000,79.124
8551.000,79.124
8552.000,632.991
8553.000,553.867
8554.000,316.496
8555.000,553.867
8556.000,553.867
8557.000,79.124
8558.000,79.124
8559.000,395.620
8560.000,79.124
8561.000,158.248
8562.000,632.991
8563.000,553.867
8564.000,237.372
8565.000,553.867
8566.000,553.867
8567.000,79.124
8568.000,79.124
8569.000,395.620
8570.000,158.248
8571.000,158.248
8572.000,553.867
8573.000,553.867
8574.000,237.372
8575.000,553.867
8576.000,553.867
8577.000,79.124
8578.000,158.248
8579.000,395.620
8580.000,158.248
8581.000,79.124
8582.000,553.867
8583.000,553.867
8584.000,237.372
8585.000,553.867
8586.000,553.867
8587.000,79.124
8588.000,158.248
8589.000,395.620
8590.000,79.124
8591.000,79.124
8592.000,553.867
8593.000,553.867
8594.000,316.496
8595.000,553.867
8596.000,553.867
8597.000,79.124
8598.000,79.124
8599.000,395.620
8600.000,79.124
8601.000,79.124
8602.000,632.991
8603.000,553.867
8604.000,316.496
8605.000,553.867
8606.000,553.867
8607.000,79.124
8608.000,79.124
8609.000,395.620
8610.000,79.124
8611.000,158.248
8612.000,632.991
8613.000,553.867
8614.000,237.372
8615.000,553.867
8616.000,553.867
8617.000,79.124
8618.000,79.124
8619.000,395.620
8620.000,158.248
8621.000,158.248
8622.000,553.867
8623.000,553.867
8624.000,237.372
8625.000,553.867
8626.000,553.867
8627.000,79.124
8628.000,158.248
8629.000,395.620
8630.000,158.248
8631.000,79.124
8632.000,553.867
8633.000,553.867
8634.000,237.372
8635.000,553.867
8636.000,553.867
8637.000,79.124
8638.000,158.248
8639.000,395.620
8640.000,79.124
8641.000,79.124
8642.000,553.867
8643.000,553.867
8644.000,316.496
8645.000,553.867
8646.000,553.867
8647.000,79.124
8648.000,79.124
8649.000,395.620
8650.000,79.124
8651.000,79.124
8652.000,632.991
8653.000,553.867
8654.000,316.496
8655.000,553.867
8656.000,553.867
8657.000,79.124
8658.000,79.124
8659.000,395.620
8660.000,79.124
8661.000,158.248
8662.000,632.991
8663.000,553.867
8664.000,237.372
8665.000,553.867
8666.000,553.867
8667.000,79.124
8668.000,79.124
8669.000,395.620
8670.000,158.248
8671.000,158.248
8672.000,553.867
8673.000,553.867
8674.000,237.372
8675.000,553.867
8676.000,553.867
8677.000,79.124
8678.000,158.248
8679.000,474.744
8680.000,158.248
8681.000,79.124
8682.000,553.867
8683.000,553.867
8684.000,237.372
8685.000,553.867
8686.000,553.867
8687.000,158.248
8688.000,158.248
8689.000,395.620
8690.000,79.124
8691.000,79.124
8692.000,553.867
8693.000,553.867
8694.000,316.496
8695.000,553.867
8696.000,553.867
8697.000,79.124
8698.000,79.124
8699.000,395.620
8700.000,79.124
8701.000,79.124
8702.000,632.991
8703.000,553.867
8704.000,316.496
8705.000,553.867
8706.000,553.867
8707.000,79.124
8708.000,79.124
8709.000,395.620
8710.000,158.248
8711.000,158.248
8712.000,632.991
8713.000,553.867
8714.000,237.372
8715.000,553.867
8716.000,474.744
8717.000,79.124
8718.000,79.124
8719.000,395.620
8720.000,158.248
8721.000,158.248
8722.000,553.867
8723.000,553.867
8724.000,237.372
8725.000,474.744
8726.000,553.867
8727.000,79.124
8728.000,158.248
8729.000,474.744
8730.000,158.248
8731.000,79.124
8732.000,553.867
8733.000,474.744
8734.000,237.372
8735.000,553.867
8736.000,553.867
8737.000,158.248
8738.000,158.248
8739.000,395.620
8740.000,79.124
8741.000,79.124
8742.000,553.867
8743.000,553.867
8744.000,316.496
8745.000,553.867
8746.000,553.867
8747.000,79.124
8748.000,79.124
8749.000,395.620
8750.000,79.124
8751.000,79.124
8752.000,553.867
8753.000,553.867
8754.000,316.496
8755.000,553.867
8756.000,553.867
8757.000,79.124
8758.000,79.124
8759.000,395.620
8760.000,158.248
8761.000,158.248
8762.000,632.991
8763.000,553.867
8764.000,237.372
8765.000,553.867
8766.000,553.867
8767.000,79.124
8768.000,158.248
8769.000,395.620
8770.000,158.248
8771.000,158.248
8772.000,553.867
8773.000,553.867
8774.000,237.372
8775.000,553.867
8776.000,553.867
8777.000,79.124
8778.000,158.248
8779.000,395.620
8780.000,158.248
8781.000,79.124
8782.000,553.867
8783.000,553.867
8784.000,237.372
8785.000,553.867
8786.000,553.867
8787.000,158.248
8788.000,158.248
8789.000,395.620
8790.000,79.124
8791.000,79.124
8792.000,553.867
8793.000,553.867
8794.000,316.496
8795.000,632.991
8796.000,553.867
8797.000,79.124
8798.000,79.124
8799.000,395.620
8800.000,79.124
8801.000,79.124
8802.000,553.867
8803.000,553.867
8804.000,316.496
8805.000,553.867
8806.000,553.867
8807.000,79.124
8808.000,79.124
8809.000,395.620
8810.000,79.124
8811.000,158.248
8812.000,632.991
8813.000,553.867
8814.000,237.372
8815.000,553.867
8816.000,553.867
8817.000,79.124
8818.000,79.124
8819.000,395.620
8820.000,158.248
8821.000,158.248
8822.000,553.867
8823.000,553.867
8824.000,237.372
8825.000,553.867
8826.000,553.867
8827.000,79.124
8828.000,158.248
8829.000,395.620
8830.000,158.248
8831.000,79.124
8832.000,553.867
8833.000,553.867
8834.000,237.372
8835.000,553.867
8836.000,553.867
8837.000,158.248
8838.000,158.248
8839.000,395.620
8840.000,79.124
8841.000,79.124
8842.000,553.867
8843.000,553.867
8844.000,316.496
8845.000,632.991
8846.000,553.867
8847.000,79.124
8848.000,79.124
8849.000,395.620
8850.000,79.124
8851.000,79.124
8852.000,632.991
8853.000,553.867
8854.000,316.496
8855.000,553.867
8856.000,553.867
8857.000,79.124
8858.000,79.124
8859.000,395.620
8860.000,79.124
8861.000,158.248
8862.000,632.991
8863.000,553.867
8864.000,237.372
8865.000,553.867
8866.000,553.867
8867.000,79.124
8868.000,79.124
8869.000,395.620
8870.000,158.248
8871.000,158.248
8872.000,553.867
8873.000,553.867
8874.000,237.372
8875.000,553.867
8876.000,553.867
8877.000,79.124
8878.000,158.248
8879.000,395.620
8880.000,79.124
8881.000,79.124
8882.000,553.867
8883.000,553.867
8884.000,237.372
8885.000,553.867
8886.000,553.867
8887.000,79.124
8888.000,79.124
8889.000,395.620
8890.000,79.124
8891.000,79.124
8892.000,553.867
8893.000,553.867
8894.000,316.496
8895.000,632.991
8896.000,553.867
8897.000,79.124
8898.000,79.124
8899.000,316.496
8900.000,79.124
8901.000,79.124
8902.000,632.991
8903.000,632.991
8904.000,316.496
8905.000,553.867
8906.000,553.867
8907.000,79.124
8908.000,79.124
8909.000,395.620
8910.000,158.248
8911.000,158.248
8912.000,632.991
8913.000,553.867
8914.000,237.372
8915.000,553.867
8916.000,474.744
8917.000,79.124
8918.000,79.124
8919.000,395.620
8920.000,158.248
8921.000,158.248
8922.000,553.867
8923.000,553.867
8924.000,237.372
8925.000,553.867
8926.000,553.867
8927.000,79.124
8928.000,158.248
8929.000,395.620
8930.000,158.248
8931.000,79.124
8932.000,553.867
8933.000,553.867
8934.000,237.372
8935.000,553.867
8936.000,553.867
8937.000,158.248
8938.000,158.248
8939.000,395.620
8940.000,79.124
8941.000,79.124
8942.000,553.867
8943.000,553.867
8944.000,316.496
8945.000,553.867
8946.000,553.867
8947.000,79.124
8948.000,79.124
8949.000,395.620
8950.000,79.124
8951.000,79.124
8952.000,632.991
8953.000,553.867
8954.000,316.496
8955.000,553.867
8956.000,553.867
8957.000,79.124
8958.000,79.124
8959.000,395.620
8960.000,158.248
8961.000,158.248
8962.000,632.991
8963.000,553.867
8964.000,237.372
8965.000,553.867
8966.000,474.744
8967.000,79.124
8968.000,79.124
8969.000,395.620
8970.000,158.248
8971.000,158.248
8972.000,553.867
8973.000,553.867
8974.000,237.372
8975.000,553.867
8976.000,553.867
8977.000,79.124
8978.000,158.248
8979.000,395.620
8980.000,158.248
8981.000,79.124
8982.000,553.867
8983.000,553.867
8984.000,237.372
8985.000,553.867
8986.000,553.867
8987.000,79.124
8988.000,158.248
8989.000,395.620
8990.000,79.124
8991.000,79.124
8992.000,553.867
8993.000,553.867
8994.000,316.496
8995.000,553.867
8996.000,553.867
8997.000,79.124
8998.000,79.124
8999.000,395.620
9000.000,79.124
9001.000,79.124
9002.000,632.991
9003.000,553.867
9004.000,316.496
9005.000,553.867
9006.000,553.867
9007.000,79.124
9008.000,79.124
9009.000,395.620
9010.000,158.248
9011.000,158.248
9012.000,632.991
9013.000,553.867
9014.000,237.372
9015.000,553.867
9016.000,474.744
9017.000,79.124
9018.000,158.248
9019.000,395.620
9020.000,158.248
9021.000,158.248
9022.000,553.867
9023.000,553.867
9024.000,237.372
9025.000,553.867
9026.000,553.867
9027.000,79.124
9028.000,158.248
9029.000,474.744
9030.000,158.248
9031.000,79.124
9032.000,553.867
9033.000,474.744
9034.000,237.372
9035.000,553.867
9036.000,553.867
9037.000,158.248
9038.000,158.248
9039.000,395.620
9040.000,79.124
9041.000,79.124
9042.000,553.867
9043.000,553.867
9044.000,316.496
9045.000,553.867
9046.000,553.867
9047.000,79.124
9048.000,79.124
9049.000,395.620
9050.000,79.124
9051.000,79.124
9052.000,553.867
9053.000,553.867
9054.000,316.496
9055.000,553.867
9056.000,553.867
9057.000,79.124
9058.000,79.124
9059.000,395.620
9060.000,79.124
9061.000,158.248
9062.000,632.991
9063.000,553.867
9064.000,237.372
9065.000,553.867
9066.000,553.867
9067.000,79.124
9068.000,158.248
9069.000,395.620
9070.000,158.248
9071.000,158.248
9072.000,553.867
9073.000,553.867
9074.000,237.372
9075.000,553.867
9076.000,553.867
9077.000,158.248
9078.000,158.248
9079.000,474.744
9080.000,79.124
9081.000,79.124
9082.000,553.867
9083.000,474.744
9084.000,237.372
9085.000,553.867
9086.000,553.867
9087.000,158.248
9088.000,158.248
9089.000,395.620
9090.000,79.124
9091.000,79.124
9092.000,553.867
9093.000,553.867
9094.000,316.496
9095.000,632.991
9096.000,553.867
9097.000,79.124
9098.000,79.124
9099.000,395.620
9100.000,79.124
9101.000,79.124
9102.000,553.867
9103.000,553.867
9104.000,316.496
9105.000,553.867
9106.000,553.867
9107.000,79.124
9108.000,79.124
9109.000,395.620
9110.000,79.124
9111.000,158.248
9112.000,553.867
9113.000,553.867
9114.000,237.372
9115.000,553.867
9116.000,553.867
9117.000,79.124
9118.000,158.248
9119.000,395.620
9120.000,158.248
9121.000,79.124
9122.000,553.867
9123.000,553.867
9124.000,237.372
9125.000,553.867
9126.000,553.867
9127.000,158.248
9128.000,158.248
9129.000,395.620
9130.000,79.124
9131.000,79.124
9132.000,553.867
9133.000,553.867
9134.000,237.372
9135.000,553.867
9136.000,632.991
9137.000,158.248
9138.000,158.248
9139.000,395.620
9140.000,79.124
9141.000,79.124
9142.000,553.867
9143.000,553.867
9144.000,316.496
9145.000,632.991
9146.000,553.867
9147.000,79.124
9148.000,79.124
9149.000,395.620
9150.000,79.124
9151.000,79.124
9152.000,553.867
9153.000,553.867
9154.000,316.496
9155.000,553.867
9156.000,553.867
9157.000,79.124
9158.000,79.124
9159.000,395.620
9160.000,79.124
9161.000,158.248
9162.000,632.991
9163.000,553.867
9164.000,237.372
9165.000,553.867
9166.000,553.867
9167.000,79.124
9168.000,79.124
9169.000,395.620
9170.000,158.248
9171.000,79.124
9172.000,553.867
9173.000,553.867
9174.000,237.372
9175.000,553.867
9176.000,553.867
9177.000,79.124
9178.000,158.248
9179.000,395.620
9180.000,79.124
9181.000,79.124
9182.000,553.867
9183.000,553.867
9184.000,237.372
9185.000,553.867
9186.000,553.867
9187.000,79.124
9188.000,79.124
9189.000,395.620
9190.000,79.124
9191.000,79.124
9192.000,553.867
9193.000,553.867
9194.000,316.496
9195.000,632.991
9196.000,553.867
9197.000,79.124
9198.000,79.124
9199.000,316.496
9200.000,79.124
9201.000,79.124
9202.000,632.991
9203.000,553.867
9204.000,316.496
9205.000,553.867
9206.000,553.867
9207.000,79.124
9208.000,79.124
9209.000,395.620
9210.000,79.124
9211.000,158.248
9212.000,632.991
9213.000,553.867
9214.000,237.372
9215.000,553.867
9216.000,553.867
9217.000,79.124
9218.000,79.124
9219.000,395.620
9220.000,158.248
9221.000,158.248
9222.000,553.867
9223.000,553.867
9224.000,237.372
9225.000,553.867
9226.000,553.867
9227.000,79.124
9228.000,158.248
9229.000,395.620
9230.000,79.124
9231.000,79.124
9232.000,553.867
9233.000,553.867
9234.000,237.372
9235.000,553.867
9236.000,553.867
9237.000,79.124
9238.000,79.124
9239.000,395.620
9240.000,79.124
9241.000,79.124
9242.000,553.867
9243.000,553.867
9244.000,316.496
9245.000,553.867
9246.000,553.867
9247.000,79.124
9248.000,79.124
9249.000,395.620
9250.000,79.124
9251.000,158.248
9252.000,632.991
9253.000,553.867
9254.000,316.496
9255.000,553.867
9256.000,553.867
9257.000,79.124
9258.000,79.124
9259.000,395.620
9260.000,158.248
9261.000,158.248
9262.000,632.991
9263.000,553.867
9264.000,237.372
9265.000,553.867
9266.000,474.744
9267.000,79.124
9268.000,79.124
9269.000,395.620
9270.000,158.248
9271.000,158.248
9272.000,553.867
9273.000,553.867
9274.000,237.372
9275.000,553.867
9276.000,553.867
9277.000,79.124
9278.000,158.248
9279.000,395.620
9280.000,158.248
9281.000,79.124
9282.000,553.867
9283.000,553.867
9284.000,237.372
9285.000,553.867
9286.000,553.867
9287.000,79.124
9288.000,158.248
9289.000,395.620
9290.000,79.124
9291.000,79.124
9292.000,553.867
9293.000,553.867
9294.000,316.496
9295.000,553.867
9296.000,553.867
9297.000,79.124
9298.000,79.124
9299.000,395.620
9300.000,79.124
9301.000,79.124
9302.000,553.867
9303.000,553.867
9304.000,316.496
9305.000,553.867
9306.000,553.867
9307.000,79.124
9308.000,79.124
9309.000,395.620
9310.000,79.124
9311.000,158.248
9312.000,632.991
9313.000,553.867
9314.000,237.372
9315.000,553.867
9316.000,474.744
9317.000,79.124
9318.000,79.124
9319.000,395.620
9320.000,158.248
9321.000,158.248
9322.000,553.867
9323.000,553.867
9324.000,237.372
9325.000,553.867
9326.000,553.867
9327.000,79.124
9328.000,158.248
9329.000,395.620
9330.000,79.124
9331.000,79.124
9332.000,553.867
9333.000,553.867
9334.000,237.372
9335.000,553.867
9336.000,553.867
9337.000,79.124
9338.000,158.248
9339.000,395.620
9340.000,79.124
9341.000,79.124
9342.000,553.867
9343.000,553.867
9344.000,316.496
9345.000,553.867
9346.000,553.867
9347.000,79.124
9348.000,79.124
9349.000,395.620
9350.000,79.124
9351.000,79.124
9352.000,553.867
9353.000,553.867
9354.000,316.496
9355.000,553.867
9356.000,553.867
9357.000,79.124
9358.000,79.124
9359.000,395.620
9360.000,79.124
9361.000,158.248
9362.000,632.991
9363.000,553.867
9364.000,237.372
9365.000,553.867
9366.000,553.867
9367.000,79.124
9368.000,158.248
9369.000,395.620
9370.000,158.248
9371.000,158.248
9372.000,553.867
9373.000,553.867
9374.000,237.372
9375.000,553.867
9376.000,553.867
9377.000,79.124
9378.000,158.248
9379.000,395.620
9380.000,79.124
9381.000,79.124
9382.000,553.867
9383.000,553.867
9384.000,237.372
9385.000,553.867
9386.000,553.867
9387.000,158.248
9388.000,158.248
9389.000,395.620
9390.000,79.124
9391.000,79.124
9392.000,553.867
9393.000,553.867
9394.000,316.496
9395.000,553.867
9396.000,553.867
9397.000,79.124
9398.000,79.124
9399.000,395.620
9400.000,79.124
9401.000,79.124
9402.000,553.867
9403.000,553.867
9404.000,316.496
9405.000,553.867
9406.000,553.867
9407.000,79.124
9408.000,79.124
9409.000,395.620
9410.000,79.124
9411.000,158.248
9412.000,553.867
9413.000,553.867
9414.000,237.372
9415.000,553.867
9416.000,553.867
9417.000,79.124
9418.000,79.124
9419.000,395.620
9420.000,158.248
9421.000,158.248
9422.000,553.867
9423.000,553.867
9424.000,237.372
9425.000,553.867
9426.000,553.867
9427.000,79.124
9428.000,158.248
9429.000,395.620
9430.000,79.124
9431.000,79.124
9432.000,553.867
9433.000,553.867
9434.000,237.372
9435.000,553.867
9436.000,553.867
9437.000,158.248
9438.000,158.248
9439.000,395.620
9440.000,79.124
9441.000,79.124
9442.000,553.867
9443.000,553.867
9444.000,316.496
9445.000,553.867
9446.000,553.867
9447.000,79.124
9448.000,79.124
9449.000,395.620
9450.000,79.124
9451.000,79.124
9452.000,553.867
9453.000,553.867
9454.000,316.496
9455.000,553.867
9456.000,553.867
9457.000,79.124
9458.000,79.124
9459.000,395.620
9460.000,79.124
9461.000,158.248
9462.000,553.867
9463.000,553.867
9464.000,237.372
9465.000,553.867
9466.000,553.867
9467.000,79.124
9468.000,79.124
9469.000,395.620
9470.000,79.124
9471.000,158.248
9472.000,553.867
9473.000,553.867
9474.000,237.372
9475.000,553.867
9476.000,553.867
9477.000,79.124
9478.000,158.248
9479.000,395.620
9480.000,79.124
9481.000,79.124
9482.000,553.867
9483.000,553.867
9484.000,237.372
9485.000,553.867
9486.000,553.867
9487.000,79.124
9488.000,158.248
9489.000,395.620
9490.000,79.124
9491.000,79.124
9492.000,553.867
9493.000,553.867
9494.000,316.496
9495.000,632.991
9496.000,553.867
9497.000,79.124
9498.000,79.124
9499.000,395.620
9500.000,79.124
9501.000,79.124
9502.000,553.867
9503.000,553.867
9504.000,316.496
9505.000,553.867
9506.000,553.867
9507.000,79.124
9508.000,79.124
9509.000,395.620
9510.000,79.124
9511.000,158.248
9512.000,632.991
9513.000,553.867
9514.000,237.372
9515.000,553.867
9516.000,553.867
9517.000,79.124
9518.000,79.124
9519.000,395.620
9520.000,158.248
9521.000,158.248
9522.000,553.867
9523.000,553.867
9524.000,237.372
9525.000,553.867
9526.000,553.867
9527.000,79.124
9528.000,158.248
9529.000,395.620
9530.000,79.124
9531.000,79.124
9532.000,553.867
9533.000,553.867
9534.000,237.372
9535.000,553.867
9536.000,553.867
9537.000,79.124
9538.000,158.248
9539.000,395.620
9540.000,79.124
9541.000,79.124
9542.000,553.867
9543.000,553.867
9544.000,316.496
9545.000,553.867
9546.000,553.867
9547.000,79.124
9548.000,79.124
9549.000,395.620
9550.000,79.124
9551.000,79.124
9552.000,553.867
9553.000,553.867
9554.000,316.496
9555.000,553.867
9556.000,553.867
9557.000,79.124
9558.000,79.124
9559.000,395.620
9560.000,79.124
9561.000,158.248
9562.000,632.991
9563.000,553.867
9564.000,237.372
9565.000,553.867
9566.000,474.744
9567.000,79.124
9568.000,79.124
9569.000,395.620
9570.000,158.248
9571.000,158.248
9572.000,553.867
9573.000,553.867
9574.000,237.372
9575.000,553.867
9576.000,553.867
9577.000,79.124
9578.000,158.248
9579.000,395.620
9580.000,158.248
9581.000,79.124
9582.000,553.867
9583.000,474.744
9584.000,237.372
9585.000,553.867
9586.000,553.867
9587.000,79.124
9588.000,158.248
9589.000,395.620
9590.000,79.124
9591.000,79.124
9592.000,553.867
9593.000,553.867
9594.000,237.372
9595.000,553.867
9596.000,553.867
9597.000,79.124
9598.000,79.124
9599.000,395.620
9600.000,79.124
9601.000,79.124
9602.000,553.867
9603.000,553.867
9604.000,316.496
9605.000,553.867
9606.000,553.867
9607.000,79.124
9608.000,79.124
9609.000,395.620
9610.000,79.124
9611.000,158.248
9612.000,632.991
9613.000,553.867
9614.000,237.372
9615.000,553.867
9616.000,553.867
9617.000,79.124
9618.000,158.248
9619.000,395.620
9620.000,158.248
9621.000,158.248
9622.000,553.867
9623.000,553.867
9624.000,237.372
9625.000,553.867
9626.000,553.867
9627.000,79.124
9628.000,158.248
9629.000,474.744
9630.000,158.248
9631.000,79.124
9632.000,553.867
9633.000,474.744
9634.000,237.372
9635.000,553.867
9636.000,553.867
9637.000,158.248
9638.000,158.248
9639.000,395.620
9640.000,79.124
9641.000,79.124
9642.000,553.867
9643.000,553.867
9644.000,237.372
9645.000,553.867
9646.000,553.867
9647.000,79.124
9648.000,158.248
9649.000,395.620
9650.000,79.124
9651.000,79.124
9652.000,553.867
9653.000,553.867
9654.000,316.496
9655.000,553.867
9656.000,553.867
9657.000,79.124
9658.000,79.124
9659.000,395.620
9660.000,79.124
9661.000,158.248
9662.000,553.867
9663.000,553.867
9664.000,237.372
9665.000,553.867
9666.000,553.867
9667.000,79.124
9668.000,158.248
9669.000,395.620
9670.000,158.248
9671.000,158.248
9672.000,553.867
9673.000,553.867
9674.000,237.372
9675.000,553.867
9676.000,553.867
9677.000,79.124
9678.000,158.248
9679.000,395.620
9680.000,79.124
9681.000,79.124
9682.000,553.867
9683.000,474.744
9684.000,237.372
9685.000,553.867
9686.000,553.867
9687.000,158.248
9688.000,158.248
9689.000,395.620
9690.000,79.124
9691.000,79.124
9692.000,553.867
9693.000,553.867
9694.000,316.496
9695.000,632.991
9696.000,553.867
9697.000,79.124
9698.000,79.124
9699.000,395.620
9700.000,79.124
9701.000,79.124
9702.000,553.867
9703.000,553.867
9704.000,316.496
9705.000,553.867
9706.000,553.867
9707.000,79.124
9708.000,79.124
9709.000,395.620
9710.000,79.124
9711.000,158.248
9712.000,632.991
9713.000,553.867
9714.000,237.372
9715.000,553.867
9716.000,553.867
9717.000,79.124
9718.000,79.124
9719.000,395.620
9720.000,158.248
9721.000,158.248
9722.000,553.867
9723.000,553.867
9724.000,237.372
9725.000,553.867
9726.000,553.867
9727.000,79.124
9728.000,158.248
9729.000,395.620
9730.000,79.124
9731.000,79.124
9732.000,553.867
9733.000,553.867
9734.000,237.372
9735.000,553.867
9736.000,553.867
9737.000,79.124
9738.000,158.248
9739.000,395.620
9740.000,79.124
9741.000,79.124
9742.000,553.867
9743.000,553.867
9744.000,316.496
9745.000,632.991
9746.000,553.867
9747.000,79.124
9748.000,79.124
9749.000,395.620
9750.000,79.124
9751.000,79.124
9752.000,553.867
9753.000,553.867
9754.000,316.496
9755.000,553.867
9756.000,553.867
9757.000,79.124
9758.000,79.124
9759.000,395.620
9760.000,79.124
9761.000,158.248
9762.000,632.991
9763.000,553.867
9764.000,237.372
9765.000,553.867
9766.000,553.867
9767.000,79.124
9768.000,79.124
9769.000,395.620
9770.000,158.248
9771.000,158.248
9772.000,553.867
9773.000,553.867
9774.000,237.372
9775.000,553.867
9776.000,553.867
9777.000,79.124
9778.000,158.248
9779.000,395.620
9780.000,79.124
9781.000,79.124
9782.000,553.867
9783.000,553.867
9784.000,237.372
9785.000,553.867
9786.000,553.867
9787.000,79.124
9788.000,158.248
9789.000,395.620
9790.000,79.124
9791.000,79.124
9792.000,553.867
9793.000,553.867
9794.000,316.496
9795.000,553.867
9796.000,553.867
9797.000,79.124
9798.000,79.124
9799.000,395.620
9800.000,79.124
9801.000,79.124
9802.000,632.991
9803.000,553.867
9804.000,316.496
9805.000,553.867
9806.000,553.867
9807.000,79.124
9808.000,79.124
9809.000,395.620
9810.000,79.124
9811.000,158.248
9812.000,632.991
9813.000,553.867
9814.000,237.372
9815.000,553.867
9816.000,474.744
9817.000,79.124
9818.000,79.124
9819.000,395.620
9820.000,158.248
9821.000,158.248
9822.000,553.867
9823.000,553.867
9824.000,237.372
9825.000,553.867
9826.000,553.867
9827.000,79.124
9828.000,158.248
9829.000,395.620
9830.000,158.248
9831.000,79.124
9832.000,553.867
9833.000,474.744
9834.000,237.372
9835.000,553.867
9836.000,553.867
9837.000,79.124
9838.000,158.248
9839.000,395.620
9840.000,79.124
9841.000,79.124
9842.000,553.867
9843.000,553.867
9844.000,316.496
9845.000,553.867
9846.000,553.867
9847.000,79.124
9848.000,79.124
9849.000,395.620
9850.000,79.124
9851.000,79.124
9852.000,553.867
9853.000,553.867
9854.000,316.496
9855.000,553.867
9856.000,553.867
9857.000,79.124
9858.000,79.124
9859.000,395.620
9860.000,79.124
9861.000,158.248
9862.000,632.991
9863.000,553.867
9864.000,237.372
9865.000,553.867
9866.000,474.744
9867.000,79.124
9868.000,79.124
9869.000,395.620
9870.000,158.248
9871.000,158.248
9872.000,553.867
9873.000,553.867
9874.000,237.372
9875.000,553.867
9876.000,553.867
9877.000,79.124
9878.000,158.248
9879.000,474.744
9880.000,158.248
9881.000,79.124
9882.000,553.867
9883.000,474.744
9884.000,237.372
9885.000,553.867
9886.000,553.867
9887.000,158.248
9888.000,158.248
9889.000,395.620
9890.000,79.124
9891.000,79.124
9892.000,553.867
9893.000,553.867
9894.000,237.372
9895.000,553.867
9896.000,553.867
9897.000,79.124
9898.000,79.124
9899.000,395.620
9900.000,79.124
9901.000,79.124
9902.000,553.867
9903.000,553.867
9904.000,316.496
9905.000,553.867
9906.000,553.867
9907.000,79.124
9908.000,79.124
9909.000,395.620
9910.000,79.124
9911.000,158.248
9912.000,632.991
9913.000,553.867
9914.000,237.372
9915.000,553.867
9916.000,553.867
9917.000,79.124
9918.000,158.248
9919.000,395.620
9920.000,158.248
9921.000,158.248
9922.000,553.867
9923.000,474.744
9924.000,237.372
9925.000,553.867
9926.000,553.867
9927.000,79.124
9928.000,158.248
9929.000,474.744
9930.000,79.124
9931.000,79.124
9932.000,553.867
9933.000,474.744
9934.000,237.372
9935.000,553.867
9936.000,553.867
9937.000,158.248
9938.000,158.248
9939.000,395.620
9940.000,79.124
9941.000,79.124
9942.000,553.867
9943.000,553.867
9944.000,316.496
9945.000,632.991
9946.000,632.991
9947.000,79.124
9948.000,158.248
9949.000,395.620
9950.000,79.124
9951.000,79.124
9952.000,553.867
9953.000,553.867
9954.000,316.496
9955.000,553.867
9956.000,553.867
9957.000,79.124
9958.000,79.124
9959.000,395.620
9960.000,79.124
9961.000,79.124
9962.000,553.867
9963.000,553.867
9964.000,237.372
9965.000,553.867
9966.000,553.867
9967.000,79.124
9968.000,158.248
9969.000,395.620
9970.000,158.248
9971.000,158.248
9972.000,553.867
9973.000,474.744
9974.000,237.372
9975.000,553.867
9976.000,553.867
9977.000,158.248
9978.000,158.248
9979.000,395.620
9980.000,79.124
9981.000,79.124
9982.000,553.867
9983.000,474.744
9984.000,237.372
9985.000,553.867
9986.000,632.991
9987.000,158.248
9988.000,158.248
9989.000,395.620
9990.000,79.124
9991.000,79.124
9992.000,553.867
9993.000,553.867
9994.000,316.496
9995.000,632.991
9996.000,632.991
9997.000,79.124
9998.000,79.124
9999.000,316.496
10000.000,79.124
10001.000,79.124
10002.000,553.867
10003.000,553.867
10004.000,316.496
10005.000,632.991
10006.000,553.867
10007.000,79.124
10008.000,79.124
10009.000,395.620
10010.000,79.124
10011.000,79.124
10012.000,632.991
10013.000,553.867
10014.000,237.372
10015.000,553.867
10016.000,553.867
10017.000,79.124
10018.000,79.124
10019.000,395.620
10020.000,79.124
10021.000,158.248
10022.000,553.867
10023.000,553.867
10024.000,237.372
10025.000,553.867
10026.000,553.867
10027.000,79.124
10028.000,158.248
10029.000,395.620
10030.000,79.124
10031.000,79.124
10032.000,553.867
10033.000,553.867
10034.000,237.372
10035.000,553.867
10036.000,553.867
10037.000,158.248
10038.000,158.248
10039.000,395.620
10040.000,79.124
10041.000,79.124
10042.000,553.867
10043.000,553.867
10044.000,316.496
10045.000,632.991
10046.000,553.867
10047.000,79.124
10048.000,79.124
10049.000,316.496
10050.000,79.124
10051.000,79.124
10052.000,632.991
10053.000,553.867
10054.000,316.496
10055.000,553.867
10056.000,553.867
10057.000,79.124
10058.000,79.124
10059.000,395.620
10060.000,79.124
10061.000,158.248
10062.000,632.991
10063.000,553.867
10064.000,237.372
10065.000,553.867
10066.000,474.744
10067.000,79.124
10068.000,79.124
10069.000,395.620
10070.000,158.248
10071.000,158.248
10072.000,553.867
10073.000,553.867
10074.000,237.372
10075.000,553.867
10076.000,553.867
10077.000,79.124
10078.000,158.248
10079.000,395.620
10080.000,79.124
10081.000,79.124
10082.000,553.867
10083.000,474.744
10084.000,237.372
10085.000,553.867
10086.000,553.867
10087.000,158.248
10088.000,158.248
10089.000,395.620
10090.000,79.124
10091.000,79.124
10092.000,553.867
10093.000,553.867
10094.000,316.496
10095.000,632.991
10096.000,553.867
10097.000,79.124
10098.000,79.124
10099.000,395.620
10100.000,79.124
10101.000,79.124
10102.000,553.867
10103.000,553.867
10104.000,316.496
10105.000,553.867
10106.000,553.867
10107.000,79.124
10108.000,79.124
10109.000,395.620
10110.000,79.124
10111.000,158.248
10112.000,632.991
10113.000,553.867
10114.000,237.372
10115.000,553.867
10116.000,474.744
10117.000,79.124
10118.000,79.124
10119.000,395.620
10120.000,158.248
10121.000,158.248
10122.000,553.867
10123.000,553.867
10124.000,237.372
10125.000,553.867
10126.000,553.867
10127.000,79.124
10128.000,158.248
10129.000,395.620
10130.000,79.124
10131.000,79.124
10132.000,553.867
10133.000,474.744
10134.000,237.372
10135.000,553.867
10136.000,553.867
10137.000,158.248
10138.000,158.248
10139.000,395.620
10140.000,79.124
10141.000,79.124
10142.000,553.867
10143.000,553.867
10144.000,316.496
10145.000,632.991
10146.000,553.867
10147.000,79.124
10148.000,79.124
10149.000,395.620
10150.000,79.124
10151.000,79.124
10152.000,632.991
10153.000,553.867
10154.000,316.496
10155.000,553.867
10156.000,553.867
10157.000,79.124
10158.000,79.124
10159.000,395.620
10160.000,79.124
10161.000,158.248
10162.000,632.991
10163.000,553.867
10164.000,237.372
10165.000,553.867
10166.000,474.744
10167.000,79.124
10168.000,158.248
10169.000,395.620
10170.000,158.248
10171.000,158.248
10172.000,553.867
10173.000,474.744
10174.000,237.372
10175.000,553.867
10176.000,553.867
10177.000,79.124
10178.000,158.248
10179.000,474.744
10180.000,79.124
10181.000,79.124
10182.000,553.867
10183.000,474.744
10184.000,237.372
10185.000,553.867
10186.000,553.867
10187.000,158.248
10188.000,158.248
10189.000,395.620
10190.000,79.124
10191.000,79.124
10192.000,553.867
10193.000,553.867
10194.000,316.496
10195.000,632.991
10196.000,553.867
10197.000,79.124
10198.000,79.124
10199.000,395.620
10200.000,79.124
10201.000,79.124
10202.000,553.867
10203.000,553.867
10204.000,316.496
10205.000,553.867
10206.000,553.867
10207.000,79.124
10208.000,79.124
10209.000,395.620
10210.000,79.124
10211.000,158.248
10212.000,632.991
10213.000,553.867
10214.000,237.372
10215.000,553.867
10216.000,474.744
10217.000,79.124
10218.000,158.248
10219.000,395.620
10220.000,158.248
10221.000,158.248
10222.000,553.867
10223.000,474.744
10224.000,237.372
10225.000,553.867
10226.000,553.867
10227.000,79.124
10228.000,158.248
10229.000,474.744
10230.000,79.124
10231.000,79.124
10232.000,553.867
10233.000,474.744
10234.000,237.372
10235.000,553.867
10236.000,553.867
10237.000,158.248
10238.000,158.248
10239.000,395.620
10240.000,79.124
10241.000,79.124
10242.000,553.867
10243.000,553.867
10244.000,316.496
10245.000,632.991
10246.000,553.867
10247.000,79.124
10248.000,79.124
10249.000,395.620
10250.000,79.124
10251.000,79.124
10252.000,553.867
10253.000,553.867
10254.000,316.496
10255.000,553.867
10256.000,553.867
10257.000,79.124
10258.000,79.124
10259.000,395.620
10260.000,79.124
10261.000,158.248
10262.000,632.991
10263.000,553.867
10264.000,237.372
10265.000,553.867
10266.000,553.867
10267.000,79.124
10268.000,158.248
10269.000,395.620
10270.000,158.248
10271.000,158.248
10272.000,553.867
10273.000,474.744
10274.000,237.372
10275.000,553.867
10276.000,553.867
10277.000,158.248
10278.000,158.248
10279.000,395.620
10280.000,79.124
10281.000,79.124
10282.000,553.867
10283.000,474.744
10284.000,237.372
10285.000,553.867
10286.000,632.991
10287.000,158.248
10288.000,158.248
10289.000,395.620
10290.000,79.124
10291.000,79.124
10292.000,553.867
10293.000,553.867
10294.000,316.496
10295.000,632.991
10296.000,632.991
10297.000,79.124
10298.000,79.124
10299.000,395.620
10300.000,79.124
10301.000,79.124
10302.000,553.867
10303.000,553.867
10304.000,316.496
10305.000,553.867
10306.000,553.867
10307.000,79.124
10308.000,79.124
10309.000,395.620
10310.000,79.124
10311.000,158.248
10312.000,632.991
10313.000,553.867
10314.000,237.372
10315.000,553.867
10316.000,553.867
10317.000,79.124
10318.000,158.248
10319.000,395.620
10320.000,79.124
10321.000,158.248
10322.000,553.867
10323.000,474.744
10324.000,237.372
10325.000,553.867
10326.000,553.867
10327.000,158.248
10328.000,158.248
10329.000,395.620
10330.000,79.124
10331.000,79.124
10332.000,553.867
10333.000,474.744
10334.000,237.372
10335.000,553.867
10336.000,632.991
10337.000,158.248
10338.000,158.248
10339.000,395.620
10340.000,79.124
10341.000,79.124
10342.000,553.867
10343.000,553.867
10344.000,316.496
10345.000,632.991
10346.000,553.867
10347.000,79.124
10348.000,79.124
10349.000,316.496
10350.000,79.124
10351.000,79.124
10352.000,553.867
10353.000,553.867
10354.000,316.496
10355.000,553.867
10356.000,553.867
10357.000,79.124
10358.000,79.124
10359.000,395.620
10360.000,79.124
10361.000,158.248
10362.000,632.991
10363.000,553.867
10364.000,237.372
10365.000,553.867
10366.000,553.867
10367.000,79.124
10368.000,158.248
10369.000,395.620
10370.000,158.248
10371.000,158.248
10372.000,553.867
10373.000,553.867
10374.000,237.372
10375.000,553.867
10376.000,553.867
10377.000,79.124
10378.000,158.248
10379.000,395.620
10380.000,79.124
10381.000,79.124
10382.000,553.867
10383.000,553.867
10384.000,237.372
10385.000,553.867
10386.000,553.867
10387.000,158.248
10388.000,158.248
10389.000,395.620
10390.000,79.124
10391.000,79.124
10392.000,553.867
10393.000,553.867
10394.000,316.496
10395.000,632.991
10396.000,553.867
10397.000,79.124
10398.000,79.124
10399.000,395.620
10400.000,79.124
10401.000,79.124
10402.000,632.991
10403.000,553.867
10404.000,316.496
10405.000,553.867
10406.000,553.867
10407.000,79.124
10408.000,79.124
10409.000,395.620
10410.000,79.124
10411.000,158.248
10412.000,632.991
10413.000,553.867
10414.000,237.372
10415.000,553.867
10416.000,553.867
10417.000,79.124
10418.000,158.248
10419.000,395.620
10420.000,158.248
10421.000,158.248
10422.000,553.867
10423.000,474.744
10424.000,237.372
10425.000,553.867
10426.000,553.867
10427.000,79.124
10428.000,158.248
10429.000,395.620
10430.000,79.124
10431.000,79.124
10432.000,553.867
10433.000,474.744
10434.000,237.372
10435.000,553.867
10436.000,553.867
10437.000,158.248
10438.000,158.248
10439.000,395.620
10440.000,79.124
10441.000,79.124
10442.000,553.867
10443.000,553.867
10444.000,316.496
10445.000,632.991
10446.000,553.867
10447.000,79.124
10448.000,79.124
10449.000,395.620
10450.000,79.124
10451.000,79.124
10452.000,553.867
10453.000,553.867
10454.000,316.496
10455.000,553.867
10456.000,553.867
10457.000,79.124
10458.000,79.124
10459.000,395.620
10460.000,79.124
10461.000,158.248
10462.000,553.867
10463.000,553.867
10464.000,237.372
10465.000,553.867
10466.000,553.867
10467.000,79.124
10468.000,158.248
10469.000,395.620
10470.000,158.248
10471.000,158.248
10472.000,553.867
10473.000,474.744
10474.000,237.372
10475.000,553.867
10476.000,553.867
10477.000,158.248
10478.000,158.248
10479.000,395.620
10480.000,79.124
10481.000,79.124
10482.000,553.867
10483.000,474.744
10484.000,237.372
10485.000,553.867
10486.000,553.867
10487.000,158.248
10488.000,158.248
10489.000,395.620
10490.000,79.124
10491.000,79.124
10492.000,553.867
10493.000,553.867
10494.000,316.496
10495.000,632.991
10496.000,553.867
10497.000,79.124
10498.000,79.124
10499.000,395.620
10500.000,79.124
10501.000,79.124
10502.000,553.867
10503.000,553.867
10504.000,316.496
10505.000,553.867
10506.000,553.867
10507.000,79.124
10508.000,79.124
10509.000,395.620
10510.000,79.124
10511.000,158.248
10512.000,553.867
10513.000,553.867
10514.000,237.372
10515.000,553.867
10516.000,553.867
10517.000,79.124
10518.000,158.248
10519.000,395.620
10520.000,158.248
10521.000,158.248
10522.000,553.867
10523.000,474.744
10524.000,237.372
10525.000,553.867
10526.000,553.867
10527.000,79.124
10528.000,158.248
10529.000,395.620
10530.000,79.124
10531.000,79.124
10532.000,553.867
10533.000,474.744
10534.000,237.372
10535.000,553.867
10536.000,553.867
10537.000,158.248
10538.000,158.248
10539.000,395.620
10540.000,79.124
10541.000,79.124
10542.000,553.867
10543.000,553.867
10544.000,316.496
10545.000,632.991
10546.000,553.867
10547.000,79.124
10548.000,79.124
10549.000,395.620
10550.000,79.124
10551.000,79.124
10552.000,553.867
10553.000,553.867
10554.000,316.496
10555.000,553.867
10556.000,553.867
10557.000,79.124
10558.000,79.124
10559.000,395.620
10560.000,79.124
10561.000,158.248
10562.000,553.867
10563.000,553.867
10564.000,237.372
10565.000,553.867
10566.000,553.867
10567.000,79.124
10568.000,158.248
10569.000,395.620
10570.000,158.248
10571.000,158.248
10572.000,553.867
10573.000,553.867
10574.000,237.372
10575.000,553.867
10576.000,553.867
10577.000,79.124
10578.000,158.248
10579.000,395.620
10580.000,79.124
10581.000,79.124
10582.000,553.867
10583.000,474.744
10584.000,237.372
10585.000,553.867
10586.000,553.867
10587.000,158.248
10588.000,158.248
10589.000,395.620
10590.000,79.124
10591.000,79.124
10592.000,553.867
10593.000,553.867
10594.000,316.496
10595.000,632.991
10596.000,553.867
10597.000,79.124
10598.000,79.124
10599.000,395.620
10600.000,79.124
10601.000,79.124
10602.000,553.867
10603.000,553.867
10604.000,316.496
10605.000,553.867
10606.000,553.867
10607.000,79.124
10608.000,79.124
10609.000,395.620
10610.000,79.124
10611.000,158.248
10612.000,553.867
10613.000,553.867
10614.000,237.372
10615.000,553.867
10616.000,553.867
10617.000,79.124
10618.000,158.248
10619.000,395.620
10620.000,158.248
10621.000,158.248
10622.000,553.867
10623.000,553.867
10624.000,237.372
10625.000,553.867
10626.000,553.867
10627.000,79.124
10628.000,158.248
10629.000,395.620
10630.000,79.124
10631.000,79.124
10632.000,553.867
10633.000,474.744
10634.000,237.372
10635.000,553.867
10636.000,553.867
10637.000,158.248
10638.000,158.248
10639.000,395.620
10640.000,79.124
10641.000,79.124
10642.000,553.867
10643.000,553.867
10644.000,316.496
10645.000,632.991
10646.000,553.867
10647.000,79.124
10648.000,79.124
10649.000,395.620
10650.000,79.124
10651.000,79.124
10652.000,553.867
10653.000,553.867
10654.000,316.496
10655.000,553.867
10656.000,553.867
10657.000,79.124
10658.000,79.124
10659.000,395.620
10660.000,79.124
10661.000,158.248
10662.000,632.991
10663.000,553.867
10664.000,237.372
10665.000,553.867
10666.000,553.867
10667.000,79.124
10668.000,158.248
10669.000,395.620
10670.000,158.248
10671.000,158.248
10672.000,553.867
10673.000,553.867
10674.000,237.372
10675.000,553.867
10676.000,553.867
10677.000,79.124
10678.000,158.248
10679.000,395.620
10680.000,79.124
10681.000,79.124
10682.000,553.867
10683.000,474.744
10684.000,237.372
10685.000,553.867
10686.000,553.867
10687.000,158.248
10688.000,158.248
10689.000,395.620
10690.000,79.124
10691.000,79.124
10692.000,553.867
10693.000,553.867
10694.000,316.496
10695.000,632.991
10696.000,553.867
10697.000,79.124
10698.000,79.124
10699.000,395.620
10700.000,79.124
10701.000,79.124
10702.000,553.867
10703.000,553.867
10704.000,316.496
10705.000,553.867
10706.000,553.867
10707.000,79.124
10708.000,79.124
10709.000,395.620
10710.000,79.124
10711.000,158.248
10712.000,632.991
10713.000,553.867
10714.000,237.372
10715.000,553.867
10716.000,553.867
10717.000,79.124
10718.000,158.248
10719.000,395.620
10720.000,158.248
10721.000,158.248
10722.000,553.867
10723.000,553.867
10724.000,237.372
10725.000,553.867
10726.000,553.867
10727.000,79.124
10728.000,158.248
10729.000,395.620
10730.000,79.124
10731.000,79.124
10732.000,553.867
10733.000,474.744
10734.000,237.372
10735.000,553.867
10736.000,553.867
10737.000,158.248
10738.000,158.248
10739.000,395.620
10740.000,79.124
10741.000,79.124
10742.000,553.867
10743.000,553.867
10744.000,316.496
10745.000,553.867
10746.000,553.867
10747.000,79.124
10748.000,79.124
10749.000,395.620
10750.000,79.124
10751.000,79.124
10752.000,553.867
10753.000,553.867
10754.000,316.496
10755.000,553.867
10756.000,553.867
10757.000,79.124
10758.000,79.124
10759.000,395.620
10760.000,79.124
10761.000,158.248
10762.000,632.991
10763.000,553.867
10764.000,237.372
10765.000,553.867
10766.000,553.867
10767.000,79.124
10768.000,158.248
10769.000,395.620
10770.000,158.248
10771.000,158.248
10772.000,553.867
10773.000,474.744
10774.000,237.372
10775.000,553.867
10776.000,553.867
10777.000,158.248
10778.000,158.248
10779.000,474.744
10780.000,79.124
10781.000,79.124
10782.000,553.867
10783.000,474.744
10784.000,237.372
10785.000,553.867
10786.000,553.867
10787.000,158.248
10788.000,158.248
10789.000,395.620
10790.000,79.124
10791.000,79.124
10792.000,553.867
10793.000,553.867
10794.000,237.372
10795.000,632.991
10796.000,632.991
10797.000,158.248
10798.000,158.248
10799.000,395.620
10800.000,79.124
10801.000,79.124
10802.000,553.867
10803.000,553.867
10804.000,316.496
10805.000,632.991
10806.000,553.867
10807.000,79.124
10808.000,79.124
10809.000,395.620
10810.000,79.124
10811.000,79.124
10812.000,553.867
10813.000,553.867
10814.000,237.372
10815.000,553.867
10816.000,553.867
10817.000,79.124
10818.000,158.248
10819.000,395.620
10820.000,79.124
10821.000,79.124
10822.000,553.867
10823.000,553.867
10824.000,237.372
10825.000,553.867
10826.000,553.867
10827.000,158.248
10828.000,158.248
10829.000,395.620
10830.000,79.124
10831.000,79.124
10832.000,553.867
10833.000,474.744
10834.000,237.372
10835.000,632.991
10836.000,632.991
10837.000,158.248
10838.000,158.248
10839.000,395.620
10840.000,79.124
10841.000,79.124
10842.000,553.867
10843.000,553.867
10844.000,316.496
10845.000,632.991
10846.000,632.991
10847.000,79.124
10848.000,79.124
10849.000,395.620
10850.000,79.124
10851.000,79.124
10852.000,553.867
10853.000,553.867
10854.000,316.496
10855.000,632.991
10856.000,553.867
10857.000,79.124
10858.000,79.124
10859.000,395.620
10860.000,79.124
10861.000,79.124
10862.000,553.867
10863.000,553.867
10864.000,316.496
10865.000,553.867
10866.000,553.867
10867.000,79.124
10868.000,158.248
10869.000,395.620
10870.000,79.124
10871.000,79.124
10872.000,553.867
10873.000,553.867
10874.000,237.372
10875.000,553.867
10876.000,553.867
10877.000,79.124
10878.000,158.248
10879.000,395.620
10880.000,79.124
10881.000,79.124
10882.000,553.867
10883.000,474.744
10884.000,237.372
10885.000,553.867
10886.000,553.867
10887.000,158.248
10888.000,158.248
10889.000,395.620
10890.000,79.124
10891.000,79.124
10892.000,553.867
10893.000,553.867
10894.000,316.496
10895.000,632.991
10896.000,553.867
10897.000,79.124
10898.000,79.124
10899.000,395.620
10900.000,79.124
10901.000,79.124
10902.000,553.867
10903.000,553.867
10904.000,316.496
10905.000,632.991
10906.000,553.867
10907.000,79.124
10908.000,79.124
10909.000,395.620
10910.000,79.124
10911.000,158.248
10912.000,632.991
10913.000,553.867
10914.000,316.496
10915.000,553.867
10916.000,553.867
10917.000,79.124
10918.000,158.248
10919.000,395.620
10920.000,79.124
10921.000,158.248
10922.000,553.867
10923.000,553.867
10924.000,237.372
10925.000,553.867
10926.000,553.867
10927.000,79.124
10928.000,158.248
10929.000,395.620
10930.000,79.124
10931.000,79.124
10932.000,553.867
10933.000,553.867
10934.000,237.372
10935.000,553.867
10936.000,553.867
10937.000,158.248
10938.000,158.248
10939.000,395.620
10940.000,79.124
10941.000,79.124
10942.000,553.867
10943.000,553.867
10944.000,316.496
10945.000,632.991
10946.000,553.867
10947.000,79.124
10948.000,79.124
10949.000,395.620
10950.000,79.124
10951.000,79.124
10952.000,553.867
10953.000,553.867
10954.000,316.496
10955.000,553.867
10956.000,553.867
10957.000,79.124
10958.000,79.124
10959.000,395.620
10960.000,79.124
10961.000,158.248
10962.000,632.991
10963.000,553.867
10964.000,237.372
10965.000,553.867
10966.000,553.867
10967.000,79.124
10968.000,158.248
10969.000,395.620
10970.000,158.248
10971.000,158.248
10972.000,553.867
10973.000,474.744
10974.000,237.372
10975.000,553.867
10976.000,553.867
10977.000,79.124
10978.000,158.248
10979.000,395.620
10980.000,79.124
10981.000,79.124
10982.000,553.867
10983.000,474.744
10984.000,237.372
10985.000,553.867
10986.000,553.867
10987.000,158.248
10988.000,158.248
10989.000,395.620
10990.000,79.124
10991.000,79.124
10992.000,553.867
10993.000,553.867
10994.000,316.496
10995.000,632.991
10996.000,553.867
10997.000,79.124
10998.000,158.248
10999.000,395.620
11000.000,79.124
11001.000,79.124
11002.000,553.867
11003.000,553.867
11004.000,316.496
11005.000,553.867
11006.000,553.867
11007.000,79.124
11008.000,79.124
11009.000,395.620
11010.000,79.124
11011.000,158.248
11012.000,632.991
11013.000,553.867
11014.000,237.372
11015.000,553.867
11016.000,553.867
11017.000,79.124
11018.000,158.248
11019.000,395.620
11020.000,158.248
11021.000,158.248
11022.000,553.867
11023.000,553.867
11024.000,237.372
11025.000,553.867
11026.000,553.867
11027.000,79.124
11028.000,158.248
11029.000,474.744
11030.000,79.124
11031.000,79.124
11032.000,553.867
11033.000,474.744
11034.000,237.372
11035.000,553.867
11036.000,553.867
11037.000,158.248
11038.000,158.248
11039.000,395.620
11040.000,79.124
11041.000,79.124
11042.000,553.867
11043.000,553.867
11044.000,237.372
11045.000,632.991
11046.000,553.867
11047.000,79.124
11048.000,158.248
11049.000,395.620
11050.000,79.124
11051.000,79.124
11052.000,553.867
11053.000,553.867
11054.000,316.496
11055.000,553.867
11056.000,553.867
11057.000,79.124
11058.000,79.124
11059.000,395.620
11060.000,79.124
11061.000,158.248
11062.000,553.867
11063.000,553.867
11064.000,237.372
11065.000,553.867
11066.000,553.867
11067.000,79.124
11068.000,158.248
11069.000,395.620
11070.000,158.248
11071.000,158.248
11072.000,553.867
11073.000,474.744
11074.000,237.372
11075.000,553.867
11076.000,553.867
11077.000,79.124
11078.000,158.248
11079.000,474.744
11080.000,79.124
11081.000,79.124
11082.000,553.867
11083.000,474.744
11084.000,237.372
11085.000,553.867
11086.000,553.867
11087.000,158.248
11088.000,158.248
11089.000,395.620
11090.000,79.124
11091.000,79.124
11092.000,553.867
11093.000,474.744
11094.000,237.372
11095.000,632.991
11096.000,553.867
11097.000,79.124
11098.000,158.248
11099.000,395.620
11100.000,79.124
11101.000,79.124
11102.000,553.867
11103.000,553.867
11104.000,316.496
11105.000,553.867
11106.000,553.867
11107.000,79.124
11108.000,79.124
11109.000,395.620
11110.000,79.124
11111.000,79.124
11112.000,553.867
11113.000,553.867
11114.000,237.372
11115.000,553.867
11116.000,553.867
11117.000,79.124
11118.000,158.248
11119.000,395.620
11120.000,158.248
11121.000,158.248
11122.000,553.867
11123.000,474.744
11124.000,237.372
11125.000,553.867
11126.000,553.867
11127.000,158.248
11128.000,158.248
11129.000,474.744
11130.000,79.124
11131.000,79.124
11132.000,553.867
11133.000,474.744
11134.000,237.372
11135.000,553.867
11136.000,632.991
11137.000,158.248
11138.000,158.248
11139.000,395.620
11140.000,79.124
11141.000,79.124
11142.000,553.867
11143.000,553.867
11144.000,316.496
11145.000,632.991
11146.000,632.991
11147.000,158.248
11148.000,158.248
11149.000,395.620
11150.000,79.124
11151.000,79.124
11152.000,553.867
11153.000,553.867
11154.000,316.496
11155.000,632.991
11156.000,553.867
11157.000,79.124
11158.000,79.124
11159.000,395.620
11160.000,79.124
11161.000,79.124
11162.000,553.867
11163.000,553.867
11164.000,237.372
11165.000,553.867
11166.000,553.867
11167.000,79.124
11168.000,158.248
11169.000,395.620
11170.000,79.124
11171.000,158.248
11172.000,553.867
11173.000,553.867
11174.000,237.372
11175.000,553.867
11176.000,553.867
11177.000,79.124
11178.000,158.248
11179.000,395.620
11180.000,79.124
11181.000,79.124
11182.000,553.867
11183.000,474.744
11184.000,237.372
11185.000,553.867
11186.000,632.991
11187.000,158.248
11188.000,158.248
11189.000,395.620
11190.000,79.124
11191.000,79.124
11192.000,553.867
11193.000,553.867
11194.000,316.496
11195.000,632.991
11196.000,553.867
11197.000,79.124
11198.000,79.124
11199.000,316.496
11200.000,79.124
11201.000,79.124
11202.000,553.867
11203.000,553.867
11204.000,316.496
11205.000,632.991
11206.000,553.867
11207.000,79.124
11208.000,79.124
11209.000,395.620
11210.000,79.124
11211.000,158.248
11212.000,632.991
11213.000,553.867
11214.000,237.372
11215.000,553.867
11216.000,553.867
11217.000,79.124
11218.000,158.248
11219.000,395.620
11220.000,158.248
11221.000,158.248
11222.000,553.867
11223.000,553.867
11224.000,237.372
11225.000,553.867
11226.000,553.867
11227.000,79.124
11228.000,158.248
11229.000,395.620
11230.000,79.124
11231.000,79.124
11232.000,553.867
11233.000,474.744
11234.000,237.372
11235.000,553.867
11236.000,553.867
11237.000,158.248
11238.000,158.248
11239.000,395.620
11240.000,79.124
11241.000,79.124
11242.000,553.867
11243.000,553.867
11244.000,316.496
11245.000,632.991
11246.000,553.867
11247.000,79.124
11248.000,79.124
11249.000,316.496
11250.000,79.124
11251.000,79.124
11252.000,553.867
11253.000,553.867
11254.000,316.496
11255.000,553.867
11256.000,553.867
11257.000,79.124
11258.000,79.124
11259.000,395.620
11260.000,79.124
11261.000,158.248
11262.000,632.991
11263.000,553.867
11264.000,237.372
11265.000,553.867
11266.000,553.867
11267.000,79.124
11268.000,158.248
11269.000,395.620
11270.000,158.248
11271.000,158.248
11272.000,553.867
11273.000,553.867
11274.000,237.372
11275.000,553.867
11276.000,553.867
11277.000,79.124
11278.000,158.248
11279.000,474.744
11280.000,79.124
11281.000,79.124
11282.000,553.867
11283.000,474.744
11284.000,237.372
11285.000,553.867
11286.000,553.867
11287.000,158.248
11288.000,158.248
11289.000,395.620
11290.000,79.124
11291.000,79.124
11292.000,553.867
11293.000,553.867
11294.000,316.496
11295.000,632.991
11296.000,632.991
11297.000,79.124
11298.000,158.248
11299.000,395.620
11300.000,79.124
11301.000,79.124
11302.000,553.867
11303.000,553.867
11304.000,316.496
11305.000,632.991
11306.000,553.867
11307.000,79.124
11308.000,79.124
11309.000,395.620
11310.000,79.124
11311.000,158.248
11312.000,632.991
11313.000,553.867
11314.000,237.372
11315.000,553.867
11316.000,553.867
11317.000,79.124
11318.000,158.248
11319.000,395.620
11320.000,158.248
11321.000,158.248
11322.000,553.867
11323.000,474.744
11324.000,237.372
11325.000,553.867
11326.000,553.867
11327.000,158.248
11328.000,158.248
11329.000,395.620
11330.000,79.124
11331.000,79.124
11332.000,553.867
11333.000,474.744
11334.000,237.372
11335.000,553.867
11336.000,632.991
11337.000,158.248
11338.000,158.248
11339.000,395.620
11340.000,79.124
11341.000,79.124
11342.000,553.867
11343.000,553.867
11344.000,316.496
11345.000,632.991
11346.000,632.991
11347.000,79.124
11348.000,79.124
11349.000,395.620
11350.000,79.124
11351.000,79.124
11352.000,553.867
11353.000,553.867
11354.000,316.496
11355.000,632.991
11356.000,553.867
11357.000,79.124
11358.000,79.124
11359.000,395.620
11360.000,79.124
11361.000,158.248
11362.000,632.991
11363.000,553.867
11364.000,237.372
11365.000,553.867
11366.000,553.867
11367.000,79.124
11368.000,158.248
11369.000,395.620
11370.000,79.124
11371.000,158.248
11372.000,553.867
11373.000,474.744
11374.000,237.372
11375.000,553.867
11376.000,553.867
11377.000,158.248
11378.000,158.248
11379.000,474.744
11380.000,79.124
11381.000,79.124
11382.000,553.867
11383.000,474.744
11384.000,237.372
11385.000,553.867
11386.000,553.867
11387.000,158.248
11388.000,158.248
11389.000,395.620
11390.000,79.124
11391.000,79.124
11392.000,553.867
11393.000,553.867
11394.000,316.496
11395.000,632.991
11396.000,632.991
11397.000,79.124
11398.000,158.248
11399.000,395.620
11400.000,79.124
11401.000,79.124
11402.000,553.867
11403.000,553.867
11404.000,316.496
11405.000,632.991
11406.000,553.867
11407.000,79.124
11408.000,79.124
11409.000,395.620
11410.000,79.124
11411.000,79.124
11412.000,553.867
11413.000,553.867
11414.000,237.372
11415.000,553.867
11416.000,553.867
11417.000,79.124
11418.000,158.248
11419.000,395.620
11420.000,79.124
11421.000,79.124
11422.000,553.867
11423.000,474.744
11424.000,237.372
11425.000,553.867
11426.000,553.867
11427.000,158.248
11428.000,158.248
11429.000,395.620
11430.000,79.124
11431.000,79.124
11432.000,553.867
11433.000,474.744
11434.000,237.372
11435.000,632.991
11436.000,632.991
11437.000,158.248
11438.000,158.248
11439.000,395.620
11440.000,79.124
11441.000,79.124
11442.000,553.867
11443.000,553.867
11444.000,316.496
11445.000,632.991
11446.000,632.991
11447.000,79.124
11448.000,79.124
11449.000,395.620
11450.000,79.124
11451.000,79.124
11452.000,553.867
11453.000,553.867
11454.000,316.496
11455.000,632.991
11456.000,553.867
11457.000,79.124
11458.000,79.124
11459.000,395.620
11460.000,79.124
11461.000,158.248
11462.000,632.991
11463.000,553.867
11464.000,237.372
11465.000,553.867
11466.000,553.867
11467.000,79.124
11468.000,158.248
11469.000,395.620
11470.000,79.124
11471.000,158.248
11472.000,553.867
11473.000,474.744
11474.000,237.372
11475.000,553.867
11476.000,553.867
11477.000,79.124
11478.000,158.248
11479.000,395.620
11480.000,79.124
11481.000,79.124
11482.000,553.867
11483.000,474.744
11484.000,237.372
11485.000,553.867
11486.000,553.867
11487.000,158.248
11488.000,158.248
11489.000,395.620
11490.000,79.124
11491.000,79.124
11492.000,553.867
11493.000,553.867
11494.000,316.496
11495.000,632.991
11496.000,553.867
11497.000,79.124
11498.000,79.124
11499.000,395.620
11500.000,79.124
11501.000,79.124
11502.000,553.867
11503.000,553.867
11504.000,316.496
11505.000,553.867
11506.000,553.867
11507.000,79.124
11508.000,79.124
11509.000,395.620
11510.000,79.124
11511.000,158.248
11512.000,632.991
11513.000,553.867
11514.000,237.372
11515.000,553.867
11516.000,553.867
11517.000,79.124
11518.000,158.248
11519.000,395.620
11520.000,158.248
11521.000,158.248
11522.000,553.867
11523.000,474.744
11524.000,237.372
11525.000,553.867
11526.000,553.867
11527.000,79.124
11528.000,158.248
11529.000,395.620
11530.000,79.124
11531.000,79.124
11532.000,553.867
11533.000,474.744
11534.000,237.372
11535.000,553.867
11536.000,553.867
11537.000,158.248
11538.000,158.248
11539.000,395.620
11540.000,79.124
11541.000,79.124
11542.000,553.867
11543.000,553.867
11544.000,316.496
11545.000,632.991
11546.000,553.867
11547.000,79.124
11548.000,79.124
11549.000,395.620
11550.000,79.124
11551.000,79.124
11552.000,553.867
11553.000,553.867
11554.000,316.496
11555.000,553.867
11556.000,553.867
11557.000,79.124
11558.000,79.124
11559.000,395.620
11560.000,79.124
11561.000,158.248
11562.000,632.991
11563.000,553.867
11564.000,237.372
11565.000,553.867
11566.000,474.744
11567.000,79.124
11568.000,158.248
11569.000,474.744
11570.000,158.248
11571.000,158.248
11572.000,553.867
11573.000,474.744
11574.000,237.372
11575.000,553.867
11576.000,553.867
11577.000,79.124
11578.000,158.248
11579.000,474.744
11580.000,79.124
11581.000,79.124
11582.000,553.867
11583.000,474.744
11584.000,237.372
11585.000,553.867
11586.000,553.867
11587.000,158.248
11588.000,158.248
11589.000,395.620
11590.000,79.124
11591.000,79.124
11592.000,553.867
11593.000,474.744
11594.000,237.372
11595.000,632.991
11596.000,553.867
11597.000,79.124
11598.000,158.248
11599.000,395.620
11600.000,79.124
11601.000,79.124
11602.000,553.867
11603.000,553.867
11604.000,316.496
11605.000,553.867
11606.000,553.867
11607.000,79.124
11608.000,79.124
11609.000,395.620
11610.000,79.124
11611.000,158.248
11612.000,553.867
11613.000,553.867
11614.000,237.372
11615.000,553.867
11616.000,553.867
11617.000,79.124
11618.000,158.248
11619.000,395.620
11620.000,158.248
11621.000,158.248
11622.000,553.867
11623.000,474.744
11624.000,237.372
11625.000,553.867
11626.000,553.867
11627.000,158.248
11628.000,158.248
11629.000,395.620
11630.000,79.124
11631.000,79.124
11632.000,474.744
11633.000,474.744
11634.000,237.372
11635.000,553.867
11636.000,632.991
11637.000,158.248
11638.000,158.248
11639.000,395.620
11640.000,79.124
11641.000,79.124
11642.000,553.867
11643.000,474.744
11644.000,316.496
11645.000,632.991
11646.000,632.991
11647.000,79.124
11648.000,158.248
11649.000,395.620
11650.000,79.124
11651.000,79.124
11652.000,553.867
11653.000,553.867
11654.000,316.496
11655.000,632.991
11656.000,553.867
11657.000,79.124
11658.000,79.124
11659.000,395.620
11660.000,79.124
11661.000,79.124
11662.000,553.867
11663.000,553.867
11664.000,237.372
11665.000,553.867
11666.000,553.867
11667.000,79.124
11668.000,158.248
11669.000,395.620
11670.000,79.124
11671.000,79.124
11672.000,553.867
11673.000,474.744
11674.000,237.372
11675.000,553.867
11676.000,553.867
11677.000,158.248
11678.000,158.248
11679.000,395.620
11680.000,79.124
11681.000,79.124
11682.000,553.867
11683.000,474.744
11684.000,237.372
11685.000,632.991
11686.000,632.991
11687.000,158.248
11688.000,158.248
11689.000,395.620
11690.000,79.124
11691.000,79.124
11692.000,553.867
11693.000,553.867
11694.000,316.496
11695.000,632.991
11696.000,632.991
11697.000,79.124
11698.000,79.124
11699.000,316.496
11700.000,0.000
11701.000,79.124
11702.000,553.867
11703.000,553.867
11704.000,316.496
11705.000,632.991
11706.000,553.867
11707.000,79.124
11708.000,79.124
11709.000,395.620
11710.000,79.124
11711.000,79.124
11712.000,553.867
11713.000,553.867
11714.000,237.372
11715.000,553.867
11716.000,553.867
11717.000,79.124
11718.000,158.248
11719.000,395.620
11720.000,79.124
11721.000,79.124
11722.000,553.867
11723.000,553.867
11724.000,237.372
11725.000,553.867
11726.000,553.867
11727.000,158.248
11728.000,158.248
11729.000,395.620
11730.000,79.124
11731.000,79.124
11732.000,553.867
11733.000,474.744
11734.000,237.372
11735.000,632.991
11736.000,632.991
11737.000,158.248
11738.000,158.248
11739.000,395.620
11740.000,79.124
11741.000,79.124
11742.000,553.867
11743.000,553.867
11744.000,316.496
11745.000,632.991
11746.000,553.867
11747.000,79.124
11748.000,79.124
11749.000,316.496
11750.000,79.124
11751.000,79.124
11752.000,553.867
11753.000,553.867
11754.000,316.496
11755.000,632.991
11756.000,553.867
11757.000,79.124
11758.000,79.124
11759.000,395.620
11760.000,79.124
11761.000,158.248
11762.000,553.867
11763.000,553.867
11764.000,237.372
11765.000,553.867
11766.000,553.867
11767.000,79.124
11768.000,158.248
11769.000,395.620
11770.000,79.124
11771.000,158.248
11772.000,553.867
11773.000,474.744
11774.000,237.372
11775.000,553.867
11776.000,553.867
11777.000,79.124
11778.000,158.248
11779.000,395.620
11780.000,79.124
11781.000,79.124
11782.000,553.867
11783.000,474.744
11784.000,237.372
11785.000,632.991
11786.000,632.991
11787.000,158.248
11788.000,158.248
11789.000,395.620
11790.000,79.124
11791.000,79.124
11792.000,553.867
11793.000,553.867
11794.000,316.496
11795.000,632.991
11796.000,553.867
11797.000,79.124
11798.000,79.124
11799.000,395.620
11800.000,79.124
11801.000,79.124
11802.000,553.867
11803.000,553.867
11804.000,316.496
11805.000,632.991
11806.000,553.867
11807.000,79.124
11808.000,79.124
11809.000,395.620
11810.000,79.124
11811.000,158.248
11812.000,632.991
11813.000,553.867
11814.000,237.372
11815.000,553.867
11816.000,553.867
11817.000,79.124
11818.000,158.248
11819.000,395.620
11820.000,79.124
11821.000,158.248
11822.000,553.867
11823.000,474.744
11824.000,237.372
11825.000,553.867
11826.000,553.867
11827.000,79.124
11828.000,158.248
11829.000,395.620
11830.000,79.124
11831.000,79.124
11832.000,553.867
11833.000,474.744
11834.000,237.372
11835.000,553.867
11836.000,553.867
11837.000,158.248
11838.000,158.248
11839.000,395.620
11840.000,79.124
11841.000,79.124
11842.000,553.867
11843.000,553.867
11844.000,316.496
11845.000,632.991
11846.000,553.867
11847.000,79.124
11848.000,158.248
11849.000,395.620
11850.000,79.124
11851.000,79.124
11852.000,553.867
11853.000,553.867
11854.000,316.496
11855.000,553.867
11856.000,553.867
11857.000,79.124
11858.000,79.124
11859.000,395.620
11860.000,79.124
11861.000,158.248
11862.000,553.867
11863.000,553.867
11864.000,237.372
11865.000,553.867
11866.000,553.867
11867.000,79.124
11868.000,158.248
11869.000,395.620
11870.000,79.124
11871.000,158.248
11872.000,553.867
11873.000,474.744
11874.000,237.372
11875.000,553.867
11876.000,553.867
11877.000,158.248
11878.000,158.248
11879.000,474.744
11880.000,79.124
11881.000,79.124
11882.000,553.867
11883.000,474.744
11884.000,237.372
11885.000,553.867
11886.000,553.867
11887.000,158.248
11888.000,158.248
11889.000,395.620
11890.000,79.124
11891.000,79.124
11892.000,553.867
11893.000,553.867
11894.000,316.496
11895.000,632.991
11896.000,553.867
11897.000,79.124
11898.000,158.248
11899.000,395.620
11900.000,79.124
11901.000,79.124
11902.000,553.867
11903.000,553.867
11904.000,316.496
11905.000,553.867
11906.000,553.867
11907.000,79.124
11908.000,158.248
11909.000,395.620
11910.000,79.124
11911.000,158.248
11912.000,553.867
11913.000,553.867
11914.000,237.372
11915.000,553.867
11916.000,553.867
11917.000,79.124
11918.000,158.248
11919.000,395.620
11920.000,79.124
11921.000,158.248
11922.000,553.867
11923.000,474.744
11924.000,237.372
11925.000,553.867
11926.000,553.867
11927.000,158.248
11928.000,158.248
11929.000,474.744
11930.000,79.124
11931.000,79.124
11932.000,553.867
11933.000,474.744
11934.000,237.372
11935.000,553.867
11936.000,553.867
11937.000,158.248
11938.000,158.248
11939.000,395.620
11940.000,79.124
11941.000,79.124
11942.000,553.867
11943.000,474.744
11944.000,237.372
11945.000,632.991
11946.000,632.991
11947.000,158.248
11948.000,158.248
11949.000,395.620
11950.000,79.124
11951.000,79.124
11952.000,553.867
11953.000,553.867
11954.000,316.496
11955.000,632.991
11956.000,553.867
11957.000,79.124
11958.000,158.248
11959.000,395.620
11960.000,79.124
11961.000,79.124
11962.000,553.867
11963.000,553.867
11964.000,237.372
11965.000,553.867
11966.000,553.867
11967.000,79.124
11968.000,158.248
11969.000,395.620
11970.000,79.124
11971.000,79.124
11972.000,553.867
11973.000,474.744
11974.000,237.372
11975.000,553.867
11976.000,553.867
11977.000,158.248
11978.000,158.248
11979.000,395.620
11980.000,79.124
11981.000,79.124
11982.000,553.867
11983.000,474.744
11984.000,237.372
11985.000,632.991
11986.000,632.991
11987.000,158.248
11988.000,158.248
11989.000,395.620
11990.000,79.124
11991.000,79.124
11992.000,553.867
11993.000,553.867
11994.000,316.496
11995.000,632.991
11996.000,632.991
11997.000,158.248
11998.000,158.248
11999.000,395.620
12000.000,79.124
12001.000,79.124
12002.000,553.867
12003.000,553.867
12004.000,316.496
12005.000,632.991
12006.000,553.867
12007.000,79.124
12008.000,79.124
12009.000,395.620
12010.000,79.124
12011.000,79.124
12012.000,553.867
12013.000,553.867
12014.000,237.372
12015.000,553.867
12016.000,553.867
12017.000,79.124
12018.000,158.248
12019.000,395.620
12020.000,79.124
12021.000,79.124
12022.000,553.867
12023.000,474.744
12024.000,237.372
12025.000,553.867
12026.000,553.867
12027.000,158.248
12028.000,158.248
12029.000,395.620
12030.000,79.124
12031.000,79.124
12032.000,553.867
12033.000,474.744
12034.000,237.372
12035.000,632.991
12036.000,632.991
12037.000,158.248
12038.000,158.248
12039.000,395.620
12040.000,79.124
12041.000,79.124
12042.000,553.867
12043.000,553.867
12044.000,316.496
12045.000,632.991
12046.000,632.991
12047.000,79.124
12048.000,158.248
12049.000,395.620
12050.000,79.124
12051.000,79.124
12052.000,553.867
12053.000,553.867
12054.000,316.496
12055.000,632.991
12056.000,553.867
12057.000,79.124
12058.000,79.124
12059.000,395.620
12060.000,79.124
12061.000,158.248
12062.000,632.991
12063.000,553.867
12064.000,237.372
12065.000,553.867
12066.000,553.867
12067.000,79.124
12068.000,158.248
12069.000,395.620
12070.000,79.124
12071.000,158.248
12072.000,553.867
12073.000,553.867
12074.000,237.372
12075.000,553.867
12076.000,553.867
12077.000,79.124
12078.000,158.248
12079.000,395.620
12080.000,79.124
12081.000,79.124
12082.000,553.867
12083.000,474.744
12084.000,237.372
12085.000,553.867
12086.000,553.867
12087.000,158.248
12088.000,158.248
12089.000,395.620
12090.000,79.124
12091.000,79.124
12092.000,553.867
12093.000,553.867
12094.000,316.496
12095.000,632.991
12096.000,553.867
12097.000,79.124
12098.000,158.248
12099.000,395.620
12100.000,79.124
12101.000,79.124
12102.000,553.867
12103.000,553.867
12104.000,316.496
12105.000,553.867
12106.000,553.867
12107.000,79.124
12108.000,79.124
12109.000,395.620
12110.000,79.124
12111.000,158.248
12112.000,632.991
12113.000,553.867
12114.000,237.372
12115.000,553.867
12116.000,553.867
12117.000,79.124
12118.000,158.248
12119.000,395.620
12120.000,79.124
12121.000,158.248
12122.000,553.867
12123.000,474.744
12124.000,237.372
12125.000,553.867
12126.000,553.867
12127.000,79.124
12128.000,158.248
12129.000,395.620
12130.000,79.124
12131.000,79.124
12132.000,553.867
12133.000,474.744
12134.000,237.372
12135.000,553.867
12136.000,553.867
12137.000,158.248
12138.000,158.248
12139.000,395.620
12140.000,79.124
12141.000,79.124
12142.000,553.867
12143.000,474.744
12144.000,237.372
12145.000,632.991
12146.000,553.867
12147.000,79.124
12148.000,158.248
12149.000,395.620
12150.000,79.124
12151.000,79.124
12152.000,553.867
12153.000,553.867
12154.000,316.496
12155.000,632.991
12156.000,553.867
12157.000,79.124
12158.000,79.124
12159.000,395.620
12160.000,79.124
12161.000,158.248
12162.000,553.867
12163.000,553.867
12164.000,237.372
12165.000,553.867
12166.000,553.867
12167.000,79.124
12168.000,158.248
12169.000,395.620
12170.000,79.124
12171.000,158.248
12172.000,553.867
12173.000,474.744
12174.000,237.372
12175.000,553.867
12176.000,553.867
12177.000,79.124
12178.000,158.248
12179.000,395.620
12180.000,79.124
12181.000,79.124
12182.000,553.867
12183.000,474.744
12184.000,237.372
12185.000,553.867
12186.000,553.867
12187.000,158.248
12188.000,158.248
12189.000,395.620
12190.000,79.124
12191.000,79.124
12192.000,553.867
12193.000,474.744
12194.000,237.372
12195.000,632.991
12196.000,553.867
12197.000,158.248
12198.000,158.248
12199.000,395.620
12200.000,79.124
12201.000,79.124
12202.000,553.867
12203.000,553.867
12204.000,316.496
12205.000,632.991
12206.000,553.867
12207.000,79.124
12208.000,158.248
12209.000,395.620
12210.000,79.124
12211.000,79.124
12212.000,553.867
12213.000,553.867
12214.000,237.372
12215.000,553.867
12216.000,553.867
12217.000,79.124
12218.000,158.248
12219.000,395.620
12220.000,79.124
12221.000,158.248
12222.000,553.867
12223.000,474.744
12224.000,237.372
12225.000,553.867
12226.000,553.867
12227.000,158.248
12228.000,158.248
12229.000,395.620
12230.000,79.124
12231.000,79.124
12232.000,553.867
12233.000,474.744
12234.000,237.372
12235.000,553.867
12236.000,553.867
12237.000,158.248
12238.000,158.248
12239.000,395.620
12240.000,79.124
12241.000,79.124
12242.000,553.867
12243.000,474.744
12244.000,237.372
12245.000,632.991
12246.000,632.991
12247.000,158.248
12248.000,158.248
12249.000,395.620
12250.000,79.124
12251.000,79.124
12252.000,553.867
12253.000,553.867
12254.000,316.496
12255.000,632.991
12256.000,553.867
12257.000,79.124
12258.000,158.248
12259.000,395.620
12260.000,79.124
12261.000,79.124
12262.000,553.867
12263.000,553.867
12264.000,237.372
12265.000,553.867
12266.000,553.867
12267.000,79.124
12268.000,158.248
12269.000,395.620
12270.000,79.124
12271.000,79.124
12272.000,553.867
12273.000,474.744
12274.000,237.372
12275.000,553.867
12276.000,553.867
12277.000,158.248
12278.000,158.248
12279.000,395.620
12280.000,79.124
12281.000,79.124
12282.000,474.744
12283.000,474.744
12284.000,237.372
12285.000,553.867
12286.000,632.991
12287.000,158.248
12288.000,158.248
12289.000,395.620
12290.000,79.124
12291.000,79.124
12292.000,474.744
12293.000,474.744
12294.000,237.372
12295.000,632.991
12296.000,632.991
12297.000,158.248
12298.000,158.248
12299.000,395.620
12300.000,0.000
12301.000,79.124
12302.000,553.867
12303.000,553.867
12304.000,316.496
12305.000,632.991
12306.000,553.867
12307.000,79.124
12308.000,79.124
12309.000,395.620
12310.000,79.124
12311.000,79.124
12312.000,553.867
12313.000,553.867
12314.000,237.372
12315.000,553.867
12316.000,553.867
12317.000,79.124
12318.000,158.248
12319.000,395.620
12320.000,79.124
12321.000,79.124
12322.000,553.867
12323.000,474.744
12324.000,237.372
12325.000,553.867
12326.000,553.867
12327.000,158.248
12328.000,158.248
12329.000,395.620
12330.000,79.124
12331.000,79.124
12332.000,553.867
12333.000,474.744
12334.000,237.372
12335.000,632.991
12336.000,632.991
12337.000,158.248
12338.000,158.248
12339.000,395.620
12340.000,79.124
12341.000,79.124
12342.000,553.867
12343.000,553.867
12344.000,316.496
12345.000,632.991
12346.000,632.991
12347.000,79.124
12348.000,158.248
12349.000,395.620
12350.000,0.000
12351.000,79.124
12352.000,553.867
12353.000,553.867
12354.000,316.496
12355.000,632.991
12356.000,553.867
12357.000,79.124
12358.000,79.124
12359.000,395.620
12360.000,79.124
12361.000,158.248
12362.000,553.867
12363.000,553.867
12364.000,237.372
12365.000,553.867
12366.000,553.867
12367.000,79.124
12368.000,158.248
12369.000,395.620
12370.000,79.124
12371.000,158.248
12372.000,553.867
12373.000,474.744
12374.000,237.372
12375.000,553.867
12376.000,553.867
12377.000,79.124
12378.000,158.248
12379.000,395.620
12380.000,79.124
12381.000,79.124
12382.000,553.867
12383.000,474.744
12384.000,237.372
12385.000,553.867
12386.000,553.867
12387.000,158.248
12388.000,158.248
12389.000,395.620
12390.000,79.124
12391.000,79.124
12392.000,553.867
12393.000,474.744
12394.000,316.496
12395.000,632.991
12396.000,632.991
12397.000,158.248
12398.000,158.248
12399.000,395.620
12400.000,79.124
12401.000,79.124
12402.000,553.867
12403.000,553.867
12404.000,316.496
12405.000,632.991
12406.000,553.867
12407.000,79.124
12408.000,79.124
12409.000,395.620
12410.000,79.124
12411.000,158.248
12412.000,553.867
12413.000,553.867
12414.000,237.372
12415.000,553.867
12416.000,553.867
12417.000,79.124
12418.000,158.248
12419.000,395.620
12420.000,158.248
12421.000,158.248
12422.000,553.867
12423.000,474.744
12424.000,237.372
12425.000,553.867
12426.000,553.867
12427.000,158.248
12428.000,158.248
12429.000,474.744
12430.000,79.124
12431.000,79.124
12432.000,553.867
12433.000,474.744
12434.000,237.372
12435.000,553.867
12436.000,553.867
12437.000,158.248
12438.000,158.248
12439.000,395.620
12440.000,79.124
12441.000,79.124
12442.000,553.867
12443.000,474.744
12444.000,237.372
12445.000,632.991
12446.000,632.991
12447.000,158.248
12448.000,158.248
12449.000,395.620
12450.000,79.124
12451.000,79.124
12452.000,553.867
12453.000,553.867
12454.000,316.496
12455.000,632.991
12456.000,553.867
12457.000,79.124
12458.000,158.248
12459.000,395.620
12460.000,79.124
12461.000,158.248
12462.000,553.867
12463.000,553.867
12464.000,237.372
12465.000,553.867
12466.000,553.867
12467.000,79.124
12468.000,158.248
12469.000,395.620
12470.000,79.124
12471.000,158.248
12472.000,553.867
12473.000,474.744
12474.000,237.372
12475.000,553.867
12476.000,553.867
12477.000,158.248
12478.000,158.248
12479.000,474.744
12480.000,79.124
12481.000,79.124
12482.000,474.744
12483.000,474.744
12484.000,237.372
12485.000,553.867
12486.000,632.991
12487.000,158.248
12488.000,158.248
12489.000,395.620
12490.000,79.124
12491.000,79.124
12492.000,474.744
12493.000,474.744
12494.000,237.372
12495.000,632.991
12496.000,632.991
12497.000,158.248
12498.000,158.248
12499.000,395.620
12500.000,0.000
12501.000,79.124
12502.000,553.867
12503.000,553.867
12504.000,316.496
12505.000,632.991
12506.000,553.867
12507.000,79.124
12508.000,79.124
12509.000,395.620
12510.000,79.124
12511.000,79.124
12512.000,553.867
12513.000,553.867
12514.000,237.372
12515.000,553.867
12516.000,553.867
12517.000,79.124
12518.000,158.248
12519.000,395.620
12520.000,79.124
12521.000,158.248
12522.000,553.867
12523.000,474.744
12524.000,237.372
12525.000,553.867
12526.000,553.867
12527.000,158.248
12528.000,158.248
12529.000,395.620
12530.000,79.124
12531.000,79.124
12532.000,553.867
12533.000,474.744
12534.000,237.372
12535.000,553.867
12536.000,632.991
12537.000,158.248
12538.000,158.248
12539.000,395.620
12540.000,79.124
12541.000,79.124
12542.000,553.867
12543.000,474.744
12544.000,316.496
12545.000,632.991
12546.000,632.991
12547.000,158.248
12548.000,158.248
12549.000,395.620
12550.000,79.124
12551.000,79.124
12552.000,553.867
12553.000,553.867
12554.000,316.496
12555.000,632.991
12556.000,553.867
12557.000,79.124
12558.000,79.124
12559.000,395.620
12560.000,79.124
12561.000,158.248
12562.000,553.867
12563.000,553.867
12564.000,237.372
12565.000,553.867
12566.000,553.867
12567.000,79.124
12568.000,158.248
12569.000,395.620
12570.000,79.124
12571.000,79.124
12572.000,553.867
12573.000,474.744
12574.000,237.372
12575.000,553.867
12576.000,553.867
12577.000,158.248
12578.000,158.248
12579.000,395.620
12580.000,79.124
12581.000,79.124
12582.000,553.867
12583.000,474.744
12584.000,237.372
12585.000,632.991
12586.000,632.991
12587.000,158.248
12588.000,158.248
12589.000,395.620
12590.000,79.124
12591.000,79.124
12592.000,553.867
12593.000,553.867
12594.000,316.496
12595.000,632.991
12596.000,632.991
12597.000,79.124
12598.000,158.248
12599.000,395.620
12600.000,0.000
12601.000,79.124
12602.000,553.867
12603.000,553.867
12604.000,316.496
12605.000,632.991
12606.000,553.867
12607.000,79.124
12608.000,79.124
12609.000,395.620
12610.000,79.124
12611.000,158.248
12612.000,632.991
12613.000,553.867
12614.000,237.372
12615.000,553.867
12616.000,553.867
12617.000,79.124
12618.000,158.248
12619.000,395.620
12620.000,79.124
12621.000,158.248
12622.000,553.867
12623.000,474.744
12624.000,237.372
12625.000,553.867
12626.000,553.867
12627.000,158.248
12628.000,158.248
12629.000,474.744
12630.000,79.124
12631.000,79.124
12632.000,553.867
12633.000,474.744
12634.000,237.372
12635.000,632.991
12636.000,632.991
12637.000,158.248
12638.000,158.248
12639.000,395.620
12640.000,79.124
12641.000,79.124
12642.000,553.867
12643.000,553.867
12644.000,316.496
12645.000,632.991
12646.000,632.991
12647.000,158.248
12648.000,158.248
12649.000,395.620
12650.000,79.124
12651.000,79.124
12652.000,553.867
12653.000,553.867
12654.000,316.496
12655.000,632.991
12656.000,553.867
12657.000,79.124
12658.000,79.124
12659.000,395.620
12660.000,79.124
12661.000,158.248
12662.000,553.867
12663.000,553.867
12664.000,237.372
12665.000,553.867
12666.000,553.867
12667.000,79.124
12668.000,158.248
12669.000,395.620
12670.000,79.124
12671.000,158.248
12672.000,553.867
12673.000,474.744
12674.000,237.372
12675.000,553.867
12676.000,553.867
12677.000,158.248
12678.000,158.248
12679.000,395.620
12680.000,79.124
12681.000,79.124
12682.000,553.867
12683.000,474.744
12684.000,237.372
12685.000,632.991
12686.000,632.991
12687.000,158.248
12688.000,158.248
12689.000,395.620
12690.000,79.124
12691.000,79.124
12692.000,553.867
12693.000,553.867
12694.000,316.496
12695.000,632.991
12696.000,632.991
12697.000,79.124
12698.000,158.248
12699.000,395.620
12700.000,79.124
12701.000,79.124
12702.000,553.867
12703.000,553.867
12704.000,316.496
12705.000,632.991
12706.000,553.867
12707.000,79.124
12708.000,79.124
12709.000,395.620
12710.000,79.124
12711.000,158.248
12712.000,632.991
12713.000,553.867
12714.000,237.372
12715.000,553.867
12716.000,553.867
12717.000,79.124
12718.000,158.248
12719.000,474.744
12720.000,158.248
12721.000,158.248
12722.000,553.867
12723.000,474.744
12724.000,237.372
12725.000,553.867
12726.000,553.867
12727.000,158.248
12728.000,158.248
12729.000,474.744
12730.000,79.124
12731.000,79.124
12732.000,553.867
12733.000,474.744
12734.000,237.372
12735.000,553.867
12736.000,632.991
12737.000,158.248
12738.000,158.248
12739.000,395.620
12740.000,79.124
12741.000,79.124
12742.000,474.744
12743.000,474.744
12744.000,237.372
12745.000,632.991
12746.000,632.991
12747.000,158.248
12748.000,158.248
12749.000,395.620
12750.000,79.124
12751.000,79.124
12752.000,553.867
12753.000,553.867
12754.000,316.496
12755.000,632.991
12756.000,553.867
12757.000,79.124
12758.000,158.248
12759.000,395.620
12760.000,79.124
12761.000,79.124
12762.000,553.867
12763.000,553.867
12764.000,237.372
12765.000,553.867
12766.000,553.867
12767.000,79.124
12768.000,158.248
12769.000,474.744
12770.000,79.124
12771.000,158.248
12772.000,553.867
12773.000,474.744
12774.000,237.372
12775.000,553.867
12776.000,553.867
12777.000,158.248
12778.000,158.248
12779.000,474.744
12780.000,79.124
12781.000,79.124
12782.000,553.867
12783.000,474.744
12784.000,237.372
12785.000,632.991
12786.000,632.991
12787.000,158.248
12788.000,158.248
12789.000,395.620
12790.000,79.124
12791.000,79.124
12792.000,474.744
12793.000,474.744
12794.000,316.496
12795.000,632.991
12796.000,632.991
12797.000,158.248
12798.000,158.248
12799.000,395.620
12800.000,0.000
12801.000,79.124
12802.000,553.867
12803.000,553.867
12804.000,316.496
12805.000,632.991
12806.000,553.867
12807.000,79.124
12808.000,158.248
12809.000,395.620
12810.000,79.124
12811.000,79.124
12812.000,553.867
12813.000,553.867
12814.000,237.372
12815.000,553.867
12816.000,553.867
12817.000,79.124
12818.000,158.248
12819.000,395.620
12820.000,79.124
12821.000,79.124
12822.000,553.867
12823.000,474.744
12824.000,237.372
12825.000,553.867
12826.000,553.867
12827.000,158.248
12828.000,158.248
12829.000,474.744
12830.000,79.124
12831.000,79.124
12832.000,474.744
12833.000,474.744
12834.000,237.372
12835.000,632.991
12836.000,632.991
12837.000,158.248
12838.000,158.248
12839.000,395.620
12840.000,0.000
12841.000,79.124
12842.000,474.744
12843.000,474.744
12844.000,316.496
12845.000,632.991
12846.000,632.991
12847.000,158.248
12848.000,158.248
12849.000,395.620
12850.000,0.000
12851.000,79.124
12852.000,553.867
12853.000,553.867
12854.000,316.496
12855.000,632.991
12856.000,553.867
12857.000,79.124
12858.000,158.248
12859.000,395.620
12860.000,79.124
12861.000,79.124
12862.000,553.867
12863.000,553.867
12864.000,237.372
12865.000,553.867
12866.000,553.867
12867.000,79.124
12868.000,158.248
12869.000,395.620
12870.000,79.124
12871.000,79.124
12872.000,553.867
12873.000,474.744
12874.000,237.372
12875.000,553.867
12876.000,553.867
12877.000,158.248
12878.000,158.248
12879.000,395.620
12880.000,79.124
12881.000,79.124
12882.000,553.867
12883.000,474.744
12884.000,237.372
12885.000,632.991
12886.000,632.991
12887.000,158.248
12888.000,158.248
12889.000,395.620
12890.000,79.124
12891.000,79.124
12892.000,553.867
12893.000,553.867
12894.000,316.496
12895.000,632.991
12896.000,632.991
12897.000,79.124
12898.000,158.248
12899.000,395.620
12900.000,79.124
12901.000,79.124
12902.000,553.867
12903.000,553.867
12904.000,316.496
12905.000,632.991
12906.000,553.867
12907.000,79.124
12908.000,79.124
12909.000,395.620
12910.000,79.124
12911.000,158.248
12912.000,553.867
12913.000,553.867
12914.000,237.372
12915.000,553.867
12916.000,553.867
12917.000,79.124
12918.000,158.248
12919.000,395.620
12920.000,79.124
12921.000,158.248
12922.000,553.867
12923.000,474.744
12924.000,237.372
12925.000,553.867
12926.000,553.867
12927.000,158.248
12928.000,158.248
12929.000,395.620
12930.000,79.124
12931.000,79.124
12932.000,553.867
12933.000,474.744
12934.000,237.372
12935.000,632.991
12936.000,632.991
12937.000,158.248
12938.000,158.248
12939.000,395.620
12940.000,79.124
12941.000,79.124
12942.000,553.867
12943.000,553.867
12944.000,316.496
12945.000,632.991
12946.000,632.991
12947.000,79.124
12948.000,158.248
12949.000,395.620
12950.000,79.124
12951.000,79.124
12952.000,553.867
12953.000,553.867
12954.000,316.496
12955.000,632.991
12956.000,553.867
12957.000,79.124
12958.000,79.124
12959.000,395.620
12960.000,79.124
12961.000,158.248
12962.000,553.867
12963.000,553.867
12964.000,237.372
12965.000,553.867
12966.000,553.867
12967.000,79.124
12968.000,158.248
12969.000,395.620
12970.000,79.124
12971.000,158.248
12972.000,553.867
12973.000,474.744
12974.000,237.372
12975.000,553.867
12976.000,553.867
12977.000,158.248
12978.000,158.248
12979.000,395.620
12980.000,79.124
12981.000,79.124
12982.000,553.867
12983.000,474.744
12984.000,237.372
12985.000,632.991
12986.000,632.991
12987.000,158.248
12988.000,158.248
12989.000,395.620
12990.000,79.124
12991.000,79.124
12992.000,553.867
12993.000,553.867
12994.000,316.496
12995.000,632.991
12996.000,632.991
12997.000,79.124
12998.000,158.248
12999.000,395.620
13000.000,79.124
13001.000,79.124
13002.000,553.867
13003.000,553.867
13004.000,316.496
13005.000,632.991
13006.000,553.867
13007.000,79.124
13008.000,158.248
13009.000,395.620
13010.000,79.124
13011.000,158.248
13012.000,553.867
13013.000,553.867
13014.000,237.372
13015.000,553.867
13016.000,553.867
13017.000,79.124
13018.000,158.248
13019.000,395.620
13020.000,79.124
13021.000,158.248
13022.000,553.867
13023.000,474.744
13024.000,237.372
13025.000,553.867
13026.000,553.867
13027.000,158.248
13028.000,158.248
13029.000,474.744
13030.000,79.124
13031.000,79.124
13032.000,553.867
13033.000,474.744
13034.000,237.372
13035.000,553.867
13036.000,553.867
13037.000,158.248
13038.000,158.248
13039.000,395.620
13040.000,79.124
13041.000,79.124
13042.000,553.867
13043.000,474.744
13044.000,316.496
13045.000,632.991
13046.000,553.867
13047.000,79.124
13048.000,158.248
13049.000,395.620
13050.000,79.124
13051.000,79.124
13052.000,553.867
13053.000,553.867
13054.000,316.496
13055.000,632.991
13056.000,553.867
13057.000,79.124
13058.000,158.248
13059.000,395.620
13060.000,79.124
13061.000,158.248
13062.000,553.867
13063.000,553.867
13064.000,237.372
13065.000,553.867
13066.000,553.867
13067.000,79.124
13068.000,158.248
13069.000,395.620
13070.000,79.124
13071.000,158.248
13072.000,553.867
13073.000,474.744
13074.000,237.372
13075.000,553.867
13076.000,553.867
13077.000,158.248
13078.000,237.372
13079.000,474.744
13080.000,79.124
13081.000,79.124
13082.000,553.867
13083.000,474.744
13084.000,237.372
13085.000,632.991
13086.000,632.991
13087.000,158.248
13088.000,158.248
13089.000,395.620
13090.000,79.124
13091.000,79.124
13092.000,553.867
13093.000,474.744
13094.000,316.496
13095.000,632.991
13096.000,632.991
13097.000,158.248
13098.000,158.248
13099.000,395.620
13100.000,79.124
13101.000,79.124
13102.000,553.867
13103.000,553.867
13104.000,316.496
13105.000,632.991
13106.000,553.867
13107.000,79.124
13108.000,158.248
13109.000,395.620
13110.000,79.124
13111.000,79.124
13112.000,553.867
13113.000,553.867
13114.000,237.372
13115.000,553.867
13116.000,553.867
13117.000,79.124
13118.000,158.248
13119.000,395.620
13120.000,79.124
13121.000,79.124
13122.000,553.867
13123.000,474.744
13124.000,237.372
13125.000,553.867
13126.000,553.867
13127.000,158.248
13128.000,158.248
13129.000,395.620
13130.000,79.124
13131.000,79.124
13132.000,553.867
13133.000,474.744
13134.000,237.372
13135.000,632.991
13136.000,632.991
13137.000,158.248
13138.000,158.248
13139.000,395.620
13140.000,79.124
13141.000,79.124
13142.000,553.867
13143.000,474.744
13144.000,316.496
13145.000,632.991
13146.000,632.991
13147.000,158.248
13148.000,158.248
13149.000,395.620
13150.000,0.000
13151.000,79.124
13152.000,553.867
13153.000,553.867
13154.000,316.496
13155.000,632.991
13156.000,553.867
13157.000,79.124
13158.000,158.248
13159.000,395.620
13160.000,79.124
13161.000,79.124
13162.000,553.867
13163.000,553.867
13164.000,237.372
13165.000,553.867
13166.000,553.867
13167.000,79.124
13168.000,158.248
13169.000,395.620
13170.000,79.124
13171.000,79.124
13172.000,553.867
13173.000,474.744
13174.000,237.372
13175.000,553.867
13176.000,553.867
13177.000,158.248
13178.000,158.248
13179.000,395.620
13180.000,79.124
13181.000,79.124
13182.000,553.867
13183.000,474.744
13184.000,237.372
13185.000,632.991
13186.000,632.991
13187.000,158.248
13188.000,158.248
13189.000,395.620
13190.000,0.000
13191.000,79.124
13192.000,553.867
13193.000,553.867
13194.000,316.496
13195.000,632.991
13196.000,632.991
13197.000,158.248
13198.000,158.248
13199.000,395.620
13200.000,0.000
13201.000,79.124
13202.000,553.867
13203.000,553.867
13204.000,316.496
13205.000,632.991
13206.000,553.867
13207.000,79.124
13208.000,79.124
13209.000,395.620
13210.000,79.124
13211.000,79.124
13212.000,553.867
13213.000,553.867
13214.000,316.496
13215.000,553.867
13216.000,553.867
13217.000,79.124
13218.000,158.248
13219.000,395.620
13220.000,79.124
13221.000,158.248
13222.000,553.867
13223.000,474.744
13224.000,237.372
13225.000,553.867
13226.000,553.867
13227.000,158.248
13228.000,158.248
13229.000,395.620
13230.000,79.124
13231.000,79.124
13232.000,553.867
13233.000,474.744
13234.000,237.372
13235.000,632.991
13236.000,632.991
13237.000,158.248
13238.000,158.248
13239.000,395.620
13240.000,79.124
13241.000,79.124
13242.000,553.867
13243.000,553.867
13244.000,316.496
13245.000,632.991
13246.000,632.991
13247.000,158.248
13248.000,158.248
13249.000,395.620
13250.000,79.124
13251.000,79.124
13252.000,553.867
13253.000,553.867
13254.000,316.496
13255.000,632.991
13256.000,553.867
13257.000,79.124
13258.000,158.248
13259.000,395.620
13260.000,79.124
13261.000,79.124
13262.000,553.867
13263.000,553.867
13264.000,237.372
13265.000,553.867
13266.000,553.867
13267.000,79.124
13268.000,158.248
13269.000,395.620
13270.000,79.124
13271.000,158.248
13272.000,553.867
13273.000,474.744
13274.000,237.372
13275.000,553.867
13276.000,553.867
13277.000,158.248
13278.000,158.248
13279.000,474.744
13280.000,79.124
13281.000,79.124
13282.000,553.867
13283.000,474.744
13284.000,237.372
13285.000,632.991
13286.000,632.991
13287.000,158.248
13288.000,158.248
13289.000,395.620
13290.000,79.124
13291.000,79.124
13292.000,553.867
13293.000,474.744
13294.000,316.496
13295.000,632.991
13296.000,632.991
13297.000,158.248
13298.000,158.248
13299.000,395.620
13300.000,79.124
13301.000,79.124
13302.000,553.867
13303.000,553.867
13304.000,316.496
13305.000,632.991
13306.000,553.867
13307.000,79.124
13308.000,158.248
13309.000,395.620
13310.000,79.124
13311.000,79.124
13312.000,553.867
13313.000,553.867
13314.000,237.372
13315.000,553.867
13316.000,553.867
13317.000,79.124
13318.000,158.248
13319.000,395.620
13320.000,79.124
13321.000,158.248
13322.000,553.867
13323.000,474.744
13324.000,237.372
13325.000,553.867
13326.000,553.867
13327.000,158.248
13328.000,158.248
13329.000,474.744
13330.000,79.124
13331.000,79.124
13332.000,553.867
13333.000,474.744
13334.000,237.372
13335.000,553.867
13336.000,632.991
13337.000,158.248
13338.000,158.248
13339.000,395.620
13340.000,79.124
13341.000,79.124
13342.000,553.867
13343.000,474.744
13344.000,237.372
13345.000,632.991
13346.000,632.991
13347.000,158.248
13348.000,158.248
13349.000,395.620
13350.000,79.124
13351.000,79.124
13352.000,553.867
13353.000,553.867
13354.000,316.496
13355.000,632.991
13356.000,553.867
13357.000,79.124
13358.000,158.248
13359.000,395.620
13360.000,79.124
13361.000,79.124
13362.000,553.867
13363.000,553.867
13364.000,237.372
13365.000,553.867
13366.000,553.867
13367.000,79.124
13368.000,158.248
13369.000,395.620
13370.000,79.124
13371.000,79.124
13372.000,553.867
13373.000,474.744
13374.000,237.372
13375.000,553.867
13376.000,553.867
13377.000,158.248
13378.000,158.248
13379.000,474.744
13380.000,79.124
13381.000,79.124
13382.000,553.867
13383.000,474.744
13384.000,237.372
13385.000,632.991
13386.000,632.991
13387.000,158.248
13388.000,158.248
13389.000,395.620
13390.000,79.124
13391.000,79.124
13392.000,553.867
13393.000,474.744
13394.000,316.496
13395.000,632.991
13396.000,632.991
13397.000,158.248
13398.000,158.248
13399.000,395.620
13400.000,79.124
13401.000,79.124
13402.000,553.867
13403.000,553.867
13404.000,316.496
13405.000,632.991
13406.000,553.867
13407.000,79.124
13408.000,158.248
13409.000,395.620
13410.000,79.124
13411.000,79.124
13412.000,553.867
13413.000,553.867
13414.000,237.372
13415.000,553.867
13416.000,553.867
13417.000,79.124
13418.000,158.248
13419.000,395.620
13420.000,79.124
13421.000,158.248
13422.000,553.867
13423.000,474.744
13424.000,237.372
13425.000,553.867
13426.000,553.867
13427.000,158.248
13428.000,158.248
13429.000,474.744
13430.000,79.124
13431.000,79.124
13432.000,553.867
13433.000,474.744
13434.000,237.372
13435.000,632.991
13436.000,632.991
13437.000,158.248
13438.000,158.248
13439.000,395.620
13440.000,79.124
13441.000,79.124
13442.000,553.867
13443.000,474.744
13444.000,316.496
13445.000,632.991
13446.000,632.991
13447.000,158.248
13448.000,158.248
13449.000,395.620
13450.000,79.124
13451.000,79.124
13452.000,553.867
13453.000,553.867
13454.000,316.496
13455.000,632.991
13456.000,553.867
13457.000,79.124
13458.000,158.248
13459.000,395.620
13460.000,79.124
13461.000,79.124
13462.000,553.867
13463.000,553.867
13464.000,237.372
13465.000,553.867
13466.000,553.867
13467.000,79.124
13468.000,158.248
13469.000,395.620
13470.000,79.124
13471.000,158.248
13472.000,553.867
13473.000,474.744
13474.000,237.372
13475.000,553.867
13476.000,553.867
13477.000,158.248
13478.000,158.248
13479.000,395.620
13480.000,79.124
13481.000,79.124
13482.000,553.867
13483.000,474.744
13484.000,237.372
13485.000,632.991
13486.000,632.991
13487.000,158.248
13488.000,158.248
13489.000,395.620
13490.000,79.124
13491.000,79.124
13492.000,553.867
13493.000,474.744
13494.000,316.496
13495.000,632.991
13496.000,632.991
13497.000,158.248
13498.000,158.248
13499.000,395.620
13500.000,0.000
13501.000,79.124
13502.000,553.867
13503.000,553.867
13504.000,316.496
13505.000,632.991
13506.000,553.867
13507.000,79.124
13508.000,79.124
13509.000,395.620
13510.000,79.124
13511.000,158.248
13512.000,553.867
13513.000,553.867
13514.000,237.372
13515.000,553.867
13516.000,553.867
13517.000,79.124
13518.000,158.248
13519.000,395.620
13520.000,79.124
13521.000,158.248
13522.000,553.867
13523.000,474.744
13524.000,237.372
13525.000,553.867
13526.000,553.867
13527.000,158.248
13528.000,158.248
13529.000,474.744
13530.000,79.124
13531.000,79.124
13532.000,553.867
13533.000,474.744
13534.000,237.372
13535.000,632.991
13536.000,553.867
13537.000,158.248
13538.000,158.248
13539.000,395.620
13540.000,79.124
13541.000,79.124
13542.000,553.867
13543.000,474.744
13544.000,316.496
13545.000,632.991
13546.000,632.991
13547.000,158.248
13548.000,158.248
13549.000,395.620
13550.000,79.124
13551.000,79.124
13552.000,553.867
13553.000,553.867
13554.000,316.496
13555.000,632.991
13556.000,553.867
13557.000,79.124
13558.000,158.248
13559.000,395.620
13560.000,79.124
13561.000,79.124
13562.000,553.867
13563.000,553.867
13564.000,237.372
13565.000,553.867
13566.000,553.867
13567.000,79.124
13568.000,158.248
13569.000,395.620
13570.000,79.124
13571.000,158.248
13572.000,553.867
13573.000,474.744
13574.000,237.372
13575.000,553.867
13576.000,553.867
13577.000,158.248
13578.000,158.248
13579.000,474.744
13580.000,79.124
13581.000,79.124
13582.000,553.867
13583.000,474.744
13584.000,237.372
13585.000,553.867
13586.000,632.991
13587.000,158.248
13588.000,237.372
13589.000,395.620
13590.000,79.124
13591.000,79.124
13592.000,553.867
13593.000,474.744
13594.000,237.372
13595.000,632.991
13596.000,632.991
13597.000,158.248
13598.000,158.248
13599.000,395.620
13600.000,79.124
13601.000,79.124
13602.000,553.867
13603.000,553.867
13604.000,316.496
13605.000,632.991
13606.000,553.867
13607.000,79.124
13608.000,158.248
13609.000,395.620
13610.000,79.124
13611.000,79.124
13612.000,553.867
13613.000,553.867
13614.000,237.372
13615.000,553.867
13616.000,553.867
13617.000,79.124
13618.000,158.248
13619.000,395.620
13620.000,79.124
13621.000,79.124
13622.000,553.867
13623.000,474.744
13624.000,237.372
13625.000,553.867
13626.000,553.867
13627.000,158.248
13628.000,237.372
13629.000,474.744
13630.000,79.124
13631.000,79.124
13632.000,474.744
13633.000,474.744
13634.000,237.372
13635.000,632.991
13636.000,632.991
13637.000,158.248
13638.000,237.372
13639.000,395.620
13640.000,79.124
13641.000,79.124
13642.000,474.744
13643.000,474.744
13644.000,316.496
13645.000,632.991
13646.000,632.991
13647.000,158.248
13648.000,158.248
13649.000,395.620
13650.000,0.000
13651.000,79.124
13652.000,553.867
13653.000,553.867
13654.000,316.496
13655.000,632.991
13656.000,632.991
13657.000,79.124
13658.000,158.248
13659.000,395.620
13660.000,79.124
13661.000,79.124
13662.000,553.867
13663.000,553.867
13664.000,237.372
13665.000,632.991
13666.000,553.867
13667.000,79.124
13668.000,158.248
13669.000,395.620
13670.000,79.124
13671.000,79.124
13672.000,553.867
13673.000,474.744
13674.000,237.372
13675.000,553.867
13676.000,553.867
13677.000,158.248
13678.000,158.248
13679.000,395.620
13680.000,79.124
13681.000,79.124
13682.000,474.744
13683.000,474.744
13684.000,237.372
13685.000,632.991
13686.000,632.991
13687.000,158.248
13688.000,158.248
13689.000,395.620
13690.000,0.000
13691.000,79.124
13692.000,474.744
13693.000,474.744
13694.000,316.496
13695.000,632.991
13696.000,632.991
13697.000,158.248
13698.000,158.248
13699.000,395.620
13700.000,0.000
13701.000,79.124
13702.000,553.867
13703.000,553.867
13704.000,316.496
13705.000,632.991
13706.000,553.867
13707.000,79.124
13708.000,158.248
13709.000,395.620
13710.000,79.124
13711.000,79.124
13712.000,553.867
13713.000,553.867
13714.000,237.372
13715.000,553.867
13716.000,553.867
13717.000,79.124
13718.000,158.248
13719.000,395.620
13720.000,79.124
13721.000,79.124
13722.000,553.867
13723.000,474.744
13724.000,237.372
13725.000,553.867
13726.000,553.867
13727.000,158.248
13728.000,158.248
13729.000,395.620
13730.000,79.124
13731.000,79.124
13732.000,553.867
13733.000,474.744
13734.000,237.372
13735.000,632.991
13736.000,632.991
13737.000,158.248
13738.000,158.248
13739.000,395.620
13740.000,0.000
13741.000,79.124
13742.000,553.867
13743.000,474.744
13744.000,316.496
13745.000,632.991
13746.000,632.991
13747.000,158.248
13748.000,158.248
13749.000,395.620
13750.000,0.000
13751.000,79.124
13752.000,553.867
13753.000,553.867
13754.000,316.496
13755.000,632.991
13756.000,553.867
13757.000,79.124
13758.000,158.248
13759.000,395.620
13760.000,79.124
13761.000,79.124
13762.000,553.867
13763.000,553.867
13764.000,237.372
13765.000,553.867
13766.000,553.867
13767.000,79.124
13768.000,158.248
13769.000,395.620
13770.000,79.124
13771.000,158.248
13772.000,553.867
13773.000,474.744
13774.000,237.372
13775.000,553.867
13776.000,553.867
13777.000,158.248
13778.000,158.248
13779.000,474.744
13780.000,79.124
13781.000,79.124
13782.000,553.867
13783.000,474.744
13784.000,237.372
13785.000,632.991
13786.000,632.991
13787.000,158.248
13788.000,158.248
13789.000,395.620
13790.000,79.124
13791.000,79.124
13792.000,553.867
13793.000,474.744
13794.000,316.496
13795.000,632.991
13796.000,632.991
13797.000,158.248
13798.000,158.248
13799.000,395.620
13800.000,0.000
13801.000,79.124
13802.000,553.867
13803.000,553.867
13804.000,316.496
13805.000,632.991
13806.000,553.867
13807.000,79.124
13808.000,158.248
13809.000,395.620
13810.000,79.124
13811.000,158.248
13812.000,553.867
13813.000,553.867
13814.000,237.372
13815.000,553.867
13816.000,553.867
13817.000,79.124
13818.000,158.248
13819.000,395.620
13820.000,79.124
13821.000,158.248
13822.000,553.867
13823.000,474.744
13824.000,237.372
13825.000,553.867
13826.000,553.867
13827.000,158.248
13828.000,158.248
13829.000,474.744
13830.000,79.124
13831.000,79.124
13832.000,553.867
13833.000,474.744
13834.000,237.372
13835.000,632.991
13836.000,553.867
13837.000,158.248
13838.000,158.248
13839.000,395.620
13840.000,79.124
13841.000,79.124
13842.000,553.867
13843.000,474.744
13844.000,237.372
13845.000,632.991
13846.000,632.991
13847.000,158.248
13848.000,158.248
13849.000,395.620
13850.000,79.124
13851.000,79.124
13852.000,553.867
13853.000,553.867
13854.000,316.496
13855.000,632.991
13856.000,553.867
13857.000,79.124
13858.000,158.248
13859.000,395.620
13860.000,79.124
13861.000,158.248
13862.000,553.867
13863.000,553.867
13864.000,237.372
13865.000,553.867
13866.000,553.867
13867.000,79.124
13868.000,158.248
13869.000,474.744
13870.000,158.248
13871.000,158.248
13872.000,553.867
13873.000,474.744
13874.000,237.372
13875.000,553.867
13876.000,553.867
13877.000,158.248
13878.000,237.372
13879.000,474.744
13880.000,79.124
13881.000,79.124
13882.000,474.744
13883.000,474.744
13884.000,237.372
13885.000,553.867
13886.000,632.991
13887.000,158.248
13888.000,237.372
13889.000,395.620
13890.000,79.124
13891.000,79.124
13892.000,474.744
13893.000,474.744
13894.000,237.372
13895.000,632.991
13896.000,632.991
13897.000,158.248
13898.000,158.248
13899.000,395.620
13900.000,79.124
13901.000,79.124
13902.000,553.867
13903.000,553.867
13904.000,316.496
13905.000,632.991
13906.000,553.867
13907.000,79.124
13908.000,158.248
13909.000,395.620
13910.000,79.124
13911.000,79.124
13912.000,553.867
13913.000,553.867
13914.000,237.372
13915.000,553.867
13916.000,553.867
13917.000,79.124
13918.000,158.248
13919.000,474.744
13920.000,79.124
13921.000,158.248
13922.000,553.867
13923.000,474.744
13924.000,237.372
13925.000,553.867
13926.000,553.867
13927.000,158.248
13928.000,237.372
13929.000,474.744
13930.000,79.124
13931.000,79.124
13932.000,474.744
13933.000,474.744
13934.000,237.372
13935.000,632.991
13936.000,632.991
13937.000,158.248
13938.000,237.372
13939.000,395.620
13940.000,79.124
13941.000,79.124
13942.000,474.744
13943.000,474.744
13944.000,237.372
13945.000,632.991
13946.000,632.991
13947.000,158.248
13948.000,158.248
13949.000,395.620
13950.000,0.000
13951.000,79.124
13952.000,553.867
13953.000,553.867
13954.000,316.496
13955.000,632.991
13956.000,553.867
13957.000,79.124
13958.000,158.248
13959.000,395.620
13960.000,79.124
13961.000,79.124
13962.000,553.867
13963.000,553.867
13964.000,237.372
13965.000,553.867
13966.000,553.867
13967.000,79.124
13968.000,158.248
13969.000,395.620
13970.000,79.124
13971.000,79.124
13972.000,553.867
13973.000,474.744
13974.000,237.372
13975.000,553.867
13976.000,553.867
13977.000,158.248
13978.000,237.372
13979.000,474.744
13980.000,79.124
13981.000,79.124
13982.000,474.744
13983.000,474.744
13984.000,237.372
13985.000,632.991
13986.000,632.991
13987.000,158.248
13988.000,237.372
13989.000,395.620
13990.000,0.000
13991.000,0.000
13992.000,474.744
13993.000,474.744
13994.000,316.496
13995.000,632.991
13996.000,632.991
13997.000,158.248
13998.000,158.248
13999.000,395.620
14000.000,0.000
14001.000,79.124
14002.000,553.867
14003.000,553.867
14004.000,316.496
14005.000,632.991
14006.000,553.867
14007.000,79.124
14008.000,158.248
14009.000,395.620
14010.000,79.124
14011.000,79.124
14012.000,553.867
14013.000,553.867
14014.000,316.496
14015.000,632.991
14016.000,553.867
14017.000,79.124
14018.000,158.248
14019.000,395.620
14020.000,79.124
14021.000,79.124
14022.000,553.867
14023.000,474.744
14024.000,237.372
14025.000,553.867
14026.000,553.867
14027.000,158.248
14028.000,158.248
14029.000,395.620
14030.000,79.124
14031.000,79.124
14032.000,474.744
14033.000,474.744
14034.000,237.372
14035.000,632.991
14036.000,632.991
14037.000,158.248
14038.000,158.248
14039.000,395.620
14040.000,0.000
14041.000,79.124
14042.000,553.867
14043.000,474.744
14044.000,316.496
14045.000,632.991
14046.000,632.991
14047.000,158.248
14048.000,158.248
14049.000,395.620
14050.000,0.000
14051.000,79.124
14052.000,553.867
14053.000,553.867
14054.000,316.496
14055.000,632.991
14056.000,553.867
14057.000,79.124
14058.000,158.248
14059.000,395.620
14060.000,79.124
14061.000,79.124
14062.000,553.867
14063.000,553.867
14064.000,237.372
14065.000,553.867
14066.000,553.867
14067.000,79.124
14068.000,158.248
14069.000,395.620
14070.000,79.124
14071.000,79.124
14072.000,553.867
14073.000,474.744
14074.000,237.372
14075.000,553.867
14076.000,553.867
14077.000,158.248
14078.000,158.248
14079.000,395.620
14080.000,79.124
14081.000,79.124
14082.000,474.744
14083.000,474.744
14084.000,237.372
14085.000,632.991
14086.000,632.991
14087.000,158.248
14088.000,158.248
14089.000,395.620
14090.000,0.000
14091.000,79.124
14092.000,553.867
14093.000,474.744
14094.000,316.496
14095.000,632.991
14096.000,632.991
14097.000,158.248
14098.000,158.248
14099.000,316.496
14100.000,0.000
14101.000,79.124
14102.000,553.867
14103.000,553.867
14104.000,316.496
14105.000,632.991
14106.000,553.867
14107.000,79.124
14108.000,158.248
14109.000,395.620
14110.000,79.124
14111.000,158.248
14112.000,553.867
14113.000,553.867
14114.000,237.372
14115.000,553.867
14116.000,553.867
14117.000,79.124
14118.000,158.248
14119.000,395.620
14120.000,79.124
14121.000,158.248
14122.000,553.867
14123.000,474.744
14124.000,237.372
14125.000,553.867
14126.000,553.867
14127.000,158.248
14128.000,158.248
14129.000,474.744
14130.000,79.124
14131.000,79.124
14132.000,474.744
14133.000,474.744
14134.000,237.372
14135.000,632.991
14136.000,632.991
14137.000,158.248
14138.000,158.248
14139.000,395.620
14140.000,0.000
14141.000,79.124
14142.000,553.867
14143.000,474.744
14144.000,316.496
14145.000,632.991
14146.000,632.991
14147.000,158.248
14148.000,158.248
14149.000,395.620
14150.000,0.000
14151.000,79.124
14152.000,553.867
14153.000,553.867
14154.000,316.496
14155.000,632.991
14156.000,553.867
14157.000,79.124
14158.000,158.248
14159.000,395.620
14160.000,79.124
14161.000,79.124
14162.000,553.867
14163.000,553.867
14164.000,237.372
14165.000,553.867
14166.000,553.867
14167.000,79.124
14168.000,158.248
14169.000,395.620
14170.000,79.124
14171.000,79.124
14172.000,553.867
14173.000,474.744
14174.000,237.372
14175.000,553.867
14176.000,553.867
14177.000,158.248
14178.000,237.372
14179.000,474.744
14180.000,79.124
14181.000,79.124
14182.000,474.744
14183.000,474.744
14184.000,237.372
14185.000,632.991
14186.000,632.991
14187.000,158.248
14188.000,158.248
14189.000,395.620
14190.000,0.000
14191.000,79.124
14192.000,474.744
14193.000,474.744
14194.000,237.372
14195.000,632.991
14196.000,632.991
14197.000,158.248
14198.000,158.248
14199.000,395.620
14200.000,0.000
14201.000,79.124
14202.000,553.867
14203.000,553.867
14204.000,316.496
14205.000,632.991
14206.000,553.867
14207.000,79.124
14208.000,158.248
14209.000,395.620
14210.000,79.124
14211.000,79.124
14212.000,553.867
14213.000,553.867
14214.000,237.372
14215.000,553.867
14216.000,553.867
14217.000,79.124
14218.000,158.248
14219.000,395.620
14220.000,79.124
14221.000,79.124
14222.000,553.867
14223.000,474.744
14224.000,237.372
14225.000,553.867
14226.000,553.867
14227.000,158.248
14228.000,237.372
14229.000,474.744
14230.000,79.124
14231.000,79.124
14232.000,474.744
14233.000,474.744
14234.000,237.372
14235.000,553.867
14236.000,632.991
14237.000,158.248
14238.000,237.372
14239.000,395.620
14240.000,0.000
14241.000,79.124
14242.000,474.744
14243.000,474.744
14244.000,237.372
14245.000,632.991
14246.000,632.991
14247.000,158.248
14248.000,158.248
14249.000,395.620
14250.000,0.000
14251.000,79.124
14252.000,553.867
14253.000,474.744
14254.000,237.372
14255.000,632.991
14256.000,553.867
14257.000,79.124
14258.000,158.248
14259.000,395.620
14260.000,79.124
14261.000,79.124
14262.000,553.867
14263.000,474.744
14264.000,237.372
14265.000,553.867
14266.000,553.867
14267.000,79.124
14268.000,158.248
14269.000,395.620
14270.000,79.124
14271.000,79.124
14272.000,553.867
14273.000,474.744
14274.000,237.372
14275.000,553.867
14276.000,553.867
14277.000,158.248
14278.000,237.372
14279.000,474.744
14280.000,79.124
14281.000,79.124
14282.000,474.744
14283.000,474.744
14284.000,237.372
14285.000,632.991
14286.000,632.991
14287.000,158.248
14288.000,158.248
14289.000,395.620
14290.000,0.000
14291.000,79.124
14292.000,474.744
14293.000,474.744
14294.000,316.496
14295.000,632.991
14296.000,632.991
14297.000,158.248
14298.000,158.248
14299.000,395.620
14300.000,0.000
14301.000,79.124
14302.000,553.867
14303.000,553.867
14304.000,316.496
14305.000,632.991
14306.000,553.867
14307.000,79.124
14308.000,158.248
14309.000,395.620
14310.000,79.124
14311.000,79.124
14312.000,553.867
14313.000,474.744
14314.000,237.372
14315.000,553.867
14316.000,553.867
14317.000,79.124
14318.000,158.248
14319.000,395.620
14320.000,79.124
14321.000,79.124
14322.000,553.867
14323.000,474.744
14324.000,237.372
14325.000,553.867
14326.000,553.867
14327.000,158.248
14328.000,158.248
14329.000,395.620
14330.000,79.124
14331.000,79.124
14332.000,474.744
14333.000,474.744
14334.000,237.372
14335.000,632.991
14336.000,632.991
14337.000,158.248
14338.000,158.248
14339.000,395.620
14340.000,0.000
14341.000,79.124
14342.000,553.867
14343.000,474.744
14344.000,316.496
14345.000,632.991
14346.000,632.991
14347.000,158.248
14348.000,158.248
14349.000,395.620
14350.000,0.000
14351.000,79.124
14352.000,553.867
14353.000,553.867
14354.000,316.496
14355.000,632.991
14356.000,553.867
14357.000,79.124
14358.000,158.248
14359.000,395.620
14360.000,79.124
14361.000,79.124
14362.000,553.867
14363.000,553.867
14364.000,237.372
14365.000,553.867
14366.000,553.867
14367.000,79.124
14368.000,158.248
14369.000,395.620
14370.000,79.124
14371.000,79.124
14372.000,553.867
14373.000,474.744
14374.000,237.372
14375.000,553.867
14376.000,553.867
14377.000,158.248
14378.000,158.248
14379.000,395.620
14380.000,79.124
14381.000,79.124
14382.000,553.867
14383.000,474.744
14384.000,237.372
14385.000,632.991
14386.000,632.991
14387.000,158.248
14388.000,158.248
14389.000,395.620
14390.000,0.000
14391.000,79.124
14392.000,553.867
14393.000,474.744
14394.000,237.372
14395.000,632.991
14396.000,553.867
14397.000,158.248
14398.000,158.248
14399.000,395.620
14400.000,79.124
14401.000,79.124
14402.000,553.867
14403.000,553.867
14404.000,316.496
14405.000,632.991
14406.000,553.867
14407.000,79.124
14408.000,158.248
14409.000,395.620
14410.000,79.124
14411.000,79.124
14412.000,553.867
14413.000,553.867
14414.000,237.372
14415.000,553.867
14416.000,553.867
14417.000,79.124
14418.000,158.248
14419.000,395.620
14420.000,79.124
14421.000,158.248
14422.000,553.867
14423.000,474.744
14424.000,237.372
14425.000,553.867
14426.000,553.867
14427.000,158.248
14428.000,237.372
14429.000,474.744
14430.000,79.124
14431.000,79.124
14432.000,553.867
14433.000,474.744
14434.000,237.372
14435.000,632.991
14436.000,632.991
14437.000,158.248
14438.000,158.248
14439.000,395.620
14440.000,79.124
14441.000,79.124
14442.000,474.744
14443.000,474.744
14444.000,237.372
14445.000,632.991
14446.000,632.991
14447.000,158.248
14448.000,158.248
14449.000,395.620
14450.000,0.000
14451.000,79.124
14452.000,553.867
14453.000,553.867
14454.000,316.496
14455.000,632.991
14456.000,553.867
14457.000,79.124
14458.000,158.248
14459.000,395.620
14460.000,79.124
14461.000,79.124
14462.000,553.867
14463.000,553.867
14464.000,237.372
14465.000,553.867
14466.000,553.867
14467.000,79.124
14468.000,158.248
14469.000,395.620
14470.000,79.124
14471.000,79.124
14472.000,553.867
14473.000,474.744
14474.000,237.372
14475.000,553.867
14476.000,553.867
14477.000,158.248
14478.000,237.372
14479.000,474.744
14480.000,79.124
14481.000,79.124
14482.000,474.744
14483.000,474.744
14484.000,237.372
14485.000,632.991
14486.000,632.991
14487.000,158.248
14488.000,237.372
14489.000,395.620
14490.000,79.124
14491.000,79.124
14492.000,474.744
14493.000,474.744
14494.000,237.372
14495.000,632.991
14496.000,632.991
14497.000,158.248
14498.000,158.248
14499.000,395.620
14500.000,0.000
14501.000,79.124
14502.000,553.867
14503.000,553.867
14504.000,316.496
14505.000,632.991
14506.000,553.867
14507.000,79.124
14508.000,158.248
14509.000,395.620
14510.000,79.124
14511.000,79.124
14512.000,553.867
14513.000,474.744
14514.000,237.372
14515.000,632.991
14516.000,553.867
14517.000,79.124
14518.000,158.248
14519.000,395.620
14520.000,79.124
14521.000,79.124
14522.000,553.867
14523.000,474.744
14524.000,237.372
14525.000,553.867
14526.000,553.867
14527.000,158.248
14528.000,158.248
14529.000,395.620
14530.000,79.124
14531.000,79.124
14532.000,474.744
14533.000,474.744
14534.000,237.372
14535.000,632.991
14536.000,632.991
14537.000,158.248
14538.000,158.248
14539.000,395.620
14540.000,0.000
14541.000,79.124
14542.000,474.744
14543.000,474.744
14544.000,316.496
14545.000,632.991
14546.000,632.991
14547.000,158.248
14548.000,158.248
14549.000,395.620
14550.000,0.000
14551.000,79.124
14552.000,553.867
14553.000,553.867
14554.000,316.496
14555.000,632.991
14556.000,553.867
14557.000,79.124
14558.000,158.248
14559.000,395.620
14560.000,79.124
14561.000,79.124
14562.000,553.867
14563.000,553.867
14564.000,237.372
14565.000,632.991
14566.000,553.867
14567.000,79.124
14568.000,158.248
14569.000,395.620
14570.000,79.124
14571.000,79.124
14572.000,553.867
14573.000,474.744
14574.000,237.372
14575.000,553.867
14576.000,553.867
14577.000,158.248
14578.000,158.248
14579.000,395.620
14580.000,79.124
14581.000,79.124
14582.000,553.867
14583.000,474.744
14584.000,237.372
14585.000,632.991
14586.000,632.991
14587.000,158.248
14588.000,158.248
14589.000,395.620
14590.000,79.124
14591.000,79.124
14592.000,474.744
14593.000,474.744
14594.000,237.372
14595.000,632.991
14596.000,632.991
14597.000,158.248
14598.000,158.248
14599.000,395.620
14600.000,0.000
14601.000,79.124
14602.000,553.867
14603.000,474.744
14604.000,316.496
14605.000,632.991
14606.000,553.867
14607.000,79.124
14608.000,158.248
14609.000,395.620
14610.000,79.124
14611.000,79.124
14612.000,553.867
14613.000,553.867
14614.000,237.372
14615.000,632.991
14616.000,553.867
14617.000,79.124
14618.000,158.248
14619.000,395.620
14620.000,79.124
14621.000,79.124
14622.000,553.867
14623.000,474.744
14624.000,237.372
14625.000,553.867
14626.000,553.867
14627.000,158.248
14628.000,158.248
14629.000,395.620
14630.000,79.124
14631.000,79.124
14632.000,553.867
14633.000,474.744
14634.000,237.372
14635.000,632.991
14636.000,632.991
14637.000,158.248
14638.000,158.248
14639.000,395.620
14640.000,79.124
14641.000,79.124
14642.000,553.867
14643.000,474.744
14644.000,316.496
14645.000,632.991
14646.000,632.991
14647.000,158.248
14648.000,158.248
14649.000,395.620
14650.000,0.000
14651.000,79.124
14652.000,553.867
14653.000,553.867
14654.000,316.496
14655.000,632.991
14656.000,553.867
14657.000,79.124
14658.000,158.248
14659.000,395.620
14660.000,79.124
14661.000,79.124
14662.000,553.867
14663.000,553.867
14664.000,237.372
14665.000,553.867
14666.000,553.867
14667.000,79.124
14668.000,158.248
14669.000,395.620
14670.000,79.124
14671.000,158.248
14672.000,553.867
14673.000,474.744
14674.000,237.372
14675.000,553.867
14676.000,553.867
14677.000,158.248
14678.000,158.248
14679.000,474.744
14680.000,79.124
14681.000,79.124
14682.000,553.867
14683.000,474.744
14684.000,237.372
14685.000,632.991
14686.000,553.867
14687.000,158.248
14688.000,237.372
14689.000,395.620
14690.000,79.124
14691.000,79.124
14692.000,474.744
14693.000,474.744
14694.000,237.372
14695.000,632.991
14696.000,632.991
14697.000,158.248
14698.000,158.248
14699.000,395.620
14700.000,0.000
14701.000,79.124
14702.000,553.867
14703.000,474.744
14704.000,316.496
14705.000,632.991
14706.000,553.867
14707.000,79.124
14708.000,158.248
14709.000,395.620
14710.000,79.124
14711.000,79.124
14712.000,553.867
14713.000,553.867
14714.000,237.372
14715.000,553.867
14716.000,553.867
14717.000,79.124
14718.000,158.248
14719.000,395.620
14720.000,79.124
14721.000,158.248
14722.000,553.867
14723.000,474.744
14724.000,237.372
14725.000,553.867
14726.000,553.867
14727.000,158.248
14728.000,237.372
14729.000,474.744
14730.000,79.124
14731.000,79.124
14732.000,474.744
14733.000,474.744
14734.000,237.372
14735.000,632.991
14736.000,632.991
14737.000,158.248
14738.000,237.372
14739.000,395.620
14740.000,79.124
14741.000,79.124
14742.000,474.744
14743.000,474.744
14744.000,237.372
14745.000,632.991
14746.000,632.991
14747.000,158.248
14748.000,158.248
14749.000,395.620
14750.000,0.000
14751.000,79.124
14752.000,553.867
14753.000,474.744
14754.000,237.372
14755.000,632.991
14756.000,553.867
14757.000,79.124
14758.000,158.248
14759.000,395.620
14760.000,79.124
14761.000,79.124
14762.000,553.867
14763.000,474.744
14764.000,237.372
14765.000,553.867
14766.000,553.867
14767.000,79.124
14768.000,158.248
14769.000,395.620
14770.000,79.124
14771.000,79.124
14772.000,553.867
14773.000,474.744
14774.000,237.372
14775.000,553.867
14776.000,553.867
14777.000,158.248
14778.000,237.372
14779.000,474.744
14780.000,79.124
14781.000,79.124
14782.000,474.744
14783.000,474.744
14784.000,237.372
14785.000,632.991
14786.000,632.991
14787.000,158.248
14788.000,237.372
14789.000,474.744
14790.000,79.124
14791.000,79.124
14792.000,474.744
14793.000,474.744
14794.000,237.372
14795.000,632.991
14796.000,632.991
14797.000,158.248
14798.000,158.248
14799.000,395.620
14800.000,0.000
14801.000,79.124
14802.000,553.867
14803.000,474.744
14804.000,316.496
14805.000,632.991
14806.000,632.991
14807.000,158.248
14808.000,158.248
14809.000,395.620
14810.000,79.124
14811.000,79.124
14812.000,553.867
14813.000,474.744
14814.000,237.372
14815.000,632.991
14816.000,553.867
14817.000,79.124
14818.000,158.248
14819.000,395.620
14820.000,79.124
14821.000,79.124
14822.000,553.867
14823.000,474.744
14824.000,237.372
14825.000,553.867
14826.000,553.867
14827.000,158.248
14828.000,237.372
14829.000,474.744
14830.000,79.124
14831.000,79.124
14832.000,474.744
14833.000,474.744
14834.000,237.372
14835.000,632.991
14836.000,632.991
14837.000,158.248
14838.000,237.372
14839.000,395.620
14840.000,0.000
14841.000,79.124
14842.000,474.744
14843.000,474.744
14844.000,316.496
14845.000,632.991
14846.000,632.991
14847.000,158.248
14848.000,158.248
14849.000,395.620
14850.000,0.000
14851.000,79.124
14852.000,553.867
14853.000,553.867
14854.000,316.496
14855.000,632.991
14856.000,553.867
14857.000,79.124
14858.000,158.248
14859.000,395.620
14860.000,0.000
14861.000,79.124
14862.000,553.867
14863.000,553.867
14864.000,316.496
14865.000,632.991
14866.000,553.867
14867.000,79.124
14868.000,158.248
14869.000,395.620
14870.000,79.124
14871.000,79.124
14872.000,553.867
14873.000,474.744
14874.000,237.372
14875.000,553.867
14876.000,553.867
14877.000,158.248
14878.000,158.248
14879.000,395.620
14880.000,79.124
14881.000,79.124
14882.000,474.744
14883.000,474.744
14884.000,237.372
14885.000,632.991
14886.000,632.991
14887.000,158.248
14888.000,158.248
14889.000,395.620
14890.000,0.000
14891.000,79.124
14892.000,474.744
14893.000,474.744
14894.000,316.496
14895.000,632.991
14896.000,632.991
14897.000,158.248
14898.000,158.248
14899.000,395.620
14900.000,0.000
14901.000,79.124
14902.000,553.867
14903.000,553.867
14904.000,316.496
14905.000,632.991
14906.000,553.867
14907.000,79.124
14908.000,158.248
14909.000,395.620
14910.000,79.124
14911.000,79.124
14912.000,553.867
14913.000,553.867
14914.000,316.496
14915.000,632.991
14916.000,553.867
14917.000,79.124
14918.000,158.248
14919.000,395.620
14920.000,79.124
14921.000,79.124
14922.000,553.867
14923.000,474.744
14924.000,237.372
14925.000,553.867
14926.000,553.867
14927.000,158.248
14928.000,158.248
14929.000,395.620
14930.000,79.124
14931.000,79.124
14932.000,553.867
14933.000,474.744
14934.000,237.372
14935.000,632.991
14936.000,632.991
14937.000,158.248
14938.000,158.248
14939.000,395.620
14940.000,79.124
14941.000,79.124
14942.000,553.867
14943.000,474.744
14944.000,316.496
14945.000,632.991
14946.000,632.991
14947.000,158.248
14948.000,158.248
14949.000,395.620
14950.000,0.000
14951.000,79.124
14952.000,553.867
14953.000,553.867
14954.000,316.496
14955.000,632.991
14956.000,553.867
14957.000,79.124
14958.000,158.248
14959.000,395.620
14960.000,79.124
14961.000,79.124
14962.000,553.867
14963.000,553.867
14964.000,237.372
14965.000,553.867
14966.000,553.867
14967.000,79.124
14968.000,158.248
14969.000,395.620
14970.000,79.124
14971.000,158.248
14972.000,553.867
14973.000,474.744
14974.000,237.372
14975.000,553.867
14976.000,553.867
14977.000,158.248
14978.000,158.248
14979.000,474.744
14980.000,79.124
14981.000,79.124
14982.000,553.867
14983.000,474.744
14984.000,237.372
14985.000,632.991
14986.000,632.991
14987.000,158.248
14988.000,237.372
14989.000,395.620
14990.000,79.124
14991.000,79.124
14992.000,474.744
14993.000,474.744
14994.000,237.372
14995.000,632.991
14996.000,632.991
14997.000,158.248
14998.000,158.248
14999.000,395.620
15000.000,0.000
15001.000,79.124
15002.000,553.867
15003.000,553.867
15004.000,316.496
15005.000,632.991
15006.000,553.867
15007.000,79.124
15008.000,158.248
15009.000,395.620
15010.000,79.124
15011.000,79.124
15012.000,553.867
15013.000,553.867
15014.000,237.372
15015.000,553.867
15016.000,553.867
15017.000,79.124
15018.000,158.248
15019.000,395.620
15020.000,79.124
15021.000,158.248
15022.000,553.867
15023.000,474.744
15024.000,237.372
15025.000,553.867
15026.000,553.867
15027.000,158.248
15028.000,237.372
15029.000,474.744
15030.000,79.124
15031.000,79.124
15032.000,474.744
15033.000,474.744
15034.000,237.372
15035.000,632.991
15036.000,632.991
15037.000,158.248
15038.000,237.372
15039.000,395.620
15040.000,79.124
15041.000,79.124
15042.000,474.744
15043.000,474.744
15044.000,237.372
15045.000,632.991
15046.000,632.991
15047.000,158.248
15048.000,158.248
15049.000,395.620
15050.000,0.000
15051.000,79.124
15052.000,553.867
15053.000,474.744
15054.000,316.496
15055.000,632.991
15056.000,553.867
15057.000,79.124
15058.000,158.248
15059.000,395.620
15060.000,79.124
15061.000,79.124
15062.000,553.867
15063.000,474.744
15064.000,237.372
15065.000,553.867
15066.000,553.867
15067.000,79.124
15068.000,158.248
15069.000,474.744
15070.000,79.124
15071.000,158.248
15072.000,553.867
15073.000,474.744
15074.000,237.372
15075.000,553.867
15076.000,553.867
15077.000,158.248
15078.000,237.372
15079.000,474.744
15080.000,79.124
15081.000,79.124
15082.000,474.744
15083.000,474.744
15084.000,237.372
15085.000,632.991
15086.000,632.991
15087.000,158.248
15088.000,237.372
15089.000,395.620
15090.000,0.000
15091.000,79.124
15092.000,474.744
15093.000,474.744
15094.000,237.372
15095.000,632.991
15096.000,632.991
15097.000,158.248
15098.000,158.248
15099.000,395.620
15100.000,0.000
15101.000,79.124
15102.000,553.867
15103.000,474.744
15104.000,316.496
15105.000,632.991
15106.000,632.991
15107.000,158.248
15108.000,158.248
15109.000,395.620
15110.000,79.124
15111.000,79.124
15112.000,553.867
15113.000,474.744
15114.000,237.372
15115.000,553.867
15116.000,553.867
15117.000,79.124
15118.000,158.248
15119.000,395.620
15120.000,79.124
15121.000,79.124
15122.000,553.867
15123.000,474.744
15124.000,237.372
15125.000,553.867
15126.000,553.867
15127.000,158.248
15128.000,237.372
15129.000,474.744
15130.000,79.124
15131.000,79.124
15132.000,474.744
15133.000,474.744
15134.000,237.372
15135.000,632.991
15136.000,632.991
15137.000,158.248
15138.000,237.372
15139.000,395.620
15140.000,0.000
15141.000,0.000
15142.000,474.744
15143.000,474.744
15144.000,237.372
15145.000,632.991
15146.000,632.991
15147.000,158.248
15148.000,158.248
15149.000,395.620
15150.000,0.000
15151.000,79.124
15152.000,553.867
15153.000,474.744
15154.000,316.496
15155.000,632.991
15156.000,632.991
15157.000,158.248
15158.000,158.248
15159.000,395.620
15160.000,0.000
15161.000,79.124
15162.000,553.867
15163.000,474.744
15164.000,237.372
15165.000,632.991
15166.000,553.867
15167.000,79.124
15168.000,158.248
15169.000,395.620
15170.000,79.124
15171.000,79.124
15172.000,553.867
15173.000,474.744
15174.000,237.372
15175.000,553.867
15176.000,553.867
15177.000,158.248
15178.000,237.372
15179.000,395.620
15180.000,79.124
15181.000,79.124
15182.000,474.744
15183.000,474.744
15184.000,237.372
15185.000,632.991
15186.000,632.991
15187.000,158.248
15188.000,237.372
15189.000,395.620
15190.000,0.000
15191.000,79.124
15192.000,474.744
15193.000,474.744
15194.000,316.496
15195.000,632.991
15196.000,632.991
15197.000,158.248
15198.000,158.248
15199.000,395.620
15200.000,0.000
15201.000,79.124
15202.000,553.867
15203.000,553.867
15204.000,316.496
15205.000,632.991
15206.000,553.867
15207.000,79.124
15208.000,158.248
15209.000,395.620
15210.000,79.124
15211.000,79.124
15212.000,553.867
15213.000,553.867
15214.000,237.372
15215.000,553.867
15216.000,553.867
15217.000,79.124
15218.000,158.248
15219.000,395.620
15220.000,79.124
15221.000,79.124
15222.000,553.867
15223.000,474.744
15224.000,237.372
15225.000,553.867
15226.000,553.867
15227.000,158.248
15228.000,237.372
15229.000,474.744
15230.000,79.124
15231.000,79.124
15232.000,474.744
15233.000,474.744
15234.000,237.372
15235.000,632.991
15236.000,632.991
15237.000,158.248
15238.000,237.372
15239.000,395.620
15240.000,0.000
15241.000,79.124
15242.000,474.744
15243.000,474.744
15244.000,316.496
15245.000,632.991
15246.000,632.991
15247.000,158.248
15248.000,158.248
15249.000,395.620
15250.000,0.000
15251.000,79.124
15252.000,553.867
15253.000,553.867
15254.000,316.496
15255.000,632.991
15256.000,553.867
15257.000,79.124
15258.000,158.248
15259.000,395.620
15260.000,79.124
15261.000,79.124
15262.000,553.867
15263.000,553.867
15264.000,237.372
15265.000,553.867
15266.000,553.867
15267.000,79.124
15268.000,158.248
15269.000,395.620
15270.000,79.124
15271.000,158.248
15272.000,553.867
15273.000,474.744
15274.000,237.372
15275.000,553.867
15276.000,553.867
15277.000,158.248
15278.000,237.372
15279.000,474.744
15280.000,79.124
15281.000,79.124
15282.000,474.744
15283.000,474.744
15284.000,237.372
15285.000,632.991
15286.000,632.991
15287.000,158.248
15288.000,237.372
15289.000,395.620
15290.000,79.124
15291.000,79.124
15292.000,474.744
15293.000,474.744
15294.000,237.372
15295.000,632.991
15296.000,632.991
15297.000,158.248
15298.000,158.248
15299.000,395.620
15300.000,0.000
15301.000,79.124
15302.000,553.867
15303.000,474.744
15304.000,316.496
15305.000,632.991
15306.000,553.867
15307.000,79.124
15308.000,158.248
15309.000,395.620
15310.000,79.124
15311.000,79.124
15312.000,553.867
15313.000,474.744
15314.000,237.372
15315.000,553.867
15316.000,553.867
15317.000,79.124
15318.000,158.248
15319.000,474.744
15320.000,79.124
15321.000,79.124
15322.000,553.867
15323.000,474.744
15324.000,237.372
15325.000,553.867
15326.000,553.867
15327.000,158.248
15328.000,237.372
15329.000,474.744
15330.000,79.124
15331.000,79.124
15332.000,474.744
15333.000,474.744
15334.000,237.372
15335.000,632.991
15336.000,632.991
15337.000,158.248
15338.000,237.372
15339.000,395.620
15340.000,0.000
15341.000,79.124
15342.000,474.744
15343.000,474.744
15344.000,316.496
15345.000,632.991
15346.000,632.991
15347.000,158.248
15348.000,158.248
15349.000,395.620
15350.000,0.000
15351.000,79.124
15352.000,553.867
15353.000,553.867
15354.000,316.496
15355.000,632.991
15356.000,553.867
15357.000,79.124
15358.000,158.248
15359.000,395.620
15360.000,79.124
15361.000,79.124
15362.000,553.867
15363.000,553.867
15364.000,237.372
15365.000,553.867
15366.000,553.867
15367.000,79.124
15368.000,158.248
15369.000,395.620
15370.000,79.124
15371.000,79.124
15372.000,553.867
15373.000,474.744
15374.000,237.372
15375.000,553.867
15376.000,553.867
15377.000,158.248
15378.000,237.372
15379.000,474.744
15380.000,79.124
15381.000,79.124
15382.000,474.744
15383.000,474.744
15384.000,237.372
15385.000,632.991
15386.000,632.991
15387.000,158.248
15388.000,237.372
15389.000,395.620
15390.000,79.124
15391.000,79.124
15392.000,474.744
15393.000,474.744
15394.000,316.496
15395.000,632.991
15396.000,632.991
15397.000,158.248
15398.000,158.248
15399.000,395.620
15400.000,0.000
15401.000,79.124
15402.000,553.867
15403.000,553.867
15404.000,316.496
15405.000,632.991
15406.000,553.867
15407.000,79.124
15408.000,158.248
15409.000,395.620
15410.000,79.124
15411.000,79.124
15412.000,553.867
15413.000,474.744
15414.000,237.372
15415.000,632.991
15416.000,553.867
15417.000,79.124
15418.000,158.248
15419.000,395.620
15420.000,79.124
15421.000,79.124
15422.000,553.867
15423.000,474.744
15424.000,237.372
15425.000,553.867
15426.000,553.867
15427.000,158.248
15428.000,237.372
15429.000,474.744
15430.000,79.124
15431.000,79.124
15432.000,474.744
15433.000,474.744
15434.000,237.372
15435.000,632.991
15436.000,632.991
15437.000,158.248
15438.000,237.372
15439.000,395.620
15440.000,0.000
15441.000,79.124
15442.000,474.744
15443.000,474.744
15444.000,316.496
15445.000,632.991
15446.000,632.991
15447.000,158.248
15448.000,158.248
15449.000,395.620
15450.000,0.000
15451.000,79.124
15452.000,553.867
15453.000,553.867
15454.000,316.496
15455.000,632.991
15456.000,553.867
15457.000,79.124
15458.000,158.248
15459.000,395.620
15460.000,79.124
15461.000,79.124
15462.000,553.867
15463.000,553.867
15464.000,237.372
15465.000,632.991
15466.000,553.867
15467.000,79.124
15468.000,158.248
15469.000,395.620
15470.000,79.124
15471.000,79.124
15472.000,553.867
15473.000,474.744
15474.000,237.372
15475.000,553.867
15476.000,553.867
15477.000,158.248
15478.000,237.372
15479.000,474.744
15480.000,79.124
15481.000,79.124
15482.000,474.744
15483.000,474.744
15484.000,237.372
15485.000,632.991
15486.000,632.991
15487.000,158.248
15488.000,237.372
15489.000,395.620
15490.000,0.000
15491.000,79.124
15492.000,474.744
15493.000,474.744
15494.000,316.496
15495.000,632.991
15496.000,632.991
15497.000,158.248
15498.000,158.248
15499.000,395.620
15500.000,0.000
15501.000,79.124
15502.000,553.867
15503.000,553.867
15504.000,316.496
15505.000,632.991
15506.000,553.867
15507.000,79.124
15508.000,158.248
15509.000,395.620
15510.000,79.124
15511.000,79.124
15512.000,553.867
15513.000,474.744
15514.000,237.372
15515.000,632.991
15516.000,553.867
15517.000,79.124
15518.000,158.248
15519.000,395.620
15520.000,79.124
15521.000,79.124
15522.000,553.867
15523.000,474.744
15524.000,237.372
15525.000,553.867
15526.000,553.867
15527.000,158.248
15528.000,237.372
15529.000,474.744
15530.000,79.124
15531.000,79.124
15532.000,474.744
15533.000,474.744
15534.000,237.372
15535.000,632.991
15536.000,632.991
15537.000,158.248
15538.000,237.372
15539.000,395.620
15540.000,0.000
15541.000,79.124
15542.000,474.744
15543.000,474.744
15544.000,316.496
15545.000,632.991
15546.000,632.991
15547.000,158.248
15548.000,158.248
15549.000,395.620
15550.000,0.000
15551.000,79.124
15552.000,553.867
15553.000,553.867
15554.000,316.496
15555.000,632.991
15556.000,553.867
15557.000,79.124
15558.000,158.248
15559.000,395.620
15560.000,79.124
15561.000,79.124
15562.000,553.867
15563.000,474.744
15564.000,237.372
15565.000,553.867
15566.000,553.867
15567.000,79.124
15568.000,158.248
15569.000,474.744
15570.000,79.124
15571.000,79.124
15572.000,553.867
15573.000,474.744
15574.000,237.372
15575.000,553.867
15576.000,553.867
15577.000,158.248
15578.000,237.372
15579.000,474.744
15580.000,79.124
15581.000,79.124
15582.000,474.744
15583.000,474.744
15584.000,237.372
15585.000,632.991
15586.000,632.991
15587.000,158.248
15588.000,237.372
15589.000,395.620
15590.000,79.124
15591.000,79.124
15592.000,474.744
15593.000,474.744
15594.000,237.372
15595.000,632.991
15596.000,632.991
15597.000,158.248
15598.000,158.248
15599.000,395.620
15600.000,0.000
15601.000,79.124
15602.000,553.867
15603.000,474.744
15604.000,316.496
15605.000,632.991
15606.000,553.867
15607.000,158.248
15608.000,158.248
15609.000,395.620
15610.000,79.124
15611.000,79.124
15612.000,553.867
15613.000,474.744
15614.000,237.372
15615.000,632.991
15616.000,553.867
15617.000,158.248
15618.000,158.248
15619.000,474.744
15620.000,79.124
15621.000,79.124
15622.000,553.867
15623.000,474.744
15624.000,237.372
15625.000,553.867
15626.000,553.867
15627.000,158.248
15628.000,237.372
15629.000,474.744
15630.000,79.124
15631.000,79.124
15632.000,474.744
15633.000,474.744
15634.000,237.372
15635.000,632.991
15636.000,632.991
15637.000,158.248
15638.000,237.372
15639.000,395.620
15640.000,0.000
15641.000,79.124
15642.000,474.744
15643.000,474.744
15644.000,237.372
15645.000,632.991
15646.000,632.991
15647.000,158.248
15648.000,158.248
15649.000,395.620
15650.000,0.000
15651.000,79.124
15652.000,553.867
15653.000,474.744
15654.000,316.496
15655.000,632.991
15656.000,632.991
15657.000,158.248
15658.000,158.248
15659.000,395.620
15660.000,79.124
15661.000,79.124
15662.000,553.867
15663.000,474.744
15664.000,237.372
15665.000,632.991
15666.000,553.867
15667.000,158.248
15668.000,158.248
15669.000,395.620
15670.000,79.124
15671.000,79.124
15672.000,553.867
15673.000,474.744
15674.000,237.372
15675.000,632.991
15676.000,553.867
15677.000,158.248
15678.000,237.372
15679.000,395.620
15680.000,79.124
15681.000,79.124
15682.000,474.744
15683.000,474.744
15684.000,237.372
15685.000,632.991
15686.000,632.991
15687.000,158.248
15688.000,237.372
15689.000,395.620
15690.000,0.000
15691.000,79.124
15692.000,474.744
15693.000,474.744
15694.000,316.496
15695.000,632.991
15696.000,632.991
15697.000,158.248
15698.000,158.248
15699.000,395.620
15700.000,0.000
15701.000,79.124
15702.000,553.867
15703.000,553.867
15704.000,316.496
15705.000,632.991
15706.000,632.991
15707.000,158.248
15708.000,158.248
15709.000,395.620
15710.000,79.124
15711.000,79.124
15712.000,553.867
15713.000,474.744
15714.000,237.372
15715.000,632.991
15716.000,553.867
15717.000,79.124
15718.000,158.248
15719.000,395.620
15720.000,79.124
15721.000,79.124
15722.000,553.867
15723.000,474.744
15724.000,237.372
15725.000,632.991
15726.000,553.867
15727.000,158.248
15728.000,237.372
15729.000,395.620
15730.000,79.124
15731.000,79.124
15732.000,474.744
15733.000,474.744
15734.000,237.372
15735.000,632.991
15736.000,632.991
15737.000,158.248
15738.000,237.372
15739.000,395.620
15740.000,0.000
15741.000,79.124
15742.000,474.744
15743.000,474.744
15744.000,237.372
15745.000,632.991
15746.000,632.991
15747.000,158.248
15748.000,158.248
15749.000,395.620
15750.000,0.000
15751.000,79.124
15752.000,553.867
15753.000,553.867
15754.000,316.496
15755.000,632.991
15756.000,553.867
15757.000,79.124
15758.000,158.248
15759.000,395.620
15760.000,79.124
15761.000,79.124
15762.000,553.867
15763.000,553.867
15764.000,237.372
15765.000,632.991
15766.000,553.867
15767.000,79.124
15768.000,158.248
15769.000,395.620
15770.000,79.124
15771.000,79.124
15772.000,553.867
15773.000,474.744
15774.000,237.372
15775.000,553.867
15776.000,553.867
15777.000,158.248
15778.000,237.372
15779.000,395.620
15780.000,79.124
15781.000,79.124
15782.000,474.744
15783.000,474.744
15784.000,237.372
15785.000,632.991
15786.000,632.991
15787.000,158.248
15788.000,237.372
15789.000,395.620
15790.000,0.000
15791.000,79.124
15792.000,553.867
15793.000,474.744
15794.000,237.372
15795.000,632.991
15796.000,632.991
15797.000,158.248
15798.000,158.248
15799.000,395.620
15800.000,0.000
15801.000,79.124
15802.000,553.867
15803.000,553.867
15804.000,316.496
15805.000,632.991
15806.000,553.867
15807.000,79.124
15808.000,158.248
15809.000,395.620
15810.000,79.124
15811.000,79.124
15812.000,553.867
15813.000,474.744
15814.000,237.372
15815.000,553.867
15816.000,553.867
15817.000,79.124
15818.000,158.248
15819.000,395.620
15820.000,79.124
15821.000,158.248
15822.000,553.867
15823.000,474.744
15824.000,237.372
15825.000,553.867
15826.000,553.867
15827.000,158.248
15828.000,237.372
15829.000,474.744
15830.000,79.124
15831.000,79.124
15832.000,474.744
15833.000,474.744
15834.000,237.372
15835.000,632.991
15836.000,632.991
15837.000,158.248
15838.000,237.372
15839.000,395.620
15840.000,79.124
15841.000,79.124
15842.000,474.744
15843.000,474.744
15844.000,237.372
15845.000,632.991
15846.000,632.991
15847.000,158.248
15848.000,158.248
15849.000,395.620
15850.000,0.000
15851.000,79.124
15852.000,553.867
15853.000,474.744
15854.000,237.372
15855.000,632.991
15856.000,553.867
15857.000,158.248
15858.000,158.248
15859.000,395.620
15860.000,79.124
15861.000,79.124
15862.000,553.867
15863.000,474.744
15864.000,237.372
15865.000,553.867
15866.000,553.867
15867.000,79.124
15868.000,158.248
15869.000,395.620
15870.000,79.124
15871.000,79.124
15872.000,553.867
15873.000,474.744
15874.000,237.372
15875.000,553.867
15876.000,553.867
15877.000,158.248
15878.000,237.372
15879.000,474.744
15880.000,79.124
15881.000,79.124
15882.000,474.744
15883.000,474.744
15884.000,237.372
15885.000,632.991
15886.000,632.991
15887.000,158.248
15888.000,237.372
15889.000,395.620
15890.000,79.124
15891.000,79.124
15892.000,474.744
15893.000,474.744
15894.000,237.372
15895.000,632.991
15896.000,632.991
15897.000,158.248
15898.000,158.248
15899.000,395.620
15900.000,0.000
15901.000,79.124
15902.000,553.867
15903.000,474.744
15904.000,316.496
15905.000,632.991
15906.000,632.991
15907.000,158.248
15908.000,158.248
15909.000,395.620
15910.000,79.124
15911.000,79.124
15912.000,553.867
15913.000,474.744
15914.000,237.372
15915.000,632.991
15916.000,553.867
15917.000,158.248
15918.000,158.248
15919.000,474.744
15920.000,79.124
15921.000,79.124
15922.000,553.867
15923.000,474.744
15924.000,237.372
15925.000,553.867
15926.000,553.867
15927.000,158.248
15928.000,237.372
15929.000,474.744
15930.000,79.124
15931.000,79.124
15932.000,474.744
15933.000,395.620
15934.000,237.372
15935.000,632.991
15936.000,632.991
15937.000,158.248
15938.000,237.372
15939.000,395.620
15940.000,0.000
15941.000,0.000
15942.000,474.744
15943.000,474.744
15944.000,237.372
15945.000,632.991
15946.000,632.991
15947.000,158.248
15948.000,237.372
15949.000,395.620
15950.000,0.000
15951.000,0.000
15952.000,474.744
15953.000,474.744
15954.000,316.496
15955.000,632.991
15956.000,632.991
15957.000,158.248
15958.000,158.248
15959.000,395.620
15960.000,0.000
15961.000,79.124
15962.000,553.867
15963.000,474.744
15964.000,237.372
15965.000,632.991
15966.000,553.867
15967.000,158.248
15968.000,158.248
15969.000,395.620
15970.000,79.124
15971.000,79.124
15972.000,553.867
15973.000,474.744
15974.000,237.372
15975.000,632.991
15976.000,553.867
15977.000,158.248
15978.000,237.372
15979.000,395.620
15980.000,79.124
15981.000,79.124
15982.000,474.744
15983.000,474.744
15984.000,237.372
15985.000,632.991
15986.000,632.991
15987.000,158.248
15988.000,237.372
15989.000,395.620
15990.000,0.000
15991.000,0.000
15992.000,474.744
15993.000,474.744
15994.000,237.372
15995.000,632.991
15996.000,632.991
15997.000,158.248
15998.000,158.248
15999.000,395.620
16000.000,0.000
16001.000,79.124
16002.000,474.744
16003.000,474.744
16004.000,316.496
16005.000,632.991
16006.000,632.991
16007.000,158.248
16008.000,158.248
16009.000,395.620
16010.000,0.000
16011.000,79.124
16012.000,553.867
16013.000,474.744
16014.000,316.496
16015.000,632.991
16016.000,553.867
16017.000,79.124
16018.000,158.248
16019.000,395.620
16020.000,79.124
16021.000,79.124
16022.000,553.867
16023.000,474.744
16024.000,237.372
16025.000,632.991
16026.000,553.867
16027.000,158.248
16028.000,237.372
16029.000,395.620
16030.000,79.124
16031.000,79.124
16032.000,474.744
16033.000,474.744
16034.000,237.372
16035.000,632.991
16036.000,632.991
16037.000,158.248
16038.000,237.372
16039.000,395.620
16040.000,0.000
16041.000,79.124
16042.000,474.744
16043.000,474.744
16044.000,316.496
16045.000,632.991
16046.000,632.991
16047.000,158.248
16048.000,158.248
16049.000,395.620
16050.000,0.000
16051.000,79.124
16052.000,553.867
16053.000,474.744
16054.000,316.496
16055.000,632.991
16056.000,632.991
16057.000,158.248
16058.000,158.248
16059.000,395.620
16060.000,0.000
16061.000,79.124
16062.000,553.867
16063.000,553.867
16064.000,316.496
16065.000,632.991
16066.000,553.867
16067.000,79.124
16068.000,158.248
16069.000,395.620
16070.000,79.124
16071.000,158.248
16072.000,553.867
16073.000,474.744
16074.000,237.372
16075.000,553.867
16076.000,553.867
16077.000,158.248
16078.000,237.372
16079.000,474.744
16080.000,79.124
16081.000,79.124
16082.000,553.867
16083.000,474.744
16084.000,237.372
16085.000,632.991
16086.000,632.991
16087.000,158.248
16088.000,237.372
16089.000,395.620
16090.000,0.000
16091.000,79.124
16092.000,474.744
16093.000,474.744
16094.000,237.372
16095.000,632.991
16096.000,632.991
16097.000,158.248
16098.000,158.248
16099.000,395.620
16100.000,0.000
16101.000,79.124
16102.000,553.867
16103.000,474.744
16104.000,316.496
16105.000,632.991
16106.000,553.867
16107.000,79.124
16108.000,158.248
16109.000,395.620
16110.000,79.124
16111.000,79.124
16112.000,553.867
16113.000,474.744
16114.000,237.372
16115.000,632.991
16116.000,553.867
16117.000,79.124
16118.000,158.248
16119.000,474.744
16120.000,79.124
16121.000,158.248
16122.000,553.867
16123.000,474.744
16124.000,237.372
16125.000,553.867
16126.000,553.867
16127.000,158.248
16128.000,237.372
16129.000,474.744
16130.000,79.124
16131.000,79.124
16132.000,474.744
16133.000,474.744
16134.000,237.372
16135.000,632.991
16136.000,632.991
16137.000,158.248
16138.000,237.372
16139.000,395.620
16140.000,0.000
16141.000,79.124
16142.000,474.744
16143.000,474.744
16144.000,237.372
16145.000,632.991
16146.000,632.991
16147.000,158.248
16148.000,158.248
16149.000,395.620
16150.000,0.000
16151.000,79.124
16152.000,553.867
16153.000,474.744
16154.000,316.496
16155.000,632.991
16156.000,553.867
16157.000,158.248
16158.000,158.248
16159.000,395.620
16160.000,79.124
16161.000,79.124
16162.000,553.867
16163.000,474.744
16164.000,237.372
16165.000,632.991
16166.000,553.867
16167.000,79.124
16168.000,158.248
16169.000,395.620
16170.000,79.124
16171.000,79.124
16172.000,553.867
16173.000,474.744
16174.000,237.372
16175.000,553.867
16176.000,553.867
16177.000,158.248
16178.000,237.372
16179.000,474.744
16180.000,79.124
16181.000,79.124
16182.000,474.744
16183.000,395.620
16184.000,237.372
16185.000,632.991
16186.000,632.991
16187.000,158.248
16188.000,237.372
16189.000,395.620
16190.000,79.124
16191.000,79.124
16192.000,474.744
16193.000,474.744
16194.000,237.372
16195.000,632.991
16196.000,632.991
16197.000,158.248
16198.000,158.248
16199.000,395.620
16200.000,0.000
16201.000,79.124
16202.000,553.867
16203.000,474.744
16204.000,316.496
16205.000,632.991
16206.000,632.991
16207.000,158.248
16208.000,158.248
16209.000,395.620
16210.000,79.124
16211.000,79.124
16212.000,553.867
16213.000,474.744
16214.000,237.372
16215.000,632.991
16216.000,553.867
16217.000,158.248
16218.000,158.248
16219.000,395.620
16220.000,79.124
16221.000,79.124
16222.000,553.867
16223.000,474.744
16224.000,237.372
16225.000,553.867
16226.000,553.867
16227.000,158.248
16228.000,237.372
16229.000,474.744
16230.000,79.124
16231.000,79.124
16232.000,474.744
16233.000,395.620
16234.000,237.372
16235.000,632.991
16236.000,632.991
16237.000,158.248
16238.000,237.372
16239.000,395.620
16240.000,0.000
16241.000,0.000
16242.000,474.744
16243.000,474.744
16244.000,237.372
16245.000,632.991
16246.000,632.991
16247.000,158.248
16248.000,158.248
16249.000,395.620
16250.000,0.000
16251.000,79.124
16252.000,553.867
16253.000,474.744
16254.000,316.496
16255.000,632.991
16256.000,632.991
16257.000,158.248
16258.000,158.248
16259.000,395.620
16260.000,0.000
16261.000,79.124
16262.000,553.867
16263.000,474.744
16264.000,237.372
16265.000,632.991
16266.000,553.867
16267.000,79.124
16268.000,158.248
16269.000,395.620
16270.000,79.124
16271.000,79.124
16272.000,553.867
16273.000,474.744
16274.000,237.372
16275.000,553.867
16276.000,553.867
16277.000,158.248
16278.000,237.372
16279.000,474.744
16280.000,79.124
16281.000,79.124
16282.000,474.744
16283.000,474.744
16284.000,237.372
16285.000,632.991
16286.000,632.991
16287.000,158.248
16288.000,237.372
16289.000,395.620
16290.000,0.000
16291.000,79.124
16292.000,474.744
16293.000,474.744
16294.000,237.372
16295.000,632.991
16296.000,632.991
16297.000,158.248
16298.000,158.248
16299.000,395.620
16300.000,0.000
16301.000,79.124
16302.000,553.867
16303.000,474.744
16304.000,316.496
16305.000,632.991
16306.000,632.991
16307.000,158.248
16308.000,158.248
16309.000,395.620
16310.000,0.000
16311.000,79.124
16312.000,553.867
16313.000,474.744
16314.000,237.372
16315.000,632.991
16316.000,553.867
16317.000,79.124
16318.000,158.248
16319.000,395.620
16320.000,79.124
16321.000,79.124
16322.000,553.867
16323.000,474.744
16324.000,237.372
16325.000,553.867
16326.000,553.867
16327.000,158.248
16328.000,237.372
16329.000,395.620
16330.000,79.124
16331.000,79.124
16332.000,474.744
16333.000,474.744
16334.000,237.372
16335.000,632.991
16336.000,632.991
16337.000,158.248
16338.000,237.372
16339.000,395.620
16340.000,0.000
16341.000,79.124
16342.000,474.744
16343.000,474.744
16344.000,316.496
16345.000,632.991
16346.000,632.991
16347.000,158.248
16348.000,158.248
16349.000,395.620
16350.000,0.000
16351.000,79.124
16352.000,553.867
16353.000,553.867
16354.000,316.496
16355.000,632.991
16356.000,553.867
16357.000,79.124
16358.000,158.248
16359.000,395.620
16360.000,0.000
16361.000,79.124
16362.000,553.867
16363.000,474.744
16364.000,237.372
16365.000,632.991
16366.000,553.867
16367.000,79.124
16368.000,158.248
16369.000,395.620
16370.000,79.124
16371.000,158.248
16372.000,553.867
16373.000,474.744
16374.000,237.372
16375.000,553.867
16376.000,553.867
16377.000,158.248
16378.000,237.372
16379.000,474.744
16380.000,79.124
16381.000,79.124
16382.000,474.744
16383.000,474.744
16384.000,237.372
16385.000,632.991
16386.000,632.991
16387.000,158.248
16388.000,237.372
16389.000,395.620
16390.000,0.000
16391.000,79.124
16392.000,474.744
16393.000,474.744
16394.000,237.372
16395.000,632.991
16396.000,632.991
16397.000,158.248
16398.000,158.248
16399.000,395.620
16400.000,0.000
16401.000,79.124
16402.000,553.867
16403.000,474.744
16404.000,316.496
16405.000,632.991
16406.000,553.867
16407.000,79.124
16408.000,158.248
16409.000,395.620
16410.000,79.124
16411.000,79.124
16412.000,553.867
16413.000,474.744
16414.000,237.372
16415.000,553.867
16416.000,553.867
16417.000,79.124
16418.000,158.248
16419.000,395.620
16420.000,79.124
16421.000,158.248
16422.000,553.867
16423.000,474.744
16424.000,237.372
16425.000,553.867
16426.000,553.867
16427.000,158.248
16428.000,237.372
16429.000,474.744
16430.000,79.124
16431.000,79.124
16432.000,474.744
16433.000,395.620
16434.000,237.372
16435.000,632.991
16436.000,632.991
16437.000,158.248
16438.000,237.372
16439.000,395.620
16440.000,0.000
16441.000,79.124
16442.000,474.744
16443.000,474.744
16444.000,237.372
16445.000,632.991
16446.000,632.991
16447.000,158.248
16448.000,158.248
16449.000,395.620
16450.000,0.000
16451.000,79.124
16452.000,553.867
16453.000,474.744
16454.000,316.496
16455.000,632.991
16456.000,553.867
16457.000,158.248
16458.000,158.248
16459.000,395.620
16460.000,79.124
16461.000,79.124
16462.000,553.867
16463.000,474.744
16464.000,237.372
16465.000,632.991
16466.000,553.867
16467.000,79.124
16468.000,158.248
16469.000,395.620
16470.000,79.124
16471.000,79.124
16472.000,553.867
16473.000,474.744
16474.000,237.372
16475.000,553.867
16476.000,553.867
16477.000,158.248
16478.000,237.372
16479.000,474.744
16480.000,79.124
16481.000,79.124
16482.000,474.744
16483.000,395.620
16484.000,237.372
16485.000,632.991
16486.000,632.991
16487.000,237.372
16488.000,237.372
16489.000,395.620
16490.000,0.000
16491.000,0.000
16492.000,474.744
16493.000,474.744
16494.000,237.372
16495.000,632.991
16496.000,632.991
16497.000,158.248
16498.000,158.248
16499.000,395.620
16500.000,0.000
16501.000,79.124
16502.000,474.744
16503.000,474.744
16504.000,316.496
16505.000,632.991
16506.000,632.991
16507.000,158.248
16508.000,158.248
16509.000,395.620
16510.000,0.000
16511.000,79.124
16512.000,553.867
16513.000,474.744
16514.000,237.372
16515.000,632.991
16516.000,553.867
16517.000,79.124
16518.000,158.248
16519.000,395.620
16520.000,79.124
16521.000,79.124
16522.000,553.867
16523.000,474.744
16524.000,237.372
16525.000,632.991
16526.000,553.867
16527.000,158.248
16528.000,237.372
16529.000,474.744
16530.000,79.124
16531.000,79.124
16532.000,474.744
16533.000,474.744
16534.000,237.372
16535.000,632.991
16536.000,632.991
16537.000,158.248
16538.000,237.372
16539.000,395.620
16540.000,0.000
16541.000,0.000
16542.000,474.744
16543.000,474.744
16544.000,237.372
16545.000,632.991
16546.000,632.991
16547.000,158.248
16548.000,158.248
16549.000,395.620
16550.000,0.000
16551.000,79.124
16552.000,553.867
