Time_ms,Absolute_Displacement_nm
0.000,-445908240.040
1.000,-445908240.040
2.000,-445908319.164
3.000,-445908319.164
4.000,-445908319.164
5.000,-445908319.164
6.000,-445908240.040
7.000,-445908240.040
8.000,-445908240.040
9.000,-445908240.040
10.000,-445908319.164
11.000,-445908319.164
12.000,-445908319.164
13.000,-445908319.164
14.000,-445908240.040
15.000,-445908240.040
16.000,-445908240.040
17.000,-445908240.040
18.000,-445908240.040
19.000,-445908319.164
20.000,-445908319.164
21.000,-445908319.164
22.000,-445908240.040
23.000,-445908240.040
24.000,-445908240.040
25.000,-445908240.040
26.000,-445908240.040
27.000,-445908240.040
28.000,-445908240.040
29.000,-445908240.040
30.000,-445908240.040
31.000,-445908240.040
32.000,-445908240.040
33.000,-445908240.040
34.000,-445908240.040
35.000,-445908240.040
36.000,-445908240.040
37.000,-445908240.040
38.000,-445908240.040
39.000,-445908240.040
40.000,-445908240.040
41.000,-445908240.040
42.000,-445908240.040
43.000,-445908240.040
44.000,-445908240.040
45.000,-445908240.040
46.000,-445908240.040
47.000,-445908240.040
48.000,-445908240.040
49.000,-445908240.040
50.000,-445908240.040
51.000,-445908240.040
52.000,-445908240.040
53.000,-445908240.040
54.000,-445908240.040
55.000,-445908240.040
56.000,-445908240.040
57.000,-445908240.040
58.000,-445908240.040
59.000,-445908240.040
60.000,-445908240.040
61.000,-445908240.040
62.000,-445908240.040
63.000,-445908240.040
64.000,-445908240.040
65.000,-445908240.040
66.000,-445908240.040
67.000,-445908240.040
68.000,-445908240.040
69.000,-445908240.040
70.000,-445908240.040
71.000,-445908240.040
72.000,-445908240.040
73.000,-445908240.040
74.000,-445908160.916
75.000,-445908240.040
76.000,-445908240.040
77.000,-445908240.040
78.000,-445908240.040
79.000,-445908240.040
80.000,-445908240.040
81.000,-445908240.040
82.000,-445908160.916
83.000,-445908160.916
84.000,-445908240.040
85.000,-445908240.040
86.000,-445908240.040
87.000,-445908240.040
88.000,-445908240.040
89.000,-445908240.040
90.000,-445908160.916
91.000,-445908160.916
92.000,-445908160.916
93.000,-445908240.040
94.000,-445908240.040
95.000,-445908240.040
96.000,-445908240.040
97.000,-445908240.040
98.000,-445908160.916
99.000,-445908160.916
100.000,-445908160.916
101.000,-445908240.040
102.000,-445908240.040
103.000,-445908240.040
104.000,-445908240.040
105.000,-445908240.040
106.000,-445908160.916
107.000,-445908160.916
108.000,-445908160.916
109.000,-445908240.040
110.000,-445908240.040
111.000,-445908240.040
112.000,-445908240.040
113.000,-445908240.040
114.000,-445908240.040
115.000,-445908160.916
116.000,-445908160.916
117.000,-445908160.916
118.000,-445908240.040
119.000,-445908240.040
120.000,-445908240.040
121.000,-445908240.040
122.000,-445908240.040
123.000,-445908160.916
124.000,-445908160.916
125.000,-445908160.916
126.000,-445908160.916
127.000,-445908240.040
128.000,-445908240.040
129.000,-445908240.040
130.000,-445908240.040
131.000,-445908160.916
132.000,-445908160.916
133.000,-445908160.916
134.000,-445908160.916
135.000,-445908240.040
136.000,-445908240.040
137.000,-445908240.040
138.000,-445908240.040
139.000,-445908160.916
140.000,-445908160.916
141.000,-445908160.916
142.000,-445908160.916
143.000,-445908240.040
144.000,-445908240.040
145.000,-445908240.040
146.000,-445908240.040
147.000,-445908240.040
148.000,-445908160.916
149.000,-445908160.916
150.000,-445908160.916
151.000,-445908160.916
152.000,-445908240.040
153.000,-445908240.040
154.000,-445908240.040
155.000,-445908240.040
156.000,-445908160.916
157.000,-445908160.916
158.000,-445908160.916
159.000,-445908160.916
160.000,-445908240.040
161.000,-445908240.040
162.000,-445908240.040
163.000,-445908240.040
164.000,-445908160.916
165.000,-445908160.916
166.000,-445908160.916
167.000,-445908160.916
168.000,-445908240.040
169.000,-445908240.040
170.000,-445908240.040
171.000,-445908240.040
172.000,-445908240.040
173.000,-445908160.916
174.000,-445908160.916
175.000,-445908160.916
176.000,-445908160.916
177.000,-445908240.040
178.000,-445908240.040
179.000,-445908240.040
180.000,-445908240.040
181.000,-445908160.916
182.000,-445908160.916
183.000,-445908160.916
184.000,-445908160.916
185.000,-445908240.040
186.000,-445908240.040
187.000,-445908240.040
188.000,-445908240.040
189.000,-445908160.916
190.000,-445908160.916
191.000,-445908160.916
192.000,-445908160.916
193.000,-445908240.040
194.000,-445908240.040
195.000,-445908240.040
196.000,-445908240.040
197.000,-445908240.040
198.000,-445908160.916
199.000,-445908160.916
200.000,-445908160.916
201.000,-445908240.040
202.000,-445908240.040
203.000,-445908240.040
204.000,-445908240.040
205.000,-445908240.040
206.000,-445908160.916
207.000,-445908160.916
208.000,-445908160.916
209.000,-445908240.040
210.000,-445908240.040
211.000,-445908240.040
212.000,-445908240.040
213.000,-445908240.040
214.000,-445908160.916
215.000,-445908160.916
216.000,-445908160.916
217.000,-445908240.040
218.000,-445908240.040
219.000,-445908240.040
220.000,-445908240.040
221.000,-445908240.040
222.000,-445908240.040
223.000,-445908160.916
224.000,-445908160.916
225.000,-445908160.916
226.000,-445908240.040
227.000,-445908240.040
228.000,-445908240.040
229.000,-445908240.040
230.000,-445908240.040
231.000,-445908240.040
232.000,-445908160.916
233.000,-445908160.916
234.000,-445908240.040
235.000,-445908240.040
236.000,-445908240.040
237.000,-445908240.040
238.000,-445908240.040
239.000,-445908240.040
240.000,-445908240.040
241.000,-445908160.916
242.000,-445908240.040
243.000,-445908240.040
244.000,-445908240.040
245.000,-445908240.040
246.000,-445908240.040
247.000,-445908240.040
248.000,-445908240.040
249.000,-445908240.040
250.000,-445908240.040
251.000,-445908240.040
252.000,-445908240.040
253.000,-445908240.040
254.000,-445908240.040
255.000,-445908240.040
256.000,-445908240.040
257.000,-445908240.040
258.000,-445908240.040
259.000,-445908240.040
260.000,-445908240.040
261.000,-445908240.040
262.000,-445908240.040
263.000,-445908240.040
264.000,-445908240.040
265.000,-445908240.040
266.000,-445908240.040
267.000,-445908240.040
268.000,-445908240.040
269.000,-445908240.040
270.000,-445908240.040
271.000,-445908240.040
272.000,-445908240.040
273.000,-445908240.040
274.000,-445908240.040
275.000,-445908240.040
276.000,-445908240.040
277.000,-445908240.040
278.000,-445908319.164
279.000,-445908319.164
280.000,-445908240.040
281.000,-445908240.040
282.000,-445908240.040
283.000,-445908240.040
284.000,-445908240.040
285.000,-445908240.040
286.000,-445908319.164
287.000,-445908319.164
288.000,-445908319.164
289.000,-445908240.040
290.000,-445908240.040
291.000,-445908240.040
292.000,-445908240.040
293.000,-445908240.040
294.000,-445908319.164
295.000,-445908319.164
296.000,-445908319.164
297.000,-445908240.040
298.000,-445908240.040
299.000,-445908240.040
300.000,-445908240.040
301.000,-445908240.040
302.000,-445908319.164
303.000,-445908319.164
304.000,-445908319.164
305.000,-445908319.164
306.000,-445908240.040
307.000,-445908240.040
308.000,-445908240.040
309.000,-445908240.040
310.000,-445908319.164
311.000,-445908319.164
312.000,-445908319.164
313.000,-445908319.164
314.000,-445908240.040
315.000,-445908240.040
316.000,-445908240.040
317.000,-445908240.040
318.000,-445908319.164
319.000,-445908319.164
320.000,-445908319.164
321.000,-445908319.164
322.000,-445908319.164
323.000,-445908240.040
324.000,-445908240.040
325.000,-445908240.040
326.000,-445908319.164
327.000,-445908319.164
328.000,-445908319.164
329.000,-445908319.164
330.000,-445908319.164
331.000,-445908319.164
332.000,-445908240.040
333.000,-445908240.040
334.000,-445908319.164
335.000,-445908319.164
336.000,-445908319.164
337.000,-445908319.164
338.000,-445908319.164
339.000,-445908319.164
340.000,-445908319.164
341.000,-445908319.164
342.000,-445908319.164
343.000,-445908319.164
344.000,-445908319.164
345.000,-445908319.164
346.000,-445908319.164
347.000,-445908319.164
348.000,-445908319.164
349.000,-445908319.164
350.000,-445908319.164
351.000,-445908319.164
352.000,-445908319.164
353.000,-445908319.164
354.000,-445908319.164
355.000,-445908319.164
356.000,-445908319.164
357.000,-445908319.164
358.000,-445908319.164
359.000,-445908319.164
360.000,-445908319.164
361.000,-445908319.164
362.000,-445908398.288
363.000,-445908319.164
364.000,-445908319.164
365.000,-445908319.164
366.000,-445908319.164
367.000,-445908319.164
368.000,-445908319.164
369.000,-445908319.164
370.000,-445908398.288
371.000,-445908398.288
372.000,-445908319.164
373.000,-445908319.164
374.000,-445908319.164
375.000,-445908319.164
376.000,-445908319.164
377.000,-445908398.288
378.000,-445908398.288
379.000,-445908398.288
380.000,-445908398.288
381.000,-445908319.164
382.000,-445908319.164
383.000,-445908319.164
384.000,-445908319.164
385.000,-445908398.288
386.000,-445908398.288
387.000,-445908398.288
388.000,-445908398.288
389.000,-445908398.288
390.000,-445908319.164
391.000,-445908319.164
392.000,-445908398.288
393.000,-445908398.288
394.000,-445908398.288
395.000,-445908398.288
396.000,-445908398.288
397.000,-445908398.288
398.000,-445908398.288
399.000,-445908319.164
400.000,-445908398.288
401.000,-445908398.288
402.000,-445908398.288
403.000,-445908398.288
404.000,-445908398.288
405.000,-445908398.288
406.000,-445908398.288
407.000,-445908398.288
408.000,-445908398.288
409.000,-445908398.288
410.000,-445908398.288
411.000,-445908398.288
412.000,-445908398.288
413.000,-445908398.288
414.000,-445908398.288
415.000,-445908398.288
416.000,-445908398.288
417.000,-445908398.288
418.000,-445908398.288
419.000,-445908398.288
420.000,-445908398.288
421.000,-445908398.288
422.000,-445908398.288
423.000,-445908398.288
424.000,-445908398.288
425.000,-445908398.288
426.000,-445908398.288
427.000,-445908398.288
428.000,-445908477.412
429.000,-445908477.412
430.000,-445908398.288
431.000,-445908398.288
432.000,-445908398.288
433.000,-445908398.288
434.000,-445908398.288
435.000,-445908398.288
436.000,-445908477.412
437.000,-445908477.412
438.000,-445908477.412
439.000,-445908398.288
440.000,-445908398.288
441.000,-445908398.288
442.000,-445908398.288
443.000,-445908398.288
444.000,-445908477.412
445.000,-445908477.412
446.000,-445908477.412
447.000,-445908477.412
448.000,-445908398.288
449.000,-445908398.288
450.000,-445908398.288
451.000,-445908477.412
452.000,-445908477.412
453.000,-445908477.412
454.000,-445908477.412
455.000,-445908477.412
456.000,-445908398.288
457.000,-445908398.288
458.000,-445908398.288
459.000,-445908477.412
460.000,-445908477.412
461.000,-445908477.412
462.000,-445908477.412
463.000,-445908477.412
464.000,-445908477.412
465.000,-445908398.288
466.000,-445908398.288
467.000,-445908477.412
468.000,-445908477.412
469.000,-445908477.412
470.000,-445908477.412
471.000,-445908477.412
472.000,-445908477.412
473.000,-445908477.412
474.000,-445908477.412
475.000,-445908477.412
476.000,-445908477.412
477.000,-445908477.412
478.000,-445908477.412
479.000,-445908477.412
480.000,-445908477.412
481.000,-445908477.412
482.000,-445908477.412
483.000,-445908477.412
484.000,-445908477.412
485.000,-445908477.412
486.000,-445908477.412
487.000,-445908477.412
488.000,-445908477.412
489.000,-445908477.412
490.000,-445908477.412
491.000,-445908477.412
492.000,-445908477.412
493.000,-445908477.412
494.000,-445908477.412
495.000,-445908556.536
496.000,-445908477.412
497.000,-445908477.412
498.000,-445908477.412
499.000,-445908477.412
500.000,-445908477.412
501.000,-445908477.412
502.000,-445908477.412
503.000,-445908556.536
504.000,-445908556.536
505.000,-445908477.412
506.000,-445908477.412
507.000,-445908477.412
508.000,-445908477.412
509.000,-445908477.412
510.000,-445908477.412
511.000,-445908556.536
512.000,-445908556.536
513.000,-445908556.536
514.000,-445908477.412
515.000,-445908477.412
516.000,-445908477.412
517.000,-445908477.412
518.000,-445908477.412
519.000,-445908556.536
520.000,-445908556.536
521.000,-445908556.536
522.000,-445908556.536
523.000,-445908477.412
524.000,-445908477.412
525.000,-445908477.412
526.000,-445908477.412
527.000,-445908556.536
528.000,-445908556.536
529.000,-445908556.536
530.000,-445908556.536
531.000,-445908477.412
532.000,-445908477.412
533.000,-445908477.412
534.000,-445908477.412
535.000,-445908556.536
536.000,-445908556.536
537.000,-445908556.536
538.000,-445908556.536
539.000,-445908556.536
540.000,-445908477.412
541.000,-445908477.412
542.000,-445908477.412
543.000,-445908556.536
544.000,-445908556.536
545.000,-445908556.536
546.000,-445908556.536
547.000,-445908556.536
548.000,-445908556.536
549.000,-445908477.412
550.000,-445908477.412
551.000,-445908556.536
552.000,-445908556.536
553.000,-445908556.536
554.000,-445908556.536
555.000,-445908556.536
556.000,-445908556.536
557.000,-445908477.412
558.000,-445908477.412
559.000,-445908556.536
560.000,-445908556.536
561.000,-445908556.536
562.000,-445908556.536
563.000,-445908556.536
564.000,-445908556.536
565.000,-445908556.536
566.000,-445908556.536
567.000,-445908556.536
568.000,-445908556.536
569.000,-445908556.536
570.000,-445908556.536
571.000,-445908556.536
572.000,-445908556.536
573.000,-445908556.536
574.000,-445908556.536
575.000,-445908556.536
576.000,-445908556.536
577.000,-445908556.536
578.000,-445908556.536
579.000,-445908556.536
580.000,-445908556.536
581.000,-445908556.536
582.000,-445908556.536
583.000,-445908556.536
584.000,-445908556.536
585.000,-445908556.536
586.000,-445908556.536
587.000,-445908635.660
588.000,-445908556.536
589.000,-445908556.536
590.000,-445908556.536
591.000,-445908556.536
592.000,-445908556.536
593.000,-445908556.536
594.000,-445908556.536
595.000,-445908635.660
596.000,-445908556.536
597.000,-445908556.536
598.000,-445908556.536
599.000,-445908556.536
600.000,-445908556.536
601.000,-445908556.536
602.000,-445908556.536
603.000,-445908635.660
604.000,-445908635.660
605.000,-445908556.536
606.000,-445908556.536
607.000,-445908556.536
608.000,-445908556.536
609.000,-445908556.536
610.000,-445908556.536
611.000,-445908556.536
612.000,-445908635.660
613.000,-445908635.660
614.000,-445908556.536
615.000,-445908556.536
616.000,-445908556.536
617.000,-445908556.536
618.000,-445908556.536
619.000,-445908556.536
620.000,-445908556.536
621.000,-445908635.660
622.000,-445908556.536
623.000,-445908556.536
624.000,-445908556.536
625.000,-445908556.536
626.000,-445908556.536
627.000,-445908556.536
628.000,-445908556.536
629.000,-445908556.536
630.000,-445908556.536
631.000,-445908556.536
632.000,-445908556.536
633.000,-445908556.536
634.000,-445908556.536
635.000,-445908556.536
636.000,-445908556.536
637.000,-445908556.536
638.000,-445908556.536
639.000,-445908556.536
640.000,-445908556.536
641.000,-445908556.536
642.000,-445908556.536
643.000,-445908556.536
644.000,-445908556.536
645.000,-445908556.536
646.000,-445908556.536
647.000,-445908556.536
648.000,-445908556.536
649.000,-445908556.536
650.000,-445908556.536
651.000,-445908556.536
652.000,-445908556.536
653.000,-445908635.660
654.000,-445908556.536
655.000,-445908556.536
656.000,-445908556.536
657.000,-445908556.536
658.000,-445908556.536
659.000,-445908556.536
660.000,-445908556.536
661.000,-445908635.660
662.000,-445908635.660
663.000,-445908556.536
664.000,-445908556.536
665.000,-445908556.536
666.000,-445908556.536
667.000,-445908556.536
668.000,-445908556.536
669.000,-445908635.660
670.000,-445908635.660
671.000,-445908556.536
672.000,-445908556.536
673.000,-445908556.536
674.000,-445908556.536
675.000,-445908556.536
676.000,-445908556.536
677.000,-445908556.536
678.000,-445908635.660
679.000,-445908635.660
680.000,-445908556.536
681.000,-445908556.536
682.000,-445908556.536
683.000,-445908556.536
684.000,-445908556.536
685.000,-445908556.536
686.000,-445908635.660
687.000,-445908635.660
688.000,-445908556.536
689.000,-445908556.536
690.000,-445908556.536
691.000,-445908556.536
692.000,-445908556.536
693.000,-445908556.536
694.000,-445908556.536
695.000,-445908635.660
696.000,-445908635.660
697.000,-445908556.536
698.000,-445908556.536
699.000,-445908556.536
700.000,-445908556.536
701.000,-445908556.536
702.000,-445908556.536
703.000,-445908635.660
704.000,-445908635.660
705.000,-445908556.536
706.000,-445908556.536
707.000,-445908556.536
708.000,-445908556.536
709.000,-445908556.536
710.000,-445908556.536
711.000,-445908556.536
712.000,-445908556.536
713.000,-445908556.536
714.000,-445908556.536
715.000,-445908556.536
716.000,-445908556.536
717.000,-445908556.536
718.000,-445908556.536
719.000,-445908556.536
720.000,-445908556.536
721.000,-445908556.536
722.000,-445908556.536
723.000,-445908556.536
724.000,-445908556.536
725.000,-445908556.536
726.000,-445908556.536
727.000,-445908556.536
728.000,-445908556.536
729.000,-445908556.536
730.000,-445908556.536
731.000,-445908556.536
732.000,-445908556.536
733.000,-445908556.536
734.000,-445908556.536
735.000,-445908556.536
736.000,-445908556.536
737.000,-445908556.536
738.000,-445908556.536
739.000,-445908556.536
740.000,-445908556.536
741.000,-445908556.536
742.000,-445908556.536
743.000,-445908556.536
744.000,-445908556.536
745.000,-445908556.536
746.000,-445908556.536
747.000,-445908556.536
748.000,-445908556.536
749.000,-445908556.536
750.000,-445908556.536
751.000,-445908556.536
752.000,-445908556.536
753.000,-445908556.536
754.000,-445908556.536
755.000,-445908556.536
756.000,-445908556.536
757.000,-445908477.412
758.000,-445908556.536
759.000,-445908556.536
760.000,-445908556.536
761.000,-445908556.536
762.000,-445908556.536
763.000,-445908556.536
764.000,-445908556.536
765.000,-445908477.412
766.000,-445908477.412
767.000,-445908556.536
768.000,-445908556.536
769.000,-445908556.536
770.000,-445908556.536
771.000,-445908556.536
772.000,-445908556.536
773.000,-445908477.412
774.000,-445908477.412
775.000,-445908477.412
776.000,-445908556.536
777.000,-445908556.536
778.000,-445908556.536
779.000,-445908556.536
780.000,-445908556.536
781.000,-445908477.412
782.000,-445908477.412
783.000,-445908477.412
784.000,-445908477.412
785.000,-445908556.536
786.000,-445908556.536
787.000,-445908556.536
788.000,-445908556.536
789.000,-445908477.412
790.000,-445908477.412
791.000,-445908477.412
792.000,-445908477.412
793.000,-445908477.412
794.000,-445908556.536
795.000,-445908556.536
796.000,-445908556.536
797.000,-445908477.412
798.000,-445908477.412
799.000,-445908477.412
800.000,-445908477.412
801.000,-445908477.412
802.000,-445908556.536
803.000,-445908556.536
804.000,-445908556.536
805.000,-445908477.412
806.000,-445908477.412
807.000,-445908477.412
808.000,-445908477.412
809.000,-445908477.412
810.000,-445908477.412
811.000,-445908556.536
812.000,-445908556.536
813.000,-445908477.412
814.000,-445908477.412
815.000,-445908477.412
816.000,-445908477.412
817.000,-445908477.412
818.000,-445908477.412
819.000,-445908477.412
820.000,-445908556.536
821.000,-445908477.412
822.000,-445908477.412
823.000,-445908477.412
824.000,-445908477.412
825.000,-445908477.412
826.000,-445908477.412
827.000,-445908477.412
828.000,-445908477.412
829.000,-445908477.412
830.000,-445908477.412
831.000,-445908477.412
832.000,-445908477.412
833.000,-445908477.412
834.000,-445908477.412
835.000,-445908477.412
836.000,-445908477.412
837.000,-445908477.412
838.000,-445908477.412
839.000,-445908477.412
840.000,-445908477.412
841.000,-445908477.412
842.000,-445908477.412
843.000,-445908477.412
844.000,-445908477.412
845.000,-445908477.412
846.000,-445908477.412
847.000,-445908477.412
848.000,-445908477.412
849.000,-445908477.412
850.000,-445908477.412
851.000,-445908477.412
852.000,-445908477.412
853.000,-445908477.412
854.000,-445908477.412
855.000,-445908477.412
856.000,-445908477.412
857.000,-445908398.288
858.000,-445908398.288
859.000,-445908477.412
860.000,-445908477.412
861.000,-445908477.412
862.000,-445908477.412
863.000,-445908477.412
864.000,-445908398.288
865.000,-445908398.288
866.000,-445908398.288
867.000,-445908398.288
868.000,-445908477.412
869.000,-445908477.412
870.000,-445908477.412
871.000,-445908477.412
872.000,-445908398.288
873.000,-445908398.288
874.000,-445908398.288
875.000,-445908398.288
876.000,-445908398.288
877.000,-445908477.412
878.000,-445908477.412
879.000,-445908477.412
880.000,-445908398.288
881.000,-445908398.288
882.000,-445908398.288
883.000,-445908398.288
884.000,-445908398.288
885.000,-445908398.288
886.000,-445908477.412
887.000,-445908477.412
888.000,-445908398.288
889.000,-445908398.288
890.000,-445908398.288
891.000,-445908398.288
892.000,-445908398.288
893.000,-445908398.288
894.000,-445908398.288
895.000,-445908398.288
896.000,-445908398.288
897.000,-445908398.288
898.000,-445908398.288
899.000,-445908398.288
900.000,-445908398.288
901.000,-445908398.288
902.000,-445908398.288
903.000,-445908398.288
904.000,-445908398.288
905.000,-445908398.288
906.000,-445908398.288
907.000,-445908398.288
908.000,-445908398.288
909.000,-445908398.288
910.000,-445908398.288
911.000,-445908398.288
912.000,-445908398.288
913.000,-445908398.288
914.000,-445908398.288
915.000,-445908398.288
916.000,-445908319.164
917.000,-445908398.288
918.000,-445908398.288
919.000,-445908398.288
920.000,-445908398.288
921.000,-445908398.288
922.000,-445908398.288
923.000,-445908319.164
924.000,-445908319.164
925.000,-445908319.164
926.000,-445908398.288
927.000,-445908398.288
928.000,-445908398.288
929.000,-445908398.288
930.000,-445908398.288
931.000,-445908319.164
932.000,-445908319.164
933.000,-445908319.164
934.000,-445908319.164
935.000,-445908398.288
936.000,-445908398.288
937.000,-445908398.288
938.000,-445908398.288
939.000,-445908319.164
940.000,-445908319.164
941.000,-445908319.164
942.000,-445908319.164
943.000,-445908319.164
944.000,-445908398.288
945.000,-445908398.288
946.000,-445908398.288
947.000,-445908319.164
948.000,-445908319.164
949.000,-445908319.164
950.000,-445908319.164
951.000,-445908319.164
952.000,-445908319.164
953.000,-445908319.164
954.000,-445908319.164
955.000,-445908319.164
956.000,-445908319.164
957.000,-445908319.164
958.000,-445908319.164
959.000,-445908319.164
960.000,-445908319.164
961.000,-445908319.164
962.000,-445908319.164
963.000,-445908319.164
964.000,-445908319.164
965.000,-445908319.164
966.000,-445908319.164
967.000,-445908319.164
968.000,-445908319.164
969.000,-445908319.164
970.000,-445908319.164
971.000,-445908319.164
972.000,-445908319.164
973.000,-445908319.164
974.000,-445908319.164
975.000,-445908319.164
976.000,-445908319.164
977.000,-445908319.164
978.000,-445908319.164
979.000,-445908319.164
980.000,-445908319.164
981.000,-445908319.164
982.000,-445908240.040
983.000,-445908240.040
984.000,-445908319.164
985.000,-445908319.164
986.000,-445908319.164
987.000,-445908319.164
988.000,-445908319.164
989.000,-445908319.164
990.000,-445908240.040
991.000,-445908240.040
992.000,-445908240.040
993.000,-445908319.164
994.000,-445908319.164
995.000,-445908319.164
996.000,-445908319.164
997.000,-445908319.164
998.000,-445908240.040
999.000,-445908240.040
1000.000,-445908240.040
1001.000,-445908240.040
1002.000,-445908319.164
1003.000,-445908319.164
1004.000,-445908319.164
1005.000,-445908319.164
1006.000,-445908240.040
1007.000,-445908240.040
1008.000,-445908240.040
1009.000,-445908240.040
1010.000,-445908319.164
1011.000,-445908319.164
1012.000,-445908319.164
1013.000,-445908319.164
1014.000,-445908240.040
1015.000,-445908240.040
1016.000,-445908240.040
1017.000,-445908240.040
1018.000,-445908240.040
1019.000,-445908319.164
1020.000,-445908319.164
1021.000,-445908319.164
1022.000,-445908240.040
1023.000,-445908240.040
1024.000,-445908240.040
1025.000,-445908240.040
1026.000,-445908240.040
1027.000,-445908240.040
1028.000,-445908240.040
1029.000,-445908240.040
1030.000,-445908240.040
1031.000,-445908240.040
1032.000,-445908240.040
1033.000,-445908240.040
1034.000,-445908240.040
1035.000,-445908240.040
1036.000,-445908240.040
1037.000,-445908240.040
1038.000,-445908240.040
1039.000,-445908240.040
1040.000,-445908240.040
1041.000,-445908240.040
1042.000,-445908240.040
1043.000,-445908240.040
1044.000,-445908240.040
1045.000,-445908240.040
1046.000,-445908240.040
1047.000,-445908240.040
1048.000,-445908240.040
1049.000,-445908240.040
1050.000,-445908240.040
1051.000,-445908240.040
1052.000,-445908240.040
1053.000,-445908240.040
1054.000,-445908240.040
1055.000,-445908240.040
1056.000,-445908240.040
1057.000,-445908240.040
1058.000,-445908240.040
1059.000,-445908240.040
1060.000,-445908240.040
1061.000,-445908240.040
1062.000,-445908240.040
1063.000,-445908240.040
1064.000,-445908240.040
1065.000,-445908240.040
1066.000,-445908160.916
1067.000,-445908240.040
1068.000,-445908240.040
1069.000,-445908240.040
1070.000,-445908240.040
1071.000,-445908240.040
1072.000,-445908240.040
1073.000,-445908240.040
1074.000,-445908160.916
1075.000,-445908160.916
1076.000,-445908240.040
1077.000,-445908240.040
1078.000,-445908240.040
1079.000,-445908240.040
1080.000,-445908240.040
1081.000,-445908240.040
1082.000,-445908160.916
1083.000,-445908160.916
1084.000,-445908240.040
1085.000,-445908240.040
1086.000,-445908240.040
1087.000,-445908240.040
1088.000,-445908240.040
1089.000,-445908240.040
1090.000,-445908160.916
1091.000,-445908160.916
1092.000,-445908160.916
1093.000,-445908240.040
1094.000,-445908240.040
1095.000,-445908240.040
1096.000,-445908240.040
1097.000,-445908240.040
1098.000,-445908160.916
1099.000,-445908160.916
1100.000,-445908160.916
1101.000,-445908240.040
1102.000,-445908240.040
1103.000,-445908240.040
1104.000,-445908240.040
1105.000,-445908240.040
1106.000,-445908240.040
1107.000,-445908160.916
1108.000,-445908160.916
1109.000,-445908160.916
1110.000,-445908240.040
1111.000,-445908240.040
1112.000,-445908240.040
1113.000,-445908240.040
1114.000,-445908240.040
1115.000,-445908160.916
1116.000,-445908160.916
1117.000,-445908160.916
1118.000,-445908240.040
1119.000,-445908240.040
1120.000,-445908240.040
1121.000,-445908240.040
1122.000,-445908240.040
1123.000,-445908160.916
1124.000,-445908160.916
1125.000,-445908160.916
1126.000,-445908160.916
1127.000,-445908240.040
1128.000,-445908240.040
1129.000,-445908240.040
1130.000,-445908240.040
1131.000,-445908160.916
1132.000,-445908160.916
1133.000,-445908160.916
1134.000,-445908160.916
1135.000,-445908240.040
1136.000,-445908240.040
1137.000,-445908240.040
1138.000,-445908240.040
1139.000,-445908160.916
1140.000,-445908160.916
1141.000,-445908160.916
1142.000,-445908160.916
1143.000,-445908240.040
1144.000,-445908240.040
1145.000,-445908240.040
1146.000,-445908240.040
1147.000,-445908240.040
1148.000,-445908160.916
1149.000,-445908160.916
1150.000,-445908160.916
1151.000,-445908240.040
1152.000,-445908240.040
1153.000,-445908240.040
1154.000,-445908240.040
1155.000,-445908240.040
1156.000,-445908160.916
1157.000,-445908160.916
1158.000,-445908160.916
1159.000,-445908160.916
1160.000,-445908240.040
1161.000,-445908240.040
1162.000,-445908240.040
1163.000,-445908240.040
1164.000,-445908160.916
1165.000,-445908160.916
1166.000,-445908160.916
1167.000,-445908160.916
1168.000,-445908240.040
1169.000,-445908240.040
1170.000,-445908240.040
1171.000,-445908240.040
1172.000,-445908240.040
1173.000,-445908160.916
1174.000,-445908160.916
1175.000,-445908160.916
1176.000,-445908160.916
1177.000,-445908240.040
1178.000,-445908240.040
1179.000,-445908240.040
1180.000,-445908240.040
1181.000,-445908160.916
1182.000,-445908160.916
1183.000,-445908160.916
1184.000,-445908160.916
1185.000,-445908240.040
1186.000,-445908240.040
1187.000,-445908240.040
1188.000,-445908240.040
1189.000,-445908240.040
1190.000,-445908160.916
1191.000,-445908160.916
1192.000,-445908160.916
1193.000,-445908160.916
1194.000,-445908240.040
1195.000,-445908240.040
1196.000,-445908240.040
1197.000,-445908240.040
1198.000,-445908240.040
1199.000,-445908160.916
1200.000,-445908160.916
1201.000,-445908160.916
1202.000,-445908240.040
1203.000,-445908240.040
1204.000,-445908240.040
1205.000,-445908240.040
1206.000,-445908240.040
1207.000,-445908160.916
1208.000,-445908160.916
1209.000,-445908160.916
1210.000,-445908240.040
1211.000,-445908240.040
1212.000,-445908240.040
1213.000,-445908240.040
1214.000,-445908240.040
1215.000,-445908240.040
1216.000,-445908160.916
1217.000,-445908240.040
1218.000,-445908240.040
1219.000,-445908240.040
1220.000,-445908240.040
1221.000,-445908240.040
1222.000,-445908240.040
1223.000,-445908240.040
1224.000,-445908160.916
1225.000,-445908240.040
1226.000,-445908240.040
1227.000,-445908240.040
1228.000,-445908240.040
1229.000,-445908240.040
1230.000,-445908240.040
1231.000,-445908240.040
1232.000,-445908160.916
1233.000,-445908160.916
1234.000,-445908240.040
1235.000,-445908240.040
1236.000,-445908240.040
1237.000,-445908240.040
1238.000,-445908240.040
1239.000,-445908240.040
1240.000,-445908240.040
1241.000,-445908240.040
1242.000,-445908240.040
1243.000,-445908240.040
1244.000,-445908240.040
1245.000,-445908240.040
1246.000,-445908240.040
1247.000,-445908240.040
1248.000,-445908240.040
1249.000,-445908240.040
1250.000,-445908240.040
1251.000,-445908240.040
1252.000,-445908240.040
1253.000,-445908240.040
1254.000,-445908240.040
1255.000,-445908240.040
1256.000,-445908240.040
1257.000,-445908240.040
1258.000,-445908240.040
1259.000,-445908240.040
1260.000,-445908240.040
1261.000,-445908240.040
1262.000,-445908240.040
1263.000,-445908240.040
1264.000,-445908240.040
1265.000,-445908240.040
1266.000,-445908240.040
1267.000,-445908240.040
1268.000,-445908240.040
1269.000,-445908240.040
1270.000,-445908240.040
1271.000,-445908240.040
1272.000,-445908240.040
1273.000,-445908240.040
1274.000,-445908240.040
1275.000,-445908240.040
1276.000,-445908240.040
1277.000,-445908240.040
1278.000,-445908240.040
1279.000,-445908240.040
1280.000,-445908240.040
1281.000,-445908240.040
1282.000,-445908240.040
1283.000,-445908240.040
1284.000,-445908240.040
1285.000,-445908240.040
1286.000,-445908240.040
1287.000,-445908319.164
1288.000,-445908240.040
1289.000,-445908240.040
1290.000,-445908240.040
1291.000,-445908240.040
1292.000,-445908240.040
1293.000,-445908240.040
1294.000,-445908240.040
1295.000,-445908319.164
1296.000,-445908319.164
1297.000,-445908240.040
1298.000,-445908240.040
1299.000,-445908240.040
1300.000,-445908240.040
1301.000,-445908240.040
1302.000,-445908319.164
1303.000,-445908319.164
1304.000,-445908319.164
1305.000,-445908319.164
1306.000,-445908240.040
1307.000,-445908240.040
1308.000,-445908240.040
1309.000,-445908240.040
1310.000,-445908319.164
1311.000,-445908319.164
1312.000,-445908319.164
1313.000,-445908319.164
1314.000,-445908319.164
1315.000,-445908240.040
1316.000,-445908240.040
1317.000,-445908240.040
1318.000,-445908319.164
1319.000,-445908319.164
1320.000,-445908319.164
1321.000,-445908319.164
1322.000,-445908319.164
1323.000,-445908319.164
1324.000,-445908240.040
1325.000,-445908319.164
1326.000,-445908319.164
1327.000,-445908319.164
1328.000,-445908319.164
1329.000,-445908319.164
1330.000,-445908319.164
1331.000,-445908319.164
1332.000,-445908319.164
1333.000,-445908319.164
1334.000,-445908319.164
1335.000,-445908319.164
1336.000,-445908319.164
1337.000,-445908319.164
1338.000,-445908319.164
1339.000,-445908319.164
1340.000,-445908319.164
1341.000,-445908319.164
1342.000,-445908319.164
1343.000,-445908319.164
1344.000,-445908319.164
1345.000,-445908319.164
1346.000,-445908319.164
1347.000,-445908319.164
1348.000,-445908319.164
1349.000,-445908319.164
1350.000,-445908319.164
1351.000,-445908319.164
1352.000,-445908319.164
1353.000,-445908319.164
1354.000,-445908319.164
1355.000,-445908319.164
1356.000,-445908319.164
1357.000,-445908319.164
1358.000,-445908319.164
1359.000,-445908319.164
1360.000,-445908319.164
1361.000,-445908319.164
1362.000,-445908398.288
1363.000,-445908398.288
1364.000,-445908319.164
1365.000,-445908319.164
1366.000,-445908319.164
1367.000,-445908319.164
1368.000,-445908319.164
1369.000,-445908319.164
1370.000,-445908398.288
1371.000,-445908398.288
1372.000,-445908319.164
1373.000,-445908319.164
1374.000,-445908319.164
1375.000,-445908319.164
1376.000,-445908319.164
1377.000,-445908398.288
1378.000,-445908398.288
1379.000,-445908398.288
1380.000,-445908398.288
1381.000,-445908319.164
1382.000,-445908319.164
1383.000,-445908319.164
1384.000,-445908319.164
1385.000,-445908398.288
1386.000,-445908398.288
1387.000,-445908398.288
1388.000,-445908398.288
1389.000,-445908319.164
1390.000,-445908319.164
1391.000,-445908319.164
1392.000,-445908319.164
1393.000,-445908398.288
1394.000,-445908398.288
1395.000,-445908398.288
1396.000,-445908398.288
1397.000,-445908398.288
1398.000,-445908319.164
1399.000,-445908319.164
1400.000,-445908319.164
1401.000,-445908398.288
1402.000,-445908398.288
1403.000,-445908398.288
1404.000,-445908398.288
1405.000,-445908398.288
1406.000,-445908398.288
1407.000,-445908319.164
1408.000,-445908398.288
1409.000,-445908398.288
1410.000,-445908398.288
1411.000,-445908398.288
1412.000,-445908398.288
1413.000,-445908398.288
1414.000,-445908398.288
1415.000,-445908398.288
1416.000,-445908398.288
1417.000,-445908398.288
1418.000,-445908398.288
1419.000,-445908398.288
1420.000,-445908477.412
1421.000,-445908398.288
1422.000,-445908398.288
1423.000,-445908398.288
1424.000,-445908398.288
1425.000,-445908398.288
1426.000,-445908398.288
1427.000,-445908398.288
1428.000,-445908477.412
1429.000,-445908477.412
1430.000,-445908398.288
1431.000,-445908398.288
1432.000,-445908398.288
1433.000,-445908398.288
1434.000,-445908398.288
1435.000,-445908398.288
1436.000,-445908477.412
1437.000,-445908477.412
1438.000,-445908477.412
1439.000,-445908398.288
1440.000,-445908398.288
1441.000,-445908398.288
1442.000,-445908398.288
1443.000,-445908398.288
1444.000,-445908477.412
1445.000,-445908477.412
1446.000,-445908477.412
1447.000,-445908477.412
1448.000,-445908398.288
1449.000,-445908398.288
1450.000,-445908398.288
1451.000,-445908398.288
1452.000,-445908477.412
1453.000,-445908477.412
1454.000,-445908477.412
1455.000,-445908477.412
1456.000,-445908477.412
1457.000,-445908398.288
1458.000,-445908398.288
1459.000,-445908398.288
1460.000,-445908477.412
1461.000,-445908477.412
1462.000,-445908477.412
1463.000,-445908477.412
1464.000,-445908477.412
1465.000,-445908398.288
1466.000,-445908398.288
1467.000,-445908398.288
1468.000,-445908477.412
1469.000,-445908477.412
1470.000,-445908477.412
1471.000,-445908477.412
1472.000,-445908477.412
1473.000,-445908477.412
1474.000,-445908477.412
1475.000,-445908477.412
1476.000,-445908477.412
1477.000,-445908477.412
1478.000,-445908477.412
1479.000,-445908477.412
1480.000,-445908477.412
1481.000,-445908477.412
1482.000,-445908477.412
1483.000,-445908477.412
1484.000,-445908477.412
1485.000,-445908477.412
1486.000,-445908477.412
1487.000,-445908477.412
1488.000,-445908477.412
1489.000,-445908477.412
1490.000,-445908477.412
1491.000,-445908477.412
1492.000,-445908477.412
1493.000,-445908477.412
1494.000,-445908477.412
1495.000,-445908477.412
1496.000,-445908477.412
1497.000,-445908477.412
1498.000,-445908477.412
1499.000,-445908477.412
1500.000,-445908477.412
1501.000,-445908477.412
1502.000,-445908477.412
1503.000,-445908556.536
1504.000,-445908477.412
1505.000,-445908477.412
1506.000,-445908477.412
1507.000,-445908477.412
1508.000,-445908477.412
1509.000,-445908477.412
1510.000,-445908477.412
1511.000,-445908556.536
1512.000,-445908556.536
1513.000,-445908556.536
1514.000,-445908477.412
1515.000,-445908477.412
1516.000,-445908477.412
1517.000,-445908477.412
1518.000,-445908477.412
1519.000,-445908556.536
1520.000,-445908556.536
1521.000,-445908556.536
1522.000,-445908477.412
1523.000,-445908477.412
1524.000,-445908477.412
1525.000,-445908477.412
1526.000,-445908477.412
1527.000,-445908556.536
1528.000,-445908556.536
1529.000,-445908556.536
1530.000,-445908556.536
1531.000,-445908477.412
1532.000,-445908477.412
1533.000,-445908477.412
1534.000,-445908477.412
1535.000,-445908556.536
1536.000,-445908556.536
1537.000,-445908556.536
1538.000,-445908556.536
1539.000,-445908556.536
1540.000,-445908477.412
1541.000,-445908477.412
1542.000,-445908477.412
1543.000,-445908556.536
1544.000,-445908556.536
1545.000,-445908556.536
1546.000,-445908556.536
1547.000,-445908556.536
1548.000,-445908556.536
1549.000,-445908477.412
1550.000,-445908477.412
1551.000,-445908477.412
1552.000,-445908556.536
1553.000,-445908556.536
1554.000,-445908556.536
1555.000,-445908556.536
1556.000,-445908556.536
1557.000,-445908556.536
1558.000,-445908477.412
1559.000,-445908477.412
1560.000,-445908556.536
1561.000,-445908556.536
1562.000,-445908556.536
1563.000,-445908556.536
1564.000,-445908556.536
1565.000,-445908556.536
1566.000,-445908556.536
1567.000,-445908556.536
1568.000,-445908556.536
1569.000,-445908556.536
1570.000,-445908556.536
1571.000,-445908556.536
1572.000,-445908556.536
1573.000,-445908556.536
1574.000,-445908556.536
1575.000,-445908556.536
1576.000,-445908556.536
1577.000,-445908556.536
1578.000,-445908556.536
1579.000,-445908556.536
1580.000,-445908556.536
1581.000,-445908556.536
1582.000,-445908556.536
1583.000,-445908556.536
1584.000,-445908556.536
1585.000,-445908556.536
1586.000,-445908556.536
1587.000,-445908556.536
1588.000,-445908556.536
1589.000,-445908556.536
1590.000,-445908556.536
1591.000,-445908556.536
1592.000,-445908556.536
1593.000,-445908556.536
1594.000,-445908556.536
1595.000,-445908556.536
1596.000,-445908556.536
1597.000,-445908556.536
1598.000,-445908556.536
1599.000,-445908556.536
1600.000,-445908556.536
1601.000,-445908556.536
1602.000,-445908556.536
1603.000,-445908556.536
1604.000,-445908556.536
1605.000,-445908556.536
1606.000,-445908556.536
1607.000,-445908556.536
1608.000,-445908556.536
1609.000,-445908556.536
1610.000,-445908556.536
1611.000,-445908556.536
1612.000,-445908556.536
1613.000,-445908556.536
1614.000,-445908556.536
1615.000,-445908556.536
1616.000,-445908556.536
1617.000,-445908556.536
1618.000,-445908556.536
1619.000,-445908556.536
1620.000,-445908556.536
1621.000,-445908556.536
1622.000,-445908556.536
1623.000,-445908556.536
1624.000,-445908556.536
1625.000,-445908556.536
1626.000,-445908556.536
1627.000,-445908556.536
1628.000,-445908556.536
1629.000,-445908556.536
1630.000,-445908556.536
1631.000,-445908556.536
1632.000,-445908556.536
1633.000,-445908556.536
1634.000,-445908556.536
1635.000,-445908556.536
1636.000,-445908635.660
1637.000,-445908635.660
1638.000,-445908556.536
1639.000,-445908556.536
1640.000,-445908556.536
1641.000,-445908556.536
1642.000,-445908556.536
1643.000,-445908556.536
1644.000,-445908556.536
1645.000,-445908635.660
1646.000,-445908635.660
1647.000,-445908556.536
1648.000,-445908556.536
1649.000,-445908556.536
1650.000,-445908556.536
1651.000,-445908556.536
1652.000,-445908556.536
1653.000,-445908635.660
1654.000,-445908635.660
1655.000,-445908556.536
1656.000,-445908556.536
1657.000,-445908556.536
1658.000,-445908556.536
1659.000,-445908556.536
1660.000,-445908556.536
1661.000,-445908556.536
1662.000,-445908635.660
1663.000,-445908635.660
1664.000,-445908556.536
1665.000,-445908556.536
1666.000,-445908556.536
1667.000,-445908556.536
1668.000,-445908556.536
1669.000,-445908556.536
1670.000,-445908635.660
1671.000,-445908635.660
1672.000,-445908556.536
1673.000,-445908556.536
1674.000,-445908556.536
1675.000,-445908556.536
1676.000,-445908556.536
1677.000,-445908556.536
1678.000,-445908556.536
1679.000,-445908635.660
1680.000,-445908556.536
1681.000,-445908556.536
1682.000,-445908556.536
1683.000,-445908556.536
1684.000,-445908556.536
1685.000,-445908556.536
1686.000,-445908556.536
1687.000,-445908556.536
1688.000,-445908556.536
1689.000,-445908556.536
1690.000,-445908556.536
1691.000,-445908556.536
1692.000,-445908556.536
1693.000,-445908556.536
1694.000,-445908556.536
1695.000,-445908556.536
1696.000,-445908556.536
1697.000,-445908556.536
1698.000,-445908556.536
1699.000,-445908556.536
1700.000,-445908556.536
1701.000,-445908556.536
1702.000,-445908556.536
1703.000,-445908556.536
1704.000,-445908556.536
1705.000,-445908556.536
1706.000,-445908556.536
1707.000,-445908556.536
1708.000,-445908556.536
1709.000,-445908556.536
1710.000,-445908556.536
1711.000,-445908556.536
1712.000,-445908556.536
1713.000,-445908556.536
1714.000,-445908556.536
1715.000,-445908556.536
1716.000,-445908556.536
1717.000,-445908556.536
1718.000,-445908556.536
1719.000,-445908556.536
1720.000,-445908556.536
1721.000,-445908556.536
1722.000,-445908556.536
1723.000,-445908556.536
1724.000,-445908556.536
1725.000,-445908556.536
1726.000,-445908556.536
1727.000,-445908556.536
1728.000,-445908556.536
1729.000,-445908556.536
1730.000,-445908556.536
1731.000,-445908556.536
1732.000,-445908556.536
1733.000,-445908556.536
1734.000,-445908556.536
1735.000,-445908556.536
1736.000,-445908556.536
1737.000,-445908556.536
1738.000,-445908556.536
1739.000,-445908556.536
1740.000,-445908556.536
1741.000,-445908556.536
1742.000,-445908556.536
1743.000,-445908556.536
1744.000,-445908556.536
1745.000,-445908556.536
1746.000,-445908556.536
1747.000,-445908556.536
1748.000,-445908556.536
1749.000,-445908477.412
1750.000,-445908556.536
1751.000,-445908556.536
1752.000,-445908556.536
1753.000,-445908556.536
1754.000,-445908556.536
1755.000,-445908556.536
1756.000,-445908556.536
1757.000,-445908477.412
1758.000,-445908477.412
1759.000,-445908477.412
1760.000,-445908556.536
1761.000,-445908556.536
1762.000,-445908556.536
1763.000,-445908556.536
1764.000,-445908556.536
1765.000,-445908477.412
1766.000,-445908477.412
1767.000,-445908477.412
1768.000,-445908556.536
1769.000,-445908556.536
1770.000,-445908556.536
1771.000,-445908556.536
1772.000,-445908556.536
1773.000,-445908477.412
1774.000,-445908477.412
1775.000,-445908477.412
1776.000,-445908477.412
1777.000,-445908556.536
1778.000,-445908556.536
1779.000,-445908556.536
1780.000,-445908556.536
1781.000,-445908556.536
1782.000,-445908477.412
1783.000,-445908477.412
1784.000,-445908477.412
1785.000,-445908477.412
1786.000,-445908556.536
1787.000,-445908556.536
1788.000,-445908556.536
1789.000,-445908477.412
1790.000,-445908477.412
1791.000,-445908477.412
1792.000,-445908477.412
1793.000,-445908477.412
1794.000,-445908477.412
1795.000,-445908556.536
1796.000,-445908556.536
1797.000,-445908477.412
1798.000,-445908477.412
1799.000,-445908477.412
1800.000,-445908477.412
1801.000,-445908477.412
1802.000,-445908477.412
1803.000,-445908556.536
1804.000,-445908556.536
1805.000,-445908477.412
1806.000,-445908477.412
1807.000,-445908477.412
1808.000,-445908477.412
1809.000,-445908477.412
1810.000,-445908477.412
1811.000,-445908556.536
1812.000,-445908477.412
1813.000,-445908477.412
1814.000,-445908477.412
1815.000,-445908477.412
1816.000,-445908477.412
1817.000,-445908477.412
1818.000,-445908477.412
1819.000,-445908477.412
1820.000,-445908477.412
1821.000,-445908477.412
1822.000,-445908477.412
1823.000,-445908477.412
1824.000,-445908477.412
1825.000,-445908477.412
1826.000,-445908477.412
1827.000,-445908477.412
1828.000,-445908477.412
1829.000,-445908477.412
1830.000,-445908477.412
1831.000,-445908477.412
1832.000,-445908477.412
1833.000,-445908398.288
1834.000,-445908477.412
1835.000,-445908477.412
1836.000,-445908477.412
1837.000,-445908477.412
1838.000,-445908477.412
1839.000,-445908477.412
1840.000,-445908477.412
1841.000,-445908398.288
1842.000,-445908477.412
1843.000,-445908477.412
1844.000,-445908477.412
1845.000,-445908477.412
1846.000,-445908477.412
1847.000,-445908477.412
1848.000,-445908398.288
1849.000,-445908398.288
1850.000,-445908398.288
1851.000,-445908477.412
1852.000,-445908477.412
1853.000,-445908477.412
1854.000,-445908477.412
1855.000,-445908477.412
1856.000,-445908398.288
1857.000,-445908398.288
1858.000,-445908398.288
1859.000,-445908398.288
1860.000,-445908477.412
1861.000,-445908477.412
1862.000,-445908477.412
1863.000,-445908477.412
1864.000,-445908398.288
1865.000,-445908398.288
1866.000,-445908398.288
1867.000,-445908398.288
1868.000,-445908398.288
1869.000,-445908477.412
1870.000,-445908477.412
1871.000,-445908477.412
1872.000,-445908398.288
1873.000,-445908398.288
1874.000,-445908398.288
1875.000,-445908398.288
1876.000,-445908398.288
1877.000,-445908398.288
1878.000,-445908477.412
1879.000,-445908477.412
1880.000,-445908398.288
1881.000,-445908398.288
1882.000,-445908398.288
1883.000,-445908398.288
1884.000,-445908398.288
1885.000,-445908398.288
1886.000,-445908398.288
1887.000,-445908477.412
1888.000,-445908398.288
1889.000,-445908398.288
1890.000,-445908398.288
1891.000,-445908398.288
1892.000,-445908398.288
1893.000,-445908398.288
1894.000,-445908398.288
1895.000,-445908398.288
1896.000,-445908398.288
1897.000,-445908398.288
1898.000,-445908398.288
1899.000,-445908398.288
1900.000,-445908398.288
1901.000,-445908398.288
1902.000,-445908398.288
1903.000,-445908398.288
1904.000,-445908398.288
1905.000,-445908398.288
1906.000,-445908398.288
1907.000,-445908398.288
1908.000,-445908398.288
1909.000,-445908398.288
1910.000,-445908398.288
1911.000,-445908398.288
1912.000,-445908398.288
1913.000,-445908398.288
1914.000,-445908398.288
1915.000,-445908319.164
1916.000,-445908319.164
1917.000,-445908398.288
1918.000,-445908398.288
1919.000,-445908398.288
1920.000,-445908398.288
1921.000,-445908398.288
1922.000,-445908398.288
1923.000,-445908319.164
1924.000,-445908319.164
1925.000,-445908319.164
1926.000,-445908398.288
1927.000,-445908398.288
1928.000,-445908398.288
1929.000,-445908398.288
1930.000,-445908398.288
1931.000,-445908319.164
1932.000,-445908319.164
1933.000,-445908319.164
1934.000,-445908319.164
1935.000,-445908398.288
1936.000,-445908398.288
1937.000,-445908398.288
1938.000,-445908398.288
1939.000,-445908319.164
1940.000,-445908319.164
1941.000,-445908319.164
1942.000,-445908319.164
1943.000,-445908319.164
1944.000,-445908398.288
1945.000,-445908398.288
1946.000,-445908398.288
1947.000,-445908319.164
1948.000,-445908319.164
1949.000,-445908319.164
1950.000,-445908319.164
1951.000,-445908319.164
1952.000,-445908319.164
1953.000,-445908398.288
1954.000,-445908398.288
1955.000,-445908319.164
1956.000,-445908319.164
1957.000,-445908319.164
1958.000,-445908319.164
1959.000,-445908319.164
1960.000,-445908319.164
1961.000,-445908319.164
1962.000,-445908398.288
1963.000,-445908319.164
1964.000,-445908319.164
1965.000,-445908319.164
1966.000,-445908319.164
1967.000,-445908319.164
1968.000,-445908319.164
1969.000,-445908319.164
1970.000,-445908319.164
1971.000,-445908319.164
1972.000,-445908319.164
1973.000,-445908319.164
1974.000,-445908319.164
1975.000,-445908319.164
1976.000,-445908319.164
1977.000,-445908319.164
1978.000,-445908319.164
1979.000,-445908319.164
1980.000,-445908319.164
1981.000,-445908319.164
1982.000,-445908240.040
1983.000,-445908240.040
1984.000,-445908319.164
1985.000,-445908319.164
1986.000,-445908319.164
1987.000,-445908319.164
1988.000,-445908319.164
1989.000,-445908319.164
1990.000,-445908319.164
1991.000,-445908240.040
1992.000,-445908240.040
1993.000,-445908319.164
1994.000,-445908319.164
1995.000,-445908319.164
1996.000,-445908319.164
1997.000,-445908319.164
1998.000,-445908240.040
1999.000,-445908240.040
2000.000,-445908240.040
2001.000,-445908240.040
2002.000,-445908319.164
2003.000,-445908319.164
2004.000,-445908319.164
2005.000,-445908319.164
2006.000,-445908240.040
2007.000,-445908240.040
2008.000,-445908240.040
2009.000,-445908240.040
2010.000,-445908319.164
2011.000,-445908319.164
2012.000,-445908319.164
2013.000,-445908319.164
2014.000,-445908240.040
2015.000,-445908240.040
2016.000,-445908240.040
2017.000,-445908240.040
2018.000,-445908240.040
2019.000,-445908319.164
2020.000,-445908319.164
2021.000,-445908319.164
2022.000,-445908240.040
2023.000,-445908240.040
2024.000,-445908240.040
2025.000,-445908240.040
2026.000,-445908240.040
2027.000,-445908240.040
2028.000,-445908319.164
2029.000,-445908319.164
2030.000,-445908240.040
2031.000,-445908240.040
2032.000,-445908240.040
2033.000,-445908240.040
2034.000,-445908240.040
2035.000,-445908240.040
2036.000,-445908240.040
2037.000,-445908319.164
2038.000,-445908240.040
2039.000,-445908240.040
2040.000,-445908240.040
2041.000,-445908240.040
2042.000,-445908240.040
2043.000,-445908240.040
2044.000,-445908240.040
2045.000,-445908240.040
2046.000,-445908240.040
2047.000,-445908240.040
2048.000,-445908240.040
2049.000,-445908240.040
2050.000,-445908240.040
2051.000,-445908240.040
2052.000,-445908240.040
2053.000,-445908240.040
2054.000,-445908240.040
2055.000,-445908240.040
2056.000,-445908240.040
2057.000,-445908240.040
2058.000,-445908160.916
2059.000,-445908240.040
2060.000,-445908240.040
2061.000,-445908240.040
2062.000,-445908240.040
2063.000,-445908240.040
2064.000,-445908240.040
2065.000,-445908240.040
2066.000,-445908160.916
2067.000,-445908240.040
2068.000,-445908240.040
2069.000,-445908240.040
2070.000,-445908240.040
2071.000,-445908240.040
2072.000,-445908240.040
2073.000,-445908240.040
2074.000,-445908160.916
2075.000,-445908160.916
2076.000,-445908240.040
2077.000,-445908240.040
2078.000,-445908240.040
2079.000,-445908240.040
2080.000,-445908240.040
2081.000,-445908240.040
2082.000,-445908160.916
2083.000,-445908160.916
2084.000,-445908160.916
2085.000,-445908240.040
2086.000,-445908240.040
2087.000,-445908240.040
2088.000,-445908240.040
2089.000,-445908240.040
2090.000,-445908160.916
2091.000,-445908160.916
2092.000,-445908160.916
2093.000,-445908240.040
2094.000,-445908240.040
2095.000,-445908240.040
2096.000,-445908240.040
2097.000,-445908240.040
2098.000,-445908160.916
2099.000,-445908160.916
2100.000,-445908160.916
2101.000,-445908160.916
2102.000,-445908240.040
2103.000,-445908240.040
2104.000,-445908240.040
2105.000,-445908240.040
2106.000,-445908160.916
2107.000,-445908160.916
2108.000,-445908160.916
2109.000,-445908160.916
2110.000,-445908240.040
2111.000,-445908240.040
2112.000,-445908240.040
2113.000,-445908240.040
2114.000,-445908240.040
2115.000,-445908160.916
2116.000,-445908160.916
2117.000,-445908160.916
2118.000,-445908240.040
2119.000,-445908240.040
2120.000,-445908240.040
2121.000,-445908240.040
2122.000,-445908240.040
2123.000,-445908160.916
2124.000,-445908160.916
2125.000,-445908160.916
2126.000,-445908160.916
2127.000,-445908240.040
2128.000,-445908240.040
2129.000,-445908240.040
2130.000,-445908240.040
2131.000,-445908240.040
2132.000,-445908160.916
2133.000,-445908160.916
2134.000,-445908160.916
2135.000,-445908240.040
2136.000,-445908240.040
2137.000,-445908240.040
2138.000,-445908240.040
2139.000,-445908240.040
2140.000,-445908160.916
2141.000,-445908160.916
2142.000,-445908160.916
2143.000,-445908160.916
2144.000,-445908240.040
2145.000,-445908240.040
2146.000,-445908240.040
2147.000,-445908240.040
2148.000,-445908160.916
2149.000,-445908160.916
2150.000,-445908160.916
2151.000,-445908160.916
2152.000,-445908240.040
2153.000,-445908240.040
2154.000,-445908240.040
2155.000,-445908240.040
2156.000,-445908160.916
2157.000,-445908160.916
2158.000,-445908160.916
2159.000,-445908160.916
2160.000,-445908240.040
2161.000,-445908240.040
2162.000,-445908240.040
2163.000,-445908240.040
2164.000,-445908160.916
2165.000,-445908160.916
2166.000,-445908160.916
2167.000,-445908160.916
2168.000,-445908160.916
2169.000,-445908240.040
2170.000,-445908240.040
2171.000,-445908240.040
2172.000,-445908240.040
2173.000,-445908160.916
2174.000,-445908160.916
2175.000,-445908160.916
2176.000,-445908160.916
2177.000,-445908240.040
2178.000,-445908240.040
2179.000,-445908240.040
2180.000,-445908240.040
2181.000,-445908160.916
2182.000,-445908160.916
2183.000,-445908160.916
2184.000,-445908160.916
2185.000,-445908240.040
2186.000,-445908240.040
2187.000,-445908240.040
2188.000,-445908240.040
2189.000,-445908240.040
2190.000,-445908160.916
2191.000,-445908160.916
2192.000,-445908160.916
2193.000,-445908160.916
2194.000,-445908240.040
2195.000,-445908240.040
2196.000,-445908240.040
2197.000,-445908240.040
2198.000,-445908240.040
2199.000,-445908160.916
2200.000,-445908160.916
2201.000,-445908160.916
2202.000,-445908240.040
2203.000,-445908240.040
2204.000,-445908240.040
2205.000,-445908240.040
2206.000,-445908240.040
2207.000,-445908160.916
2208.000,-445908160.916
2209.000,-445908160.916
2210.000,-445908240.040
2211.000,-445908240.040
2212.000,-445908240.040
2213.000,-445908240.040
2214.000,-445908240.040
2215.000,-445908240.040
2216.000,-445908160.916
2217.000,-445908160.916
2218.000,-445908240.040
2219.000,-445908240.040
2220.000,-445908240.040
2221.000,-445908240.040
2222.000,-445908240.040
2223.000,-445908240.040
2224.000,-445908160.916
2225.000,-445908160.916
2226.000,-445908240.040
2227.000,-445908240.040
2228.000,-445908240.040
2229.000,-445908240.040
2230.000,-445908240.040
2231.000,-445908240.040
2232.000,-445908160.916
2233.000,-445908240.040
2234.000,-445908240.040
2235.000,-445908240.040
2236.000,-445908240.040
2237.000,-445908240.040
2238.000,-445908240.040
2239.000,-445908240.040
2240.000,-445908240.040
2241.000,-445908160.916
2242.000,-445908240.040
2243.000,-445908240.040
2244.000,-445908240.040
2245.000,-445908240.040
2246.000,-445908240.040
2247.000,-445908240.040
2248.000,-445908240.040
2249.000,-445908240.040
2250.000,-445908240.040
2251.000,-445908240.040
2252.000,-445908240.040
2253.000,-445908240.040
2254.000,-445908240.040
2255.000,-445908240.040
2256.000,-445908240.040
2257.000,-445908240.040
2258.000,-445908240.040
2259.000,-445908240.040
2260.000,-445908240.040
2261.000,-445908240.040
2262.000,-445908240.040
2263.000,-445908240.040
2264.000,-445908240.040
2265.000,-445908240.040
2266.000,-445908240.040
2267.000,-445908240.040
2268.000,-445908240.040
2269.000,-445908240.040
2270.000,-445908240.040
2271.000,-445908240.040
2272.000,-445908240.040
2273.000,-445908240.040
2274.000,-445908240.040
2275.000,-445908240.040
2276.000,-445908240.040
2277.000,-445908240.040
2278.000,-445908240.040
2279.000,-445908240.040
2280.000,-445908240.040
2281.000,-445908240.040
2282.000,-445908240.040
2283.000,-445908240.040
2284.000,-445908240.040
2285.000,-445908240.040
2286.000,-445908240.040
2287.000,-445908319.164
2288.000,-445908319.164
2289.000,-445908240.040
2290.000,-445908240.040
2291.000,-445908240.040
2292.000,-445908240.040
2293.000,-445908240.040
2294.000,-445908319.164
2295.000,-445908319.164
2296.000,-445908319.164
2297.000,-445908240.040
2298.000,-445908240.040
2299.000,-445908240.040
2300.000,-445908240.040
2301.000,-445908240.040
2302.000,-445908319.164
2303.000,-445908319.164
2304.000,-445908319.164
2305.000,-445908319.164
2306.000,-445908240.040
2307.000,-445908240.040
2308.000,-445908240.040
2309.000,-445908240.040
2310.000,-445908319.164
2311.000,-445908319.164
2312.000,-445908319.164
2313.000,-445908319.164
2314.000,-445908319.164
2315.000,-445908240.040
2316.000,-445908240.040
2317.000,-445908240.040
2318.000,-445908319.164
2319.000,-445908319.164
2320.000,-445908319.164
2321.000,-445908319.164
2322.000,-445908319.164
2323.000,-445908319.164
2324.000,-445908240.040
2325.000,-445908240.040
2326.000,-445908319.164
2327.000,-445908319.164
2328.000,-445908319.164
2329.000,-445908319.164
2330.000,-445908319.164
2331.000,-445908319.164
2332.000,-445908319.164
2333.000,-445908319.164
2334.000,-445908319.164
2335.000,-445908319.164
2336.000,-445908319.164
2337.000,-445908319.164
2338.000,-445908319.164
2339.000,-445908319.164
2340.000,-445908319.164
2341.000,-445908319.164
2342.000,-445908319.164
2343.000,-445908319.164
2344.000,-445908319.164
2345.000,-445908319.164
2346.000,-445908319.164
2347.000,-445908319.164
2348.000,-445908319.164
2349.000,-445908319.164
2350.000,-445908319.164
2351.000,-445908319.164
2352.000,-445908319.164
2353.000,-445908319.164
2354.000,-445908319.164
2355.000,-445908319.164
2356.000,-445908319.164
2357.000,-445908319.164
2358.000,-445908319.164
2359.000,-445908319.164
2360.000,-445908319.164
2361.000,-445908398.288
2362.000,-445908398.288
2363.000,-445908319.164
2364.000,-445908319.164
2365.000,-445908319.164
2366.000,-445908319.164
2367.000,-445908319.164
2368.000,-445908319.164
2369.000,-445908398.288
2370.000,-445908398.288
2371.000,-445908398.288
2372.000,-445908319.164
2373.000,-445908319.164
2374.000,-445908319.164
2375.000,-445908319.164
2376.000,-445908319.164
2377.000,-445908398.288
2378.000,-445908398.288
2379.000,-445908398.288
2380.000,-445908398.288
2381.000,-445908319.164
2382.000,-445908319.164
2383.000,-445908319.164
2384.000,-445908319.164
2385.000,-445908319.164
2386.000,-445908398.288
2387.000,-445908398.288
2388.000,-445908398.288
2389.000,-445908398.288
2390.000,-445908319.164
2391.000,-445908319.164
2392.000,-445908319.164
2393.000,-445908398.288
2394.000,-445908398.288
2395.000,-445908398.288
2396.000,-445908398.288
2397.000,-445908398.288
2398.000,-445908398.288
2399.000,-445908319.164
2400.000,-445908398.288
2401.000,-445908398.288
2402.000,-445908398.288
2403.000,-445908398.288
2404.000,-445908398.288
2405.000,-445908398.288
2406.000,-445908398.288
2407.000,-445908398.288
2408.000,-445908398.288
2409.000,-445908398.288
2410.000,-445908398.288
2411.000,-445908398.288
2412.000,-445908398.288
2413.000,-445908398.288
2414.000,-445908398.288
2415.000,-445908398.288
2416.000,-445908398.288
2417.000,-445908398.288
2418.000,-445908398.288
2419.000,-445908398.288
2420.000,-445908477.412
2421.000,-445908398.288
2422.000,-445908398.288
2423.000,-445908398.288
2424.000,-445908398.288
2425.000,-445908398.288
2426.000,-445908398.288
2427.000,-445908398.288
2428.000,-445908477.412
2429.000,-445908477.412
2430.000,-445908398.288
2431.000,-445908398.288
2432.000,-445908398.288
2433.000,-445908398.288
2434.000,-445908398.288
2435.000,-445908398.288
2436.000,-445908477.412
2437.000,-445908477.412
2438.000,-445908477.412
2439.000,-445908398.288
2440.000,-445908398.288
2441.000,-445908398.288
2442.000,-445908398.288
2443.000,-445908398.288
2444.000,-445908477.412
2445.000,-445908477.412
2446.000,-445908477.412
2447.000,-445908477.412
2448.000,-445908398.288
2449.000,-445908398.288
2450.000,-445908398.288
2451.000,-445908398.288
2452.000,-445908477.412
2453.000,-445908477.412
2454.000,-445908477.412
2455.000,-445908477.412
2456.000,-445908398.288
2457.000,-445908398.288
2458.000,-445908398.288
2459.000,-445908477.412
2460.000,-445908477.412
2461.000,-445908477.412
2462.000,-445908477.412
2463.000,-445908477.412
2464.000,-445908477.412
2465.000,-445908398.288
2466.000,-445908398.288
2467.000,-445908477.412
2468.000,-445908477.412
2469.000,-445908477.412
2470.000,-445908477.412
2471.000,-445908477.412
2472.000,-445908477.412
2473.000,-445908398.288
2474.000,-445908398.288
2475.000,-445908477.412
2476.000,-445908477.412
2477.000,-445908477.412
2478.000,-445908477.412
2479.000,-445908477.412
2480.000,-445908477.412
2481.000,-445908477.412
2482.000,-445908477.412
2483.000,-445908398.288
2484.000,-445908477.412
2485.000,-445908477.412
2486.000,-445908477.412
2487.000,-445908477.412
2488.000,-445908477.412
2489.000,-445908477.412
2490.000,-445908477.412
2491.000,-445908477.412
2492.000,-445908477.412
2493.000,-445908477.412
2494.000,-445908477.412
2495.000,-445908477.412
2496.000,-445908556.536
2497.000,-445908477.412
2498.000,-445908477.412
2499.000,-445908477.412
2500.000,-445908477.412
2501.000,-445908477.412
2502.000,-445908477.412
2503.000,-445908477.412
2504.000,-445908556.536
2505.000,-445908477.412
2506.000,-445908477.412
2507.000,-445908477.412
2508.000,-445908477.412
2509.000,-445908477.412
2510.000,-445908477.412
2511.000,-445908477.412
2512.000,-445908556.536
2513.000,-445908556.536
2514.000,-445908477.412
2515.000,-445908477.412
2516.000,-445908477.412
2517.000,-445908477.412
2518.000,-445908477.412
2519.000,-445908556.536
2520.000,-445908556.536
2521.000,-445908556.536
2522.000,-445908477.412
2523.000,-445908477.412
2524.000,-445908477.412
2525.000,-445908477.412
2526.000,-445908477.412
2527.000,-445908556.536
2528.000,-445908556.536
2529.000,-445908556.536
2530.000,-445908556.536
2531.000,-445908477.412
2532.000,-445908477.412
2533.000,-445908477.412
2534.000,-445908477.412
2535.000,-445908556.536
2536.000,-445908556.536
2537.000,-445908556.536
2538.000,-445908556.536
2539.000,-445908556.536
2540.000,-445908477.412
2541.000,-445908477.412
2542.000,-445908477.412
2543.000,-445908556.536
2544.000,-445908556.536
2545.000,-445908556.536
2546.000,-445908556.536
2547.000,-445908556.536
2548.000,-445908556.536
2549.000,-445908477.412
2550.000,-445908477.412
2551.000,-445908556.536
2552.000,-445908556.536
2553.000,-445908556.536
2554.000,-445908556.536
2555.000,-445908556.536
2556.000,-445908556.536
2557.000,-445908477.412
2558.000,-445908477.412
2559.000,-445908556.536
2560.000,-445908556.536
2561.000,-445908556.536
2562.000,-445908556.536
2563.000,-445908556.536
2564.000,-445908556.536
2565.000,-445908556.536
2566.000,-445908477.412
2567.000,-445908556.536
2568.000,-445908556.536
2569.000,-445908556.536
2570.000,-445908556.536
2571.000,-445908556.536
2572.000,-445908556.536
2573.000,-445908556.536
2574.000,-445908556.536
2575.000,-445908556.536
2576.000,-445908556.536
2577.000,-445908556.536
2578.000,-445908556.536
2579.000,-445908556.536
2580.000,-445908556.536
2581.000,-445908556.536
2582.000,-445908556.536
2583.000,-445908556.536
2584.000,-445908556.536
2585.000,-445908556.536
2586.000,-445908556.536
2587.000,-445908556.536
2588.000,-445908556.536
2589.000,-445908556.536
2590.000,-445908556.536
2591.000,-445908556.536
2592.000,-445908556.536
2593.000,-445908556.536
2594.000,-445908556.536
2595.000,-445908556.536
2596.000,-445908556.536
2597.000,-445908556.536
2598.000,-445908556.536
2599.000,-445908556.536
2600.000,-445908556.536
2601.000,-445908556.536
2602.000,-445908556.536
2603.000,-445908556.536
2604.000,-445908556.536
2605.000,-445908556.536
2606.000,-445908556.536
2607.000,-445908556.536
2608.000,-445908556.536
2609.000,-445908556.536
2610.000,-445908556.536
2611.000,-445908556.536
2612.000,-445908556.536
2613.000,-445908556.536
2614.000,-445908556.536
2615.000,-445908556.536
2616.000,-445908556.536
2617.000,-445908556.536
2618.000,-445908556.536
2619.000,-445908556.536
2620.000,-445908556.536
2621.000,-445908556.536
2622.000,-445908556.536
2623.000,-445908556.536
2624.000,-445908556.536
2625.000,-445908556.536
2626.000,-445908556.536
2627.000,-445908556.536
2628.000,-445908556.536
2629.000,-445908635.660
2630.000,-445908556.536
2631.000,-445908556.536
2632.000,-445908556.536
2633.000,-445908556.536
2634.000,-445908556.536
2635.000,-445908556.536
2636.000,-445908556.536
2637.000,-445908635.660
2638.000,-445908556.536
2639.000,-445908556.536
2640.000,-445908556.536
2641.000,-445908556.536
2642.000,-445908556.536
2643.000,-445908556.536
2644.000,-445908556.536
2645.000,-445908635.660
2646.000,-445908635.660
2647.000,-445908556.536
2648.000,-445908556.536
2649.000,-445908556.536
2650.000,-445908556.536
2651.000,-445908556.536
2652.000,-445908556.536
2653.000,-445908635.660
2654.000,-445908635.660
2655.000,-445908556.536
2656.000,-445908556.536
2657.000,-445908556.536
2658.000,-445908556.536
2659.000,-445908556.536
2660.000,-445908556.536
2661.000,-445908556.536
2662.000,-445908635.660
2663.000,-445908635.660
2664.000,-445908556.536
2665.000,-445908556.536
2666.000,-445908556.536
2667.000,-445908556.536
2668.000,-445908556.536
2669.000,-445908556.536
2670.000,-445908556.536
2671.000,-445908556.536
2672.000,-445908556.536
2673.000,-445908556.536
2674.000,-445908556.536
2675.000,-445908556.536
2676.000,-445908556.536
2677.000,-445908556.536
2678.000,-445908556.536
2679.000,-445908635.660
2680.000,-445908556.536
2681.000,-445908556.536
2682.000,-445908556.536
2683.000,-445908556.536
2684.000,-445908556.536
2685.000,-445908556.536
2686.000,-445908556.536
2687.000,-445908556.536
2688.000,-445908556.536
2689.000,-445908556.536
2690.000,-445908556.536
2691.000,-445908556.536
2692.000,-445908556.536
2693.000,-445908556.536
2694.000,-445908556.536
2695.000,-445908556.536
2696.000,-445908556.536
2697.000,-445908556.536
2698.000,-445908556.536
2699.000,-445908556.536
2700.000,-445908556.536
2701.000,-445908556.536
2702.000,-445908556.536
2703.000,-445908556.536
2704.000,-445908556.536
2705.000,-445908556.536
2706.000,-445908556.536
2707.000,-445908556.536
2708.000,-445908556.536
2709.000,-445908556.536
2710.000,-445908556.536
2711.000,-445908556.536
2712.000,-445908556.536
2713.000,-445908556.536
2714.000,-445908556.536
2715.000,-445908556.536
2716.000,-445908556.536
2717.000,-445908556.536
2718.000,-445908556.536
2719.000,-445908556.536
2720.000,-445908556.536
2721.000,-445908556.536
2722.000,-445908556.536
2723.000,-445908556.536
2724.000,-445908556.536
2725.000,-445908556.536
2726.000,-445908556.536
2727.000,-445908556.536
2728.000,-445908556.536
2729.000,-445908556.536
2730.000,-445908556.536
2731.000,-445908556.536
2732.000,-445908556.536
2733.000,-445908556.536
2734.000,-445908556.536
2735.000,-445908556.536
2736.000,-445908556.536
2737.000,-445908556.536
2738.000,-445908556.536
2739.000,-445908556.536
2740.000,-445908556.536
2741.000,-445908477.412
2742.000,-445908556.536
2743.000,-445908556.536
2744.000,-445908556.536
2745.000,-445908556.536
2746.000,-445908556.536
2747.000,-445908556.536
2748.000,-445908556.536
2749.000,-445908477.412
2750.000,-445908477.412
2751.000,-445908556.536
2752.000,-445908556.536
2753.000,-445908556.536
2754.000,-445908556.536
2755.000,-445908556.536
2756.000,-445908556.536
2757.000,-445908477.412
2758.000,-445908477.412
2759.000,-445908477.412
2760.000,-445908556.536
2761.000,-445908556.536
2762.000,-445908556.536
2763.000,-445908556.536
2764.000,-445908556.536
2765.000,-445908556.536
2766.000,-445908477.412
2767.000,-445908477.412
2768.000,-445908556.536
2769.000,-445908556.536
2770.000,-445908556.536
2771.000,-445908556.536
2772.000,-445908556.536
2773.000,-445908556.536
2774.000,-445908477.412
2775.000,-445908477.412
2776.000,-445908477.412
2777.000,-445908556.536
2778.000,-445908556.536
2779.000,-445908556.536
2780.000,-445908556.536
2781.000,-445908477.412
2782.000,-445908477.412
2783.000,-445908477.412
2784.000,-445908477.412
2785.000,-445908556.536
2786.000,-445908556.536
2787.000,-445908556.536
2788.000,-445908556.536
2789.000,-445908556.536
2790.000,-445908477.412
2791.000,-445908477.412
2792.000,-445908477.412
2793.000,-445908477.412
2794.000,-445908477.412
2795.000,-445908556.536
2796.000,-445908556.536
2797.000,-445908477.412
2798.000,-445908477.412
2799.000,-445908477.412
2800.000,-445908477.412
2801.000,-445908477.412
2802.000,-445908477.412
2803.000,-445908556.536
2804.000,-445908556.536
2805.000,-445908477.412
2806.000,-445908477.412
2807.000,-445908477.412
2808.000,-445908477.412
2809.000,-445908477.412
2810.000,-445908477.412
2811.000,-445908477.412
2812.000,-445908477.412
2813.000,-445908477.412
2814.000,-445908477.412
2815.000,-445908477.412
2816.000,-445908477.412
2817.000,-445908477.412
2818.000,-445908477.412
2819.000,-445908477.412
2820.000,-445908477.412
2821.000,-445908477.412
2822.000,-445908477.412
2823.000,-445908477.412
2824.000,-445908477.412
2825.000,-445908477.412
2826.000,-445908477.412
2827.000,-445908477.412
2828.000,-445908477.412
2829.000,-445908477.412
2830.000,-445908477.412
2831.000,-445908477.412
2832.000,-445908477.412
2833.000,-445908477.412
2834.000,-445908477.412
2835.000,-445908477.412
2836.000,-445908477.412
2837.000,-445908477.412
2838.000,-445908477.412
2839.000,-445908477.412
2840.000,-445908477.412
2841.000,-445908398.288
2842.000,-445908398.288
2843.000,-445908477.412
2844.000,-445908477.412
2845.000,-445908477.412
2846.000,-445908477.412
2847.000,-445908477.412
2848.000,-445908477.412
2849.000,-445908398.288
2850.000,-445908398.288
2851.000,-445908398.288
2852.000,-445908477.412
2853.000,-445908477.412
2854.000,-445908477.412
2855.000,-445908477.412
2856.000,-445908477.412
2857.000,-445908398.288
2858.000,-445908398.288
2859.000,-445908398.288
2860.000,-445908477.412
2861.000,-445908477.412
2862.000,-445908477.412
2863.000,-445908477.412
2864.000,-445908477.412
2865.000,-445908398.288
2866.000,-445908398.288
2867.000,-445908398.288
2868.000,-445908398.288
2869.000,-445908477.412
2870.000,-445908477.412
2871.000,-445908477.412
2872.000,-445908477.412
2873.000,-445908398.288
2874.000,-445908398.288
2875.000,-445908398.288
2876.000,-445908398.288
2877.000,-445908398.288
2878.000,-445908477.412
2879.000,-445908477.412
2880.000,-445908398.288
2881.000,-445908398.288
2882.000,-445908398.288
2883.000,-445908398.288
2884.000,-445908398.288
2885.000,-445908398.288
2886.000,-445908477.412
2887.000,-445908477.412
2888.000,-445908398.288
2889.000,-445908398.288
2890.000,-445908398.288
2891.000,-445908398.288
2892.000,-445908398.288
2893.000,-445908398.288
2894.000,-445908398.288
2895.000,-445908398.288
2896.000,-445908398.288
2897.000,-445908398.288
2898.000,-445908398.288
2899.000,-445908398.288
2900.000,-445908398.288
2901.000,-445908398.288
2902.000,-445908398.288
2903.000,-445908398.288
2904.000,-445908398.288
2905.000,-445908398.288
2906.000,-445908398.288
2907.000,-445908398.288
2908.000,-445908319.164
2909.000,-445908398.288
2910.000,-445908398.288
2911.000,-445908398.288
2912.000,-445908398.288
2913.000,-445908398.288
2914.000,-445908398.288
2915.000,-445908398.288
2916.000,-445908319.164
2917.000,-445908319.164
2918.000,-445908398.288
2919.000,-445908398.288
2920.000,-445908398.288
2921.000,-445908398.288
2922.000,-445908398.288
2923.000,-445908398.288
2924.000,-445908319.164
2925.000,-445908319.164
2926.000,-445908319.164
2927.000,-445908398.288
2928.000,-445908398.288
2929.000,-445908398.288
2930.000,-445908398.288
2931.000,-445908319.164
2932.000,-445908319.164
2933.000,-445908319.164
2934.000,-445908319.164
2935.000,-445908319.164
2936.000,-445908398.288
2937.000,-445908398.288
2938.000,-445908398.288
2939.000,-445908319.164
2940.000,-445908319.164
2941.000,-445908319.164
2942.000,-445908319.164
2943.000,-445908319.164
2944.000,-445908398.288
2945.000,-445908398.288
2946.000,-445908398.288
2947.000,-445908319.164
2948.000,-445908319.164
2949.000,-445908319.164
2950.000,-445908319.164
2951.000,-445908319.164
2952.000,-445908319.164
2953.000,-445908398.288
2954.000,-445908398.288
2955.000,-445908319.164
2956.000,-445908319.164
2957.000,-445908319.164
2958.000,-445908319.164
2959.000,-445908319.164
2960.000,-445908319.164
2961.000,-445908319.164
2962.000,-445908319.164
2963.000,-445908319.164
2964.000,-445908319.164
2965.000,-445908319.164
2966.000,-445908319.164
2967.000,-445908319.164
2968.000,-445908319.164
2969.000,-445908319.164
2970.000,-445908319.164
2971.000,-445908319.164
2972.000,-445908319.164
2973.000,-445908319.164
2974.000,-445908319.164
2975.000,-445908319.164
2976.000,-445908319.164
2977.000,-445908319.164
2978.000,-445908319.164
2979.000,-445908319.164
2980.000,-445908319.164
2981.000,-445908319.164
2982.000,-445908240.040
2983.000,-445908240.040
2984.000,-445908240.040
2985.000,-445908319.164
2986.000,-445908319.164
2987.000,-445908319.164
2988.000,-445908319.164
2989.000,-445908319.164
2990.000,-445908240.040
2991.000,-445908240.040
2992.000,-445908240.040
2993.000,-445908319.164
2994.000,-445908319.164
2995.000,-445908319.164
2996.000,-445908319.164
2997.000,-445908319.164
2998.000,-445908240.040
2999.000,-445908240.040
3000.000,-445908240.040
3001.000,-445908240.040
3002.000,-445908319.164
3003.000,-445908319.164
3004.000,-445908319.164
3005.000,-445908319.164
3006.000,-445908240.040
3007.000,-445908240.040
3008.000,-445908240.040
3009.000,-445908240.040
3010.000,-445908240.040
3011.000,-445908319.164
3012.000,-445908319.164
3013.000,-445908319.164
3014.000,-445908240.040
3015.000,-445908240.040
3016.000,-445908240.040
3017.000,-445908240.040
3018.000,-445908240.040
3019.000,-445908319.164
3020.000,-445908319.164
3021.000,-445908319.164
3022.000,-445908240.040
3023.000,-445908240.040
3024.000,-445908240.040
3025.000,-445908240.040
3026.000,-445908240.040
3027.000,-445908240.040
3028.000,-445908319.164
3029.000,-445908319.164
3030.000,-445908240.040
3031.000,-445908240.040
3032.000,-445908240.040
3033.000,-445908240.040
3034.000,-445908240.040
3035.000,-445908240.040
3036.000,-445908240.040
3037.000,-445908319.164
3038.000,-445908240.040
3039.000,-445908240.040
3040.000,-445908240.040
3041.000,-445908240.040
3042.000,-445908240.040
3043.000,-445908240.040
3044.000,-445908240.040
3045.000,-445908240.040
3046.000,-445908240.040
3047.000,-445908240.040
3048.000,-445908240.040
3049.000,-445908240.040
3050.000,-445908240.040
3051.000,-445908240.040
3052.000,-445908240.040
3053.000,-445908240.040
3054.000,-445908240.040
3055.000,-445908240.040
3056.000,-445908240.040
3057.000,-445908240.040
3058.000,-445908240.040
3059.000,-445908240.040
3060.000,-445908240.040
3061.000,-445908240.040
3062.000,-445908240.040
3063.000,-445908240.040
3064.000,-445908240.040
3065.000,-445908240.040
3066.000,-445908240.040
3067.000,-445908240.040
3068.000,-445908240.040
3069.000,-445908240.040
3070.000,-445908240.040
3071.000,-445908240.040
3072.000,-445908240.040
3073.000,-445908240.040
3074.000,-445908240.040
3075.000,-445908240.040
3076.000,-445908240.040
3077.000,-445908240.040
3078.000,-445908240.040
3079.000,-445908240.040
3080.000,-445908240.040
3081.000,-445908240.040
3082.000,-445908160.916
3083.000,-445908160.916
3084.000,-445908240.040
3085.000,-445908240.040
3086.000,-445908240.040
3087.000,-445908240.040
3088.000,-445908240.040
3089.000,-445908240.040
3090.000,-445908160.916
3091.000,-445908160.916
3092.000,-445908160.916
3093.000,-445908240.040
3094.000,-445908240.040
3095.000,-445908240.040
3096.000,-445908240.040
3097.000,-445908240.040
3098.000,-445908160.916
3099.000,-445908160.916
3100.000,-445908160.916
3101.000,-445908160.916
3102.000,-445908240.040
3103.000,-445908240.040
3104.000,-445908240.040
3105.000,-445908240.040
3106.000,-445908240.040
3107.000,-445908160.916
3108.000,-445908160.916
3109.000,-445908160.916
3110.000,-445908240.040
3111.000,-445908240.040
3112.000,-445908240.040
3113.000,-445908240.040
3114.000,-445908240.040
3115.000,-445908160.916
3116.000,-445908160.916
3117.000,-445908160.916
3118.000,-445908160.916
3119.000,-445908240.040
3120.000,-445908240.040
3121.000,-445908240.040
3122.000,-445908240.040
3123.000,-445908240.040
3124.000,-445908160.916
3125.000,-445908160.916
3126.000,-445908160.916
3127.000,-445908240.040
3128.000,-445908240.040
3129.000,-445908240.040
3130.000,-445908240.040
3131.000,-445908240.040
3132.000,-445908160.916
3133.000,-445908160.916
3134.000,-445908160.916
3135.000,-445908160.916
3136.000,-445908240.040
3137.000,-445908240.040
3138.000,-445908240.040
3139.000,-445908240.040
3140.000,-445908160.916
3141.000,-445908160.916
3142.000,-445908160.916
3143.000,-445908160.916
3144.000,-445908240.040
3145.000,-445908240.040
3146.000,-445908240.040
3147.000,-445908240.040
3148.000,-445908160.916
3149.000,-445908160.916
3150.000,-445908160.916
3151.000,-445908160.916
3152.000,-445908240.040
3153.000,-445908240.040
3154.000,-445908240.040
3155.000,-445908240.040
3156.000,-445908160.916
3157.000,-445908160.916
3158.000,-445908160.916
3159.000,-445908160.916
3160.000,-445908160.916
3161.000,-445908240.040
3162.000,-445908240.040
3163.000,-445908240.040
3164.000,-445908160.916
3165.000,-445908160.916
3166.000,-445908160.916
3167.000,-445908160.916
3168.000,-445908160.916
3169.000,-445908240.040
3170.000,-445908240.040
3171.000,-445908240.040
3172.000,-445908240.040
3173.000,-445908160.916
3174.000,-445908160.916
3175.000,-445908160.916
3176.000,-445908160.916
3177.000,-445908240.040
3178.000,-445908240.040
3179.000,-445908240.040
3180.000,-445908240.040
3181.000,-445908240.040
3182.000,-445908160.916
3183.000,-445908160.916
3184.000,-445908160.916
3185.000,-445908160.916
3186.000,-445908240.040
3187.000,-445908240.040
3188.000,-445908240.040
3189.000,-445908240.040
3190.000,-445908160.916
3191.000,-445908160.916
3192.000,-445908160.916
3193.000,-445908160.916
3194.000,-445908240.040
3195.000,-445908240.040
3196.000,-445908240.040
3197.000,-445908240.040
3198.000,-445908160.916
3199.000,-445908160.916
3200.000,-445908160.916
3201.000,-445908160.916
3202.000,-445908240.040
3203.000,-445908240.040
3204.000,-445908240.040
3205.000,-445908240.040
3206.000,-445908240.040
3207.000,-445908160.916
3208.000,-445908160.916
3209.000,-445908160.916
3210.000,-445908240.040
3211.000,-445908240.040
3212.000,-445908240.040
3213.000,-445908240.040
3214.000,-445908240.040
3215.000,-445908160.916
3216.000,-445908160.916
3217.000,-445908160.916
3218.000,-445908240.040
3219.000,-445908240.040
3220.000,-445908240.040
3221.000,-445908240.040
3222.000,-445908240.040
3223.000,-445908240.040
3224.000,-445908160.916
3225.000,-445908160.916
3226.000,-445908240.040
3227.000,-445908240.040
3228.000,-445908240.040
3229.000,-445908240.040
3230.000,-445908240.040
3231.000,-445908240.040
3232.000,-445908160.916
3233.000,-445908160.916
3234.000,-445908240.040
3235.000,-445908240.040
3236.000,-445908240.040
3237.000,-445908240.040
3238.000,-445908240.040
3239.000,-445908240.040
3240.000,-445908160.916
3241.000,-445908160.916
3242.000,-445908240.040
3243.000,-445908240.040
3244.000,-445908240.040
3245.000,-445908240.040
3246.000,-445908240.040
3247.000,-445908240.040
3248.000,-445908240.040
3249.000,-445908160.916
3250.000,-445908160.916
3251.000,-445908240.040
3252.000,-445908240.040
3253.000,-445908240.040
3254.000,-445908240.040
3255.000,-445908240.040
3256.000,-445908240.040
3257.000,-445908240.040
3258.000,-445908240.040
3259.000,-445908240.040
3260.000,-445908240.040
3261.000,-445908240.040
3262.000,-445908240.040
3263.000,-445908240.040
3264.000,-445908240.040
3265.000,-445908240.040
3266.000,-445908240.040
3267.000,-445908240.040
3268.000,-445908240.040
3269.000,-445908240.040
3270.000,-445908240.040
3271.000,-445908240.040
3272.000,-445908240.040
3273.000,-445908240.040
3274.000,-445908240.040
3275.000,-445908240.040
3276.000,-445908240.040
3277.000,-445908240.040
3278.000,-445908240.040
3279.000,-445908240.040
3280.000,-445908240.040
3281.000,-445908240.040
3282.000,-445908240.040
3283.000,-445908240.040
3284.000,-445908240.040
3285.000,-445908240.040
3286.000,-445908240.040
3287.000,-445908319.164
3288.000,-445908240.040
3289.000,-445908240.040
3290.000,-445908240.040
3291.000,-445908240.040
3292.000,-445908240.040
3293.000,-445908240.040
3294.000,-445908319.164
3295.000,-445908319.164
3296.000,-445908319.164
3297.000,-445908240.040
3298.000,-445908240.040
3299.000,-445908240.040
3300.000,-445908240.040
3301.000,-445908240.040
3302.000,-445908319.164
3303.000,-445908319.164
3304.000,-445908319.164
3305.000,-445908319.164
3306.000,-445908240.040
3307.000,-445908240.040
3308.000,-445908240.040
3309.000,-445908240.040
3310.000,-445908319.164
3311.000,-445908319.164
3312.000,-445908319.164
3313.000,-445908319.164
3314.000,-445908319.164
3315.000,-445908240.040
3316.000,-445908240.040
3317.000,-445908240.040
3318.000,-445908240.040
3319.000,-445908319.164
3320.000,-445908319.164
3321.000,-445908319.164
3322.000,-445908319.164
3323.000,-445908319.164
3324.000,-445908240.040
3325.000,-445908240.040
3326.000,-445908319.164
3327.000,-445908319.164
3328.000,-445908319.164
3329.000,-445908319.164
3330.000,-445908319.164
3331.000,-445908319.164
3332.000,-445908319.164
3333.000,-445908240.040
3334.000,-445908319.164
3335.000,-445908319.164
3336.000,-445908319.164
3337.000,-445908319.164
3338.000,-445908319.164
3339.000,-445908319.164
3340.000,-445908319.164
3341.000,-445908319.164
3342.000,-445908319.164
3343.000,-445908319.164
3344.000,-445908319.164
3345.000,-445908319.164
3346.000,-445908319.164
3347.000,-445908319.164
3348.000,-445908319.164
3349.000,-445908319.164
3350.000,-445908319.164
3351.000,-445908319.164
3352.000,-445908319.164
3353.000,-445908319.164
3354.000,-445908319.164
3355.000,-445908319.164
3356.000,-445908319.164
3357.000,-445908319.164
3358.000,-445908319.164
3359.000,-445908319.164
3360.000,-445908319.164
3361.000,-445908319.164
3362.000,-445908398.288
3363.000,-445908319.164
3364.000,-445908319.164
3365.000,-445908319.164
3366.000,-445908319.164
3367.000,-445908319.164
3368.000,-445908319.164
3369.000,-445908398.288
3370.000,-445908398.288
3371.000,-445908398.288
3372.000,-445908319.164
3373.000,-445908319.164
3374.000,-445908319.164
3375.000,-445908319.164
3376.000,-445908319.164
3377.000,-445908398.288
3378.000,-445908398.288
3379.000,-445908398.288
3380.000,-445908398.288
3381.000,-445908319.164
3382.000,-445908319.164
3383.000,-445908319.164
3384.000,-445908319.164
3385.000,-445908398.288
3386.000,-445908398.288
3387.000,-445908398.288
3388.000,-445908398.288
3389.000,-445908398.288
3390.000,-445908319.164
3391.000,-445908319.164
3392.000,-445908319.164
3393.000,-445908398.288
3394.000,-445908398.288
3395.000,-445908398.288
3396.000,-445908398.288
3397.000,-445908398.288
3398.000,-445908398.288
3399.000,-445908319.164
3400.000,-445908319.164
3401.000,-445908398.288
3402.000,-445908398.288
3403.000,-445908398.288
3404.000,-445908398.288
3405.000,-445908398.288
3406.000,-445908398.288
3407.000,-445908398.288
3408.000,-445908398.288
3409.000,-445908398.288
3410.000,-445908398.288
3411.000,-445908398.288
3412.000,-445908398.288
3413.000,-445908398.288
3414.000,-445908398.288
3415.000,-445908398.288
3416.000,-445908398.288
3417.000,-445908398.288
3418.000,-445908398.288
3419.000,-445908398.288
3420.000,-445908398.288
3421.000,-445908398.288
3422.000,-445908398.288
3423.000,-445908398.288
3424.000,-445908398.288
3425.000,-445908398.288
3426.000,-445908398.288
3427.000,-445908398.288
3428.000,-445908398.288
3429.000,-445908477.412
3430.000,-445908398.288
3431.000,-445908398.288
3432.000,-445908398.288
3433.000,-445908398.288
3434.000,-445908398.288
3435.000,-445908398.288
3436.000,-445908477.412
3437.000,-445908477.412
3438.000,-445908477.412
3439.000,-445908398.288
3440.000,-445908398.288
3441.000,-445908398.288
3442.000,-445908398.288
3443.000,-445908398.288
3444.000,-445908477.412
3445.000,-445908477.412
3446.000,-445908477.412
3447.000,-445908477.412
3448.000,-445908398.288
3449.000,-445908398.288
3450.000,-445908398.288
3451.000,-445908398.288
3452.000,-445908477.412
3453.000,-445908477.412
3454.000,-445908477.412
3455.000,-445908477.412
3456.000,-445908398.288
3457.000,-445908398.288
3458.000,-445908398.288
3459.000,-445908398.288
3460.000,-445908477.412
3461.000,-445908477.412
3462.000,-445908477.412
3463.000,-445908477.412
3464.000,-445908477.412
3465.000,-445908398.288
3466.000,-445908398.288
3467.000,-445908398.288
3468.000,-445908477.412
3469.000,-445908477.412
3470.000,-445908477.412
3471.000,-445908477.412
3472.000,-445908477.412
3473.000,-445908477.412
3474.000,-445908398.288
3475.000,-445908398.288
3476.000,-445908477.412
3477.000,-445908477.412
3478.000,-445908477.412
3479.000,-445908477.412
3480.000,-445908477.412
3481.000,-445908477.412
3482.000,-445908477.412
3483.000,-445908477.412
3484.000,-445908477.412
3485.000,-445908477.412
3486.000,-445908477.412
3487.000,-445908477.412
3488.000,-445908477.412
3489.000,-445908477.412
3490.000,-445908477.412
3491.000,-445908477.412
3492.000,-445908477.412
3493.000,-445908477.412
3494.000,-445908477.412
3495.000,-445908477.412
3496.000,-445908556.536
3497.000,-445908477.412
3498.000,-445908477.412
3499.000,-445908477.412
3500.000,-445908477.412
3501.000,-445908477.412
3502.000,-445908477.412
3503.000,-445908556.536
3504.000,-445908556.536
3505.000,-445908477.412
3506.000,-445908477.412
3507.000,-445908477.412
3508.000,-445908477.412
3509.000,-445908477.412
3510.000,-445908477.412
3511.000,-445908556.536
3512.000,-445908556.536
3513.000,-445908556.536
3514.000,-445908477.412
3515.000,-445908477.412
3516.000,-445908477.412
3517.000,-445908477.412
3518.000,-445908477.412
3519.000,-445908477.412
3520.000,-445908556.536
3521.000,-445908556.536
3522.000,-445908556.536
3523.000,-445908477.412
3524.000,-445908477.412
3525.000,-445908477.412
3526.000,-445908477.412
3527.000,-445908477.412
3528.000,-445908556.536
3529.000,-445908556.536
3530.000,-445908556.536
3531.000,-445908477.412
3532.000,-445908477.412
3533.000,-445908477.412
3534.000,-445908477.412
3535.000,-445908477.412
3536.000,-445908556.536
3537.000,-445908556.536
3538.000,-445908556.536
3539.000,-445908556.536
3540.000,-445908477.412
3541.000,-445908477.412
3542.000,-445908477.412
3543.000,-445908556.536
3544.000,-445908556.536
3545.000,-445908556.536
3546.000,-445908556.536
3547.000,-445908556.536
3548.000,-445908556.536
3549.000,-445908477.412
3550.000,-445908477.412
3551.000,-445908556.536
3552.000,-445908556.536
3553.000,-445908556.536
3554.000,-445908556.536
3555.000,-445908556.536
3556.000,-445908556.536
3557.000,-445908556.536
3558.000,-445908477.412
3559.000,-445908556.536
3560.000,-445908556.536
3561.000,-445908556.536
3562.000,-445908556.536
3563.000,-445908556.536
3564.000,-445908556.536
3565.000,-445908556.536
3566.000,-445908556.536
3567.000,-445908556.536
3568.000,-445908556.536
3569.000,-445908556.536
3570.000,-445908556.536
3571.000,-445908556.536
3572.000,-445908556.536
3573.000,-445908556.536
3574.000,-445908556.536
3575.000,-445908556.536
3576.000,-445908556.536
3577.000,-445908556.536
3578.000,-445908556.536
3579.000,-445908556.536
3580.000,-445908556.536
3581.000,-445908556.536
3582.000,-445908556.536
3583.000,-445908556.536
3584.000,-445908556.536
3585.000,-445908556.536
3586.000,-445908556.536
3587.000,-445908556.536
3588.000,-445908556.536
3589.000,-445908556.536
3590.000,-445908556.536
3591.000,-445908556.536
3592.000,-445908556.536
3593.000,-445908556.536
3594.000,-445908556.536
3595.000,-445908556.536
3596.000,-445908556.536
3597.000,-445908556.536
3598.000,-445908556.536
3599.000,-445908556.536
3600.000,-445908556.536
3601.000,-445908556.536
3602.000,-445908556.536
3603.000,-445908556.536
3604.000,-445908635.660
3605.000,-445908556.536
3606.000,-445908556.536
3607.000,-445908556.536
3608.000,-445908556.536
3609.000,-445908556.536
3610.000,-445908556.536
3611.000,-445908556.536
3612.000,-445908635.660
3613.000,-445908556.536
3614.000,-445908556.536
3615.000,-445908556.536
3616.000,-445908556.536
3617.000,-445908556.536
3618.000,-445908556.536
3619.000,-445908556.536
3620.000,-445908556.536
3621.000,-445908635.660
3622.000,-445908556.536
3623.000,-445908556.536
3624.000,-445908556.536
3625.000,-445908556.536
3626.000,-445908556.536
3627.000,-445908556.536
3628.000,-445908556.536
3629.000,-445908556.536
3630.000,-445908556.536
3631.000,-445908556.536
3632.000,-445908556.536
3633.000,-445908556.536
3634.000,-445908556.536
3635.000,-445908556.536
3636.000,-445908556.536
3637.000,-445908556.536
3638.000,-445908556.536
3639.000,-445908556.536
3640.000,-445908556.536
3641.000,-445908556.536
3642.000,-445908556.536
3643.000,-445908556.536
3644.000,-445908556.536
3645.000,-445908556.536
3646.000,-445908556.536
3647.000,-445908556.536
3648.000,-445908556.536
3649.000,-445908556.536
3650.000,-445908556.536
3651.000,-445908556.536
3652.000,-445908556.536
3653.000,-445908635.660
3654.000,-445908635.660
3655.000,-445908556.536
3656.000,-445908556.536
3657.000,-445908556.536
3658.000,-445908556.536
3659.000,-445908556.536
3660.000,-445908556.536
3661.000,-445908635.660
3662.000,-445908635.660
3663.000,-445908635.660
3664.000,-445908556.536
3665.000,-445908556.536
3666.000,-445908556.536
3667.000,-445908556.536
3668.000,-445908556.536
3669.000,-445908556.536
3670.000,-445908635.660
3671.000,-445908635.660
3672.000,-445908556.536
3673.000,-445908556.536
3674.000,-445908556.536
3675.000,-445908556.536
3676.000,-445908556.536
3677.000,-445908556.536
3678.000,-445908556.536
3679.000,-445908635.660
3680.000,-445908556.536
3681.000,-445908556.536
3682.000,-445908556.536
3683.000,-445908556.536
3684.000,-445908556.536
3685.000,-445908556.536
3686.000,-445908556.536
3687.000,-445908556.536
3688.000,-445908556.536
3689.000,-445908556.536
3690.000,-445908556.536
3691.000,-445908556.536
3692.000,-445908556.536
3693.000,-445908556.536
3694.000,-445908556.536
3695.000,-445908556.536
3696.000,-445908556.536
3697.000,-445908556.536
3698.000,-445908556.536
3699.000,-445908556.536
3700.000,-445908556.536
3701.000,-445908556.536
3702.000,-445908556.536
3703.000,-445908556.536
3704.000,-445908556.536
3705.000,-445908556.536
3706.000,-445908556.536
3707.000,-445908556.536
3708.000,-445908556.536
3709.000,-445908556.536
3710.000,-445908556.536
3711.000,-445908556.536
3712.000,-445908556.536
3713.000,-445908556.536
3714.000,-445908556.536
3715.000,-445908556.536
3716.000,-445908556.536
3717.000,-445908556.536
3718.000,-445908556.536
3719.000,-445908556.536
3720.000,-445908556.536
3721.000,-445908556.536
3722.000,-445908556.536
3723.000,-445908556.536
3724.000,-445908556.536
3725.000,-445908556.536
3726.000,-445908556.536
3727.000,-445908556.536
3728.000,-445908556.536
3729.000,-445908556.536
3730.000,-445908556.536
3731.000,-445908556.536
3732.000,-445908556.536
3733.000,-445908556.536
3734.000,-445908556.536
3735.000,-445908556.536
3736.000,-445908556.536
3737.000,-445908556.536
3738.000,-445908556.536
3739.000,-445908556.536
3740.000,-445908556.536
3741.000,-445908556.536
3742.000,-445908556.536
3743.000,-445908556.536
3744.000,-445908556.536
3745.000,-445908556.536
3746.000,-445908556.536
3747.000,-445908556.536
3748.000,-445908556.536
3749.000,-445908556.536
3750.000,-445908556.536
3751.000,-445908556.536
3752.000,-445908556.536
3753.000,-445908556.536
3754.000,-445908556.536
3755.000,-445908556.536
3756.000,-445908556.536
3757.000,-445908556.536
3758.000,-445908477.412
3759.000,-445908556.536
3760.000,-445908556.536
3761.000,-445908556.536
3762.000,-445908556.536
3763.000,-445908556.536
3764.000,-445908556.536
3765.000,-445908477.412
3766.000,-445908477.412
3767.000,-445908477.412
3768.000,-445908556.536
3769.000,-445908556.536
3770.000,-445908556.536
3771.000,-445908556.536
3772.000,-445908556.536
3773.000,-445908477.412
3774.000,-445908477.412
3775.000,-445908477.412
3776.000,-445908477.412
3777.000,-445908556.536
3778.000,-445908556.536
3779.000,-445908556.536
3780.000,-445908556.536
3781.000,-445908477.412
3782.000,-445908477.412
3783.000,-445908477.412
3784.000,-445908477.412
3785.000,-445908477.412
3786.000,-445908556.536
3787.000,-445908556.536
3788.000,-445908556.536
3789.000,-445908477.412
3790.000,-445908477.412
3791.000,-445908477.412
3792.000,-445908477.412
3793.000,-445908477.412
3794.000,-445908556.536
3795.000,-445908556.536
3796.000,-445908556.536
3797.000,-445908556.536
3798.000,-445908477.412
3799.000,-445908477.412
3800.000,-445908477.412
3801.000,-445908477.412
3802.000,-445908477.412
3803.000,-445908556.536
3804.000,-445908556.536
3805.000,-445908477.412
3806.000,-445908477.412
3807.000,-445908477.412
3808.000,-445908477.412
3809.000,-445908477.412
3810.000,-445908477.412
3811.000,-445908477.412
3812.000,-445908477.412
3813.000,-445908477.412
3814.000,-445908477.412
3815.000,-445908477.412
3816.000,-445908477.412
3817.000,-445908477.412
3818.000,-445908477.412
3819.000,-445908477.412
3820.000,-445908477.412
3821.000,-445908477.412
3822.000,-445908477.412
3823.000,-445908477.412
3824.000,-445908477.412
3825.000,-445908477.412
3826.000,-445908477.412
3827.000,-445908477.412
3828.000,-445908477.412
3829.000,-445908477.412
3830.000,-445908477.412
3831.000,-445908477.412
3832.000,-445908477.412
3833.000,-445908477.412
3834.000,-445908477.412
3835.000,-445908477.412
3836.000,-445908477.412
3837.000,-445908477.412
3838.000,-445908477.412
3839.000,-445908477.412
3840.000,-445908477.412
3841.000,-445908398.288
3842.000,-445908477.412
3843.000,-445908477.412
3844.000,-445908477.412
3845.000,-445908477.412
3846.000,-445908477.412
3847.000,-445908477.412
3848.000,-445908477.412
3849.000,-445908398.288
3850.000,-445908398.288
3851.000,-445908477.412
3852.000,-445908477.412
3853.000,-445908477.412
3854.000,-445908477.412
3855.000,-445908477.412
3856.000,-445908477.412
3857.000,-445908398.288
3858.000,-445908398.288
3859.000,-445908398.288
3860.000,-445908477.412
3861.000,-445908477.412
3862.000,-445908477.412
3863.000,-445908477.412
3864.000,-445908398.288
3865.000,-445908398.288
3866.000,-445908398.288
3867.000,-445908398.288
3868.000,-445908398.288
3869.000,-445908477.412
3870.000,-445908477.412
3871.000,-445908477.412
3872.000,-445908477.412
3873.000,-445908398.288
3874.000,-445908398.288
3875.000,-445908398.288
3876.000,-445908398.288
3877.000,-445908398.288
3878.000,-445908477.412
3879.000,-445908477.412
3880.000,-445908477.412
3881.000,-445908398.288
3882.000,-445908398.288
3883.000,-445908398.288
3884.000,-445908398.288
3885.000,-445908398.288
3886.000,-445908398.288
3887.000,-445908477.412
3888.000,-445908398.288
3889.000,-445908398.288
3890.000,-445908398.288
3891.000,-445908398.288
3892.000,-445908398.288
3893.000,-445908398.288
3894.000,-445908398.288
3895.000,-445908398.288
3896.000,-445908398.288
3897.000,-445908398.288
3898.000,-445908398.288
3899.000,-445908398.288
3900.000,-445908398.288
3901.000,-445908398.288
3902.000,-445908398.288
3903.000,-445908398.288
3904.000,-445908398.288
3905.000,-445908398.288
3906.000,-445908398.288
3907.000,-445908398.288
3908.000,-445908319.164
3909.000,-445908319.164
3910.000,-445908398.288
3911.000,-445908398.288
3912.000,-445908398.288
3913.000,-445908398.288
3914.000,-445908398.288
3915.000,-445908398.288
3916.000,-445908319.164
3917.000,-445908319.164
3918.000,-445908398.288
3919.000,-445908398.288
3920.000,-445908398.288
3921.000,-445908398.288
3922.000,-445908398.288
3923.000,-445908319.164
3924.000,-445908319.164
3925.000,-445908319.164
3926.000,-445908319.164
3927.000,-445908398.288
3928.000,-445908398.288
3929.000,-445908398.288
3930.000,-445908398.288
3931.000,-445908319.164
3932.000,-445908319.164
3933.000,-445908319.164
3934.000,-445908319.164
3935.000,-445908319.164
3936.000,-445908398.288
3937.000,-445908398.288
3938.000,-445908398.288
3939.000,-445908319.164
3940.000,-445908319.164
3941.000,-445908319.164
3942.000,-445908319.164
3943.000,-445908319.164
3944.000,-445908398.288
3945.000,-445908398.288
3946.000,-445908398.288
3947.000,-445908319.164
3948.000,-445908319.164
3949.000,-445908319.164
3950.000,-445908319.164
3951.000,-445908319.164
3952.000,-445908319.164
3953.000,-445908398.288
3954.000,-445908398.288
3955.000,-445908319.164
3956.000,-445908319.164
3957.000,-445908319.164
3958.000,-445908319.164
3959.000,-445908319.164
3960.000,-445908319.164
3961.000,-445908319.164
3962.000,-445908319.164
3963.000,-445908319.164
3964.000,-445908319.164
3965.000,-445908319.164
3966.000,-445908319.164
3967.000,-445908319.164
3968.000,-445908319.164
3969.000,-445908319.164
3970.000,-445908319.164
3971.000,-445908319.164
3972.000,-445908319.164
3973.000,-445908319.164
3974.000,-445908319.164
3975.000,-445908319.164
3976.000,-445908319.164
3977.000,-445908319.164
3978.000,-445908319.164
3979.000,-445908319.164
3980.000,-445908319.164
3981.000,-445908319.164
3982.000,-445908319.164
3983.000,-445908240.040
3984.000,-445908319.164
3985.000,-445908319.164
3986.000,-445908319.164
3987.000,-445908319.164
3988.000,-445908319.164
3989.000,-445908319.164
3990.000,-445908319.164
3991.000,-445908240.040
3992.000,-445908240.040
3993.000,-445908319.164
3994.000,-445908319.164
3995.000,-445908319.164
3996.000,-445908319.164
3997.000,-445908319.164
3998.000,-445908240.040
3999.000,-445908240.040
4000.000,-445908240.040
4001.000,-445908240.040
4002.000,-445908319.164
4003.000,-445908319.164
4004.000,-445908319.164
4005.000,-445908319.164
4006.000,-445908240.040
4007.000,-445908240.040
4008.000,-445908240.040
4009.000,-445908240.040
4010.000,-445908240.040
4011.000,-445908319.164
4012.000,-445908319.164
4013.000,-445908319.164
4014.000,-445908240.040
4015.000,-445908240.040
4016.000,-445908240.040
4017.000,-445908240.040
4018.000,-445908240.040
4019.000,-445908240.040
4020.000,-445908319.164
4021.000,-445908319.164
4022.000,-445908319.164
4023.000,-445908240.040
4024.000,-445908240.040
4025.000,-445908240.040
4026.000,-445908240.040
4027.000,-445908240.040
4028.000,-445908240.040
4029.000,-445908319.164
4030.000,-445908319.164
4031.000,-445908240.040
4032.000,-445908240.040
4033.000,-445908240.040
4034.000,-445908240.040
4035.000,-445908240.040
4036.000,-445908240.040
4037.000,-445908240.040
4038.000,-445908240.040
4039.000,-445908240.040
4040.000,-445908240.040
4041.000,-445908240.040
4042.000,-445908240.040
4043.000,-445908240.040
4044.000,-445908240.040
4045.000,-445908240.040
4046.000,-445908240.040
4047.000,-445908240.040
4048.000,-445908240.040
4049.000,-445908240.040
4050.000,-445908240.040
4051.000,-445908240.040
4052.000,-445908240.040
4053.000,-445908240.040
4054.000,-445908240.040
4055.000,-445908240.040
4056.000,-445908240.040
4057.000,-445908240.040
4058.000,-445908240.040
4059.000,-445908240.040
4060.000,-445908240.040
4061.000,-445908240.040
4062.000,-445908240.040
4063.000,-445908240.040
4064.000,-445908240.040
4065.000,-445908240.040
4066.000,-445908160.916
4067.000,-445908240.040
4068.000,-445908240.040
4069.000,-445908240.040
4070.000,-445908240.040
4071.000,-445908240.040
4072.000,-445908240.040
4073.000,-445908240.040
4074.000,-445908160.916
4075.000,-445908160.916
4076.000,-445908240.040
4077.000,-445908240.040
4078.000,-445908240.040
4079.000,-445908240.040
4080.000,-445908240.040
4081.000,-445908240.040
4082.000,-445908160.916
4083.000,-445908160.916
4084.000,-445908160.916
4085.000,-445908240.040
4086.000,-445908240.040
4087.000,-445908240.040
4088.000,-445908240.040
4089.000,-445908240.040
4090.000,-445908240.040
4091.000,-445908160.916
4092.000,-445908160.916
4093.000,-445908160.916
4094.000,-445908240.040
4095.000,-445908240.040
4096.000,-445908240.040
4097.000,-445908240.040
4098.000,-445908240.040
4099.000,-445908160.916
4100.000,-445908160.916
4101.000,-445908160.916
4102.000,-445908240.040
4103.000,-445908240.040
4104.000,-445908240.040
4105.000,-445908240.040
4106.000,-445908240.040
4107.000,-445908160.916
4108.000,-445908160.916
4109.000,-445908160.916
4110.000,-445908160.916
4111.000,-445908240.040
4112.000,-445908240.040
4113.000,-445908240.040
4114.000,-445908240.040
4115.000,-445908160.916
4116.000,-445908160.916
4117.000,-445908160.916
4118.000,-445908160.916
4119.000,-445908240.040
4120.000,-445908240.040
4121.000,-445908240.040
4122.000,-445908240.040
4123.000,-445908160.916
4124.000,-445908160.916
4125.000,-445908160.916
4126.000,-445908160.916
4127.000,-445908240.040
4128.000,-445908240.040
4129.000,-445908240.040
4130.000,-445908240.040
4131.000,-445908160.916
4132.000,-445908160.916
4133.000,-445908160.916
4134.000,-445908160.916
4135.000,-445908160.916
4136.000,-445908240.040
4137.000,-445908240.040
4138.000,-445908240.040
4139.000,-445908240.040
4140.000,-445908160.916
4141.000,-445908160.916
4142.000,-445908160.916
4143.000,-445908160.916
4144.000,-445908240.040
4145.000,-445908240.040
4146.000,-445908240.040
4147.000,-445908240.040
4148.000,-445908160.916
4149.000,-445908160.916
4150.000,-445908160.916
4151.000,-445908160.916
4152.000,-445908240.040
4153.000,-445908240.040
4154.000,-445908240.040
4155.000,-445908240.040
4156.000,-445908240.040
4157.000,-445908160.916
4158.000,-445908160.916
4159.000,-445908160.916
4160.000,-445908160.916
4161.000,-445908240.040
4162.000,-445908240.040
4163.000,-445908240.040
4164.000,-445908240.040
4165.000,-445908160.916
4166.000,-445908160.916
4167.000,-445908160.916
4168.000,-445908160.916
4169.000,-445908240.040
4170.000,-445908240.040
4171.000,-445908240.040
4172.000,-445908240.040
4173.000,-445908160.916
4174.000,-445908160.916
4175.000,-445908160.916
4176.000,-445908160.916
4177.000,-445908240.040
4178.000,-445908240.040
4179.000,-445908240.040
4180.000,-445908240.040
4181.000,-445908160.916
4182.000,-445908160.916
4183.000,-445908160.916
4184.000,-445908160.916
4185.000,-445908160.916
4186.000,-445908240.040
4187.000,-445908240.040
4188.000,-445908240.040
4189.000,-445908240.040
4190.000,-445908160.916
4191.000,-445908160.916
4192.000,-445908160.916
4193.000,-445908160.916
4194.000,-445908240.040
4195.000,-445908240.040
4196.000,-445908240.040
4197.000,-445908240.040
4198.000,-445908160.916
4199.000,-445908160.916
4200.000,-445908160.916
4201.000,-445908160.916
4202.000,-445908240.040
4203.000,-445908240.040
4204.000,-445908240.040
4205.000,-445908240.040
4206.000,-445908240.040
4207.000,-445908160.916
4208.000,-445908160.916
4209.000,-445908160.916
4210.000,-445908240.040
4211.000,-445908240.040
4212.000,-445908240.040
4213.000,-445908240.040
4214.000,-445908240.040
4215.000,-445908160.916
4216.000,-445908160.916
4217.000,-445908160.916
4218.000,-445908160.916
4219.000,-445908240.040
4220.000,-445908240.040
4221.000,-445908240.040
4222.000,-445908240.040
4223.000,-445908240.040
4224.000,-445908160.916
4225.000,-445908160.916
4226.000,-445908160.916
4227.000,-445908240.040
4228.000,-445908240.040
4229.000,-445908240.040
4230.000,-445908240.040
4231.000,-445908240.040
4232.000,-445908160.916
4233.000,-445908160.916
4234.000,-445908160.916
4235.000,-445908240.040
4236.000,-445908240.040
4237.000,-445908240.040
4238.000,-445908240.040
4239.000,-445908240.040
4240.000,-445908240.040
4241.000,-445908160.916
4242.000,-445908160.916
4243.000,-445908240.040
4244.000,-445908240.040
4245.000,-445908240.040
4246.000,-445908240.040
4247.000,-445908240.040
4248.000,-445908240.040
4249.000,-445908160.916
4250.000,-445908240.040
4251.000,-445908240.040
4252.000,-445908240.040
4253.000,-445908240.040
4254.000,-445908240.040
4255.000,-445908240.040
4256.000,-445908240.040
4257.000,-445908240.040
4258.000,-445908240.040
4259.000,-445908240.040
4260.000,-445908240.040
4261.000,-445908240.040
4262.000,-445908240.040
4263.000,-445908240.040
4264.000,-445908240.040
4265.000,-445908240.040
4266.000,-445908240.040
4267.000,-445908240.040
4268.000,-445908240.040
4269.000,-445908240.040
4270.000,-445908240.040
4271.000,-445908240.040
4272.000,-445908240.040
4273.000,-445908240.040
4274.000,-445908240.040
4275.000,-445908240.040
4276.000,-445908240.040
4277.000,-445908240.040
4278.000,-445908240.040
4279.000,-445908319.164
4280.000,-445908240.040
4281.000,-445908240.040
4282.000,-445908240.040
4283.000,-445908240.040
4284.000,-445908240.040
4285.000,-445908240.040
4286.000,-445908240.040
4287.000,-445908319.164
4288.000,-445908240.040
4289.000,-445908240.040
4290.000,-445908240.040
4291.000,-445908240.040
4292.000,-445908240.040
4293.000,-445908240.040
4294.000,-445908240.040
4295.000,-445908319.164
4296.000,-445908319.164
4297.000,-445908240.040
4298.000,-445908240.040
4299.000,-445908240.040
4300.000,-445908240.040
4301.000,-445908240.040
4302.000,-445908240.040
4303.000,-445908319.164
4304.000,-445908319.164
4305.000,-445908319.164
4306.000,-445908240.040
4307.000,-445908240.040
4308.000,-445908240.040
4309.000,-445908240.040
4310.000,-445908319.164
4311.000,-445908319.164
4312.000,-445908319.164
4313.000,-445908319.164
4314.000,-445908240.040
4315.000,-445908240.040
4316.000,-445908240.040
4317.000,-445908240.040
4318.000,-445908319.164
4319.000,-445908319.164
4320.000,-445908319.164
4321.000,-445908319.164
4322.000,-445908319.164
4323.000,-445908240.040
4324.000,-445908240.040
4325.000,-445908240.040
4326.000,-445908319.164
4327.000,-445908319.164
4328.000,-445908319.164
4329.000,-445908319.164
4330.000,-445908319.164
4331.000,-445908319.164
4332.000,-445908240.040
4333.000,-445908240.040
4334.000,-445908240.040
4335.000,-445908319.164
4336.000,-445908319.164
4337.000,-445908319.164
4338.000,-445908319.164
4339.000,-445908319.164
4340.000,-445908319.164
4341.000,-445908240.040
4342.000,-445908240.040
4343.000,-445908319.164
4344.000,-445908319.164
4345.000,-445908319.164
4346.000,-445908319.164
4347.000,-445908319.164
4348.000,-445908319.164
4349.000,-445908319.164
4350.000,-445908319.164
4351.000,-445908319.164
4352.000,-445908319.164
4353.000,-445908319.164
4354.000,-445908319.164
4355.000,-445908319.164
4356.000,-445908319.164
4357.000,-445908319.164
4358.000,-445908319.164
4359.000,-445908319.164
4360.000,-445908319.164
4361.000,-445908319.164
4362.000,-445908398.288
4363.000,-445908319.164
4364.000,-445908319.164
4365.000,-445908319.164
4366.000,-445908319.164
4367.000,-445908319.164
4368.000,-445908319.164
4369.000,-445908319.164
4370.000,-445908398.288
4371.000,-445908398.288
4372.000,-445908319.164
4373.000,-445908319.164
4374.000,-445908319.164
4375.000,-445908319.164
4376.000,-445908319.164
4377.000,-445908319.164
4378.000,-445908398.288
4379.000,-445908398.288
4380.000,-445908398.288
4381.000,-445908319.164
4382.000,-445908319.164
4383.000,-445908319.164
4384.000,-445908319.164
4385.000,-445908319.164
4386.000,-445908398.288
4387.000,-445908398.288
4388.000,-445908398.288
4389.000,-445908398.288
4390.000,-445908319.164
4391.000,-445908319.164
4392.000,-445908319.164
4393.000,-445908319.164
4394.000,-445908398.288
4395.000,-445908398.288
4396.000,-445908398.288
4397.000,-445908398.288
4398.000,-445908398.288
4399.000,-445908319.164
4400.000,-445908319.164
4401.000,-445908319.164
4402.000,-445908398.288
4403.000,-445908398.288
4404.000,-445908398.288
4405.000,-445908398.288
4406.000,-445908398.288
4407.000,-445908398.288
4408.000,-445908398.288
4409.000,-445908398.288
4410.000,-445908398.288
4411.000,-445908398.288
4412.000,-445908398.288
4413.000,-445908398.288
4414.000,-445908398.288
4415.000,-445908398.288
4416.000,-445908398.288
4417.000,-445908398.288
4418.000,-445908398.288
4419.000,-445908398.288
4420.000,-445908398.288
4421.000,-445908398.288
4422.000,-445908398.288
4423.000,-445908398.288
4424.000,-445908398.288
4425.000,-445908398.288
4426.000,-445908398.288
4427.000,-445908398.288
4428.000,-445908398.288
4429.000,-445908398.288
4430.000,-445908398.288
4431.000,-445908398.288
4432.000,-445908398.288
4433.000,-445908398.288
4434.000,-445908398.288
4435.000,-445908398.288
4436.000,-445908477.412
4437.000,-445908477.412
4438.000,-445908477.412
4439.000,-445908398.288
4440.000,-445908398.288
4441.000,-445908398.288
4442.000,-445908398.288
4443.000,-445908398.288
4444.000,-445908477.412
4445.000,-445908477.412
4446.000,-445908477.412
4447.000,-445908477.412
4448.000,-445908398.288
4449.000,-445908398.288
4450.000,-445908398.288
4451.000,-445908398.288
4452.000,-445908398.288
4453.000,-445908477.412
4454.000,-445908477.412
4455.000,-445908477.412
4456.000,-445908477.412
4457.000,-445908398.288
4458.000,-445908398.288
4459.000,-445908398.288
4460.000,-445908398.288
4461.000,-445908477.412
4462.000,-445908477.412
4463.000,-445908477.412
4464.000,-445908477.412
4465.000,-445908477.412
4466.000,-445908398.288
4467.000,-445908398.288
4468.000,-445908398.288
4469.000,-445908477.412
4470.000,-445908477.412
4471.000,-445908477.412
4472.000,-445908477.412
4473.000,-445908477.412
4474.000,-445908477.412
4475.000,-445908398.288
4476.000,-445908477.412
4477.000,-445908477.412
4478.000,-445908477.412
4479.000,-445908477.412
4480.000,-445908477.412
4481.000,-445908477.412
4482.000,-445908477.412
4483.000,-445908477.412
4484.000,-445908477.412
4485.000,-445908477.412
4486.000,-445908477.412
4487.000,-445908477.412
4488.000,-445908477.412
4489.000,-445908477.412
4490.000,-445908477.412
4491.000,-445908477.412
4492.000,-445908477.412
4493.000,-445908477.412
4494.000,-445908477.412
4495.000,-445908477.412
4496.000,-445908477.412
4497.000,-445908477.412
4498.000,-445908477.412
4499.000,-445908477.412
4500.000,-445908477.412
4501.000,-445908477.412
4502.000,-445908477.412
4503.000,-445908477.412
4504.000,-445908556.536
4505.000,-445908477.412
4506.000,-445908477.412
4507.000,-445908477.412
4508.000,-445908477.412
4509.000,-445908477.412
4510.000,-445908477.412
4511.000,-445908477.412
4512.000,-445908556.536
4513.000,-445908556.536
4514.000,-445908477.412
4515.000,-445908477.412
4516.000,-445908477.412
4517.000,-445908477.412
4518.000,-445908477.412
4519.000,-445908556.536
4520.000,-445908556.536
4521.000,-445908556.536
4522.000,-445908556.536
4523.000,-445908477.412
4524.000,-445908477.412
4525.000,-445908477.412
4526.000,-445908477.412
4527.000,-445908556.536
4528.000,-445908556.536
4529.000,-445908556.536
4530.000,-445908556.536
4531.000,-445908477.412
4532.000,-445908477.412
4533.000,-445908477.412
4534.000,-445908477.412
4535.000,-445908477.412
4536.000,-445908556.536
4537.000,-445908556.536
4538.000,-445908556.536
4539.000,-445908556.536
4540.000,-445908477.412
4541.000,-445908477.412
4542.000,-445908477.412
4543.000,-445908477.412
4544.000,-445908556.536
4545.000,-445908556.536
4546.000,-445908556.536
4547.000,-445908556.536
4548.000,-445908556.536
4549.000,-445908477.412
4550.000,-445908477.412
4551.000,-445908477.412
4552.000,-445908556.536
4553.000,-445908556.536
4554.000,-445908556.536
4555.000,-445908556.536
4556.000,-445908556.536
4557.000,-445908477.412
4558.000,-445908477.412
4559.000,-445908477.412
4560.000,-445908556.536
4561.000,-445908556.536
4562.000,-445908556.536
4563.000,-445908556.536
4564.000,-445908556.536
4565.000,-445908556.536
4566.000,-445908556.536
4567.000,-445908556.536
4568.000,-445908556.536
4569.000,-445908556.536
4570.000,-445908556.536
4571.000,-445908556.536
4572.000,-445908556.536
4573.000,-445908556.536
4574.000,-445908556.536
4575.000,-445908556.536
4576.000,-445908556.536
4577.000,-445908556.536
4578.000,-445908556.536
4579.000,-445908556.536
4580.000,-445908556.536
4581.000,-445908556.536
4582.000,-445908556.536
4583.000,-445908556.536
4584.000,-445908556.536
4585.000,-445908556.536
4586.000,-445908556.536
4587.000,-445908556.536
4588.000,-445908556.536
4589.000,-445908556.536
4590.000,-445908556.536
4591.000,-445908556.536
4592.000,-445908556.536
4593.000,-445908556.536
4594.000,-445908556.536
4595.000,-445908556.536
4596.000,-445908556.536
4597.000,-445908556.536
4598.000,-445908556.536
4599.000,-445908556.536
4600.000,-445908556.536
4601.000,-445908556.536
4602.000,-445908556.536
4603.000,-445908556.536
4604.000,-445908556.536
4605.000,-445908556.536
4606.000,-445908556.536
4607.000,-445908556.536
4608.000,-445908556.536
4609.000,-445908556.536
4610.000,-445908556.536
4611.000,-445908556.536
4612.000,-445908556.536
4613.000,-445908556.536
4614.000,-445908556.536
4615.000,-445908556.536
4616.000,-445908556.536
4617.000,-445908556.536
4618.000,-445908556.536
4619.000,-445908556.536
4620.000,-445908635.660
4621.000,-445908635.660
4622.000,-445908556.536
4623.000,-445908556.536
4624.000,-445908556.536
4625.000,-445908556.536
4626.000,-445908556.536
4627.000,-445908556.536
4628.000,-445908556.536
4629.000,-445908635.660
4630.000,-445908556.536
4631.000,-445908556.536
4632.000,-445908556.536
4633.000,-445908556.536
4634.000,-445908556.536
4635.000,-445908556.536
4636.000,-445908556.536
4637.000,-445908635.660
4638.000,-445908635.660
4639.000,-445908556.536
4640.000,-445908556.536
4641.000,-445908556.536
4642.000,-445908556.536
4643.000,-445908556.536
4644.000,-445908556.536
4645.000,-445908556.536
4646.000,-445908635.660
4647.000,-445908556.536
4648.000,-445908556.536
4649.000,-445908556.536
4650.000,-445908556.536
4651.000,-445908556.536
4652.000,-445908556.536
4653.000,-445908556.536
4654.000,-445908556.536
4655.000,-445908556.536
4656.000,-445908556.536
4657.000,-445908556.536
4658.000,-445908556.536
4659.000,-445908556.536
4660.000,-445908556.536
4661.000,-445908556.536
4662.000,-445908556.536
4663.000,-445908556.536
4664.000,-445908556.536
4665.000,-445908556.536
4666.000,-445908556.536
4667.000,-445908556.536
4668.000,-445908556.536
4669.000,-445908556.536
4670.000,-445908556.536
4671.000,-445908556.536
4672.000,-445908556.536
4673.000,-445908556.536
4674.000,-445908556.536
4675.000,-445908556.536
4676.000,-445908556.536
4677.000,-445908556.536
4678.000,-445908556.536
4679.000,-445908556.536
4680.000,-445908556.536
4681.000,-445908556.536
4682.000,-445908556.536
4683.000,-445908556.536
4684.000,-445908556.536
4685.000,-445908556.536
4686.000,-445908556.536
4687.000,-445908635.660
4688.000,-445908556.536
4689.000,-445908556.536
4690.000,-445908556.536
4691.000,-445908556.536
4692.000,-445908556.536
4693.000,-445908556.536
4694.000,-445908556.536
4695.000,-445908635.660
4696.000,-445908635.660
4697.000,-445908556.536
4698.000,-445908556.536
4699.000,-445908556.536
4700.000,-445908556.536
4701.000,-445908556.536
4702.000,-445908556.536
4703.000,-445908556.536
4704.000,-445908556.536
4705.000,-445908556.536
4706.000,-445908556.536
4707.000,-445908556.536
4708.000,-445908556.536
4709.000,-445908556.536
4710.000,-445908556.536
4711.000,-445908556.536
4712.000,-445908556.536
4713.000,-445908556.536
4714.000,-445908556.536
4715.000,-445908556.536
4716.000,-445908556.536
4717.000,-445908556.536
4718.000,-445908556.536
4719.000,-445908556.536
4720.000,-445908556.536
4721.000,-445908556.536
4722.000,-445908556.536
4723.000,-445908556.536
4724.000,-445908556.536
4725.000,-445908556.536
4726.000,-445908556.536
4727.000,-445908556.536
4728.000,-445908556.536
4729.000,-445908556.536
4730.000,-445908556.536
4731.000,-445908556.536
4732.000,-445908556.536
4733.000,-445908556.536
4734.000,-445908556.536
4735.000,-445908556.536
4736.000,-445908556.536
4737.000,-445908556.536
4738.000,-445908556.536
4739.000,-445908556.536
4740.000,-445908556.536
4741.000,-445908477.412
4742.000,-445908556.536
4743.000,-445908556.536
4744.000,-445908556.536
4745.000,-445908556.536
4746.000,-445908556.536
4747.000,-445908556.536
4748.000,-445908556.536
4749.000,-445908477.412
4750.000,-445908477.412
4751.000,-445908556.536
4752.000,-445908556.536
4753.000,-445908556.536
4754.000,-445908556.536
4755.000,-445908556.536
4756.000,-445908556.536
4757.000,-445908477.412
4758.000,-445908477.412
4759.000,-445908477.412
4760.000,-445908556.536
4761.000,-445908556.536
4762.000,-445908556.536
4763.000,-445908556.536
4764.000,-445908556.536
4765.000,-445908477.412
4766.000,-445908477.412
4767.000,-445908477.412
4768.000,-445908477.412
4769.000,-445908556.536
4770.000,-445908556.536
4771.000,-445908556.536
4772.000,-445908556.536
4773.000,-445908477.412
4774.000,-445908477.412
4775.000,-445908477.412
4776.000,-445908477.412
4777.000,-445908556.536
4778.000,-445908556.536
4779.000,-445908556.536
4780.000,-445908556.536
4781.000,-445908477.412
4782.000,-445908477.412
4783.000,-445908477.412
4784.000,-445908477.412
4785.000,-445908477.412
4786.000,-445908556.536
4787.000,-445908556.536
4788.000,-445908556.536
4789.000,-445908477.412
4790.000,-445908477.412
4791.000,-445908477.412
4792.000,-445908477.412
4793.000,-445908477.412
4794.000,-445908556.536
4795.000,-445908556.536
4796.000,-445908556.536
4797.000,-445908477.412
4798.000,-445908477.412
4799.000,-445908477.412
4800.000,-445908477.412
4801.000,-445908477.412
4802.000,-445908477.412
4803.000,-445908556.536
4804.000,-445908556.536
4805.000,-445908477.412
4806.000,-445908477.412
4807.000,-445908477.412
4808.000,-445908477.412
4809.000,-445908477.412
4810.000,-445908477.412
4811.000,-445908477.412
4812.000,-445908556.536
4813.000,-445908556.536
4814.000,-445908477.412
4815.000,-445908477.412
4816.000,-445908477.412
4817.000,-445908477.412
4818.000,-445908477.412
4819.000,-445908477.412
4820.000,-445908477.412
4821.000,-445908477.412
4822.000,-445908477.412
4823.000,-445908477.412
4824.000,-445908477.412
4825.000,-445908477.412
4826.000,-445908477.412
4827.000,-445908477.412
4828.000,-445908477.412
4829.000,-445908477.412
4830.000,-445908477.412
4831.000,-445908477.412
4832.000,-445908477.412
4833.000,-445908398.288
4834.000,-445908477.412
4835.000,-445908477.412
4836.000,-445908477.412
4837.000,-445908477.412
4838.000,-445908477.412
4839.000,-445908477.412
4840.000,-445908477.412
4841.000,-445908398.288
4842.000,-445908398.288
4843.000,-445908477.412
4844.000,-445908477.412
4845.000,-445908477.412
4846.000,-445908477.412
4847.000,-445908477.412
4848.000,-445908477.412
4849.000,-445908398.288
4850.000,-445908398.288
4851.000,-445908398.288
4852.000,-445908477.412
4853.000,-445908477.412
4854.000,-445908477.412
4855.000,-445908477.412
4856.000,-445908477.412
4857.000,-445908398.288
4858.000,-445908398.288
4859.000,-445908398.288
4860.000,-445908477.412
4861.000,-445908477.412
4862.000,-445908477.412
4863.000,-445908477.412
4864.000,-445908477.412
4865.000,-445908398.288
4866.000,-445908398.288
4867.000,-445908398.288
4868.000,-445908398.288
4869.000,-445908477.412
4870.000,-445908477.412
4871.000,-445908477.412
4872.000,-445908477.412
4873.000,-445908398.288
4874.000,-445908398.288
4875.000,-445908398.288
4876.000,-445908398.288
4877.000,-445908398.288
4878.000,-445908477.412
4879.000,-445908477.412
4880.000,-445908398.288
4881.000,-445908398.288
4882.000,-445908398.288
4883.000,-445908398.288
4884.000,-445908398.288
4885.000,-445908398.288
4886.000,-445908398.288
4887.000,-445908398.288
4888.000,-445908398.288
4889.000,-445908398.288
4890.000,-445908398.288
4891.000,-445908398.288
4892.000,-445908398.288
4893.000,-445908398.288
4894.000,-445908398.288
4895.000,-445908398.288
4896.000,-445908398.288
4897.000,-445908398.288
4898.000,-445908398.288
4899.000,-445908398.288
4900.000,-445908398.288
4901.000,-445908398.288
4902.000,-445908398.288
4903.000,-445908398.288
4904.000,-445908398.288
4905.000,-445908398.288
4906.000,-445908398.288
4907.000,-445908398.288
4908.000,-445908319.164
4909.000,-445908398.288
4910.000,-445908398.288
4911.000,-445908398.288
4912.000,-445908398.288
4913.000,-445908398.288
4914.000,-445908398.288
4915.000,-445908398.288
4916.000,-445908319.164
4917.000,-445908319.164
4918.000,-445908398.288
4919.000,-445908398.288
4920.000,-445908398.288
4921.000,-445908398.288
4922.000,-445908398.288
4923.000,-445908398.288
4924.000,-445908319.164
4925.000,-445908319.164
4926.000,-445908319.164
4927.000,-445908398.288
4928.000,-445908398.288
4929.000,-445908398.288
4930.000,-445908398.288
4931.000,-445908319.164
4932.000,-445908319.164
4933.000,-445908319.164
4934.000,-445908319.164
4935.000,-445908319.164
4936.000,-445908398.288
4937.000,-445908398.288
4938.000,-445908398.288
4939.000,-445908319.164
4940.000,-445908319.164
4941.000,-445908319.164
4942.000,-445908319.164
4943.000,-445908319.164
4944.000,-445908319.164
4945.000,-445908319.164
4946.000,-445908398.288
4947.000,-445908319.164
4948.000,-445908319.164
4949.000,-445908319.164
4950.000,-445908319.164
4951.000,-445908319.164
4952.000,-445908319.164
4953.000,-445908319.164
4954.000,-445908319.164
4955.000,-445908319.164
4956.000,-445908319.164
4957.000,-445908319.164
4958.000,-445908319.164
4959.000,-445908319.164
4960.000,-445908319.164
4961.000,-445908319.164
4962.000,-445908319.164
4963.000,-445908319.164
4964.000,-445908319.164
4965.000,-445908319.164
4966.000,-445908319.164
4967.000,-445908319.164
4968.000,-445908319.164
4969.000,-445908319.164
4970.000,-445908319.164
4971.000,-445908319.164
4972.000,-445908319.164
4973.000,-445908319.164
4974.000,-445908319.164
4975.000,-445908240.040
4976.000,-445908319.164
4977.000,-445908319.164
4978.000,-445908319.164
4979.000,-445908319.164
4980.000,-445908319.164
4981.000,-445908319.164
4982.000,-445908319.164
4983.000,-445908240.040
4984.000,-445908240.040
4985.000,-445908319.164
4986.000,-445908319.164
4987.000,-445908319.164
4988.000,-445908319.164
4989.000,-445908319.164
4990.000,-445908240.040
4991.000,-445908240.040
4992.000,-445908240.040
4993.000,-445908240.040
4994.000,-445908319.164
4995.000,-445908319.164
4996.000,-445908319.164
4997.000,-445908319.164
4998.000,-445908240.040
4999.000,-445908240.040
5000.000,-445908240.040
5001.000,-445908240.040
5002.000,-445908240.040
5003.000,-445908319.164
5004.000,-445908319.164
5005.000,-445908319.164
5006.000,-445908240.040
5007.000,-445908240.040
5008.000,-445908240.040
5009.000,-445908240.040
5010.000,-445908240.040
5011.000,-445908319.164
5012.000,-445908319.164
5013.000,-445908319.164
5014.000,-445908240.040
5015.000,-445908240.040
5016.000,-445908240.040
5017.000,-445908240.040
5018.000,-445908240.040
5019.000,-445908240.040
5020.000,-445908319.164
5021.000,-445908319.164
5022.000,-445908240.040
5023.000,-445908240.040
5024.000,-445908240.040
5025.000,-445908240.040
5026.000,-445908240.040
5027.000,-445908240.040
5028.000,-445908240.040
5029.000,-445908319.164
5030.000,-445908240.040
5031.000,-445908240.040
5032.000,-445908240.040
5033.000,-445908240.040
5034.000,-445908240.040
5035.000,-445908240.040
5036.000,-445908240.040
5037.000,-445908240.040
5038.000,-445908240.040
5039.000,-445908240.040
5040.000,-445908240.040
5041.000,-445908240.040
5042.000,-445908240.040
5043.000,-445908240.040
5044.000,-445908240.040
5045.000,-445908240.040
5046.000,-445908240.040
5047.000,-445908240.040
5048.000,-445908240.040
5049.000,-445908240.040
5050.000,-445908240.040
5051.000,-445908240.040
5052.000,-445908240.040
5053.000,-445908240.040
5054.000,-445908240.040
5055.000,-445908240.040
5056.000,-445908240.040
5057.000,-445908240.040
5058.000,-445908240.040
5059.000,-445908240.040
5060.000,-445908240.040
5061.000,-445908240.040
5062.000,-445908240.040
5063.000,-445908240.040
5064.000,-445908240.040
5065.000,-445908240.040
5066.000,-445908240.040
5067.000,-445908240.040
5068.000,-445908240.040
5069.000,-445908240.040
5070.000,-445908240.040
5071.000,-445908240.040
5072.000,-445908240.040
5073.000,-445908240.040
5074.000,-445908240.040
5075.000,-445908240.040
5076.000,-445908240.040
5077.000,-445908240.040
5078.000,-445908240.040
5079.000,-445908240.040
5080.000,-445908240.040
5081.000,-445908240.040
5082.000,-445908160.916
5083.000,-445908160.916
5084.000,-445908240.040
5085.000,-445908240.040
5086.000,-445908240.040
5087.000,-445908240.040
5088.000,-445908240.040
5089.000,-445908240.040
5090.000,-445908160.916
5091.000,-445908160.916
5092.000,-445908160.916
5093.000,-445908240.040
5094.000,-445908240.040
5095.000,-445908240.040
5096.000,-445908240.040
5097.000,-445908240.040
5098.000,-445908160.916
5099.000,-445908160.916
5100.000,-445908160.916
5101.000,-445908160.916
5102.000,-445908240.040
5103.000,-445908240.040
5104.000,-445908240.040
5105.000,-445908240.040
5106.000,-445908240.040
5107.000,-445908160.916
5108.000,-445908160.916
5109.000,-445908160.916
5110.000,-445908160.916
5111.000,-445908240.040
5112.000,-445908240.040
5113.000,-445908240.040
5114.000,-445908240.040
5115.000,-445908160.916
5116.000,-445908160.916
5117.000,-445908160.916
5118.000,-445908160.916
5119.000,-445908240.040
5120.000,-445908240.040
5121.000,-445908240.040
5122.000,-445908240.040
5123.000,-445908160.916
5124.000,-445908160.916
5125.000,-445908160.916
5126.000,-445908160.916
5127.000,-445908160.916
5128.000,-445908240.040
5129.000,-445908240.040
5130.000,-445908240.040
5131.000,-445908160.916
5132.000,-445908160.916
5133.000,-445908160.916
5134.000,-445908160.916
5135.000,-445908160.916
5136.000,-445908240.040
5137.000,-445908240.040
5138.000,-445908240.040
5139.000,-445908240.040
5140.000,-445908160.916
5141.000,-445908160.916
5142.000,-445908160.916
5143.000,-445908160.916
5144.000,-445908240.040
5145.000,-445908240.040
5146.000,-445908240.040
5147.000,-445908240.040
5148.000,-445908160.916
5149.000,-445908160.916
5150.000,-445908160.916
5151.000,-445908160.916
5152.000,-445908240.040
5153.000,-445908240.040
5154.000,-445908240.040
5155.000,-445908240.040
5156.000,-445908160.916
5157.000,-445908160.916
5158.000,-445908160.916
5159.000,-445908160.916
5160.000,-445908160.916
5161.000,-445908240.040
5162.000,-445908240.040
5163.000,-445908240.040
5164.000,-445908160.916
5165.000,-445908160.916
5166.000,-445908160.916
5167.000,-445908160.916
5168.000,-445908160.916
5169.000,-445908240.040
5170.000,-445908240.040
5171.000,-445908240.040
5172.000,-445908240.040
5173.000,-445908160.916
5174.000,-445908160.916
5175.000,-445908160.916
5176.000,-445908160.916
5177.000,-445908240.040
5178.000,-445908240.040
5179.000,-445908240.040
5180.000,-445908240.040
5181.000,-445908160.916
5182.000,-445908160.916
5183.000,-445908160.916
5184.000,-445908160.916
5185.000,-445908240.040
5186.000,-445908240.040
5187.000,-445908240.040
5188.000,-445908240.040
5189.000,-445908240.040
5190.000,-445908160.916
5191.000,-445908160.916
5192.000,-445908160.916
5193.000,-445908160.916
5194.000,-445908240.040
5195.000,-445908240.040
5196.000,-445908240.040
5197.000,-445908240.040
5198.000,-445908160.916
5199.000,-445908160.916
5200.000,-445908160.916
5201.000,-445908160.916
5202.000,-445908240.040
5203.000,-445908240.040
5204.000,-445908240.040
5205.000,-445908240.040
5206.000,-445908240.040
5207.000,-445908160.916
5208.000,-445908160.916
5209.000,-445908160.916
5210.000,-445908160.916
5211.000,-445908240.040
5212.000,-445908240.040
5213.000,-445908240.040
5214.000,-445908240.040
5215.000,-445908160.916
5216.000,-445908160.916
5217.000,-445908160.916
5218.000,-445908160.916
5219.000,-445908240.040
5220.000,-445908240.040
5221.000,-445908240.040
5222.000,-445908240.040
5223.000,-445908240.040
5224.000,-445908160.916
5225.000,-445908160.916
5226.000,-445908160.916
5227.000,-445908240.040
5228.000,-445908240.040
5229.000,-445908240.040
5230.000,-445908240.040
5231.000,-445908240.040
5232.000,-445908240.040
5233.000,-445908160.916
5234.000,-445908160.916
5235.000,-445908240.040
5236.000,-445908240.040
5237.000,-445908240.040
5238.000,-445908240.040
5239.000,-445908240.040
5240.000,-445908240.040
5241.000,-445908240.040
5242.000,-445908240.040
5243.000,-445908240.040
5244.000,-445908240.040
5245.000,-445908240.040
5246.000,-445908240.040
5247.000,-445908240.040
5248.000,-445908240.040
5249.000,-445908240.040
5250.000,-445908240.040
5251.000,-445908240.040
5252.000,-445908240.040
5253.000,-445908240.040
5254.000,-445908240.040
5255.000,-445908240.040
5256.000,-445908240.040
5257.000,-445908240.040
5258.000,-445908240.040
5259.000,-445908240.040
5260.000,-445908240.040
5261.000,-445908240.040
5262.000,-445908240.040
5263.000,-445908240.040
5264.000,-445908240.040
5265.000,-445908240.040
5266.000,-445908240.040
5267.000,-445908240.040
5268.000,-445908240.040
5269.000,-445908240.040
5270.000,-445908240.040
5271.000,-445908240.040
5272.000,-445908240.040
5273.000,-445908240.040
5274.000,-445908240.040
5275.000,-445908240.040
5276.000,-445908240.040
5277.000,-445908240.040
5278.000,-445908240.040
5279.000,-445908240.040
5280.000,-445908240.040
5281.000,-445908240.040
5282.000,-445908240.040
5283.000,-445908240.040
5284.000,-445908240.040
5285.000,-445908240.040
5286.000,-445908240.040
5287.000,-445908319.164
5288.000,-445908319.164
5289.000,-445908240.040
5290.000,-445908240.040
5291.000,-445908240.040
5292.000,-445908240.040
5293.000,-445908240.040
5294.000,-445908240.040
5295.000,-445908319.164
5296.000,-445908319.164
5297.000,-445908319.164
5298.000,-445908240.040
5299.000,-445908240.040
5300.000,-445908240.040
5301.000,-445908240.040
5302.000,-445908240.040
5303.000,-445908319.164
5304.000,-445908319.164
5305.000,-445908319.164
5306.000,-445908240.040
5307.000,-445908240.040
5308.000,-445908240.040
5309.000,-445908240.040
5310.000,-445908240.040
5311.000,-445908319.164
5312.000,-445908319.164
5313.000,-445908319.164
5314.000,-445908319.164
5315.000,-445908240.040
5316.000,-445908240.040
5317.000,-445908240.040
5318.000,-445908240.040
5319.000,-445908319.164
5320.000,-445908319.164
5321.000,-445908319.164
5322.000,-445908319.164
5323.000,-445908319.164
5324.000,-445908240.040
5325.000,-445908240.040
5326.000,-445908240.040
5327.000,-445908319.164
5328.000,-445908319.164
5329.000,-445908319.164
5330.000,-445908319.164
5331.000,-445908319.164
5332.000,-445908319.164
5333.000,-445908240.040
5334.000,-445908240.040
5335.000,-445908319.164
5336.000,-445908319.164
5337.000,-445908319.164
5338.000,-445908319.164
5339.000,-445908319.164
5340.000,-445908319.164
5341.000,-445908319.164
5342.000,-445908240.040
5343.000,-445908319.164
5344.000,-445908319.164
5345.000,-445908319.164
5346.000,-445908319.164
5347.000,-445908319.164
5348.000,-445908319.164
5349.000,-445908319.164
5350.000,-445908319.164
5351.000,-445908319.164
5352.000,-445908319.164
5353.000,-445908319.164
5354.000,-445908319.164
5355.000,-445908319.164
5356.000,-445908319.164
5357.000,-445908319.164
5358.000,-445908319.164
5359.000,-445908319.164
5360.000,-445908319.164
5361.000,-445908319.164
5362.000,-445908319.164
5363.000,-445908319.164
5364.000,-445908319.164
5365.000,-445908319.164
5366.000,-445908319.164
5367.000,-445908319.164
5368.000,-445908319.164
5369.000,-445908319.164
5370.000,-445908398.288
5371.000,-445908398.288
5372.000,-445908319.164
5373.000,-445908319.164
5374.000,-445908319.164
5375.000,-445908319.164
5376.000,-445908319.164
5377.000,-445908319.164
5378.000,-445908398.288
5379.000,-445908398.288
5380.000,-445908398.288
5381.000,-445908319.164
5382.000,-445908319.164
5383.000,-445908319.164
5384.000,-445908319.164
5385.000,-445908319.164
5386.000,-445908398.288
5387.000,-445908398.288
5388.000,-445908398.288
5389.000,-445908398.288
5390.000,-445908319.164
5391.000,-445908319.164
5392.000,-445908319.164
5393.000,-445908319.164
5394.000,-445908398.288
5395.000,-445908398.288
5396.000,-445908398.288
5397.000,-445908398.288
5398.000,-445908398.288
5399.000,-445908319.164
5400.000,-445908319.164
5401.000,-445908319.164
5402.000,-445908398.288
5403.000,-445908398.288
5404.000,-445908398.288
5405.000,-445908398.288
5406.000,-445908398.288
5407.000,-445908398.288
5408.000,-445908319.164
5409.000,-445908319.164
5410.000,-445908398.288
5411.000,-445908398.288
5412.000,-445908398.288
5413.000,-445908398.288
5414.000,-445908398.288
5415.000,-445908398.288
5416.000,-445908398.288
5417.000,-445908398.288
5418.000,-445908398.288
5419.000,-445908398.288
5420.000,-445908398.288
5421.000,-445908398.288
5422.000,-445908398.288
5423.000,-445908398.288
5424.000,-445908398.288
5425.000,-445908398.288
5426.000,-445908398.288
5427.000,-445908398.288
5428.000,-445908398.288
5429.000,-445908398.288
5430.000,-445908398.288
5431.000,-445908398.288
5432.000,-445908398.288
5433.000,-445908398.288
5434.000,-445908398.288
5435.000,-445908398.288
5436.000,-445908398.288
5437.000,-445908477.412
5438.000,-445908477.412
5439.000,-445908398.288
5440.000,-445908398.288
5441.000,-445908398.288
5442.000,-445908398.288
5443.000,-445908398.288
5444.000,-445908477.412
5445.000,-445908477.412
5446.000,-445908477.412
5447.000,-445908477.412
5448.000,-445908398.288
5449.000,-445908398.288
5450.000,-445908398.288
5451.000,-445908398.288
5452.000,-445908477.412
5453.000,-445908477.412
5454.000,-445908477.412
5455.000,-445908477.412
5456.000,-445908398.288
5457.000,-445908398.288
5458.000,-445908398.288
5459.000,-445908398.288
5460.000,-445908398.288
5461.000,-445908477.412
5462.000,-445908477.412
5463.000,-445908477.412
5464.000,-445908477.412
5465.000,-445908477.412
5466.000,-445908398.288
5467.000,-445908398.288
5468.000,-445908398.288
5469.000,-445908477.412
5470.000,-445908477.412
5471.000,-445908477.412
5472.000,-445908477.412
5473.000,-445908477.412
5474.000,-445908477.412
5475.000,-445908398.288
5476.000,-445908398.288
5477.000,-445908477.412
5478.000,-445908477.412
5479.000,-445908477.412
5480.000,-445908477.412
5481.000,-445908477.412
5482.000,-445908477.412
5483.000,-445908477.412
5484.000,-445908477.412
5485.000,-445908477.412
5486.000,-445908477.412
5487.000,-445908477.412
5488.000,-445908477.412
5489.000,-445908477.412
5490.000,-445908477.412
5491.000,-445908477.412
5492.000,-445908477.412
5493.000,-445908477.412
5494.000,-445908477.412
5495.000,-445908477.412
5496.000,-445908477.412
5497.000,-445908477.412
5498.000,-445908477.412
5499.000,-445908477.412
5500.000,-445908477.412
5501.000,-445908477.412
5502.000,-445908477.412
5503.000,-445908477.412
5504.000,-445908477.412
5505.000,-445908477.412
5506.000,-445908477.412
5507.000,-445908477.412
5508.000,-445908477.412
5509.000,-445908477.412
5510.000,-445908477.412
5511.000,-445908477.412
5512.000,-445908556.536
5513.000,-445908556.536
5514.000,-445908477.412
5515.000,-445908477.412
5516.000,-445908477.412
5517.000,-445908477.412
5518.000,-445908477.412
5519.000,-445908477.412
5520.000,-445908556.536
5521.000,-445908556.536
5522.000,-445908556.536
5523.000,-445908477.412
5524.000,-445908477.412
5525.000,-445908477.412
5526.000,-445908477.412
5527.000,-445908477.412
5528.000,-445908556.536
5529.000,-445908556.536
5530.000,-445908556.536
5531.000,-445908556.536
5532.000,-445908477.412
5533.000,-445908477.412
5534.000,-445908477.412
5535.000,-445908477.412
5536.000,-445908556.536
5537.000,-445908556.536
5538.000,-445908556.536
5539.000,-445908556.536
5540.000,-445908477.412
5541.000,-445908477.412
5542.000,-445908477.412
5543.000,-445908477.412
5544.000,-445908556.536
5545.000,-445908556.536
5546.000,-445908556.536
5547.000,-445908556.536
5548.000,-445908477.412
5549.000,-445908477.412
5550.000,-445908477.412
5551.000,-445908477.412
5552.000,-445908556.536
5553.000,-445908556.536
5554.000,-445908556.536
5555.000,-445908556.536
5556.000,-445908556.536
5557.000,-445908477.412
5558.000,-445908477.412
5559.000,-445908477.412
5560.000,-445908556.536
5561.000,-445908556.536
5562.000,-445908556.536
5563.000,-445908556.536
5564.000,-445908556.536
5565.000,-445908477.412
5566.000,-445908477.412
5567.000,-445908477.412
5568.000,-445908556.536
5569.000,-445908556.536
5570.000,-445908556.536
5571.000,-445908556.536
5572.000,-445908556.536
5573.000,-445908556.536
5574.000,-445908477.412
5575.000,-445908477.412
5576.000,-445908556.536
5577.000,-445908556.536
5578.000,-445908556.536
5579.000,-445908556.536
5580.000,-445908556.536
5581.000,-445908556.536
5582.000,-445908556.536
5583.000,-445908556.536
5584.000,-445908556.536
5585.000,-445908556.536
5586.000,-445908556.536
5587.000,-445908556.536
5588.000,-445908556.536
5589.000,-445908556.536
5590.000,-445908556.536
5591.000,-445908556.536
5592.000,-445908556.536
5593.000,-445908556.536
5594.000,-445908556.536
5595.000,-445908556.536
5596.000,-445908556.536
5597.000,-445908556.536
5598.000,-445908556.536
5599.000,-445908556.536
5600.000,-445908556.536
5601.000,-445908556.536
5602.000,-445908556.536
5603.000,-445908556.536
5604.000,-445908556.536
5605.000,-445908556.536
5606.000,-445908556.536
5607.000,-445908556.536
5608.000,-445908556.536
5609.000,-445908556.536
5610.000,-445908556.536
5611.000,-445908556.536
5612.000,-445908556.536
5613.000,-445908556.536
5614.000,-445908556.536
5615.000,-445908556.536
5616.000,-445908556.536
5617.000,-445908556.536
5618.000,-445908556.536
5619.000,-445908556.536
5620.000,-445908556.536
5621.000,-445908556.536
5622.000,-445908556.536
5623.000,-445908556.536
5624.000,-445908556.536
5625.000,-445908556.536
5626.000,-445908556.536
5627.000,-445908556.536
5628.000,-445908556.536
5629.000,-445908635.660
5630.000,-445908556.536
5631.000,-445908556.536
5632.000,-445908556.536
5633.000,-445908556.536
5634.000,-445908556.536
5635.000,-445908556.536
5636.000,-445908556.536
5637.000,-445908635.660
5638.000,-445908556.536
5639.000,-445908556.536
5640.000,-445908556.536
5641.000,-445908556.536
5642.000,-445908556.536
5643.000,-445908556.536
5644.000,-445908556.536
5645.000,-445908556.536
5646.000,-445908635.660
5647.000,-445908556.536
5648.000,-445908556.536
5649.000,-445908556.536
5650.000,-445908556.536
5651.000,-445908556.536
5652.000,-445908556.536
5653.000,-445908556.536
5654.000,-445908635.660
5655.000,-445908556.536
5656.000,-445908556.536
5657.000,-445908556.536
5658.000,-445908556.536
5659.000,-445908556.536
5660.000,-445908556.536
5661.000,-445908556.536
5662.000,-445908556.536
5663.000,-445908556.536
5664.000,-445908556.536
5665.000,-445908556.536
5666.000,-445908556.536
5667.000,-445908556.536
5668.000,-445908556.536
5669.000,-445908556.536
5670.000,-445908635.660
5671.000,-445908635.660
5672.000,-445908556.536
5673.000,-445908556.536
5674.000,-445908556.536
5675.000,-445908556.536
5676.000,-445908556.536
5677.000,-445908556.536
5678.000,-445908556.536
5679.000,-445908635.660
5680.000,-445908556.536
5681.000,-445908556.536
5682.000,-445908556.536
5683.000,-445908556.536
5684.000,-445908556.536
5685.000,-445908556.536
5686.000,-445908556.536
5687.000,-445908635.660
5688.000,-445908635.660
5689.000,-445908556.536
5690.000,-445908556.536
5691.000,-445908556.536
5692.000,-445908556.536
5693.000,-445908556.536
5694.000,-445908556.536
5695.000,-445908556.536
5696.000,-445908635.660
5697.000,-445908556.536
5698.000,-445908556.536
5699.000,-445908556.536
5700.000,-445908556.536
5701.000,-445908556.536
5702.000,-445908556.536
5703.000,-445908556.536
5704.000,-445908556.536
5705.000,-445908556.536
5706.000,-445908556.536
5707.000,-445908556.536
5708.000,-445908556.536
5709.000,-445908556.536
5710.000,-445908556.536
5711.000,-445908556.536
5712.000,-445908556.536
5713.000,-445908556.536
5714.000,-445908556.536
5715.000,-445908556.536
5716.000,-445908556.536
5717.000,-445908556.536
5718.000,-445908556.536
5719.000,-445908556.536
5720.000,-445908556.536
5721.000,-445908556.536
5722.000,-445908556.536
5723.000,-445908556.536
5724.000,-445908556.536
5725.000,-445908556.536
5726.000,-445908556.536
5727.000,-445908556.536
5728.000,-445908556.536
5729.000,-445908556.536
5730.000,-445908556.536
5731.000,-445908556.536
5732.000,-445908556.536
5733.000,-445908556.536
5734.000,-445908556.536
5735.000,-445908556.536
5736.000,-445908556.536
5737.000,-445908556.536
5738.000,-445908556.536
5739.000,-445908556.536
5740.000,-445908556.536
5741.000,-445908556.536
5742.000,-445908556.536
5743.000,-445908556.536
5744.000,-445908556.536
5745.000,-445908556.536
5746.000,-445908556.536
5747.000,-445908556.536
5748.000,-445908556.536
5749.000,-445908556.536
5750.000,-445908477.412
5751.000,-445908556.536
5752.000,-445908556.536
5753.000,-445908556.536
5754.000,-445908556.536
5755.000,-445908556.536
5756.000,-445908556.536
5757.000,-445908477.412
5758.000,-445908477.412
5759.000,-445908477.412
5760.000,-445908556.536
5761.000,-445908556.536
5762.000,-445908556.536
5763.000,-445908556.536
5764.000,-445908556.536
5765.000,-445908477.412
5766.000,-445908477.412
5767.000,-445908477.412
5768.000,-445908477.412
5769.000,-445908556.536
5770.000,-445908556.536
5771.000,-445908556.536
5772.000,-445908556.536
5773.000,-445908477.412
5774.000,-445908477.412
5775.000,-445908477.412
5776.000,-445908477.412
5777.000,-445908556.536
5778.000,-445908556.536
5779.000,-445908556.536
5780.000,-445908556.536
5781.000,-445908477.412
5782.000,-445908477.412
5783.000,-445908477.412
5784.000,-445908477.412
5785.000,-445908477.412
5786.000,-445908556.536
5787.000,-445908556.536
5788.000,-445908556.536
5789.000,-445908556.536
5790.000,-445908477.412
5791.000,-445908477.412
5792.000,-445908477.412
5793.000,-445908477.412
5794.000,-445908477.412
5795.000,-445908556.536
5796.000,-445908556.536
5797.000,-445908556.536
5798.000,-445908477.412
5799.000,-445908477.412
5800.000,-445908477.412
5801.000,-445908477.412
5802.000,-445908477.412
5803.000,-445908556.536
5804.000,-445908556.536
5805.000,-445908556.536
5806.000,-445908477.412
5807.000,-445908477.412
5808.000,-445908477.412
5809.000,-445908477.412
5810.000,-445908477.412
5811.000,-445908477.412
5812.000,-445908477.412
5813.000,-445908477.412
5814.000,-445908477.412
5815.000,-445908477.412
5816.000,-445908477.412
5817.000,-445908477.412
5818.000,-445908477.412
5819.000,-445908477.412
5820.000,-445908477.412
5821.000,-445908477.412
5822.000,-445908477.412
5823.000,-445908477.412
5824.000,-445908477.412
5825.000,-445908477.412
5826.000,-445908477.412
5827.000,-445908477.412
5828.000,-445908477.412
5829.000,-445908477.412
5830.000,-445908477.412
5831.000,-445908477.412
5832.000,-445908477.412
5833.000,-445908398.288
5834.000,-445908477.412
5835.000,-445908477.412
5836.000,-445908477.412
5837.000,-445908477.412
5838.000,-445908477.412
5839.000,-445908477.412
5840.000,-445908477.412
5841.000,-445908398.288
5842.000,-445908398.288
5843.000,-445908477.412
5844.000,-445908477.412
5845.000,-445908477.412
5846.000,-445908477.412
5847.000,-445908477.412
5848.000,-445908477.412
5849.000,-445908398.288
5850.000,-445908398.288
5851.000,-445908398.288
5852.000,-445908477.412
5853.000,-445908477.412
5854.000,-445908477.412
5855.000,-445908477.412
5856.000,-445908477.412
5857.000,-445908398.288
5858.000,-445908398.288
5859.000,-445908398.288
5860.000,-445908398.288
5861.000,-445908477.412
5862.000,-445908477.412
5863.000,-445908477.412
5864.000,-445908477.412
5865.000,-445908398.288
5866.000,-445908398.288
5867.000,-445908398.288
5868.000,-445908398.288
5869.000,-445908398.288
5870.000,-445908477.412
5871.000,-445908477.412
5872.000,-445908477.412
5873.000,-445908398.288
5874.000,-445908398.288
5875.000,-445908398.288
5876.000,-445908398.288
5877.000,-445908398.288
5878.000,-445908398.288
5879.000,-445908477.412
5880.000,-445908477.412
5881.000,-445908398.288
5882.000,-445908398.288
5883.000,-445908398.288
5884.000,-445908398.288
5885.000,-445908398.288
5886.000,-445908398.288
5887.000,-445908398.288
5888.000,-445908398.288
5889.000,-445908398.288
5890.000,-445908398.288
5891.000,-445908398.288
5892.000,-445908398.288
5893.000,-445908398.288
5894.000,-445908398.288
5895.000,-445908398.288
5896.000,-445908398.288
5897.000,-445908398.288
5898.000,-445908398.288
5899.000,-445908398.288
5900.000,-445908398.288
5901.000,-445908398.288
5902.000,-445908398.288
5903.000,-445908398.288
5904.000,-445908398.288
5905.000,-445908398.288
5906.000,-445908398.288
5907.000,-445908398.288
5908.000,-445908398.288
5909.000,-445908398.288
5910.000,-445908398.288
5911.000,-445908398.288
5912.000,-445908398.288
5913.000,-445908398.288
5914.000,-445908398.288
5915.000,-445908398.288
5916.000,-445908319.164
5917.000,-445908319.164
5918.000,-445908398.288
5919.000,-445908398.288
5920.000,-445908398.288
5921.000,-445908398.288
5922.000,-445908398.288
5923.000,-445908319.164
5924.000,-445908319.164
5925.000,-445908319.164
5926.000,-445908319.164
5927.000,-445908398.288
5928.000,-445908398.288
5929.000,-445908398.288
5930.000,-445908398.288
5931.000,-445908319.164
5932.000,-445908319.164
5933.000,-445908319.164
5934.000,-445908319.164
5935.000,-445908319.164
5936.000,-445908398.288
5937.000,-445908398.288
5938.000,-445908398.288
5939.000,-445908319.164
5940.000,-445908319.164
5941.000,-445908319.164
5942.000,-445908319.164
5943.000,-445908319.164
5944.000,-445908319.164
5945.000,-445908398.288
5946.000,-445908398.288
5947.000,-445908319.164
5948.000,-445908319.164
5949.000,-445908319.164
5950.000,-445908319.164
5951.000,-445908319.164
5952.000,-445908319.164
5953.000,-445908319.164
5954.000,-445908398.288
5955.000,-445908319.164
5956.000,-445908319.164
5957.000,-445908319.164
5958.000,-445908319.164
5959.000,-445908319.164
5960.000,-445908319.164
5961.000,-445908319.164
5962.000,-445908319.164
5963.000,-445908319.164
5964.000,-445908319.164
5965.000,-445908319.164
5966.000,-445908319.164
5967.000,-445908319.164
5968.000,-445908319.164
5969.000,-445908319.164
5970.000,-445908319.164
5971.000,-445908319.164
5972.000,-445908319.164
5973.000,-445908319.164
5974.000,-445908319.164
5975.000,-445908240.040
5976.000,-445908319.164
5977.000,-445908319.164
5978.000,-445908319.164
5979.000,-445908319.164
5980.000,-445908319.164
5981.000,-445908319.164
5982.000,-445908319.164
5983.000,-445908240.040
5984.000,-445908240.040
5985.000,-445908319.164
5986.000,-445908319.164
5987.000,-445908319.164
5988.000,-445908319.164
5989.000,-445908319.164
5990.000,-445908319.164
5991.000,-445908240.040
5992.000,-445908240.040
5993.000,-445908240.040
5994.000,-445908319.164
5995.000,-445908319.164
5996.000,-445908319.164
5997.000,-445908319.164
5998.000,-445908240.040
5999.000,-445908240.040
6000.000,-445908240.040
6001.000,-445908240.040
6002.000,-445908319.164
6003.000,-445908319.164
6004.000,-445908319.164
6005.000,-445908319.164
6006.000,-445908240.040
6007.000,-445908240.040
6008.000,-445908240.040
6009.000,-445908240.040
6010.000,-445908240.040
6011.000,-445908319.164
6012.000,-445908319.164
6013.000,-445908319.164
6014.000,-445908240.040
6015.000,-445908240.040
6016.000,-445908240.040
6017.000,-445908240.040
6018.000,-445908240.040
6019.000,-445908240.040
6020.000,-445908319.164
6021.000,-445908319.164
6022.000,-445908240.040
6023.000,-445908240.040
6024.000,-445908240.040
6025.000,-445908240.040
6026.000,-445908240.040
6027.000,-445908240.040
6028.000,-445908319.164
6029.000,-445908319.164
6030.000,-445908240.040
6031.000,-445908240.040
6032.000,-445908240.040
6033.000,-445908240.040
6034.000,-445908240.040
6035.000,-445908240.040
6036.000,-445908240.040
6037.000,-445908240.040
6038.000,-445908240.040
6039.000,-445908240.040
6040.000,-445908240.040
6041.000,-445908240.040
6042.000,-445908240.040
6043.000,-445908240.040
6044.000,-445908240.040
6045.000,-445908240.040
6046.000,-445908240.040
6047.000,-445908240.040
6048.000,-445908240.040
6049.000,-445908240.040
6050.000,-445908240.040
6051.000,-445908240.040
6052.000,-445908240.040
6053.000,-445908240.040
6054.000,-445908240.040
6055.000,-445908240.040
6056.000,-445908240.040
6057.000,-445908240.040
6058.000,-445908240.040
6059.000,-445908240.040
6060.000,-445908240.040
6061.000,-445908240.040
6062.000,-445908240.040
6063.000,-445908240.040
6064.000,-445908240.040
6065.000,-445908240.040
6066.000,-445908240.040
6067.000,-445908240.040
6068.000,-445908240.040
6069.000,-445908240.040
6070.000,-445908240.040
6071.000,-445908240.040
6072.000,-445908240.040
6073.000,-445908240.040
6074.000,-445908160.916
6075.000,-445908160.916
6076.000,-445908240.040
6077.000,-445908240.040
6078.000,-445908240.040
6079.000,-445908240.040
6080.000,-445908240.040
6081.000,-445908240.040
6082.000,-445908160.916
6083.000,-445908160.916
6084.000,-445908160.916
6085.000,-445908240.040
6086.000,-445908240.040
6087.000,-445908240.040
6088.000,-445908240.040
6089.000,-445908240.040
6090.000,-445908160.916
6091.000,-445908160.916
6092.000,-445908160.916
6093.000,-445908160.916
6094.000,-445908240.040
6095.000,-445908240.040
6096.000,-445908240.040
6097.000,-445908240.040
6098.000,-445908240.040
6099.000,-445908160.916
6100.000,-445908160.916
6101.000,-445908160.916
6102.000,-445908240.040
6103.000,-445908240.040
6104.000,-445908240.040
6105.000,-445908240.040
6106.000,-445908240.040
6107.000,-445908160.916
6108.000,-445908160.916
6109.000,-445908160.916
6110.000,-445908160.916
6111.000,-445908240.040
6112.000,-445908240.040
6113.000,-445908240.040
6114.000,-445908240.040
6115.000,-445908160.916
6116.000,-445908160.916
6117.000,-445908160.916
6118.000,-445908160.916
6119.000,-445908240.040
6120.000,-445908240.040
6121.000,-445908240.040
6122.000,-445908240.040
6123.000,-445908160.916
6124.000,-445908160.916
6125.000,-445908160.916
6126.000,-445908160.916
6127.000,-445908240.040
6128.000,-445908240.040
6129.000,-445908240.040
6130.000,-445908240.040
6131.000,-445908160.916
6132.000,-445908160.916
6133.000,-445908160.916
6134.000,-445908160.916
6135.000,-445908160.916
6136.000,-445908240.040
6137.000,-445908240.040
6138.000,-445908240.040
6139.000,-445908240.040
6140.000,-445908160.916
6141.000,-445908160.916
6142.000,-445908160.916
6143.000,-445908160.916
6144.000,-445908240.040
6145.000,-445908240.040
6146.000,-445908240.040
6147.000,-445908240.040
6148.000,-445908160.916
6149.000,-445908160.916
6150.000,-445908160.916
6151.000,-445908160.916
6152.000,-445908160.916
6153.000,-445908240.040
6154.000,-445908240.040
6155.000,-445908240.040
6156.000,-445908160.916
6157.000,-445908160.916
6158.000,-445908160.916
6159.000,-445908160.916
6160.000,-445908160.916
6161.000,-445908240.040
6162.000,-445908240.040
6163.000,-445908240.040
6164.000,-445908240.040
6165.000,-445908160.916
6166.000,-445908160.916
6167.000,-445908160.916
6168.000,-445908160.916
6169.000,-445908240.040
6170.000,-445908240.040
6171.000,-445908240.040
6172.000,-445908240.040
6173.000,-445908160.916
6174.000,-445908160.916
6175.000,-445908160.916
6176.000,-445908160.916
6177.000,-445908160.916
6178.000,-445908240.040
6179.000,-445908240.040
6180.000,-445908240.040
6181.000,-445908160.916
6182.000,-445908160.916
6183.000,-445908160.916
6184.000,-445908160.916
6185.000,-445908160.916
6186.000,-445908240.040
6187.000,-445908240.040
6188.000,-445908240.040
6189.000,-445908240.040
6190.000,-445908160.916
6191.000,-445908160.916
6192.000,-445908160.916
6193.000,-445908160.916
6194.000,-445908240.040
6195.000,-445908240.040
6196.000,-445908240.040
6197.000,-445908240.040
6198.000,-445908160.916
6199.000,-445908160.916
6200.000,-445908160.916
6201.000,-445908160.916
6202.000,-445908240.040
6203.000,-445908240.040
6204.000,-445908240.040
6205.000,-445908240.040
6206.000,-445908240.040
6207.000,-445908160.916
6208.000,-445908160.916
6209.000,-445908160.916
6210.000,-445908240.040
6211.000,-445908240.040
6212.000,-445908240.040
6213.000,-445908240.040
6214.000,-445908240.040
6215.000,-445908160.916
6216.000,-445908160.916
6217.000,-445908160.916
6218.000,-445908160.916
6219.000,-445908240.040
6220.000,-445908240.040
6221.000,-445908240.040
6222.000,-445908240.040
6223.000,-445908240.040
6224.000,-445908160.916
6225.000,-445908160.916
6226.000,-445908160.916
6227.000,-445908240.040
6228.000,-445908240.040
6229.000,-445908240.040
6230.000,-445908240.040
6231.000,-445908240.040
6232.000,-445908160.916
6233.000,-445908160.916
6234.000,-445908160.916
6235.000,-445908240.040
6236.000,-445908240.040
6237.000,-445908240.040
6238.000,-445908240.040
6239.000,-445908240.040
6240.000,-445908240.040
6241.000,-445908160.916
6242.000,-445908160.916
6243.000,-445908240.040
6244.000,-445908240.040
6245.000,-445908240.040
6246.000,-445908240.040
6247.000,-445908240.040
6248.000,-445908240.040
6249.000,-445908240.040
6250.000,-445908160.916
6251.000,-445908240.040
6252.000,-445908240.040
6253.000,-445908240.040
6254.000,-445908240.040
6255.000,-445908240.040
6256.000,-445908240.040
6257.000,-445908240.040
6258.000,-445908240.040
6259.000,-445908240.040
6260.000,-445908240.040
6261.000,-445908240.040
6262.000,-445908240.040
6263.000,-445908240.040
6264.000,-445908240.040
6265.000,-445908240.040
6266.000,-445908240.040
6267.000,-445908240.040
6268.000,-445908240.040
6269.000,-445908240.040
6270.000,-445908240.040
6271.000,-445908240.040
6272.000,-445908240.040
6273.000,-445908240.040
6274.000,-445908240.040
6275.000,-445908240.040
6276.000,-445908240.040
6277.000,-445908240.040
6278.000,-445908240.040
6279.000,-445908240.040
6280.000,-445908240.040
6281.000,-445908240.040
6282.000,-445908240.040
6283.000,-445908240.040
6284.000,-445908240.040
6285.000,-445908240.040
6286.000,-445908240.040
6287.000,-445908319.164
6288.000,-445908319.164
6289.000,-445908240.040
6290.000,-445908240.040
6291.000,-445908240.040
6292.000,-445908240.040
6293.000,-445908240.040
6294.000,-445908240.040
6295.000,-445908319.164
6296.000,-445908319.164
6297.000,-445908319.164
6298.000,-445908240.040
6299.000,-445908240.040
6300.000,-445908240.040
6301.000,-445908240.040
6302.000,-445908240.040
6303.000,-445908319.164
6304.000,-445908319.164
6305.000,-445908319.164
6306.000,-445908319.164
6307.000,-445908240.040
6308.000,-445908240.040
6309.000,-445908240.040
6310.000,-445908240.040
6311.000,-445908319.164
6312.000,-445908319.164
6313.000,-445908319.164
6314.000,-445908319.164
6315.000,-445908319.164
6316.000,-445908240.040
6317.000,-445908240.040
6318.000,-445908240.040
6319.000,-445908319.164
6320.000,-445908319.164
6321.000,-445908319.164
6322.000,-445908319.164
6323.000,-445908319.164
6324.000,-445908240.040
6325.000,-445908240.040
6326.000,-445908240.040
6327.000,-445908319.164
6328.000,-445908319.164
6329.000,-445908319.164
6330.000,-445908319.164
6331.000,-445908319.164
6332.000,-445908319.164
6333.000,-445908240.040
6334.000,-445908319.164
6335.000,-445908319.164
6336.000,-445908319.164
6337.000,-445908319.164
6338.000,-445908319.164
6339.000,-445908319.164
6340.000,-445908319.164
6341.000,-445908319.164
6342.000,-445908319.164
6343.000,-445908319.164
6344.000,-445908319.164
6345.000,-445908319.164
6346.000,-445908319.164
6347.000,-445908319.164
6348.000,-445908319.164
6349.000,-445908319.164
6350.000,-445908319.164
6351.000,-445908319.164
6352.000,-445908319.164
6353.000,-445908319.164
6354.000,-445908319.164
6355.000,-445908319.164
6356.000,-445908319.164
6357.000,-445908319.164
6358.000,-445908319.164
6359.000,-445908319.164
6360.000,-445908319.164
6361.000,-445908319.164
6362.000,-445908398.288
6363.000,-445908398.288
6364.000,-445908319.164
6365.000,-445908319.164
6366.000,-445908319.164
6367.000,-445908319.164
6368.000,-445908319.164
6369.000,-445908319.164
6370.000,-445908398.288
6371.000,-445908398.288
6372.000,-445908398.288
6373.000,-445908319.164
6374.000,-445908319.164
6375.000,-445908319.164
6376.000,-445908319.164
6377.000,-445908319.164
6378.000,-445908398.288
6379.000,-445908398.288
6380.000,-445908398.288
6381.000,-445908319.164
6382.000,-445908319.164
6383.000,-445908319.164
6384.000,-445908319.164
6385.000,-445908319.164
6386.000,-445908398.288
6387.000,-445908398.288
6388.000,-445908398.288
6389.000,-445908398.288
6390.000,-445908319.164
6391.000,-445908319.164
6392.000,-445908319.164
6393.000,-445908319.164
6394.000,-445908398.288
6395.000,-445908398.288
6396.000,-445908398.288
6397.000,-445908398.288
6398.000,-445908398.288
6399.000,-445908319.164
6400.000,-445908319.164
6401.000,-445908398.288
6402.000,-445908398.288
6403.000,-445908398.288
6404.000,-445908398.288
6405.000,-445908398.288
6406.000,-445908398.288
6407.000,-445908398.288
6408.000,-445908398.288
6409.000,-445908398.288
6410.000,-445908398.288
6411.000,-445908398.288
6412.000,-445908398.288
6413.000,-445908398.288
6414.000,-445908398.288
6415.000,-445908398.288
6416.000,-445908398.288
6417.000,-445908398.288
6418.000,-445908398.288
6419.000,-445908398.288
6420.000,-445908398.288
6421.000,-445908398.288
6422.000,-445908398.288
6423.000,-445908398.288
6424.000,-445908398.288
6425.000,-445908398.288
6426.000,-445908398.288
6427.000,-445908398.288
6428.000,-445908398.288
6429.000,-445908398.288
6430.000,-445908398.288
6431.000,-445908398.288
6432.000,-445908398.288
6433.000,-445908398.288
6434.000,-445908398.288
6435.000,-445908398.288
6436.000,-445908398.288
6437.000,-445908477.412
6438.000,-445908477.412
6439.000,-445908398.288
6440.000,-445908398.288
6441.000,-445908398.288
6442.000,-445908398.288
6443.000,-445908398.288
6444.000,-445908398.288
6445.000,-445908477.412
6446.000,-445908477.412
6447.000,-445908477.412
6448.000,-445908398.288
6449.000,-445908398.288
6450.000,-445908398.288
6451.000,-445908398.288
6452.000,-445908398.288
6453.000,-445908477.412
6454.000,-445908477.412
6455.000,-445908477.412
6456.000,-445908477.412
6457.000,-445908398.288
6458.000,-445908398.288
6459.000,-445908398.288
6460.000,-445908398.288
6461.000,-445908477.412
6462.000,-445908477.412
6463.000,-445908477.412
6464.000,-445908477.412
6465.000,-445908477.412
6466.000,-445908398.288
6467.000,-445908398.288
6468.000,-445908398.288
6469.000,-445908477.412
6470.000,-445908477.412
6471.000,-445908477.412
6472.000,-445908477.412
6473.000,-445908477.412
6474.000,-445908477.412
6475.000,-445908398.288
6476.000,-445908477.412
6477.000,-445908477.412
6478.000,-445908477.412
6479.000,-445908477.412
6480.000,-445908477.412
6481.000,-445908477.412
6482.000,-445908477.412
6483.000,-445908477.412
6484.000,-445908477.412
6485.000,-445908477.412
6486.000,-445908477.412
6487.000,-445908477.412
6488.000,-445908477.412
6489.000,-445908477.412
6490.000,-445908477.412
6491.000,-445908477.412
6492.000,-445908477.412
6493.000,-445908477.412
6494.000,-445908477.412
6495.000,-445908477.412
6496.000,-445908477.412
6497.000,-445908477.412
6498.000,-445908477.412
6499.000,-445908477.412
6500.000,-445908477.412
6501.000,-445908477.412
6502.000,-445908477.412
6503.000,-445908477.412
6504.000,-445908477.412
6505.000,-445908477.412
6506.000,-445908477.412
6507.000,-445908477.412
6508.000,-445908477.412
6509.000,-445908477.412
6510.000,-445908477.412
6511.000,-445908477.412
6512.000,-445908556.536
6513.000,-445908477.412
6514.000,-445908477.412
6515.000,-445908477.412
6516.000,-445908477.412
6517.000,-445908477.412
6518.000,-445908477.412
6519.000,-445908556.536
6520.000,-445908556.536
6521.000,-445908556.536
6522.000,-445908556.536
6523.000,-445908477.412
6524.000,-445908477.412
6525.000,-445908477.412
6526.000,-445908477.412
6527.000,-445908477.412
6528.000,-445908556.536
6529.000,-445908556.536
6530.000,-445908556.536
6531.000,-445908477.412
6532.000,-445908477.412
6533.000,-445908477.412
6534.000,-445908477.412
6535.000,-445908477.412
6536.000,-445908556.536
6537.000,-445908556.536
6538.000,-445908556.536
6539.000,-445908556.536
6540.000,-445908477.412
6541.000,-445908477.412
6542.000,-445908477.412
6543.000,-445908477.412
6544.000,-445908556.536
6545.000,-445908556.536
6546.000,-445908556.536
6547.000,-445908556.536
6548.000,-445908556.536
6549.000,-445908477.412
6550.000,-445908477.412
6551.000,-445908477.412
6552.000,-445908556.536
6553.000,-445908556.536
6554.000,-445908556.536
6555.000,-445908556.536
6556.000,-445908556.536
6557.000,-445908556.536
6558.000,-445908477.412
6559.000,-445908477.412
6560.000,-445908556.536
6561.000,-445908556.536
6562.000,-445908556.536
6563.000,-445908556.536
6564.000,-445908556.536
6565.000,-445908556.536
6566.000,-445908477.412
6567.000,-445908477.412
6568.000,-445908556.536
6569.000,-445908556.536
6570.000,-445908556.536
6571.000,-445908556.536
6572.000,-445908556.536
6573.000,-445908556.536
6574.000,-445908477.412
6575.000,-445908477.412
6576.000,-445908556.536
6577.000,-445908556.536
6578.000,-445908556.536
6579.000,-445908556.536
6580.000,-445908556.536
6581.000,-445908556.536
6582.000,-445908556.536
6583.000,-445908477.412
6584.000,-445908556.536
6585.000,-445908556.536
6586.000,-445908556.536
6587.000,-445908556.536
6588.000,-445908556.536
6589.000,-445908556.536
6590.000,-445908556.536
6591.000,-445908556.536
6592.000,-445908556.536
6593.000,-445908556.536
6594.000,-445908556.536
6595.000,-445908556.536
6596.000,-445908556.536
6597.000,-445908556.536
6598.000,-445908556.536
6599.000,-445908556.536
6600.000,-445908556.536
6601.000,-445908556.536
6602.000,-445908556.536
6603.000,-445908556.536
6604.000,-445908556.536
6605.000,-445908556.536
6606.000,-445908556.536
6607.000,-445908556.536
6608.000,-445908556.536
6609.000,-445908556.536
6610.000,-445908556.536
6611.000,-445908556.536
6612.000,-445908556.536
6613.000,-445908556.536
6614.000,-445908556.536
6615.000,-445908556.536
6616.000,-445908556.536
6617.000,-445908556.536
6618.000,-445908556.536
6619.000,-445908556.536
6620.000,-445908556.536
6621.000,-445908556.536
6622.000,-445908556.536
6623.000,-445908556.536
6624.000,-445908556.536
6625.000,-445908556.536
6626.000,-445908556.536
6627.000,-445908556.536
6628.000,-445908556.536
6629.000,-445908635.660
6630.000,-445908556.536
6631.000,-445908556.536
6632.000,-445908556.536
6633.000,-445908556.536
6634.000,-445908556.536
6635.000,-445908556.536
6636.000,-445908556.536
6637.000,-445908635.660
6638.000,-445908635.660
6639.000,-445908556.536
6640.000,-445908556.536
6641.000,-445908556.536
6642.000,-445908556.536
6643.000,-445908556.536
6644.000,-445908556.536
6645.000,-445908635.660
6646.000,-445908635.660
6647.000,-445908556.536
6648.000,-445908556.536
6649.000,-445908556.536
6650.000,-445908556.536
6651.000,-445908556.536
6652.000,-445908556.536
6653.000,-445908556.536
6654.000,-445908635.660
6655.000,-445908635.660
6656.000,-445908556.536
6657.000,-445908556.536
6658.000,-445908556.536
6659.000,-445908556.536
6660.000,-445908556.536
6661.000,-445908556.536
6662.000,-445908556.536
6663.000,-445908635.660
6664.000,-445908556.536
6665.000,-445908556.536
6666.000,-445908556.536
6667.000,-445908556.536
6668.000,-445908556.536
6669.000,-445908556.536
6670.000,-445908556.536
6671.000,-445908556.536
6672.000,-445908556.536
6673.000,-445908556.536
6674.000,-445908556.536
6675.000,-445908556.536
6676.000,-445908556.536
6677.000,-445908556.536
6678.000,-445908556.536
6679.000,-445908556.536
6680.000,-445908556.536
6681.000,-445908556.536
6682.000,-445908556.536
6683.000,-445908556.536
6684.000,-445908556.536
6685.000,-445908556.536
6686.000,-445908556.536
6687.000,-445908556.536
6688.000,-445908556.536
6689.000,-445908556.536
6690.000,-445908556.536
6691.000,-445908556.536
6692.000,-445908556.536
6693.000,-445908556.536
6694.000,-445908556.536
6695.000,-445908556.536
6696.000,-445908556.536
6697.000,-445908556.536
6698.000,-445908556.536
6699.000,-445908556.536
6700.000,-445908556.536
6701.000,-445908556.536
6702.000,-445908556.536
6703.000,-445908556.536
6704.000,-445908556.536
6705.000,-445908556.536
6706.000,-445908556.536
6707.000,-445908556.536
6708.000,-445908556.536
6709.000,-445908556.536
6710.000,-445908556.536
6711.000,-445908556.536
6712.000,-445908556.536
6713.000,-445908556.536
6714.000,-445908556.536
6715.000,-445908556.536
6716.000,-445908556.536
6717.000,-445908556.536
6718.000,-445908556.536
6719.000,-445908556.536
6720.000,-445908556.536
6721.000,-445908556.536
6722.000,-445908556.536
6723.000,-445908556.536
6724.000,-445908556.536
6725.000,-445908556.536
6726.000,-445908556.536
6727.000,-445908556.536
6728.000,-445908556.536
6729.000,-445908556.536
6730.000,-445908556.536
6731.000,-445908556.536
6732.000,-445908556.536
6733.000,-445908556.536
6734.000,-445908556.536
6735.000,-445908556.536
6736.000,-445908556.536
6737.000,-445908556.536
6738.000,-445908556.536
6739.000,-445908556.536
6740.000,-445908556.536
6741.000,-445908477.412
6742.000,-445908477.412
6743.000,-445908556.536
6744.000,-445908556.536
6745.000,-445908556.536
6746.000,-445908556.536
6747.000,-445908556.536
6748.000,-445908556.536
6749.000,-445908477.412
6750.000,-445908477.412
6751.000,-445908477.412
6752.000,-445908556.536
6753.000,-445908556.536
6754.000,-445908556.536
6755.000,-445908556.536
6756.000,-445908556.536
6757.000,-445908477.412
6758.000,-445908477.412
6759.000,-445908477.412
6760.000,-445908556.536
6761.000,-445908556.536
6762.000,-445908556.536
6763.000,-445908556.536
6764.000,-445908556.536
6765.000,-445908477.412
6766.000,-445908477.412
6767.000,-445908477.412
6768.000,-445908477.412
6769.000,-445908556.536
6770.000,-445908556.536
6771.000,-445908556.536
6772.000,-445908556.536
6773.000,-445908556.536
6774.000,-445908477.412
6775.000,-445908477.412
6776.000,-445908477.412
6777.000,-445908477.412
6778.000,-445908556.536
6779.000,-445908556.536
6780.000,-445908556.536
6781.000,-445908556.536
6782.000,-445908477.412
6783.000,-445908477.412
6784.000,-445908477.412
6785.000,-445908477.412
6786.000,-445908556.536
6787.000,-445908556.536
6788.000,-445908556.536
6789.000,-445908556.536
6790.000,-445908477.412
6791.000,-445908477.412
6792.000,-445908477.412
6793.000,-445908477.412
6794.000,-445908477.412
6795.000,-445908556.536
6796.000,-445908556.536
6797.000,-445908556.536
6798.000,-445908477.412
6799.000,-445908477.412
6800.000,-445908477.412
6801.000,-445908477.412
6802.000,-445908477.412
6803.000,-445908477.412
6804.000,-445908556.536
6805.000,-445908556.536
6806.000,-445908477.412
6807.000,-445908477.412
6808.000,-445908477.412
6809.000,-445908477.412
6810.000,-445908477.412
6811.000,-445908477.412
6812.000,-445908477.412
6813.000,-445908477.412
6814.000,-445908477.412
6815.000,-445908477.412
6816.000,-445908477.412
6817.000,-445908477.412
6818.000,-445908477.412
6819.000,-445908477.412
6820.000,-445908477.412
6821.000,-445908477.412
6822.000,-445908477.412
6823.000,-445908477.412
6824.000,-445908477.412
6825.000,-445908477.412
6826.000,-445908477.412
6827.000,-445908477.412
6828.000,-445908477.412
6829.000,-445908477.412
6830.000,-445908477.412
6831.000,-445908477.412
6832.000,-445908477.412
6833.000,-445908477.412
6834.000,-445908477.412
6835.000,-445908477.412
6836.000,-445908477.412
6837.000,-445908477.412
6838.000,-445908477.412
6839.000,-445908477.412
6840.000,-445908477.412
6841.000,-445908398.288
6842.000,-445908398.288
6843.000,-445908477.412
6844.000,-445908477.412
6845.000,-445908477.412
6846.000,-445908477.412
6847.000,-445908477.412
6848.000,-445908477.412
6849.000,-445908398.288
6850.000,-445908398.288
6851.000,-445908398.288
6852.000,-445908477.412
6853.000,-445908477.412
6854.000,-445908477.412
6855.000,-445908477.412
6856.000,-445908398.288
6857.000,-445908398.288
6858.000,-445908398.288
6859.000,-445908398.288
6860.000,-445908398.288
6861.000,-445908477.412
6862.000,-445908477.412
6863.000,-445908477.412
6864.000,-445908398.288
6865.000,-445908398.288
6866.000,-445908398.288
6867.000,-445908398.288
6868.000,-445908398.288
6869.000,-445908477.412
6870.000,-445908477.412
6871.000,-445908477.412
6872.000,-445908477.412
6873.000,-445908398.288
6874.000,-445908398.288
6875.000,-445908398.288
6876.000,-445908398.288
6877.000,-445908398.288
6878.000,-445908477.412
6879.000,-445908477.412
6880.000,-445908477.412
6881.000,-445908398.288
6882.000,-445908398.288
6883.000,-445908398.288
6884.000,-445908398.288
6885.000,-445908398.288
6886.000,-445908398.288
6887.000,-445908398.288
6888.000,-445908398.288
6889.000,-445908398.288
6890.000,-445908398.288
6891.000,-445908398.288
6892.000,-445908398.288
6893.000,-445908398.288
6894.000,-445908398.288
6895.000,-445908398.288
6896.000,-445908398.288
6897.000,-445908398.288
6898.000,-445908398.288
6899.000,-445908398.288
6900.000,-445908398.288
6901.000,-445908398.288
6902.000,-445908398.288
6903.000,-445908398.288
6904.000,-445908398.288
6905.000,-445908398.288
6906.000,-445908398.288
6907.000,-445908398.288
6908.000,-445908319.164
6909.000,-445908319.164
6910.000,-445908398.288
6911.000,-445908398.288
6912.000,-445908398.288
6913.000,-445908398.288
6914.000,-445908398.288
6915.000,-445908398.288
6916.000,-445908319.164
6917.000,-445908319.164
6918.000,-445908319.164
6919.000,-445908398.288
6920.000,-445908398.288
6921.000,-445908398.288
6922.000,-445908398.288
6923.000,-445908398.288
6924.000,-445908319.164
6925.000,-445908319.164
6926.000,-445908319.164
6927.000,-445908398.288
6928.000,-445908398.288
6929.000,-445908398.288
6930.000,-445908398.288
6931.000,-445908319.164
6932.000,-445908319.164
6933.000,-445908319.164
6934.000,-445908319.164
6935.000,-445908319.164
6936.000,-445908398.288
6937.000,-445908398.288
6938.000,-445908398.288
6939.000,-445908319.164
6940.000,-445908319.164
6941.000,-445908319.164
6942.000,-445908319.164
6943.000,-445908319.164
6944.000,-445908319.164
6945.000,-445908398.288
6946.000,-445908398.288
6947.000,-445908319.164
6948.000,-445908319.164
6949.000,-445908319.164
6950.000,-445908319.164
6951.000,-445908319.164
6952.000,-445908319.164
6953.000,-445908319.164
6954.000,-445908319.164
6955.000,-445908319.164
6956.000,-445908319.164
6957.000,-445908319.164
6958.000,-445908319.164
6959.000,-445908319.164
6960.000,-445908319.164
6961.000,-445908319.164
6962.000,-445908319.164
6963.000,-445908319.164
6964.000,-445908319.164
6965.000,-445908319.164
6966.000,-445908319.164
6967.000,-445908319.164
6968.000,-445908319.164
6969.000,-445908319.164
6970.000,-445908319.164
6971.000,-445908319.164
6972.000,-445908319.164
6973.000,-445908319.164
6974.000,-445908319.164
6975.000,-445908240.040
6976.000,-445908319.164
6977.000,-445908319.164
6978.000,-445908319.164
6979.000,-445908319.164
6980.000,-445908319.164
6981.000,-445908319.164
6982.000,-445908240.040
6983.000,-445908240.040
6984.000,-445908240.040
6985.000,-445908319.164
6986.000,-445908319.164
6987.000,-445908319.164
6988.000,-445908319.164
6989.000,-445908319.164
6990.000,-445908240.040
6991.000,-445908240.040
6992.000,-445908240.040
6993.000,-445908240.040
6994.000,-445908319.164
6995.000,-445908319.164
6996.000,-445908319.164
6997.000,-445908319.164
6998.000,-445908319.164
6999.000,-445908240.040
7000.000,-445908240.040
7001.000,-445908240.040
7002.000,-445908240.040
7003.000,-445908319.164
7004.000,-445908319.164
7005.000,-445908319.164
7006.000,-445908319.164
7007.000,-445908240.040
7008.000,-445908240.040
7009.000,-445908240.040
7010.000,-445908240.040
7011.000,-445908240.040
7012.000,-445908319.164
7013.000,-445908319.164
7014.000,-445908319.164
7015.000,-445908240.040
7016.000,-445908240.040
7017.000,-445908240.040
7018.000,-445908240.040
7019.000,-445908240.040
7020.000,-445908240.040
7021.000,-445908319.164
7022.000,-445908240.040
7023.000,-445908240.040
7024.000,-445908240.040
7025.000,-445908240.040
7026.000,-445908240.040
7027.000,-445908240.040
7028.000,-445908240.040
7029.000,-445908240.040
7030.000,-445908240.040
7031.000,-445908240.040
7032.000,-445908240.040
7033.000,-445908240.040
7034.000,-445908240.040
7035.000,-445908240.040
7036.000,-445908240.040
7037.000,-445908240.040
7038.000,-445908240.040
7039.000,-445908240.040
7040.000,-445908240.040
7041.000,-445908240.040
7042.000,-445908240.040
7043.000,-445908240.040
7044.000,-445908240.040
7045.000,-445908240.040
7046.000,-445908240.040
7047.000,-445908240.040
7048.000,-445908240.040
7049.000,-445908240.040
7050.000,-445908240.040
7051.000,-445908240.040
7052.000,-445908240.040
7053.000,-445908240.040
7054.000,-445908240.040
7055.000,-445908240.040
7056.000,-445908240.040
7057.000,-445908240.040
7058.000,-445908160.916
7059.000,-445908240.040
7060.000,-445908240.040
7061.000,-445908240.040
7062.000,-445908240.040
7063.000,-445908240.040
7064.000,-445908240.040
7065.000,-445908240.040
7066.000,-445908160.916
7067.000,-445908160.916
7068.000,-445908240.040
7069.000,-445908240.040
7070.000,-445908240.040
7071.000,-445908240.040
7072.000,-445908240.040
7073.000,-445908240.040
7074.000,-445908160.916
7075.000,-445908160.916
7076.000,-445908160.916
7077.000,-445908240.040
7078.000,-445908240.040
7079.000,-445908240.040
7080.000,-445908240.040
7081.000,-445908240.040
7082.000,-445908240.040
7083.000,-445908160.916
7084.000,-445908160.916
7085.000,-445908240.040
7086.000,-445908240.040
7087.000,-445908240.040
7088.000,-445908240.040
7089.000,-445908240.040
7090.000,-445908240.040
7091.000,-445908160.916
7092.000,-445908160.916
7093.000,-445908160.916
7094.000,-445908240.040
7095.000,-445908240.040
7096.000,-445908240.040
7097.000,-445908240.040
7098.000,-445908240.040
7099.000,-445908160.916
7100.000,-445908160.916
7101.000,-445908160.916
7102.000,-445908240.040
7103.000,-445908240.040
7104.000,-445908240.040
7105.000,-445908240.040
7106.000,-445908160.916
7107.000,-445908160.916
7108.000,-445908160.916
7109.000,-445908160.916
7110.000,-445908240.040
7111.000,-445908240.040
7112.000,-445908240.040
7113.000,-445908240.040
7114.000,-445908240.040
7115.000,-445908160.916
7116.000,-445908160.916
7117.000,-445908160.916
7118.000,-445908160.916
7119.000,-445908240.040
7120.000,-445908240.040
7121.000,-445908240.040
7122.000,-445908240.040
7123.000,-445908160.916
7124.000,-445908160.916
7125.000,-445908160.916
7126.000,-445908160.916
7127.000,-445908160.916
7128.000,-445908240.040
7129.000,-445908240.040
7130.000,-445908240.040
7131.000,-445908240.040
7132.000,-445908160.916
7133.000,-445908160.916
7134.000,-445908160.916
7135.000,-445908160.916
7136.000,-445908240.040
7137.000,-445908240.040
7138.000,-445908240.040
7139.000,-445908240.040
7140.000,-445908160.916
7141.000,-445908160.916
7142.000,-445908160.916
7143.000,-445908160.916
7144.000,-445908240.040
7145.000,-445908240.040
7146.000,-445908240.040
7147.000,-445908240.040
7148.000,-445908160.916
7149.000,-445908160.916
7150.000,-445908160.916
7151.000,-445908160.916
7152.000,-445908160.916
7153.000,-445908240.040
7154.000,-445908240.040
7155.000,-445908240.040
7156.000,-445908160.916
7157.000,-445908160.916
7158.000,-445908160.916
7159.000,-445908160.916
7160.000,-445908160.916
7161.000,-445908240.040
7162.000,-445908240.040
7163.000,-445908240.040
7164.000,-445908160.916
7165.000,-445908160.916
7166.000,-445908160.916
7167.000,-445908160.916
7168.000,-445908160.916
7169.000,-445908240.040
7170.000,-445908240.040
7171.000,-445908240.040
7172.000,-445908240.040
7173.000,-445908160.916
7174.000,-445908160.916
7175.000,-445908160.916
7176.000,-445908160.916
7177.000,-445908160.916
7178.000,-445908240.040
7179.000,-445908240.040
7180.000,-445908240.040
7181.000,-445908160.916
7182.000,-445908160.916
7183.000,-445908160.916
7184.000,-445908160.916
7185.000,-445908160.916
7186.000,-445908240.040
7187.000,-445908240.040
7188.000,-445908240.040
7189.000,-445908240.040
7190.000,-445908160.916
7191.000,-445908160.916
7192.000,-445908160.916
7193.000,-445908160.916
7194.000,-445908240.040
7195.000,-445908240.040
7196.000,-445908240.040
7197.000,-445908240.040
7198.000,-445908240.040
7199.000,-445908160.916
7200.000,-445908160.916
7201.000,-445908160.916
7202.000,-445908160.916
7203.000,-445908240.040
7204.000,-445908240.040
7205.000,-445908240.040
7206.000,-445908240.040
7207.000,-445908160.916
7208.000,-445908160.916
7209.000,-445908160.916
7210.000,-445908160.916
7211.000,-445908240.040
7212.000,-445908240.040
7213.000,-445908240.040
7214.000,-445908240.040
7215.000,-445908160.916
7216.000,-445908160.916
7217.000,-445908160.916
7218.000,-445908160.916
7219.000,-445908240.040
7220.000,-445908240.040
7221.000,-445908240.040
7222.000,-445908240.040
7223.000,-445908240.040
7224.000,-445908160.916
7225.000,-445908160.916
7226.000,-445908160.916
7227.000,-445908240.040
7228.000,-445908240.040
7229.000,-445908240.040
7230.000,-445908240.040
7231.000,-445908240.040
7232.000,-445908240.040
7233.000,-445908160.916
7234.000,-445908160.916
7235.000,-445908240.040
7236.000,-445908240.040
7237.000,-445908240.040
7238.000,-445908240.040
7239.000,-445908240.040
7240.000,-445908240.040
7241.000,-445908160.916
7242.000,-445908160.916
7243.000,-445908240.040
7244.000,-445908240.040
7245.000,-445908240.040
7246.000,-445908240.040
7247.000,-445908240.040
7248.000,-445908240.040
7249.000,-445908240.040
7250.000,-445908160.916
7251.000,-445908240.040
7252.000,-445908240.040
7253.000,-445908240.040
7254.000,-445908240.040
7255.000,-445908240.040
7256.000,-445908240.040
7257.000,-445908240.040
7258.000,-445908240.040
7259.000,-445908240.040
7260.000,-445908240.040
7261.000,-445908240.040
7262.000,-445908240.040
7263.000,-445908240.040
7264.000,-445908240.040
7265.000,-445908240.040
7266.000,-445908240.040
7267.000,-445908240.040
7268.000,-445908240.040
7269.000,-445908240.040
7270.000,-445908240.040
7271.000,-445908240.040
7272.000,-445908240.040
7273.000,-445908240.040
7274.000,-445908240.040
7275.000,-445908240.040
7276.000,-445908240.040
7277.000,-445908240.040
7278.000,-445908240.040
7279.000,-445908319.164
7280.000,-445908240.040
7281.000,-445908240.040
7282.000,-445908240.040
7283.000,-445908240.040
7284.000,-445908240.040
7285.000,-445908240.040
7286.000,-445908240.040
7287.000,-445908319.164
7288.000,-445908319.164
7289.000,-445908240.040
7290.000,-445908240.040
7291.000,-445908240.040
7292.000,-445908240.040
7293.000,-445908240.040
7294.000,-445908240.040
7295.000,-445908319.164
7296.000,-445908319.164
7297.000,-445908319.164
7298.000,-445908240.040
7299.000,-445908240.040
7300.000,-445908240.040
7301.000,-445908240.040
7302.000,-445908240.040
7303.000,-445908319.164
7304.000,-445908319.164
7305.000,-445908319.164
7306.000,-445908319.164
7307.000,-445908240.040
7308.000,-445908240.040
7309.000,-445908240.040
7310.000,-445908240.040
7311.000,-445908319.164
7312.000,-445908319.164
7313.000,-445908319.164
7314.000,-445908319.164
7315.000,-445908240.040
7316.000,-445908240.040
7317.000,-445908240.040
7318.000,-445908240.040
7319.000,-445908319.164
7320.000,-445908319.164
7321.000,-445908319.164
7322.000,-445908319.164
7323.000,-445908319.164
7324.000,-445908240.040
7325.000,-445908240.040
7326.000,-445908240.040
7327.000,-445908319.164
7328.000,-445908319.164
7329.000,-445908319.164
7330.000,-445908319.164
7331.000,-445908319.164
7332.000,-445908240.040
7333.000,-445908240.040
7334.000,-445908319.164
7335.000,-445908319.164
7336.000,-445908319.164
7337.000,-445908319.164
7338.000,-445908319.164
7339.000,-445908319.164
7340.000,-445908319.164
7341.000,-445908240.040
7342.000,-445908319.164
7343.000,-445908319.164
7344.000,-445908319.164
7345.000,-445908319.164
7346.000,-445908319.164
7347.000,-445908319.164
7348.000,-445908319.164
7349.000,-445908319.164
7350.000,-445908319.164
7351.000,-445908319.164
7352.000,-445908319.164
7353.000,-445908319.164
7354.000,-445908319.164
7355.000,-445908319.164
7356.000,-445908319.164
7357.000,-445908319.164
7358.000,-445908319.164
7359.000,-445908319.164
7360.000,-445908319.164
7361.000,-445908319.164
7362.000,-445908398.288
7363.000,-445908398.288
7364.000,-445908319.164
7365.000,-445908319.164
7366.000,-445908319.164
7367.000,-445908319.164
7368.000,-445908319.164
7369.000,-445908319.164
7370.000,-445908398.288
7371.000,-445908398.288
7372.000,-445908398.288
7373.000,-445908319.164
7374.000,-445908319.164
7375.000,-445908319.164
7376.000,-445908319.164
7377.000,-445908319.164
7378.000,-445908319.164
7379.000,-445908398.288
7380.000,-445908398.288
7381.000,-445908398.288
7382.000,-445908319.164
7383.000,-445908319.164
7384.000,-445908319.164
7385.000,-445908319.164
7386.000,-445908398.288
7387.000,-445908398.288
7388.000,-445908398.288
7389.000,-445908398.288
7390.000,-445908319.164
7391.000,-445908319.164
7392.000,-445908319.164
7393.000,-445908319.164
7394.000,-445908398.288
7395.000,-445908398.288
7396.000,-445908398.288
7397.000,-445908398.288
7398.000,-445908398.288
7399.000,-445908319.164
7400.000,-445908319.164
7401.000,-445908398.288
7402.000,-445908398.288
7403.000,-445908398.288
7404.000,-445908398.288
7405.000,-445908398.288
7406.000,-445908398.288
7407.000,-445908398.288
7408.000,-445908398.288
7409.000,-445908398.288
7410.000,-445908398.288
7411.000,-445908398.288
7412.000,-445908398.288
7413.000,-445908398.288
7414.000,-445908398.288
7415.000,-445908398.288
7416.000,-445908398.288
7417.000,-445908398.288
7418.000,-445908398.288
7419.000,-445908398.288
7420.000,-445908398.288
7421.000,-445908398.288
7422.000,-445908398.288
7423.000,-445908398.288
7424.000,-445908398.288
7425.000,-445908398.288
7426.000,-445908398.288
7427.000,-445908398.288
7428.000,-445908398.288
7429.000,-445908398.288
7430.000,-445908398.288
7431.000,-445908398.288
7432.000,-445908398.288
7433.000,-445908398.288
7434.000,-445908398.288
7435.000,-445908398.288
7436.000,-445908398.288
7437.000,-445908477.412
7438.000,-445908477.412
7439.000,-445908398.288
7440.000,-445908398.288
7441.000,-445908398.288
7442.000,-445908398.288
7443.000,-445908398.288
7444.000,-445908398.288
7445.000,-445908477.412
7446.000,-445908477.412
7447.000,-445908398.288
7448.000,-445908398.288
7449.000,-445908398.288
7450.000,-445908398.288
7451.000,-445908398.288
7452.000,-445908398.288
7453.000,-445908477.412
7454.000,-445908477.412
7455.000,-445908477.412
7456.000,-445908398.288
7457.000,-445908398.288
7458.000,-445908398.288
7459.000,-445908398.288
7460.000,-445908398.288
7461.000,-445908477.412
7462.000,-445908477.412
7463.000,-445908477.412
7464.000,-445908477.412
7465.000,-445908398.288
7466.000,-445908398.288
7467.000,-445908398.288
7468.000,-445908398.288
7469.000,-445908477.412
7470.000,-445908477.412
7471.000,-445908477.412
7472.000,-445908477.412
7473.000,-445908477.412
7474.000,-445908477.412
7475.000,-445908398.288
7476.000,-445908398.288
7477.000,-445908477.412
7478.000,-445908477.412
7479.000,-445908477.412
7480.000,-445908477.412
7481.000,-445908477.412
7482.000,-445908477.412
7483.000,-445908477.412
7484.000,-445908477.412
7485.000,-445908477.412
7486.000,-445908477.412
7487.000,-445908477.412
7488.000,-445908477.412
7489.000,-445908477.412
7490.000,-445908477.412
7491.000,-445908477.412
7492.000,-445908477.412
7493.000,-445908477.412
7494.000,-445908477.412
7495.000,-445908477.412
7496.000,-445908477.412
7497.000,-445908477.412
7498.000,-445908477.412
7499.000,-445908477.412
7500.000,-445908477.412
7501.000,-445908477.412
7502.000,-445908477.412
7503.000,-445908477.412
7504.000,-445908477.412
7505.000,-445908477.412
7506.000,-445908477.412
7507.000,-445908477.412
7508.000,-445908477.412
7509.000,-445908477.412
7510.000,-445908477.412
7511.000,-445908477.412
7512.000,-445908556.536
7513.000,-445908477.412
7514.000,-445908477.412
7515.000,-445908477.412
7516.000,-445908477.412
7517.000,-445908477.412
7518.000,-445908477.412
7519.000,-445908556.536
7520.000,-445908556.536
7521.000,-445908556.536
7522.000,-445908477.412
7523.000,-445908477.412
7524.000,-445908477.412
7525.000,-445908477.412
7526.000,-445908477.412
7527.000,-445908556.536
7528.000,-445908556.536
7529.000,-445908556.536
7530.000,-445908556.536
7531.000,-445908477.412
7532.000,-445908477.412
7533.000,-445908477.412
7534.000,-445908477.412
7535.000,-445908477.412
7536.000,-445908556.536
7537.000,-445908556.536
7538.000,-445908556.536
7539.000,-445908556.536
7540.000,-445908477.412
7541.000,-445908477.412
7542.000,-445908477.412
7543.000,-445908477.412
7544.000,-445908556.536
7545.000,-445908556.536
7546.000,-445908556.536
7547.000,-445908556.536
7548.000,-445908556.536
7549.000,-445908477.412
7550.000,-445908477.412
7551.000,-445908477.412
7552.000,-445908556.536
7553.000,-445908556.536
7554.000,-445908556.536
7555.000,-445908556.536
7556.000,-445908556.536
7557.000,-445908556.536
7558.000,-445908477.412
7559.000,-445908477.412
7560.000,-445908556.536
7561.000,-445908556.536
7562.000,-445908556.536
7563.000,-445908556.536
7564.000,-445908556.536
7565.000,-445908556.536
7566.000,-445908477.412
7567.000,-445908477.412
7568.000,-445908556.536
7569.000,-445908556.536
7570.000,-445908556.536
7571.000,-445908556.536
7572.000,-445908556.536
7573.000,-445908556.536
7574.000,-445908556.536
7575.000,-445908556.536
7576.000,-445908556.536
7577.000,-445908556.536
7578.000,-445908556.536
7579.000,-445908556.536
7580.000,-445908556.536
7581.000,-445908556.536
7582.000,-445908556.536
7583.000,-445908556.536
7584.000,-445908556.536
7585.000,-445908556.536
7586.000,-445908556.536
7587.000,-445908556.536
7588.000,-445908556.536
7589.000,-445908556.536
7590.000,-445908556.536
7591.000,-445908556.536
7592.000,-445908556.536
7593.000,-445908556.536
7594.000,-445908556.536
7595.000,-445908556.536
7596.000,-445908556.536
7597.000,-445908556.536
7598.000,-445908556.536
7599.000,-445908556.536
7600.000,-445908556.536
7601.000,-445908556.536
7602.000,-445908556.536
7603.000,-445908556.536
7604.000,-445908556.536
7605.000,-445908556.536
7606.000,-445908556.536
7607.000,-445908556.536
7608.000,-445908556.536
7609.000,-445908556.536
7610.000,-445908556.536
7611.000,-445908556.536
7612.000,-445908556.536
7613.000,-445908556.536
7614.000,-445908556.536
7615.000,-445908556.536
7616.000,-445908556.536
7617.000,-445908556.536
7618.000,-445908556.536
7619.000,-445908556.536
7620.000,-445908556.536
7621.000,-445908556.536
7622.000,-445908556.536
7623.000,-445908556.536
7624.000,-445908556.536
7625.000,-445908556.536
7626.000,-445908556.536
7627.000,-445908556.536
7628.000,-445908556.536
7629.000,-445908635.660
7630.000,-445908556.536
7631.000,-445908556.536
7632.000,-445908556.536
7633.000,-445908556.536
7634.000,-445908556.536
7635.000,-445908556.536
7636.000,-445908556.536
7637.000,-445908635.660
7638.000,-445908635.660
7639.000,-445908556.536
7640.000,-445908556.536
7641.000,-445908556.536
7642.000,-445908556.536
7643.000,-445908556.536
7644.000,-445908556.536
7645.000,-445908556.536
7646.000,-445908635.660
7647.000,-445908556.536
7648.000,-445908556.536
7649.000,-445908556.536
7650.000,-445908556.536
7651.000,-445908556.536
7652.000,-445908556.536
7653.000,-445908556.536
7654.000,-445908556.536
7655.000,-445908556.536
7656.000,-445908556.536
7657.000,-445908556.536
7658.000,-445908556.536
7659.000,-445908556.536
7660.000,-445908556.536
7661.000,-445908556.536
7662.000,-445908556.536
7663.000,-445908556.536
7664.000,-445908556.536
7665.000,-445908556.536
7666.000,-445908556.536
7667.000,-445908556.536
7668.000,-445908556.536
7669.000,-445908556.536
7670.000,-445908556.536
7671.000,-445908556.536
7672.000,-445908556.536
7673.000,-445908556.536
7674.000,-445908556.536
7675.000,-445908556.536
7676.000,-445908556.536
7677.000,-445908556.536
7678.000,-445908556.536
7679.000,-445908556.536
7680.000,-445908556.536
7681.000,-445908556.536
7682.000,-445908556.536
7683.000,-445908556.536
7684.000,-445908556.536
7685.000,-445908556.536
7686.000,-445908556.536
7687.000,-445908556.536
7688.000,-445908556.536
7689.000,-445908556.536
7690.000,-445908556.536
7691.000,-445908556.536
7692.000,-445908556.536
7693.000,-445908556.536
7694.000,-445908556.536
7695.000,-445908556.536
7696.000,-445908635.660
7697.000,-445908556.536
7698.000,-445908556.536
7699.000,-445908556.536
7700.000,-445908556.536
7701.000,-445908556.536
7702.000,-445908556.536
7703.000,-445908556.536
7704.000,-445908556.536
7705.000,-445908556.536
7706.000,-445908556.536
7707.000,-445908556.536
7708.000,-445908556.536
7709.000,-445908556.536
7710.000,-445908556.536
7711.000,-445908556.536
7712.000,-445908556.536
7713.000,-445908556.536
7714.000,-445908556.536
7715.000,-445908556.536
7716.000,-445908556.536
7717.000,-445908556.536
7718.000,-445908556.536
7719.000,-445908556.536
7720.000,-445908556.536
7721.000,-445908556.536
7722.000,-445908556.536
7723.000,-445908556.536
7724.000,-445908556.536
7725.000,-445908556.536
7726.000,-445908556.536
7727.000,-445908556.536
7728.000,-445908556.536
7729.000,-445908556.536
7730.000,-445908556.536
7731.000,-445908556.536
7732.000,-445908556.536
7733.000,-445908556.536
7734.000,-445908556.536
7735.000,-445908556.536
7736.000,-445908556.536
7737.000,-445908556.536
7738.000,-445908556.536
7739.000,-445908556.536
7740.000,-445908556.536
7741.000,-445908556.536
7742.000,-445908477.412
7743.000,-445908556.536
7744.000,-445908556.536
7745.000,-445908556.536
7746.000,-445908556.536
7747.000,-445908556.536
7748.000,-445908556.536
7749.000,-445908477.412
7750.000,-445908477.412
7751.000,-445908556.536
7752.000,-445908556.536
7753.000,-445908556.536
7754.000,-445908556.536
7755.000,-445908556.536
7756.000,-445908556.536
7757.000,-445908477.412
7758.000,-445908477.412
7759.000,-445908477.412
7760.000,-445908556.536
7761.000,-445908556.536
7762.000,-445908556.536
7763.000,-445908556.536
7764.000,-445908556.536
7765.000,-445908477.412
7766.000,-445908477.412
7767.000,-445908477.412
7768.000,-445908477.412
7769.000,-445908556.536
7770.000,-445908556.536
7771.000,-445908556.536
7772.000,-445908556.536
7773.000,-445908556.536
7774.000,-445908477.412
7775.000,-445908477.412
7776.000,-445908477.412
7777.000,-445908477.412
7778.000,-445908556.536
7779.000,-445908556.536
7780.000,-445908556.536
7781.000,-445908556.536
7782.000,-445908477.412
7783.000,-445908477.412
7784.000,-445908477.412
7785.000,-445908477.412
7786.000,-445908477.412
7787.000,-445908556.536
7788.000,-445908556.536
7789.000,-445908556.536
7790.000,-445908477.412
7791.000,-445908477.412
7792.000,-445908477.412
7793.000,-445908477.412
7794.000,-445908477.412
7795.000,-445908556.536
7796.000,-445908556.536
7797.000,-445908556.536
7798.000,-445908477.412
7799.000,-445908477.412
7800.000,-445908477.412
7801.000,-445908477.412
7802.000,-445908477.412
7803.000,-445908477.412
7804.000,-445908556.536
7805.000,-445908556.536
7806.000,-445908477.412
7807.000,-445908477.412
7808.000,-445908477.412
7809.000,-445908477.412
7810.000,-445908477.412
7811.000,-445908477.412
7812.000,-445908477.412
7813.000,-445908477.412
7814.000,-445908477.412
7815.000,-445908477.412
7816.000,-445908477.412
7817.000,-445908477.412
7818.000,-445908477.412
7819.000,-445908477.412
7820.000,-445908477.412
7821.000,-445908477.412
7822.000,-445908477.412
7823.000,-445908477.412
7824.000,-445908477.412
7825.000,-445908477.412
7826.000,-445908477.412
7827.000,-445908477.412
7828.000,-445908477.412
7829.000,-445908477.412
7830.000,-445908477.412
7831.000,-445908477.412
7832.000,-445908477.412
7833.000,-445908398.288
7834.000,-445908398.288
7835.000,-445908477.412
7836.000,-445908477.412
7837.000,-445908477.412
7838.000,-445908477.412
7839.000,-445908477.412
7840.000,-445908477.412
7841.000,-445908398.288
7842.000,-445908398.288
7843.000,-445908398.288
7844.000,-445908477.412
7845.000,-445908477.412
7846.000,-445908477.412
7847.000,-445908477.412
7848.000,-445908477.412
7849.000,-445908398.288
7850.000,-445908398.288
7851.000,-445908398.288
7852.000,-445908477.412
7853.000,-445908477.412
7854.000,-445908477.412
7855.000,-445908477.412
7856.000,-445908477.412
7857.000,-445908398.288
7858.000,-445908398.288
7859.000,-445908398.288
7860.000,-445908398.288
7861.000,-445908477.412
7862.000,-445908477.412
7863.000,-445908477.412
7864.000,-445908477.412
7865.000,-445908398.288
7866.000,-445908398.288
7867.000,-445908398.288
7868.000,-445908398.288
7869.000,-445908398.288
7870.000,-445908477.412
7871.000,-445908477.412
7872.000,-445908398.288
7873.000,-445908398.288
7874.000,-445908398.288
7875.000,-445908398.288
7876.000,-445908398.288
7877.000,-445908398.288
7878.000,-445908398.288
7879.000,-445908477.412
7880.000,-445908398.288
7881.000,-445908398.288
7882.000,-445908398.288
7883.000,-445908398.288
7884.000,-445908398.288
7885.000,-445908398.288
7886.000,-445908398.288
7887.000,-445908398.288
7888.000,-445908398.288
7889.000,-445908398.288
7890.000,-445908398.288
7891.000,-445908398.288
7892.000,-445908398.288
7893.000,-445908398.288
7894.000,-445908398.288
7895.000,-445908398.288
7896.000,-445908398.288
7897.000,-445908398.288
7898.000,-445908398.288
7899.000,-445908398.288
7900.000,-445908398.288
7901.000,-445908398.288
7902.000,-445908398.288
7903.000,-445908398.288
7904.000,-445908398.288
7905.000,-445908398.288
7906.000,-445908398.288
7907.000,-445908398.288
7908.000,-445908398.288
7909.000,-445908398.288
7910.000,-445908398.288
7911.000,-445908398.288
7912.000,-445908398.288
7913.000,-445908398.288
7914.000,-445908398.288
7915.000,-445908398.288
7916.000,-445908319.164
7917.000,-445908319.164
7918.000,-445908398.288
7919.000,-445908398.288
7920.000,-445908398.288
7921.000,-445908398.288
7922.000,-445908398.288
7923.000,-445908398.288
7924.000,-445908319.164
7925.000,-445908319.164
7926.000,-445908319.164
7927.000,-445908398.288
7928.000,-445908398.288
7929.000,-445908398.288
7930.000,-445908398.288
7931.000,-445908319.164
7932.000,-445908319.164
7933.000,-445908319.164
7934.000,-445908319.164
7935.000,-445908319.164
7936.000,-445908398.288
7937.000,-445908398.288
7938.000,-445908398.288
7939.000,-445908319.164
7940.000,-445908319.164
7941.000,-445908319.164
7942.000,-445908319.164
7943.000,-445908319.164
7944.000,-445908319.164
7945.000,-445908398.288
7946.000,-445908398.288
7947.000,-445908319.164
7948.000,-445908319.164
7949.000,-445908319.164
7950.000,-445908319.164
7951.000,-445908319.164
7952.000,-445908319.164
7953.000,-445908319.164
7954.000,-445908398.288
7955.000,-445908319.164
7956.000,-445908319.164
7957.000,-445908319.164
7958.000,-445908319.164
7959.000,-445908319.164
7960.000,-445908319.164
7961.000,-445908319.164
7962.000,-445908319.164
7963.000,-445908319.164
7964.000,-445908319.164
7965.000,-445908319.164
7966.000,-445908319.164
7967.000,-445908319.164
7968.000,-445908319.164
7969.000,-445908319.164
7970.000,-445908319.164
7971.000,-445908319.164
7972.000,-445908319.164
7973.000,-445908319.164
7974.000,-445908319.164
7975.000,-445908319.164
7976.000,-445908319.164
7977.000,-445908319.164
7978.000,-445908319.164
7979.000,-445908319.164
7980.000,-445908319.164
7981.000,-445908319.164
7982.000,-445908319.164
7983.000,-445908240.040
7984.000,-445908240.040
7985.000,-445908319.164
7986.000,-445908319.164
7987.000,-445908319.164
7988.000,-445908319.164
7989.000,-445908319.164
7990.000,-445908240.040
7991.000,-445908240.040
7992.000,-445908240.040
7993.000,-445908240.040
7994.000,-445908319.164
7995.000,-445908319.164
7996.000,-445908319.164
7997.000,-445908319.164
7998.000,-445908240.040
7999.000,-445908240.040
8000.000,-445908240.040
8001.000,-445908240.040
8002.000,-445908319.164
8003.000,-445908319.164
8004.000,-445908319.164
8005.000,-445908319.164
8006.000,-445908240.040
8007.000,-445908240.040
8008.000,-445908240.040
8009.000,-445908240.040
8010.000,-445908240.040
8011.000,-445908319.164
8012.000,-445908319.164
8013.000,-445908319.164
8014.000,-445908240.040
8015.000,-445908240.040
8016.000,-445908240.040
8017.000,-445908240.040
8018.000,-445908240.040
8019.000,-445908240.040
8020.000,-445908319.164
8021.000,-445908319.164
8022.000,-445908319.164
8023.000,-445908240.040
8024.000,-445908240.040
8025.000,-445908240.040
8026.000,-445908240.040
8027.000,-445908240.040
8028.000,-445908240.040
8029.000,-445908319.164
8030.000,-445908319.164
8031.000,-445908240.040
8032.000,-445908240.040
8033.000,-445908240.040
8034.000,-445908240.040
8035.000,-445908240.040
8036.000,-445908240.040
8037.000,-445908240.040
8038.000,-445908240.040
8039.000,-445908240.040
8040.000,-445908240.040
8041.000,-445908240.040
8042.000,-445908240.040
8043.000,-445908240.040
8044.000,-445908240.040
8045.000,-445908240.040
8046.000,-445908240.040
8047.000,-445908240.040
8048.000,-445908240.040
8049.000,-445908240.040
8050.000,-445908240.040
8051.000,-445908240.040
8052.000,-445908240.040
8053.000,-445908240.040
8054.000,-445908240.040
8055.000,-445908240.040
8056.000,-445908240.040
8057.000,-445908240.040
8058.000,-445908240.040
8059.000,-445908240.040
8060.000,-445908240.040
8061.000,-445908240.040
8062.000,-445908240.040
8063.000,-445908240.040
8064.000,-445908240.040
8065.000,-445908240.040
8066.000,-445908240.040
8067.000,-445908240.040
8068.000,-445908240.040
8069.000,-445908240.040
8070.000,-445908240.040
8071.000,-445908240.040
8072.000,-445908240.040
8073.000,-445908240.040
8074.000,-445908160.916
8075.000,-445908160.916
8076.000,-445908160.916
8077.000,-445908240.040
8078.000,-445908240.040
8079.000,-445908240.040
8080.000,-445908240.040
8081.000,-445908240.040
8082.000,-445908160.916
8083.000,-445908160.916
8084.000,-445908160.916
8085.000,-445908240.040
8086.000,-445908240.040
8087.000,-445908240.040
8088.000,-445908240.040
8089.000,-445908240.040
8090.000,-445908160.916
8091.000,-445908160.916
8092.000,-445908160.916
8093.000,-445908160.916
8094.000,-445908240.040
8095.000,-445908240.040
8096.000,-445908240.040
8097.000,-445908240.040
8098.000,-445908240.040
8099.000,-445908160.916
8100.000,-445908160.916
8101.000,-445908160.916
8102.000,-445908240.040
8103.000,-445908240.040
8104.000,-445908240.040
8105.000,-445908240.040
8106.000,-445908240.040
8107.000,-445908160.916
8108.000,-445908160.916
8109.000,-445908160.916
8110.000,-445908160.916
8111.000,-445908240.040
8112.000,-445908240.040
8113.000,-445908240.040
8114.000,-445908240.040
8115.000,-445908160.916
8116.000,-445908160.916
8117.000,-445908160.916
8118.000,-445908160.916
8119.000,-445908240.040
8120.000,-445908240.040
8121.000,-445908240.040
8122.000,-445908240.040
8123.000,-445908160.916
8124.000,-445908160.916
8125.000,-445908160.916
8126.000,-445908160.916
8127.000,-445908160.916
8128.000,-445908240.040
8129.000,-445908240.040
8130.000,-445908240.040
8131.000,-445908240.040
8132.000,-445908160.916
8133.000,-445908160.916
8134.000,-445908160.916
8135.000,-445908160.916
8136.000,-445908240.040
8137.000,-445908240.040
8138.000,-445908240.040
8139.000,-445908240.040
8140.000,-445908160.916
8141.000,-445908160.916
8142.000,-445908160.916
8143.000,-445908160.916
8144.000,-445908160.916
8145.000,-445908240.040
8146.000,-445908240.040
8147.000,-445908240.040
8148.000,-445908160.916
8149.000,-445908160.916
8150.000,-445908160.916
8151.000,-445908160.916
8152.000,-445908160.916
8153.000,-445908240.040
8154.000,-445908240.040
8155.000,-445908240.040
8156.000,-445908240.040
8157.000,-445908160.916
8158.000,-445908160.916
8159.000,-445908160.916
8160.000,-445908160.916
8161.000,-445908240.040
8162.000,-445908240.040
8163.000,-445908240.040
8164.000,-445908240.040
8165.000,-445908160.916
8166.000,-445908160.916
8167.000,-445908160.916
8168.000,-445908160.916
8169.000,-445908160.916
8170.000,-445908240.040
8171.000,-445908240.040
8172.000,-445908240.040
8173.000,-445908160.916
8174.000,-445908160.916
8175.000,-445908160.916
8176.000,-445908160.916
8177.000,-445908160.916
8178.000,-445908240.040
8179.000,-445908240.040
8180.000,-445908240.040
8181.000,-445908160.916
8182.000,-445908160.916
8183.000,-445908160.916
8184.000,-445908160.916
8185.000,-445908160.916
8186.000,-445908240.040
8187.000,-445908240.040
8188.000,-445908240.040
8189.000,-445908240.040
8190.000,-445908160.916
8191.000,-445908160.916
8192.000,-445908160.916
8193.000,-445908160.916
8194.000,-445908240.040
8195.000,-445908240.040
8196.000,-445908240.040
8197.000,-445908240.040
8198.000,-445908160.916
8199.000,-445908160.916
8200.000,-445908160.916
8201.000,-445908160.916
8202.000,-445908160.916
8203.000,-445908240.040
8204.000,-445908240.040
8205.000,-445908240.040
8206.000,-445908240.040
8207.000,-445908160.916
8208.000,-445908160.916
8209.000,-445908160.916
8210.000,-445908160.916
8211.000,-445908240.040
8212.000,-445908240.040
8213.000,-445908240.040
8214.000,-445908240.040
8215.000,-445908160.916
8216.000,-445908160.916
8217.000,-445908160.916
8218.000,-445908160.916
8219.000,-445908240.040
8220.000,-445908240.040
8221.000,-445908240.040
8222.000,-445908240.040
8223.000,-445908240.040
8224.000,-445908160.916
8225.000,-445908160.916
8226.000,-445908160.916
8227.000,-445908240.040
8228.000,-445908240.040
8229.000,-445908240.040
8230.000,-445908240.040
8231.000,-445908240.040
8232.000,-445908160.916
8233.000,-445908160.916
8234.000,-445908160.916
8235.000,-445908240.040
8236.000,-445908240.040
8237.000,-445908240.040
8238.000,-445908240.040
8239.000,-445908240.040
8240.000,-445908240.040
8241.000,-445908160.916
8242.000,-445908160.916
8243.000,-445908240.040
8244.000,-445908240.040
8245.000,-445908240.040
8246.000,-445908240.040
8247.000,-445908240.040
8248.000,-445908240.040
8249.000,-445908240.040
8250.000,-445908160.916
8251.000,-445908240.040
8252.000,-445908240.040
8253.000,-445908240.040
8254.000,-445908240.040
8255.000,-445908240.040
8256.000,-445908240.040
8257.000,-445908240.040
8258.000,-445908240.040
8259.000,-445908240.040
8260.000,-445908240.040
8261.000,-445908240.040
8262.000,-445908240.040
8263.000,-445908240.040
8264.000,-445908240.040
8265.000,-445908240.040
8266.000,-445908240.040
8267.000,-445908240.040
8268.000,-445908240.040
8269.000,-445908240.040
8270.000,-445908240.040
8271.000,-445908240.040
8272.000,-445908240.040
8273.000,-445908240.040
8274.000,-445908240.040
8275.000,-445908240.040
8276.000,-445908240.040
8277.000,-445908240.040
8278.000,-445908240.040
8279.000,-445908240.040
8280.000,-445908240.040
8281.000,-445908240.040
8282.000,-445908240.040
8283.000,-445908240.040
8284.000,-445908240.040
8285.000,-445908240.040
8286.000,-445908240.040
8287.000,-445908319.164
8288.000,-445908319.164
8289.000,-445908240.040
8290.000,-445908240.040
8291.000,-445908240.040
8292.000,-445908240.040
8293.000,-445908240.040
8294.000,-445908240.040
8295.000,-445908319.164
8296.000,-445908319.164
8297.000,-445908319.164
8298.000,-445908240.040
8299.000,-445908240.040
8300.000,-445908240.040
8301.000,-445908240.040
8302.000,-445908240.040
8303.000,-445908319.164
8304.000,-445908319.164
8305.000,-445908319.164
8306.000,-445908319.164
8307.000,-445908240.040
8308.000,-445908240.040
8309.000,-445908240.040
8310.000,-445908240.040
8311.000,-445908240.040
8312.000,-445908319.164
8313.000,-445908319.164
8314.000,-445908319.164
8315.000,-445908319.164
8316.000,-445908240.040
8317.000,-445908240.040
8318.000,-445908240.040
8319.000,-445908319.164
8320.000,-445908319.164
8321.000,-445908319.164
8322.000,-445908319.164
8323.000,-445908319.164
8324.000,-445908240.040
8325.000,-445908240.040
8326.000,-445908240.040
8327.000,-445908319.164
8328.000,-445908319.164
8329.000,-445908319.164
8330.000,-445908319.164
8331.000,-445908319.164
8332.000,-445908319.164
8333.000,-445908240.040
8334.000,-445908319.164
8335.000,-445908319.164
8336.000,-445908319.164
8337.000,-445908319.164
8338.000,-445908319.164
8339.000,-445908319.164
8340.000,-445908319.164
8341.000,-445908319.164
8342.000,-445908319.164
8343.000,-445908319.164
8344.000,-445908319.164
8345.000,-445908319.164
8346.000,-445908319.164
8347.000,-445908319.164
8348.000,-445908319.164
8349.000,-445908319.164
8350.000,-445908319.164
8351.000,-445908319.164
8352.000,-445908319.164
8353.000,-445908319.164
8354.000,-445908319.164
8355.000,-445908319.164
8356.000,-445908319.164
8357.000,-445908319.164
8358.000,-445908319.164
8359.000,-445908319.164
8360.000,-445908319.164
8361.000,-445908319.164
8362.000,-445908398.288
8363.000,-445908398.288
8364.000,-445908319.164
8365.000,-445908319.164
8366.000,-445908319.164
8367.000,-445908319.164
8368.000,-445908319.164
8369.000,-445908319.164
8370.000,-445908398.288
8371.000,-445908398.288
8372.000,-445908398.288
8373.000,-445908319.164
8374.000,-445908319.164
8375.000,-445908319.164
8376.000,-445908319.164
8377.000,-445908319.164
8378.000,-445908398.288
8379.000,-445908398.288
8380.000,-445908398.288
8381.000,-445908319.164
8382.000,-445908319.164
8383.000,-445908319.164
8384.000,-445908319.164
8385.000,-445908319.164
8386.000,-445908398.288
8387.000,-445908398.288
8388.000,-445908398.288
8389.000,-445908398.288
8390.000,-445908319.164
8391.000,-445908319.164
8392.000,-445908319.164
8393.000,-445908319.164
8394.000,-445908398.288
8395.000,-445908398.288
8396.000,-445908398.288
8397.000,-445908398.288
8398.000,-445908398.288
8399.000,-445908319.164
8400.000,-445908319.164
8401.000,-445908319.164
8402.000,-445908398.288
8403.000,-445908398.288
8404.000,-445908398.288
8405.000,-445908398.288
8406.000,-445908398.288
8407.000,-445908398.288
8408.000,-445908319.164
8409.000,-445908319.164
8410.000,-445908398.288
8411.000,-445908398.288
8412.000,-445908398.288
8413.000,-445908398.288
8414.000,-445908398.288
8415.000,-445908398.288
8416.000,-445908398.288
8417.000,-445908398.288
8418.000,-445908398.288
8419.000,-445908398.288
8420.000,-445908398.288
8421.000,-445908398.288
8422.000,-445908398.288
8423.000,-445908398.288
8424.000,-445908398.288
8425.000,-445908398.288
8426.000,-445908398.288
8427.000,-445908398.288
8428.000,-445908398.288
8429.000,-445908398.288
8430.000,-445908398.288
8431.000,-445908398.288
8432.000,-445908398.288
8433.000,-445908398.288
8434.000,-445908398.288
8435.000,-445908398.288
8436.000,-445908398.288
8437.000,-445908477.412
8438.000,-445908398.288
8439.000,-445908398.288
8440.000,-445908398.288
8441.000,-445908398.288
8442.000,-445908398.288
8443.000,-445908398.288
8444.000,-445908477.412
8445.000,-445908477.412
8446.000,-445908477.412
8447.000,-445908477.412
8448.000,-445908398.288
8449.000,-445908398.288
8450.000,-445908398.288
8451.000,-445908398.288
8452.000,-445908477.412
8453.000,-445908477.412
8454.000,-445908477.412
8455.000,-445908477.412
8456.000,-445908398.288
8457.000,-445908398.288
8458.000,-445908398.288
8459.000,-445908398.288
8460.000,-445908398.288
8461.000,-445908477.412
8462.000,-445908477.412
8463.000,-445908477.412
8464.000,-445908477.412
8465.000,-445908477.412
8466.000,-445908398.288
8467.000,-445908398.288
8468.000,-445908398.288
8469.000,-445908477.412
8470.000,-445908477.412
8471.000,-445908477.412
8472.000,-445908477.412
8473.000,-445908477.412
8474.000,-445908477.412
8475.000,-445908398.288
8476.000,-445908398.288
8477.000,-445908477.412
8478.000,-445908477.412
8479.000,-445908477.412
8480.000,-445908477.412
8481.000,-445908477.412
8482.000,-445908477.412
8483.000,-445908477.412
8484.000,-445908477.412
8485.000,-445908477.412
8486.000,-445908477.412
8487.000,-445908477.412
8488.000,-445908477.412
8489.000,-445908477.412
8490.000,-445908477.412
8491.000,-445908477.412
8492.000,-445908477.412
8493.000,-445908477.412
8494.000,-445908477.412
8495.000,-445908477.412
8496.000,-445908477.412
8497.000,-445908477.412
8498.000,-445908477.412
8499.000,-445908477.412
8500.000,-445908477.412
8501.000,-445908477.412
8502.000,-445908477.412
8503.000,-445908477.412
8504.000,-445908477.412
8505.000,-445908477.412
8506.000,-445908477.412
8507.000,-445908477.412
8508.000,-445908477.412
8509.000,-445908477.412
8510.000,-445908477.412
8511.000,-445908477.412
8512.000,-445908556.536
8513.000,-445908556.536
8514.000,-445908477.412
8515.000,-445908477.412
8516.000,-445908477.412
8517.000,-445908477.412
8518.000,-445908477.412
8519.000,-445908477.412
8520.000,-445908556.536
8521.000,-445908556.536
8522.000,-445908556.536
8523.000,-445908477.412
8524.000,-445908477.412
8525.000,-445908477.412
8526.000,-445908477.412
8527.000,-445908477.412
8528.000,-445908556.536
8529.000,-445908556.536
8530.000,-445908556.536
8531.000,-445908556.536
8532.000,-445908477.412
8533.000,-445908477.412
8534.000,-445908477.412
8535.000,-445908477.412
8536.000,-445908556.536
8537.000,-445908556.536
8538.000,-445908556.536
8539.000,-445908556.536
8540.000,-445908477.412
8541.000,-445908477.412
8542.000,-445908477.412
8543.000,-445908477.412
8544.000,-445908556.536
8545.000,-445908556.536
8546.000,-445908556.536
8547.000,-445908556.536
8548.000,-445908556.536
8549.000,-445908477.412
8550.000,-445908477.412
8551.000,-445908477.412
8552.000,-445908556.536
8553.000,-445908556.536
8554.000,-445908556.536
8555.000,-445908556.536
8556.000,-445908556.536
8557.000,-445908477.412
8558.000,-445908477.412
8559.000,-445908477.412
8560.000,-445908556.536
8561.000,-445908556.536
8562.000,-445908556.536
8563.000,-445908556.536
8564.000,-445908556.536
8565.000,-445908556.536
8566.000,-445908477.412
8567.000,-445908477.412
8568.000,-445908556.536
8569.000,-445908556.536
8570.000,-445908556.536
8571.000,-445908556.536
8572.000,-445908556.536
8573.000,-445908556.536
8574.000,-445908477.412
8575.000,-445908477.412
8576.000,-445908556.536
8577.000,-445908556.536
8578.000,-445908556.536
8579.000,-445908556.536
8580.000,-445908556.536
8581.000,-445908556.536
8582.000,-445908556.536
8583.000,-445908477.412
8584.000,-445908556.536
8585.000,-445908556.536
8586.000,-445908556.536
8587.000,-445908556.536
8588.000,-445908556.536
8589.000,-445908556.536
8590.000,-445908556.536
8591.000,-445908477.412
8592.000,-445908477.412
8593.000,-445908556.536
8594.000,-445908556.536
8595.000,-445908556.536
8596.000,-445908635.660
8597.000,-445908556.536
8598.000,-445908556.536
8599.000,-445908556.536
8600.000,-445908556.536
8601.000,-445908556.536
8602.000,-445908556.536
8603.000,-445908556.536
8604.000,-445908556.536
8605.000,-445908556.536
8606.000,-445908556.536
8607.000,-445908556.536
8608.000,-445908556.536
8609.000,-445908556.536
8610.000,-445908556.536
8611.000,-445908556.536
8612.000,-445908556.536
8613.000,-445908556.536
8614.000,-445908556.536
8615.000,-445908556.536
8616.000,-445908556.536
8617.000,-445908556.536
8618.000,-445908556.536
8619.000,-445908556.536
8620.000,-445908556.536
8621.000,-445908556.536
8622.000,-445908556.536
8623.000,-445908556.536
8624.000,-445908556.536
8625.000,-445908556.536
8626.000,-445908556.536
8627.000,-445908556.536
8628.000,-445908556.536
8629.000,-445908556.536
8630.000,-445908556.536
8631.000,-445908556.536
8632.000,-445908556.536
8633.000,-445908556.536
8634.000,-445908556.536
8635.000,-445908556.536
8636.000,-445908556.536
8637.000,-445908556.536
8638.000,-445908556.536
8639.000,-445908556.536
8640.000,-445908556.536
8641.000,-445908556.536
8642.000,-445908556.536
8643.000,-445908556.536
8644.000,-445908556.536
8645.000,-445908556.536
8646.000,-445908635.660
8647.000,-445908556.536
8648.000,-445908556.536
8649.000,-445908556.536
8650.000,-445908556.536
8651.000,-445908556.536
8652.000,-445908556.536
8653.000,-445908556.536
8654.000,-445908635.660
8655.000,-445908556.536
8656.000,-445908556.536
8657.000,-445908556.536
8658.000,-445908556.536
8659.000,-445908556.536
8660.000,-445908556.536
8661.000,-445908556.536
8662.000,-445908635.660
8663.000,-445908635.660
8664.000,-445908556.536
8665.000,-445908556.536
8666.000,-445908556.536
8667.000,-445908556.536
8668.000,-445908556.536
8669.000,-445908556.536
8670.000,-445908556.536
8671.000,-445908635.660
8672.000,-445908556.536
8673.000,-445908556.536
8674.000,-445908556.536
8675.000,-445908556.536
8676.000,-445908556.536
8677.000,-445908556.536
8678.000,-445908556.536
8679.000,-445908635.660
8680.000,-445908635.660
8681.000,-445908556.536
8682.000,-445908556.536
8683.000,-445908556.536
8684.000,-445908556.536
8685.000,-445908556.536
8686.000,-445908556.536
8687.000,-445908556.536
8688.000,-445908556.536
8689.000,-445908556.536
8690.000,-445908556.536
8691.000,-445908556.536
8692.000,-445908556.536
8693.000,-445908556.536
8694.000,-445908556.536
8695.000,-445908556.536
8696.000,-445908556.536
8697.000,-445908556.536
8698.000,-445908556.536
8699.000,-445908556.536
8700.000,-445908556.536
8701.000,-445908556.536
8702.000,-445908556.536
8703.000,-445908556.536
8704.000,-445908556.536
8705.000,-445908556.536
8706.000,-445908556.536
8707.000,-445908556.536
8708.000,-445908556.536
8709.000,-445908556.536
8710.000,-445908556.536
8711.000,-445908556.536
8712.000,-445908556.536
8713.000,-445908556.536
8714.000,-445908556.536
8715.000,-445908556.536
8716.000,-445908556.536
8717.000,-445908556.536
8718.000,-445908556.536
8719.000,-445908556.536
8720.000,-445908556.536
8721.000,-445908556.536
8722.000,-445908556.536
8723.000,-445908556.536
8724.000,-445908556.536
8725.000,-445908556.536
8726.000,-445908556.536
8727.000,-445908556.536
8728.000,-445908556.536
8729.000,-445908556.536
8730.000,-445908556.536
8731.000,-445908556.536
8732.000,-445908556.536
8733.000,-445908556.536
8734.000,-445908556.536
8735.000,-445908556.536
8736.000,-445908556.536
8737.000,-445908556.536
8738.000,-445908556.536
8739.000,-445908556.536
8740.000,-445908556.536
8741.000,-445908556.536
8742.000,-445908556.536
8743.000,-445908556.536
8744.000,-445908556.536
8745.000,-445908556.536
8746.000,-445908556.536
8747.000,-445908556.536
8748.000,-445908556.536
8749.000,-445908556.536
8750.000,-445908556.536
8751.000,-445908556.536
8752.000,-445908556.536
8753.000,-445908556.536
8754.000,-445908556.536
8755.000,-445908556.536
8756.000,-445908556.536
8757.000,-445908556.536
8758.000,-445908477.412
8759.000,-445908477.412
8760.000,-445908556.536
8761.000,-445908556.536
8762.000,-445908556.536
8763.000,-445908556.536
8764.000,-445908556.536
8765.000,-445908556.536
8766.000,-445908477.412
8767.000,-445908477.412
8768.000,-445908477.412
8769.000,-445908556.536
8770.000,-445908556.536
8771.000,-445908556.536
8772.000,-445908556.536
8773.000,-445908556.536
8774.000,-445908477.412
8775.000,-445908477.412
8776.000,-445908477.412
8777.000,-445908556.536
8778.000,-445908556.536
8779.000,-445908556.536
8780.000,-445908556.536
8781.000,-445908556.536
8782.000,-445908477.412
8783.000,-445908477.412
8784.000,-445908477.412
8785.000,-445908477.412
8786.000,-445908556.536
8787.000,-445908556.536
8788.000,-445908556.536
8789.000,-445908556.536
8790.000,-445908477.412
8791.000,-445908477.412
8792.000,-445908477.412
8793.000,-445908477.412
8794.000,-445908477.412
8795.000,-445908556.536
8796.000,-445908556.536
8797.000,-445908556.536
8798.000,-445908477.412
8799.000,-445908477.412
8800.000,-445908477.412
8801.000,-445908477.412
8802.000,-445908477.412
8803.000,-445908477.412
8804.000,-445908556.536
8805.000,-445908477.412
8806.000,-445908477.412
8807.000,-445908477.412
8808.000,-445908477.412
8809.000,-445908477.412
8810.000,-445908477.412
8811.000,-445908477.412
8812.000,-445908477.412
8813.000,-445908477.412
8814.000,-445908477.412
8815.000,-445908477.412
8816.000,-445908477.412
8817.000,-445908477.412
8818.000,-445908477.412
8819.000,-445908477.412
8820.000,-445908477.412
8821.000,-445908477.412
8822.000,-445908477.412
8823.000,-445908477.412
8824.000,-445908477.412
8825.000,-445908477.412
8826.000,-445908477.412
8827.000,-445908477.412
8828.000,-445908477.412
8829.000,-445908477.412
8830.000,-445908477.412
8831.000,-445908477.412
8832.000,-445908477.412
8833.000,-445908477.412
8834.000,-445908477.412
8835.000,-445908477.412
8836.000,-445908477.412
8837.000,-445908477.412
8838.000,-445908477.412
8839.000,-445908477.412
8840.000,-445908477.412
8841.000,-445908398.288
8842.000,-445908398.288
8843.000,-445908477.412
8844.000,-445908477.412
8845.000,-445908477.412
8846.000,-445908477.412
8847.000,-445908477.412
8848.000,-445908477.412
8849.000,-445908398.288
8850.000,-445908398.288
8851.000,-445908398.288
8852.000,-445908477.412
8853.000,-445908477.412
8854.000,-445908477.412
8855.000,-445908477.412
8856.000,-445908477.412
8857.000,-445908398.288
8858.000,-445908398.288
8859.000,-445908398.288
8860.000,-445908398.288
8861.000,-445908477.412
8862.000,-445908477.412
8863.000,-445908477.412
8864.000,-445908477.412
8865.000,-445908398.288
8866.000,-445908398.288
8867.000,-445908398.288
8868.000,-445908398.288
8869.000,-445908398.288
8870.000,-445908477.412
8871.000,-445908477.412
8872.000,-445908477.412
8873.000,-445908398.288
8874.000,-445908398.288
8875.000,-445908398.288
8876.000,-445908398.288
8877.000,-445908398.288
8878.000,-445908398.288
8879.000,-445908398.288
8880.000,-445908398.288
8881.000,-445908398.288
8882.000,-445908398.288
8883.000,-445908398.288
8884.000,-445908398.288
8885.000,-445908398.288
8886.000,-445908398.288
8887.000,-445908398.288
8888.000,-445908398.288
8889.000,-445908398.288
8890.000,-445908398.288
8891.000,-445908398.288
8892.000,-445908398.288
8893.000,-445908398.288
8894.000,-445908398.288
8895.000,-445908398.288
8896.000,-445908398.288
8897.000,-445908398.288
8898.000,-445908398.288
8899.000,-445908398.288
8900.000,-445908398.288
8901.000,-445908398.288
8902.000,-445908398.288
8903.000,-445908398.288
8904.000,-445908398.288
8905.000,-445908398.288
8906.000,-445908398.288
8907.000,-445908398.288
8908.000,-445908319.164
8909.000,-445908319.164
8910.000,-445908398.288
8911.000,-445908398.288
8912.000,-445908398.288
8913.000,-445908398.288
8914.000,-445908398.288
8915.000,-445908398.288
8916.000,-445908319.164
8917.000,-445908319.164
8918.000,-445908319.164
8919.000,-445908398.288
8920.000,-445908398.288
8921.000,-445908398.288
8922.000,-445908398.288
8923.000,-445908398.288
8924.000,-445908319.164
8925.000,-445908319.164
8926.000,-445908319.164
8927.000,-445908319.164
8928.000,-445908398.288
8929.000,-445908398.288
8930.000,-445908398.288
8931.000,-445908398.288
8932.000,-445908319.164
8933.000,-445908319.164
8934.000,-445908319.164
8935.000,-445908319.164
8936.000,-445908398.288
8937.000,-445908398.288
8938.000,-445908398.288
8939.000,-445908319.164
8940.000,-445908319.164
8941.000,-445908319.164
8942.000,-445908319.164
8943.000,-445908319.164
8944.000,-445908319.164
8945.000,-445908398.288
8946.000,-445908398.288
8947.000,-445908319.164
8948.000,-445908319.164
8949.000,-445908319.164
8950.000,-445908319.164
8951.000,-445908319.164
8952.000,-445908319.164
8953.000,-445908319.164
8954.000,-445908398.288
8955.000,-445908319.164
8956.000,-445908319.164
8957.000,-445908319.164
8958.000,-445908319.164
8959.000,-445908319.164
8960.000,-445908319.164
8961.000,-445908319.164
8962.000,-445908319.164
8963.000,-445908319.164
8964.000,-445908319.164
8965.000,-445908319.164
8966.000,-445908319.164
8967.000,-445908319.164
8968.000,-445908319.164
8969.000,-445908319.164
8970.000,-445908319.164
8971.000,-445908319.164
8972.000,-445908319.164
8973.000,-445908319.164
8974.000,-445908319.164
8975.000,-445908240.040
8976.000,-445908240.040
8977.000,-445908319.164
8978.000,-445908319.164
8979.000,-445908319.164
8980.000,-445908319.164
8981.000,-445908319.164
8982.000,-445908319.164
8983.000,-445908240.040
8984.000,-445908240.040
8985.000,-445908319.164
8986.000,-445908319.164
8987.000,-445908319.164
8988.000,-445908319.164
8989.000,-445908319.164
8990.000,-445908319.164
8991.000,-445908240.040
8992.000,-445908240.040
8993.000,-445908240.040
8994.000,-445908319.164
8995.000,-445908319.164
8996.000,-445908319.164
8997.000,-445908319.164
8998.000,-445908319.164
8999.000,-445908240.040
9000.000,-445908240.040
9001.000,-445908240.040
9002.000,-445908240.040
9003.000,-445908319.164
9004.000,-445908319.164
9005.000,-445908319.164
9006.000,-445908319.164
9007.000,-445908240.040
9008.000,-445908240.040
9009.000,-445908240.040
9010.000,-445908240.040
9011.000,-445908319.164
9012.000,-445908319.164
9013.000,-445908319.164
9014.000,-445908240.040
9015.000,-445908240.040
9016.000,-445908240.040
9017.000,-445908240.040
9018.000,-445908240.040
9019.000,-445908240.040
9020.000,-445908319.164
9021.000,-445908319.164
9022.000,-445908240.040
9023.000,-445908240.040
9024.000,-445908240.040
9025.000,-445908240.040
9026.000,-445908240.040
9027.000,-445908240.040
9028.000,-445908240.040
9029.000,-445908319.164
9030.000,-445908319.164
9031.000,-445908240.040
9032.000,-445908240.040
9033.000,-445908240.040
9034.000,-445908240.040
9035.000,-445908240.040
9036.000,-445908240.040
9037.000,-445908319.164
9038.000,-445908319.164
9039.000,-445908240.040
9040.000,-445908240.040
9041.000,-445908240.040
9042.000,-445908240.040
9043.000,-445908240.040
9044.000,-445908240.040
9045.000,-445908240.040
9046.000,-445908240.040
9047.000,-445908240.040
9048.000,-445908240.040
9049.000,-445908240.040
9050.000,-445908240.040
9051.000,-445908240.040
9052.000,-445908240.040
9053.000,-445908240.040
9054.000,-445908240.040
9055.000,-445908240.040
9056.000,-445908240.040
9057.000,-445908240.040
9058.000,-445908160.916
9059.000,-445908160.916
9060.000,-445908240.040
9061.000,-445908240.040
9062.000,-445908240.040
9063.000,-445908240.040
9064.000,-445908240.040
9065.000,-445908240.040
9066.000,-445908160.916
9067.000,-445908160.916
9068.000,-445908240.040
9069.000,-445908240.040
9070.000,-445908240.040
9071.000,-445908240.040
9072.000,-445908240.040
9073.000,-445908240.040
9074.000,-445908240.040
9075.000,-445908160.916
9076.000,-445908160.916
9077.000,-445908240.040
9078.000,-445908240.040
9079.000,-445908240.040
9080.000,-445908240.040
9081.000,-445908240.040
9082.000,-445908240.040
9083.000,-445908160.916
9084.000,-445908160.916
9085.000,-445908240.040
9086.000,-445908240.040
9087.000,-445908240.040
9088.000,-445908240.040
9089.000,-445908240.040
9090.000,-445908240.040
9091.000,-445908160.916
9092.000,-445908160.916
9093.000,-445908160.916
9094.000,-445908240.040
9095.000,-445908240.040
9096.000,-445908240.040
9097.000,-445908240.040
9098.000,-445908240.040
9099.000,-445908160.916
9100.000,-445908160.916
9101.000,-445908160.916
9102.000,-445908240.040
9103.000,-445908240.040
9104.000,-445908240.040
9105.000,-445908240.040
9106.000,-445908240.040
9107.000,-445908160.916
9108.000,-445908160.916
9109.000,-445908160.916
9110.000,-445908160.916
9111.000,-445908240.040
9112.000,-445908240.040
9113.000,-445908240.040
9114.000,-445908240.040
9115.000,-445908160.916
9116.000,-445908160.916
9117.000,-445908160.916
9118.000,-445908160.916
9119.000,-445908240.040
9120.000,-445908240.040
9121.000,-445908240.040
9122.000,-445908240.040
9123.000,-445908160.916
9124.000,-445908160.916
9125.000,-445908160.916
9126.000,-445908160.916
9127.000,-445908160.916
9128.000,-445908240.040
9129.000,-445908240.040
9130.000,-445908240.040
9131.000,-445908240.040
9132.000,-445908160.916
9133.000,-445908160.916
9134.000,-445908160.916
9135.000,-445908160.916
9136.000,-445908240.040
9137.000,-445908240.040
9138.000,-445908240.040
9139.000,-445908240.040
9140.000,-445908160.916
9141.000,-445908160.916
9142.000,-445908160.916
9143.000,-445908160.916
9144.000,-445908160.916
9145.000,-445908240.040
9146.000,-445908240.040
9147.000,-445908240.040
9148.000,-445908240.040
9149.000,-445908160.916
9150.000,-445908160.916
9151.000,-445908160.916
9152.000,-445908160.916
9153.000,-445908240.040
9154.000,-445908240.040
9155.000,-445908240.040
9156.000,-445908240.040
9157.000,-445908160.916
9158.000,-445908160.916
9159.000,-445908160.916
9160.000,-445908160.916
9161.000,-445908160.916
9162.000,-445908240.040
9163.000,-445908240.040
9164.000,-445908240.040
9165.000,-445908160.916
9166.000,-445908160.916
9167.000,-445908160.916
9168.000,-445908160.916
9169.000,-445908160.916
9170.000,-445908240.040
9171.000,-445908240.040
9172.000,-445908240.040
9173.000,-445908160.916
9174.000,-445908160.916
9175.000,-445908160.916
9176.000,-445908160.916
9177.000,-445908160.916
9178.000,-445908240.040
9179.000,-445908240.040
9180.000,-445908240.040
9181.000,-445908160.916
9182.000,-445908160.916
9183.000,-445908160.916
9184.000,-445908160.916
9185.000,-445908160.916
9186.000,-445908240.040
9187.000,-445908240.040
9188.000,-445908240.040
9189.000,-445908240.040
9190.000,-445908160.916
9191.000,-445908160.916
9192.000,-445908160.916
9193.000,-445908160.916
9194.000,-445908240.040
9195.000,-445908240.040
9196.000,-445908240.040
9197.000,-445908240.040
9198.000,-445908160.916
9199.000,-445908160.916
9200.000,-445908160.916
9201.000,-445908160.916
9202.000,-445908240.040
9203.000,-445908240.040
9204.000,-445908240.040
9205.000,-445908240.040
9206.000,-445908240.040
9207.000,-445908160.916
9208.000,-445908160.916
9209.000,-445908160.916
9210.000,-445908160.916
9211.000,-445908240.040
9212.000,-445908240.040
9213.000,-445908240.040
9214.000,-445908240.040
9215.000,-445908160.916
9216.000,-445908160.916
9217.000,-445908160.916
9218.000,-445908160.916
9219.000,-445908240.040
9220.000,-445908240.040
9221.000,-445908240.040
9222.000,-445908240.040
9223.000,-445908240.040
9224.000,-445908160.916
9225.000,-445908160.916
9226.000,-445908160.916
9227.000,-445908240.040
9228.000,-445908240.040
9229.000,-445908240.040
9230.000,-445908240.040
9231.000,-445908240.040
9232.000,-445908240.040
9233.000,-445908160.916
9234.000,-445908160.916
9235.000,-445908160.916
9236.000,-445908240.040
9237.000,-445908240.040
9238.000,-445908240.040
9239.000,-445908240.040
9240.000,-445908240.040
9241.000,-445908240.040
9242.000,-445908160.916
9243.000,-445908160.916
9244.000,-445908240.040
9245.000,-445908240.040
9246.000,-445908240.040
9247.000,-445908240.040
9248.000,-445908240.040
9249.000,-445908240.040
9250.000,-445908160.916
9251.000,-445908240.040
9252.000,-445908240.040
9253.000,-445908240.040
9254.000,-445908240.040
9255.000,-445908240.040
9256.000,-445908240.040
9257.000,-445908240.040
9258.000,-445908240.040
9259.000,-445908240.040
9260.000,-445908240.040
9261.000,-445908240.040
9262.000,-445908240.040
9263.000,-445908240.040
9264.000,-445908240.040
9265.000,-445908240.040
9266.000,-445908240.040
9267.000,-445908240.040
9268.000,-445908240.040
9269.000,-445908240.040
9270.000,-445908240.040
9271.000,-445908240.040
9272.000,-445908240.040
9273.000,-445908240.040
9274.000,-445908240.040
9275.000,-445908240.040
9276.000,-445908240.040
9277.000,-445908240.040
9278.000,-445908240.040
9279.000,-445908240.040
9280.000,-445908240.040
9281.000,-445908240.040
9282.000,-445908240.040
9283.000,-445908240.040
9284.000,-445908240.040
9285.000,-445908240.040
9286.000,-445908240.040
9287.000,-445908240.040
9288.000,-445908240.040
9289.000,-445908240.040
9290.000,-445908240.040
9291.000,-445908240.040
9292.000,-445908240.040
9293.000,-445908240.040
9294.000,-445908240.040
9295.000,-445908319.164
9296.000,-445908319.164
9297.000,-445908240.040
9298.000,-445908240.040
9299.000,-445908240.040
9300.000,-445908240.040
9301.000,-445908240.040
9302.000,-445908240.040
9303.000,-445908319.164
9304.000,-445908319.164
9305.000,-445908319.164
9306.000,-445908240.040
9307.000,-445908240.040
9308.000,-445908240.040
9309.000,-445908240.040
9310.000,-445908240.040
9311.000,-445908319.164
9312.000,-445908319.164
9313.000,-445908319.164
9314.000,-445908319.164
9315.000,-445908240.040
9316.000,-445908240.040
9317.000,-445908240.040
9318.000,-445908240.040
9319.000,-445908319.164
9320.000,-445908319.164
9321.000,-445908319.164
9322.000,-445908319.164
9323.000,-445908319.164
9324.000,-445908240.040
9325.000,-445908240.040
9326.000,-445908240.040
9327.000,-445908319.164
9328.000,-445908319.164
9329.000,-445908319.164
9330.000,-445908319.164
9331.000,-445908319.164
9332.000,-445908319.164
9333.000,-445908240.040
9334.000,-445908240.040
9335.000,-445908319.164
9336.000,-445908319.164
9337.000,-445908319.164
9338.000,-445908319.164
9339.000,-445908319.164
9340.000,-445908319.164
9341.000,-445908319.164
9342.000,-445908319.164
9343.000,-445908319.164
9344.000,-445908319.164
9345.000,-445908319.164
9346.000,-445908319.164
9347.000,-445908319.164
9348.000,-445908319.164
9349.000,-445908319.164
9350.000,-445908319.164
9351.000,-445908319.164
9352.000,-445908319.164
9353.000,-445908319.164
9354.000,-445908319.164
9355.000,-445908319.164
9356.000,-445908319.164
9357.000,-445908319.164
9358.000,-445908319.164
9359.000,-445908319.164
9360.000,-445908319.164
9361.000,-445908319.164
9362.000,-445908398.288
9363.000,-445908398.288
9364.000,-445908319.164
9365.000,-445908319.164
9366.000,-445908319.164
9367.000,-445908319.164
9368.000,-445908319.164
9369.000,-445908319.164
9370.000,-445908398.288
9371.000,-445908398.288
9372.000,-445908398.288
9373.000,-445908319.164
9374.000,-445908319.164
9375.000,-445908319.164
9376.000,-445908319.164
9377.000,-445908319.164
9378.000,-445908398.288
9379.000,-445908398.288
9380.000,-445908398.288
9381.000,-445908398.288
9382.000,-445908319.164
9383.000,-445908319.164
9384.000,-445908319.164
9385.000,-445908319.164
9386.000,-445908398.288
9387.000,-445908398.288
9388.000,-445908398.288
9389.000,-445908398.288
9390.000,-445908398.288
9391.000,-445908319.164
9392.000,-445908319.164
9393.000,-445908319.164
9394.000,-445908398.288
9395.000,-445908398.288
9396.000,-445908398.288
9397.000,-445908398.288
9398.000,-445908398.288
9399.000,-445908319.164
9400.000,-445908319.164
9401.000,-445908398.288
9402.000,-445908398.288
9403.000,-445908398.288
9404.000,-445908398.288
9405.000,-445908398.288
9406.000,-445908398.288
9407.000,-445908398.288
9408.000,-445908319.164
9409.000,-445908398.288
9410.000,-445908398.288
9411.000,-445908398.288
9412.000,-445908398.288
9413.000,-445908398.288
9414.000,-445908398.288
9415.000,-445908398.288
9416.000,-445908319.164
9417.000,-445908398.288
9418.000,-445908398.288
9419.000,-445908398.288
9420.000,-445908398.288
9421.000,-445908398.288
9422.000,-445908398.288
9423.000,-445908398.288
9424.000,-445908398.288
9425.000,-445908398.288
9426.000,-445908398.288
9427.000,-445908398.288
9428.000,-445908398.288
9429.000,-445908477.412
9430.000,-445908398.288
9431.000,-445908398.288
9432.000,-445908398.288
9433.000,-445908398.288
9434.000,-445908398.288
9435.000,-445908398.288
9436.000,-445908398.288
9437.000,-445908477.412
9438.000,-445908477.412
9439.000,-445908398.288
9440.000,-445908398.288
9441.000,-445908398.288
9442.000,-445908398.288
9443.000,-445908398.288
9444.000,-445908398.288
9445.000,-445908477.412
9446.000,-445908477.412
9447.000,-445908477.412
9448.000,-445908398.288
9449.000,-445908398.288
9450.000,-445908398.288
9451.000,-445908398.288
9452.000,-445908398.288
9453.000,-445908477.412
9454.000,-445908477.412
9455.000,-445908477.412
9456.000,-445908477.412
9457.000,-445908398.288
9458.000,-445908398.288
9459.000,-445908398.288
9460.000,-445908398.288
9461.000,-445908477.412
9462.000,-445908477.412
9463.000,-445908477.412
9464.000,-445908477.412
9465.000,-445908477.412
9466.000,-445908398.288
9467.000,-445908398.288
9468.000,-445908477.412
9469.000,-445908477.412
9470.000,-445908477.412
9471.000,-445908477.412
9472.000,-445908477.412
9473.000,-445908477.412
9474.000,-445908398.288
9475.000,-445908398.288
9476.000,-445908477.412
9477.000,-445908477.412
9478.000,-445908477.412
9479.000,-445908477.412
9480.000,-445908477.412
9481.000,-445908477.412
9482.000,-445908477.412
9483.000,-445908477.412
9484.000,-445908477.412
9485.000,-445908477.412
9486.000,-445908477.412
9487.000,-445908477.412
9488.000,-445908477.412
9489.000,-445908477.412
9490.000,-445908477.412
9491.000,-445908477.412
9492.000,-445908477.412
9493.000,-445908477.412
9494.000,-445908477.412
9495.000,-445908477.412
9496.000,-445908556.536
9497.000,-445908477.412
9498.000,-445908477.412
9499.000,-445908477.412
9500.000,-445908477.412
9501.000,-445908477.412
9502.000,-445908477.412
9503.000,-445908477.412
9504.000,-445908556.536
9505.000,-445908556.536
9506.000,-445908477.412
9507.000,-445908477.412
9508.000,-445908477.412
9509.000,-445908477.412
9510.000,-445908477.412
9511.000,-445908477.412
9512.000,-445908556.536
9513.000,-445908556.536
9514.000,-445908477.412
9515.000,-445908477.412
9516.000,-445908477.412
9517.000,-445908477.412
9518.000,-445908477.412
9519.000,-445908477.412
9520.000,-445908556.536
9521.000,-445908556.536
9522.000,-445908556.536
9523.000,-445908477.412
9524.000,-445908477.412
9525.000,-445908477.412
9526.000,-445908477.412
9527.000,-445908477.412
9528.000,-445908556.536
9529.000,-445908556.536
9530.000,-445908556.536
9531.000,-445908556.536
9532.000,-445908477.412
9533.000,-445908477.412
9534.000,-445908477.412
9535.000,-445908477.412
9536.000,-445908556.536
9537.000,-445908556.536
9538.000,-445908556.536
9539.000,-445908556.536
9540.000,-445908477.412
9541.000,-445908477.412
9542.000,-445908477.412
9543.000,-445908477.412
9544.000,-445908556.536
9545.000,-445908556.536
9546.000,-445908556.536
9547.000,-445908556.536
9548.000,-445908556.536
9549.000,-445908477.412
9550.000,-445908477.412
9551.000,-445908477.412
9552.000,-445908556.536
9553.000,-445908556.536
9554.000,-445908556.536
9555.000,-445908556.536
9556.000,-445908556.536
9557.000,-445908556.536
9558.000,-445908477.412
9559.000,-445908477.412
9560.000,-445908556.536
9561.000,-445908556.536
9562.000,-445908556.536
9563.000,-445908556.536
9564.000,-445908556.536
9565.000,-445908556.536
9566.000,-445908477.412
9567.000,-445908477.412
9568.000,-445908556.536
9569.000,-445908556.536
9570.000,-445908556.536
9571.000,-445908556.536
9572.000,-445908556.536
9573.000,-445908556.536
9574.000,-445908556.536
9575.000,-445908556.536
9576.000,-445908556.536
9577.000,-445908556.536
9578.000,-445908556.536
9579.000,-445908556.536
9580.000,-445908556.536
9581.000,-445908556.536
9582.000,-445908556.536
9583.000,-445908556.536
9584.000,-445908556.536
9585.000,-445908556.536
9586.000,-445908556.536
9587.000,-445908556.536
9588.000,-445908556.536
9589.000,-445908556.536
9590.000,-445908556.536
9591.000,-445908556.536
9592.000,-445908556.536
9593.000,-445908556.536
9594.000,-445908556.536
9595.000,-445908556.536
9596.000,-445908556.536
9597.000,-445908556.536
9598.000,-445908556.536
9599.000,-445908556.536
9600.000,-445908556.536
9601.000,-445908556.536
9602.000,-445908556.536
9603.000,-445908556.536
9604.000,-445908556.536
9605.000,-445908556.536
9606.000,-445908556.536
9607.000,-445908556.536
9608.000,-445908556.536
9609.000,-445908556.536
9610.000,-445908556.536
9611.000,-445908556.536
9612.000,-445908556.536
9613.000,-445908635.660
9614.000,-445908556.536
9615.000,-445908556.536
9616.000,-445908556.536
9617.000,-445908556.536
9618.000,-445908556.536
9619.000,-445908556.536
9620.000,-445908556.536
9621.000,-445908635.660
9622.000,-445908556.536
9623.000,-445908556.536
9624.000,-445908556.536
9625.000,-445908556.536
9626.000,-445908556.536
9627.000,-445908556.536
9628.000,-445908556.536
9629.000,-445908635.660
9630.000,-445908556.536
9631.000,-445908556.536
9632.000,-445908556.536
9633.000,-445908556.536
9634.000,-445908556.536
9635.000,-445908556.536
9636.000,-445908556.536
9637.000,-445908556.536
9638.000,-445908635.660
9639.000,-445908556.536
9640.000,-445908556.536
9641.000,-445908556.536
9642.000,-445908556.536
9643.000,-445908556.536
9644.000,-445908556.536
9645.000,-445908556.536
9646.000,-445908635.660
9647.000,-445908556.536
9648.000,-445908556.536
9649.000,-445908556.536
9650.000,-445908556.536
9651.000,-445908556.536
9652.000,-445908556.536
9653.000,-445908556.536
9654.000,-445908635.660
9655.000,-445908556.536
9656.000,-445908556.536
9657.000,-445908556.536
9658.000,-445908556.536
9659.000,-445908556.536
9660.000,-445908556.536
9661.000,-445908556.536
9662.000,-445908556.536
9663.000,-445908635.660
9664.000,-445908556.536
9665.000,-445908556.536
9666.000,-445908556.536
9667.000,-445908556.536
9668.000,-445908556.536
9669.000,-445908556.536
9670.000,-445908556.536
9671.000,-445908635.660
9672.000,-445908556.536
9673.000,-445908556.536
9674.000,-445908556.536
9675.000,-445908556.536
9676.000,-445908556.536
9677.000,-445908556.536
9678.000,-445908556.536
9679.000,-445908635.660
9680.000,-445908556.536
9681.000,-445908556.536
9682.000,-445908556.536
9683.000,-445908556.536
9684.000,-445908556.536
9685.000,-445908556.536
9686.000,-445908556.536
9687.000,-445908635.660
9688.000,-445908635.660
9689.000,-445908556.536
9690.000,-445908556.536
9691.000,-445908556.536
9692.000,-445908556.536
9693.000,-445908556.536
9694.000,-445908556.536
9695.000,-445908556.536
9696.000,-445908556.536
9697.000,-445908556.536
9698.000,-445908556.536
9699.000,-445908556.536
9700.000,-445908556.536
9701.000,-445908556.536
9702.000,-445908556.536
9703.000,-445908556.536
9704.000,-445908556.536
9705.000,-445908556.536
9706.000,-445908556.536
9707.000,-445908556.536
9708.000,-445908556.536
9709.000,-445908556.536
9710.000,-445908556.536
9711.000,-445908556.536
9712.000,-445908556.536
9713.000,-445908556.536
9714.000,-445908556.536
9715.000,-445908556.536
9716.000,-445908556.536
9717.000,-445908556.536
9718.000,-445908556.536
9719.000,-445908556.536
9720.000,-445908556.536
9721.000,-445908556.536
9722.000,-445908556.536
9723.000,-445908556.536
9724.000,-445908556.536
9725.000,-445908556.536
9726.000,-445908556.536
9727.000,-445908556.536
9728.000,-445908556.536
9729.000,-445908556.536
9730.000,-445908556.536
9731.000,-445908556.536
9732.000,-445908556.536
9733.000,-445908556.536
9734.000,-445908556.536
9735.000,-445908556.536
9736.000,-445908556.536
9737.000,-445908556.536
9738.000,-445908556.536
9739.000,-445908556.536
9740.000,-445908556.536
9741.000,-445908556.536
9742.000,-445908556.536
9743.000,-445908556.536
9744.000,-445908556.536
9745.000,-445908556.536
9746.000,-445908556.536
9747.000,-445908556.536
9748.000,-445908556.536
9749.000,-445908556.536
9750.000,-445908477.412
9751.000,-445908556.536
9752.000,-445908556.536
9753.000,-445908556.536
9754.000,-445908556.536
9755.000,-445908556.536
9756.000,-445908556.536
9757.000,-445908556.536
9758.000,-445908477.412
9759.000,-445908477.412
9760.000,-445908556.536
9761.000,-445908556.536
9762.000,-445908556.536
9763.000,-445908556.536
9764.000,-445908556.536
9765.000,-445908556.536
9766.000,-445908477.412
9767.000,-445908477.412
9768.000,-445908477.412
9769.000,-445908556.536
9770.000,-445908556.536
9771.000,-445908556.536
9772.000,-445908556.536
9773.000,-445908477.412
9774.000,-445908477.412
9775.000,-445908477.412
9776.000,-445908477.412
9777.000,-445908556.536
9778.000,-445908556.536
9779.000,-445908556.536
9780.000,-445908556.536
9781.000,-445908556.536
9782.000,-445908477.412
9783.000,-445908477.412
9784.000,-445908477.412
9785.000,-445908477.412
9786.000,-445908556.536
9787.000,-445908556.536
9788.000,-445908556.536
9789.000,-445908556.536
9790.000,-445908477.412
9791.000,-445908477.412
9792.000,-445908477.412
9793.000,-445908477.412
9794.000,-445908477.412
9795.000,-445908556.536
9796.000,-445908556.536
9797.000,-445908556.536
9798.000,-445908477.412
9799.000,-445908477.412
9800.000,-445908477.412
9801.000,-445908477.412
9802.000,-445908477.412
9803.000,-445908477.412
9804.000,-445908556.536
9805.000,-445908556.536
9806.000,-445908477.412
9807.000,-445908477.412
9808.000,-445908477.412
9809.000,-445908477.412
9810.000,-445908477.412
9811.000,-445908477.412
9812.000,-445908477.412
9813.000,-445908477.412
9814.000,-445908477.412
9815.000,-445908477.412
9816.000,-445908477.412
9817.000,-445908477.412
9818.000,-445908477.412
9819.000,-445908477.412
9820.000,-445908477.412
9821.000,-445908477.412
9822.000,-445908477.412
9823.000,-445908477.412
9824.000,-445908477.412
9825.000,-445908477.412
9826.000,-445908477.412
9827.000,-445908477.412
9828.000,-445908477.412
9829.000,-445908477.412
9830.000,-445908477.412
9831.000,-445908477.412
9832.000,-445908477.412
9833.000,-445908477.412
9834.000,-445908477.412
9835.000,-445908477.412
9836.000,-445908477.412
9837.000,-445908477.412
9838.000,-445908477.412
9839.000,-445908477.412
9840.000,-445908477.412
9841.000,-445908398.288
9842.000,-445908398.288
9843.000,-445908477.412
9844.000,-445908477.412
9845.000,-445908477.412
9846.000,-445908477.412
9847.000,-445908477.412
9848.000,-445908477.412
9849.000,-445908398.288
9850.000,-445908398.288
9851.000,-445908398.288
9852.000,-445908477.412
9853.000,-445908477.412
9854.000,-445908477.412
9855.000,-445908477.412
9856.000,-445908477.412
9857.000,-445908398.288
9858.000,-445908398.288
9859.000,-445908398.288
9860.000,-445908398.288
9861.000,-445908477.412
9862.000,-445908477.412
9863.000,-445908477.412
9864.000,-445908477.412
9865.000,-445908398.288
9866.000,-445908398.288
9867.000,-445908398.288
9868.000,-445908398.288
9869.000,-445908398.288
9870.000,-445908477.412
9871.000,-445908477.412
9872.000,-445908477.412
9873.000,-445908398.288
9874.000,-445908398.288
9875.000,-445908398.288
9876.000,-445908398.288
9877.000,-445908398.288
9878.000,-445908477.412
9879.000,-445908477.412
9880.000,-445908398.288
9881.000,-445908398.288
9882.000,-445908398.288
9883.000,-445908398.288
9884.000,-445908398.288
9885.000,-445908398.288
9886.000,-445908398.288
9887.000,-445908398.288
9888.000,-445908398.288
9889.000,-445908398.288
9890.000,-445908398.288
9891.000,-445908398.288
9892.000,-445908398.288
9893.000,-445908398.288
9894.000,-445908398.288
9895.000,-445908398.288
9896.000,-445908398.288
9897.000,-445908398.288
9898.000,-445908398.288
9899.000,-445908398.288
9900.000,-445908398.288
9901.000,-445908398.288
9902.000,-445908398.288
9903.000,-445908398.288
9904.000,-445908398.288
9905.000,-445908398.288
9906.000,-445908398.288
9907.000,-445908398.288
9908.000,-445908319.164
9909.000,-445908319.164
9910.000,-445908398.288
9911.000,-445908398.288
9912.000,-445908398.288
9913.000,-445908398.288
9914.000,-445908398.288
9915.000,-445908398.288
9916.000,-445908319.164
9917.000,-445908319.164
9918.000,-445908319.164
9919.000,-445908398.288
9920.000,-445908398.288
9921.000,-445908398.288
9922.000,-445908398.288
9923.000,-445908398.288
9924.000,-445908319.164
9925.000,-445908319.164
9926.000,-445908319.164
9927.000,-445908398.288
9928.000,-445908398.288
9929.000,-445908398.288
9930.000,-445908398.288
9931.000,-445908398.288
9932.000,-445908319.164
9933.000,-445908319.164
9934.000,-445908319.164
9935.000,-445908319.164
9936.000,-445908398.288
9937.000,-445908398.288
9938.000,-445908398.288
9939.000,-445908319.164
9940.000,-445908319.164
9941.000,-445908319.164
9942.000,-445908319.164
9943.000,-445908319.164
9944.000,-445908319.164
9945.000,-445908398.288
9946.000,-445908398.288
9947.000,-445908319.164
9948.000,-445908319.164
9949.000,-445908319.164
9950.000,-445908319.164
9951.000,-445908319.164
9952.000,-445908319.164
9953.000,-445908398.288
9954.000,-445908398.288
9955.000,-445908319.164
9956.000,-445908319.164
9957.000,-445908319.164
9958.000,-445908319.164
9959.000,-445908319.164
9960.000,-445908319.164
9961.000,-445908319.164
9962.000,-445908398.288
9963.000,-445908319.164
9964.000,-445908319.164
9965.000,-445908319.164
9966.000,-445908319.164
9967.000,-445908319.164
9968.000,-445908319.164
9969.000,-445908319.164
9970.000,-445908319.164
9971.000,-445908319.164
9972.000,-445908319.164
9973.000,-445908319.164
9974.000,-445908319.164
9975.000,-445908240.040
9976.000,-445908240.040
9977.000,-445908319.164
9978.000,-445908319.164
9979.000,-445908319.164
9980.000,-445908319.164
9981.000,-445908319.164
9982.000,-445908319.164
9983.000,-445908240.040
9984.000,-445908240.040
9985.000,-445908240.040
9986.000,-445908319.164
9987.000,-445908319.164
9988.000,-445908319.164
9989.000,-445908319.164
9990.000,-445908319.164
9991.000,-445908240.040
9992.000,-445908240.040
9993.000,-445908240.040
9994.000,-445908319.164
9995.000,-445908319.164
9996.000,-445908319.164
9997.000,-445908319.164
9998.000,-445908319.164
9999.000,-445908240.040
10000.000,-445908240.040
10001.000,-445908240.040
10002.000,-445908240.040
10003.000,-445908319.164
10004.000,-445908319.164
10005.000,-445908319.164
10006.000,-445908240.040
10007.000,-445908240.040
10008.000,-445908240.040
10009.000,-445908240.040
10010.000,-445908240.040
10011.000,-445908319.164
10012.000,-445908319.164
10013.000,-445908319.164
10014.000,-445908240.040
10015.000,-445908240.040
10016.000,-445908240.040
10017.000,-445908240.040
10018.000,-445908240.040
10019.000,-445908240.040
10020.000,-445908319.164
10021.000,-445908319.164
10022.000,-445908240.040
10023.000,-445908240.040
10024.000,-445908240.040
10025.000,-445908240.040
10026.000,-445908240.040
10027.000,-445908240.040
10028.000,-445908319.164
10029.000,-445908319.164
10030.000,-445908240.040
10031.000,-445908240.040
10032.000,-445908240.040
10033.000,-445908240.040
10034.000,-445908240.040
10035.000,-445908240.040
10036.000,-445908240.040
10037.000,-445908319.164
10038.000,-445908240.040
10039.000,-445908240.040
10040.000,-445908240.040
10041.000,-445908240.040
10042.000,-445908240.040
10043.000,-445908240.040
10044.000,-445908240.040
10045.000,-445908240.040
10046.000,-445908240.040
10047.000,-445908240.040
10048.000,-445908240.040
10049.000,-445908240.040
10050.000,-445908240.040
10051.000,-445908240.040
10052.000,-445908240.040
10053.000,-445908240.040
10054.000,-445908240.040
10055.000,-445908240.040
10056.000,-445908240.040
10057.000,-445908240.040
10058.000,-445908240.040
10059.000,-445908240.040
10060.000,-445908240.040
10061.000,-445908240.040
10062.000,-445908240.040
10063.000,-445908240.040
10064.000,-445908240.040
10065.000,-445908240.040
10066.000,-445908240.040
10067.000,-445908160.916
10068.000,-445908240.040
10069.000,-445908240.040
10070.000,-445908240.040
10071.000,-445908240.040
10072.000,-445908240.040
10073.000,-445908240.040
10074.000,-445908240.040
10075.000,-445908160.916
10076.000,-445908160.916
10077.000,-445908240.040
10078.000,-445908240.040
10079.000,-445908240.040
10080.000,-445908240.040
10081.000,-445908240.040
10082.000,-445908160.916
10083.000,-445908160.916
10084.000,-445908160.916
10085.000,-445908240.040
10086.000,-445908240.040
10087.000,-445908240.040
10088.000,-445908240.040
10089.000,-445908240.040
10090.000,-445908240.040
10091.000,-445908160.916
10092.000,-445908160.916
10093.000,-445908160.916
10094.000,-445908240.040
10095.000,-445908240.040
10096.000,-445908240.040
10097.000,-445908240.040
10098.000,-445908240.040
10099.000,-445908160.916
10100.000,-445908160.916
10101.000,-445908160.916
10102.000,-445908160.916
10103.000,-445908240.040
10104.000,-445908240.040
10105.000,-445908240.040
10106.000,-445908240.040
10107.000,-445908240.040
10108.000,-445908160.916
10109.000,-445908160.916
10110.000,-445908160.916
10111.000,-445908240.040
10112.000,-445908240.040
10113.000,-445908240.040
10114.000,-445908240.040
10115.000,-445908240.040
10116.000,-445908160.916
10117.000,-445908160.916
10118.000,-445908160.916
10119.000,-445908240.040
10120.000,-445908240.040
10121.000,-445908240.040
10122.000,-445908240.040
10123.000,-445908240.040
10124.000,-445908160.916
10125.000,-445908160.916
10126.000,-445908160.916
10127.000,-445908160.916
10128.000,-445908240.040
10129.000,-445908240.040
10130.000,-445908240.040
10131.000,-445908160.916
10132.000,-445908160.916
10133.000,-445908160.916
10134.000,-445908160.916
10135.000,-445908160.916
10136.000,-445908240.040
10137.000,-445908240.040
10138.000,-445908240.040
10139.000,-445908240.040
10140.000,-445908160.916
10141.000,-445908160.916
10142.000,-445908160.916
10143.000,-445908160.916
10144.000,-445908240.040
10145.000,-445908240.040
10146.000,-445908240.040
10147.000,-445908240.040
10148.000,-445908160.916
10149.000,-445908160.916
10150.000,-445908160.916
10151.000,-445908160.916
10152.000,-445908160.916
10153.000,-445908240.040
10154.000,-445908240.040
10155.000,-445908240.040
10156.000,-445908240.040
10157.000,-445908160.916
10158.000,-445908160.916
10159.000,-445908160.916
10160.000,-445908160.916
10161.000,-445908240.040
10162.000,-445908240.040
10163.000,-445908240.040
10164.000,-445908240.040
10165.000,-445908160.916
10166.000,-445908160.916
10167.000,-445908160.916
10168.000,-445908160.916
10169.000,-445908160.916
10170.000,-445908240.040
10171.000,-445908240.040
10172.000,-445908240.040
10173.000,-445908240.040
10174.000,-445908160.916
10175.000,-445908160.916
10176.000,-445908160.916
10177.000,-445908160.916
10178.000,-445908240.040
10179.000,-445908240.040
10180.000,-445908240.040
10181.000,-445908240.040
10182.000,-445908160.916
10183.000,-445908160.916
10184.000,-445908160.916
10185.000,-445908160.916
10186.000,-445908240.040
10187.000,-445908240.040
10188.000,-445908240.040
10189.000,-445908240.040
10190.000,-445908160.916
10191.000,-445908160.916
10192.000,-445908160.916
10193.000,-445908160.916
10194.000,-445908240.040
10195.000,-445908240.040
10196.000,-445908240.040
10197.000,-445908240.040
10198.000,-445908160.916
10199.000,-445908160.916
10200.000,-445908160.916
10201.000,-445908160.916
10202.000,-445908160.916
10203.000,-445908240.040
10204.000,-445908240.040
10205.000,-445908240.040
10206.000,-445908240.040
10207.000,-445908160.916
10208.000,-445908160.916
10209.000,-445908160.916
10210.000,-445908160.916
10211.000,-445908240.040
10212.000,-445908240.040
10213.000,-445908240.040
10214.000,-445908240.040
10215.000,-445908240.040
10216.000,-445908160.916
10217.000,-445908160.916
10218.000,-445908160.916
10219.000,-445908240.040
10220.000,-445908240.040
10221.000,-445908240.040
10222.000,-445908240.040
10223.000,-445908240.040
10224.000,-445908160.916
10225.000,-445908160.916
10226.000,-445908160.916
10227.000,-445908240.040
10228.000,-445908240.040
10229.000,-445908240.040
10230.000,-445908240.040
10231.000,-445908240.040
10232.000,-445908240.040
10233.000,-445908160.916
10234.000,-445908160.916
10235.000,-445908240.040
10236.000,-445908240.040
10237.000,-445908240.040
10238.000,-445908240.040
10239.000,-445908240.040
10240.000,-445908240.040
10241.000,-445908160.916
10242.000,-445908160.916
10243.000,-445908240.040
10244.000,-445908240.040
10245.000,-445908240.040
10246.000,-445908240.040
10247.000,-445908240.040
10248.000,-445908240.040
10249.000,-445908240.040
10250.000,-445908160.916
10251.000,-445908240.040
10252.000,-445908240.040
10253.000,-445908240.040
10254.000,-445908240.040
10255.000,-445908240.040
10256.000,-445908240.040
10257.000,-445908240.040
10258.000,-445908240.040
10259.000,-445908240.040
10260.000,-445908240.040
10261.000,-445908240.040
10262.000,-445908240.040
10263.000,-445908240.040
10264.000,-445908240.040
10265.000,-445908240.040
10266.000,-445908240.040
10267.000,-445908240.040
10268.000,-445908240.040
10269.000,-445908240.040
10270.000,-445908240.040
10271.000,-445908240.040
10272.000,-445908240.040
10273.000,-445908240.040
10274.000,-445908240.040
10275.000,-445908240.040
10276.000,-445908240.040
10277.000,-445908240.040
10278.000,-445908240.040
10279.000,-445908240.040
10280.000,-445908240.040
10281.000,-445908240.040
10282.000,-445908240.040
10283.000,-445908240.040
10284.000,-445908240.040
10285.000,-445908240.040
10286.000,-445908240.040
10287.000,-445908240.040
10288.000,-445908319.164
10289.000,-445908240.040
10290.000,-445908240.040
10291.000,-445908240.040
10292.000,-445908240.040
10293.000,-445908240.040
10294.000,-445908240.040
10295.000,-445908319.164
10296.000,-445908319.164
10297.000,-445908240.040
10298.000,-445908240.040
10299.000,-445908240.040
10300.000,-445908240.040
10301.000,-445908240.040
10302.000,-445908240.040
10303.000,-445908319.164
10304.000,-445908319.164
10305.000,-445908319.164
10306.000,-445908240.040
10307.000,-445908240.040
10308.000,-445908240.040
10309.000,-445908240.040
10310.000,-445908240.040
10311.000,-445908319.164
10312.000,-445908319.164
10313.000,-445908319.164
10314.000,-445908319.164
10315.000,-445908240.040
10316.000,-445908240.040
10317.000,-445908240.040
10318.000,-445908240.040
10319.000,-445908319.164
10320.000,-445908319.164
10321.000,-445908319.164
10322.000,-445908319.164
10323.000,-445908319.164
10324.000,-445908240.040
10325.000,-445908240.040
10326.000,-445908240.040
10327.000,-445908319.164
10328.000,-445908319.164
10329.000,-445908319.164
10330.000,-445908319.164
10331.000,-445908319.164
10332.000,-445908319.164
10333.000,-445908240.040
10334.000,-445908240.040
10335.000,-445908319.164
10336.000,-445908319.164
10337.000,-445908319.164
10338.000,-445908319.164
10339.000,-445908319.164
10340.000,-445908319.164
10341.000,-445908319.164
10342.000,-445908319.164
10343.000,-445908319.164
10344.000,-445908319.164
10345.000,-445908319.164
10346.000,-445908319.164
10347.000,-445908319.164
10348.000,-445908319.164
10349.000,-445908319.164
10350.000,-445908319.164
10351.000,-445908319.164
10352.000,-445908319.164
10353.000,-445908319.164
10354.000,-445908319.164
10355.000,-445908319.164
10356.000,-445908319.164
10357.000,-445908319.164
10358.000,-445908319.164
10359.000,-445908319.164
10360.000,-445908319.164
10361.000,-445908319.164
10362.000,-445908319.164
10363.000,-445908319.164
10364.000,-445908319.164
10365.000,-445908319.164
10366.000,-445908319.164
10367.000,-445908319.164
10368.000,-445908319.164
10369.000,-445908319.164
10370.000,-445908398.288
10371.000,-445908398.288
10372.000,-445908398.288
10373.000,-445908319.164
10374.000,-445908319.164
10375.000,-445908319.164
10376.000,-445908319.164
10377.000,-445908319.164
10378.000,-445908398.288
10379.000,-445908398.288
10380.000,-445908398.288
10381.000,-445908319.164
10382.000,-445908319.164
10383.000,-445908319.164
10384.000,-445908319.164
10385.000,-445908319.164
10386.000,-445908398.288
10387.000,-445908398.288
10388.000,-445908398.288
10389.000,-445908398.288
10390.000,-445908319.164
10391.000,-445908319.164
10392.000,-445908319.164
10393.000,-445908319.164
10394.000,-445908398.288
10395.000,-445908398.288
10396.000,-445908398.288
10397.000,-445908398.288
10398.000,-445908398.288
10399.000,-445908319.164
10400.000,-445908319.164
10401.000,-445908319.164
10402.000,-445908398.288
10403.000,-445908398.288
10404.000,-445908398.288
10405.000,-445908398.288
10406.000,-445908398.288
10407.000,-445908398.288
10408.000,-445908319.164
10409.000,-445908398.288
10410.000,-445908398.288
10411.000,-445908398.288
10412.000,-445908398.288
10413.000,-445908398.288
10414.000,-445908398.288
10415.000,-445908398.288
10416.000,-445908398.288
10417.000,-445908398.288
10418.000,-445908398.288
10419.000,-445908398.288
10420.000,-445908398.288
10421.000,-445908398.288
10422.000,-445908398.288
10423.000,-445908398.288
10424.000,-445908398.288
10425.000,-445908398.288
10426.000,-445908398.288
10427.000,-445908398.288
10428.000,-445908398.288
10429.000,-445908477.412
10430.000,-445908398.288
10431.000,-445908398.288
10432.000,-445908398.288
10433.000,-445908398.288
10434.000,-445908398.288
10435.000,-445908398.288
10436.000,-445908398.288
10437.000,-445908477.412
10438.000,-445908477.412
10439.000,-445908398.288
10440.000,-445908398.288
10441.000,-445908398.288
10442.000,-445908398.288
10443.000,-445908398.288
10444.000,-445908398.288
10445.000,-445908477.412
10446.000,-445908477.412
10447.000,-445908477.412
10448.000,-445908398.288
10449.000,-445908398.288
10450.000,-445908398.288
10451.000,-445908398.288
10452.000,-445908398.288
10453.000,-445908477.412
10454.000,-445908477.412
10455.000,-445908477.412
10456.000,-445908477.412
10457.000,-445908398.288
10458.000,-445908398.288
10459.000,-445908398.288
10460.000,-445908398.288
10461.000,-445908477.412
10462.000,-445908477.412
10463.000,-445908477.412
10464.000,-445908477.412
10465.000,-445908477.412
10466.000,-445908398.288
10467.000,-445908398.288
10468.000,-445908398.288
10469.000,-445908477.412
10470.000,-445908477.412
10471.000,-445908477.412
10472.000,-445908477.412
10473.000,-445908477.412
10474.000,-445908477.412
10475.000,-445908398.288
10476.000,-445908398.288
10477.000,-445908477.412
10478.000,-445908477.412
10479.000,-445908477.412
10480.000,-445908477.412
10481.000,-445908477.412
10482.000,-445908477.412
10483.000,-445908477.412
10484.000,-445908477.412
10485.000,-445908477.412
10486.000,-445908477.412
10487.000,-445908477.412
10488.000,-445908477.412
10489.000,-445908477.412
10490.000,-445908477.412
10491.000,-445908477.412
10492.000,-445908477.412
10493.000,-445908477.412
10494.000,-445908477.412
10495.000,-445908477.412
10496.000,-445908477.412
10497.000,-445908477.412
10498.000,-445908477.412
10499.000,-445908477.412
10500.000,-445908477.412
10501.000,-445908477.412
10502.000,-445908477.412
10503.000,-445908477.412
10504.000,-445908556.536
10505.000,-445908477.412
10506.000,-445908477.412
10507.000,-445908477.412
10508.000,-445908477.412
10509.000,-445908477.412
10510.000,-445908477.412
10511.000,-445908477.412
10512.000,-445908556.536
10513.000,-445908556.536
10514.000,-445908477.412
10515.000,-445908477.412
10516.000,-445908477.412
10517.000,-445908477.412
10518.000,-445908477.412
10519.000,-445908477.412
10520.000,-445908556.536
10521.000,-445908556.536
10522.000,-445908556.536
10523.000,-445908477.412
10524.000,-445908477.412
10525.000,-445908477.412
10526.000,-445908477.412
10527.000,-445908556.536
10528.000,-445908556.536
10529.000,-445908556.536
10530.000,-445908556.536
10531.000,-445908556.536
10532.000,-445908477.412
10533.000,-445908477.412
10534.000,-445908477.412
10535.000,-445908477.412
10536.000,-445908556.536
10537.000,-445908556.536
10538.000,-445908556.536
10539.000,-445908556.536
10540.000,-445908477.412
10541.000,-445908477.412
10542.000,-445908477.412
10543.000,-445908477.412
10544.000,-445908556.536
10545.000,-445908556.536
10546.000,-445908556.536
10547.000,-445908556.536
10548.000,-445908556.536
10549.000,-445908477.412
10550.000,-445908477.412
10551.000,-445908477.412
10552.000,-445908556.536
10553.000,-445908556.536
10554.000,-445908556.536
10555.000,-445908556.536
10556.000,-445908556.536
10557.000,-445908556.536
10558.000,-445908477.412
10559.000,-445908477.412
10560.000,-445908477.412
10561.000,-445908556.536
10562.000,-445908556.536
10563.000,-445908556.536
10564.000,-445908556.536
10565.000,-445908556.536
10566.000,-445908556.536
10567.000,-445908477.412
10568.000,-445908556.536
10569.000,-445908556.536
10570.000,-445908556.536
10571.000,-445908556.536
10572.000,-445908556.536
10573.000,-445908556.536
10574.000,-445908556.536
10575.000,-445908556.536
10576.000,-445908556.536
10577.000,-445908556.536
10578.000,-445908556.536
10579.000,-445908556.536
10580.000,-445908556.536
10581.000,-445908556.536
10582.000,-445908556.536
10583.000,-445908556.536
10584.000,-445908556.536
10585.000,-445908556.536
10586.000,-445908556.536
10587.000,-445908556.536
10588.000,-445908556.536
10589.000,-445908556.536
10590.000,-445908556.536
10591.000,-445908556.536
10592.000,-445908556.536
10593.000,-445908556.536
10594.000,-445908556.536
10595.000,-445908556.536
10596.000,-445908556.536
10597.000,-445908556.536
10598.000,-445908556.536
10599.000,-445908556.536
10600.000,-445908556.536
10601.000,-445908556.536
10602.000,-445908556.536
10603.000,-445908556.536
10604.000,-445908556.536
10605.000,-445908556.536
10606.000,-445908556.536
10607.000,-445908556.536
10608.000,-445908556.536
10609.000,-445908556.536
10610.000,-445908556.536
10611.000,-445908556.536
10612.000,-445908556.536
10613.000,-445908635.660
10614.000,-445908556.536
10615.000,-445908556.536
10616.000,-445908556.536
10617.000,-445908556.536
10618.000,-445908556.536
10619.000,-445908556.536
10620.000,-445908556.536
10621.000,-445908635.660
10622.000,-445908635.660
10623.000,-445908556.536
10624.000,-445908556.536
10625.000,-445908556.536
10626.000,-445908556.536
10627.000,-445908556.536
10628.000,-445908556.536
10629.000,-445908556.536
10630.000,-445908635.660
10631.000,-445908556.536
10632.000,-445908556.536
10633.000,-445908556.536
10634.000,-445908556.536
10635.000,-445908556.536
10636.000,-445908556.536
10637.000,-445908556.536
10638.000,-445908556.536
10639.000,-445908556.536
10640.000,-445908556.536
10641.000,-445908556.536
10642.000,-445908556.536
10643.000,-445908556.536
10644.000,-445908556.536
10645.000,-445908556.536
10646.000,-445908556.536
10647.000,-445908556.536
10648.000,-445908556.536
10649.000,-445908556.536
10650.000,-445908556.536
10651.000,-445908556.536
10652.000,-445908556.536
10653.000,-445908556.536
10654.000,-445908635.660
10655.000,-445908556.536
10656.000,-445908556.536
10657.000,-445908556.536
10658.000,-445908556.536
10659.000,-445908556.536
10660.000,-445908556.536
10661.000,-445908556.536
10662.000,-445908635.660
10663.000,-445908635.660
10664.000,-445908556.536
10665.000,-445908556.536
10666.000,-445908556.536
10667.000,-445908556.536
10668.000,-445908556.536
10669.000,-445908556.536
10670.000,-445908635.660
10671.000,-445908635.660
10672.000,-445908556.536
10673.000,-445908556.536
10674.000,-445908556.536
10675.000,-445908556.536
10676.000,-445908556.536
10677.000,-445908556.536
10678.000,-445908556.536
10679.000,-445908635.660
10680.000,-445908635.660
10681.000,-445908556.536
10682.000,-445908556.536
10683.000,-445908556.536
10684.000,-445908556.536
10685.000,-445908556.536
10686.000,-445908556.536
10687.000,-445908556.536
10688.000,-445908556.536
10689.000,-445908556.536
10690.000,-445908556.536
10691.000,-445908556.536
10692.000,-445908556.536
10693.000,-445908556.536
10694.000,-445908556.536
10695.000,-445908556.536
10696.000,-445908556.536
10697.000,-445908556.536
10698.000,-445908556.536
10699.000,-445908556.536
10700.000,-445908556.536
10701.000,-445908556.536
10702.000,-445908556.536
10703.000,-445908556.536
10704.000,-445908556.536
10705.000,-445908556.536
10706.000,-445908556.536
10707.000,-445908556.536
10708.000,-445908556.536
10709.000,-445908556.536
10710.000,-445908556.536
10711.000,-445908556.536
10712.000,-445908556.536
10713.000,-445908556.536
10714.000,-445908556.536
10715.000,-445908556.536
10716.000,-445908556.536
10717.000,-445908556.536
10718.000,-445908556.536
10719.000,-445908556.536
10720.000,-445908556.536
10721.000,-445908556.536
10722.000,-445908556.536
10723.000,-445908556.536
10724.000,-445908556.536
10725.000,-445908556.536
10726.000,-445908556.536
10727.000,-445908556.536
10728.000,-445908556.536
10729.000,-445908556.536
10730.000,-445908556.536
10731.000,-445908556.536
10732.000,-445908556.536
10733.000,-445908556.536
10734.000,-445908556.536
10735.000,-445908556.536
10736.000,-445908556.536
10737.000,-445908556.536
10738.000,-445908556.536
10739.000,-445908556.536
10740.000,-445908556.536
10741.000,-445908556.536
10742.000,-445908556.536
10743.000,-445908556.536
10744.000,-445908556.536
10745.000,-445908556.536
10746.000,-445908556.536
10747.000,-445908556.536
10748.000,-445908556.536
10749.000,-445908556.536
10750.000,-445908477.412
10751.000,-445908556.536
10752.000,-445908556.536
10753.000,-445908556.536
10754.000,-445908556.536
10755.000,-445908556.536
10756.000,-445908556.536
10757.000,-445908556.536
10758.000,-445908477.412
10759.000,-445908477.412
10760.000,-445908556.536
10761.000,-445908556.536
10762.000,-445908556.536
10763.000,-445908556.536
10764.000,-445908556.536
10765.000,-445908556.536
10766.000,-445908477.412
10767.000,-445908477.412
10768.000,-445908556.536
10769.000,-445908556.536
10770.000,-445908556.536
10771.000,-445908556.536
10772.000,-445908556.536
10773.000,-445908477.412
10774.000,-445908477.412
10775.000,-445908477.412
10776.000,-445908477.412
10777.000,-445908556.536
10778.000,-445908556.536
10779.000,-445908556.536
10780.000,-445908556.536
10781.000,-445908556.536
10782.000,-445908477.412
10783.000,-445908477.412
10784.000,-445908477.412
10785.000,-445908477.412
10786.000,-445908556.536
10787.000,-445908556.536
10788.000,-445908556.536
10789.000,-445908556.536
10790.000,-445908477.412
10791.000,-445908477.412
10792.000,-445908477.412
10793.000,-445908477.412
10794.000,-445908477.412
10795.000,-445908556.536
10796.000,-445908556.536
10797.000,-445908556.536
10798.000,-445908477.412
10799.000,-445908477.412
10800.000,-445908477.412
10801.000,-445908477.412
10802.000,-445908477.412
10803.000,-445908556.536
10804.000,-445908556.536
10805.000,-445908556.536
10806.000,-445908477.412
10807.000,-445908477.412
10808.000,-445908477.412
10809.000,-445908477.412
10810.000,-445908477.412
10811.000,-445908477.412
10812.000,-445908477.412
10813.000,-445908556.536
10814.000,-445908477.412
10815.000,-445908477.412
10816.000,-445908477.412
10817.000,-445908477.412
10818.000,-445908477.412
10819.000,-445908477.412
10820.000,-445908477.412
10821.000,-445908477.412
10822.000,-445908477.412
10823.000,-445908477.412
10824.000,-445908477.412
10825.000,-445908477.412
10826.000,-445908477.412
10827.000,-445908477.412
10828.000,-445908477.412
10829.000,-445908477.412
10830.000,-445908477.412
10831.000,-445908477.412
10832.000,-445908477.412
10833.000,-445908477.412
10834.000,-445908477.412
10835.000,-445908477.412
10836.000,-445908477.412
10837.000,-445908477.412
10838.000,-445908477.412
10839.000,-445908477.412
10840.000,-445908477.412
10841.000,-445908477.412
10842.000,-445908398.288
10843.000,-445908477.412
10844.000,-445908477.412
10845.000,-445908477.412
10846.000,-445908477.412
10847.000,-445908477.412
10848.000,-445908477.412
10849.000,-445908398.288
10850.000,-445908398.288
10851.000,-445908398.288
10852.000,-445908477.412
10853.000,-445908477.412
10854.000,-445908477.412
10855.000,-445908477.412
10856.000,-445908477.412
10857.000,-445908398.288
10858.000,-445908398.288
10859.000,-445908398.288
10860.000,-445908398.288
10861.000,-445908477.412
10862.000,-445908477.412
10863.000,-445908477.412
10864.000,-445908477.412
10865.000,-445908398.288
10866.000,-445908398.288
10867.000,-445908398.288
10868.000,-445908398.288
10869.000,-445908398.288
10870.000,-445908477.412
10871.000,-445908477.412
10872.000,-445908477.412
10873.000,-445908398.288
10874.000,-445908398.288
10875.000,-445908398.288
10876.000,-445908398.288
10877.000,-445908398.288
10878.000,-445908477.412
10879.000,-445908477.412
10880.000,-445908477.412
10881.000,-445908398.288
10882.000,-445908398.288
10883.000,-445908398.288
10884.000,-445908398.288
10885.000,-445908398.288
10886.000,-445908398.288
10887.000,-445908477.412
10888.000,-445908477.412
10889.000,-445908398.288
10890.000,-445908398.288
10891.000,-445908398.288
10892.000,-445908398.288
10893.000,-445908398.288
10894.000,-445908398.288
10895.000,-445908398.288
10896.000,-445908398.288
10897.000,-445908398.288
10898.000,-445908398.288
10899.000,-445908398.288
10900.000,-445908319.164
10901.000,-445908398.288
10902.000,-445908398.288
10903.000,-445908398.288
10904.000,-445908398.288
10905.000,-445908398.288
10906.000,-445908398.288
10907.000,-445908398.288
10908.000,-445908319.164
10909.000,-445908319.164
10910.000,-445908398.288
10911.000,-445908398.288
10912.000,-445908398.288
10913.000,-445908398.288
10914.000,-445908398.288
10915.000,-445908398.288
10916.000,-445908319.164
10917.000,-445908319.164
10918.000,-445908319.164
10919.000,-445908398.288
10920.000,-445908398.288
10921.000,-445908398.288
10922.000,-445908398.288
10923.000,-445908398.288
10924.000,-445908319.164
10925.000,-445908319.164
10926.000,-445908319.164
10927.000,-445908319.164
10928.000,-445908398.288
10929.000,-445908398.288
10930.000,-445908398.288
10931.000,-445908398.288
10932.000,-445908319.164
10933.000,-445908319.164
10934.000,-445908319.164
10935.000,-445908319.164
10936.000,-445908319.164
10937.000,-445908398.288
10938.000,-445908398.288
10939.000,-445908398.288
10940.000,-445908319.164
10941.000,-445908319.164
10942.000,-445908319.164
10943.000,-445908319.164
10944.000,-445908319.164
10945.000,-445908319.164
10946.000,-445908398.288
10947.000,-445908319.164
10948.000,-445908319.164
10949.000,-445908319.164
10950.000,-445908319.164
10951.000,-445908319.164
10952.000,-445908319.164
10953.000,-445908319.164
10954.000,-445908319.164
10955.000,-445908319.164
10956.000,-445908319.164
10957.000,-445908319.164
10958.000,-445908319.164
10959.000,-445908319.164
10960.000,-445908319.164
10961.000,-445908319.164
10962.000,-445908319.164
10963.000,-445908319.164
10964.000,-445908319.164
10965.000,-445908319.164
10966.000,-445908319.164
10967.000,-445908319.164
10968.000,-445908319.164
10969.000,-445908319.164
10970.000,-445908319.164
10971.000,-445908319.164
10972.000,-445908319.164
10973.000,-445908319.164
10974.000,-445908319.164
10975.000,-445908319.164
10976.000,-445908319.164
10977.000,-445908319.164
10978.000,-445908319.164
10979.000,-445908319.164
10980.000,-445908319.164
10981.000,-445908319.164
10982.000,-445908319.164
10983.000,-445908240.040
10984.000,-445908240.040
10985.000,-445908319.164
10986.000,-445908319.164
10987.000,-445908319.164
10988.000,-445908319.164
10989.000,-445908319.164
10990.000,-445908240.040
10991.000,-445908240.040
10992.000,-445908240.040
10993.000,-445908240.040
10994.000,-445908319.164
10995.000,-445908319.164
10996.000,-445908319.164
10997.000,-445908319.164
10998.000,-445908240.040
10999.000,-445908240.040
11000.000,-445908240.040
11001.000,-445908240.040
11002.000,-445908240.040
11003.000,-445908319.164
11004.000,-445908319.164
11005.000,-445908319.164
11006.000,-445908240.040
11007.000,-445908240.040
11008.000,-445908240.040
11009.000,-445908240.040
11010.000,-445908240.040
11011.000,-445908319.164
11012.000,-445908319.164
11013.000,-445908319.164
11014.000,-445908319.164
11015.000,-445908240.040
11016.000,-445908240.040
11017.000,-445908240.040
11018.000,-445908240.040
11019.000,-445908240.040
11020.000,-445908319.164
11021.000,-445908319.164
11022.000,-445908319.164
11023.000,-445908240.040
11024.000,-445908240.040
11025.000,-445908240.040
11026.000,-445908240.040
11027.000,-445908240.040
11028.000,-445908240.040
11029.000,-445908319.164
11030.000,-445908319.164
11031.000,-445908240.040
11032.000,-445908240.040
11033.000,-445908240.040
11034.000,-445908240.040
11035.000,-445908240.040
11036.000,-445908240.040
11037.000,-445908240.040
11038.000,-445908240.040
11039.000,-445908240.040
11040.000,-445908240.040
11041.000,-445908240.040
11042.000,-445908240.040
11043.000,-445908240.040
11044.000,-445908240.040
11045.000,-445908240.040
11046.000,-445908240.040
11047.000,-445908240.040
11048.000,-445908240.040
11049.000,-445908240.040
11050.000,-445908240.040
11051.000,-445908240.040
11052.000,-445908240.040
11053.000,-445908240.040
11054.000,-445908240.040
11055.000,-445908240.040
11056.000,-445908240.040
11057.000,-445908240.040
11058.000,-445908240.040
11059.000,-445908240.040
11060.000,-445908240.040
11061.000,-445908240.040
11062.000,-445908240.040
11063.000,-445908240.040
11064.000,-445908240.040
11065.000,-445908240.040
11066.000,-445908240.040
11067.000,-445908240.040
11068.000,-445908240.040
11069.000,-445908240.040
11070.000,-445908240.040
11071.000,-445908240.040
11072.000,-445908240.040
11073.000,-445908240.040
11074.000,-445908160.916
11075.000,-445908160.916
11076.000,-445908160.916
11077.000,-445908240.040
11078.000,-445908240.040
11079.000,-445908240.040
11080.000,-445908240.040
11081.000,-445908240.040
11082.000,-445908240.040
11083.000,-445908160.916
11084.000,-445908160.916
11085.000,-445908240.040
11086.000,-445908240.040
11087.000,-445908240.040
11088.000,-445908240.040
11089.000,-445908240.040
11090.000,-445908240.040
11091.000,-445908160.916
11092.000,-445908160.916
11093.000,-445908160.916
11094.000,-445908240.040
11095.000,-445908240.040
11096.000,-445908240.040
11097.000,-445908240.040
11098.000,-445908240.040
11099.000,-445908160.916
11100.000,-445908160.916
11101.000,-445908160.916
11102.000,-445908160.916
11103.000,-445908240.040
11104.000,-445908240.040
11105.000,-445908240.040
11106.000,-445908240.040
11107.000,-445908160.916
11108.000,-445908160.916
11109.000,-445908160.916
11110.000,-445908160.916
11111.000,-445908240.040
11112.000,-445908240.040
11113.000,-445908240.040
11114.000,-445908240.040
11115.000,-445908160.916
11116.000,-445908160.916
11117.000,-445908160.916
11118.000,-445908160.916
11119.000,-445908240.040
11120.000,-445908240.040
11121.000,-445908240.040
11122.000,-445908240.040
11123.000,-445908160.916
11124.000,-445908160.916
11125.000,-445908160.916
11126.000,-445908160.916
11127.000,-445908240.040
11128.000,-445908240.040
11129.000,-445908240.040
11130.000,-445908240.040
11131.000,-445908240.040
11132.000,-445908160.916
11133.000,-445908160.916
11134.000,-445908160.916
11135.000,-445908160.916
11136.000,-445908240.040
11137.000,-445908240.040
11138.000,-445908240.040
11139.000,-445908240.040
11140.000,-445908160.916
11141.000,-445908160.916
11142.000,-445908160.916
11143.000,-445908160.916
11144.000,-445908240.040
11145.000,-445908240.040
11146.000,-445908240.040
11147.000,-445908240.040
11148.000,-445908160.916
11149.000,-445908160.916
11150.000,-445908160.916
11151.000,-445908160.916
11152.000,-445908160.916
11153.000,-445908240.040
11154.000,-445908240.040
11155.000,-445908240.040
11156.000,-445908160.916
11157.000,-445908160.916
11158.000,-445908160.916
11159.000,-445908160.916
11160.000,-445908160.916
11161.000,-445908240.040
11162.000,-445908240.040
11163.000,-445908240.040
11164.000,-445908240.040
11165.000,-445908160.916
11166.000,-445908160.916
11167.000,-445908160.916
11168.000,-445908160.916
11169.000,-445908160.916
11170.000,-445908240.040
11171.000,-445908240.040
11172.000,-445908240.040
11173.000,-445908160.916
11174.000,-445908160.916
11175.000,-445908160.916
11176.000,-445908160.916
11177.000,-445908160.916
11178.000,-445908240.040
11179.000,-445908240.040
11180.000,-445908240.040
11181.000,-445908160.916
11182.000,-445908160.916
11183.000,-445908160.916
11184.000,-445908160.916
11185.000,-445908160.916
11186.000,-445908240.040
11187.000,-445908240.040
11188.000,-445908240.040
11189.000,-445908240.040
11190.000,-445908160.916
11191.000,-445908160.916
11192.000,-445908160.916
11193.000,-445908160.916
11194.000,-445908240.040
11195.000,-445908240.040
11196.000,-445908240.040
11197.000,-445908240.040
11198.000,-445908240.040
11199.000,-445908160.916
11200.000,-445908160.916
11201.000,-445908160.916
11202.000,-445908240.040
11203.000,-445908240.040
11204.000,-445908240.040
11205.000,-445908240.040
11206.000,-445908240.040
11207.000,-445908160.916
11208.000,-445908160.916
11209.000,-445908160.916
11210.000,-445908160.916
11211.000,-445908240.040
11212.000,-445908240.040
11213.000,-445908240.040
11214.000,-445908240.040
11215.000,-445908160.916
11216.000,-445908160.916
11217.000,-445908160.916
11218.000,-445908160.916
11219.000,-445908240.040
11220.000,-445908240.040
11221.000,-445908240.040
11222.000,-445908240.040
11223.000,-445908240.040
11224.000,-445908160.916
11225.000,-445908160.916
11226.000,-445908160.916
11227.000,-445908240.040
11228.000,-445908240.040
11229.000,-445908240.040
11230.000,-445908240.040
11231.000,-445908240.040
11232.000,-445908240.040
11233.000,-445908160.916
11234.000,-445908160.916
11235.000,-445908240.040
11236.000,-445908240.040
11237.000,-445908240.040
11238.000,-445908240.040
11239.000,-445908240.040
11240.000,-445908240.040
11241.000,-445908240.040
11242.000,-445908160.916
11243.000,-445908240.040
11244.000,-445908240.040
11245.000,-445908240.040
11246.000,-445908240.040
11247.000,-445908240.040
11248.000,-445908240.040
11249.000,-445908240.040
11250.000,-445908240.040
11251.000,-445908240.040
11252.000,-445908240.040
11253.000,-445908240.040
11254.000,-445908240.040
11255.000,-445908240.040
11256.000,-445908240.040
11257.000,-445908240.040
11258.000,-445908240.040
11259.000,-445908240.040
11260.000,-445908240.040
11261.000,-445908240.040
11262.000,-445908240.040
11263.000,-445908240.040
11264.000,-445908240.040
11265.000,-445908240.040
11266.000,-445908240.040
11267.000,-445908240.040
11268.000,-445908240.040
11269.000,-445908240.040
11270.000,-445908240.040
11271.000,-445908240.040
11272.000,-445908240.040
11273.000,-445908240.040
11274.000,-445908240.040
11275.000,-445908240.040
11276.000,-445908240.040
11277.000,-445908240.040
11278.000,-445908240.040
11279.000,-445908240.040
11280.000,-445908240.040
11281.000,-445908240.040
11282.000,-445908240.040
11283.000,-445908240.040
11284.000,-445908240.040
11285.000,-445908240.040
11286.000,-445908240.040
11287.000,-445908319.164
11288.000,-445908319.164
11289.000,-445908240.040
11290.000,-445908240.040
11291.000,-445908240.040
11292.000,-445908240.040
11293.000,-445908240.040
11294.000,-445908240.040
11295.000,-445908319.164
11296.000,-445908319.164
11297.000,-445908319.164
11298.000,-445908240.040
11299.000,-445908240.040
11300.000,-445908240.040
11301.000,-445908240.040
11302.000,-445908240.040
11303.000,-445908319.164
11304.000,-445908319.164
11305.000,-445908319.164
11306.000,-445908240.040
11307.000,-445908240.040
11308.000,-445908240.040
11309.000,-445908240.040
11310.000,-445908240.040
11311.000,-445908319.164
11312.000,-445908319.164
11313.000,-445908319.164
11314.000,-445908319.164
11315.000,-445908240.040
11316.000,-445908240.040
11317.000,-445908240.040
11318.000,-445908240.040
11319.000,-445908319.164
11320.000,-445908319.164
11321.000,-445908319.164
11322.000,-445908319.164
11323.000,-445908319.164
11324.000,-445908240.040
11325.000,-445908240.040
11326.000,-445908240.040
11327.000,-445908319.164
11328.000,-445908319.164
11329.000,-445908319.164
11330.000,-445908319.164
11331.000,-445908319.164
11332.000,-445908240.040
11333.000,-445908240.040
11334.000,-445908240.040
11335.000,-445908319.164
11336.000,-445908319.164
11337.000,-445908319.164
11338.000,-445908319.164
11339.000,-445908319.164
11340.000,-445908319.164
11341.000,-445908319.164
11342.000,-445908319.164
11343.000,-445908319.164
11344.000,-445908319.164
11345.000,-445908319.164
11346.000,-445908319.164
11347.000,-445908319.164
11348.000,-445908319.164
11349.000,-445908319.164
11350.000,-445908319.164
11351.000,-445908319.164
11352.000,-445908319.164
11353.000,-445908319.164
11354.000,-445908319.164
11355.000,-445908319.164
11356.000,-445908319.164
11357.000,-445908319.164
11358.000,-445908319.164
11359.000,-445908319.164
11360.000,-445908319.164
11361.000,-445908319.164
11362.000,-445908398.288
11363.000,-445908319.164
11364.000,-445908319.164
11365.000,-445908319.164
11366.000,-445908319.164
11367.000,-445908319.164
11368.000,-445908319.164
11369.000,-445908319.164
11370.000,-445908398.288
11371.000,-445908398.288
11372.000,-445908319.164
11373.000,-445908319.164
11374.000,-445908319.164
11375.000,-445908319.164
11376.000,-445908319.164
11377.000,-445908319.164
11378.000,-445908398.288
11379.000,-445908398.288
11380.000,-445908398.288
11381.000,-445908319.164
11382.000,-445908319.164
11383.000,-445908319.164
11384.000,-445908319.164
11385.000,-445908319.164
11386.000,-445908398.288
11387.000,-445908398.288
11388.000,-445908398.288
11389.000,-445908398.288
11390.000,-445908319.164
11391.000,-445908319.164
11392.000,-445908319.164
11393.000,-445908319.164
11394.000,-445908398.288
11395.000,-445908398.288
11396.000,-445908398.288
11397.000,-445908398.288
11398.000,-445908398.288
11399.000,-445908319.164
11400.000,-445908319.164
11401.000,-445908319.164
11402.000,-445908398.288
11403.000,-445908398.288
11404.000,-445908398.288
11405.000,-445908398.288
11406.000,-445908398.288
11407.000,-445908398.288
11408.000,-445908398.288
11409.000,-445908398.288
11410.000,-445908398.288
11411.000,-445908398.288
11412.000,-445908398.288
11413.000,-445908398.288
11414.000,-445908398.288
11415.000,-445908398.288
11416.000,-445908398.288
11417.000,-445908398.288
11418.000,-445908398.288
11419.000,-445908398.288
11420.000,-445908398.288
11421.000,-445908398.288
11422.000,-445908398.288
11423.000,-445908398.288
11424.000,-445908398.288
11425.000,-445908398.288
11426.000,-445908398.288
11427.000,-445908398.288
11428.000,-445908398.288
11429.000,-445908398.288
11430.000,-445908398.288
11431.000,-445908398.288
11432.000,-445908398.288
11433.000,-445908398.288
11434.000,-445908398.288
11435.000,-445908398.288
11436.000,-445908398.288
11437.000,-445908477.412
11438.000,-445908477.412
11439.000,-445908398.288
11440.000,-445908398.288
11441.000,-445908398.288
11442.000,-445908398.288
11443.000,-445908398.288
11444.000,-445908398.288
11445.000,-445908477.412
11446.000,-445908477.412
11447.000,-445908477.412
11448.000,-445908398.288
11449.000,-445908398.288
11450.000,-445908398.288
11451.000,-445908398.288
11452.000,-445908398.288
11453.000,-445908477.412
11454.000,-445908477.412
11455.000,-445908477.412
11456.000,-445908477.412
11457.000,-445908398.288
11458.000,-445908398.288
11459.000,-445908398.288
11460.000,-445908398.288
11461.000,-445908477.412
11462.000,-445908477.412
11463.000,-445908477.412
11464.000,-445908477.412
11465.000,-445908477.412
11466.000,-445908398.288
11467.000,-445908398.288
11468.000,-445908398.288
11469.000,-445908477.412
11470.000,-445908477.412
11471.000,-445908477.412
11472.000,-445908477.412
11473.000,-445908477.412
11474.000,-445908477.412
11475.000,-445908398.288
11476.000,-445908477.412
11477.000,-445908477.412
11478.000,-445908477.412
11479.000,-445908477.412
11480.000,-445908477.412
11481.000,-445908477.412
11482.000,-445908477.412
11483.000,-445908477.412
11484.000,-445908477.412
11485.000,-445908477.412
11486.000,-445908477.412
11487.000,-445908477.412
11488.000,-445908477.412
11489.000,-445908477.412
11490.000,-445908477.412
11491.000,-445908477.412
11492.000,-445908477.412
11493.000,-445908477.412
11494.000,-445908477.412
11495.000,-445908477.412
11496.000,-445908477.412
11497.000,-445908477.412
11498.000,-445908477.412
11499.000,-445908477.412
11500.000,-445908477.412
11501.000,-445908477.412
11502.000,-445908477.412
11503.000,-445908477.412
11504.000,-445908556.536
11505.000,-445908556.536
11506.000,-445908477.412
11507.000,-445908477.412
11508.000,-445908477.412
11509.000,-445908477.412
11510.000,-445908477.412
11511.000,-445908477.412
11512.000,-445908556.536
11513.000,-445908556.536
11514.000,-445908556.536
11515.000,-445908477.412
11516.000,-445908477.412
11517.000,-445908477.412
11518.000,-445908477.412
11519.000,-445908477.412
11520.000,-445908556.536
11521.000,-445908556.536
11522.000,-445908556.536
11523.000,-445908477.412
11524.000,-445908477.412
11525.000,-445908477.412
11526.000,-445908477.412
11527.000,-445908477.412
11528.000,-445908477.412
11529.000,-445908556.536
11530.000,-445908556.536
11531.000,-445908556.536
11532.000,-445908477.412
11533.000,-445908477.412
11534.000,-445908477.412
11535.000,-445908477.412
11536.000,-445908477.412
11537.000,-445908556.536
11538.000,-445908556.536
11539.000,-445908556.536
11540.000,-445908556.536
11541.000,-445908477.412
11542.000,-445908477.412
11543.000,-445908477.412
11544.000,-445908556.536
11545.000,-445908556.536
11546.000,-445908556.536
11547.000,-445908556.536
11548.000,-445908556.536
11549.000,-445908477.412
11550.000,-445908477.412
11551.000,-445908477.412
11552.000,-445908556.536
11553.000,-445908556.536
11554.000,-445908556.536
11555.000,-445908556.536
11556.000,-445908556.536
11557.000,-445908556.536
11558.000,-445908477.412
11559.000,-445908556.536
11560.000,-445908556.536
11561.000,-445908556.536
11562.000,-445908556.536
11563.000,-445908556.536
11564.000,-445908556.536
11565.000,-445908556.536
11566.000,-445908477.412
11567.000,-445908477.412
11568.000,-445908556.536
11569.000,-445908556.536
11570.000,-445908556.536
11571.000,-445908556.536
11572.000,-445908556.536
11573.000,-445908556.536
11574.000,-445908556.536
11575.000,-445908477.412
11576.000,-445908556.536
11577.000,-445908556.536
11578.000,-445908556.536
11579.000,-445908556.536
11580.000,-445908556.536
11581.000,-445908556.536
11582.000,-445908556.536
11583.000,-445908556.536
11584.000,-445908556.536
11585.000,-445908556.536
11586.000,-445908556.536
11587.000,-445908556.536
11588.000,-445908556.536
11589.000,-445908556.536
11590.000,-445908556.536
11591.000,-445908556.536
11592.000,-445908556.536
11593.000,-445908556.536
11594.000,-445908556.536
11595.000,-445908556.536
11596.000,-445908556.536
11597.000,-445908556.536
11598.000,-445908556.536
11599.000,-445908556.536
11600.000,-445908556.536
11601.000,-445908556.536
11602.000,-445908556.536
11603.000,-445908556.536
11604.000,-445908556.536
11605.000,-445908556.536
11606.000,-445908556.536
11607.000,-445908556.536
11608.000,-445908556.536
11609.000,-445908556.536
11610.000,-445908556.536
11611.000,-445908556.536
11612.000,-445908556.536
11613.000,-445908556.536
11614.000,-445908556.536
11615.000,-445908556.536
11616.000,-445908556.536
11617.000,-445908556.536
11618.000,-445908556.536
11619.000,-445908556.536
11620.000,-445908556.536
11621.000,-445908556.536
11622.000,-445908556.536
11623.000,-445908556.536
11624.000,-445908556.536
11625.000,-445908556.536
11626.000,-445908556.536
11627.000,-445908556.536
11628.000,-445908556.536
11629.000,-445908635.660
11630.000,-445908556.536
11631.000,-445908556.536
11632.000,-445908556.536
11633.000,-445908556.536
11634.000,-445908556.536
11635.000,-445908556.536
11636.000,-445908556.536
11637.000,-445908635.660
11638.000,-445908635.660
11639.000,-445908556.536
11640.000,-445908556.536
11641.000,-445908556.536
11642.000,-445908556.536
11643.000,-445908556.536
11644.000,-445908556.536
11645.000,-445908556.536
11646.000,-445908635.660
11647.000,-445908556.536
11648.000,-445908556.536
11649.000,-445908556.536
11650.000,-445908556.536
11651.000,-445908556.536
11652.000,-445908556.536
11653.000,-445908556.536
11654.000,-445908556.536
11655.000,-445908556.536
11656.000,-445908556.536
11657.000,-445908556.536
11658.000,-445908556.536
11659.000,-445908556.536
11660.000,-445908556.536
11661.000,-445908556.536
11662.000,-445908556.536
11663.000,-445908556.536
11664.000,-445908556.536
11665.000,-445908556.536
11666.000,-445908556.536
11667.000,-445908556.536
11668.000,-445908556.536
11669.000,-445908556.536
11670.000,-445908556.536
11671.000,-445908556.536
11672.000,-445908556.536
11673.000,-445908556.536
11674.000,-445908556.536
11675.000,-445908556.536
11676.000,-445908556.536
11677.000,-445908556.536
11678.000,-445908556.536
11679.000,-445908556.536
11680.000,-445908556.536
11681.000,-445908556.536
11682.000,-445908556.536
11683.000,-445908556.536
11684.000,-445908556.536
11685.000,-445908556.536
11686.000,-445908556.536
11687.000,-445908556.536
11688.000,-445908556.536
11689.000,-445908556.536
11690.000,-445908556.536
11691.000,-445908556.536
11692.000,-445908556.536
11693.000,-445908556.536
11694.000,-445908556.536
11695.000,-445908556.536
11696.000,-445908635.660
11697.000,-445908556.536
11698.000,-445908556.536
11699.000,-445908556.536
11700.000,-445908556.536
11701.000,-445908556.536
11702.000,-445908556.536
11703.000,-445908556.536
11704.000,-445908556.536
11705.000,-445908556.536
11706.000,-445908556.536
11707.000,-445908556.536
11708.000,-445908556.536
11709.000,-445908556.536
11710.000,-445908556.536
11711.000,-445908556.536
11712.000,-445908556.536
11713.000,-445908556.536
11714.000,-445908556.536
11715.000,-445908556.536
11716.000,-445908556.536
11717.000,-445908556.536
11718.000,-445908556.536
11719.000,-445908556.536
11720.000,-445908556.536
11721.000,-445908556.536
11722.000,-445908556.536
11723.000,-445908556.536
11724.000,-445908556.536
11725.000,-445908556.536
11726.000,-445908556.536
11727.000,-445908556.536
11728.000,-445908556.536
11729.000,-445908556.536
11730.000,-445908556.536
11731.000,-445908556.536
11732.000,-445908556.536
11733.000,-445908477.412
11734.000,-445908556.536
11735.000,-445908556.536
11736.000,-445908556.536
11737.000,-445908556.536
11738.000,-445908556.536
11739.000,-445908556.536
11740.000,-445908556.536
11741.000,-445908477.412
11742.000,-445908477.412
11743.000,-445908556.536
11744.000,-445908556.536
11745.000,-445908556.536
11746.000,-445908556.536
11747.000,-445908556.536
11748.000,-445908556.536
11749.000,-445908477.412
11750.000,-445908477.412
11751.000,-445908477.412
11752.000,-445908556.536
11753.000,-445908556.536
11754.000,-445908556.536
11755.000,-445908556.536
11756.000,-445908556.536
11757.000,-445908556.536
11758.000,-445908477.412
11759.000,-445908477.412
11760.000,-445908477.412
11761.000,-445908556.536
11762.000,-445908556.536
11763.000,-445908556.536
11764.000,-445908556.536
11765.000,-445908556.536
11766.000,-445908477.412
11767.000,-445908477.412
11768.000,-445908477.412
11769.000,-445908556.536
11770.000,-445908556.536
11771.000,-445908556.536
11772.000,-445908556.536
11773.000,-445908556.536
11774.000,-445908477.412
11775.000,-445908477.412
11776.000,-445908477.412
11777.000,-445908556.536
11778.000,-445908556.536
11779.000,-445908556.536
11780.000,-445908556.536
11781.000,-445908477.412
11782.000,-445908477.412
11783.000,-445908477.412
11784.000,-445908477.412
11785.000,-445908477.412
11786.000,-445908556.536
11787.000,-445908556.536
11788.000,-445908556.536
11789.000,-445908556.536
11790.000,-445908477.412
11791.000,-445908477.412
11792.000,-445908477.412
11793.000,-445908477.412
11794.000,-445908477.412
11795.000,-445908556.536
11796.000,-445908556.536
11797.000,-445908556.536
11798.000,-445908477.412
11799.000,-445908477.412
11800.000,-445908477.412
11801.000,-445908477.412
11802.000,-445908477.412
11803.000,-445908477.412
11804.000,-445908556.536
11805.000,-445908556.536
11806.000,-445908477.412
11807.000,-445908477.412
11808.000,-445908477.412
11809.000,-445908477.412
11810.000,-445908477.412
11811.000,-445908477.412
11812.000,-445908477.412
11813.000,-445908477.412
11814.000,-445908477.412
11815.000,-445908477.412
11816.000,-445908477.412
11817.000,-445908477.412
11818.000,-445908477.412
11819.000,-445908477.412
11820.000,-445908477.412
11821.000,-445908477.412
11822.000,-445908477.412
11823.000,-445908477.412
11824.000,-445908477.412
11825.000,-445908477.412
11826.000,-445908477.412
11827.000,-445908477.412
11828.000,-445908477.412
11829.000,-445908477.412
11830.000,-445908477.412
11831.000,-445908477.412
11832.000,-445908477.412
11833.000,-445908477.412
11834.000,-445908477.412
11835.000,-445908477.412
11836.000,-445908477.412
11837.000,-445908477.412
11838.000,-445908477.412
11839.000,-445908477.412
11840.000,-445908477.412
11841.000,-445908398.288
11842.000,-445908398.288
11843.000,-445908477.412
11844.000,-445908477.412
11845.000,-445908477.412
11846.000,-445908477.412
11847.000,-445908477.412
11848.000,-445908477.412
11849.000,-445908398.288
11850.000,-445908398.288
11851.000,-445908398.288
11852.000,-445908477.412
11853.000,-445908477.412
11854.000,-445908477.412
11855.000,-445908477.412
11856.000,-445908477.412
11857.000,-445908398.288
11858.000,-445908398.288
11859.000,-445908398.288
11860.000,-445908398.288
11861.000,-445908477.412
11862.000,-445908477.412
11863.000,-445908477.412
11864.000,-445908477.412
11865.000,-445908398.288
11866.000,-445908398.288
11867.000,-445908398.288
11868.000,-445908398.288
11869.000,-445908398.288
11870.000,-445908477.412
11871.000,-445908477.412
11872.000,-445908477.412
11873.000,-445908398.288
11874.000,-445908398.288
11875.000,-445908398.288
11876.000,-445908398.288
11877.000,-445908398.288
11878.000,-445908398.288
11879.000,-445908477.412
11880.000,-445908477.412
11881.000,-445908398.288
11882.000,-445908398.288
11883.000,-445908398.288
11884.000,-445908398.288
11885.000,-445908398.288
11886.000,-445908398.288
11887.000,-445908398.288
11888.000,-445908398.288
11889.000,-445908398.288
11890.000,-445908398.288
11891.000,-445908398.288
11892.000,-445908398.288
11893.000,-445908398.288
11894.000,-445908398.288
11895.000,-445908398.288
11896.000,-445908398.288
11897.000,-445908398.288
11898.000,-445908398.288
11899.000,-445908398.288
11900.000,-445908398.288
11901.000,-445908398.288
11902.000,-445908398.288
11903.000,-445908398.288
11904.000,-445908398.288
11905.000,-445908398.288
11906.000,-445908398.288
11907.000,-445908398.288
11908.000,-445908398.288
11909.000,-445908398.288
11910.000,-445908398.288
11911.000,-445908398.288
11912.000,-445908398.288
11913.000,-445908398.288
11914.000,-445908398.288
11915.000,-445908398.288
11916.000,-445908319.164
11917.000,-445908319.164
11918.000,-445908319.164
11919.000,-445908398.288
11920.000,-445908398.288
11921.000,-445908398.288
11922.000,-445908398.288
11923.000,-445908398.288
11924.000,-445908319.164
11925.000,-445908319.164
11926.000,-445908319.164
11927.000,-445908319.164
11928.000,-445908398.288
11929.000,-445908398.288
11930.000,-445908398.288
11931.000,-445908398.288
11932.000,-445908319.164
11933.000,-445908319.164
11934.000,-445908319.164
11935.000,-445908319.164
11936.000,-445908319.164
11937.000,-445908398.288
11938.000,-445908398.288
11939.000,-445908398.288
11940.000,-445908319.164
11941.000,-445908319.164
11942.000,-445908319.164
11943.000,-445908319.164
11944.000,-445908319.164
11945.000,-445908319.164
11946.000,-445908398.288
11947.000,-445908398.288
11948.000,-445908319.164
11949.000,-445908319.164
11950.000,-445908319.164
11951.000,-445908319.164
11952.000,-445908319.164
11953.000,-445908319.164
11954.000,-445908319.164
11955.000,-445908319.164
11956.000,-445908319.164
11957.000,-445908319.164
11958.000,-445908319.164
11959.000,-445908319.164
11960.000,-445908319.164
11961.000,-445908319.164
11962.000,-445908319.164
11963.000,-445908319.164
11964.000,-445908319.164
11965.000,-445908319.164
11966.000,-445908319.164
11967.000,-445908319.164
11968.000,-445908319.164
11969.000,-445908319.164
11970.000,-445908319.164
11971.000,-445908319.164
11972.000,-445908319.164
11973.000,-445908319.164
11974.000,-445908319.164
11975.000,-445908240.040
11976.000,-445908319.164
11977.000,-445908319.164
11978.000,-445908319.164
11979.000,-445908319.164
11980.000,-445908319.164
11981.000,-445908319.164
11982.000,-445908319.164
11983.000,-445908240.040
11984.000,-445908240.040
11985.000,-445908319.164
11986.000,-445908319.164
11987.000,-445908319.164
11988.000,-445908319.164
11989.000,-445908319.164
11990.000,-445908319.164
11991.000,-445908240.040
11992.000,-445908240.040
11993.000,-445908240.040
11994.000,-445908319.164
11995.000,-445908319.164
11996.000,-445908319.164
11997.000,-445908319.164
11998.000,-445908319.164
11999.000,-445908240.040
12000.000,-445908240.040
12001.000,-445908240.040
12002.000,-445908240.040
12003.000,-445908319.164
12004.000,-445908319.164
12005.000,-445908319.164
12006.000,-445908319.164
12007.000,-445908240.040
12008.000,-445908240.040
12009.000,-445908240.040
12010.000,-445908240.040
12011.000,-445908319.164
12012.000,-445908319.164
12013.000,-445908319.164
12014.000,-445908319.164
12015.000,-445908240.040
12016.000,-445908240.040
12017.000,-445908240.040
12018.000,-445908240.040
12019.000,-445908240.040
12020.000,-445908319.164
12021.000,-445908319.164
12022.000,-445908319.164
12023.000,-445908240.040
12024.000,-445908240.040
12025.000,-445908240.040
12026.000,-445908240.040
12027.000,-445908240.040
12028.000,-445908240.040
12029.000,-445908319.164
12030.000,-445908319.164
12031.000,-445908240.040
12032.000,-445908240.040
12033.000,-445908240.040
12034.000,-445908240.040
12035.000,-445908240.040
12036.000,-445908240.040
12037.000,-445908240.040
12038.000,-445908240.040
12039.000,-445908240.040
12040.000,-445908240.040
12041.000,-445908240.040
12042.000,-445908240.040
12043.000,-445908240.040
12044.000,-445908240.040
12045.000,-445908240.040
12046.000,-445908240.040
12047.000,-445908240.040
12048.000,-445908240.040
12049.000,-445908240.040
12050.000,-445908240.040
12051.000,-445908240.040
12052.000,-445908240.040
12053.000,-445908240.040
12054.000,-445908240.040
12055.000,-445908240.040
12056.000,-445908240.040
12057.000,-445908240.040
12058.000,-445908240.040
12059.000,-445908240.040
12060.000,-445908240.040
12061.000,-445908240.040
12062.000,-445908240.040
12063.000,-445908240.040
12064.000,-445908240.040
12065.000,-445908240.040
12066.000,-445908240.040
12067.000,-445908240.040
12068.000,-445908240.040
12069.000,-445908240.040
12070.000,-445908240.040
12071.000,-445908240.040
12072.000,-445908240.040
12073.000,-445908240.040
12074.000,-445908240.040
12075.000,-445908160.916
12076.000,-445908240.040
12077.000,-445908240.040
12078.000,-445908240.040
12079.000,-445908240.040
12080.000,-445908240.040
12081.000,-445908240.040
12082.000,-445908240.040
12083.000,-445908160.916
12084.000,-445908160.916
12085.000,-445908240.040
12086.000,-445908240.040
12087.000,-445908240.040
12088.000,-445908240.040
12089.000,-445908240.040
12090.000,-445908240.040
12091.000,-445908160.916
12092.000,-445908160.916
12093.000,-445908160.916
12094.000,-445908240.040
12095.000,-445908240.040
12096.000,-445908240.040
12097.000,-445908240.040
12098.000,-445908240.040
12099.000,-445908160.916
12100.000,-445908160.916
12101.000,-445908160.916
12102.000,-445908160.916
12103.000,-445908240.040
12104.000,-445908240.040
12105.000,-445908240.040
12106.000,-445908240.040
12107.000,-445908160.916
12108.000,-445908160.916
12109.000,-445908160.916
12110.000,-445908160.916
12111.000,-445908240.040
12112.000,-445908240.040
12113.000,-445908240.040
12114.000,-445908240.040
12115.000,-445908160.916
12116.000,-445908160.916
12117.000,-445908160.916
12118.000,-445908160.916
12119.000,-445908240.040
12120.000,-445908240.040
12121.000,-445908240.040
12122.000,-445908240.040
12123.000,-445908240.040
12124.000,-445908160.916
12125.000,-445908160.916
12126.000,-445908160.916
12127.000,-445908240.040
12128.000,-445908240.040
12129.000,-445908240.040
12130.000,-445908240.040
12131.000,-445908240.040
12132.000,-445908160.916
12133.000,-445908160.916
12134.000,-445908160.916
12135.000,-445908160.916
12136.000,-445908240.040
12137.000,-445908240.040
12138.000,-445908240.040
12139.000,-445908240.040
12140.000,-445908160.916
12141.000,-445908160.916
12142.000,-445908160.916
12143.000,-445908160.916
12144.000,-445908240.040
12145.000,-445908240.040
12146.000,-445908240.040
12147.000,-445908240.040
12148.000,-445908160.916
12149.000,-445908160.916
12150.000,-445908160.916
12151.000,-445908160.916
12152.000,-445908160.916
12153.000,-445908240.040
12154.000,-445908240.040
12155.000,-445908240.040
12156.000,-445908240.040
12157.000,-445908160.916
12158.000,-445908160.916
12159.000,-445908160.916
12160.000,-445908160.916
12161.000,-445908240.040
12162.000,-445908240.040
12163.000,-445908240.040
12164.000,-445908240.040
12165.000,-445908160.916
12166.000,-445908160.916
12167.000,-445908160.916
12168.000,-445908160.916
12169.000,-445908160.916
12170.000,-445908240.040
12171.000,-445908240.040
12172.000,-445908240.040
12173.000,-445908160.916
12174.000,-445908160.916
12175.000,-445908160.916
12176.000,-445908160.916
12177.000,-445908160.916
12178.000,-445908240.040
12179.000,-445908240.040
12180.000,-445908240.040
12181.000,-445908160.916
12182.000,-445908160.916
12183.000,-445908160.916
12184.000,-445908160.916
12185.000,-445908160.916
12186.000,-445908240.040
12187.000,-445908240.040
12188.000,-445908240.040
12189.000,-445908240.040
12190.000,-445908160.916
12191.000,-445908160.916
12192.000,-445908160.916
12193.000,-445908160.916
12194.000,-445908240.040
12195.000,-445908240.040
12196.000,-445908240.040
12197.000,-445908240.040
12198.000,-445908160.916
12199.000,-445908160.916
12200.000,-445908160.916
12201.000,-445908160.916
12202.000,-445908240.040
12203.000,-445908240.040
12204.000,-445908240.040
12205.000,-445908240.040
12206.000,-445908240.040
12207.000,-445908160.916
12208.000,-445908160.916
12209.000,-445908160.916
12210.000,-445908160.916
12211.000,-445908240.040
12212.000,-445908240.040
12213.000,-445908240.040
12214.000,-445908240.040
12215.000,-445908160.916
12216.000,-445908160.916
12217.000,-445908160.916
12218.000,-445908160.916
12219.000,-445908240.040
12220.000,-445908240.040
12221.000,-445908240.040
12222.000,-445908240.040
12223.000,-445908240.040
12224.000,-445908160.916
12225.000,-445908160.916
12226.000,-445908160.916
12227.000,-445908240.040
12228.000,-445908240.040
12229.000,-445908240.040
12230.000,-445908240.040
12231.000,-445908240.040
12232.000,-445908240.040
12233.000,-445908160.916
12234.000,-445908160.916
12235.000,-445908240.040
12236.000,-445908240.040
12237.000,-445908240.040
12238.000,-445908240.040
12239.000,-445908240.040
12240.000,-445908240.040
12241.000,-445908240.040
12242.000,-445908240.040
12243.000,-445908240.040
12244.000,-445908240.040
12245.000,-445908240.040
12246.000,-445908240.040
12247.000,-445908240.040
12248.000,-445908240.040
12249.000,-445908240.040
12250.000,-445908240.040
12251.000,-445908240.040
12252.000,-445908240.040
12253.000,-445908240.040
12254.000,-445908240.040
12255.000,-445908240.040
12256.000,-445908240.040
12257.000,-445908240.040
12258.000,-445908240.040
12259.000,-445908240.040
12260.000,-445908240.040
12261.000,-445908240.040
12262.000,-445908240.040
12263.000,-445908240.040
12264.000,-445908240.040
12265.000,-445908240.040
12266.000,-445908240.040
12267.000,-445908240.040
12268.000,-445908240.040
12269.000,-445908240.040
12270.000,-445908240.040
12271.000,-445908240.040
12272.000,-445908240.040
12273.000,-445908240.040
12274.000,-445908240.040
12275.000,-445908240.040
12276.000,-445908240.040
12277.000,-445908240.040
12278.000,-445908240.040
12279.000,-445908319.164
12280.000,-445908240.040
12281.000,-445908240.040
12282.000,-445908240.040
12283.000,-445908240.040
12284.000,-445908240.040
12285.000,-445908240.040
12286.000,-445908240.040
12287.000,-445908319.164
12288.000,-445908319.164
12289.000,-445908240.040
12290.000,-445908240.040
12291.000,-445908240.040
12292.000,-445908240.040
12293.000,-445908240.040
12294.000,-445908240.040
12295.000,-445908319.164
12296.000,-445908319.164
12297.000,-445908319.164
12298.000,-445908240.040
12299.000,-445908240.040
12300.000,-445908240.040
12301.000,-445908240.040
12302.000,-445908240.040
12303.000,-445908319.164
12304.000,-445908319.164
12305.000,-445908319.164
12306.000,-445908319.164
12307.000,-445908240.040
12308.000,-445908240.040
12309.000,-445908240.040
12310.000,-445908240.040
12311.000,-445908319.164
12312.000,-445908319.164
12313.000,-445908319.164
12314.000,-445908319.164
12315.000,-445908240.040
12316.000,-445908240.040
12317.000,-445908240.040
12318.000,-445908240.040
12319.000,-445908319.164
12320.000,-445908319.164
12321.000,-445908319.164
12322.000,-445908319.164
12323.000,-445908319.164
12324.000,-445908240.040
12325.000,-445908240.040
12326.000,-445908240.040
12327.000,-445908319.164
12328.000,-445908319.164
12329.000,-445908319.164
12330.000,-445908319.164
12331.000,-445908319.164
12332.000,-445908319.164
12333.000,-445908240.040
12334.000,-445908240.040
12335.000,-445908319.164
12336.000,-445908319.164
12337.000,-445908319.164
12338.000,-445908319.164
12339.000,-445908319.164
12340.000,-445908319.164
12341.000,-445908319.164
12342.000,-445908319.164
12343.000,-445908319.164
12344.000,-445908319.164
12345.000,-445908319.164
12346.000,-445908319.164
12347.000,-445908319.164
12348.000,-445908319.164
12349.000,-445908319.164
12350.000,-445908319.164
12351.000,-445908319.164
12352.000,-445908319.164
12353.000,-445908319.164
12354.000,-445908319.164
12355.000,-445908319.164
12356.000,-445908319.164
12357.000,-445908319.164
12358.000,-445908319.164
12359.000,-445908319.164
12360.000,-445908319.164
12361.000,-445908319.164
12362.000,-445908319.164
12363.000,-445908398.288
12364.000,-445908319.164
12365.000,-445908319.164
12366.000,-445908319.164
12367.000,-445908319.164
12368.000,-445908319.164
12369.000,-445908319.164
12370.000,-445908398.288
12371.000,-445908398.288
12372.000,-445908398.288
12373.000,-445908319.164
12374.000,-445908319.164
12375.000,-445908319.164
12376.000,-445908319.164
12377.000,-445908319.164
12378.000,-445908398.288
12379.000,-445908398.288
12380.000,-445908398.288
12381.000,-445908398.288
12382.000,-445908319.164
12383.000,-445908319.164
12384.000,-445908319.164
12385.000,-445908319.164
12386.000,-445908398.288
12387.000,-445908398.288
12388.000,-445908398.288
12389.000,-445908398.288
12390.000,-445908319.164
12391.000,-445908319.164
12392.000,-445908319.164
12393.000,-445908319.164
12394.000,-445908398.288
12395.000,-445908398.288
12396.000,-445908398.288
12397.000,-445908398.288
12398.000,-445908398.288
12399.000,-445908319.164
12400.000,-445908319.164
12401.000,-445908319.164
12402.000,-445908398.288
12403.000,-445908398.288
12404.000,-445908398.288
12405.000,-445908398.288
12406.000,-445908398.288
12407.000,-445908398.288
12408.000,-445908398.288
12409.000,-445908319.164
12410.000,-445908398.288
12411.000,-445908398.288
12412.000,-445908398.288
12413.000,-445908398.288
12414.000,-445908398.288
12415.000,-445908398.288
12416.000,-445908398.288
12417.000,-445908398.288
12418.000,-445908398.288
12419.000,-445908398.288
12420.000,-445908398.288
12421.000,-445908398.288
12422.000,-445908398.288
12423.000,-445908398.288
12424.000,-445908398.288
12425.000,-445908398.288
12426.000,-445908398.288
12427.000,-445908398.288
12428.000,-445908398.288
12429.000,-445908398.288
12430.000,-445908398.288
12431.000,-445908398.288
12432.000,-445908398.288
12433.000,-445908398.288
12434.000,-445908398.288
12435.000,-445908398.288
12436.000,-445908398.288
12437.000,-445908477.412
12438.000,-445908477.412
12439.000,-445908398.288
12440.000,-445908398.288
12441.000,-445908398.288
12442.000,-445908398.288
12443.000,-445908398.288
12444.000,-445908398.288
12445.000,-445908477.412
12446.000,-445908477.412
12447.000,-445908477.412
12448.000,-445908398.288
12449.000,-445908398.288
12450.000,-445908398.288
12451.000,-445908398.288
12452.000,-445908398.288
12453.000,-445908477.412
12454.000,-445908477.412
12455.000,-445908477.412
12456.000,-445908477.412
12457.000,-445908398.288
12458.000,-445908398.288
12459.000,-445908398.288
12460.000,-445908398.288
12461.000,-445908477.412
12462.000,-445908477.412
12463.000,-445908477.412
12464.000,-445908477.412
12465.000,-445908477.412
12466.000,-445908398.288
12467.000,-445908398.288
12468.000,-445908398.288
12469.000,-445908477.412
12470.000,-445908477.412
12471.000,-445908477.412
12472.000,-445908477.412
12473.000,-445908477.412
12474.000,-445908477.412
12475.000,-445908398.288
12476.000,-445908477.412
12477.000,-445908477.412
12478.000,-445908477.412
12479.000,-445908477.412
12480.000,-445908477.412
12481.000,-445908477.412
12482.000,-445908477.412
12483.000,-445908477.412
12484.000,-445908477.412
12485.000,-445908477.412
12486.000,-445908477.412
12487.000,-445908477.412
12488.000,-445908477.412
12489.000,-445908477.412
12490.000,-445908477.412
12491.000,-445908477.412
12492.000,-445908477.412
12493.000,-445908477.412
12494.000,-445908477.412
12495.000,-445908477.412
12496.000,-445908477.412
12497.000,-445908477.412
12498.000,-445908477.412
12499.000,-445908477.412
12500.000,-445908477.412
12501.000,-445908477.412
12502.000,-445908477.412
12503.000,-445908477.412
12504.000,-445908556.536
12505.000,-445908556.536
12506.000,-445908477.412
12507.000,-445908477.412
12508.000,-445908477.412
12509.000,-445908477.412
12510.000,-445908477.412
12511.000,-445908477.412
12512.000,-445908556.536
12513.000,-445908556.536
12514.000,-445908477.412
12515.000,-445908477.412
12516.000,-445908477.412
12517.000,-445908477.412
12518.000,-445908477.412
12519.000,-445908477.412
12520.000,-445908556.536
12521.000,-445908556.536
12522.000,-445908556.536
12523.000,-445908477.412
12524.000,-445908477.412
12525.000,-445908477.412
12526.000,-445908477.412
12527.000,-445908477.412
12528.000,-445908556.536
12529.000,-445908556.536
12530.000,-445908556.536
12531.000,-445908556.536
12532.000,-445908477.412
12533.000,-445908477.412
12534.000,-445908477.412
12535.000,-445908477.412
12536.000,-445908556.536
12537.000,-445908556.536
12538.000,-445908556.536
12539.000,-445908556.536
12540.000,-445908556.536
12541.000,-445908477.412
12542.000,-445908477.412
12543.000,-445908477.412
12544.000,-445908556.536
12545.000,-445908556.536
12546.000,-445908556.536
12547.000,-445908556.536
12548.000,-445908556.536
12549.000,-445908477.412
12550.000,-445908477.412
12551.000,-445908477.412
12552.000,-445908556.536
12553.000,-445908556.536
12554.000,-445908556.536
12555.000,-445908556.536
12556.000,-445908556.536
12557.000,-445908556.536
12558.000,-445908477.412
12559.000,-445908477.412
12560.000,-445908556.536
12561.000,-445908556.536
12562.000,-445908556.536
12563.000,-445908556.536
12564.000,-445908556.536
12565.000,-445908556.536
12566.000,-445908477.412
12567.000,-445908477.412
12568.000,-445908556.536
12569.000,-445908556.536
12570.000,-445908556.536
12571.000,-445908556.536
12572.000,-445908556.536
12573.000,-445908556.536
12574.000,-445908556.536
12575.000,-445908556.536
12576.000,-445908556.536
12577.000,-445908556.536
12578.000,-445908556.536
12579.000,-445908556.536
12580.000,-445908556.536
12581.000,-445908556.536
12582.000,-445908556.536
12583.000,-445908556.536
12584.000,-445908556.536
12585.000,-445908556.536
12586.000,-445908556.536
12587.000,-445908556.536
12588.000,-445908556.536
12589.000,-445908556.536
12590.000,-445908556.536
12591.000,-445908556.536
12592.000,-445908556.536
12593.000,-445908556.536
12594.000,-445908556.536
12595.000,-445908556.536
12596.000,-445908556.536
12597.000,-445908556.536
12598.000,-445908556.536
12599.000,-445908556.536
12600.000,-445908556.536
12601.000,-445908556.536
12602.000,-445908556.536
12603.000,-445908556.536
12604.000,-445908556.536
12605.000,-445908556.536
12606.000,-445908556.536
12607.000,-445908556.536
12608.000,-445908556.536
12609.000,-445908556.536
12610.000,-445908556.536
12611.000,-445908556.536
12612.000,-445908556.536
12613.000,-445908556.536
12614.000,-445908556.536
12615.000,-445908556.536
12616.000,-445908556.536
12617.000,-445908556.536
12618.000,-445908556.536
12619.000,-445908556.536
12620.000,-445908556.536
12621.000,-445908556.536
12622.000,-445908556.536
12623.000,-445908556.536
12624.000,-445908556.536
12625.000,-445908556.536
12626.000,-445908556.536
12627.000,-445908556.536
12628.000,-445908556.536
12629.000,-445908556.536
12630.000,-445908556.536
12631.000,-445908556.536
12632.000,-445908556.536
12633.000,-445908556.536
12634.000,-445908556.536
12635.000,-445908556.536
12636.000,-445908556.536
12637.000,-445908556.536
12638.000,-445908556.536
12639.000,-445908556.536
12640.000,-445908556.536
12641.000,-445908556.536
12642.000,-445908556.536
12643.000,-445908556.536
12644.000,-445908556.536
12645.000,-445908556.536
12646.000,-445908556.536
12647.000,-445908556.536
12648.000,-445908556.536
12649.000,-445908556.536
12650.000,-445908556.536
12651.000,-445908556.536
12652.000,-445908556.536
12653.000,-445908556.536
12654.000,-445908556.536
12655.000,-445908556.536
12656.000,-445908556.536
12657.000,-445908556.536
12658.000,-445908556.536
12659.000,-445908556.536
12660.000,-445908556.536
12661.000,-445908556.536
12662.000,-445908635.660
12663.000,-445908635.660
12664.000,-445908556.536
12665.000,-445908556.536
12666.000,-445908556.536
12667.000,-445908556.536
12668.000,-445908556.536
12669.000,-445908556.536
12670.000,-445908556.536
12671.000,-445908635.660
12672.000,-445908556.536
12673.000,-445908556.536
12674.000,-445908556.536
12675.000,-445908556.536
12676.000,-445908556.536
12677.000,-445908556.536
12678.000,-445908556.536
12679.000,-445908635.660
12680.000,-445908556.536
12681.000,-445908556.536
12682.000,-445908556.536
12683.000,-445908556.536
12684.000,-445908556.536
12685.000,-445908556.536
12686.000,-445908556.536
12687.000,-445908556.536
12688.000,-445908556.536
12689.000,-445908556.536
12690.000,-445908556.536
12691.000,-445908556.536
12692.000,-445908556.536
12693.000,-445908556.536
12694.000,-445908556.536
12695.000,-445908556.536
12696.000,-445908635.660
12697.000,-445908556.536
12698.000,-445908556.536
12699.000,-445908556.536
12700.000,-445908556.536
12701.000,-445908556.536
12702.000,-445908556.536
12703.000,-445908556.536
12704.000,-445908556.536
12705.000,-445908556.536
12706.000,-445908556.536
12707.000,-445908556.536
12708.000,-445908556.536
12709.000,-445908556.536
12710.000,-445908556.536
12711.000,-445908556.536
12712.000,-445908556.536
12713.000,-445908556.536
12714.000,-445908556.536
12715.000,-445908556.536
12716.000,-445908556.536
12717.000,-445908556.536
12718.000,-445908556.536
12719.000,-445908556.536
12720.000,-445908556.536
12721.000,-445908556.536
12722.000,-445908556.536
12723.000,-445908556.536
12724.000,-445908556.536
12725.000,-445908556.536
12726.000,-445908556.536
12727.000,-445908556.536
12728.000,-445908556.536
12729.000,-445908556.536
12730.000,-445908556.536
12731.000,-445908556.536
12732.000,-445908556.536
12733.000,-445908556.536
12734.000,-445908556.536
12735.000,-445908556.536
12736.000,-445908556.536
12737.000,-445908556.536
12738.000,-445908556.536
12739.000,-445908556.536
12740.000,-445908556.536
12741.000,-445908556.536
12742.000,-445908556.536
12743.000,-445908556.536
12744.000,-445908556.536
12745.000,-445908556.536
12746.000,-445908556.536
12747.000,-445908556.536
12748.000,-445908556.536
12749.000,-445908556.536
12750.000,-445908556.536
12751.000,-445908556.536
12752.000,-445908556.536
12753.000,-445908556.536
12754.000,-445908556.536
12755.000,-445908556.536
12756.000,-445908556.536
12757.000,-445908556.536
12758.000,-445908477.412
12759.000,-445908477.412
12760.000,-445908556.536
12761.000,-445908556.536
12762.000,-445908556.536
12763.000,-445908556.536
12764.000,-445908556.536
12765.000,-445908477.412
12766.000,-445908477.412
12767.000,-445908477.412
12768.000,-445908477.412
12769.000,-445908556.536
12770.000,-445908556.536
12771.000,-445908556.536
12772.000,-445908556.536
12773.000,-445908556.536
12774.000,-445908477.412
12775.000,-445908477.412
12776.000,-445908477.412
12777.000,-445908477.412
12778.000,-445908556.536
12779.000,-445908556.536
12780.000,-445908556.536
12781.000,-445908556.536
12782.000,-445908477.412
12783.000,-445908477.412
12784.000,-445908477.412
12785.000,-445908477.412
12786.000,-445908477.412
12787.000,-445908556.536
12788.000,-445908556.536
12789.000,-445908556.536
12790.000,-445908477.412
12791.000,-445908477.412
12792.000,-445908477.412
12793.000,-445908477.412
12794.000,-445908477.412
12795.000,-445908556.536
12796.000,-445908556.536
12797.000,-445908556.536
12798.000,-445908477.412
12799.000,-445908477.412
12800.000,-445908477.412
12801.000,-445908477.412
12802.000,-445908477.412
12803.000,-445908477.412
12804.000,-445908477.412
12805.000,-445908477.412
12806.000,-445908477.412
12807.000,-445908477.412
12808.000,-445908477.412
12809.000,-445908477.412
12810.000,-445908477.412
12811.000,-445908477.412
12812.000,-445908477.412
12813.000,-445908477.412
12814.000,-445908477.412
12815.000,-445908477.412
12816.000,-445908477.412
12817.000,-445908477.412
12818.000,-445908477.412
12819.000,-445908477.412
12820.000,-445908477.412
12821.000,-445908477.412
12822.000,-445908477.412
12823.000,-445908477.412
12824.000,-445908477.412
12825.000,-445908477.412
12826.000,-445908477.412
12827.000,-445908477.412
12828.000,-445908477.412
12829.000,-445908477.412
12830.000,-445908477.412
12831.000,-445908477.412
12832.000,-445908477.412
12833.000,-445908398.288
12834.000,-445908398.288
12835.000,-445908477.412
12836.000,-445908477.412
12837.000,-445908477.412
12838.000,-445908477.412
12839.000,-445908477.412
12840.000,-445908477.412
12841.000,-445908398.288
12842.000,-445908398.288
12843.000,-445908398.288
12844.000,-445908477.412
12845.000,-445908477.412
12846.000,-445908477.412
12847.000,-445908477.412
12848.000,-445908477.412
12849.000,-445908398.288
12850.000,-445908398.288
12851.000,-445908398.288
12852.000,-445908398.288
12853.000,-445908477.412
12854.000,-445908477.412
12855.000,-445908477.412
12856.000,-445908477.412
12857.000,-445908398.288
12858.000,-445908398.288
12859.000,-445908398.288
12860.000,-445908398.288
12861.000,-445908398.288
12862.000,-445908477.412
12863.000,-445908477.412
12864.000,-445908477.412
12865.000,-445908398.288
12866.000,-445908398.288
12867.000,-445908398.288
12868.000,-445908398.288
12869.000,-445908398.288
12870.000,-445908477.412
12871.000,-445908477.412
12872.000,-445908477.412
12873.000,-445908398.288
12874.000,-445908398.288
12875.000,-445908398.288
12876.000,-445908398.288
12877.000,-445908398.288
12878.000,-445908398.288
12879.000,-445908477.412
12880.000,-445908477.412
12881.000,-445908398.288
12882.000,-445908398.288
12883.000,-445908398.288
12884.000,-445908398.288
12885.000,-445908398.288
12886.000,-445908398.288
12887.000,-445908398.288
12888.000,-445908398.288
12889.000,-445908398.288
12890.000,-445908398.288
12891.000,-445908398.288
12892.000,-445908398.288
12893.000,-445908398.288
12894.000,-445908398.288
12895.000,-445908398.288
12896.000,-445908398.288
12897.000,-445908398.288
12898.000,-445908398.288
12899.000,-445908398.288
12900.000,-445908398.288
12901.000,-445908398.288
12902.000,-445908398.288
12903.000,-445908398.288
12904.000,-445908398.288
12905.000,-445908398.288
12906.000,-445908398.288
12907.000,-445908398.288
12908.000,-445908319.164
12909.000,-445908319.164
12910.000,-445908398.288
12911.000,-445908398.288
12912.000,-445908398.288
12913.000,-445908398.288
12914.000,-445908398.288
12915.000,-445908398.288
12916.000,-445908319.164
12917.000,-445908319.164
12918.000,-445908319.164
12919.000,-445908398.288
12920.000,-445908398.288
12921.000,-445908398.288
12922.000,-445908398.288
12923.000,-445908398.288
12924.000,-445908319.164
12925.000,-445908319.164
12926.000,-445908319.164
12927.000,-445908319.164
12928.000,-445908398.288
12929.000,-445908398.288
12930.000,-445908398.288
12931.000,-445908398.288
12932.000,-445908319.164
12933.000,-445908319.164
12934.000,-445908319.164
12935.000,-445908319.164
12936.000,-445908319.164
12937.000,-445908398.288
12938.000,-445908398.288
12939.000,-445908398.288
12940.000,-445908319.164
12941.000,-445908319.164
12942.000,-445908319.164
12943.000,-445908319.164
12944.000,-445908319.164
12945.000,-445908398.288
12946.000,-445908398.288
12947.000,-445908319.164
12948.000,-445908319.164
12949.000,-445908319.164
12950.000,-445908319.164
12951.000,-445908319.164
12952.000,-445908319.164
12953.000,-445908319.164
12954.000,-445908319.164
12955.000,-445908319.164
12956.000,-445908319.164
12957.000,-445908319.164
12958.000,-445908319.164
12959.000,-445908319.164
12960.000,-445908319.164
12961.000,-445908319.164
12962.000,-445908319.164
12963.000,-445908319.164
12964.000,-445908319.164
12965.000,-445908319.164
12966.000,-445908319.164
12967.000,-445908319.164
12968.000,-445908319.164
12969.000,-445908319.164
12970.000,-445908319.164
12971.000,-445908319.164
12972.000,-445908319.164
12973.000,-445908319.164
12974.000,-445908319.164
12975.000,-445908240.040
12976.000,-445908240.040
12977.000,-445908319.164
12978.000,-445908319.164
12979.000,-445908319.164
12980.000,-445908319.164
12981.000,-445908319.164
12982.000,-445908319.164
12983.000,-445908240.040
12984.000,-445908240.040
12985.000,-445908319.164
12986.000,-445908319.164
12987.000,-445908319.164
12988.000,-445908319.164
12989.000,-445908319.164
12990.000,-445908319.164
12991.000,-445908240.040
12992.000,-445908240.040
12993.000,-445908240.040
12994.000,-445908319.164
12995.000,-445908319.164
12996.000,-445908319.164
12997.000,-445908319.164
12998.000,-445908319.164
12999.000,-445908240.040
13000.000,-445908240.040
13001.000,-445908240.040
13002.000,-445908240.040
13003.000,-445908319.164
13004.000,-445908319.164
13005.000,-445908319.164
13006.000,-445908319.164
13007.000,-445908240.040
13008.000,-445908240.040
13009.000,-445908240.040
13010.000,-445908240.040
13011.000,-445908240.040
13012.000,-445908319.164
13013.000,-445908319.164
13014.000,-445908240.040
13015.000,-445908240.040
13016.000,-445908240.040
13017.000,-445908240.040
13018.000,-445908240.040
13019.000,-445908240.040
13020.000,-445908240.040
13021.000,-445908240.040
13022.000,-445908240.040
13023.000,-445908240.040
13024.000,-445908240.040
13025.000,-445908240.040
13026.000,-445908240.040
13027.000,-445908240.040
13028.000,-445908240.040
13029.000,-445908240.040
13030.000,-445908240.040
13031.000,-445908240.040
13032.000,-445908240.040
13033.000,-445908240.040
13034.000,-445908240.040
13035.000,-445908240.040
13036.000,-445908240.040
13037.000,-445908319.164
13038.000,-445908240.040
13039.000,-445908240.040
13040.000,-445908240.040
13041.000,-445908240.040
13042.000,-445908240.040
13043.000,-445908240.040
13044.000,-445908240.040
13045.000,-445908319.164
13046.000,-445908319.164
13047.000,-445908240.040
13048.000,-445908240.040
13049.000,-445908240.040
13050.000,-445908240.040
13051.000,-445908240.040
13052.000,-445908240.040
13053.000,-445908240.040
13054.000,-445908240.040
13055.000,-445908240.040
13056.000,-445908240.040
13057.000,-445908240.040
13058.000,-445908160.916
13059.000,-445908160.916
13060.000,-445908240.040
13061.000,-445908240.040
13062.000,-445908240.040
13063.000,-445908240.040
13064.000,-445908240.040
13065.000,-445908240.040
13066.000,-445908160.916
13067.000,-445908160.916
13068.000,-445908160.916
13069.000,-445908240.040
13070.000,-445908240.040
13071.000,-445908240.040
13072.000,-445908240.040
13073.000,-445908240.040
13074.000,-445908240.040
13075.000,-445908160.916
13076.000,-445908160.916
13077.000,-445908240.040
13078.000,-445908240.040
13079.000,-445908240.040
13080.000,-445908240.040
13081.000,-445908240.040
13082.000,-445908240.040
13083.000,-445908160.916
13084.000,-445908160.916
13085.000,-445908240.040
13086.000,-445908240.040
13087.000,-445908240.040
13088.000,-445908240.040
13089.000,-445908240.040
13090.000,-445908240.040
13091.000,-445908240.040
13092.000,-445908160.916
13093.000,-445908240.040
13094.000,-445908240.040
13095.000,-445908240.040
13096.000,-445908240.040
13097.000,-445908240.040
13098.000,-445908240.040
13099.000,-445908160.916
13100.000,-445908160.916
13101.000,-445908160.916
13102.000,-445908240.040
13103.000,-445908240.040
13104.000,-445908240.040
13105.000,-445908240.040
13106.000,-445908240.040
13107.000,-445908160.916
13108.000,-445908160.916
13109.000,-445908160.916
13110.000,-445908240.040
13111.000,-445908240.040
13112.000,-445908240.040
13113.000,-445908240.040
13114.000,-445908240.040
13115.000,-445908160.916
13116.000,-445908160.916
13117.000,-445908160.916
13118.000,-445908160.916
13119.000,-445908240.040
13120.000,-445908240.040
13121.000,-445908240.040
13122.000,-445908240.040
13123.000,-445908160.916
13124.000,-445908160.916
13125.000,-445908160.916
13126.000,-445908160.916
13127.000,-445908160.916
13128.000,-445908240.040
13129.000,-445908240.040
13130.000,-445908240.040
13131.000,-445908240.040
13132.000,-445908160.916
13133.000,-445908160.916
13134.000,-445908160.916
13135.000,-445908160.916
13136.000,-445908240.040
13137.000,-445908240.040
13138.000,-445908240.040
13139.000,-445908240.040
13140.000,-445908160.916
13141.000,-445908160.916
13142.000,-445908160.916
13143.000,-445908160.916
13144.000,-445908240.040
13145.000,-445908240.040
13146.000,-445908240.040
13147.000,-445908240.040
13148.000,-445908160.916
13149.000,-445908160.916
13150.000,-445908160.916
13151.000,-445908160.916
13152.000,-445908160.916
13153.000,-445908240.040
13154.000,-445908240.040
13155.000,-445908240.040
13156.000,-445908240.040
13157.000,-445908160.916
13158.000,-445908160.916
13159.000,-445908160.916
13160.000,-445908160.916
13161.000,-445908240.040
13162.000,-445908240.040
13163.000,-445908240.040
13164.000,-445908240.040
13165.000,-445908160.916
13166.000,-445908160.916
13167.000,-445908160.916
13168.000,-445908160.916
13169.000,-445908240.040
13170.000,-445908240.040
13171.000,-445908240.040
13172.000,-445908240.040
13173.000,-445908160.916
13174.000,-445908160.916
13175.000,-445908160.916
13176.000,-445908160.916
13177.000,-445908160.916
13178.000,-445908240.040
13179.000,-445908240.040
13180.000,-445908240.040
13181.000,-445908240.040
13182.000,-445908160.916
13183.000,-445908160.916
13184.000,-445908160.916
13185.000,-445908160.916
13186.000,-445908240.040
13187.000,-445908240.040
13188.000,-445908240.040
13189.000,-445908240.040
13190.000,-445908160.916
13191.000,-445908160.916
13192.000,-445908160.916
13193.000,-445908160.916
13194.000,-445908240.040
13195.000,-445908240.040
13196.000,-445908240.040
13197.000,-445908240.040
13198.000,-445908240.040
13199.000,-445908160.916
13200.000,-445908160.916
13201.000,-445908160.916
13202.000,-445908160.916
13203.000,-445908240.040
13204.000,-445908240.040
13205.000,-445908240.040
13206.000,-445908240.040
13207.000,-445908160.916
13208.000,-445908160.916
13209.000,-445908160.916
13210.000,-445908160.916
13211.000,-445908240.040
13212.000,-445908240.040
13213.000,-445908240.040
13214.000,-445908240.040
13215.000,-445908240.040
13216.000,-445908160.916
13217.000,-445908160.916
13218.000,-445908160.916
13219.000,-445908240.040
13220.000,-445908240.040
13221.000,-445908240.040
13222.000,-445908240.040
13223.000,-445908240.040
13224.000,-445908160.916
13225.000,-445908160.916
13226.000,-445908160.916
13227.000,-445908240.040
13228.000,-445908240.040
13229.000,-445908240.040
13230.000,-445908240.040
13231.000,-445908240.040
13232.000,-445908160.916
13233.000,-445908160.916
13234.000,-445908160.916
13235.000,-445908240.040
13236.000,-445908240.040
13237.000,-445908240.040
13238.000,-445908240.040
13239.000,-445908240.040
13240.000,-445908240.040
13241.000,-445908160.916
13242.000,-445908160.916
13243.000,-445908240.040
13244.000,-445908240.040
13245.000,-445908240.040
13246.000,-445908240.040
13247.000,-445908240.040
13248.000,-445908240.040
13249.000,-445908240.040
13250.000,-445908240.040
13251.000,-445908240.040
13252.000,-445908240.040
13253.000,-445908240.040
13254.000,-445908240.040
13255.000,-445908240.040
13256.000,-445908240.040
13257.000,-445908240.040
13258.000,-445908240.040
13259.000,-445908240.040
13260.000,-445908240.040
13261.000,-445908240.040
13262.000,-445908240.040
13263.000,-445908240.040
13264.000,-445908240.040
13265.000,-445908240.040
13266.000,-445908240.040
13267.000,-445908240.040
13268.000,-445908240.040
13269.000,-445908240.040
13270.000,-445908240.040
13271.000,-445908240.040
13272.000,-445908240.040
13273.000,-445908240.040
13274.000,-445908240.040
13275.000,-445908240.040
13276.000,-445908240.040
13277.000,-445908240.040
13278.000,-445908240.040
13279.000,-445908319.164
13280.000,-445908240.040
13281.000,-445908240.040
13282.000,-445908240.040
13283.000,-445908240.040
13284.000,-445908240.040
13285.000,-445908240.040
13286.000,-445908240.040
13287.000,-445908319.164
13288.000,-445908319.164
13289.000,-445908240.040
13290.000,-445908240.040
13291.000,-445908240.040
13292.000,-445908240.040
13293.000,-445908240.040
13294.000,-445908240.040
13295.000,-445908319.164
13296.000,-445908319.164
13297.000,-445908319.164
13298.000,-445908240.040
13299.000,-445908240.040
13300.000,-445908240.040
13301.000,-445908240.040
13302.000,-445908240.040
13303.000,-445908319.164
13304.000,-445908319.164
13305.000,-445908319.164
13306.000,-445908240.040
13307.000,-445908240.040
13308.000,-445908240.040
13309.000,-445908240.040
13310.000,-445908240.040
13311.000,-445908319.164
13312.000,-445908319.164
13313.000,-445908319.164
13314.000,-445908319.164
13315.000,-445908240.040
13316.000,-445908240.040
13317.000,-445908240.040
13318.000,-445908240.040
13319.000,-445908319.164
13320.000,-445908319.164
13321.000,-445908319.164
13322.000,-445908319.164
13323.000,-445908319.164
13324.000,-445908240.040
13325.000,-445908240.040
13326.000,-445908240.040
13327.000,-445908319.164
13328.000,-445908319.164
13329.000,-445908319.164
13330.000,-445908319.164
13331.000,-445908319.164
13332.000,-445908319.164
13333.000,-445908240.040
13334.000,-445908240.040
13335.000,-445908319.164
13336.000,-445908319.164
13337.000,-445908319.164
13338.000,-445908319.164
13339.000,-445908319.164
13340.000,-445908319.164
13341.000,-445908319.164
13342.000,-445908319.164
13343.000,-445908319.164
13344.000,-445908319.164
13345.000,-445908319.164
13346.000,-445908319.164
13347.000,-445908319.164
13348.000,-445908319.164
13349.000,-445908319.164
13350.000,-445908319.164
13351.000,-445908319.164
13352.000,-445908319.164
13353.000,-445908319.164
13354.000,-445908319.164
13355.000,-445908319.164
13356.000,-445908319.164
13357.000,-445908319.164
13358.000,-445908319.164
13359.000,-445908319.164
13360.000,-445908319.164
13361.000,-445908319.164
13362.000,-445908319.164
13363.000,-445908319.164
13364.000,-445908319.164
13365.000,-445908319.164
13366.000,-445908319.164
13367.000,-445908319.164
13368.000,-445908319.164
13369.000,-445908319.164
13370.000,-445908398.288
13371.000,-445908398.288
13372.000,-445908319.164
13373.000,-445908319.164
13374.000,-445908319.164
13375.000,-445908319.164
13376.000,-445908319.164
13377.000,-445908319.164
13378.000,-445908398.288
13379.000,-445908398.288
13380.000,-445908398.288
13381.000,-445908398.288
13382.000,-445908319.164
13383.000,-445908319.164
13384.000,-445908319.164
13385.000,-445908319.164
13386.000,-445908398.288
13387.000,-445908398.288
13388.000,-445908398.288
13389.000,-445908398.288
13390.000,-445908319.164
13391.000,-445908319.164
13392.000,-445908319.164
13393.000,-445908319.164
13394.000,-445908398.288
13395.000,-445908398.288
13396.000,-445908398.288
13397.000,-445908398.288
13398.000,-445908398.288
13399.000,-445908398.288
13400.000,-445908319.164
13401.000,-445908319.164
13402.000,-445908398.288
13403.000,-445908398.288
13404.000,-445908398.288
13405.000,-445908398.288
13406.000,-445908398.288
13407.000,-445908398.288
13408.000,-445908398.288
13409.000,-445908398.288
13410.000,-445908398.288
13411.000,-445908398.288
13412.000,-445908398.288
13413.000,-445908398.288
13414.000,-445908398.288
13415.000,-445908398.288
13416.000,-445908398.288
13417.000,-445908398.288
13418.000,-445908398.288
13419.000,-445908398.288
13420.000,-445908398.288
13421.000,-445908398.288
13422.000,-445908398.288
13423.000,-445908398.288
13424.000,-445908398.288
13425.000,-445908398.288
13426.000,-445908398.288
13427.000,-445908398.288
13428.000,-445908398.288
13429.000,-445908477.412
13430.000,-445908398.288
13431.000,-445908398.288
13432.000,-445908398.288
13433.000,-445908398.288
13434.000,-445908398.288
13435.000,-445908398.288
13436.000,-445908398.288
13437.000,-445908477.412
13438.000,-445908477.412
13439.000,-445908398.288
13440.000,-445908398.288
13441.000,-445908398.288
13442.000,-445908398.288
13443.000,-445908398.288
13444.000,-445908398.288
13445.000,-445908477.412
13446.000,-445908477.412
13447.000,-445908477.412
13448.000,-445908398.288
13449.000,-445908398.288
13450.000,-445908398.288
13451.000,-445908398.288
13452.000,-445908398.288
13453.000,-445908477.412
13454.000,-445908477.412
13455.000,-445908477.412
13456.000,-445908477.412
13457.000,-445908398.288
13458.000,-445908398.288
13459.000,-445908398.288
13460.000,-445908398.288
13461.000,-445908477.412
13462.000,-445908477.412
13463.000,-445908477.412
13464.000,-445908477.412
13465.000,-445908477.412
13466.000,-445908398.288
13467.000,-445908398.288
13468.000,-445908398.288
13469.000,-445908477.412
13470.000,-445908477.412
13471.000,-445908477.412
13472.000,-445908477.412
13473.000,-445908477.412
13474.000,-445908477.412
13475.000,-445908398.288
13476.000,-445908398.288
13477.000,-445908477.412
13478.000,-445908477.412
13479.000,-445908477.412
13480.000,-445908477.412
13481.000,-445908477.412
13482.000,-445908477.412
13483.000,-445908477.412
13484.000,-445908477.412
13485.000,-445908477.412
13486.000,-445908477.412
13487.000,-445908477.412
13488.000,-445908477.412
13489.000,-445908477.412
13490.000,-445908477.412
13491.000,-445908477.412
13492.000,-445908477.412
13493.000,-445908477.412
13494.000,-445908477.412
13495.000,-445908477.412
13496.000,-445908477.412
13497.000,-445908477.412
13498.000,-445908477.412
13499.000,-445908477.412
13500.000,-445908477.412
13501.000,-445908477.412
13502.000,-445908477.412
13503.000,-445908477.412
13504.000,-445908477.412
13505.000,-445908477.412
13506.000,-445908477.412
13507.000,-445908477.412
13508.000,-445908477.412
13509.000,-445908477.412
13510.000,-445908477.412
13511.000,-445908477.412
13512.000,-445908556.536
13513.000,-445908556.536
13514.000,-445908477.412
13515.000,-445908477.412
13516.000,-445908477.412
13517.000,-445908477.412
13518.000,-445908477.412
13519.000,-445908477.412
13520.000,-445908556.536
13521.000,-445908556.536
13522.000,-445908556.536
13523.000,-445908477.412
13524.000,-445908477.412
13525.000,-445908477.412
13526.000,-445908477.412
13527.000,-445908477.412
13528.000,-445908556.536
13529.000,-445908556.536
13530.000,-445908556.536
13531.000,-445908477.412
13532.000,-445908477.412
13533.000,-445908477.412
13534.000,-445908477.412
13535.000,-445908477.412
13536.000,-445908556.536
13537.000,-445908556.536
13538.000,-445908556.536
13539.000,-445908556.536
13540.000,-445908477.412
13541.000,-445908477.412
13542.000,-445908477.412
13543.000,-445908477.412
13544.000,-445908556.536
13545.000,-445908556.536
13546.000,-445908556.536
13547.000,-445908556.536
13548.000,-445908556.536
13549.000,-445908477.412
13550.000,-445908477.412
13551.000,-445908477.412
13552.000,-445908556.536
13553.000,-445908556.536
13554.000,-445908556.536
13555.000,-445908556.536
13556.000,-445908556.536
13557.000,-445908556.536
13558.000,-445908477.412
13559.000,-445908477.412
13560.000,-445908556.536
13561.000,-445908556.536
13562.000,-445908556.536
13563.000,-445908556.536
13564.000,-445908556.536
13565.000,-445908556.536
13566.000,-445908556.536
13567.000,-445908556.536
13568.000,-445908556.536
13569.000,-445908556.536
13570.000,-445908556.536
13571.000,-445908556.536
13572.000,-445908556.536
13573.000,-445908556.536
13574.000,-445908556.536
13575.000,-445908556.536
13576.000,-445908556.536
13577.000,-445908556.536
13578.000,-445908556.536
13579.000,-445908556.536
13580.000,-445908556.536
13581.000,-445908556.536
13582.000,-445908556.536
13583.000,-445908556.536
13584.000,-445908556.536
13585.000,-445908556.536
13586.000,-445908556.536
13587.000,-445908556.536
13588.000,-445908556.536
13589.000,-445908556.536
13590.000,-445908556.536
13591.000,-445908556.536
13592.000,-445908556.536
13593.000,-445908556.536
13594.000,-445908556.536
13595.000,-445908556.536
13596.000,-445908556.536
13597.000,-445908556.536
13598.000,-445908556.536
13599.000,-445908556.536
13600.000,-445908556.536
13601.000,-445908556.536
13602.000,-445908556.536
13603.000,-445908556.536
13604.000,-445908556.536
13605.000,-445908556.536
13606.000,-445908556.536
13607.000,-445908556.536
13608.000,-445908556.536
13609.000,-445908556.536
13610.000,-445908556.536
13611.000,-445908556.536
13612.000,-445908556.536
13613.000,-445908556.536
13614.000,-445908556.536
13615.000,-445908556.536
13616.000,-445908556.536
13617.000,-445908556.536
13618.000,-445908556.536
13619.000,-445908556.536
13620.000,-445908556.536
13621.000,-445908556.536
13622.000,-445908556.536
13623.000,-445908556.536
13624.000,-445908556.536
13625.000,-445908556.536
13626.000,-445908556.536
13627.000,-445908556.536
13628.000,-445908556.536
13629.000,-445908556.536
13630.000,-445908556.536
13631.000,-445908556.536
13632.000,-445908556.536
13633.000,-445908556.536
13634.000,-445908556.536
13635.000,-445908556.536
13636.000,-445908556.536
13637.000,-445908635.660
13638.000,-445908635.660
13639.000,-445908556.536
13640.000,-445908556.536
13641.000,-445908556.536
13642.000,-445908556.536
13643.000,-445908556.536
13644.000,-445908556.536
13645.000,-445908635.660
13646.000,-445908635.660
13647.000,-445908556.536
13648.000,-445908556.536
13649.000,-445908556.536
13650.000,-445908556.536
13651.000,-445908556.536
13652.000,-445908556.536
13653.000,-445908556.536
13654.000,-445908635.660
13655.000,-445908635.660
13656.000,-445908556.536
13657.000,-445908556.536
13658.000,-445908556.536
13659.000,-445908556.536
13660.000,-445908556.536
13661.000,-445908556.536
13662.000,-445908556.536
13663.000,-445908556.536
13664.000,-445908556.536
13665.000,-445908556.536
13666.000,-445908556.536
13667.000,-445908556.536
13668.000,-445908556.536
13669.000,-445908556.536
13670.000,-445908556.536
13671.000,-445908556.536
13672.000,-445908556.536
13673.000,-445908556.536
13674.000,-445908556.536
13675.000,-445908556.536
13676.000,-445908556.536
13677.000,-445908556.536
13678.000,-445908556.536
13679.000,-445908556.536
13680.000,-445908556.536
13681.000,-445908556.536
13682.000,-445908556.536
13683.000,-445908556.536
13684.000,-445908556.536
13685.000,-445908556.536
13686.000,-445908556.536
13687.000,-445908556.536
13688.000,-445908556.536
13689.000,-445908556.536
13690.000,-445908556.536
13691.000,-445908556.536
13692.000,-445908556.536
13693.000,-445908556.536
13694.000,-445908556.536
13695.000,-445908635.660
13696.000,-445908635.660
13697.000,-445908556.536
13698.000,-445908556.536
13699.000,-445908556.536
13700.000,-445908556.536
13701.000,-445908556.536
13702.000,-445908556.536
13703.000,-445908556.536
13704.000,-445908635.660
13705.000,-445908556.536
13706.000,-445908556.536
13707.000,-445908556.536
13708.000,-445908556.536
13709.000,-445908556.536
13710.000,-445908556.536
13711.000,-445908556.536
13712.000,-445908556.536
13713.000,-445908635.660
13714.000,-445908556.536
13715.000,-445908556.536
13716.000,-445908556.536
13717.000,-445908556.536
13718.000,-445908556.536
13719.000,-445908556.536
13720.000,-445908556.536
13721.000,-445908556.536
13722.000,-445908556.536
13723.000,-445908556.536
13724.000,-445908556.536
13725.000,-445908556.536
13726.000,-445908556.536
13727.000,-445908556.536
13728.000,-445908556.536
13729.000,-445908556.536
13730.000,-445908556.536
13731.000,-445908556.536
13732.000,-445908556.536
13733.000,-445908556.536
13734.000,-445908556.536
13735.000,-445908556.536
13736.000,-445908556.536
13737.000,-445908556.536
13738.000,-445908556.536
13739.000,-445908556.536
13740.000,-445908556.536
13741.000,-445908556.536
13742.000,-445908556.536
13743.000,-445908556.536
13744.000,-445908556.536
13745.000,-445908556.536
13746.000,-445908556.536
13747.000,-445908556.536
13748.000,-445908556.536
13749.000,-445908556.536
13750.000,-445908477.412
13751.000,-445908477.412
13752.000,-445908556.536
13753.000,-445908556.536
13754.000,-445908556.536
13755.000,-445908556.536
13756.000,-445908556.536
13757.000,-445908556.536
13758.000,-445908477.412
13759.000,-445908477.412
13760.000,-445908556.536
13761.000,-445908556.536
13762.000,-445908556.536
13763.000,-445908556.536
13764.000,-445908556.536
13765.000,-445908556.536
13766.000,-445908477.412
13767.000,-445908477.412
13768.000,-445908477.412
13769.000,-445908556.536
13770.000,-445908556.536
13771.000,-445908556.536
13772.000,-445908556.536
13773.000,-445908556.536
13774.000,-445908477.412
13775.000,-445908477.412
13776.000,-445908477.412
13777.000,-445908477.412
13778.000,-445908556.536
13779.000,-445908556.536
13780.000,-445908556.536
13781.000,-445908556.536
13782.000,-445908477.412
13783.000,-445908477.412
13784.000,-445908477.412
13785.000,-445908477.412
13786.000,-445908556.536
13787.000,-445908556.536
13788.000,-445908556.536
13789.000,-445908556.536
13790.000,-445908477.412
13791.000,-445908477.412
13792.000,-445908477.412
13793.000,-445908477.412
13794.000,-445908477.412
13795.000,-445908556.536
13796.000,-445908556.536
13797.000,-445908556.536
13798.000,-445908477.412
13799.000,-445908477.412
13800.000,-445908477.412
13801.000,-445908477.412
13802.000,-445908477.412
13803.000,-445908477.412
13804.000,-445908556.536
13805.000,-445908556.536
13806.000,-445908477.412
13807.000,-445908477.412
13808.000,-445908477.412
13809.000,-445908477.412
13810.000,-445908477.412
13811.000,-445908477.412
13812.000,-445908556.536
13813.000,-445908556.536
13814.000,-445908477.412
13815.000,-445908477.412
13816.000,-445908477.412
13817.000,-445908477.412
13818.000,-445908477.412
13819.000,-445908477.412
13820.000,-445908477.412
13821.000,-445908477.412
13822.000,-445908477.412
13823.000,-445908477.412
13824.000,-445908477.412
13825.000,-445908477.412
13826.000,-445908477.412
13827.000,-445908477.412
13828.000,-445908477.412
13829.000,-445908477.412
13830.000,-445908477.412
13831.000,-445908477.412
13832.000,-445908477.412
13833.000,-445908477.412
13834.000,-445908477.412
13835.000,-445908477.412
13836.000,-445908477.412
13837.000,-445908477.412
13838.000,-445908477.412
13839.000,-445908477.412
13840.000,-445908477.412
13841.000,-445908477.412
13842.000,-445908398.288
13843.000,-445908477.412
13844.000,-445908477.412
13845.000,-445908477.412
13846.000,-445908477.412
13847.000,-445908477.412
13848.000,-445908477.412
13849.000,-445908398.288
13850.000,-445908398.288
13851.000,-445908398.288
13852.000,-445908477.412
13853.000,-445908477.412
13854.000,-445908477.412
13855.000,-445908477.412
13856.000,-445908477.412
13857.000,-445908398.288
13858.000,-445908398.288
13859.000,-445908398.288
13860.000,-445908398.288
13861.000,-445908477.412
13862.000,-445908477.412
13863.000,-445908477.412
13864.000,-445908477.412
13865.000,-445908398.288
13866.000,-445908398.288
13867.000,-445908398.288
13868.000,-445908398.288
13869.000,-445908398.288
13870.000,-445908477.412
13871.000,-445908477.412
13872.000,-445908477.412
13873.000,-445908398.288
13874.000,-445908398.288
13875.000,-445908398.288
13876.000,-445908398.288
13877.000,-445908398.288
13878.000,-445908398.288
13879.000,-445908477.412
13880.000,-445908477.412
13881.000,-445908398.288
13882.000,-445908398.288
13883.000,-445908398.288
13884.000,-445908398.288
13885.000,-445908398.288
13886.000,-445908398.288
13887.000,-445908398.288
13888.000,-445908398.288
13889.000,-445908398.288
13890.000,-445908398.288
13891.000,-445908398.288
13892.000,-445908398.288
13893.000,-445908398.288
13894.000,-445908398.288
13895.000,-445908398.288
13896.000,-445908398.288
13897.000,-445908398.288
13898.000,-445908398.288
13899.000,-445908398.288
13900.000,-445908398.288
13901.000,-445908398.288
13902.000,-445908398.288
13903.000,-445908398.288
13904.000,-445908398.288
13905.000,-445908398.288
13906.000,-445908398.288
13907.000,-445908398.288
13908.000,-445908319.164
13909.000,-445908398.288
13910.000,-445908398.288
13911.000,-445908398.288
13912.000,-445908398.288
13913.000,-445908398.288
13914.000,-445908398.288
13915.000,-445908398.288
13916.000,-445908319.164
13917.000,-445908319.164
13918.000,-445908398.288
13919.000,-445908398.288
13920.000,-445908398.288
13921.000,-445908398.288
13922.000,-445908398.288
13923.000,-445908398.288
13924.000,-445908319.164
13925.000,-445908319.164
13926.000,-445908319.164
13927.000,-445908398.288
13928.000,-445908398.288
13929.000,-445908398.288
13930.000,-445908398.288
13931.000,-445908398.288
13932.000,-445908319.164
13933.000,-445908319.164
13934.000,-445908319.164
13935.000,-445908319.164
13936.000,-445908398.288
13937.000,-445908398.288
13938.000,-445908398.288
13939.000,-445908398.288
13940.000,-445908319.164
13941.000,-445908319.164
13942.000,-445908319.164
13943.000,-445908319.164
13944.000,-445908319.164
13945.000,-445908398.288
13946.000,-445908398.288
13947.000,-445908319.164
13948.000,-445908319.164
13949.000,-445908319.164
13950.000,-445908319.164
13951.000,-445908319.164
13952.000,-445908319.164
13953.000,-445908319.164
13954.000,-445908319.164
13955.000,-445908319.164
13956.000,-445908319.164
13957.000,-445908319.164
13958.000,-445908319.164
13959.000,-445908319.164
13960.000,-445908319.164
13961.000,-445908319.164
13962.000,-445908319.164
13963.000,-445908319.164
13964.000,-445908319.164
13965.000,-445908319.164
13966.000,-445908319.164
13967.000,-445908319.164
13968.000,-445908319.164
13969.000,-445908319.164
13970.000,-445908319.164
13971.000,-445908319.164
13972.000,-445908319.164
13973.000,-445908319.164
13974.000,-445908319.164
13975.000,-445908319.164
13976.000,-445908319.164
13977.000,-445908319.164
13978.000,-445908319.164
13979.000,-445908319.164
13980.000,-445908319.164
13981.000,-445908319.164
13982.000,-445908319.164
13983.000,-445908240.040
13984.000,-445908240.040
13985.000,-445908319.164
13986.000,-445908319.164
13987.000,-445908319.164
13988.000,-445908319.164
13989.000,-445908319.164
13990.000,-445908319.164
13991.000,-445908240.040
13992.000,-445908240.040
13993.000,-445908240.040
13994.000,-445908319.164
13995.000,-445908319.164
13996.000,-445908319.164
13997.000,-445908319.164
13998.000,-445908319.164
13999.000,-445908240.040
14000.000,-445908240.040
14001.000,-445908240.040
14002.000,-445908240.040
14003.000,-445908319.164
14004.000,-445908319.164
14005.000,-445908319.164
14006.000,-445908240.040
14007.000,-445908240.040
14008.000,-445908240.040
14009.000,-445908240.040
14010.000,-445908240.040
14011.000,-445908240.040
14012.000,-445908319.164
14013.000,-445908319.164
14014.000,-445908240.040
14015.000,-445908240.040
14016.000,-445908240.040
14017.000,-445908240.040
14018.000,-445908240.040
14019.000,-445908240.040
14020.000,-445908319.164
14021.000,-445908319.164
14022.000,-445908240.040
14023.000,-445908240.040
14024.000,-445908240.040
14025.000,-445908240.040
14026.000,-445908240.040
14027.000,-445908240.040
14028.000,-445908240.040
14029.000,-445908319.164
14030.000,-445908240.040
14031.000,-445908240.040
14032.000,-445908240.040
14033.000,-445908240.040
14034.000,-445908240.040
14035.000,-445908240.040
14036.000,-445908240.040
14037.000,-445908240.040
14038.000,-445908240.040
14039.000,-445908240.040
14040.000,-445908240.040
14041.000,-445908240.040
14042.000,-445908240.040
14043.000,-445908240.040
14044.000,-445908240.040
14045.000,-445908240.040
14046.000,-445908240.040
14047.000,-445908240.040
14048.000,-445908240.040
14049.000,-445908240.040
14050.000,-445908240.040
14051.000,-445908240.040
14052.000,-445908240.040
14053.000,-445908240.040
14054.000,-445908240.040
14055.000,-445908240.040
14056.000,-445908240.040
14057.000,-445908240.040
14058.000,-445908240.040
14059.000,-445908240.040
14060.000,-445908240.040
14061.000,-445908240.040
14062.000,-445908240.040
14063.000,-445908240.040
14064.000,-445908240.040
14065.000,-445908240.040
14066.000,-445908240.040
14067.000,-445908240.040
14068.000,-445908240.040
14069.000,-445908240.040
14070.000,-445908240.040
14071.000,-445908240.040
14072.000,-445908240.040
14073.000,-445908240.040
14074.000,-445908240.040
14075.000,-445908240.040
14076.000,-445908240.040
14077.000,-445908240.040
14078.000,-445908240.040
14079.000,-445908240.040
14080.000,-445908240.040
14081.000,-445908240.040
14082.000,-445908240.040
14083.000,-445908160.916
14084.000,-445908160.916
14085.000,-445908240.040
14086.000,-445908240.040
14087.000,-445908240.040
14088.000,-445908240.040
14089.000,-445908240.040
14090.000,-445908240.040
14091.000,-445908160.916
14092.000,-445908160.916
14093.000,-445908160.916
14094.000,-445908240.040
14095.000,-445908240.040
14096.000,-445908240.040
14097.000,-445908240.040
14098.000,-445908240.040
14099.000,-445908160.916
14100.000,-445908160.916
14101.000,-445908160.916
14102.000,-445908160.916
14103.000,-445908240.040
14104.000,-445908240.040
14105.000,-445908240.040
14106.000,-445908240.040
14107.000,-445908160.916
14108.000,-445908160.916
14109.000,-445908160.916
14110.000,-445908160.916
14111.000,-445908240.040
14112.000,-445908240.040
14113.000,-445908240.040
14114.000,-445908240.040
14115.000,-445908240.040
14116.000,-445908160.916
14117.000,-445908160.916
14118.000,-445908160.916
14119.000,-445908160.916
14120.000,-445908240.040
14121.000,-445908240.040
14122.000,-445908240.040
14123.000,-445908240.040
14124.000,-445908160.916
14125.000,-445908160.916
14126.000,-445908160.916
14127.000,-445908160.916
14128.000,-445908240.040
14129.000,-445908240.040
14130.000,-445908240.040
14131.000,-445908240.040
14132.000,-445908160.916
14133.000,-445908160.916
14134.000,-445908160.916
14135.000,-445908160.916
14136.000,-445908240.040
14137.000,-445908240.040
14138.000,-445908240.040
14139.000,-445908240.040
14140.000,-445908160.916
14141.000,-445908160.916
14142.000,-445908160.916
14143.000,-445908160.916
14144.000,-445908240.040
14145.000,-445908240.040
14146.000,-445908240.040
14147.000,-445908240.040
14148.000,-445908160.916
14149.000,-445908160.916
14150.000,-445908160.916
14151.000,-445908160.916
14152.000,-445908160.916
14153.000,-445908240.040
14154.000,-445908240.040
14155.000,-445908240.040
14156.000,-445908160.916
14157.000,-445908160.916
14158.000,-445908160.916
14159.000,-445908160.916
14160.000,-445908160.916
14161.000,-445908240.040
14162.000,-445908240.040
14163.000,-445908240.040
14164.000,-445908240.040
14165.000,-445908160.916
14166.000,-445908160.916
14167.000,-445908160.916
14168.000,-445908160.916
14169.000,-445908240.040
14170.000,-445908240.040
14171.000,-445908240.040
14172.000,-445908240.040
14173.000,-445908160.916
14174.000,-445908160.916
14175.000,-445908160.916
14176.000,-445908160.916
14177.000,-445908160.916
14178.000,-445908240.040
14179.000,-445908240.040
14180.000,-445908240.040
14181.000,-445908240.040
14182.000,-445908160.916
14183.000,-445908160.916
14184.000,-445908160.916
14185.000,-445908160.916
14186.000,-445908240.040
14187.000,-445908240.040
14188.000,-445908240.040
14189.000,-445908240.040
14190.000,-445908160.916
14191.000,-445908160.916
14192.000,-445908160.916
14193.000,-445908160.916
14194.000,-445908240.040
14195.000,-445908240.040
14196.000,-445908240.040
14197.000,-445908240.040
14198.000,-445908240.040
14199.000,-445908160.916
14200.000,-445908160.916
14201.000,-445908160.916
14202.000,-445908160.916
14203.000,-445908240.040
14204.000,-445908240.040
14205.000,-445908240.040
14206.000,-445908240.040
14207.000,-445908160.916
14208.000,-445908160.916
14209.000,-445908160.916
14210.000,-445908160.916
14211.000,-445908240.040
14212.000,-445908240.040
14213.000,-445908240.040
14214.000,-445908240.040
14215.000,-445908240.040
14216.000,-445908160.916
14217.000,-445908160.916
14218.000,-445908160.916
14219.000,-445908240.040
14220.000,-445908240.040
14221.000,-445908240.040
14222.000,-445908240.040
14223.000,-445908240.040
14224.000,-445908240.040
14225.000,-445908160.916
14226.000,-445908160.916
14227.000,-445908240.040
14228.000,-445908240.040
14229.000,-445908240.040
14230.000,-445908240.040
14231.000,-445908240.040
14232.000,-445908240.040
14233.000,-445908160.916
14234.000,-445908160.916
14235.000,-445908240.040
14236.000,-445908240.040
14237.000,-445908240.040
14238.000,-445908240.040
14239.000,-445908240.040
14240.000,-445908240.040
14241.000,-445908240.040
14242.000,-445908160.916
14243.000,-445908240.040
14244.000,-445908240.040
14245.000,-445908240.040
14246.000,-445908240.040
14247.000,-445908240.040
14248.000,-445908240.040
14249.000,-445908240.040
14250.000,-445908160.916
14251.000,-445908240.040
14252.000,-445908240.040
14253.000,-445908240.040
14254.000,-445908240.040
14255.000,-445908240.040
14256.000,-445908240.040
14257.000,-445908240.040
14258.000,-445908240.040
14259.000,-445908240.040
14260.000,-445908240.040
14261.000,-445908240.040
14262.000,-445908240.040
14263.000,-445908240.040
14264.000,-445908240.040
14265.000,-445908240.040
14266.000,-445908240.040
14267.000,-445908240.040
14268.000,-445908240.040
14269.000,-445908240.040
14270.000,-445908240.040
14271.000,-445908240.040
14272.000,-445908240.040
14273.000,-445908240.040
14274.000,-445908240.040
14275.000,-445908240.040
14276.000,-445908240.040
14277.000,-445908240.040
14278.000,-445908240.040
14279.000,-445908319.164
14280.000,-445908240.040
14281.000,-445908240.040
14282.000,-445908240.040
14283.000,-445908240.040
14284.000,-445908240.040
14285.000,-445908240.040
14286.000,-445908240.040
14287.000,-445908319.164
14288.000,-445908319.164
14289.000,-445908240.040
14290.000,-445908240.040
14291.000,-445908240.040
14292.000,-445908240.040
14293.000,-445908240.040
14294.000,-445908240.040
14295.000,-445908319.164
14296.000,-445908319.164
14297.000,-445908319.164
14298.000,-445908240.040
14299.000,-445908240.040
14300.000,-445908240.040
14301.000,-445908240.040
14302.000,-445908240.040
14303.000,-445908319.164
14304.000,-445908319.164
14305.000,-445908319.164
14306.000,-445908319.164
14307.000,-445908240.040
14308.000,-445908240.040
14309.000,-445908240.040
14310.000,-445908240.040
14311.000,-445908240.040
14312.000,-445908319.164
14313.000,-445908319.164
14314.000,-445908319.164
14315.000,-445908319.164
14316.000,-445908240.040
14317.000,-445908240.040
14318.000,-445908240.040
14319.000,-445908240.040
14320.000,-445908319.164
14321.000,-445908319.164
14322.000,-445908319.164
14323.000,-445908319.164
14324.000,-445908240.040
14325.000,-445908240.040
14326.000,-445908240.040
14327.000,-445908319.164
14328.000,-445908319.164
14329.000,-445908319.164
14330.000,-445908319.164
14331.000,-445908319.164
14332.000,-445908319.164
14333.000,-445908319.164
14334.000,-445908240.040
14335.000,-445908319.164
14336.000,-445908319.164
14337.000,-445908319.164
14338.000,-445908319.164
14339.000,-445908319.164
14340.000,-445908319.164
14341.000,-445908319.164
14342.000,-445908319.164
14343.000,-445908319.164
14344.000,-445908319.164
14345.000,-445908319.164
14346.000,-445908319.164
14347.000,-445908319.164
14348.000,-445908319.164
14349.000,-445908319.164
14350.000,-445908319.164
14351.000,-445908319.164
14352.000,-445908319.164
14353.000,-445908319.164
14354.000,-445908319.164
14355.000,-445908319.164
14356.000,-445908319.164
14357.000,-445908319.164
14358.000,-445908319.164
14359.000,-445908319.164
14360.000,-445908319.164
14361.000,-445908319.164
14362.000,-445908319.164
14363.000,-445908319.164
14364.000,-445908319.164
14365.000,-445908319.164
14366.000,-445908319.164
14367.000,-445908319.164
14368.000,-445908319.164
14369.000,-445908319.164
14370.000,-445908398.288
14371.000,-445908398.288
14372.000,-445908398.288
14373.000,-445908319.164
14374.000,-445908319.164
14375.000,-445908319.164
14376.000,-445908319.164
14377.000,-445908319.164
14378.000,-445908398.288
14379.000,-445908398.288
14380.000,-445908398.288
14381.000,-445908398.288
14382.000,-445908319.164
14383.000,-445908319.164
14384.000,-445908319.164
14385.000,-445908319.164
14386.000,-445908398.288
14387.000,-445908398.288
14388.000,-445908398.288
14389.000,-445908398.288
14390.000,-445908319.164
14391.000,-445908319.164
14392.000,-445908319.164
14393.000,-445908319.164
14394.000,-445908398.288
14395.000,-445908398.288
14396.000,-445908398.288
14397.000,-445908398.288
14398.000,-445908398.288
14399.000,-445908319.164
14400.000,-445908319.164
14401.000,-445908398.288
14402.000,-445908398.288
14403.000,-445908398.288
14404.000,-445908398.288
14405.000,-445908398.288
14406.000,-445908398.288
14407.000,-445908398.288
14408.000,-445908398.288
14409.000,-445908398.288
14410.000,-445908398.288
14411.000,-445908398.288
14412.000,-445908398.288
14413.000,-445908398.288
14414.000,-445908398.288
14415.000,-445908398.288
14416.000,-445908398.288
14417.000,-445908398.288
14418.000,-445908398.288
14419.000,-445908398.288
14420.000,-445908398.288
14421.000,-445908398.288
14422.000,-445908398.288
14423.000,-445908398.288
14424.000,-445908398.288
14425.000,-445908398.288
14426.000,-445908398.288
14427.000,-445908398.288
14428.000,-445908398.288
14429.000,-445908477.412
14430.000,-445908398.288
14431.000,-445908398.288
14432.000,-445908398.288
14433.000,-445908398.288
14434.000,-445908398.288
14435.000,-445908398.288
14436.000,-445908398.288
14437.000,-445908477.412
14438.000,-445908477.412
14439.000,-445908398.288
14440.000,-445908398.288
14441.000,-445908398.288
14442.000,-445908398.288
14443.000,-445908398.288
14444.000,-445908398.288
14445.000,-445908477.412
14446.000,-445908477.412
14447.000,-445908477.412
14448.000,-445908398.288
14449.000,-445908398.288
14450.000,-445908398.288
14451.000,-445908398.288
14452.000,-445908398.288
14453.000,-445908477.412
14454.000,-445908477.412
14455.000,-445908477.412
14456.000,-445908477.412
14457.000,-445908398.288
14458.000,-445908398.288
14459.000,-445908398.288
14460.000,-445908398.288
14461.000,-445908477.412
14462.000,-445908477.412
14463.000,-445908477.412
14464.000,-445908477.412
14465.000,-445908477.412
14466.000,-445908398.288
14467.000,-445908398.288
14468.000,-445908398.288
14469.000,-445908477.412
14470.000,-445908477.412
14471.000,-445908477.412
14472.000,-445908477.412
14473.000,-445908477.412
14474.000,-445908477.412
14475.000,-445908398.288
14476.000,-445908477.412
14477.000,-445908477.412
14478.000,-445908477.412
14479.000,-445908477.412
14480.000,-445908477.412
14481.000,-445908477.412
14482.000,-445908477.412
14483.000,-445908477.412
14484.000,-445908477.412
14485.000,-445908477.412
14486.000,-445908477.412
14487.000,-445908477.412
14488.000,-445908477.412
14489.000,-445908477.412
14490.000,-445908477.412
14491.000,-445908477.412
14492.000,-445908477.412
14493.000,-445908477.412
14494.000,-445908477.412
14495.000,-445908477.412
14496.000,-445908477.412
14497.000,-445908477.412
14498.000,-445908477.412
14499.000,-445908477.412
14500.000,-445908477.412
14501.000,-445908477.412
14502.000,-445908477.412
14503.000,-445908477.412
14504.000,-445908477.412
14505.000,-445908477.412
14506.000,-445908477.412
14507.000,-445908477.412
14508.000,-445908477.412
14509.000,-445908477.412
14510.000,-445908477.412
14511.000,-445908477.412
14512.000,-445908556.536
14513.000,-445908556.536
14514.000,-445908477.412
14515.000,-445908477.412
14516.000,-445908477.412
14517.000,-445908477.412
14518.000,-445908477.412
14519.000,-445908477.412
14520.000,-445908556.536
14521.000,-445908556.536
14522.000,-445908556.536
14523.000,-445908477.412
14524.000,-445908477.412
14525.000,-445908477.412
14526.000,-445908477.412
14527.000,-445908477.412
14528.000,-445908556.536
14529.000,-445908556.536
14530.000,-445908556.536
14531.000,-445908556.536
14532.000,-445908477.412
14533.000,-445908477.412
14534.000,-445908477.412
14535.000,-445908477.412
14536.000,-445908556.536
14537.000,-445908556.536
14538.000,-445908556.536
14539.000,-445908556.536
14540.000,-445908477.412
14541.000,-445908477.412
14542.000,-445908477.412
14543.000,-445908477.412
14544.000,-445908556.536
14545.000,-445908556.536
14546.000,-445908556.536
14547.000,-445908556.536
14548.000,-445908556.536
14549.000,-445908477.412
14550.000,-445908477.412
14551.000,-445908477.412
14552.000,-445908556.536
14553.000,-445908556.536
14554.000,-445908556.536
14555.000,-445908556.536
14556.000,-445908556.536
14557.000,-445908477.412
14558.000,-445908477.412
14559.000,-445908477.412
14560.000,-445908556.536
14561.000,-445908556.536
14562.000,-445908556.536
14563.000,-445908556.536
14564.000,-445908556.536
14565.000,-445908556.536
14566.000,-445908477.412
14567.000,-445908477.412
14568.000,-445908556.536
14569.000,-445908556.536
14570.000,-445908556.536
14571.000,-445908556.536
14572.000,-445908556.536
14573.000,-445908556.536
14574.000,-445908556.536
14575.000,-445908477.412
14576.000,-445908556.536
14577.000,-445908556.536
14578.000,-445908556.536
14579.000,-445908556.536
14580.000,-445908556.536
14581.000,-445908556.536
14582.000,-445908556.536
14583.000,-445908556.536
14584.000,-445908556.536
14585.000,-445908556.536
14586.000,-445908556.536
14587.000,-445908556.536
14588.000,-445908556.536
14589.000,-445908556.536
14590.000,-445908556.536
14591.000,-445908556.536
14592.000,-445908556.536
14593.000,-445908556.536
14594.000,-445908556.536
14595.000,-445908556.536
14596.000,-445908556.536
14597.000,-445908556.536
14598.000,-445908556.536
14599.000,-445908556.536
14600.000,-445908556.536
14601.000,-445908556.536
14602.000,-445908556.536
14603.000,-445908556.536
14604.000,-445908556.536
14605.000,-445908556.536
14606.000,-445908556.536
14607.000,-445908556.536
14608.000,-445908556.536
14609.000,-445908556.536
14610.000,-445908556.536
14611.000,-445908556.536
14612.000,-445908556.536
14613.000,-445908556.536
14614.000,-445908556.536
14615.000,-445908556.536
14616.000,-445908556.536
14617.000,-445908556.536
14618.000,-445908556.536
14619.000,-445908556.536
14620.000,-445908556.536
14621.000,-445908635.660
14622.000,-445908556.536
14623.000,-445908556.536
14624.000,-445908556.536
14625.000,-445908556.536
14626.000,-445908556.536
14627.000,-445908556.536
14628.000,-445908556.536
14629.000,-445908635.660
14630.000,-445908635.660
14631.000,-445908556.536
14632.000,-445908556.536
14633.000,-445908556.536
14634.000,-445908556.536
14635.000,-445908556.536
14636.000,-445908556.536
14637.000,-445908635.660
14638.000,-445908635.660
14639.000,-445908556.536
14640.000,-445908556.536
14641.000,-445908556.536
14642.000,-445908556.536
14643.000,-445908556.536
14644.000,-445908556.536
14645.000,-445908556.536
14646.000,-445908635.660
14647.000,-445908556.536
14648.000,-445908556.536
14649.000,-445908556.536
14650.000,-445908556.536
14651.000,-445908556.536
14652.000,-445908556.536
14653.000,-445908556.536
14654.000,-445908635.660
14655.000,-445908635.660
14656.000,-445908556.536
14657.000,-445908556.536
14658.000,-445908556.536
14659.000,-445908556.536
14660.000,-445908556.536
14661.000,-445908556.536
14662.000,-445908556.536
14663.000,-445908635.660
14664.000,-445908556.536
14665.000,-445908556.536
14666.000,-445908556.536
14667.000,-445908556.536
14668.000,-445908556.536
14669.000,-445908556.536
14670.000,-445908556.536
14671.000,-445908556.536
14672.000,-445908556.536
14673.000,-445908556.536
14674.000,-445908556.536
14675.000,-445908556.536
14676.000,-445908556.536
14677.000,-445908556.536
14678.000,-445908556.536
14679.000,-445908556.536
14680.000,-445908556.536
14681.000,-445908556.536
14682.000,-445908556.536
14683.000,-445908556.536
14684.000,-445908556.536
14685.000,-445908556.536
14686.000,-445908556.536
14687.000,-445908556.536
14688.000,-445908556.536
14689.000,-445908556.536
14690.000,-445908556.536
14691.000,-445908556.536
14692.000,-445908556.536
14693.000,-445908556.536
14694.000,-445908556.536
14695.000,-445908556.536
14696.000,-445908556.536
14697.000,-445908556.536
14698.000,-445908556.536
14699.000,-445908556.536
14700.000,-445908556.536
14701.000,-445908556.536
14702.000,-445908556.536
14703.000,-445908556.536
14704.000,-445908556.536
14705.000,-445908556.536
14706.000,-445908556.536
14707.000,-445908556.536
14708.000,-445908556.536
14709.000,-445908556.536
14710.000,-445908556.536
14711.000,-445908556.536
14712.000,-445908556.536
14713.000,-445908556.536
14714.000,-445908556.536
14715.000,-445908556.536
14716.000,-445908556.536
14717.000,-445908556.536
14718.000,-445908556.536
14719.000,-445908556.536
14720.000,-445908556.536
14721.000,-445908556.536
14722.000,-445908556.536
14723.000,-445908556.536
14724.000,-445908556.536
14725.000,-445908556.536
14726.000,-445908556.536
14727.000,-445908556.536
14728.000,-445908556.536
14729.000,-445908556.536
14730.000,-445908556.536
14731.000,-445908556.536
14732.000,-445908556.536
14733.000,-445908556.536
14734.000,-445908556.536
14735.000,-445908556.536
14736.000,-445908556.536
14737.000,-445908556.536
14738.000,-445908556.536
14739.000,-445908556.536
14740.000,-445908556.536
14741.000,-445908556.536
14742.000,-445908556.536
14743.000,-445908556.536
14744.000,-445908556.536
14745.000,-445908556.536
14746.000,-445908556.536
14747.000,-445908556.536
14748.000,-445908556.536
14749.000,-445908556.536
14750.000,-445908477.412
14751.000,-445908556.536
14752.000,-445908556.536
14753.000,-445908556.536
14754.000,-445908556.536
14755.000,-445908556.536
14756.000,-445908556.536
14757.000,-445908556.536
14758.000,-445908477.412
14759.000,-445908477.412
14760.000,-445908556.536
14761.000,-445908556.536
14762.000,-445908556.536
14763.000,-445908556.536
14764.000,-445908556.536
14765.000,-445908477.412
14766.000,-445908477.412
14767.000,-445908477.412
14768.000,-445908477.412
14769.000,-445908556.536
14770.000,-445908556.536
14771.000,-445908556.536
14772.000,-445908556.536
14773.000,-445908477.412
14774.000,-445908477.412
14775.000,-445908477.412
14776.000,-445908477.412
14777.000,-445908477.412
14778.000,-445908556.536
14779.000,-445908556.536
14780.000,-445908556.536
14781.000,-445908556.536
14782.000,-445908477.412
14783.000,-445908477.412
14784.000,-445908477.412
14785.000,-445908477.412
14786.000,-445908556.536
14787.000,-445908556.536
14788.000,-445908556.536
14789.000,-445908556.536
14790.000,-445908477.412
14791.000,-445908477.412
14792.000,-445908477.412
14793.000,-445908477.412
14794.000,-445908477.412
14795.000,-445908556.536
14796.000,-445908556.536
14797.000,-445908556.536
14798.000,-445908477.412
14799.000,-445908477.412
14800.000,-445908477.412
14801.000,-445908477.412
14802.000,-445908477.412
14803.000,-445908477.412
14804.000,-445908556.536
14805.000,-445908556.536
14806.000,-445908477.412
14807.000,-445908477.412
14808.000,-445908477.412
14809.000,-445908477.412
14810.000,-445908477.412
14811.000,-445908477.412
14812.000,-445908477.412
14813.000,-445908477.412
14814.000,-445908477.412
14815.000,-445908477.412
14816.000,-445908477.412
14817.000,-445908477.412
14818.000,-445908477.412
14819.000,-445908477.412
14820.000,-445908477.412
14821.000,-445908477.412
14822.000,-445908477.412
14823.000,-445908477.412
14824.000,-445908477.412
14825.000,-445908477.412
14826.000,-445908477.412
14827.000,-445908477.412
14828.000,-445908477.412
14829.000,-445908477.412
14830.000,-445908477.412
14831.000,-445908477.412
14832.000,-445908477.412
14833.000,-445908477.412
14834.000,-445908477.412
14835.000,-445908477.412
14836.000,-445908477.412
14837.000,-445908477.412
14838.000,-445908477.412
14839.000,-445908477.412
14840.000,-445908477.412
14841.000,-445908477.412
14842.000,-445908398.288
14843.000,-445908477.412
14844.000,-445908477.412
14845.000,-445908477.412
14846.000,-445908477.412
14847.000,-445908477.412
14848.000,-445908477.412
14849.000,-445908398.288
14850.000,-445908398.288
14851.000,-445908398.288
14852.000,-445908477.412
14853.000,-445908477.412
14854.000,-445908477.412
14855.000,-445908477.412
14856.000,-445908477.412
14857.000,-445908398.288
14858.000,-445908398.288
14859.000,-445908398.288
14860.000,-445908398.288
14861.000,-445908477.412
14862.000,-445908477.412
14863.000,-445908477.412
14864.000,-445908477.412
14865.000,-445908398.288
14866.000,-445908398.288
14867.000,-445908398.288
14868.000,-445908398.288
14869.000,-445908398.288
14870.000,-445908477.412
14871.000,-445908477.412
14872.000,-445908477.412
14873.000,-445908398.288
14874.000,-445908398.288
14875.000,-445908398.288
14876.000,-445908398.288
14877.000,-445908398.288
14878.000,-445908398.288
14879.000,-445908477.412
14880.000,-445908477.412
14881.000,-445908398.288
14882.000,-445908398.288
14883.000,-445908398.288
14884.000,-445908398.288
14885.000,-445908398.288
14886.000,-445908398.288
14887.000,-445908398.288
14888.000,-445908398.288
14889.000,-445908398.288
14890.000,-445908398.288
14891.000,-445908398.288
14892.000,-445908398.288
14893.000,-445908398.288
14894.000,-445908398.288
14895.000,-445908398.288
14896.000,-445908398.288
14897.000,-445908398.288
14898.000,-445908398.288
14899.000,-445908398.288
14900.000,-445908398.288
14901.000,-445908398.288
14902.000,-445908398.288
14903.000,-445908398.288
14904.000,-445908398.288
14905.000,-445908398.288
14906.000,-445908398.288
14907.000,-445908398.288
14908.000,-445908398.288
14909.000,-445908398.288
14910.000,-445908398.288
14911.000,-445908398.288
14912.000,-445908398.288
14913.000,-445908398.288
14914.000,-445908398.288
14915.000,-445908398.288
14916.000,-445908319.164
14917.000,-445908319.164
14918.000,-445908398.288
14919.000,-445908398.288
14920.000,-445908398.288
14921.000,-445908398.288
14922.000,-445908398.288
14923.000,-445908319.164
14924.000,-445908319.164
14925.000,-445908319.164
14926.000,-445908319.164
14927.000,-445908319.164
14928.000,-445908398.288
14929.000,-445908398.288
14930.000,-445908398.288
14931.000,-445908398.288
14932.000,-445908319.164
14933.000,-445908319.164
14934.000,-445908319.164
14935.000,-445908319.164
14936.000,-445908319.164
14937.000,-445908398.288
14938.000,-445908398.288
14939.000,-445908398.288
14940.000,-445908319.164
14941.000,-445908319.164
14942.000,-445908319.164
14943.000,-445908319.164
14944.000,-445908319.164
14945.000,-445908398.288
14946.000,-445908398.288
14947.000,-445908398.288
14948.000,-445908319.164
14949.000,-445908319.164
14950.000,-445908319.164
14951.000,-445908319.164
14952.000,-445908319.164
14953.000,-445908319.164
14954.000,-445908319.164
14955.000,-445908319.164
14956.000,-445908319.164
14957.000,-445908319.164
14958.000,-445908319.164
14959.000,-445908319.164
14960.000,-445908319.164
14961.000,-445908319.164
14962.000,-445908319.164
14963.000,-445908319.164
14964.000,-445908319.164
14965.000,-445908319.164
14966.000,-445908319.164
14967.000,-445908319.164
14968.000,-445908319.164
14969.000,-445908319.164
14970.000,-445908319.164
14971.000,-445908319.164
14972.000,-445908319.164
14973.000,-445908319.164
14974.000,-445908319.164
14975.000,-445908240.040
14976.000,-445908319.164
14977.000,-445908319.164
14978.000,-445908319.164
14979.000,-445908319.164
14980.000,-445908319.164
14981.000,-445908319.164
14982.000,-445908240.040
14983.000,-445908240.040
14984.000,-445908240.040
14985.000,-445908319.164
14986.000,-445908319.164
14987.000,-445908319.164
14988.000,-445908319.164
14989.000,-445908319.164
14990.000,-445908319.164
14991.000,-445908240.040
14992.000,-445908240.040
14993.000,-445908240.040
14994.000,-445908319.164
14995.000,-445908319.164
14996.000,-445908319.164
14997.000,-445908319.164
14998.000,-445908319.164
14999.000,-445908240.040
15000.000,-445908240.040
15001.000,-445908240.040
15002.000,-445908240.040
15003.000,-445908319.164
15004.000,-445908319.164
15005.000,-445908319.164
15006.000,-445908319.164
15007.000,-445908240.040
15008.000,-445908240.040
15009.000,-445908240.040
15010.000,-445908240.040
15011.000,-445908319.164
15012.000,-445908319.164
15013.000,-445908319.164
15014.000,-445908319.164
15015.000,-445908240.040
15016.000,-445908240.040
15017.000,-445908240.040
15018.000,-445908240.040
15019.000,-445908240.040
15020.000,-445908240.040
15021.000,-445908319.164
15022.000,-445908240.040
15023.000,-445908240.040
15024.000,-445908240.040
15025.000,-445908240.040
15026.000,-445908240.040
15027.000,-445908240.040
15028.000,-445908240.040
15029.000,-445908240.040
15030.000,-445908240.040
15031.000,-445908240.040
15032.000,-445908240.040
15033.000,-445908240.040
15034.000,-445908240.040
15035.000,-445908240.040
15036.000,-445908240.040
15037.000,-445908240.040
15038.000,-445908240.040
15039.000,-445908240.040
15040.000,-445908240.040
15041.000,-445908240.040
15042.000,-445908240.040
15043.000,-445908240.040
15044.000,-445908240.040
15045.000,-445908240.040
15046.000,-445908240.040
15047.000,-445908240.040
15048.000,-445908240.040
15049.000,-445908240.040
15050.000,-445908240.040
15051.000,-445908240.040
15052.000,-445908240.040
15053.000,-445908240.040
15054.000,-445908240.040
15055.000,-445908240.040
15056.000,-445908240.040
15057.000,-445908240.040
15058.000,-445908240.040
15059.000,-445908240.040
15060.000,-445908240.040
15061.000,-445908240.040
15062.000,-445908240.040
15063.000,-445908240.040
15064.000,-445908240.040
15065.000,-445908240.040
15066.000,-445908240.040
15067.000,-445908160.916
15068.000,-445908240.040
15069.000,-445908240.040
15070.000,-445908240.040
15071.000,-445908240.040
15072.000,-445908240.040
15073.000,-445908240.040
15074.000,-445908240.040
15075.000,-445908160.916
15076.000,-445908160.916
15077.000,-445908240.040
15078.000,-445908240.040
15079.000,-445908240.040
15080.000,-445908240.040
15081.000,-445908240.040
15082.000,-445908240.040
15083.000,-445908160.916
15084.000,-445908160.916
15085.000,-445908240.040
15086.000,-445908240.040
15087.000,-445908240.040
15088.000,-445908240.040
15089.000,-445908240.040
15090.000,-445908240.040
15091.000,-445908160.916
15092.000,-445908160.916
15093.000,-445908160.916
15094.000,-445908240.040
15095.000,-445908240.040
15096.000,-445908240.040
15097.000,-445908240.040
15098.000,-445908240.040
15099.000,-445908160.916
15100.000,-445908160.916
15101.000,-445908160.916
15102.000,-445908240.040
15103.000,-445908240.040
15104.000,-445908240.040
15105.000,-445908240.040
15106.000,-445908240.040
15107.000,-445908160.916
15108.000,-445908160.916
15109.000,-445908160.916
15110.000,-445908160.916
15111.000,-445908240.040
15112.000,-445908240.040
15113.000,-445908240.040
15114.000,-445908240.040
15115.000,-445908160.916
15116.000,-445908160.916
15117.000,-445908160.916
15118.000,-445908160.916
15119.000,-445908240.040
15120.000,-445908240.040
15121.000,-445908240.040
15122.000,-445908240.040
15123.000,-445908160.916
15124.000,-445908160.916
15125.000,-445908160.916
15126.000,-445908160.916
15127.000,-445908160.916
15128.000,-445908240.040
15129.000,-445908240.040
15130.000,-445908240.040
15131.000,-445908240.040
15132.000,-445908160.916
15133.000,-445908160.916
15134.000,-445908160.916
15135.000,-445908160.916
15136.000,-445908240.040
15137.000,-445908240.040
15138.000,-445908240.040
15139.000,-445908240.040
15140.000,-445908160.916
15141.000,-445908160.916
15142.000,-445908160.916
15143.000,-445908160.916
15144.000,-445908160.916
15145.000,-445908240.040
15146.000,-445908240.040
15147.000,-445908240.040
15148.000,-445908240.040
15149.000,-445908160.916
15150.000,-445908160.916
15151.000,-445908160.916
15152.000,-445908160.916
15153.000,-445908240.040
15154.000,-445908240.040
15155.000,-445908240.040
15156.000,-445908240.040
15157.000,-445908160.916
15158.000,-445908160.916
15159.000,-445908160.916
15160.000,-445908160.916
15161.000,-445908240.040
15162.000,-445908240.040
15163.000,-445908240.040
15164.000,-445908240.040
15165.000,-445908160.916
15166.000,-445908160.916
15167.000,-445908160.916
15168.000,-445908160.916
15169.000,-445908160.916
15170.000,-445908240.040
15171.000,-445908240.040
15172.000,-445908240.040
15173.000,-445908160.916
15174.000,-445908160.916
15175.000,-445908160.916
15176.000,-445908160.916
15177.000,-445908160.916
15178.000,-445908240.040
15179.000,-445908240.040
15180.000,-445908240.040
15181.000,-445908240.040
15182.000,-445908160.916
15183.000,-445908160.916
15184.000,-445908160.916
15185.000,-445908160.916
15186.000,-445908240.040
15187.000,-445908240.040
15188.000,-445908240.040
15189.000,-445908240.040
15190.000,-445908160.916
15191.000,-445908160.916
15192.000,-445908160.916
15193.000,-445908160.916
15194.000,-445908160.916
15195.000,-445908240.040
15196.000,-445908240.040
15197.000,-445908240.040
15198.000,-445908240.040
15199.000,-445908160.916
15200.000,-445908160.916
15201.000,-445908160.916
15202.000,-445908160.916
15203.000,-445908240.040
15204.000,-445908240.040
15205.000,-445908240.040
15206.000,-445908240.040
15207.000,-445908240.040
15208.000,-445908160.916
15209.000,-445908160.916
15210.000,-445908160.916
15211.000,-445908240.040
15212.000,-445908240.040
15213.000,-445908240.040
15214.000,-445908240.040
15215.000,-445908240.040
15216.000,-445908160.916
15217.000,-445908160.916
15218.000,-445908160.916
15219.000,-445908240.040
15220.000,-445908240.040
15221.000,-445908240.040
15222.000,-445908240.040
15223.000,-445908240.040
15224.000,-445908160.916
15225.000,-445908160.916
15226.000,-445908160.916
15227.000,-445908240.040
15228.000,-445908240.040
15229.000,-445908240.040
15230.000,-445908240.040
15231.000,-445908240.040
15232.000,-445908240.040
15233.000,-445908160.916
15234.000,-445908160.916
15235.000,-445908240.040
15236.000,-445908240.040
15237.000,-445908240.040
15238.000,-445908240.040
15239.000,-445908240.040
15240.000,-445908240.040
15241.000,-445908240.040
15242.000,-445908160.916
15243.000,-445908240.040
15244.000,-445908240.040
15245.000,-445908240.040
15246.000,-445908240.040
15247.000,-445908240.040
15248.000,-445908240.040
15249.000,-445908240.040
15250.000,-445908240.040
15251.000,-445908240.040
15252.000,-445908240.040
15253.000,-445908240.040
15254.000,-445908240.040
15255.000,-445908240.040
15256.000,-445908240.040
15257.000,-445908240.040
15258.000,-445908240.040
15259.000,-445908240.040
15260.000,-445908240.040
15261.000,-445908240.040
15262.000,-445908240.040
15263.000,-445908240.040
15264.000,-445908240.040
15265.000,-445908240.040
15266.000,-445908240.040
15267.000,-445908240.040
15268.000,-445908240.040
15269.000,-445908240.040
15270.000,-445908240.040
15271.000,-445908240.040
15272.000,-445908240.040
15273.000,-445908240.040
15274.000,-445908240.040
15275.000,-445908240.040
15276.000,-445908240.040
15277.000,-445908240.040
15278.000,-445908240.040
15279.000,-445908240.040
15280.000,-445908240.040
15281.000,-445908240.040
15282.000,-445908240.040
15283.000,-445908240.040
15284.000,-445908240.040
15285.000,-445908240.040
15286.000,-445908240.040
15287.000,-445908240.040
15288.000,-445908319.164
15289.000,-445908240.040
15290.000,-445908240.040
15291.000,-445908240.040
15292.000,-445908240.040
15293.000,-445908240.040
15294.000,-445908240.040
15295.000,-445908319.164
15296.000,-445908319.164
15297.000,-445908319.164
15298.000,-445908240.040
15299.000,-445908240.040
15300.000,-445908240.040
15301.000,-445908240.040
15302.000,-445908240.040
15303.000,-445908319.164
15304.000,-445908319.164
15305.000,-445908319.164
15306.000,-445908319.164
15307.000,-445908240.040
15308.000,-445908240.040
15309.000,-445908240.040
15310.000,-445908240.040
15311.000,-445908319.164
15312.000,-445908319.164
15313.000,-445908319.164
15314.000,-445908319.164
15315.000,-445908240.040
15316.000,-445908240.040
15317.000,-445908240.040
15318.000,-445908240.040
15319.000,-445908319.164
15320.000,-445908319.164
15321.000,-445908319.164
15322.000,-445908319.164
15323.000,-445908319.164
15324.000,-445908240.040
15325.000,-445908240.040
15326.000,-445908240.040
15327.000,-445908319.164
15328.000,-445908319.164
15329.000,-445908319.164
15330.000,-445908319.164
15331.000,-445908319.164
15332.000,-445908319.164
15333.000,-445908240.040
15334.000,-445908240.040
15335.000,-445908319.164
15336.000,-445908319.164
15337.000,-445908319.164
15338.000,-445908319.164
15339.000,-445908319.164
15340.000,-445908319.164
15341.000,-445908319.164
15342.000,-445908319.164
15343.000,-445908319.164
15344.000,-445908319.164
15345.000,-445908319.164
15346.000,-445908319.164
15347.000,-445908319.164
15348.000,-445908319.164
15349.000,-445908319.164
15350.000,-445908319.164
15351.000,-445908319.164
15352.000,-445908319.164
15353.000,-445908319.164
15354.000,-445908319.164
15355.000,-445908319.164
15356.000,-445908319.164
15357.000,-445908319.164
15358.000,-445908319.164
15359.000,-445908319.164
15360.000,-445908319.164
15361.000,-445908319.164
15362.000,-445908398.288
15363.000,-445908398.288
15364.000,-445908319.164
15365.000,-445908319.164
15366.000,-445908319.164
15367.000,-445908319.164
15368.000,-445908319.164
15369.000,-445908319.164
15370.000,-445908398.288
15371.000,-445908398.288
15372.000,-445908398.288
15373.000,-445908319.164
15374.000,-445908319.164
15375.000,-445908319.164
15376.000,-445908319.164
15377.000,-445908319.164
15378.000,-445908398.288
15379.000,-445908398.288
15380.000,-445908398.288
15381.000,-445908398.288
15382.000,-445908319.164
15383.000,-445908319.164
15384.000,-445908319.164
15385.000,-445908319.164
15386.000,-445908398.288
15387.000,-445908398.288
15388.000,-445908398.288
15389.000,-445908398.288
15390.000,-445908398.288
15391.000,-445908319.164
15392.000,-445908319.164
15393.000,-445908319.164
15394.000,-445908398.288
15395.000,-445908398.288
15396.000,-445908398.288
15397.000,-445908398.288
15398.000,-445908398.288
15399.000,-445908319.164
15400.000,-445908319.164
15401.000,-445908398.288
15402.000,-445908398.288
15403.000,-445908398.288
15404.000,-445908398.288
15405.000,-445908398.288
15406.000,-445908398.288
15407.000,-445908398.288
15408.000,-445908398.288
15409.000,-445908398.288
15410.000,-445908398.288
15411.000,-445908398.288
15412.000,-445908398.288
15413.000,-445908398.288
15414.000,-445908398.288
15415.000,-445908398.288
15416.000,-445908398.288
15417.000,-445908398.288
15418.000,-445908398.288
15419.000,-445908398.288
15420.000,-445908398.288
15421.000,-445908398.288
15422.000,-445908398.288
15423.000,-445908398.288
15424.000,-445908398.288
15425.000,-445908398.288
15426.000,-445908398.288
15427.000,-445908398.288
15428.000,-445908398.288
15429.000,-445908477.412
15430.000,-445908477.412
15431.000,-445908398.288
15432.000,-445908398.288
15433.000,-445908398.288
15434.000,-445908398.288
15435.000,-445908398.288
15436.000,-445908398.288
15437.000,-445908477.412
15438.000,-445908477.412
15439.000,-445908477.412
15440.000,-445908398.288
15441.000,-445908398.288
15442.000,-445908398.288
15443.000,-445908398.288
15444.000,-445908398.288
15445.000,-445908477.412
15446.000,-445908477.412
15447.000,-445908477.412
15448.000,-445908477.412
15449.000,-445908398.288
15450.000,-445908398.288
15451.000,-445908398.288
15452.000,-445908398.288
15453.000,-445908477.412
15454.000,-445908477.412
15455.000,-445908477.412
15456.000,-445908477.412
15457.000,-445908398.288
15458.000,-445908398.288
15459.000,-445908398.288
15460.000,-445908477.412
15461.000,-445908477.412
15462.000,-445908477.412
15463.000,-445908477.412
15464.000,-445908477.412
15465.000,-445908477.412
15466.000,-445908398.288
15467.000,-445908398.288
15468.000,-445908477.412
15469.000,-445908477.412
15470.000,-445908477.412
15471.000,-445908477.412
15472.000,-445908477.412
15473.000,-445908477.412
15474.000,-445908477.412
15475.000,-445908398.288
15476.000,-445908477.412
15477.000,-445908477.412
15478.000,-445908477.412
15479.000,-445908477.412
15480.000,-445908477.412
15481.000,-445908477.412
15482.000,-445908477.412
15483.000,-445908398.288
15484.000,-445908477.412
15485.000,-445908477.412
15486.000,-445908477.412
15487.000,-445908477.412
15488.000,-445908477.412
15489.000,-445908477.412
15490.000,-445908477.412
15491.000,-445908477.412
15492.000,-445908398.288
15493.000,-445908477.412
15494.000,-445908477.412
15495.000,-445908477.412
15496.000,-445908556.536
15497.000,-445908477.412
15498.000,-445908477.412
15499.000,-445908477.412
15500.000,-445908477.412
15501.000,-445908477.412
15502.000,-445908477.412
15503.000,-445908477.412
15504.000,-445908556.536
15505.000,-445908556.536
15506.000,-445908477.412
15507.000,-445908477.412
15508.000,-445908477.412
15509.000,-445908477.412
15510.000,-445908477.412
15511.000,-445908477.412
15512.000,-445908477.412
15513.000,-445908556.536
15514.000,-445908556.536
15515.000,-445908477.412
15516.000,-445908477.412
15517.000,-445908477.412
15518.000,-445908477.412
15519.000,-445908477.412
15520.000,-445908556.536
15521.000,-445908556.536
15522.000,-445908556.536
15523.000,-445908477.412
15524.000,-445908477.412
15525.000,-445908477.412
15526.000,-445908477.412
15527.000,-445908477.412
15528.000,-445908556.536
15529.000,-445908556.536
15530.000,-445908556.536
15531.000,-445908477.412
15532.000,-445908477.412
15533.000,-445908477.412
15534.000,-445908477.412
15535.000,-445908477.412
15536.000,-445908556.536
15537.000,-445908556.536
15538.000,-445908556.536
15539.000,-445908556.536
15540.000,-445908477.412
15541.000,-445908477.412
15542.000,-445908477.412
15543.000,-445908477.412
15544.000,-445908556.536
15545.000,-445908556.536
15546.000,-445908556.536
15547.000,-445908556.536
15548.000,-445908477.412
15549.000,-445908477.412
15550.000,-445908477.412
15551.000,-445908477.412
15552.000,-445908556.536
15553.000,-445908556.536
15554.000,-445908556.536
15555.000,-445908556.536
15556.000,-445908556.536
15557.000,-445908477.412
15558.000,-445908477.412
15559.000,-445908477.412
15560.000,-445908556.536
15561.000,-445908556.536
15562.000,-445908556.536
15563.000,-445908556.536
15564.000,-445908556.536
15565.000,-445908556.536
15566.000,-445908477.412
15567.000,-445908477.412
15568.000,-445908556.536
15569.000,-445908556.536
15570.000,-445908556.536
15571.000,-445908556.536
15572.000,-445908556.536
15573.000,-445908556.536
15574.000,-445908556.536
15575.000,-445908477.412
15576.000,-445908556.536
15577.000,-445908556.536
15578.000,-445908556.536
15579.000,-445908556.536
15580.000,-445908556.536
15581.000,-445908556.536
15582.000,-445908556.536
15583.000,-445908556.536
15584.000,-445908556.536
15585.000,-445908556.536
15586.000,-445908556.536
15587.000,-445908556.536
15588.000,-445908556.536
15589.000,-445908556.536
15590.000,-445908556.536
15591.000,-445908556.536
15592.000,-445908556.536
15593.000,-445908556.536
15594.000,-445908556.536
15595.000,-445908556.536
15596.000,-445908556.536
15597.000,-445908556.536
15598.000,-445908556.536
15599.000,-445908556.536
15600.000,-445908556.536
15601.000,-445908556.536
15602.000,-445908556.536
15603.000,-445908556.536
15604.000,-445908556.536
15605.000,-445908556.536
15606.000,-445908556.536
15607.000,-445908556.536
15608.000,-445908556.536
15609.000,-445908556.536
15610.000,-445908556.536
15611.000,-445908556.536
15612.000,-445908556.536
15613.000,-445908635.660
15614.000,-445908556.536
15615.000,-445908556.536
15616.000,-445908556.536
15617.000,-445908556.536
15618.000,-445908556.536
15619.000,-445908556.536
15620.000,-445908556.536
15621.000,-445908635.660
15622.000,-445908556.536
15623.000,-445908556.536
15624.000,-445908556.536
15625.000,-445908556.536
15626.000,-445908556.536
15627.000,-445908556.536
15628.000,-445908556.536
15629.000,-445908635.660
15630.000,-445908635.660
15631.000,-445908556.536
15632.000,-445908556.536
15633.000,-445908556.536
15634.000,-445908556.536
15635.000,-445908556.536
15636.000,-445908556.536
15637.000,-445908556.536
15638.000,-445908635.660
15639.000,-445908556.536
15640.000,-445908556.536
15641.000,-445908556.536
15642.000,-445908556.536
15643.000,-445908556.536
15644.000,-445908556.536
15645.000,-445908556.536
15646.000,-445908556.536
15647.000,-445908556.536
15648.000,-445908556.536
15649.000,-445908556.536
15650.000,-445908556.536
15651.000,-445908556.536
15652.000,-445908556.536
15653.000,-445908556.536
15654.000,-445908556.536
15655.000,-445908556.536
15656.000,-445908556.536
15657.000,-445908556.536
15658.000,-445908556.536
15659.000,-445908556.536
15660.000,-445908556.536
15661.000,-445908556.536
15662.000,-445908556.536
15663.000,-445908556.536
15664.000,-445908556.536
15665.000,-445908556.536
15666.000,-445908556.536
15667.000,-445908556.536
15668.000,-445908556.536
15669.000,-445908556.536
15670.000,-445908556.536
15671.000,-445908635.660
15672.000,-445908556.536
15673.000,-445908556.536
15674.000,-445908556.536
15675.000,-445908556.536
15676.000,-445908556.536
15677.000,-445908556.536
15678.000,-445908556.536
15679.000,-445908635.660
15680.000,-445908556.536
15681.000,-445908556.536
15682.000,-445908556.536
15683.000,-445908556.536
15684.000,-445908556.536
15685.000,-445908556.536
15686.000,-445908556.536
15687.000,-445908635.660
15688.000,-445908635.660
15689.000,-445908556.536
15690.000,-445908556.536
15691.000,-445908556.536
15692.000,-445908556.536
15693.000,-445908556.536
15694.000,-445908556.536
15695.000,-445908556.536
15696.000,-445908635.660
15697.000,-445908556.536
15698.000,-445908556.536
15699.000,-445908556.536
15700.000,-445908556.536
15701.000,-445908556.536
15702.000,-445908556.536
15703.000,-445908556.536
15704.000,-445908556.536
15705.000,-445908556.536
15706.000,-445908556.536
15707.000,-445908556.536
15708.000,-445908556.536
15709.000,-445908556.536
15710.000,-445908556.536
15711.000,-445908556.536
15712.000,-445908556.536
15713.000,-445908556.536
15714.000,-445908556.536
15715.000,-445908556.536
15716.000,-445908556.536
15717.000,-445908556.536
15718.000,-445908556.536
15719.000,-445908556.536
15720.000,-445908556.536
15721.000,-445908556.536
15722.000,-445908556.536
15723.000,-445908556.536
15724.000,-445908556.536
15725.000,-445908556.536
15726.000,-445908556.536
15727.000,-445908556.536
15728.000,-445908556.536
15729.000,-445908556.536
15730.000,-445908556.536
15731.000,-445908556.536
15732.000,-445908556.536
15733.000,-445908556.536
15734.000,-445908556.536
15735.000,-445908556.536
15736.000,-445908556.536
15737.000,-445908556.536
15738.000,-445908556.536
15739.000,-445908556.536
15740.000,-445908556.536
15741.000,-445908556.536
15742.000,-445908556.536
15743.000,-445908556.536
15744.000,-445908556.536
15745.000,-445908556.536
15746.000,-445908556.536
15747.000,-445908556.536
15748.000,-445908556.536
15749.000,-445908477.412
15750.000,-445908477.412
15751.000,-445908477.412
15752.000,-445908556.536
15753.000,-445908556.536
15754.000,-445908556.536
15755.000,-445908556.536
15756.000,-445908556.536
15757.000,-445908556.536
15758.000,-445908477.412
15759.000,-445908477.412
15760.000,-445908556.536
15761.000,-445908556.536
15762.000,-445908556.536
15763.000,-445908556.536
15764.000,-445908556.536
15765.000,-445908556.536
15766.000,-445908477.412
15767.000,-445908477.412
15768.000,-445908477.412
15769.000,-445908556.536
15770.000,-445908556.536
15771.000,-445908556.536
15772.000,-445908556.536
15773.000,-445908556.536
15774.000,-445908477.412
15775.000,-445908477.412
15776.000,-445908477.412
15777.000,-445908477.412
15778.000,-445908556.536
15779.000,-445908556.536
15780.000,-445908556.536
15781.000,-445908556.536
15782.000,-445908477.412
15783.000,-445908477.412
15784.000,-445908477.412
15785.000,-445908477.412
15786.000,-445908556.536
15787.000,-445908556.536
15788.000,-445908556.536
15789.000,-445908556.536
15790.000,-445908477.412
15791.000,-445908477.412
15792.000,-445908477.412
15793.000,-445908477.412
15794.000,-445908477.412
15795.000,-445908556.536
15796.000,-445908556.536
15797.000,-445908556.536
15798.000,-445908477.412
15799.000,-445908477.412
15800.000,-445908477.412
15801.000,-445908477.412
15802.000,-445908477.412
15803.000,-445908477.412
15804.000,-445908477.412
15805.000,-445908477.412
15806.000,-445908477.412
15807.000,-445908477.412
15808.000,-445908477.412
15809.000,-445908477.412
15810.000,-445908477.412
15811.000,-445908477.412
15812.000,-445908477.412
15813.000,-445908477.412
15814.000,-445908477.412
15815.000,-445908477.412
15816.000,-445908477.412
15817.000,-445908477.412
15818.000,-445908477.412
15819.000,-445908477.412
15820.000,-445908477.412
15821.000,-445908477.412
15822.000,-445908477.412
15823.000,-445908477.412
15824.000,-445908477.412
15825.000,-445908477.412
15826.000,-445908477.412
15827.000,-445908477.412
15828.000,-445908477.412
15829.000,-445908477.412
15830.000,-445908477.412
15831.000,-445908477.412
15832.000,-445908477.412
15833.000,-445908477.412
15834.000,-445908477.412
15835.000,-445908477.412
15836.000,-445908477.412
15837.000,-445908477.412
15838.000,-445908477.412
15839.000,-445908477.412
15840.000,-445908477.412
15841.000,-445908398.288
15842.000,-445908398.288
15843.000,-445908477.412
15844.000,-445908477.412
15845.000,-445908477.412
15846.000,-445908477.412
15847.000,-445908477.412
15848.000,-445908477.412
15849.000,-445908398.288
15850.000,-445908398.288
15851.000,-445908398.288
15852.000,-445908477.412
15853.000,-445908477.412
15854.000,-445908477.412
15855.000,-445908477.412
15856.000,-445908477.412
15857.000,-445908398.288
15858.000,-445908398.288
15859.000,-445908398.288
15860.000,-445908398.288
15861.000,-445908477.412
15862.000,-445908477.412
15863.000,-445908477.412
15864.000,-445908477.412
15865.000,-445908398.288
15866.000,-445908398.288
15867.000,-445908398.288
15868.000,-445908398.288
15869.000,-445908398.288
15870.000,-445908477.412
15871.000,-445908477.412
15872.000,-445908477.412
15873.000,-445908398.288
15874.000,-445908398.288
15875.000,-445908398.288
15876.000,-445908398.288
15877.000,-445908398.288
15878.000,-445908398.288
15879.000,-445908477.412
15880.000,-445908477.412
15881.000,-445908398.288
15882.000,-445908398.288
15883.000,-445908398.288
15884.000,-445908398.288
15885.000,-445908398.288
15886.000,-445908398.288
15887.000,-445908398.288
15888.000,-445908398.288
15889.000,-445908398.288
15890.000,-445908398.288
15891.000,-445908398.288
15892.000,-445908398.288
15893.000,-445908398.288
15894.000,-445908398.288
15895.000,-445908398.288
15896.000,-445908398.288
15897.000,-445908398.288
15898.000,-445908398.288
15899.000,-445908398.288
15900.000,-445908319.164
15901.000,-445908398.288
15902.000,-445908398.288
15903.000,-445908398.288
15904.000,-445908398.288
15905.000,-445908398.288
15906.000,-445908398.288
15907.000,-445908398.288
15908.000,-445908319.164
15909.000,-445908319.164
15910.000,-445908398.288
15911.000,-445908398.288
15912.000,-445908398.288
15913.000,-445908398.288
15914.000,-445908398.288
15915.000,-445908398.288
15916.000,-445908319.164
15917.000,-445908319.164
15918.000,-445908319.164
15919.000,-445908398.288
15920.000,-445908398.288
15921.000,-445908398.288
15922.000,-445908398.288
15923.000,-445908398.288
15924.000,-445908319.164
15925.000,-445908319.164
15926.000,-445908319.164
15927.000,-445908319.164
15928.000,-445908398.288
15929.000,-445908398.288
15930.000,-445908398.288
15931.000,-445908398.288
15932.000,-445908319.164
15933.000,-445908319.164
15934.000,-445908319.164
15935.000,-445908319.164
15936.000,-445908398.288
15937.000,-445908398.288
15938.000,-445908398.288
15939.000,-445908319.164
15940.000,-445908319.164
15941.000,-445908319.164
15942.000,-445908319.164
15943.000,-445908319.164
15944.000,-445908319.164
15945.000,-445908398.288
15946.000,-445908398.288
15947.000,-445908319.164
15948.000,-445908319.164
15949.000,-445908319.164
15950.000,-445908319.164
15951.000,-445908319.164
15952.000,-445908319.164
15953.000,-445908319.164
15954.000,-445908398.288
15955.000,-445908319.164
15956.000,-445908319.164
15957.000,-445908319.164
15958.000,-445908319.164
15959.000,-445908319.164
15960.000,-445908319.164
15961.000,-445908319.164
15962.000,-445908319.164
15963.000,-445908319.164
15964.000,-445908319.164
15965.000,-445908319.164
15966.000,-445908319.164
15967.000,-445908240.040
15968.000,-445908319.164
15969.000,-445908319.164
15970.000,-445908319.164
15971.000,-445908319.164
15972.000,-445908319.164
15973.000,-445908319.164
15974.000,-445908319.164
15975.000,-445908240.040
15976.000,-445908240.040
15977.000,-445908319.164
15978.000,-445908319.164
15979.000,-445908319.164
15980.000,-445908319.164
15981.000,-445908319.164
15982.000,-445908319.164
15983.000,-445908240.040
15984.000,-445908240.040
15985.000,-445908319.164
15986.000,-445908319.164
15987.000,-445908319.164
15988.000,-445908319.164
15989.000,-445908319.164
15990.000,-445908319.164
15991.000,-445908240.040
15992.000,-445908240.040
15993.000,-445908240.040
15994.000,-445908319.164
15995.000,-445908319.164
15996.000,-445908319.164
15997.000,-445908319.164
15998.000,-445908319.164
15999.000,-445908240.040
16000.000,-445908240.040
16001.000,-445908240.040
16002.000,-445908240.040
16003.000,-445908319.164
16004.000,-445908319.164
16005.000,-445908319.164
16006.000,-445908319.164
16007.000,-445908240.040
16008.000,-445908240.040
16009.000,-445908240.040
16010.000,-445908240.040
16011.000,-445908240.040
16012.000,-445908319.164
16013.000,-445908319.164
16014.000,-445908319.164
16015.000,-445908240.040
16016.000,-445908240.040
16017.000,-445908240.040
16018.000,-445908240.040
16019.000,-445908240.040
16020.000,-445908240.040
16021.000,-445908319.164
16022.000,-445908319.164
16023.000,-445908240.040
16024.000,-445908240.040
16025.000,-445908240.040
16026.000,-445908240.040
16027.000,-445908240.040
16028.000,-445908240.040
16029.000,-445908240.040
16030.000,-445908240.040
16031.000,-445908240.040
16032.000,-445908240.040
16033.000,-445908240.040
16034.000,-445908240.040
16035.000,-445908240.040
16036.000,-445908240.040
16037.000,-445908240.040
16038.000,-445908240.040
16039.000,-445908240.040
16040.000,-445908240.040
16041.000,-445908240.040
16042.000,-445908240.040
16043.000,-445908240.040
16044.000,-445908240.040
16045.000,-445908240.040
16046.000,-445908240.040
16047.000,-445908240.040
16048.000,-445908240.040
16049.000,-445908240.040
16050.000,-445908240.040
16051.000,-445908240.040
16052.000,-445908240.040
16053.000,-445908240.040
16054.000,-445908240.040
16055.000,-445908240.040
16056.000,-445908240.040
16057.000,-445908240.040
16058.000,-445908160.916
16059.000,-445908160.916
16060.000,-445908240.040
16061.000,-445908240.040
16062.000,-445908240.040
16063.000,-445908240.040
16064.000,-445908240.040
16065.000,-445908240.040
16066.000,-445908240.040
16067.000,-445908160.916
16068.000,-445908160.916
16069.000,-445908240.040
16070.000,-445908240.040
16071.000,-445908240.040
16072.000,-445908240.040
16073.000,-445908240.040
16074.000,-445908240.040
16075.000,-445908160.916
16076.000,-445908160.916
16077.000,-445908240.040
16078.000,-445908240.040
16079.000,-445908240.040
16080.000,-445908240.040
16081.000,-445908240.040
16082.000,-445908240.040
16083.000,-445908160.916
16084.000,-445908160.916
16085.000,-445908240.040
16086.000,-445908240.040
16087.000,-445908240.040
16088.000,-445908240.040
16089.000,-445908240.040
16090.000,-445908240.040
16091.000,-445908160.916
16092.000,-445908160.916
16093.000,-445908160.916
16094.000,-445908240.040
16095.000,-445908240.040
16096.000,-445908240.040
16097.000,-445908240.040
16098.000,-445908240.040
16099.000,-445908160.916
16100.000,-445908160.916
16101.000,-445908160.916
16102.000,-445908240.040
16103.000,-445908240.040
16104.000,-445908240.040
16105.000,-445908240.040
16106.000,-445908240.040
16107.000,-445908160.916
16108.000,-445908160.916
16109.000,-445908160.916
16110.000,-445908160.916
16111.000,-445908240.040
16112.000,-445908240.040
16113.000,-445908240.040
16114.000,-445908240.040
16115.000,-445908160.916
16116.000,-445908160.916
16117.000,-445908160.916
16118.000,-445908160.916
16119.000,-445908160.916
16120.000,-445908240.040
16121.000,-445908240.040
16122.000,-445908240.040
16123.000,-445908160.916
16124.000,-445908160.916
16125.000,-445908160.916
16126.000,-445908160.916
16127.000,-445908160.916
16128.000,-445908240.040
16129.000,-445908240.040
16130.000,-445908240.040
16131.000,-445908240.040
16132.000,-445908160.916
16133.000,-445908160.916
16134.000,-445908160.916
16135.000,-445908160.916
16136.000,-445908160.916
16137.000,-445908240.040
16138.000,-445908240.040
16139.000,-445908240.040
16140.000,-445908160.916
16141.000,-445908160.916
16142.000,-445908160.916
16143.000,-445908160.916
16144.000,-445908160.916
16145.000,-445908240.040
16146.000,-445908240.040
16147.000,-445908240.040
16148.000,-445908160.916
16149.000,-445908160.916
16150.000,-445908160.916
16151.000,-445908160.916
16152.000,-445908160.916
16153.000,-445908240.040
16154.000,-445908240.040
16155.000,-445908240.040
16156.000,-445908160.916
16157.000,-445908160.916
16158.000,-445908160.916
16159.000,-445908160.916
16160.000,-445908160.916
16161.000,-445908160.916
16162.000,-445908240.040
16163.000,-445908240.040
16164.000,-445908240.040
16165.000,-445908160.916
16166.000,-445908160.916
16167.000,-445908160.916
16168.000,-445908160.916
16169.000,-445908160.916
16170.000,-445908240.040
16171.000,-445908240.040
16172.000,-445908240.040
16173.000,-445908160.916
16174.000,-445908160.916
16175.000,-445908160.916
16176.000,-445908160.916
16177.000,-445908160.916
16178.000,-445908240.040
16179.000,-445908240.040
16180.000,-445908240.040
16181.000,-445908240.040
16182.000,-445908160.916
16183.000,-445908160.916
16184.000,-445908160.916
16185.000,-445908160.916
16186.000,-445908160.916
16187.000,-445908240.040
16188.000,-445908240.040
16189.000,-445908240.040
16190.000,-445908160.916
16191.000,-445908160.916
16192.000,-445908160.916
16193.000,-445908160.916
16194.000,-445908240.040
16195.000,-445908240.040
16196.000,-445908240.040
16197.000,-445908240.040
16198.000,-445908160.916
16199.000,-445908160.916
16200.000,-445908160.916
16201.000,-445908160.916
16202.000,-445908160.916
16203.000,-445908240.040
16204.000,-445908240.040
16205.000,-445908240.040
16206.000,-445908240.040
16207.000,-445908160.916
16208.000,-445908160.916
16209.000,-445908160.916
16210.000,-445908160.916
16211.000,-445908240.040
16212.000,-445908240.040
16213.000,-445908240.040
16214.000,-445908240.040
16215.000,-445908160.916
16216.000,-445908160.916
16217.000,-445908160.916
16218.000,-445908160.916
16219.000,-445908240.040
16220.000,-445908240.040
16221.000,-445908240.040
16222.000,-445908240.040
16223.000,-445908240.040
16224.000,-445908160.916
16225.000,-445908160.916
16226.000,-445908160.916
16227.000,-445908240.040
16228.000,-445908240.040
16229.000,-445908240.040
16230.000,-445908240.040
16231.000,-445908240.040
16232.000,-445908240.040
16233.000,-445908160.916
16234.000,-445908160.916
16235.000,-445908160.916
16236.000,-445908240.040
16237.000,-445908240.040
16238.000,-445908240.040
16239.000,-445908240.040
16240.000,-445908240.040
16241.000,-445908160.916
16242.000,-445908160.916
16243.000,-445908160.916
16244.000,-445908240.040
16245.000,-445908240.040
16246.000,-445908240.040
16247.000,-445908240.040
16248.000,-445908240.040
16249.000,-445908240.040
16250.000,-445908240.040
16251.000,-445908240.040
16252.000,-445908240.040
16253.000,-445908240.040
16254.000,-445908240.040
16255.000,-445908240.040
16256.000,-445908240.040
16257.000,-445908240.040
16258.000,-445908240.040
16259.000,-445908240.040
16260.000,-445908240.040
16261.000,-445908240.040
16262.000,-445908240.040
16263.000,-445908240.040
16264.000,-445908240.040
16265.000,-445908240.040
16266.000,-445908240.040
16267.000,-445908240.040
16268.000,-445908240.040
16269.000,-445908240.040
16270.000,-445908240.040
16271.000,-445908240.040
16272.000,-445908240.040
16273.000,-445908240.040
16274.000,-445908240.040
16275.000,-445908240.040
16276.000,-445908240.040
16277.000,-445908240.040
16278.000,-445908240.040
16279.000,-445908240.040
16280.000,-445908240.040
16281.000,-445908240.040
16282.000,-445908240.040
16283.000,-445908240.040
16284.000,-445908240.040
16285.000,-445908240.040
16286.000,-445908240.040
16287.000,-445908240.040
16288.000,-445908240.040
16289.000,-445908240.040
16290.000,-445908240.040
16291.000,-445908240.040
16292.000,-445908240.040
16293.000,-445908240.040
16294.000,-445908240.040
16295.000,-445908240.040
16296.000,-445908319.164
16297.000,-445908240.040
16298.000,-445908240.040
16299.000,-445908240.040
16300.000,-445908240.040
16301.000,-445908240.040
16302.000,-445908240.040
16303.000,-445908319.164
