Time_ms,Absolute_Displacement_nm
0.000,395.620
1.000,395.620
2.000,395.620
3.000,395.620
4.000,395.620
5.000,474.744
6.000,474.744
7.000,395.620
8.000,395.620
9.000,395.620
10.000,395.620
11.000,395.620
12.000,395.620
13.000,395.620
14.000,395.620
15.000,395.620
16.000,395.620
17.000,395.620
18.000,395.620
19.000,395.620
20.000,395.620
21.000,395.620
22.000,395.620
23.000,395.620
24.000,395.620
25.000,395.620
26.000,395.620
27.000,395.620
28.000,395.620
29.000,474.744
30.000,474.744
31.000,395.620
32.000,395.620
33.000,395.620
34.000,395.620
35.000,395.620
36.000,395.620
37.000,474.744
38.000,474.744
39.000,474.744
40.000,395.620
41.000,395.620
42.000,395.620
43.000,395.620
44.000,395.620
45.000,395.620
46.000,474.744
47.000,474.744
48.000,395.620
49.000,395.620
50.000,395.620
51.000,395.620
52.000,395.620
53.000,395.620
54.000,395.620
55.000,474.744
56.000,474.744
57.000,395.620
58.000,395.620
59.000,395.620
60.000,395.620
61.000,395.620
62.000,395.620
63.000,395.620
64.000,395.620
65.000,395.620
66.000,395.620
67.000,395.620
68.000,395.620
69.000,395.620
70.000,395.620
71.000,395.620
72.000,395.620
73.000,395.620
74.000,395.620
75.000,395.620
76.000,395.620
77.000,395.620
78.000,395.620
79.000,395.620
80.000,395.620
81.000,395.620
82.000,395.620
83.000,395.620
84.000,395.620
85.000,395.620
86.000,395.620
87.000,395.620
88.000,474.744
89.000,395.620
90.000,395.620
91.000,395.620
92.000,395.620
93.000,395.620
94.000,395.620
95.000,474.744
96.000,474.744
97.000,474.744
98.000,395.620
99.000,395.620
100.000,395.620
101.000,395.620
102.000,395.620
103.000,395.620
104.000,474.744
105.000,474.744
106.000,474.744
107.000,395.620
108.000,395.620
109.000,395.620
110.000,395.620
111.000,395.620
112.000,395.620
113.000,474.744
114.000,474.744
115.000,395.620
116.000,395.620
117.000,395.620
118.000,395.620
119.000,395.620
120.000,395.620
121.000,395.620
122.000,474.744
123.000,395.620
124.000,395.620
125.000,395.620
126.000,395.620
127.000,395.620
128.000,395.620
129.000,395.620
130.000,395.620
131.000,395.620
132.000,395.620
133.000,395.620
134.000,395.620
135.000,395.620
136.000,395.620
137.000,395.620
138.000,395.620
139.000,395.620
140.000,395.620
141.000,395.620
142.000,395.620
143.000,395.620
144.000,395.620
145.000,395.620
146.000,474.744
147.000,395.620
148.000,395.620
149.000,395.620
150.000,395.620
151.000,395.620
152.000,395.620
153.000,395.620
154.000,474.744
155.000,474.744
156.000,395.620
157.000,395.620
158.000,395.620
159.000,395.620
160.000,395.620
161.000,395.620
162.000,395.620
163.000,474.744
164.000,474.744
165.000,395.620
166.000,395.620
167.000,395.620
168.000,395.620
169.000,395.620
170.000,395.620
171.000,395.620
172.000,474.744
173.000,395.620
174.000,395.620
175.000,395.620
176.000,395.620
177.000,395.620
178.000,395.620
179.000,395.620
180.000,474.744
181.000,474.744
182.000,395.620
183.000,395.620
184.000,395.620
185.000,395.620
186.000,395.620
187.000,395.620
188.000,395.620
189.000,395.620
190.000,395.620
191.000,395.620
192.000,395.620
193.000,395.620
194.000,395.620
195.000,395.620
196.000,395.620
197.000,395.620
198.000,395.620
199.000,395.620
200.000,395.620
201.000,395.620
202.000,395.620
203.000,395.620
204.000,395.620
205.000,395.620
206.000,395.620
207.000,395.620
208.000,395.620
209.000,395.620
210.000,395.620
211.000,395.620
212.000,474.744
213.000,474.744
214.000,395.620
215.000,395.620
216.000,395.620
217.000,395.620
218.000,395.620
219.000,395.620
220.000,395.620
221.000,474.744
222.000,474.744
223.000,395.620
224.000,395.620
225.000,395.620
226.000,395.620
227.000,395.620
228.000,395.620
229.000,474.744
230.000,474.744
231.000,474.744
232.000,395.620
233.000,395.620
234.000,395.620
235.000,395.620
236.000,395.620
237.000,395.620
238.000,474.744
239.000,474.744
240.000,395.620
241.000,395.620
242.000,395.620
243.000,395.620
244.000,395.620
245.000,395.620
246.000,395.620
247.000,474.744
248.000,395.620
249.000,395.620
250.000,395.620
251.000,395.620
252.000,395.620
253.000,395.620
254.000,395.620
255.000,395.620
256.000,395.620
257.000,395.620
258.000,395.620
259.000,395.620
260.000,395.620
261.000,395.620
262.000,395.620
263.000,395.620
264.000,395.620
265.000,395.620
266.000,395.620
267.000,395.620
268.000,395.620
269.000,395.620
270.000,395.620
271.000,395.620
272.000,395.620
273.000,395.620
274.000,395.620
275.000,395.620
276.000,395.620
277.000,395.620
278.000,395.620
279.000,474.744
280.000,474.744
281.000,395.620
282.000,395.620
283.000,395.620
284.000,395.620
285.000,395.620
286.000,395.620
287.000,474.744
288.000,474.744
289.000,474.744
290.000,395.620
291.000,395.620
292.000,395.620
293.000,395.620
294.000,395.620
295.000,395.620
296.000,474.744
297.000,474.744
298.000,395.620
299.000,395.620
300.000,395.620
301.000,395.620
302.000,395.620
303.000,395.620
304.000,395.620
305.000,474.744
306.000,395.620
307.000,395.620
308.000,395.620
309.000,395.620
310.000,395.620
311.000,395.620
312.000,395.620
313.000,474.744
314.000,395.620
315.000,395.620
316.000,395.620
317.000,395.620
318.000,395.620
319.000,395.620
320.000,395.620
321.000,395.620
322.000,395.620
323.000,395.620
324.000,395.620
325.000,395.620
326.000,395.620
327.000,395.620
328.000,395.620
329.000,395.620
330.000,474.744
331.000,395.620
332.000,395.620
333.000,395.620
334.000,395.620
335.000,395.620
336.000,395.620
337.000,474.744
338.000,474.744
339.000,395.620
340.000,395.620
341.000,395.620
342.000,395.620
343.000,395.620
344.000,395.620
345.000,395.620
346.000,474.744
347.000,474.744
348.000,395.620
349.000,395.620
350.000,395.620
351.000,395.620
352.000,395.620
353.000,395.620
354.000,474.744
355.000,474.744
356.000,474.744
357.000,395.620
358.000,395.620
359.000,395.620
360.000,395.620
361.000,395.620
362.000,395.620
363.000,474.744
364.000,474.744
365.000,395.620
366.000,395.620
367.000,395.620
368.000,395.620
369.000,395.620
370.000,395.620
371.000,474.744
372.000,474.744
373.000,395.620
374.000,395.620
375.000,395.620
376.000,395.620
377.000,395.620
378.000,395.620
379.000,395.620
380.000,395.620
381.000,395.620
382.000,395.620
383.000,395.620
384.000,395.620
385.000,395.620
386.000,395.620
387.000,395.620
388.000,395.620
389.000,395.620
390.000,395.620
391.000,395.620
392.000,395.620
393.000,395.620
394.000,395.620
395.000,395.620
396.000,474.744
397.000,395.620
398.000,395.620
399.000,395.620
400.000,395.620
401.000,395.620
402.000,395.620
403.000,395.620
404.000,474.744
405.000,474.744
406.000,395.620
407.000,395.620
408.000,395.620
409.000,395.620
410.000,395.620
411.000,395.620
412.000,474.744
413.000,474.744
414.000,474.744
415.000,395.620
416.000,395.620
417.000,395.620
418.000,395.620
419.000,395.620
420.000,395.620
421.000,474.744
422.000,474.744
423.000,395.620
424.000,395.620
425.000,395.620
426.000,395.620
427.000,395.620
428.000,395.620
429.000,395.620
430.000,474.744
431.000,474.744
432.000,395.620
433.000,395.620
434.000,395.620
435.000,395.620
436.000,395.620
437.000,395.620
438.000,474.744
439.000,395.620
440.000,395.620
441.000,395.620
442.000,395.620
443.000,395.620
444.000,395.620
445.000,395.620
446.000,395.620
447.000,395.620
448.000,395.620
449.000,395.620
450.000,395.620
451.000,395.620
452.000,395.620
453.000,395.620
454.000,395.620
455.000,395.620
456.000,395.620
457.000,395.620
458.000,395.620
459.000,395.620
460.000,395.620
461.000,395.620
462.000,474.744
463.000,474.744
464.000,395.620
465.000,395.620
466.000,395.620
467.000,395.620
468.000,395.620
469.000,395.620
470.000,395.620
471.000,474.744
472.000,474.744
473.000,395.620
474.000,395.620
475.000,395.620
476.000,395.620
477.000,395.620
478.000,395.620
479.000,474.744
480.000,474.744
481.000,395.620
482.000,395.620
483.000,395.620
484.000,395.620
485.000,395.620
486.000,395.620
487.000,395.620
488.000,474.744
489.000,474.744
490.000,395.620
491.000,395.620
492.000,395.620
493.000,395.620
494.000,395.620
495.000,395.620
496.000,395.620
497.000,395.620
498.000,395.620
499.000,395.620
500.000,395.620
501.000,395.620
502.000,395.620
503.000,395.620
504.000,395.620
505.000,395.620
506.000,395.620
507.000,395.620
508.000,395.620
509.000,395.620
510.000,395.620
511.000,395.620
512.000,395.620
513.000,395.620
514.000,395.620
515.000,395.620
516.000,395.620
517.000,395.620
518.000,395.620
519.000,395.620
520.000,395.620
521.000,474.744
522.000,395.620
523.000,395.620
524.000,395.620
525.000,395.620
526.000,395.620
527.000,395.620
528.000,395.620
529.000,474.744
530.000,474.744
531.000,395.620
532.000,395.620
533.000,395.620
534.000,395.620
535.000,395.620
536.000,395.620
537.000,395.620
538.000,474.744
539.000,395.620
540.000,395.620
541.000,395.620
542.000,395.620
543.000,395.620
544.000,395.620
545.000,395.620
546.000,474.744
547.000,395.620
548.000,395.620
549.000,395.620
550.000,395.620
551.000,395.620
552.000,395.620
553.000,395.620
554.000,395.620
555.000,395.620
556.000,395.620
557.000,395.620
558.000,395.620
559.000,395.620
560.000,395.620
561.000,395.620
562.000,395.620
563.000,395.620
564.000,395.620
565.000,395.620
566.000,395.620
567.000,395.620
568.000,395.620
569.000,395.620
570.000,395.620
571.000,474.744
572.000,395.620
573.000,395.620
574.000,395.620
575.000,395.620
576.000,395.620
577.000,395.620
578.000,395.620
579.000,474.744
580.000,395.620
581.000,395.620
582.000,395.620
583.000,395.620
584.000,395.620
585.000,395.620
586.000,395.620
587.000,474.744
588.000,474.744
589.000,395.620
590.000,395.620
591.000,395.620
592.000,316.496
593.000,395.620
594.000,395.620
595.000,395.620
596.000,474.744
597.000,474.744
598.000,395.620
599.000,395.620
600.000,395.620
601.000,395.620
602.000,395.620
603.000,395.620
604.000,474.744
605.000,474.744
606.000,395.620
607.000,395.620
608.000,395.620
609.000,395.620
610.000,395.620
611.000,395.620
612.000,395.620
613.000,474.744
614.000,395.620
615.000,395.620
616.000,395.620
617.000,395.620
618.000,395.620
619.000,395.620
620.000,395.620
621.000,395.620
622.000,395.620
623.000,395.620
624.000,395.620
625.000,395.620
626.000,395.620
627.000,395.620
628.000,395.620
629.000,395.620
630.000,395.620
631.000,395.620
632.000,395.620
633.000,395.620
634.000,395.620
635.000,395.620
636.000,395.620
637.000,395.620
638.000,395.620
639.000,395.620
640.000,395.620
641.000,395.620
642.000,395.620
643.000,395.620
644.000,395.620
645.000,474.744
646.000,474.744
647.000,395.620
648.000,395.620
649.000,395.620
650.000,395.620
651.000,395.620
652.000,395.620
653.000,395.620
654.000,474.744
655.000,474.744
656.000,395.620
657.000,395.620
658.000,395.620
659.000,395.620
660.000,395.620
661.000,395.620
662.000,395.620
663.000,474.744
664.000,395.620
665.000,395.620
666.000,395.620
667.000,395.620
668.000,395.620
669.000,395.620
670.000,395.620
671.000,395.620
672.000,395.620
673.000,395.620
674.000,395.620
675.000,395.620
676.000,395.620
677.000,395.620
678.000,395.620
679.000,395.620
680.000,395.620
681.000,395.620
682.000,395.620
683.000,395.620
684.000,395.620
685.000,395.620
686.000,395.620
687.000,395.620
688.000,395.620
689.000,395.620
690.000,395.620
691.000,395.620
692.000,395.620
693.000,395.620
694.000,395.620
695.000,395.620
696.000,474.744
697.000,395.620
698.000,395.620
699.000,395.620
700.000,395.620
701.000,395.620
702.000,395.620
703.000,395.620
704.000,474.744
705.000,474.744
706.000,395.620
707.000,395.620
708.000,395.620
709.000,395.620
710.000,395.620
711.000,395.620
712.000,474.744
713.000,474.744
714.000,395.620
715.000,395.620
716.000,395.620
717.000,395.620
718.000,395.620
719.000,395.620
720.000,395.620
721.000,474.744
722.000,474.744
723.000,395.620
724.000,395.620
725.000,395.620
726.000,395.620
727.000,395.620
728.000,395.620
729.000,395.620
730.000,474.744
731.000,395.620
732.000,395.620
733.000,395.620
734.000,395.620
735.000,395.620
736.000,395.620
737.000,395.620
738.000,395.620
739.000,395.620
740.000,395.620
741.000,395.620
742.000,395.620
743.000,395.620
744.000,395.620
745.000,395.620
746.000,395.620
747.000,395.620
748.000,395.620
749.000,395.620
750.000,395.620
751.000,395.620
752.000,395.620
753.000,395.620
754.000,395.620
755.000,395.620
756.000,395.620
757.000,395.620
758.000,395.620
759.000,395.620
760.000,395.620
761.000,395.620
762.000,395.620
763.000,395.620
764.000,395.620
765.000,395.620
766.000,395.620
767.000,395.620
768.000,395.620
769.000,395.620
770.000,474.744
771.000,474.744
772.000,395.620
773.000,395.620
774.000,395.620
775.000,316.496
776.000,395.620
777.000,395.620
778.000,395.620
779.000,474.744
780.000,474.744
781.000,395.620
782.000,395.620
783.000,395.620
784.000,395.620
785.000,395.620
786.000,395.620
787.000,395.620
788.000,474.744
789.000,395.620
790.000,395.620
791.000,395.620
792.000,395.620
793.000,395.620
794.000,395.620
795.000,395.620
796.000,395.620
797.000,395.620
798.000,395.620
799.000,395.620
800.000,395.620
801.000,395.620
802.000,395.620
803.000,395.620
804.000,395.620
805.000,395.620
806.000,395.620
807.000,395.620
808.000,395.620
809.000,395.620
810.000,395.620
811.000,395.620
812.000,395.620
813.000,395.620
814.000,395.620
815.000,395.620
816.000,395.620
817.000,395.620
818.000,395.620
819.000,395.620
820.000,395.620
821.000,395.620
822.000,395.620
823.000,395.620
824.000,395.620
825.000,316.496
826.000,395.620
827.000,395.620
828.000,395.620
829.000,474.744
830.000,395.620
831.000,395.620
832.000,395.620
833.000,316.496
834.000,395.620
835.000,395.620
836.000,395.620
837.000,395.620
838.000,474.744
839.000,395.620
840.000,395.620
841.000,395.620
842.000,395.620
843.000,395.620
844.000,395.620
845.000,395.620
846.000,395.620
847.000,395.620
848.000,395.620
849.000,395.620
850.000,395.620
851.000,395.620
852.000,395.620
853.000,395.620
854.000,395.620
855.000,395.620
856.000,395.620
857.000,395.620
858.000,395.620
859.000,395.620
860.000,395.620
861.000,395.620
862.000,395.620
863.000,395.620
864.000,395.620
865.000,395.620
866.000,395.620
867.000,395.620
868.000,395.620
869.000,395.620
870.000,395.620
871.000,395.620
872.000,395.620
873.000,395.620
874.000,395.620
875.000,395.620
876.000,395.620
877.000,395.620
878.000,395.620
879.000,395.620
880.000,395.620
881.000,395.620
882.000,395.620
883.000,395.620
884.000,395.620
885.000,395.620
886.000,395.620
887.000,474.744
888.000,395.620
889.000,395.620
890.000,395.620
891.000,316.496
892.000,316.496
893.000,395.620
894.000,395.620
895.000,395.620
896.000,474.744
897.000,395.620
898.000,395.620
899.000,395.620
900.000,395.620
901.000,395.620
902.000,395.620
903.000,395.620
904.000,395.620
905.000,395.620
906.000,395.620
907.000,395.620
908.000,395.620
909.000,395.620
910.000,395.620
911.000,395.620
912.000,395.620
913.000,395.620
914.000,395.620
915.000,395.620
916.000,395.620
917.000,395.620
918.000,395.620
919.000,395.620
920.000,395.620
921.000,395.620
922.000,395.620
923.000,395.620
924.000,395.620
925.000,395.620
926.000,395.620
927.000,395.620
928.000,395.620
929.000,395.620
930.000,395.620
931.000,395.620
932.000,395.620
933.000,395.620
934.000,395.620
935.000,395.620
936.000,395.620
937.000,395.620
938.000,395.620
939.000,395.620
940.000,395.620
941.000,395.620
942.000,395.620
943.000,395.620
944.000,395.620
945.000,395.620
946.000,395.620
947.000,395.620
948.000,395.620
949.000,395.620
950.000,395.620
951.000,395.620
952.000,395.620
953.000,395.620
954.000,395.620
955.000,395.620
956.000,395.620
957.000,395.620
958.000,395.620
959.000,395.620
960.000,395.620
961.000,395.620
962.000,395.620
963.000,395.620
964.000,395.620
965.000,395.620
966.000,395.620
967.000,395.620
968.000,395.620
969.000,395.620
970.000,395.620
971.000,395.620
972.000,395.620
973.000,395.620
974.000,395.620
975.000,395.620
976.000,395.620
977.000,395.620
978.000,395.620
979.000,395.620
980.000,395.620
981.000,395.620
982.000,395.620
983.000,395.620
984.000,395.620
985.000,395.620
986.000,395.620
987.000,395.620
988.000,395.620
989.000,395.620
990.000,395.620
991.000,395.620
992.000,395.620
993.000,395.620
994.000,395.620
995.000,395.620
996.000,395.620
997.000,395.620
998.000,395.620
999.000,395.620
1000.000,395.620
1001.000,395.620
1002.000,395.620
1003.000,395.620
1004.000,474.744
1005.000,395.620
1006.000,395.620
1007.000,395.620
1008.000,395.620
1009.000,395.620
1010.000,395.620
1011.000,395.620
1012.000,395.620
1013.000,395.620
1014.000,395.620
1015.000,395.620
1016.000,395.620
1017.000,395.620
1018.000,395.620
1019.000,395.620
1020.000,395.620
1021.000,395.620
1022.000,395.620
1023.000,395.620
1024.000,395.620
1025.000,395.620
1026.000,395.620
1027.000,395.620
1028.000,395.620
1029.000,395.620
1030.000,395.620
1031.000,395.620
1032.000,395.620
1033.000,395.620
1034.000,395.620
1035.000,395.620
1036.000,395.620
1037.000,395.620
1038.000,395.620
1039.000,395.620
1040.000,395.620
1041.000,395.620
1042.000,395.620
1043.000,395.620
1044.000,395.620
1045.000,395.620
1046.000,395.620
1047.000,395.620
1048.000,395.620
1049.000,395.620
1050.000,395.620
1051.000,395.620
1052.000,395.620
1053.000,395.620
1054.000,395.620
1055.000,395.620
1056.000,395.620
1057.000,395.620
1058.000,395.620
1059.000,395.620
1060.000,395.620
1061.000,395.620
1062.000,395.620
1063.000,395.620
1064.000,395.620
1065.000,395.620
1066.000,395.620
1067.000,316.496
1068.000,395.620
1069.000,395.620
1070.000,395.620
1071.000,395.620
1072.000,395.620
1073.000,395.620
1074.000,395.620
1075.000,395.620
1076.000,395.620
1077.000,395.620
1078.000,395.620
1079.000,395.620
1080.000,395.620
1081.000,395.620
1082.000,395.620
1083.000,395.620
1084.000,395.620
1085.000,395.620
1086.000,395.620
1087.000,395.620
1088.000,395.620
1089.000,395.620
1090.000,395.620
1091.000,395.620
1092.000,395.620
1093.000,395.620
1094.000,395.620
1095.000,395.620
1096.000,395.620
1097.000,395.620
1098.000,395.620
1099.000,395.620
1100.000,395.620
1101.000,395.620
1102.000,395.620
1103.000,395.620
1104.000,395.620
1105.000,395.620
1106.000,395.620
1107.000,395.620
1108.000,395.620
1109.000,395.620
1110.000,395.620
1111.000,395.620
1112.000,395.620
1113.000,395.620
1114.000,395.620
1115.000,395.620
1116.000,395.620
1117.000,395.620
1118.000,395.620
1119.000,395.620
1120.000,395.620
1121.000,395.620
1122.000,395.620
1123.000,395.620
1124.000,395.620
1125.000,395.620
1126.000,395.620
1127.000,395.620
1128.000,395.620
1129.000,395.620
1130.000,395.620
1131.000,395.620
1132.000,395.620
1133.000,316.496
1134.000,316.496
1135.000,395.620
1136.000,395.620
1137.000,395.620
1138.000,395.620
1139.000,395.620
1140.000,395.620
1141.000,395.620
1142.000,395.620
1143.000,395.620
1144.000,395.620
1145.000,395.620
1146.000,395.620
1147.000,395.620
1148.000,395.620
1149.000,395.620
1150.000,395.620
1151.000,395.620
1152.000,395.620
1153.000,395.620
1154.000,395.620
1155.000,395.620
1156.000,395.620
1157.000,395.620
1158.000,395.620
1159.000,395.620
1160.000,395.620
1161.000,395.620
1162.000,395.620
1163.000,395.620
1164.000,395.620
1165.000,395.620
1166.000,395.620
1167.000,395.620
1168.000,395.620
1169.000,395.620
1170.000,395.620
1171.000,395.620
1172.000,395.620
1173.000,395.620
1174.000,395.620
1175.000,395.620
1176.000,395.620
1177.000,395.620
1178.000,395.620
1179.000,395.620
1180.000,395.620
1181.000,395.620
1182.000,395.620
1183.000,316.496
1184.000,395.620
1185.000,395.620
1186.000,395.620
1187.000,395.620
1188.000,395.620
1189.000,395.620
1190.000,395.620
1191.000,395.620
1192.000,395.620
1193.000,395.620
1194.000,395.620
1195.000,395.620
1196.000,395.620
1197.000,395.620
1198.000,395.620
1199.000,395.620
1200.000,395.620
1201.000,395.620
1202.000,395.620
1203.000,395.620
1204.000,395.620
1205.000,395.620
1206.000,395.620
1207.000,395.620
1208.000,395.620
1209.000,395.620
1210.000,395.620
1211.000,395.620
1212.000,395.620
1213.000,395.620
1214.000,395.620
1215.000,395.620
1216.000,395.620
1217.000,395.620
1218.000,395.620
1219.000,395.620
1220.000,395.620
1221.000,395.620
1222.000,395.620
1223.000,395.620
1224.000,395.620
1225.000,395.620
1226.000,395.620
1227.000,395.620
1228.000,395.620
1229.000,395.620
1230.000,395.620
1231.000,395.620
1232.000,395.620
1233.000,395.620
1234.000,395.620
1235.000,395.620
1236.000,395.620
1237.000,395.620
1238.000,395.620
1239.000,395.620
1240.000,395.620
1241.000,395.620
1242.000,395.620
1243.000,395.620
1244.000,395.620
1245.000,395.620
1246.000,395.620
1247.000,395.620
1248.000,395.620
1249.000,395.620
1250.000,395.620
1251.000,395.620
1252.000,395.620
1253.000,395.620
1254.000,395.620
1255.000,395.620
1256.000,395.620
1257.000,395.620
1258.000,395.620
1259.000,395.620
1260.000,395.620
1261.000,395.620
1262.000,395.620
1263.000,395.620
1264.000,395.620
1265.000,395.620
1266.000,395.620
1267.000,395.620
1268.000,395.620
1269.000,395.620
1270.000,395.620
1271.000,395.620
1272.000,395.620
1273.000,395.620
1274.000,395.620
1275.000,395.620
1276.000,395.620
1277.000,395.620
1278.000,395.620
1279.000,395.620
1280.000,395.620
1281.000,395.620
1282.000,395.620
1283.000,395.620
1284.000,395.620
1285.000,395.620
1286.000,395.620
1287.000,395.620
1288.000,395.620
1289.000,395.620
1290.000,395.620
1291.000,395.620
1292.000,395.620
1293.000,395.620
1294.000,395.620
1295.000,395.620
1296.000,395.620
1297.000,395.620
1298.000,395.620
1299.000,395.620
1300.000,395.620
1301.000,395.620
1302.000,395.620
1303.000,395.620
1304.000,395.620
1305.000,395.620
1306.000,395.620
1307.000,395.620
1308.000,395.620
1309.000,395.620
1310.000,395.620
1311.000,395.620
1312.000,395.620
1313.000,395.620
1314.000,395.620
1315.000,395.620
1316.000,395.620
1317.000,395.620
1318.000,395.620
1319.000,395.620
1320.000,395.620
1321.000,395.620
1322.000,395.620
1323.000,395.620
1324.000,395.620
1325.000,395.620
1326.000,395.620
1327.000,395.620
1328.000,395.620
1329.000,395.620
1330.000,395.620
1331.000,395.620
1332.000,395.620
1333.000,395.620
1334.000,395.620
1335.000,395.620
1336.000,395.620
1337.000,395.620
1338.000,395.620
1339.000,395.620
1340.000,395.620
1341.000,395.620
1342.000,395.620
1343.000,395.620
1344.000,395.620
1345.000,395.620
1346.000,395.620
1347.000,395.620
1348.000,395.620
1349.000,395.620
1350.000,395.620
1351.000,395.620
1352.000,395.620
1353.000,395.620
1354.000,395.620
1355.000,395.620
1356.000,395.620
1357.000,395.620
1358.000,395.620
1359.000,395.620
1360.000,395.620
1361.000,395.620
1362.000,395.620
1363.000,395.620
1364.000,395.620
1365.000,395.620
1366.000,395.620
1367.000,395.620
1368.000,395.620
1369.000,395.620
1370.000,395.620
1371.000,395.620
1372.000,395.620
1373.000,395.620
1374.000,395.620
1375.000,395.620
1376.000,395.620
1377.000,395.620
1378.000,395.620
1379.000,395.620
1380.000,395.620
1381.000,395.620
1382.000,395.620
1383.000,395.620
1384.000,395.620
1385.000,395.620
1386.000,395.620
1387.000,395.620
1388.000,395.620
1389.000,395.620
1390.000,395.620
1391.000,395.620
1392.000,395.620
1393.000,395.620
1394.000,395.620
1395.000,395.620
1396.000,395.620
1397.000,395.620
1398.000,395.620
1399.000,395.620
1400.000,395.620
1401.000,395.620
1402.000,395.620
1403.000,395.620
1404.000,395.620
1405.000,395.620
1406.000,395.620
1407.000,395.620
1408.000,395.620
1409.000,395.620
1410.000,395.620
1411.000,395.620
1412.000,395.620
1413.000,395.620
1414.000,395.620
1415.000,395.620
1416.000,395.620
1417.000,395.620
1418.000,395.620
1419.000,395.620
1420.000,395.620
1421.000,395.620
1422.000,395.620
1423.000,395.620
1424.000,395.620
1425.000,395.620
1426.000,395.620
1427.000,395.620
1428.000,395.620
1429.000,395.620
1430.000,395.620
1431.000,395.620
1432.000,395.620
1433.000,395.620
1434.000,395.620
1435.000,395.620
1436.000,395.620
1437.000,395.620
1438.000,395.620
1439.000,395.620
1440.000,395.620
1441.000,395.620
1442.000,395.620
1443.000,395.620
1444.000,395.620
1445.000,395.620
1446.000,395.620
1447.000,395.620
1448.000,395.620
1449.000,395.620
1450.000,395.620
1451.000,395.620
1452.000,395.620
1453.000,395.620
1454.000,395.620
1455.000,395.620
1456.000,395.620
1457.000,395.620
1458.000,395.620
1459.000,395.620
1460.000,395.620
1461.000,395.620
1462.000,395.620
1463.000,395.620
1464.000,395.620
1465.000,395.620
1466.000,395.620
1467.000,395.620
1468.000,395.620
1469.000,395.620
1470.000,395.620
1471.000,395.620
1472.000,395.620
1473.000,395.620
1474.000,395.620
1475.000,395.620
1476.000,395.620
1477.000,395.620
1478.000,395.620
1479.000,395.620
1480.000,395.620
1481.000,395.620
1482.000,395.620
1483.000,316.496
1484.000,395.620
1485.000,395.620
1486.000,395.620
1487.000,395.620
1488.000,395.620
1489.000,395.620
1490.000,395.620
1491.000,316.496
1492.000,316.496
1493.000,395.620
1494.000,395.620
1495.000,395.620
1496.000,395.620
1497.000,395.620
1498.000,395.620
1499.000,316.496
1500.000,316.496
1501.000,316.496
1502.000,395.620
1503.000,395.620
1504.000,395.620
1505.000,395.620
1506.000,395.620
1507.000,395.620
1508.000,316.496
1509.000,316.496
1510.000,395.620
1511.000,395.620
1512.000,395.620
1513.000,395.620
1514.000,395.620
1515.000,395.620
1516.000,395.620
1517.000,316.496
1518.000,395.620
1519.000,395.620
1520.000,395.620
1521.000,395.620
1522.000,395.620
1523.000,395.620
1524.000,395.620
1525.000,395.620
1526.000,395.620
1527.000,395.620
1528.000,395.620
1529.000,395.620
1530.000,395.620
1531.000,395.620
1532.000,395.620
1533.000,395.620
1534.000,395.620
1535.000,395.620
1536.000,395.620
1537.000,395.620
1538.000,395.620
1539.000,395.620
1540.000,395.620
1541.000,395.620
1542.000,395.620
1543.000,395.620
1544.000,395.620
1545.000,395.620
1546.000,395.620
1547.000,395.620
1548.000,395.620
1549.000,395.620
1550.000,316.496
1551.000,395.620
1552.000,395.620
1553.000,395.620
1554.000,395.620
1555.000,395.620
1556.000,395.620
1557.000,316.496
1558.000,316.496
1559.000,316.496
1560.000,395.620
1561.000,395.620
1562.000,395.620
1563.000,395.620
1564.000,395.620
1565.000,395.620
1566.000,316.496
1567.000,316.496
1568.000,316.496
1569.000,395.620
1570.000,395.620
1571.000,395.620
1572.000,395.620
1573.000,395.620
1574.000,395.620
1575.000,316.496
1576.000,316.496
1577.000,395.620
1578.000,395.620
1579.000,395.620
1580.000,395.620
1581.000,395.620
1582.000,395.620
1583.000,395.620
1584.000,395.620
1585.000,395.620
1586.000,395.620
1587.000,395.620
1588.000,395.620
1589.000,395.620
1590.000,395.620
1591.000,395.620
1592.000,395.620
1593.000,395.620
1594.000,395.620
1595.000,395.620
1596.000,395.620
1597.000,395.620
1598.000,395.620
1599.000,395.620
1600.000,316.496
1601.000,395.620
1602.000,395.620
1603.000,395.620
1604.000,395.620
1605.000,395.620
1606.000,395.620
1607.000,395.620
1608.000,316.496
1609.000,316.496
1610.000,395.620
1611.000,395.620
1612.000,395.620
1613.000,395.620
1614.000,395.620
1615.000,395.620
1616.000,316.496
1617.000,316.496
1618.000,395.620
1619.000,395.620
1620.000,395.620
1621.000,395.620
1622.000,395.620
1623.000,395.620
1624.000,316.496
1625.000,316.496
1626.000,316.496
1627.000,395.620
1628.000,395.620
1629.000,395.620
1630.000,395.620
1631.000,395.620
1632.000,395.620
1633.000,316.496
1634.000,316.496
1635.000,395.620
1636.000,395.620
1637.000,395.620
1638.000,395.620
1639.000,395.620
1640.000,395.620
1641.000,316.496
1642.000,316.496
1643.000,316.496
1644.000,395.620
1645.000,395.620
1646.000,395.620
1647.000,395.620
1648.000,395.620
1649.000,395.620
1650.000,316.496
1651.000,395.620
1652.000,395.620
1653.000,395.620
1654.000,395.620
1655.000,395.620
1656.000,395.620
1657.000,395.620
1658.000,395.620
1659.000,395.620
1660.000,395.620
1661.000,395.620
1662.000,395.620
1663.000,395.620
1664.000,395.620
1665.000,395.620
1666.000,395.620
1667.000,395.620
1668.000,395.620
1669.000,395.620
1670.000,395.620
1671.000,395.620
1672.000,395.620
1673.000,395.620
1674.000,316.496
1675.000,316.496
1676.000,395.620
1677.000,395.620
1678.000,395.620
1679.000,395.620
1680.000,395.620
1681.000,395.620
1682.000,395.620
1683.000,316.496
1684.000,316.496
1685.000,395.620
1686.000,395.620
1687.000,395.620
1688.000,395.620
1689.000,395.620
1690.000,395.620
1691.000,316.496
1692.000,316.496
1693.000,395.620
1694.000,395.620
1695.000,395.620
1696.000,395.620
1697.000,395.620
1698.000,395.620
1699.000,395.620
1700.000,316.496
1701.000,316.496
1702.000,395.620
1703.000,395.620
1704.000,395.620
1705.000,395.620
1706.000,395.620
1707.000,395.620
1708.000,316.496
1709.000,316.496
1710.000,395.620
1711.000,395.620
1712.000,395.620
1713.000,395.620
1714.000,395.620
1715.000,395.620
1716.000,316.496
1717.000,316.496
1718.000,395.620
1719.000,395.620
1720.000,395.620
1721.000,395.620
1722.000,395.620
1723.000,395.620
1724.000,316.496
1725.000,316.496
1726.000,395.620
1727.000,395.620
1728.000,395.620
1729.000,395.620
1730.000,395.620
1731.000,395.620
1732.000,316.496
1733.000,316.496
1734.000,316.496
1735.000,395.620
1736.000,395.620
1737.000,395.620
1738.000,395.620
1739.000,395.620
1740.000,395.620
1741.000,316.496
1742.000,316.496
1743.000,395.620
1744.000,395.620
1745.000,395.620
1746.000,395.620
1747.000,395.620
1748.000,395.620
1749.000,316.496
1750.000,316.496
1751.000,316.496
1752.000,395.620
1753.000,395.620
1754.000,395.620
1755.000,395.620
1756.000,395.620
1757.000,395.620
1758.000,316.496
1759.000,316.496
1760.000,395.620
1761.000,395.620
1762.000,395.620
1763.000,395.620
1764.000,395.620
1765.000,395.620
1766.000,316.496
1767.000,316.496
1768.000,316.496
1769.000,395.620
1770.000,395.620
1771.000,395.620
1772.000,395.620
1773.000,395.620
1774.000,395.620
1775.000,316.496
1776.000,395.620
1777.000,395.620
1778.000,395.620
1779.000,395.620
1780.000,395.620
1781.000,395.620
1782.000,316.496
1783.000,316.496
1784.000,316.496
1785.000,395.620
1786.000,395.620
1787.000,395.620
1788.000,395.620
1789.000,395.620
1790.000,395.620
1791.000,316.496
1792.000,316.496
1793.000,395.620
1794.000,395.620
1795.000,395.620
1796.000,395.620
1797.000,395.620
1798.000,395.620
1799.000,316.496
1800.000,316.496
1801.000,316.496
1802.000,395.620
1803.000,395.620
1804.000,395.620
1805.000,395.620
1806.000,395.620
1807.000,395.620
1808.000,316.496
1809.000,316.496
1810.000,395.620
1811.000,395.620
1812.000,395.620
1813.000,395.620
1814.000,395.620
1815.000,395.620
1816.000,316.496
1817.000,316.496
1818.000,316.496
1819.000,395.620
1820.000,395.620
1821.000,395.620
1822.000,395.620
1823.000,395.620
1824.000,395.620
1825.000,316.496
1826.000,316.496
1827.000,395.620
1828.000,395.620
1829.000,395.620
1830.000,395.620
1831.000,395.620
1832.000,395.620
1833.000,316.496
1834.000,395.620
1835.000,395.620
1836.000,395.620
1837.000,395.620
1838.000,395.620
1839.000,395.620
1840.000,395.620
1841.000,316.496
1842.000,316.496
1843.000,395.620
1844.000,395.620
1845.000,395.620
1846.000,395.620
1847.000,395.620
1848.000,316.496
1849.000,316.496
1850.000,316.496
1851.000,395.620
1852.000,395.620
1853.000,395.620
1854.000,395.620
1855.000,395.620
1856.000,395.620
1857.000,316.496
1858.000,316.496
1859.000,316.496
1860.000,395.620
1861.000,395.620
1862.000,395.620
1863.000,395.620
1864.000,395.620
1865.000,395.620
1866.000,316.496
1867.000,316.496
1868.000,316.496
1869.000,395.620
1870.000,395.620
1871.000,395.620
1872.000,395.620
1873.000,395.620
1874.000,395.620
1875.000,316.496
1876.000,316.496
1877.000,395.620
1878.000,395.620
1879.000,395.620
1880.000,395.620
1881.000,395.620
1882.000,395.620
1883.000,316.496
1884.000,316.496
1885.000,395.620
1886.000,395.620
1887.000,395.620
1888.000,395.620
1889.000,395.620
1890.000,395.620
1891.000,395.620
1892.000,395.620
1893.000,395.620
1894.000,395.620
1895.000,395.620
1896.000,395.620
1897.000,395.620
1898.000,395.620
1899.000,316.496
1900.000,316.496
1901.000,395.620
1902.000,395.620
1903.000,395.620
1904.000,395.620
1905.000,395.620
1906.000,395.620
1907.000,316.496
1908.000,316.496
1909.000,316.496
1910.000,395.620
1911.000,395.620
1912.000,395.620
1913.000,395.620
1914.000,395.620
1915.000,316.496
1916.000,316.496
1917.000,316.496
1918.000,316.496
1919.000,395.620
1920.000,395.620
1921.000,395.620
1922.000,395.620
1923.000,395.620
1924.000,316.496
1925.000,316.496
1926.000,316.496
1927.000,395.620
1928.000,395.620
1929.000,395.620
1930.000,395.620
1931.000,395.620
1932.000,395.620
1933.000,316.496
1934.000,316.496
1935.000,316.496
1936.000,395.620
1937.000,395.620
1938.000,395.620
1939.000,395.620
1940.000,395.620
1941.000,316.496
1942.000,316.496
1943.000,395.620
1944.000,395.620
1945.000,395.620
1946.000,395.620
1947.000,395.620
1948.000,395.620
1949.000,316.496
1950.000,316.496
1951.000,395.620
1952.000,395.620
1953.000,395.620
1954.000,395.620
1955.000,395.620
1956.000,395.620
1957.000,316.496
1958.000,316.496
1959.000,395.620
1960.000,395.620
1961.000,395.620
1962.000,395.620
1963.000,395.620
1964.000,395.620
1965.000,316.496
1966.000,316.496
1967.000,316.496
1968.000,395.620
1969.000,395.620
1970.000,395.620
1971.000,395.620
1972.000,395.620
1973.000,395.620
1974.000,316.496
1975.000,316.496
1976.000,316.496
1977.000,395.620
1978.000,395.620
1979.000,395.620
1980.000,395.620
1981.000,395.620
1982.000,316.496
1983.000,316.496
1984.000,316.496
1985.000,395.620
1986.000,395.620
1987.000,395.620
1988.000,395.620
1989.000,395.620
1990.000,395.620
1991.000,316.496
1992.000,316.496
1993.000,316.496
1994.000,395.620
1995.000,395.620
1996.000,395.620
1997.000,395.620
1998.000,395.620
1999.000,316.496
2000.000,316.496
2001.000,316.496
2002.000,395.620
2003.000,395.620
2004.000,395.620
2005.000,395.620
2006.000,395.620
2007.000,316.496
2008.000,316.496
2009.000,316.496
2010.000,395.620
2011.000,395.620
2012.000,395.620
2013.000,395.620
2014.000,395.620
2015.000,395.620
2016.000,316.496
2017.000,316.496
2018.000,395.620
2019.000,395.620
2020.000,395.620
2021.000,395.620
2022.000,395.620
2023.000,316.496
2024.000,316.496
2025.000,316.496
2026.000,395.620
2027.000,395.620
2028.000,395.620
2029.000,395.620
2030.000,395.620
2031.000,395.620
2032.000,316.496
2033.000,316.496
2034.000,316.496
2035.000,395.620
2036.000,395.620
2037.000,395.620
2038.000,395.620
2039.000,395.620
2040.000,316.496
2041.000,316.496
2042.000,316.496
2043.000,395.620
2044.000,395.620
2045.000,395.620
2046.000,395.620
2047.000,395.620
2048.000,395.620
2049.000,316.496
2050.000,316.496
2051.000,316.496
2052.000,395.620
2053.000,395.620
2054.000,395.620
2055.000,395.620
2056.000,395.620
2057.000,316.496
2058.000,316.496
2059.000,316.496
2060.000,395.620
2061.000,395.620
2062.000,395.620
2063.000,395.620
2064.000,395.620
2065.000,316.496
2066.000,316.496
2067.000,316.496
2068.000,395.620
2069.000,395.620
2070.000,395.620
2071.000,395.620
2072.000,395.620
2073.000,316.496
2074.000,316.496
2075.000,316.496
2076.000,395.620
2077.000,395.620
2078.000,395.620
2079.000,395.620
2080.000,395.620
2081.000,395.620
2082.000,316.496
2083.000,316.496
2084.000,316.496
2085.000,395.620
2086.000,395.620
2087.000,395.620
2088.000,395.620
2089.000,395.620
2090.000,316.496
2091.000,316.496
2092.000,316.496
2093.000,395.620
2094.000,395.620
2095.000,395.620
2096.000,395.620
2097.000,395.620
2098.000,395.620
2099.000,316.496
2100.000,316.496
2101.000,316.496
2102.000,395.620
2103.000,395.620
2104.000,395.620
2105.000,395.620
2106.000,395.620
2107.000,316.496
2108.000,316.496
2109.000,316.496
2110.000,395.620
2111.000,395.620
2112.000,395.620
2113.000,395.620
2114.000,395.620
2115.000,395.620
2116.000,316.496
2117.000,316.496
2118.000,395.620
2119.000,395.620
2120.000,395.620
2121.000,395.620
2122.000,395.620
2123.000,395.620
2124.000,316.496
2125.000,316.496
2126.000,395.620
2127.000,395.620
2128.000,395.620
2129.000,395.620
2130.000,395.620
2131.000,395.620
2132.000,316.496
2133.000,316.496
2134.000,316.496
2135.000,395.620
2136.000,395.620
2137.000,395.620
2138.000,395.620
2139.000,395.620
2140.000,316.496
2141.000,316.496
2142.000,316.496
2143.000,395.620
2144.000,395.620
2145.000,395.620
2146.000,395.620
2147.000,395.620
2148.000,316.496
2149.000,316.496
2150.000,316.496
2151.000,316.496
2152.000,395.620
2153.000,395.620
2154.000,395.620
2155.000,395.620
2156.000,395.620
2157.000,316.496
2158.000,316.496
2159.000,316.496
2160.000,395.620
2161.000,395.620
2162.000,395.620
2163.000,395.620
2164.000,395.620
2165.000,316.496
2166.000,316.496
2167.000,316.496
2168.000,395.620
2169.000,395.620
2170.000,395.620
2171.000,395.620
2172.000,395.620
2173.000,395.620
2174.000,316.496
2175.000,316.496
2176.000,316.496
2177.000,395.620
2178.000,395.620
2179.000,395.620
2180.000,395.620
2181.000,395.620
2182.000,316.496
2183.000,316.496
2184.000,316.496
2185.000,395.620
2186.000,395.620
2187.000,395.620
2188.000,395.620
2189.000,395.620
2190.000,316.496
2191.000,316.496
2192.000,316.496
2193.000,395.620
2194.000,395.620
2195.000,395.620
2196.000,395.620
2197.000,395.620
2198.000,316.496
2199.000,316.496
2200.000,316.496
2201.000,395.620
2202.000,395.620
2203.000,395.620
2204.000,395.620
2205.000,395.620
2206.000,395.620
2207.000,316.496
2208.000,316.496
2209.000,316.496
2210.000,395.620
2211.000,395.620
2212.000,395.620
2213.000,395.620
2214.000,395.620
2215.000,316.496
2216.000,316.496
2217.000,316.496
2218.000,395.620
2219.000,395.620
2220.000,395.620
2221.000,395.620
2222.000,395.620
2223.000,316.496
2224.000,316.496
2225.000,316.496
2226.000,316.496
2227.000,395.620
2228.000,395.620
2229.000,395.620
2230.000,395.620
2231.000,395.620
2232.000,316.496
2233.000,316.496
2234.000,316.496
2235.000,395.620
2236.000,395.620
2237.000,395.620
2238.000,395.620
2239.000,395.620
2240.000,395.620
2241.000,316.496
2242.000,316.496
2243.000,395.620
2244.000,395.620
2245.000,395.620
2246.000,395.620
2247.000,395.620
2248.000,395.620
2249.000,316.496
2250.000,316.496
2251.000,395.620
2252.000,395.620
2253.000,395.620
2254.000,395.620
2255.000,395.620
2256.000,395.620
2257.000,316.496
2258.000,316.496
2259.000,395.620
2260.000,395.620
2261.000,395.620
2262.000,395.620
2263.000,395.620
2264.000,395.620
2265.000,316.496
2266.000,316.496
2267.000,316.496
2268.000,395.620
2269.000,395.620
2270.000,395.620
2271.000,395.620
2272.000,395.620
2273.000,316.496
2274.000,316.496
2275.000,316.496
2276.000,316.496
2277.000,395.620
2278.000,395.620
2279.000,395.620
2280.000,395.620
2281.000,395.620
2282.000,316.496
2283.000,316.496
2284.000,316.496
2285.000,395.620
2286.000,395.620
2287.000,395.620
2288.000,395.620
2289.000,395.620
2290.000,316.496
2291.000,316.496
2292.000,316.496
2293.000,316.496
2294.000,395.620
2295.000,395.620
2296.000,395.620
2297.000,395.620
2298.000,316.496
2299.000,316.496
2300.000,316.496
2301.000,316.496
2302.000,395.620
2303.000,395.620
2304.000,395.620
2305.000,395.620
2306.000,395.620
2307.000,316.496
2308.000,316.496
2309.000,395.620
2310.000,395.620
2311.000,395.620
2312.000,395.620
2313.000,395.620
2314.000,395.620
2315.000,316.496
2316.000,316.496
2317.000,316.496
2318.000,395.620
2319.000,395.620
2320.000,395.620
2321.000,395.620
2322.000,395.620
2323.000,316.496
2324.000,316.496
2325.000,316.496
2326.000,395.620
2327.000,395.620
2328.000,395.620
2329.000,395.620
2330.000,395.620
2331.000,316.496
2332.000,316.496
2333.000,316.496
2334.000,316.496
2335.000,395.620
2336.000,395.620
2337.000,395.620
2338.000,395.620
2339.000,395.620
2340.000,316.496
2341.000,316.496
2342.000,316.496
2343.000,395.620
2344.000,395.620
2345.000,395.620
2346.000,395.620
2347.000,395.620
2348.000,316.496
2349.000,316.496
2350.000,316.496
2351.000,316.496
2352.000,395.620
2353.000,395.620
2354.000,395.620
2355.000,395.620
2356.000,395.620
2357.000,316.496
2358.000,316.496
2359.000,316.496
2360.000,395.620
2361.000,395.620
2362.000,395.620
2363.000,395.620
2364.000,395.620
2365.000,316.496
2366.000,316.496
2367.000,316.496
2368.000,395.620
2369.000,395.620
2370.000,395.620
2371.000,395.620
2372.000,395.620
2373.000,316.496
2374.000,316.496
2375.000,316.496
2376.000,395.620
2377.000,395.620
2378.000,395.620
2379.000,395.620
2380.000,395.620
2381.000,316.496
2382.000,316.496
2383.000,316.496
2384.000,395.620
2385.000,395.620
2386.000,395.620
2387.000,395.620
2388.000,395.620
2389.000,395.620
2390.000,316.496
2391.000,316.496
2392.000,316.496
2393.000,395.620
2394.000,395.620
2395.000,395.620
2396.000,395.620
2397.000,395.620
2398.000,316.496
2399.000,316.496
2400.000,316.496
2401.000,395.620
2402.000,395.620
2403.000,395.620
2404.000,395.620
2405.000,395.620
2406.000,316.496
2407.000,316.496
2408.000,316.496
2409.000,316.496
2410.000,395.620
2411.000,395.620
2412.000,395.620
2413.000,395.620
2414.000,395.620
2415.000,316.496
2416.000,316.496
2417.000,316.496
2418.000,395.620
2419.000,395.620
2420.000,395.620
2421.000,395.620
2422.000,395.620
2423.000,395.620
2424.000,316.496
2425.000,316.496
2426.000,316.496
2427.000,395.620
2428.000,395.620
2429.000,395.620
2430.000,395.620
2431.000,395.620
2432.000,316.496
2433.000,316.496
2434.000,316.496
2435.000,395.620
2436.000,395.620
2437.000,395.620
2438.000,395.620
2439.000,395.620
2440.000,316.496
2441.000,316.496
2442.000,316.496
2443.000,395.620
2444.000,395.620
2445.000,395.620
2446.000,395.620
2447.000,395.620
2448.000,316.496
2449.000,316.496
2450.000,316.496
2451.000,316.496
2452.000,395.620
2453.000,395.620
2454.000,395.620
2455.000,395.620
2456.000,316.496
2457.000,316.496
2458.000,316.496
2459.000,316.496
2460.000,395.620
2461.000,395.620
2462.000,395.620
2463.000,395.620
2464.000,395.620
2465.000,316.496
2466.000,316.496
2467.000,316.496
2468.000,395.620
2469.000,395.620
2470.000,395.620
2471.000,395.620
2472.000,395.620
2473.000,316.496
2474.000,316.496
2475.000,316.496
2476.000,316.496
2477.000,395.620
2478.000,395.620
2479.000,395.620
2480.000,395.620
2481.000,395.620
2482.000,316.496
2483.000,316.496
2484.000,316.496
2485.000,395.620
2486.000,395.620
2487.000,395.620
2488.000,395.620
2489.000,395.620
2490.000,316.496
2491.000,316.496
2492.000,316.496
2493.000,395.620
2494.000,395.620
2495.000,395.620
2496.000,395.620
2497.000,395.620
2498.000,316.496
2499.000,316.496
2500.000,316.496
2501.000,395.620
2502.000,395.620
2503.000,395.620
2504.000,395.620
2505.000,395.620
2506.000,316.496
2507.000,316.496
2508.000,316.496
2509.000,395.620
2510.000,395.620
2511.000,395.620
2512.000,395.620
2513.000,395.620
2514.000,316.496
2515.000,316.496
2516.000,316.496
2517.000,316.496
2518.000,395.620
2519.000,395.620
2520.000,395.620
2521.000,395.620
2522.000,316.496
2523.000,316.496
2524.000,316.496
2525.000,316.496
2526.000,316.496
2527.000,395.620
2528.000,395.620
2529.000,395.620
2530.000,395.620
2531.000,316.496
2532.000,316.496
2533.000,316.496
2534.000,316.496
2535.000,395.620
2536.000,395.620
2537.000,395.620
2538.000,395.620
2539.000,395.620
2540.000,316.496
2541.000,316.496
2542.000,316.496
2543.000,316.496
2544.000,395.620
2545.000,395.620
2546.000,395.620
2547.000,395.620
2548.000,395.620
2549.000,316.496
2550.000,316.496
2551.000,316.496
2552.000,395.620
2553.000,395.620
2554.000,395.620
2555.000,395.620
2556.000,395.620
2557.000,316.496
2558.000,316.496
2559.000,316.496
2560.000,395.620
2561.000,395.620
2562.000,395.620
2563.000,395.620
2564.000,395.620
2565.000,316.496
2566.000,316.496
2567.000,316.496
2568.000,395.620
2569.000,395.620
2570.000,395.620
2571.000,395.620
2572.000,395.620
2573.000,316.496
2574.000,316.496
2575.000,316.496
2576.000,316.496
2577.000,395.620
2578.000,395.620
2579.000,395.620
2580.000,395.620
2581.000,316.496
2582.000,316.496
2583.000,316.496
2584.000,316.496
2585.000,395.620
2586.000,395.620
2587.000,395.620
2588.000,395.620
2589.000,395.620
2590.000,316.496
2591.000,316.496
2592.000,316.496
2593.000,316.496
2594.000,395.620
2595.000,395.620
2596.000,395.620
2597.000,395.620
2598.000,395.620
2599.000,316.496
2600.000,316.496
2601.000,316.496
2602.000,395.620
2603.000,395.620
2604.000,395.620
2605.000,395.620
2606.000,395.620
2607.000,316.496
2608.000,316.496
2609.000,316.496
2610.000,395.620
2611.000,395.620
2612.000,395.620
2613.000,395.620
2614.000,316.496
2615.000,316.496
2616.000,316.496
2617.000,395.620
2618.000,395.620
2619.000,395.620
2620.000,395.620
2621.000,395.620
2622.000,316.496
2623.000,316.496
2624.000,316.496
2625.000,316.496
2626.000,395.620
2627.000,395.620
2628.000,395.620
2629.000,395.620
2630.000,395.620
2631.000,316.496
2632.000,316.496
2633.000,316.496
2634.000,316.496
2635.000,395.620
2636.000,395.620
2637.000,395.620
2638.000,395.620
2639.000,316.496
2640.000,316.496
2641.000,316.496
2642.000,316.496
2643.000,395.620
2644.000,395.620
2645.000,395.620
2646.000,395.620
2647.000,395.620
2648.000,316.496
2649.000,316.496
2650.000,316.496
2651.000,316.496
2652.000,395.620
2653.000,395.620
2654.000,395.620
2655.000,395.620
2656.000,395.620
2657.000,316.496
2658.000,316.496
2659.000,316.496
2660.000,316.496
2661.000,395.620
2662.000,395.620
2663.000,395.620
2664.000,395.620
2665.000,316.496
2666.000,316.496
2667.000,316.496
2668.000,316.496
2669.000,395.620
2670.000,395.620
2671.000,395.620
2672.000,395.620
2673.000,316.496
2674.000,316.496
2675.000,316.496
2676.000,316.496
2677.000,395.620
2678.000,395.620
2679.000,395.620
2680.000,395.620
2681.000,316.496
2682.000,316.496
2683.000,316.496
2684.000,316.496
2685.000,395.620
2686.000,395.620
2687.000,395.620
2688.000,395.620
2689.000,316.496
2690.000,316.496
2691.000,316.496
2692.000,316.496
2693.000,395.620
2694.000,395.620
2695.000,395.620
2696.000,395.620
2697.000,395.620
2698.000,316.496
2699.000,316.496
2700.000,316.496
2701.000,316.496
2702.000,395.620
2703.000,395.620
2704.000,395.620
2705.000,395.620
2706.000,316.496
2707.000,316.496
2708.000,316.496
2709.000,316.496
2710.000,395.620
2711.000,395.620
2712.000,395.620
2713.000,395.620
2714.000,395.620
2715.000,316.496
2716.000,316.496
2717.000,316.496
2718.000,316.496
2719.000,395.620
2720.000,395.620
2721.000,395.620
2722.000,395.620
2723.000,395.620
2724.000,316.496
2725.000,316.496
2726.000,316.496
2727.000,395.620
2728.000,395.620
2729.000,395.620
2730.000,395.620
2731.000,395.620
2732.000,316.496
2733.000,316.496
2734.000,316.496
2735.000,395.620
2736.000,395.620
2737.000,395.620
2738.000,395.620
2739.000,395.620
2740.000,316.496
2741.000,316.496
2742.000,316.496
2743.000,395.620
2744.000,395.620
2745.000,395.620
2746.000,395.620
2747.000,316.496
2748.000,316.496
2749.000,316.496
2750.000,316.496
2751.000,395.620
2752.000,395.620
2753.000,395.620
2754.000,395.620
2755.000,395.620
2756.000,316.496
2757.000,316.496
2758.000,316.496
2759.000,316.496
2760.000,395.620
2761.000,395.620
2762.000,395.620
2763.000,395.620
2764.000,316.496
2765.000,316.496
2766.000,316.496
2767.000,316.496
2768.000,316.496
2769.000,395.620
2770.000,395.620
2771.000,395.620
2772.000,395.620
2773.000,316.496
2774.000,316.496
2775.000,316.496
2776.000,316.496
2777.000,395.620
2778.000,395.620
2779.000,395.620
2780.000,395.620
2781.000,395.620
2782.000,316.496
2783.000,316.496
2784.000,316.496
2785.000,316.496
2786.000,395.620
2787.000,395.620
2788.000,395.620
2789.000,395.620
2790.000,316.496
2791.000,316.496
2792.000,316.496
2793.000,316.496
2794.000,395.620
2795.000,395.620
2796.000,395.620
2797.000,395.620
2798.000,316.496
2799.000,316.496
2800.000,316.496
2801.000,316.496
2802.000,395.620
2803.000,395.620
2804.000,395.620
2805.000,395.620
2806.000,316.496
2807.000,316.496
2808.000,316.496
2809.000,316.496
2810.000,395.620
2811.000,395.620
2812.000,395.620
2813.000,395.620
2814.000,316.496
2815.000,316.496
2816.000,316.496
2817.000,316.496
2818.000,395.620
2819.000,395.620
2820.000,395.620
2821.000,395.620
2822.000,395.620
2823.000,316.496
2824.000,316.496
2825.000,316.496
2826.000,316.496
2827.000,395.620
2828.000,395.620
2829.000,395.620
2830.000,395.620
2831.000,316.496
2832.000,316.496
2833.000,316.496
2834.000,316.496
2835.000,395.620
2836.000,395.620
2837.000,395.620
2838.000,395.620
2839.000,395.620
2840.000,316.496
2841.000,316.496
2842.000,316.496
2843.000,316.496
2844.000,395.620
2845.000,395.620
2846.000,395.620
2847.000,395.620
2848.000,316.496
2849.000,316.496
2850.000,316.496
2851.000,316.496
2852.000,395.620
2853.000,395.620
2854.000,395.620
2855.000,395.620
2856.000,395.620
2857.000,316.496
2858.000,316.496
2859.000,316.496
2860.000,395.620
2861.000,395.620
2862.000,395.620
2863.000,395.620
2864.000,316.496
2865.000,316.496
2866.000,316.496
2867.000,316.496
2868.000,395.620
2869.000,395.620
2870.000,395.620
2871.000,395.620
2872.000,395.620
2873.000,316.496
2874.000,316.496
2875.000,316.496
2876.000,395.620
2877.000,395.620
2878.000,395.620
2879.000,395.620
2880.000,395.620
2881.000,316.496
2882.000,316.496
2883.000,316.496
2884.000,316.496
2885.000,395.620
2886.000,395.620
2887.000,395.620
2888.000,395.620
2889.000,316.496
2890.000,316.496
2891.000,316.496
2892.000,316.496
2893.000,316.496
2894.000,395.620
2895.000,395.620
2896.000,395.620
2897.000,395.620
2898.000,316.496
2899.000,316.496
2900.000,316.496
2901.000,316.496
2902.000,395.620
2903.000,395.620
2904.000,395.620
2905.000,395.620
2906.000,395.620
2907.000,316.496
2908.000,316.496
2909.000,316.496
2910.000,316.496
2911.000,395.620
2912.000,395.620
2913.000,395.620
2914.000,316.496
2915.000,316.496
2916.000,316.496
2917.000,316.496
2918.000,316.496
2919.000,395.620
2920.000,395.620
2921.000,395.620
2922.000,316.496
2923.000,316.496
2924.000,316.496
2925.000,316.496
2926.000,316.496
2927.000,395.620
2928.000,395.620
2929.000,395.620
2930.000,395.620
2931.000,316.496
2932.000,316.496
2933.000,316.496
2934.000,316.496
2935.000,395.620
2936.000,395.620
2937.000,395.620
2938.000,395.620
2939.000,316.496
2940.000,316.496
2941.000,316.496
2942.000,316.496
2943.000,316.496
2944.000,395.620
2945.000,395.620
2946.000,395.620
2947.000,395.620
2948.000,316.496
2949.000,316.496
2950.000,316.496
2951.000,316.496
2952.000,395.620
2953.000,395.620
2954.000,395.620
2955.000,395.620
2956.000,395.620
2957.000,316.496
2958.000,316.496
2959.000,316.496
2960.000,316.496
2961.000,395.620
2962.000,395.620
2963.000,395.620
2964.000,395.620
2965.000,316.496
2966.000,316.496
2967.000,316.496
2968.000,316.496
2969.000,395.620
2970.000,395.620
2971.000,395.620
2972.000,395.620
2973.000,316.496
2974.000,316.496
2975.000,316.496
2976.000,316.496
2977.000,395.620
2978.000,395.620
2979.000,395.620
2980.000,316.496
2981.000,316.496
2982.000,316.496
2983.000,316.496
2984.000,316.496
2985.000,395.620
2986.000,395.620
2987.000,395.620
2988.000,395.620
2989.000,316.496
2990.000,316.496
2991.000,316.496
2992.000,316.496
2993.000,395.620
2994.000,395.620
2995.000,395.620
2996.000,395.620
2997.000,316.496
2998.000,316.496
2999.000,316.496
3000.000,316.496
3001.000,316.496
3002.000,395.620
3003.000,395.620
3004.000,395.620
3005.000,395.620
3006.000,316.496
3007.000,316.496
3008.000,316.496
3009.000,316.496
3010.000,316.496
3011.000,395.620
3012.000,395.620
3013.000,395.620
3014.000,395.620
3015.000,316.496
3016.000,316.496
3017.000,316.496
3018.000,316.496
3019.000,395.620
3020.000,395.620
3021.000,395.620
3022.000,395.620
3023.000,316.496
3024.000,316.496
3025.000,316.496
3026.000,316.496
3027.000,395.620
3028.000,395.620
3029.000,395.620
3030.000,395.620
3031.000,316.496
3032.000,316.496
3033.000,316.496
3034.000,316.496
3035.000,316.496
3036.000,395.620
3037.000,395.620
3038.000,395.620
3039.000,316.496
3040.000,316.496
3041.000,316.496
3042.000,316.496
3043.000,316.496
3044.000,395.620
3045.000,395.620
3046.000,395.620
3047.000,316.496
3048.000,316.496
3049.000,316.496
3050.000,316.496
3051.000,316.496
3052.000,395.620
3053.000,395.620
3054.000,395.620
3055.000,395.620
3056.000,316.496
3057.000,316.496
3058.000,316.496
3059.000,316.496
3060.000,395.620
3061.000,395.620
3062.000,395.620
3063.000,395.620
3064.000,316.496
3065.000,316.496
3066.000,316.496
3067.000,316.496
3068.000,316.496
3069.000,395.620
3070.000,395.620
3071.000,395.620
3072.000,395.620
3073.000,316.496
3074.000,316.496
3075.000,316.496
3076.000,316.496
3077.000,316.496
3078.000,395.620
3079.000,395.620
3080.000,395.620
3081.000,395.620
3082.000,316.496
3083.000,316.496
3084.000,316.496
3085.000,316.496
3086.000,395.620
3087.000,395.620
3088.000,395.620
3089.000,316.496
3090.000,316.496
3091.000,316.496
3092.000,316.496
3093.000,316.496
3094.000,395.620
3095.000,395.620
3096.000,395.620
3097.000,316.496
3098.000,316.496
3099.000,316.496
3100.000,316.496
3101.000,316.496
3102.000,395.620
3103.000,395.620
3104.000,395.620
3105.000,316.496
3106.000,316.496
3107.000,316.496
3108.000,316.496
3109.000,316.496
3110.000,395.620
3111.000,395.620
3112.000,395.620
3113.000,395.620
3114.000,316.496
3115.000,316.496
3116.000,316.496
3117.000,316.496
3118.000,395.620
3119.000,395.620
3120.000,395.620
3121.000,395.620
3122.000,316.496
3123.000,316.496
3124.000,316.496
3125.000,316.496
3126.000,316.496
3127.000,395.620
3128.000,395.620
3129.000,395.620
3130.000,395.620
3131.000,316.496
3132.000,316.496
3133.000,316.496
3134.000,316.496
3135.000,316.496
3136.000,395.620
3137.000,395.620
3138.000,395.620
3139.000,395.620
3140.000,316.496
3141.000,316.496
3142.000,316.496
3143.000,316.496
3144.000,395.620
3145.000,395.620
3146.000,395.620
3147.000,395.620
3148.000,316.496
3149.000,316.496
3150.000,316.496
3151.000,316.496
3152.000,395.620
3153.000,395.620
3154.000,395.620
3155.000,395.620
3156.000,316.496
3157.000,316.496
3158.000,316.496
3159.000,316.496
3160.000,316.496
3161.000,395.620
3162.000,395.620
3163.000,395.620
3164.000,316.496
3165.000,316.496
3166.000,316.496
3167.000,316.496
3168.000,316.496
3169.000,395.620
3170.000,395.620
3171.000,395.620
3172.000,316.496
3173.000,316.496
3174.000,316.496
3175.000,316.496
3176.000,316.496
3177.000,395.620
3178.000,395.620
3179.000,395.620
3180.000,395.620
3181.000,316.496
3182.000,316.496
3183.000,316.496
3184.000,316.496
3185.000,395.620
3186.000,395.620
3187.000,395.620
3188.000,395.620
3189.000,316.496
3190.000,316.496
3191.000,316.496
3192.000,316.496
3193.000,316.496
3194.000,395.620
3195.000,395.620
3196.000,395.620
3197.000,316.496
3198.000,316.496
3199.000,316.496
3200.000,316.496
3201.000,316.496
3202.000,395.620
3203.000,395.620
3204.000,395.620
3205.000,316.496
3206.000,316.496
3207.000,316.496
3208.000,316.496
3209.000,316.496
3210.000,316.496
3211.000,395.620
3212.000,395.620
3213.000,395.620
3214.000,316.496
3215.000,316.496
3216.000,316.496
3217.000,316.496
3218.000,316.496
3219.000,395.620
3220.000,395.620
3221.000,395.620
3222.000,316.496
3223.000,316.496
3224.000,316.496
3225.000,316.496
3226.000,316.496
3227.000,395.620
3228.000,395.620
3229.000,395.620
3230.000,316.496
3231.000,316.496
3232.000,316.496
3233.000,316.496
3234.000,316.496
3235.000,395.620
3236.000,395.620
3237.000,395.620
3238.000,395.620
3239.000,316.496
3240.000,316.496
3241.000,316.496
3242.000,316.496
3243.000,316.496
3244.000,395.620
3245.000,395.620
3246.000,395.620
3247.000,316.496
3248.000,316.496
3249.000,316.496
3250.000,316.496
3251.000,316.496
3252.000,395.620
3253.000,395.620
3254.000,395.620
3255.000,395.620
3256.000,316.496
3257.000,316.496
3258.000,316.496
3259.000,316.496
3260.000,316.496
3261.000,395.620
3262.000,395.620
3263.000,395.620
3264.000,316.496
3265.000,316.496
3266.000,316.496
3267.000,316.496
3268.000,316.496
3269.000,395.620
3270.000,395.620
3271.000,395.620
3272.000,316.496
3273.000,316.496
3274.000,316.496
3275.000,316.496
3276.000,316.496
3277.000,395.620
3278.000,395.620
3279.000,395.620
3280.000,316.496
3281.000,316.496
3282.000,316.496
3283.000,316.496
3284.000,316.496
3285.000,395.620
3286.000,395.620
3287.000,395.620
3288.000,395.620
3289.000,316.496
3290.000,316.496
3291.000,316.496
3292.000,316.496
3293.000,316.496
3294.000,395.620
3295.000,395.620
3296.000,395.620
3297.000,316.496
3298.000,316.496
3299.000,316.496
3300.000,316.496
3301.000,316.496
3302.000,395.620
3303.000,395.620
3304.000,395.620
3305.000,395.620
3306.000,316.496
3307.000,316.496
3308.000,316.496
3309.000,316.496
3310.000,316.496
3311.000,395.620
3312.000,395.620
3313.000,395.620
3314.000,316.496
3315.000,316.496
3316.000,316.496
3317.000,316.496
3318.000,316.496
3319.000,395.620
3320.000,395.620
3321.000,395.620
3322.000,316.496
3323.000,316.496
3324.000,316.496
3325.000,316.496
3326.000,316.496
3327.000,395.620
3328.000,395.620
3329.000,395.620
3330.000,395.620
3331.000,316.496
3332.000,316.496
3333.000,316.496
3334.000,316.496
3335.000,395.620
3336.000,395.620
3337.000,395.620
3338.000,395.620
3339.000,316.496
3340.000,316.496
3341.000,316.496
3342.000,316.496
3343.000,316.496
3344.000,395.620
3345.000,395.620
3346.000,395.620
3347.000,316.496
3348.000,316.496
3349.000,316.496
3350.000,316.496
3351.000,316.496
3352.000,395.620
3353.000,395.620
3354.000,395.620
3355.000,316.496
3356.000,316.496
3357.000,316.496
3358.000,316.496
3359.000,316.496
3360.000,316.496
3361.000,395.620
3362.000,395.620
3363.000,395.620
3364.000,316.496
3365.000,316.496
3366.000,316.496
3367.000,316.496
3368.000,316.496
3369.000,395.620
3370.000,395.620
3371.000,395.620
3372.000,316.496
3373.000,316.496
3374.000,316.496
3375.000,316.496
3376.000,316.496
3377.000,395.620
3378.000,395.620
3379.000,395.620
3380.000,395.620
3381.000,316.496
3382.000,316.496
3383.000,316.496
3384.000,316.496
3385.000,395.620
3386.000,395.620
3387.000,395.620
3388.000,395.620
3389.000,316.496
3390.000,316.496
3391.000,316.496
3392.000,316.496
3393.000,316.496
3394.000,395.620
3395.000,395.620
3396.000,395.620
3397.000,316.496
3398.000,316.496
3399.000,316.496
3400.000,316.496
3401.000,316.496
3402.000,395.620
3403.000,395.620
3404.000,395.620
3405.000,316.496
3406.000,316.496
3407.000,316.496
3408.000,316.496
3409.000,316.496
3410.000,395.620
3411.000,395.620
3412.000,395.620
3413.000,316.496
3414.000,316.496
3415.000,316.496
3416.000,316.496
3417.000,316.496
3418.000,395.620
3419.000,395.620
3420.000,395.620
3421.000,395.620
3422.000,316.496
3423.000,316.496
3424.000,316.496
3425.000,316.496
3426.000,316.496
3427.000,395.620
3428.000,395.620
3429.000,395.620
3430.000,316.496
3431.000,316.496
3432.000,316.496
3433.000,316.496
3434.000,316.496
3435.000,395.620
3436.000,395.620
3437.000,395.620
3438.000,395.620
3439.000,316.496
3440.000,316.496
3441.000,316.496
3442.000,316.496
3443.000,316.496
3444.000,395.620
3445.000,395.620
3446.000,395.620
3447.000,316.496
3448.000,316.496
3449.000,316.496
3450.000,316.496
3451.000,316.496
3452.000,395.620
3453.000,395.620
3454.000,395.620
3455.000,316.496
3456.000,316.496
3457.000,316.496
3458.000,316.496
3459.000,316.496
3460.000,395.620
3461.000,395.620
3462.000,395.620
3463.000,316.496
3464.000,316.496
3465.000,316.496
3466.000,316.496
3467.000,316.496
3468.000,395.620
3469.000,395.620
3470.000,395.620
3471.000,316.496
3472.000,316.496
3473.000,316.496
3474.000,316.496
3475.000,316.496
3476.000,316.496
3477.000,395.620
3478.000,395.620
3479.000,395.620
3480.000,316.496
3481.000,316.496
3482.000,316.496
3483.000,316.496
3484.000,316.496
3485.000,395.620
3486.000,395.620
3487.000,395.620
3488.000,395.620
3489.000,316.496
3490.000,316.496
3491.000,316.496
3492.000,316.496
3493.000,316.496
3494.000,395.620
3495.000,395.620
3496.000,395.620
3497.000,316.496
3498.000,316.496
3499.000,316.496
3500.000,316.496
3501.000,316.496
3502.000,395.620
3503.000,395.620
3504.000,395.620
3505.000,395.620
3506.000,316.496
3507.000,316.496
3508.000,316.496
3509.000,316.496
3510.000,316.496
3511.000,395.620
3512.000,395.620
3513.000,395.620
3514.000,316.496
3515.000,316.496
3516.000,316.496
3517.000,316.496
3518.000,316.496
3519.000,395.620
3520.000,395.620
3521.000,395.620
3522.000,316.496
3523.000,316.496
3524.000,316.496
3525.000,316.496
3526.000,316.496
3527.000,395.620
3528.000,395.620
3529.000,395.620
3530.000,316.496
3531.000,316.496
3532.000,316.496
3533.000,316.496
3534.000,316.496
3535.000,395.620
3536.000,395.620
3537.000,395.620
3538.000,316.496
3539.000,316.496
3540.000,316.496
3541.000,316.496
3542.000,316.496
3543.000,395.620
3544.000,395.620
3545.000,395.620
3546.000,395.620
3547.000,316.496
3548.000,316.496
3549.000,316.496
3550.000,316.496
3551.000,316.496
3552.000,395.620
3553.000,395.620
3554.000,395.620
3555.000,316.496
3556.000,316.496
3557.000,316.496
3558.000,316.496
3559.000,316.496
3560.000,395.620
3561.000,395.620
3562.000,395.620
3563.000,395.620
3564.000,316.496
3565.000,316.496
3566.000,316.496
3567.000,316.496
3568.000,316.496
3569.000,395.620
3570.000,395.620
3571.000,395.620
3572.000,316.496
3573.000,316.496
3574.000,316.496
3575.000,316.496
3576.000,316.496
3577.000,316.496
3578.000,395.620
3579.000,395.620
3580.000,316.496
3581.000,316.496
3582.000,316.496
3583.000,316.496
3584.000,316.496
3585.000,316.496
3586.000,395.620
3587.000,395.620
3588.000,316.496
3589.000,316.496
3590.000,316.496
3591.000,316.496
3592.000,316.496
3593.000,395.620
3594.000,395.620
3595.000,395.620
3596.000,316.496
3597.000,316.496
3598.000,316.496
3599.000,316.496
3600.000,316.496
3601.000,316.496
3602.000,395.620
3603.000,395.620
3604.000,395.620
3605.000,316.496
3606.000,316.496
3607.000,316.496
3608.000,316.496
3609.000,316.496
3610.000,395.620
3611.000,395.620
3612.000,395.620
3613.000,316.496
3614.000,316.496
3615.000,316.496
3616.000,316.496
3617.000,316.496
3618.000,316.496
3619.000,395.620
3620.000,395.620
3621.000,395.620
3622.000,316.496
3623.000,316.496
3624.000,316.496
3625.000,316.496
3626.000,316.496
3627.000,395.620
3628.000,395.620
3629.000,395.620
3630.000,395.620
3631.000,316.496
3632.000,316.496
3633.000,316.496
3634.000,316.496
3635.000,316.496
3636.000,395.620
3637.000,395.620
3638.000,316.496
3639.000,316.496
3640.000,316.496
3641.000,316.496
3642.000,316.496
3643.000,316.496
3644.000,395.620
3645.000,395.620
3646.000,316.496
3647.000,316.496
3648.000,316.496
3649.000,316.496
3650.000,316.496
3651.000,316.496
3652.000,395.620
3653.000,395.620
3654.000,316.496
3655.000,316.496
3656.000,316.496
3657.000,316.496
3658.000,316.496
3659.000,316.496
3660.000,395.620
3661.000,395.620
3662.000,395.620
3663.000,316.496
3664.000,316.496
3665.000,316.496
3666.000,316.496
3667.000,316.496
3668.000,395.620
3669.000,395.620
3670.000,395.620
3671.000,395.620
3672.000,316.496
3673.000,316.496
3674.000,316.496
3675.000,316.496
3676.000,316.496
3677.000,395.620
3678.000,395.620
3679.000,395.620
3680.000,316.496
3681.000,316.496
3682.000,316.496
3683.000,316.496
3684.000,316.496
3685.000,395.620
3686.000,395.620
3687.000,395.620
3688.000,316.496
3689.000,316.496
3690.000,316.496
3691.000,316.496
3692.000,316.496
3693.000,316.496
3694.000,395.620
3695.000,395.620
3696.000,395.620
3697.000,316.496
3698.000,316.496
3699.000,316.496
3700.000,316.496
3701.000,316.496
3702.000,395.620
3703.000,395.620
3704.000,316.496
3705.000,316.496
3706.000,316.496
3707.000,316.496
3708.000,316.496
3709.000,316.496
3710.000,395.620
3711.000,395.620
3712.000,395.620
3713.000,316.496
3714.000,316.496
3715.000,316.496
3716.000,316.496
3717.000,316.496
3718.000,316.496
3719.000,395.620
3720.000,395.620
3721.000,316.496
3722.000,316.496
3723.000,316.496
3724.000,316.496
3725.000,316.496
3726.000,316.496
3727.000,395.620
3728.000,395.620
3729.000,395.620
3730.000,316.496
3731.000,316.496
3732.000,316.496
3733.000,316.496
3734.000,316.496
3735.000,395.620
3736.000,395.620
3737.000,395.620
3738.000,316.496
3739.000,316.496
3740.000,316.496
3741.000,316.496
3742.000,316.496
3743.000,316.496
3744.000,395.620
3745.000,395.620
3746.000,395.620
3747.000,316.496
3748.000,316.496
3749.000,316.496
3750.000,316.496
3751.000,316.496
3752.000,316.496
3753.000,395.620
3754.000,316.496
3755.000,316.496
3756.000,316.496
3757.000,316.496
3758.000,316.496
3759.000,316.496
3760.000,316.496
3761.000,316.496
3762.000,316.496
3763.000,316.496
3764.000,316.496
3765.000,316.496
3766.000,316.496
3767.000,316.496
3768.000,316.496
3769.000,395.620
3770.000,316.496
3771.000,316.496
3772.000,316.496
3773.000,316.496
3774.000,316.496
3775.000,316.496
3776.000,316.496
3777.000,395.620
3778.000,395.620
3779.000,316.496
3780.000,316.496
3781.000,316.496
3782.000,316.496
3783.000,316.496
3784.000,316.496
3785.000,395.620
3786.000,395.620
3787.000,395.620
3788.000,316.496
3789.000,316.496
3790.000,316.496
3791.000,316.496
3792.000,316.496
3793.000,316.496
3794.000,395.620
3795.000,395.620
3796.000,395.620
3797.000,316.496
3798.000,316.496
3799.000,316.496
3800.000,316.496
3801.000,316.496
3802.000,395.620
3803.000,395.620
3804.000,395.620
3805.000,316.496
3806.000,316.496
3807.000,316.496
3808.000,316.496
3809.000,316.496
3810.000,316.496
3811.000,395.620
3812.000,395.620
3813.000,316.496
3814.000,316.496
3815.000,316.496
3816.000,316.496
3817.000,316.496
3818.000,316.496
3819.000,316.496
3820.000,316.496
3821.000,316.496
3822.000,316.496
3823.000,316.496
3824.000,316.496
3825.000,316.496
3826.000,316.496
3827.000,395.620
3828.000,316.496
3829.000,316.496
3830.000,316.496
3831.000,316.496
3832.000,316.496
3833.000,316.496
3834.000,316.496
3835.000,395.620
3836.000,395.620
3837.000,395.620
3838.000,316.496
3839.000,316.496
3840.000,316.496
3841.000,316.496
3842.000,316.496
3843.000,395.620
3844.000,395.620
3845.000,395.620
3846.000,316.496
3847.000,316.496
3848.000,316.496
3849.000,316.496
3850.000,316.496
3851.000,316.496
3852.000,395.620
3853.000,395.620
3854.000,395.620
3855.000,316.496
3856.000,316.496
3857.000,316.496
3858.000,316.496
3859.000,316.496
3860.000,316.496
3861.000,395.620
3862.000,395.620
3863.000,316.496
3864.000,316.496
3865.000,316.496
3866.000,316.496
3867.000,316.496
3868.000,316.496
3869.000,316.496
3870.000,395.620
3871.000,395.620
3872.000,316.496
3873.000,316.496
3874.000,316.496
3875.000,316.496
3876.000,316.496
3877.000,316.496
3878.000,316.496
3879.000,316.496
3880.000,316.496
3881.000,316.496
3882.000,316.496
3883.000,316.496
3884.000,316.496
3885.000,316.496
3886.000,316.496
3887.000,316.496
3888.000,316.496
3889.000,316.496
3890.000,316.496
3891.000,316.496
3892.000,316.496
3893.000,316.496
3894.000,395.620
3895.000,316.496
3896.000,316.496
3897.000,316.496
3898.000,316.496
3899.000,316.496
3900.000,316.496
3901.000,395.620
3902.000,395.620
3903.000,395.620
3904.000,316.496
3905.000,316.496
3906.000,316.496
3907.000,316.496
3908.000,316.496
3909.000,316.496
3910.000,395.620
3911.000,395.620
3912.000,395.620
3913.000,316.496
3914.000,316.496
3915.000,316.496
3916.000,316.496
3917.000,316.496
3918.000,316.496
3919.000,395.620
3920.000,395.620
3921.000,395.620
3922.000,316.496
3923.000,316.496
3924.000,316.496
3925.000,316.496
3926.000,316.496
3927.000,316.496
3928.000,395.620
3929.000,395.620
3930.000,316.496
3931.000,316.496
3932.000,316.496
3933.000,316.496
3934.000,316.496
3935.000,316.496
3936.000,316.496
3937.000,316.496
3938.000,316.496
3939.000,316.496
3940.000,316.496
3941.000,316.496
3942.000,316.496
3943.000,316.496
3944.000,316.496
3945.000,316.496
3946.000,316.496
3947.000,316.496
3948.000,316.496
3949.000,316.496
3950.000,316.496
3951.000,316.496
3952.000,316.496
3953.000,316.496
3954.000,316.496
3955.000,316.496
3956.000,316.496
3957.000,316.496
3958.000,316.496
3959.000,316.496
3960.000,395.620
3961.000,395.620
3962.000,316.496
3963.000,316.496
3964.000,316.496
3965.000,316.496
3966.000,316.496
3967.000,316.496
3968.000,395.620
3969.000,395.620
3970.000,395.620
3971.000,316.496
3972.000,316.496
3973.000,316.496
3974.000,316.496
3975.000,316.496
3976.000,316.496
3977.000,395.620
3978.000,395.620
3979.000,395.620
3980.000,316.496
3981.000,316.496
3982.000,316.496
3983.000,316.496
3984.000,316.496
3985.000,316.496
3986.000,395.620
3987.000,395.620
3988.000,395.620
3989.000,316.496
3990.000,316.496
3991.000,316.496
3992.000,316.496
3993.000,316.496
3994.000,316.496
3995.000,316.496
3996.000,316.496
3997.000,316.496
3998.000,316.496
3999.000,316.496
4000.000,316.496
4001.000,316.496
4002.000,316.496
4003.000,316.496
4004.000,316.496
4005.000,316.496
4006.000,316.496
4007.000,316.496
4008.000,316.496
4009.000,316.496
4010.000,316.496
4011.000,395.620
4012.000,316.496
4013.000,316.496
4014.000,316.496
4015.000,316.496
4016.000,316.496
4017.000,316.496
4018.000,316.496
4019.000,395.620
4020.000,395.620
4021.000,316.496
4022.000,316.496
4023.000,316.496
4024.000,316.496
4025.000,316.496
4026.000,316.496
4027.000,395.620
4028.000,395.620
4029.000,395.620
4030.000,316.496
4031.000,316.496
4032.000,316.496
4033.000,316.496
4034.000,316.496
4035.000,316.496
4036.000,395.620
4037.000,395.620
4038.000,316.496
4039.000,316.496
4040.000,316.496
4041.000,316.496
4042.000,316.496
4043.000,316.496
4044.000,395.620
4045.000,395.620
4046.000,316.496
4047.000,316.496
4048.000,316.496
4049.000,316.496
4050.000,316.496
4051.000,316.496
4052.000,316.496
4053.000,395.620
4054.000,316.496
4055.000,316.496
4056.000,316.496
4057.000,316.496
4058.000,316.496
4059.000,316.496
4060.000,316.496
4061.000,316.496
4062.000,316.496
4063.000,316.496
4064.000,316.496
4065.000,316.496
4066.000,316.496
4067.000,316.496
4068.000,316.496
4069.000,316.496
4070.000,316.496
4071.000,316.496
4072.000,316.496
4073.000,316.496
4074.000,316.496
4075.000,316.496
4076.000,316.496
4077.000,395.620
4078.000,395.620
4079.000,316.496
4080.000,316.496
4081.000,316.496
4082.000,316.496
4083.000,316.496
4084.000,316.496
4085.000,395.620
4086.000,395.620
4087.000,395.620
4088.000,316.496
4089.000,316.496
4090.000,316.496
4091.000,316.496
4092.000,316.496
4093.000,316.496
4094.000,395.620
4095.000,395.620
4096.000,316.496
4097.000,316.496
4098.000,316.496
4099.000,316.496
4100.000,316.496
4101.000,316.496
4102.000,316.496
4103.000,395.620
4104.000,395.620
4105.000,316.496
4106.000,316.496
4107.000,316.496
4108.000,316.496
4109.000,316.496
4110.000,316.496
4111.000,316.496
4112.000,395.620
4113.000,316.496
4114.000,316.496
4115.000,316.496
4116.000,316.496
4117.000,316.496
4118.000,316.496
4119.000,316.496
4120.000,316.496
4121.000,316.496
4122.000,316.496
4123.000,316.496
4124.000,316.496
4125.000,316.496
4126.000,316.496
4127.000,316.496
4128.000,316.496
4129.000,316.496
4130.000,316.496
4131.000,316.496
4132.000,316.496
4133.000,316.496
4134.000,316.496
4135.000,316.496
4136.000,395.620
4137.000,316.496
4138.000,316.496
4139.000,316.496
4140.000,316.496
4141.000,316.496
4142.000,316.496
4143.000,316.496
4144.000,395.620
4145.000,395.620
4146.000,316.496
4147.000,316.496
4148.000,316.496
4149.000,316.496
4150.000,316.496
4151.000,316.496
4152.000,395.620
4153.000,395.620
4154.000,395.620
4155.000,316.496
4156.000,316.496
4157.000,316.496
4158.000,316.496
4159.000,316.496
4160.000,316.496
4161.000,395.620
4162.000,395.620
4163.000,316.496
4164.000,316.496
4165.000,316.496
4166.000,316.496
4167.000,316.496
4168.000,316.496
4169.000,316.496
4170.000,316.496
4171.000,316.496
4172.000,316.496
4173.000,316.496
4174.000,316.496
4175.000,316.496
4176.000,316.496
4177.000,316.496
4178.000,316.496
4179.000,316.496
4180.000,316.496
4181.000,316.496
4182.000,316.496
4183.000,316.496
4184.000,316.496
4185.000,316.496
4186.000,316.496
4187.000,316.496
4188.000,316.496
4189.000,316.496
4190.000,316.496
4191.000,316.496
4192.000,316.496
4193.000,316.496
4194.000,395.620
4195.000,395.620
4196.000,316.496
4197.000,316.496
4198.000,316.496
4199.000,316.496
4200.000,316.496
4201.000,316.496
4202.000,395.620
4203.000,395.620
4204.000,316.496
4205.000,316.496
4206.000,316.496
4207.000,316.496
4208.000,316.496
4209.000,316.496
4210.000,316.496
4211.000,395.620
4212.000,395.620
4213.000,316.496
4214.000,316.496
4215.000,316.496
4216.000,316.496
4217.000,316.496
4218.000,316.496
4219.000,316.496
4220.000,395.620
4221.000,316.496
4222.000,316.496
4223.000,316.496
4224.000,316.496
4225.000,316.496
4226.000,316.496
4227.000,316.496
4228.000,316.496
4229.000,316.496
4230.000,316.496
4231.000,316.496
4232.000,316.496
4233.000,316.496
4234.000,316.496
4235.000,316.496
4236.000,316.496
4237.000,316.496
4238.000,316.496
4239.000,316.496
4240.000,316.496
4241.000,316.496
4242.000,316.496
4243.000,316.496
4244.000,316.496
4245.000,316.496
4246.000,316.496
4247.000,316.496
4248.000,316.496
4249.000,316.496
4250.000,316.496
4251.000,316.496
4252.000,316.496
4253.000,316.496
4254.000,316.496
4255.000,316.496
4256.000,316.496
4257.000,316.496
4258.000,316.496
4259.000,316.496
4260.000,395.620
4261.000,395.620
4262.000,316.496
4263.000,316.496
4264.000,316.496
4265.000,316.496
4266.000,316.496
4267.000,316.496
4268.000,316.496
4269.000,395.620
4270.000,395.620
4271.000,316.496
4272.000,316.496
4273.000,316.496
4274.000,316.496
4275.000,316.496
4276.000,316.496
4277.000,395.620
4278.000,395.620
4279.000,395.620
4280.000,316.496
4281.000,316.496
4282.000,316.496
4283.000,316.496
4284.000,316.496
4285.000,316.496
4286.000,395.620
4287.000,395.620
4288.000,316.496
4289.000,316.496
4290.000,316.496
4291.000,316.496
4292.000,316.496
4293.000,316.496
4294.000,316.496
4295.000,395.620
4296.000,316.496
4297.000,316.496
4298.000,316.496
4299.000,316.496
4300.000,316.496
4301.000,316.496
4302.000,316.496
4303.000,316.496
4304.000,316.496
4305.000,316.496
4306.000,316.496
4307.000,316.496
4308.000,316.496
4309.000,316.496
4310.000,316.496
4311.000,316.496
4312.000,316.496
4313.000,316.496
4314.000,316.496
4315.000,316.496
4316.000,316.496
4317.000,316.496
4318.000,316.496
4319.000,316.496
4320.000,316.496
4321.000,316.496
4322.000,316.496
4323.000,316.496
4324.000,316.496
4325.000,316.496
4326.000,316.496
4327.000,316.496
4328.000,395.620
4329.000,316.496
4330.000,316.496
4331.000,316.496
4332.000,316.496
4333.000,316.496
4334.000,316.496
4335.000,316.496
4336.000,395.620
4337.000,316.496
4338.000,316.496
4339.000,316.496
4340.000,316.496
4341.000,316.496
4342.000,316.496
4343.000,316.496
4344.000,316.496
4345.000,395.620
4346.000,316.496
4347.000,316.496
4348.000,316.496
4349.000,316.496
4350.000,316.496
4351.000,316.496
4352.000,316.496
4353.000,316.496
4354.000,316.496
4355.000,316.496
4356.000,316.496
4357.000,316.496
4358.000,316.496
4359.000,316.496
4360.000,316.496
4361.000,316.496
4362.000,316.496
4363.000,316.496
4364.000,316.496
4365.000,316.496
4366.000,316.496
4367.000,316.496
4368.000,316.496
4369.000,316.496
4370.000,316.496
4371.000,316.496
4372.000,316.496
4373.000,316.496
4374.000,316.496
4375.000,316.496
4376.000,316.496
4377.000,395.620
4378.000,395.620
4379.000,316.496
4380.000,316.496
4381.000,316.496
4382.000,316.496
4383.000,316.496
4384.000,316.496
4385.000,316.496
4386.000,395.620
4387.000,316.496
4388.000,316.496
4389.000,316.496
4390.000,316.496
4391.000,316.496
4392.000,316.496
4393.000,316.496
4394.000,395.620
4395.000,395.620
4396.000,316.496
4397.000,316.496
4398.000,316.496
4399.000,316.496
4400.000,316.496
4401.000,316.496
4402.000,316.496
4403.000,395.620
4404.000,316.496
4405.000,316.496
4406.000,316.496
4407.000,316.496
4408.000,316.496
4409.000,316.496
4410.000,316.496
4411.000,395.620
4412.000,395.620
4413.000,316.496
4414.000,316.496
4415.000,316.496
4416.000,316.496
4417.000,316.496
4418.000,316.496
4419.000,316.496
4420.000,395.620
4421.000,316.496
4422.000,316.496
4423.000,316.496
4424.000,316.496
4425.000,316.496
4426.000,316.496
4427.000,316.496
4428.000,316.496
4429.000,316.496
4430.000,316.496
4431.000,316.496
4432.000,316.496
4433.000,316.496
4434.000,316.496
4435.000,316.496
4436.000,316.496
4437.000,316.496
4438.000,316.496
4439.000,316.496
4440.000,316.496
4441.000,316.496
4442.000,316.496
4443.000,316.496
4444.000,316.496
4445.000,316.496
4446.000,316.496
4447.000,316.496
4448.000,316.496
4449.000,316.496
4450.000,316.496
4451.000,316.496
4452.000,316.496
4453.000,316.496
4454.000,316.496
4455.000,316.496
4456.000,316.496
4457.000,316.496
4458.000,316.496
4459.000,316.496
4460.000,316.496
4461.000,395.620
4462.000,316.496
4463.000,316.496
4464.000,316.496
4465.000,316.496
4466.000,316.496
4467.000,316.496
4468.000,316.496
4469.000,395.620
4470.000,395.620
4471.000,316.496
4472.000,316.496
4473.000,316.496
4474.000,316.496
4475.000,316.496
4476.000,316.496
4477.000,316.496
4478.000,395.620
4479.000,316.496
4480.000,316.496
4481.000,316.496
4482.000,316.496
4483.000,316.496
4484.000,316.496
4485.000,316.496
4486.000,316.496
4487.000,316.496
4488.000,316.496
4489.000,316.496
4490.000,316.496
4491.000,316.496
4492.000,316.496
4493.000,316.496
4494.000,316.496
4495.000,316.496
4496.000,316.496
4497.000,316.496
4498.000,316.496
4499.000,316.496
4500.000,316.496
4501.000,316.496
4502.000,316.496
4503.000,395.620
4504.000,316.496
4505.000,316.496
4506.000,316.496
4507.000,316.496
4508.000,316.496
4509.000,316.496
4510.000,316.496
4511.000,395.620
4512.000,316.496
4513.000,316.496
4514.000,316.496
4515.000,316.496
4516.000,316.496
4517.000,316.496
4518.000,316.496
4519.000,395.620
4520.000,395.620
4521.000,316.496
4522.000,316.496
4523.000,316.496
4524.000,316.496
4525.000,316.496
4526.000,316.496
4527.000,316.496
4528.000,316.496
4529.000,316.496
4530.000,316.496
4531.000,316.496
4532.000,316.496
4533.000,316.496
4534.000,316.496
4535.000,316.496
4536.000,316.496
4537.000,316.496
4538.000,316.496
4539.000,316.496
4540.000,316.496
4541.000,316.496
4542.000,316.496
4543.000,316.496
4544.000,316.496
4545.000,316.496
4546.000,316.496
4547.000,316.496
4548.000,316.496
4549.000,316.496
4550.000,316.496
4551.000,316.496
4552.000,316.496
4553.000,316.496
4554.000,316.496
4555.000,316.496
4556.000,316.496
4557.000,316.496
4558.000,316.496
4559.000,316.496
4560.000,316.496
4561.000,395.620
4562.000,316.496
4563.000,316.496
4564.000,316.496
4565.000,316.496
4566.000,316.496
4567.000,316.496
4568.000,316.496
4569.000,395.620
4570.000,316.496
4571.000,316.496
4572.000,316.496
4573.000,316.496
4574.000,316.496
4575.000,316.496
4576.000,316.496
4577.000,316.496
4578.000,316.496
4579.000,316.496
4580.000,316.496
4581.000,316.496
4582.000,316.496
4583.000,316.496
4584.000,316.496
4585.000,316.496
4586.000,316.496
4587.000,316.496
4588.000,316.496
4589.000,316.496
4590.000,316.496
4591.000,316.496
4592.000,316.496
4593.000,316.496
4594.000,316.496
4595.000,316.496
4596.000,316.496
4597.000,316.496
4598.000,316.496
4599.000,316.496
4600.000,316.496
4601.000,316.496
4602.000,316.496
4603.000,316.496
4604.000,316.496
4605.000,316.496
4606.000,316.496
4607.000,316.496
4608.000,316.496
4609.000,316.496
4610.000,316.496
4611.000,316.496
4612.000,316.496
4613.000,316.496
4614.000,316.496
4615.000,316.496
4616.000,316.496
4617.000,316.496
4618.000,316.496
4619.000,395.620
4620.000,316.496
4621.000,316.496
4622.000,316.496
4623.000,316.496
4624.000,316.496
4625.000,316.496
4626.000,316.496
4627.000,316.496
4628.000,316.496
4629.000,316.496
4630.000,316.496
4631.000,316.496
4632.000,237.372
4633.000,316.496
4634.000,316.496
4635.000,316.496
4636.000,395.620
4637.000,316.496
4638.000,316.496
4639.000,316.496
4640.000,237.372
4641.000,316.496
4642.000,316.496
4643.000,316.496
4644.000,395.620
4645.000,395.620
4646.000,316.496
4647.000,316.496
4648.000,316.496
4649.000,316.496
4650.000,316.496
4651.000,316.496
4652.000,316.496
4653.000,395.620
4654.000,316.496
4655.000,316.496
4656.000,316.496
4657.000,316.496
4658.000,316.496
4659.000,316.496
4660.000,316.496
4661.000,316.496
4662.000,316.496
4663.000,316.496
4664.000,316.496
4665.000,316.496
4666.000,316.496
4667.000,316.496
4668.000,316.496
4669.000,316.496
4670.000,316.496
4671.000,316.496
4672.000,316.496
4673.000,316.496
4674.000,316.496
4675.000,316.496
4676.000,316.496
4677.000,316.496
4678.000,316.496
4679.000,316.496
4680.000,316.496
4681.000,316.496
4682.000,316.496
4683.000,316.496
4684.000,316.496
4685.000,316.496
4686.000,316.496
4687.000,316.496
4688.000,316.496
4689.000,316.496
4690.000,237.372
4691.000,316.496
4692.000,316.496
4693.000,316.496
4694.000,395.620
4695.000,316.496
4696.000,316.496
4697.000,316.496
4698.000,237.372
4699.000,237.372
4700.000,316.496
4701.000,316.496
4702.000,316.496
4703.000,395.620
4704.000,316.496
4705.000,316.496
4706.000,316.496
4707.000,237.372
4708.000,316.496
4709.000,316.496
4710.000,316.496
4711.000,395.620
4712.000,316.496
4713.000,316.496
4714.000,316.496
4715.000,316.496
4716.000,316.496
4717.000,316.496
4718.000,316.496
4719.000,316.496
4720.000,316.496
4721.000,316.496
4722.000,316.496
4723.000,316.496
4724.000,316.496
4725.000,316.496
4726.000,316.496
4727.000,316.496
4728.000,316.496
4729.000,316.496
4730.000,316.496
4731.000,316.496
4732.000,316.496
4733.000,316.496
4734.000,316.496
4735.000,316.496
4736.000,316.496
4737.000,316.496
4738.000,316.496
4739.000,316.496
4740.000,316.496
4741.000,316.496
4742.000,316.496
4743.000,316.496
4744.000,395.620
4745.000,316.496
4746.000,316.496
4747.000,316.496
4748.000,237.372
4749.000,316.496
4750.000,316.496
4751.000,316.496
4752.000,395.620
4753.000,316.496
4754.000,316.496
4755.000,316.496
4756.000,237.372
4757.000,237.372
4758.000,316.496
4759.000,316.496
4760.000,395.620
4761.000,395.620
4762.000,316.496
4763.000,316.496
4764.000,316.496
4765.000,237.372
4766.000,237.372
4767.000,316.496
4768.000,316.496
4769.000,395.620
4770.000,395.620
4771.000,316.496
4772.000,316.496
4773.000,316.496
4774.000,316.496
4775.000,316.496
4776.000,316.496
4777.000,316.496
4778.000,395.620
4779.000,316.496
4780.000,316.496
4781.000,316.496
4782.000,316.496
4783.000,316.496
4784.000,316.496
4785.000,316.496
4786.000,316.496
4787.000,316.496
4788.000,316.496
4789.000,316.496
4790.000,316.496
4791.000,316.496
4792.000,316.496
4793.000,316.496
4794.000,316.496
4795.000,316.496
4796.000,316.496
4797.000,316.496
4798.000,316.496
4799.000,316.496
4800.000,316.496
4801.000,316.496
4802.000,316.496
4803.000,316.496
4804.000,316.496
4805.000,316.496
4806.000,316.496
4807.000,316.496
4808.000,316.496
4809.000,316.496
4810.000,316.496
4811.000,316.496
4812.000,316.496
4813.000,316.496
4814.000,316.496
4815.000,237.372
4816.000,316.496
4817.000,316.496
4818.000,316.496
4819.000,395.620
4820.000,316.496
4821.000,316.496
4822.000,316.496
4823.000,237.372
4824.000,316.496
4825.000,316.496
4826.000,316.496
4827.000,395.620
4828.000,395.620
4829.000,316.496
4830.000,316.496
4831.000,316.496
4832.000,237.372
4833.000,316.496
4834.000,316.496
4835.000,316.496
4836.000,316.496
4837.000,316.496
4838.000,316.496
4839.000,316.496
4840.000,316.496
4841.000,316.496
4842.000,316.496
4843.000,316.496
4844.000,316.496
4845.000,316.496
4846.000,316.496
4847.000,316.496
4848.000,316.496
4849.000,316.496
4850.000,316.496
4851.000,316.496
4852.000,316.496
4853.000,316.496
4854.000,316.496
4855.000,316.496
4856.000,316.496
4857.000,316.496
4858.000,316.496
4859.000,316.496
4860.000,316.496
4861.000,316.496
4862.000,316.496
4863.000,316.496
4864.000,316.496
4865.000,316.496
4866.000,316.496
4867.000,316.496
4868.000,316.496
4869.000,395.620
4870.000,316.496
4871.000,316.496
4872.000,316.496
4873.000,237.372
4874.000,316.496
4875.000,316.496
4876.000,316.496
4877.000,395.620
4878.000,395.620
4879.000,316.496
4880.000,316.496
4881.000,316.496
4882.000,237.372
4883.000,316.496
4884.000,316.496
4885.000,316.496
4886.000,395.620
4887.000,316.496
4888.000,316.496
4889.000,316.496
4890.000,237.372
4891.000,316.496
4892.000,316.496
4893.000,316.496
4894.000,316.496
4895.000,316.496
4896.000,316.496
4897.000,316.496
4898.000,316.496
4899.000,316.496
4900.000,316.496
4901.000,316.496
4902.000,316.496
4903.000,316.496
4904.000,316.496
4905.000,316.496
4906.000,316.496
4907.000,316.496
4908.000,316.496
4909.000,316.496
4910.000,316.496
4911.000,316.496
4912.000,316.496
4913.000,316.496
4914.000,316.496
4915.000,316.496
4916.000,316.496
4917.000,316.496
4918.000,316.496
4919.000,316.496
4920.000,316.496
4921.000,316.496
4922.000,316.496
4923.000,316.496
4924.000,316.496
4925.000,316.496
4926.000,316.496
4927.000,316.496
4928.000,316.496
4929.000,316.496
4930.000,316.496
4931.000,237.372
4932.000,316.496
4933.000,316.496
4934.000,316.496
4935.000,316.496
4936.000,316.496
4937.000,316.496
4938.000,316.496
4939.000,237.372
4940.000,237.372
4941.000,316.496
4942.000,316.496
4943.000,316.496
4944.000,316.496
4945.000,316.496
4946.000,316.496
4947.000,316.496
4948.000,237.372
4949.000,316.496
4950.000,316.496
4951.000,316.496
4952.000,316.496
4953.000,316.496
4954.000,316.496
4955.000,316.496
4956.000,316.496
4957.000,316.496
4958.000,316.496
4959.000,316.496
4960.000,316.496
4961.000,316.496
4962.000,316.496
4963.000,316.496
4964.000,316.496
4965.000,316.496
4966.000,316.496
4967.000,316.496
4968.000,316.496
4969.000,316.496
4970.000,316.496
4971.000,316.496
4972.000,316.496
4973.000,316.496
4974.000,316.496
4975.000,316.496
4976.000,316.496
4977.000,316.496
4978.000,316.496
4979.000,316.496
4980.000,316.496
4981.000,316.496
4982.000,316.496
4983.000,316.496
4984.000,316.496
4985.000,316.496
4986.000,316.496
4987.000,316.496
4988.000,316.496
4989.000,237.372
4990.000,237.372
4991.000,316.496
4992.000,316.496
4993.000,316.496
4994.000,316.496
4995.000,316.496
4996.000,316.496
4997.000,316.496
4998.000,237.372
4999.000,237.372
5000.000,316.496
5001.000,316.496
5002.000,316.496
5003.000,316.496
5004.000,316.496
5005.000,316.496
5006.000,237.372
5007.000,237.372
5008.000,237.372
5009.000,316.496
5010.000,316.496
5011.000,316.496
5012.000,316.496
5013.000,316.496
5014.000,316.496
5015.000,316.496
5016.000,316.496
5017.000,316.496
5018.000,316.496
5019.000,316.496
5020.000,316.496
5021.000,316.496
5022.000,316.496
5023.000,316.496
5024.000,316.496
5025.000,316.496
5026.000,316.496
5027.000,316.496
5028.000,316.496
5029.000,316.496
5030.000,316.496
5031.000,316.496
5032.000,316.496
5033.000,316.496
5034.000,316.496
5035.000,316.496
5036.000,316.496
5037.000,316.496
5038.000,316.496
5039.000,316.496
5040.000,316.496
5041.000,316.496
5042.000,316.496
5043.000,316.496
5044.000,316.496
5045.000,316.496
5046.000,316.496
5047.000,237.372
5048.000,237.372
5049.000,316.496
5050.000,316.496
5051.000,316.496
5052.000,395.620
5053.000,316.496
5054.000,316.496
5055.000,316.496
5056.000,237.372
5057.000,237.372
5058.000,316.496
5059.000,316.496
5060.000,316.496
5061.000,316.496
5062.000,316.496
5063.000,316.496
5064.000,316.496
5065.000,237.372
5066.000,237.372
5067.000,316.496
5068.000,316.496
5069.000,316.496
5070.000,316.496
5071.000,316.496
5072.000,316.496
5073.000,316.496
5074.000,237.372
5075.000,316.496
5076.000,316.496
5077.000,316.496
5078.000,316.496
5079.000,316.496
5080.000,316.496
5081.000,316.496
5082.000,316.496
5083.000,316.496
5084.000,316.496
5085.000,316.496
5086.000,316.496
5087.000,316.496
5088.000,316.496
5089.000,316.496
5090.000,316.496
5091.000,316.496
5092.000,316.496
5093.000,316.496
5094.000,316.496
5095.000,316.496
5096.000,316.496
5097.000,316.496
5098.000,316.496
5099.000,316.496
5100.000,316.496
5101.000,316.496
5102.000,316.496
5103.000,316.496
5104.000,316.496
5105.000,316.496
5106.000,237.372
5107.000,316.496
5108.000,316.496
5109.000,316.496
5110.000,316.496
5111.000,316.496
5112.000,316.496
5113.000,316.496
5114.000,237.372
5115.000,237.372
5116.000,316.496
5117.000,316.496
5118.000,316.496
5119.000,316.496
5120.000,316.496
5121.000,316.496
5122.000,316.496
5123.000,237.372
5124.000,237.372
5125.000,316.496
5126.000,316.496
5127.000,316.496
5128.000,316.496
5129.000,316.496
5130.000,316.496
5131.000,316.496
5132.000,237.372
5133.000,316.496
5134.000,316.496
5135.000,316.496
5136.000,316.496
5137.000,316.496
5138.000,316.496
5139.000,316.496
5140.000,316.496
5141.000,316.496
5142.000,316.496
5143.000,316.496
5144.000,316.496
5145.000,316.496
5146.000,316.496
5147.000,316.496
5148.000,316.496
5149.000,316.496
5150.000,316.496
5151.000,316.496
5152.000,316.496
5153.000,316.496
5154.000,316.496
5155.000,316.496
5156.000,316.496
5157.000,316.496
5158.000,316.496
5159.000,316.496
5160.000,316.496
5161.000,316.496
5162.000,316.496
5163.000,316.496
5164.000,316.496
5165.000,316.496
5166.000,316.496
5167.000,316.496
5168.000,316.496
5169.000,316.496
5170.000,316.496
5171.000,316.496
5172.000,237.372
5173.000,237.372
5174.000,316.496
5175.000,316.496
5176.000,316.496
5177.000,316.496
5178.000,316.496
5179.000,316.496
5180.000,316.496
5181.000,237.372
5182.000,237.372
5183.000,316.496
5184.000,316.496
5185.000,316.496
5186.000,316.496
5187.000,316.496
5188.000,316.496
5189.000,316.496
5190.000,237.372
5191.000,316.496
5192.000,316.496
5193.000,316.496
5194.000,316.496
5195.000,316.496
5196.000,316.496
5197.000,316.496
5198.000,316.496
5199.000,316.496
5200.000,316.496
5201.000,316.496
5202.000,316.496
5203.000,316.496
5204.000,316.496
5205.000,316.496
5206.000,316.496
5207.000,316.496
5208.000,316.496
5209.000,316.496
5210.000,316.496
5211.000,316.496
5212.000,316.496
5213.000,316.496
5214.000,316.496
5215.000,316.496
5216.000,316.496
5217.000,316.496
5218.000,316.496
5219.000,316.496
5220.000,316.496
5221.000,316.496
5222.000,316.496
5223.000,316.496
5224.000,316.496
5225.000,316.496
5226.000,316.496
5227.000,316.496
5228.000,316.496
5229.000,316.496
5230.000,316.496
5231.000,237.372
5232.000,316.496
5233.000,316.496
5234.000,316.496
5235.000,316.496
5236.000,316.496
5237.000,316.496
5238.000,316.496
5239.000,316.496
5240.000,237.372
5241.000,316.496
5242.000,316.496
5243.000,316.496
5244.000,316.496
5245.000,316.496
5246.000,316.496
5247.000,316.496
5248.000,316.496
5249.000,316.496
5250.000,316.496
5251.000,316.496
5252.000,316.496
5253.000,316.496
5254.000,316.496
5255.000,316.496
5256.000,316.496
5257.000,316.496
5258.000,316.496
5259.000,316.496
5260.000,316.496
5261.000,316.496
5262.000,316.496
5263.000,316.496
5264.000,316.496
5265.000,316.496
5266.000,316.496
5267.000,316.496
5268.000,316.496
5269.000,316.496
5270.000,316.496
5271.000,316.496
5272.000,316.496
5273.000,316.496
5274.000,316.496
5275.000,316.496
5276.000,316.496
5277.000,316.496
5278.000,316.496
5279.000,316.496
5280.000,316.496
5281.000,237.372
5282.000,237.372
5283.000,316.496
5284.000,316.496
5285.000,316.496
5286.000,316.496
5287.000,316.496
5288.000,316.496
5289.000,237.372
5290.000,237.372
5291.000,316.496
5292.000,316.496
5293.000,316.496
5294.000,316.496
5295.000,316.496
5296.000,316.496
5297.000,316.496
5298.000,237.372
5299.000,316.496
5300.000,316.496
5301.000,316.496
5302.000,316.496
5303.000,316.496
5304.000,316.496
5305.000,316.496
5306.000,316.496
5307.000,316.496
5308.000,316.496
5309.000,316.496
5310.000,316.496
5311.000,316.496
5312.000,316.496
5313.000,316.496
5314.000,316.496
5315.000,316.496
5316.000,316.496
5317.000,316.496
5318.000,316.496
5319.000,316.496
5320.000,316.496
5321.000,316.496
5322.000,316.496
5323.000,316.496
5324.000,316.496
5325.000,316.496
5326.000,316.496
5327.000,316.496
5328.000,316.496
5329.000,316.496
5330.000,316.496
5331.000,316.496
5332.000,316.496
5333.000,316.496
5334.000,316.496
5335.000,316.496
5336.000,316.496
5337.000,316.496
5338.000,316.496
5339.000,316.496
5340.000,237.372
5341.000,316.496
5342.000,316.496
5343.000,316.496
5344.000,316.496
5345.000,316.496
5346.000,316.496
5347.000,316.496
5348.000,237.372
5349.000,237.372
5350.000,316.496
5351.000,316.496
5352.000,316.496
5353.000,316.496
5354.000,316.496
5355.000,316.496
5356.000,237.372
5357.000,237.372
5358.000,316.496
5359.000,316.496
5360.000,316.496
5361.000,316.496
5362.000,316.496
5363.000,316.496
5364.000,237.372
5365.000,237.372
5366.000,237.372
5367.000,316.496
5368.000,316.496
5369.000,316.496
5370.000,316.496
5371.000,316.496
5372.000,316.496
5373.000,316.496
5374.000,316.496
5375.000,316.496
5376.000,316.496
5377.000,316.496
5378.000,316.496
5379.000,316.496
5380.000,316.496
5381.000,316.496
5382.000,316.496
5383.000,316.496
5384.000,316.496
5385.000,316.496
5386.000,316.496
5387.000,316.496
5388.000,316.496
5389.000,316.496
5390.000,316.496
5391.000,316.496
5392.000,316.496
5393.000,316.496
5394.000,316.496
5395.000,316.496
5396.000,316.496
5397.000,316.496
5398.000,316.496
5399.000,316.496
5400.000,316.496
5401.000,316.496
5402.000,316.496
5403.000,316.496
5404.000,316.496
5405.000,316.496
5406.000,237.372
5407.000,237.372
5408.000,316.496
5409.000,316.496
5410.000,316.496
5411.000,316.496
5412.000,316.496
5413.000,316.496
5414.000,237.372
5415.000,237.372
5416.000,316.496
5417.000,316.496
5418.000,316.496
5419.000,316.496
5420.000,316.496
5421.000,316.496
5422.000,316.496
5423.000,237.372
5424.000,237.372
5425.000,316.496
5426.000,316.496
5427.000,316.496
5428.000,316.496
5429.000,316.496
5430.000,316.496
5431.000,237.372
5432.000,237.372
5433.000,316.496
5434.000,316.496
5435.000,316.496
5436.000,316.496
5437.000,316.496
5438.000,316.496
5439.000,316.496
5440.000,316.496
5441.000,316.496
5442.000,316.496
5443.000,316.496
5444.000,316.496
5445.000,316.496
5446.000,316.496
5447.000,316.496
5448.000,316.496
5449.000,316.496
5450.000,316.496
5451.000,316.496
5452.000,316.496
5453.000,316.496
5454.000,316.496
5455.000,316.496
5456.000,237.372
5457.000,316.496
5458.000,316.496
5459.000,316.496
5460.000,316.496
5461.000,316.496
5462.000,316.496
5463.000,316.496
5464.000,316.496
5465.000,237.372
5466.000,316.496
5467.000,316.496
5468.000,316.496
5469.000,316.496
5470.000,316.496
5471.000,316.496
5472.000,316.496
5473.000,237.372
5474.000,237.372
5475.000,316.496
5476.000,316.496
5477.000,316.496
5478.000,316.496
5479.000,316.496
5480.000,316.496
5481.000,237.372
5482.000,237.372
5483.000,316.496
5484.000,316.496
5485.000,316.496
5486.000,316.496
5487.000,316.496
5488.000,316.496
5489.000,316.496
5490.000,237.372
5491.000,237.372
5492.000,316.496
5493.000,316.496
5494.000,316.496
5495.000,316.496
5496.000,316.496
5497.000,316.496
5498.000,237.372
5499.000,237.372
5500.000,316.496
5501.000,316.496
5502.000,316.496
5503.000,316.496
5504.000,316.496
5505.000,316.496
5506.000,237.372
5507.000,237.372
5508.000,316.496
5509.000,316.496
5510.000,316.496
5511.000,316.496
5512.000,316.496
5513.000,316.496
5514.000,316.496
5515.000,316.496
5516.000,316.496
5517.000,316.496
5518.000,316.496
5519.000,316.496
5520.000,316.496
5521.000,316.496
5522.000,237.372
5523.000,237.372
5524.000,316.496
5525.000,316.496
5526.000,316.496
5527.000,316.496
5528.000,316.496
5529.000,316.496
5530.000,316.496
5531.000,237.372
5532.000,316.496
5533.000,316.496
5534.000,316.496
5535.000,316.496
5536.000,316.496
5537.000,316.496
5538.000,316.496
5539.000,237.372
5540.000,237.372
5541.000,316.496
5542.000,316.496
5543.000,316.496
5544.000,316.496
5545.000,316.496
5546.000,316.496
5547.000,237.372
5548.000,237.372
5549.000,237.372
5550.000,316.496
5551.000,316.496
5552.000,316.496
5553.000,316.496
5554.000,316.496
5555.000,316.496
5556.000,237.372
5557.000,237.372
5558.000,237.372
5559.000,316.496
5560.000,316.496
5561.000,316.496
5562.000,316.496
5563.000,316.496
5564.000,237.372
5565.000,237.372
5566.000,237.372
5567.000,316.496
5568.000,316.496
5569.000,316.496
5570.000,316.496
5571.000,316.496
5572.000,316.496
5573.000,237.372
5574.000,237.372
5575.000,316.496
5576.000,316.496
5577.000,316.496
5578.000,316.496
5579.000,316.496
5580.000,316.496
5581.000,237.372
5582.000,237.372
5583.000,316.496
5584.000,316.496
5585.000,316.496
5586.000,316.496
5587.000,316.496
5588.000,316.496
5589.000,237.372
5590.000,237.372
5591.000,316.496
5592.000,316.496
5593.000,316.496
5594.000,316.496
5595.000,316.496
5596.000,316.496
5597.000,316.496
5598.000,237.372
5599.000,237.372
5600.000,316.496
5601.000,316.496
5602.000,316.496
5603.000,316.496
5604.000,316.496
5605.000,316.496
5606.000,237.372
5607.000,237.372
5608.000,316.496
5609.000,316.496
5610.000,316.496
5611.000,316.496
5612.000,316.496
5613.000,316.496
5614.000,237.372
5615.000,237.372
5616.000,316.496
5617.000,316.496
5618.000,316.496
5619.000,316.496
5620.000,316.496
5621.000,316.496
5622.000,316.496
5623.000,237.372
5624.000,237.372
5625.000,316.496
5626.000,316.496
5627.000,316.496
5628.000,316.496
5629.000,316.496
5630.000,316.496
5631.000,237.372
5632.000,237.372
5633.000,316.496
5634.000,316.496
5635.000,316.496
5636.000,316.496
5637.000,316.496
5638.000,316.496
5639.000,237.372
5640.000,237.372
5641.000,316.496
5642.000,316.496
5643.000,316.496
5644.000,316.496
5645.000,316.496
5646.000,316.496
5647.000,237.372
5648.000,237.372
5649.000,237.372
5650.000,316.496
5651.000,316.496
5652.000,316.496
5653.000,316.496
5654.000,316.496
5655.000,237.372
5656.000,237.372
5657.000,237.372
5658.000,316.496
5659.000,316.496
5660.000,316.496
5661.000,316.496
5662.000,316.496
5663.000,316.496
5664.000,237.372
5665.000,237.372
5666.000,237.372
5667.000,316.496
5668.000,316.496
5669.000,316.496
5670.000,316.496
5671.000,316.496
5672.000,237.372
5673.000,237.372
5674.000,237.372
5675.000,316.496
5676.000,316.496
5677.000,316.496
5678.000,316.496
5679.000,316.496
5680.000,316.496
5681.000,237.372
5682.000,237.372
5683.000,237.372
5684.000,316.496
5685.000,316.496
5686.000,316.496
5687.000,316.496
5688.000,316.496
5689.000,316.496
5690.000,237.372
5691.000,237.372
5692.000,316.496
5693.000,316.496
5694.000,316.496
5695.000,316.496
5696.000,316.496
5697.000,316.496
5698.000,237.372
5699.000,237.372
5700.000,316.496
5701.000,316.496
5702.000,316.496
5703.000,316.496
5704.000,316.496
5705.000,316.496
5706.000,237.372
5707.000,237.372
5708.000,316.496
5709.000,316.496
5710.000,316.496
5711.000,316.496
5712.000,316.496
5713.000,316.496
5714.000,237.372
5715.000,237.372
5716.000,316.496
5717.000,316.496
5718.000,316.496
5719.000,316.496
5720.000,316.496
5721.000,316.496
5722.000,237.372
5723.000,237.372
5724.000,237.372
5725.000,316.496
5726.000,316.496
5727.000,316.496
5728.000,316.496
5729.000,316.496
5730.000,237.372
5731.000,237.372
5732.000,237.372
5733.000,316.496
5734.000,316.496
5735.000,316.496
5736.000,316.496
5737.000,316.496
5738.000,316.496
5739.000,237.372
5740.000,237.372
5741.000,237.372
5742.000,316.496
5743.000,316.496
5744.000,316.496
5745.000,316.496
5746.000,316.496
5747.000,316.496
5748.000,237.372
5749.000,237.372
5750.000,316.496
5751.000,316.496
5752.000,316.496
5753.000,316.496
5754.000,316.496
5755.000,316.496
5756.000,237.372
5757.000,237.372
5758.000,316.496
5759.000,316.496
5760.000,316.496
5761.000,316.496
5762.000,316.496
5763.000,237.372
5764.000,237.372
5765.000,237.372
5766.000,316.496
5767.000,316.496
5768.000,316.496
5769.000,316.496
5770.000,316.496
5771.000,316.496
5772.000,237.372
5773.000,237.372
5774.000,237.372
5775.000,316.496
5776.000,316.496
5777.000,316.496
5778.000,316.496
5779.000,316.496
5780.000,237.372
5781.000,237.372
5782.000,237.372
5783.000,316.496
5784.000,316.496
5785.000,316.496
5786.000,316.496
5787.000,316.496
5788.000,316.496
5789.000,237.372
5790.000,237.372
5791.000,237.372
5792.000,316.496
5793.000,316.496
5794.000,316.496
5795.000,316.496
5796.000,316.496
5797.000,237.372
5798.000,237.372
5799.000,237.372
5800.000,316.496
5801.000,316.496
5802.000,316.496
5803.000,316.496
5804.000,316.496
5805.000,316.496
5806.000,237.372
5807.000,237.372
5808.000,316.496
5809.000,316.496
5810.000,316.496
5811.000,316.496
5812.000,316.496
5813.000,316.496
5814.000,237.372
5815.000,237.372
5816.000,237.372
5817.000,316.496
5818.000,316.496
5819.000,316.496
5820.000,316.496
5821.000,316.496
5822.000,237.372
5823.000,237.372
5824.000,237.372
5825.000,316.496
5826.000,316.496
5827.000,316.496
5828.000,316.496
5829.000,316.496
5830.000,237.372
5831.000,237.372
5832.000,237.372
5833.000,316.496
5834.000,316.496
5835.000,316.496
5836.000,316.496
5837.000,316.496
5838.000,237.372
5839.000,237.372
5840.000,237.372
5841.000,237.372
5842.000,316.496
5843.000,316.496
5844.000,316.496
5845.000,316.496
5846.000,316.496
5847.000,237.372
5848.000,237.372
5849.000,237.372
5850.000,316.496
5851.000,316.496
5852.000,316.496
5853.000,316.496
5854.000,316.496
5855.000,316.496
5856.000,237.372
5857.000,237.372
5858.000,237.372
5859.000,316.496
5860.000,316.496
5861.000,316.496
5862.000,316.496
5863.000,316.496
5864.000,237.372
5865.000,237.372
5866.000,237.372
5867.000,237.372
5868.000,316.496
5869.000,316.496
5870.000,316.496
5871.000,316.496
5872.000,316.496
5873.000,237.372
5874.000,237.372
5875.000,316.496
5876.000,316.496
5877.000,316.496
5878.000,316.496
5879.000,316.496
5880.000,316.496
5881.000,237.372
5882.000,237.372
5883.000,316.496
5884.000,316.496
5885.000,316.496
5886.000,316.496
5887.000,316.496
5888.000,237.372
5889.000,237.372
5890.000,237.372
5891.000,316.496
5892.000,316.496
5893.000,316.496
5894.000,316.496
5895.000,316.496
5896.000,316.496
5897.000,237.372
5898.000,237.372
5899.000,237.372
5900.000,316.496
5901.000,316.496
5902.000,316.496
5903.000,316.496
5904.000,316.496
5905.000,237.372
5906.000,237.372
5907.000,237.372
5908.000,316.496
5909.000,316.496
5910.000,316.496
5911.000,316.496
5912.000,316.496
5913.000,316.496
5914.000,237.372
5915.000,237.372
5916.000,237.372
5917.000,316.496
5918.000,316.496
5919.000,316.496
5920.000,316.496
5921.000,316.496
5922.000,237.372
5923.000,237.372
5924.000,237.372
5925.000,237.372
5926.000,316.496
5927.000,316.496
5928.000,316.496
5929.000,316.496
5930.000,316.496
5931.000,237.372
5932.000,237.372
5933.000,237.372
5934.000,316.496
5935.000,316.496
5936.000,316.496
5937.000,316.496
5938.000,316.496
5939.000,237.372
5940.000,237.372
5941.000,316.496
5942.000,316.496
5943.000,316.496
5944.000,316.496
5945.000,316.496
5946.000,316.496
5947.000,237.372
5948.000,237.372
5949.000,237.372
5950.000,316.496
5951.000,316.496
5952.000,316.496
5953.000,316.496
5954.000,316.496
5955.000,237.372
5956.000,237.372
5957.000,237.372
5958.000,316.496
5959.000,316.496
5960.000,316.496
5961.000,316.496
5962.000,316.496
5963.000,237.372
5964.000,237.372
5965.000,237.372
5966.000,237.372
5967.000,316.496
5968.000,316.496
5969.000,316.496
5970.000,316.496
5971.000,316.496
5972.000,237.372
5973.000,237.372
5974.000,237.372
5975.000,316.496
5976.000,316.496
5977.000,316.496
5978.000,316.496
5979.000,316.496
5980.000,316.496
5981.000,237.372
5982.000,237.372
5983.000,237.372
5984.000,316.496
5985.000,316.496
5986.000,316.496
5987.000,316.496
5988.000,316.496
5989.000,237.372
5990.000,237.372
5991.000,237.372
5992.000,316.496
5993.000,316.496
5994.000,316.496
5995.000,316.496
5996.000,316.496
5997.000,237.372
5998.000,237.372
5999.000,237.372
6000.000,316.496
6001.000,316.496
6002.000,316.496
6003.000,316.496
6004.000,316.496
6005.000,237.372
6006.000,237.372
6007.000,237.372
6008.000,316.496
6009.000,316.496
6010.000,316.496
6011.000,316.496
6012.000,316.496
6013.000,237.372
6014.000,237.372
6015.000,237.372
6016.000,316.496
6017.000,316.496
6018.000,316.496
6019.000,316.496
6020.000,316.496
6021.000,237.372
6022.000,237.372
6023.000,237.372
6024.000,237.372
6025.000,316.496
6026.000,316.496
6027.000,316.496
6028.000,316.496
6029.000,316.496
6030.000,237.372
6031.000,237.372
6032.000,237.372
6033.000,237.372
6034.000,316.496
6035.000,316.496
6036.000,316.496
6037.000,316.496
6038.000,316.496
6039.000,237.372
6040.000,237.372
6041.000,237.372
6042.000,316.496
6043.000,316.496
6044.000,316.496
6045.000,316.496
6046.000,316.496
6047.000,237.372
6048.000,237.372
6049.000,237.372
6050.000,316.496
6051.000,316.496
6052.000,316.496
6053.000,316.496
6054.000,316.496
6055.000,316.496
6056.000,237.372
6057.000,237.372
6058.000,316.496
6059.000,316.496
6060.000,316.496
6061.000,316.496
6062.000,316.496
6063.000,316.496
6064.000,237.372
6065.000,237.372
6066.000,316.496
6067.000,316.496
6068.000,316.496
6069.000,316.496
6070.000,316.496
6071.000,237.372
6072.000,237.372
6073.000,237.372
6074.000,237.372
6075.000,316.496
6076.000,316.496
6077.000,316.496
6078.000,316.496
6079.000,316.496
6080.000,237.372
6081.000,237.372
6082.000,237.372
6083.000,316.496
6084.000,316.496
6085.000,316.496
6086.000,316.496
6087.000,316.496
6088.000,237.372
6089.000,237.372
6090.000,237.372
6091.000,237.372
6092.000,316.496
6093.000,316.496
6094.000,316.496
6095.000,316.496
6096.000,316.496
6097.000,237.372
6098.000,237.372
6099.000,237.372
6100.000,316.496
6101.000,316.496
6102.000,316.496
6103.000,316.496
6104.000,316.496
6105.000,237.372
6106.000,237.372
6107.000,237.372
6108.000,316.496
6109.000,316.496
6110.000,316.496
6111.000,316.496
6112.000,316.496
6113.000,237.372
6114.000,237.372
6115.000,237.372
6116.000,316.496
6117.000,316.496
6118.000,316.496
6119.000,316.496
6120.000,316.496
6121.000,237.372
6122.000,237.372
6123.000,237.372
6124.000,237.372
6125.000,316.496
6126.000,316.496
6127.000,316.496
6128.000,316.496
6129.000,237.372
6130.000,237.372
6131.000,237.372
6132.000,237.372
6133.000,316.496
6134.000,316.496
6135.000,316.496
6136.000,316.496
6137.000,316.496
6138.000,237.372
6139.000,237.372
6140.000,237.372
6141.000,237.372
6142.000,316.496
6143.000,316.496
6144.000,316.496
6145.000,316.496
6146.000,316.496
6147.000,237.372
6148.000,237.372
6149.000,237.372
6150.000,316.496
6151.000,316.496
6152.000,316.496
6153.000,316.496
6154.000,316.496
6155.000,237.372
6156.000,237.372
6157.000,237.372
6158.000,237.372
6159.000,316.496
6160.000,316.496
6161.000,316.496
6162.000,316.496
6163.000,316.496
6164.000,237.372
6165.000,237.372
6166.000,237.372
6167.000,316.496
6168.000,316.496
6169.000,316.496
6170.000,316.496
6171.000,316.496
6172.000,237.372
6173.000,237.372
6174.000,237.372
6175.000,316.496
6176.000,316.496
6177.000,316.496
6178.000,316.496
6179.000,316.496
6180.000,237.372
6181.000,237.372
6182.000,237.372
6183.000,316.496
6184.000,316.496
6185.000,316.496
6186.000,316.496
6187.000,316.496
6188.000,237.372
6189.000,237.372
6190.000,237.372
6191.000,237.372
6192.000,316.496
6193.000,316.496
6194.000,316.496
6195.000,316.496
6196.000,237.372
6197.000,237.372
6198.000,237.372
6199.000,237.372
6200.000,316.496
6201.000,316.496
6202.000,316.496
6203.000,316.496
6204.000,316.496
6205.000,237.372
6206.000,237.372
6207.000,237.372
6208.000,316.496
6209.000,316.496
6210.000,316.496
6211.000,316.496
6212.000,316.496
6213.000,237.372
6214.000,237.372
6215.000,237.372
6216.000,237.372
6217.000,316.496
6218.000,316.496
6219.000,316.496
6220.000,316.496
6221.000,316.496
6222.000,237.372
6223.000,237.372
6224.000,237.372
6225.000,316.496
6226.000,316.496
6227.000,316.496
6228.000,316.496
6229.000,316.496
6230.000,237.372
6231.000,237.372
6232.000,237.372
6233.000,316.496
6234.000,316.496
6235.000,316.496
6236.000,316.496
6237.000,316.496
6238.000,237.372
6239.000,237.372
6240.000,237.372
6241.000,316.496
6242.000,316.496
6243.000,316.496
6244.000,316.496
6245.000,316.496
6246.000,237.372
6247.000,237.372
6248.000,237.372
6249.000,237.372
6250.000,316.496
6251.000,316.496
6252.000,316.496
6253.000,316.496
6254.000,237.372
6255.000,237.372
6256.000,237.372
6257.000,237.372
6258.000,316.496
6259.000,316.496
6260.000,316.496
6261.000,316.496
6262.000,316.496
6263.000,237.372
6264.000,237.372
6265.000,237.372
6266.000,237.372
6267.000,316.496
6268.000,316.496
6269.000,316.496
6270.000,316.496
6271.000,316.496
6272.000,237.372
6273.000,237.372
6274.000,237.372
6275.000,316.496
6276.000,316.496
6277.000,316.496
6278.000,316.496
6279.000,316.496
6280.000,237.372
6281.000,237.372
6282.000,237.372
6283.000,237.372
6284.000,316.496
6285.000,316.496
6286.000,316.496
6287.000,316.496
6288.000,316.496
6289.000,237.372
6290.000,237.372
6291.000,237.372
6292.000,316.496
6293.000,316.496
6294.000,316.496
6295.000,316.496
6296.000,316.496
6297.000,237.372
6298.000,237.372
6299.000,237.372
6300.000,316.496
6301.000,316.496
6302.000,316.496
6303.000,316.496
6304.000,237.372
6305.000,237.372
6306.000,237.372
6307.000,237.372
6308.000,316.496
6309.000,316.496
6310.000,316.496
6311.000,316.496
6312.000,316.496
6313.000,237.372
6314.000,237.372
6315.000,237.372
6316.000,316.496
6317.000,316.496
6318.000,316.496
6319.000,316.496
6320.000,316.496
6321.000,237.372
6322.000,237.372
6323.000,237.372
6324.000,237.372
6325.000,316.496
6326.000,316.496
6327.000,316.496
6328.000,316.496
6329.000,237.372
6330.000,237.372
6331.000,237.372
6332.000,237.372
6333.000,237.372
6334.000,316.496
6335.000,316.496
6336.000,316.496
6337.000,316.496
6338.000,237.372
6339.000,237.372
6340.000,237.372
6341.000,237.372
6342.000,316.496
6343.000,316.496
6344.000,316.496
6345.000,316.496
6346.000,237.372
6347.000,237.372
6348.000,237.372
6349.000,237.372
6350.000,316.496
6351.000,316.496
6352.000,316.496
6353.000,316.496
6354.000,316.496
6355.000,237.372
6356.000,237.372
6357.000,237.372
6358.000,316.496
6359.000,316.496
6360.000,316.496
6361.000,316.496
6362.000,316.496
6363.000,237.372
6364.000,237.372
6365.000,237.372
6366.000,316.496
6367.000,316.496
6368.000,316.496
6369.000,316.496
6370.000,316.496
6371.000,237.372
6372.000,237.372
6373.000,237.372
6374.000,237.372
6375.000,316.496
6376.000,316.496
6377.000,316.496
6378.000,316.496
6379.000,237.372
6380.000,237.372
6381.000,237.372
6382.000,237.372
6383.000,316.496
6384.000,316.496
6385.000,316.496
6386.000,316.496
6387.000,316.496
6388.000,237.372
6389.000,237.372
6390.000,237.372
6391.000,237.372
6392.000,316.496
6393.000,316.496
6394.000,316.496
6395.000,316.496
6396.000,237.372
6397.000,237.372
6398.000,237.372
6399.000,237.372
6400.000,316.496
6401.000,316.496
6402.000,316.496
6403.000,316.496
6404.000,316.496
6405.000,237.372
6406.000,237.372
6407.000,237.372
6408.000,237.372
6409.000,316.496
6410.000,316.496
6411.000,316.496
6412.000,316.496
6413.000,237.372
6414.000,237.372
6415.000,237.372
6416.000,237.372
6417.000,316.496
6418.000,316.496
6419.000,316.496
6420.000,316.496
6421.000,237.372
6422.000,237.372
6423.000,237.372
6424.000,237.372
6425.000,316.496
6426.000,316.496
6427.000,316.496
6428.000,316.496
6429.000,237.372
6430.000,237.372
6431.000,237.372
6432.000,237.372
6433.000,316.496
6434.000,316.496
6435.000,316.496
6436.000,316.496
6437.000,237.372
6438.000,237.372
6439.000,237.372
6440.000,237.372
6441.000,316.496
6442.000,316.496
6443.000,316.496
6444.000,316.496
6445.000,316.496
6446.000,237.372
6447.000,237.372
6448.000,237.372
6449.000,237.372
6450.000,316.496
6451.000,316.496
6452.000,316.496
6453.000,316.496
6454.000,237.372
6455.000,237.372
6456.000,237.372
6457.000,237.372
6458.000,316.496
6459.000,316.496
6460.000,316.496
6461.000,316.496
6462.000,316.496
6463.000,237.372
6464.000,237.372
6465.000,237.372
6466.000,237.372
6467.000,316.496
6468.000,316.496
6469.000,316.496
6470.000,316.496
6471.000,237.372
6472.000,237.372
6473.000,237.372
6474.000,237.372
6475.000,316.496
6476.000,316.496
6477.000,316.496
6478.000,316.496
6479.000,237.372
6480.000,237.372
6481.000,237.372
6482.000,237.372
6483.000,316.496
6484.000,316.496
6485.000,316.496
6486.000,316.496
6487.000,316.496
6488.000,237.372
6489.000,237.372
6490.000,237.372
6491.000,237.372
6492.000,316.496
6493.000,316.496
6494.000,316.496
6495.000,316.496
6496.000,237.372
6497.000,237.372
6498.000,237.372
6499.000,237.372
6500.000,316.496
6501.000,316.496
6502.000,316.496
6503.000,316.496
6504.000,237.372
6505.000,237.372
6506.000,237.372
6507.000,237.372
6508.000,237.372
6509.000,316.496
6510.000,316.496
6511.000,316.496
6512.000,316.496
6513.000,237.372
6514.000,237.372
6515.000,237.372
6516.000,237.372
6517.000,316.496
6518.000,316.496
6519.000,316.496
6520.000,316.496
6521.000,237.372
6522.000,237.372
6523.000,237.372
6524.000,237.372
6525.000,316.496
6526.000,316.496
6527.000,316.496
6528.000,316.496
6529.000,237.372
6530.000,237.372
6531.000,237.372
6532.000,237.372
6533.000,316.496
6534.000,316.496
6535.000,316.496
6536.000,316.496
6537.000,316.496
6538.000,237.372
6539.000,237.372
6540.000,237.372
6541.000,237.372
6542.000,316.496
6543.000,316.496
6544.000,316.496
6545.000,316.496
6546.000,237.372
6547.000,237.372
6548.000,237.372
6549.000,237.372
6550.000,316.496
6551.000,316.496
6552.000,316.496
6553.000,316.496
6554.000,237.372
6555.000,237.372
6556.000,237.372
6557.000,237.372
6558.000,316.496
6559.000,316.496
6560.000,316.496
6561.000,316.496
6562.000,316.496
6563.000,237.372
6564.000,237.372
6565.000,237.372
6566.000,237.372
6567.000,316.496
6568.000,316.496
6569.000,316.496
6570.000,316.496
6571.000,237.372
6572.000,237.372
6573.000,237.372
6574.000,237.372
6575.000,316.496
6576.000,316.496
6577.000,316.496
6578.000,316.496
6579.000,237.372
6580.000,237.372
6581.000,237.372
6582.000,237.372
6583.000,237.372
6584.000,316.496
6585.000,316.496
6586.000,316.496
6587.000,316.496
6588.000,237.372
6589.000,237.372
6590.000,237.372
6591.000,237.372
6592.000,316.496
6593.000,316.496
6594.000,316.496
6595.000,316.496
6596.000,237.372
6597.000,237.372
6598.000,237.372
6599.000,237.372
6600.000,316.496
6601.000,316.496
6602.000,316.496
6603.000,316.496
6604.000,237.372
6605.000,237.372
6606.000,237.372
6607.000,237.372
6608.000,316.496
6609.000,316.496
6610.000,316.496
6611.000,316.496
6612.000,237.372
6613.000,237.372
6614.000,237.372
6615.000,237.372
6616.000,237.372
6617.000,316.496
6618.000,316.496
6619.000,316.496
6620.000,316.496
6621.000,237.372
6622.000,237.372
6623.000,237.372
6624.000,237.372
6625.000,316.496
6626.000,316.496
6627.000,316.496
6628.000,316.496
6629.000,237.372
6630.000,237.372
6631.000,237.372
6632.000,237.372
6633.000,316.496
6634.000,316.496
6635.000,316.496
6636.000,316.496
6637.000,316.496
6638.000,237.372
6639.000,237.372
6640.000,237.372
6641.000,237.372
6642.000,316.496
6643.000,316.496
6644.000,316.496
6645.000,316.496
6646.000,237.372
6647.000,237.372
6648.000,237.372
6649.000,237.372
6650.000,237.372
6651.000,316.496
6652.000,316.496
6653.000,316.496
6654.000,237.372
6655.000,237.372
6656.000,237.372
6657.000,237.372
6658.000,237.372
6659.000,316.496
6660.000,316.496
6661.000,316.496
6662.000,316.496
6663.000,237.372
6664.000,237.372
6665.000,237.372
6666.000,237.372
6667.000,316.496
6668.000,316.496
6669.000,316.496
6670.000,316.496
6671.000,237.372
6672.000,237.372
6673.000,237.372
6674.000,237.372
6675.000,316.496
6676.000,316.496
6677.000,316.496
6678.000,316.496
6679.000,237.372
6680.000,237.372
6681.000,237.372
6682.000,237.372
6683.000,316.496
6684.000,316.496
6685.000,316.496
6686.000,316.496
6687.000,237.372
6688.000,237.372
6689.000,237.372
6690.000,237.372
6691.000,237.372
6692.000,316.496
6693.000,316.496
6694.000,316.496
6695.000,237.372
6696.000,237.372
6697.000,237.372
6698.000,237.372
6699.000,237.372
6700.000,316.496
6701.000,316.496
6702.000,316.496
6703.000,316.496
6704.000,237.372
6705.000,237.372
6706.000,237.372
6707.000,237.372
6708.000,237.372
6709.000,316.496
6710.000,316.496
6711.000,316.496
6712.000,316.496
6713.000,237.372
6714.000,237.372
6715.000,237.372
6716.000,237.372
6717.000,316.496
6718.000,316.496
6719.000,316.496
6720.000,316.496
6721.000,316.496
6722.000,237.372
6723.000,237.372
6724.000,237.372
6725.000,316.496
6726.000,316.496
6727.000,316.496
6728.000,316.496
6729.000,237.372
6730.000,237.372
6731.000,237.372
6732.000,237.372
6733.000,316.496
6734.000,316.496
6735.000,316.496
6736.000,316.496
6737.000,237.372
6738.000,237.372
6739.000,237.372
6740.000,237.372
6741.000,237.372
6742.000,316.496
6743.000,316.496
6744.000,316.496
6745.000,316.496
6746.000,237.372
6747.000,237.372
6748.000,237.372
6749.000,237.372
6750.000,316.496
6751.000,316.496
6752.000,316.496
6753.000,316.496
6754.000,237.372
6755.000,237.372
6756.000,237.372
6757.000,237.372
6758.000,237.372
6759.000,316.496
6760.000,316.496
6761.000,316.496
6762.000,237.372
6763.000,237.372
6764.000,237.372
6765.000,237.372
6766.000,237.372
6767.000,316.496
6768.000,316.496
6769.000,316.496
6770.000,316.496
6771.000,237.372
6772.000,237.372
6773.000,237.372
6774.000,237.372
6775.000,237.372
6776.000,316.496
6777.000,316.496
6778.000,316.496
6779.000,237.372
6780.000,237.372
6781.000,237.372
6782.000,237.372
6783.000,237.372
6784.000,316.496
6785.000,316.496
6786.000,316.496
6787.000,237.372
6788.000,237.372
6789.000,237.372
6790.000,237.372
6791.000,237.372
6792.000,316.496
6793.000,316.496
6794.000,316.496
6795.000,237.372
6796.000,237.372
6797.000,237.372
6798.000,237.372
6799.000,237.372
6800.000,316.496
6801.000,316.496
6802.000,316.496
6803.000,316.496
6804.000,237.372
6805.000,237.372
6806.000,237.372
6807.000,237.372
6808.000,237.372
6809.000,316.496
6810.000,316.496
6811.000,316.496
6812.000,237.372
6813.000,237.372
6814.000,237.372
6815.000,237.372
6816.000,237.372
6817.000,316.496
6818.000,316.496
6819.000,316.496
6820.000,316.496
6821.000,237.372
6822.000,237.372
6823.000,237.372
6824.000,237.372
6825.000,237.372
6826.000,316.496
6827.000,316.496
6828.000,316.496
6829.000,237.372
6830.000,237.372
6831.000,237.372
6832.000,237.372
6833.000,237.372
6834.000,316.496
6835.000,316.496
6836.000,316.496
6837.000,316.496
6838.000,237.372
6839.000,237.372
6840.000,237.372
6841.000,237.372
6842.000,237.372
6843.000,316.496
6844.000,316.496
6845.000,316.496
6846.000,237.372
6847.000,237.372
6848.000,237.372
6849.000,237.372
6850.000,237.372
6851.000,316.496
6852.000,316.496
6853.000,316.496
6854.000,237.372
6855.000,237.372
6856.000,237.372
6857.000,237.372
6858.000,237.372
6859.000,316.496
6860.000,316.496
6861.000,316.496
6862.000,237.372
6863.000,237.372
6864.000,237.372
6865.000,237.372
6866.000,237.372
6867.000,316.496
6868.000,316.496
6869.000,316.496
6870.000,237.372
6871.000,237.372
6872.000,237.372
6873.000,237.372
6874.000,237.372
6875.000,316.496
6876.000,316.496
6877.000,316.496
6878.000,316.496
6879.000,237.372
6880.000,237.372
6881.000,237.372
6882.000,237.372
6883.000,237.372
6884.000,316.496
6885.000,316.496
6886.000,316.496
6887.000,316.496
6888.000,237.372
6889.000,237.372
6890.000,237.372
6891.000,237.372
6892.000,316.496
6893.000,316.496
6894.000,316.496
6895.000,316.496
6896.000,237.372
6897.000,237.372
6898.000,237.372
6899.000,237.372
6900.000,237.372
6901.000,316.496
6902.000,316.496
6903.000,316.496
6904.000,237.372
6905.000,237.372
6906.000,237.372
6907.000,237.372
6908.000,237.372
6909.000,316.496
6910.000,316.496
6911.000,316.496
6912.000,237.372
6913.000,237.372
6914.000,237.372
6915.000,237.372
6916.000,237.372
6917.000,316.496
6918.000,316.496
6919.000,316.496
6920.000,237.372
6921.000,237.372
6922.000,237.372
6923.000,237.372
6924.000,237.372
6925.000,316.496
6926.000,316.496
6927.000,316.496
6928.000,316.496
6929.000,237.372
6930.000,237.372
6931.000,237.372
6932.000,237.372
6933.000,316.496
6934.000,316.496
6935.000,316.496
6936.000,316.496
6937.000,237.372
6938.000,237.372
6939.000,237.372
6940.000,237.372
6941.000,237.372
6942.000,316.496
6943.000,316.496
6944.000,316.496
6945.000,316.496
6946.000,237.372
6947.000,237.372
6948.000,237.372
6949.000,237.372
6950.000,237.372
6951.000,316.496
6952.000,316.496
6953.000,316.496
6954.000,237.372
6955.000,237.372
6956.000,237.372
6957.000,237.372
6958.000,237.372
6959.000,237.372
6960.000,316.496
6961.000,316.496
6962.000,237.372
6963.000,237.372
6964.000,237.372
6965.000,237.372
6966.000,237.372
6967.000,237.372
6968.000,316.496
6969.000,316.496
6970.000,237.372
6971.000,237.372
6972.000,237.372
6973.000,237.372
6974.000,237.372
6975.000,316.496
6976.000,316.496
6977.000,316.496
6978.000,237.372
6979.000,237.372
6980.000,237.372
6981.000,237.372
6982.000,237.372
6983.000,316.496
6984.000,316.496
6985.000,316.496
6986.000,316.496
6987.000,237.372
6988.000,237.372
6989.000,237.372
6990.000,237.372
6991.000,237.372
6992.000,316.496
6993.000,316.496
6994.000,316.496
6995.000,237.372
6996.000,237.372
6997.000,237.372
6998.000,237.372
6999.000,237.372
7000.000,237.372
7001.000,316.496
7002.000,316.496
7003.000,316.496
7004.000,237.372
7005.000,237.372
7006.000,237.372
7007.000,237.372
7008.000,237.372
7009.000,316.496
7010.000,316.496
7011.000,316.496
7012.000,316.496
7013.000,237.372
7014.000,237.372
7015.000,237.372
7016.000,237.372
7017.000,237.372
7018.000,316.496
7019.000,316.496
7020.000,316.496
7021.000,237.372
7022.000,237.372
7023.000,237.372
7024.000,237.372
7025.000,237.372
7026.000,316.496
7027.000,316.496
7028.000,316.496
7029.000,237.372
7030.000,237.372
7031.000,237.372
7032.000,237.372
7033.000,237.372
7034.000,316.496
7035.000,316.496
7036.000,316.496
7037.000,237.372
7038.000,237.372
7039.000,237.372
7040.000,237.372
7041.000,237.372
7042.000,316.496
7043.000,316.496
7044.000,316.496
7045.000,237.372
7046.000,237.372
7047.000,237.372
7048.000,237.372
7049.000,237.372
7050.000,316.496
7051.000,316.496
7052.000,316.496
7053.000,316.496
7054.000,237.372
7055.000,237.372
7056.000,237.372
7057.000,237.372
7058.000,237.372
7059.000,316.496
7060.000,316.496
7061.000,316.496
7062.000,237.372
7063.000,237.372
7064.000,237.372
7065.000,237.372
7066.000,237.372
7067.000,237.372
7068.000,316.496
7069.000,316.496
7070.000,316.496
7071.000,237.372
7072.000,237.372
7073.000,237.372
7074.000,237.372
7075.000,237.372
7076.000,316.496
7077.000,316.496
7078.000,316.496
7079.000,237.372
7080.000,237.372
7081.000,237.372
7082.000,237.372
7083.000,237.372
7084.000,316.496
7085.000,316.496
7086.000,316.496
7087.000,237.372
7088.000,237.372
7089.000,237.372
7090.000,237.372
7091.000,237.372
7092.000,316.496
7093.000,316.496
7094.000,316.496
7095.000,237.372
7096.000,237.372
7097.000,237.372
7098.000,237.372
7099.000,237.372
7100.000,316.496
7101.000,316.496
7102.000,316.496
7103.000,237.372
7104.000,237.372
7105.000,237.372
7106.000,237.372
7107.000,237.372
7108.000,316.496
7109.000,316.496
7110.000,316.496
7111.000,316.496
7112.000,237.372
7113.000,237.372
7114.000,237.372
7115.000,237.372
7116.000,237.372
7117.000,316.496
7118.000,316.496
7119.000,316.496
7120.000,316.496
7121.000,237.372
7122.000,237.372
7123.000,237.372
7124.000,237.372
7125.000,237.372
7126.000,316.496
7127.000,316.496
7128.000,316.496
7129.000,237.372
7130.000,237.372
7131.000,237.372
7132.000,237.372
7133.000,237.372
7134.000,237.372
7135.000,316.496
7136.000,316.496
7137.000,316.496
7138.000,237.372
7139.000,237.372
7140.000,237.372
7141.000,237.372
7142.000,237.372
7143.000,316.496
7144.000,316.496
7145.000,237.372
7146.000,237.372
7147.000,237.372
7148.000,237.372
7149.000,237.372
7150.000,237.372
7151.000,316.496
7152.000,316.496
7153.000,237.372
7154.000,237.372
7155.000,237.372
7156.000,237.372
7157.000,237.372
7158.000,316.496
7159.000,316.496
7160.000,316.496
7161.000,316.496
7162.000,237.372
7163.000,237.372
7164.000,237.372
7165.000,237.372
7166.000,237.372
7167.000,316.496
7168.000,316.496
7169.000,316.496
7170.000,237.372
7171.000,237.372
7172.000,237.372
7173.000,237.372
7174.000,237.372
7175.000,316.496
7176.000,316.496
7177.000,316.496
7178.000,316.496
7179.000,237.372
7180.000,237.372
7181.000,237.372
7182.000,237.372
7183.000,237.372
7184.000,316.496
7185.000,316.496
7186.000,316.496
7187.000,237.372
7188.000,237.372
7189.000,237.372
7190.000,237.372
7191.000,237.372
7192.000,237.372
7193.000,316.496
7194.000,316.496
7195.000,316.496
7196.000,237.372
7197.000,237.372
7198.000,237.372
7199.000,237.372
7200.000,237.372
7201.000,316.496
7202.000,316.496
7203.000,316.496
7204.000,237.372
7205.000,237.372
7206.000,237.372
7207.000,237.372
7208.000,237.372
7209.000,316.496
7210.000,316.496
7211.000,316.496
7212.000,237.372
7213.000,237.372
7214.000,237.372
7215.000,237.372
7216.000,237.372
7217.000,316.496
7218.000,316.496
7219.000,316.496
7220.000,237.372
7221.000,237.372
7222.000,237.372
7223.000,237.372
7224.000,237.372
7225.000,316.496
7226.000,316.496
7227.000,316.496
7228.000,237.372
7229.000,237.372
7230.000,237.372
7231.000,237.372
7232.000,237.372
7233.000,237.372
7234.000,316.496
7235.000,316.496
7236.000,316.496
7237.000,237.372
7238.000,237.372
7239.000,237.372
7240.000,237.372
7241.000,237.372
7242.000,316.496
7243.000,316.496
7244.000,316.496
7245.000,316.496
7246.000,237.372
7247.000,237.372
7248.000,237.372
7249.000,237.372
7250.000,237.372
7251.000,316.496
7252.000,316.496
7253.000,316.496
7254.000,237.372
7255.000,237.372
7256.000,237.372
7257.000,237.372
7258.000,237.372
7259.000,316.496
7260.000,316.496
7261.000,316.496
7262.000,237.372
7263.000,237.372
7264.000,237.372
7265.000,237.372
7266.000,237.372
7267.000,237.372
7268.000,316.496
7269.000,316.496
7270.000,237.372
7271.000,237.372
7272.000,237.372
7273.000,237.372
7274.000,237.372
7275.000,237.372
7276.000,316.496
7277.000,316.496
7278.000,237.372
7279.000,237.372
7280.000,237.372
7281.000,237.372
7282.000,237.372
7283.000,316.496
7284.000,316.496
7285.000,316.496
7286.000,316.496
7287.000,237.372
7288.000,237.372
7289.000,237.372
7290.000,237.372
7291.000,237.372
7292.000,316.496
7293.000,316.496
7294.000,316.496
7295.000,237.372
7296.000,237.372
7297.000,237.372
7298.000,237.372
7299.000,237.372
7300.000,316.496
7301.000,316.496
7302.000,316.496
7303.000,316.496
7304.000,237.372
7305.000,237.372
7306.000,237.372
7307.000,237.372
7308.000,237.372
7309.000,316.496
7310.000,316.496
7311.000,316.496
7312.000,237.372
7313.000,237.372
7314.000,237.372
7315.000,237.372
7316.000,237.372
7317.000,237.372
7318.000,316.496
7319.000,316.496
7320.000,316.496
7321.000,237.372
7322.000,237.372
7323.000,237.372
7324.000,237.372
7325.000,237.372
7326.000,316.496
7327.000,316.496
7328.000,316.496
7329.000,237.372
7330.000,237.372
7331.000,237.372
7332.000,237.372
7333.000,237.372
7334.000,316.496
7335.000,316.496
7336.000,316.496
7337.000,237.372
7338.000,237.372
7339.000,237.372
7340.000,237.372
7341.000,237.372
7342.000,316.496
7343.000,316.496
7344.000,316.496
7345.000,237.372
7346.000,237.372
7347.000,237.372
7348.000,237.372
7349.000,237.372
7350.000,316.496
7351.000,316.496
7352.000,316.496
7353.000,316.496
7354.000,237.372
7355.000,237.372
7356.000,237.372
7357.000,237.372
7358.000,237.372
7359.000,316.496
7360.000,316.496
7361.000,316.496
7362.000,237.372
7363.000,237.372
7364.000,237.372
7365.000,237.372
7366.000,237.372
7367.000,316.496
7368.000,316.496
7369.000,316.496
7370.000,237.372
7371.000,237.372
7372.000,237.372
7373.000,237.372
7374.000,237.372
7375.000,237.372
7376.000,316.496
7377.000,316.496
7378.000,237.372
7379.000,237.372
7380.000,237.372
7381.000,237.372
7382.000,237.372
7383.000,237.372
7384.000,316.496
7385.000,316.496
7386.000,316.496
7387.000,237.372
7388.000,237.372
7389.000,237.372
7390.000,237.372
7391.000,237.372
7392.000,316.496
7393.000,316.496
7394.000,316.496
7395.000,237.372
7396.000,237.372
7397.000,237.372
7398.000,237.372
7399.000,237.372
7400.000,316.496
7401.000,316.496
7402.000,316.496
7403.000,316.496
7404.000,237.372
7405.000,237.372
7406.000,237.372
7407.000,237.372
7408.000,237.372
7409.000,316.496
7410.000,316.496
7411.000,316.496
7412.000,237.372
7413.000,237.372
7414.000,237.372
7415.000,237.372
7416.000,237.372
7417.000,316.496
7418.000,316.496
7419.000,316.496
7420.000,237.372
7421.000,237.372
7422.000,237.372
7423.000,237.372
7424.000,237.372
7425.000,237.372
7426.000,316.496
7427.000,316.496
7428.000,316.496
7429.000,237.372
7430.000,237.372
7431.000,237.372
7432.000,237.372
7433.000,237.372
7434.000,316.496
7435.000,316.496
7436.000,316.496
7437.000,237.372
7438.000,237.372
7439.000,237.372
7440.000,237.372
7441.000,237.372
7442.000,237.372
7443.000,316.496
7444.000,316.496
7445.000,237.372
7446.000,237.372
7447.000,237.372
7448.000,237.372
7449.000,237.372
7450.000,316.496
7451.000,316.496
7452.000,316.496
7453.000,237.372
7454.000,237.372
7455.000,237.372
7456.000,237.372
7457.000,237.372
7458.000,316.496
7459.000,316.496
7460.000,316.496
7461.000,237.372
7462.000,237.372
7463.000,237.372
7464.000,237.372
7465.000,237.372
7466.000,237.372
7467.000,316.496
7468.000,316.496
7469.000,316.496
7470.000,237.372
7471.000,237.372
7472.000,237.372
7473.000,237.372
7474.000,237.372
7475.000,316.496
7476.000,316.496
7477.000,316.496
7478.000,316.496
7479.000,237.372
7480.000,237.372
7481.000,237.372
7482.000,237.372
7483.000,237.372
7484.000,316.496
7485.000,316.496
7486.000,316.496
7487.000,237.372
7488.000,237.372
7489.000,237.372
7490.000,237.372
7491.000,237.372
7492.000,237.372
7493.000,316.496
7494.000,316.496
7495.000,237.372
7496.000,237.372
7497.000,237.372
7498.000,237.372
7499.000,237.372
7500.000,237.372
7501.000,316.496
7502.000,316.496
7503.000,237.372
7504.000,237.372
7505.000,237.372
7506.000,237.372
7507.000,237.372
7508.000,237.372
7509.000,316.496
7510.000,316.496
7511.000,237.372
7512.000,237.372
7513.000,237.372
7514.000,237.372
7515.000,237.372
7516.000,237.372
7517.000,316.496
7518.000,316.496
7519.000,316.496
7520.000,237.372
7521.000,237.372
7522.000,237.372
7523.000,237.372
7524.000,237.372
7525.000,316.496
7526.000,316.496
7527.000,316.496
7528.000,237.372
7529.000,237.372
7530.000,237.372
7531.000,237.372
7532.000,237.372
7533.000,237.372
7534.000,316.496
7535.000,316.496
7536.000,316.496
7537.000,237.372
7538.000,237.372
7539.000,237.372
7540.000,237.372
7541.000,237.372
7542.000,316.496
7543.000,316.496
7544.000,316.496
7545.000,237.372
7546.000,237.372
7547.000,237.372
7548.000,237.372
7549.000,237.372
7550.000,237.372
7551.000,316.496
7552.000,316.496
7553.000,316.496
7554.000,237.372
7555.000,237.372
7556.000,237.372
7557.000,237.372
7558.000,237.372
7559.000,316.496
7560.000,316.496
7561.000,316.496
7562.000,237.372
7563.000,237.372
7564.000,237.372
7565.000,237.372
7566.000,237.372
7567.000,237.372
7568.000,316.496
7569.000,237.372
7570.000,237.372
7571.000,237.372
7572.000,237.372
7573.000,237.372
7574.000,237.372
7575.000,237.372
7576.000,316.496
7577.000,316.496
7578.000,237.372
7579.000,237.372
7580.000,237.372
7581.000,237.372
7582.000,237.372
7583.000,237.372
7584.000,316.496
7585.000,316.496
7586.000,237.372
7587.000,237.372
7588.000,237.372
7589.000,237.372
7590.000,237.372
7591.000,237.372
7592.000,316.496
7593.000,316.496
7594.000,316.496
7595.000,237.372
7596.000,237.372
7597.000,237.372
7598.000,237.372
7599.000,237.372
7600.000,316.496
7601.000,316.496
7602.000,316.496
7603.000,237.372
7604.000,237.372
7605.000,237.372
7606.000,237.372
7607.000,237.372
7608.000,237.372
7609.000,316.496
7610.000,316.496
7611.000,316.496
7612.000,237.372
7613.000,237.372
7614.000,237.372
7615.000,237.372
7616.000,237.372
7617.000,316.496
7618.000,316.496
7619.000,316.496
7620.000,237.372
7621.000,237.372
7622.000,237.372
7623.000,237.372
7624.000,237.372
7625.000,237.372
7626.000,316.496
7627.000,316.496
7628.000,237.372
7629.000,237.372
7630.000,237.372
7631.000,237.372
7632.000,237.372
7633.000,237.372
7634.000,316.496
7635.000,316.496
7636.000,237.372
7637.000,237.372
7638.000,237.372
7639.000,237.372
7640.000,237.372
7641.000,237.372
7642.000,316.496
7643.000,316.496
7644.000,316.496
7645.000,237.372
7646.000,237.372
7647.000,237.372
7648.000,237.372
7649.000,237.372
7650.000,316.496
7651.000,316.496
7652.000,316.496
7653.000,237.372
7654.000,237.372
7655.000,237.372
7656.000,237.372
7657.000,237.372
7658.000,316.496
7659.000,316.496
7660.000,316.496
7661.000,237.372
7662.000,237.372
7663.000,237.372
7664.000,237.372
7665.000,237.372
7666.000,237.372
7667.000,316.496
7668.000,316.496
7669.000,316.496
7670.000,237.372
7671.000,237.372
7672.000,237.372
7673.000,237.372
7674.000,237.372
7675.000,237.372
7676.000,316.496
7677.000,316.496
7678.000,237.372
7679.000,237.372
7680.000,237.372
7681.000,237.372
7682.000,237.372
7683.000,237.372
7684.000,316.496
7685.000,316.496
7686.000,237.372
7687.000,237.372
7688.000,237.372
7689.000,237.372
7690.000,237.372
7691.000,237.372
7692.000,316.496
7693.000,316.496
7694.000,316.496
7695.000,237.372
7696.000,237.372
7697.000,237.372
7698.000,237.372
7699.000,237.372
7700.000,237.372
7701.000,316.496
7702.000,316.496
7703.000,237.372
7704.000,237.372
7705.000,237.372
7706.000,237.372
7707.000,237.372
7708.000,237.372
7709.000,316.496
7710.000,316.496
7711.000,237.372
7712.000,237.372
7713.000,237.372
7714.000,237.372
7715.000,237.372
7716.000,237.372
7717.000,316.496
7718.000,316.496
7719.000,316.496
7720.000,237.372
7721.000,237.372
7722.000,237.372
7723.000,237.372
7724.000,237.372
7725.000,316.496
7726.000,316.496
7727.000,316.496
7728.000,237.372
7729.000,237.372
7730.000,237.372
7731.000,237.372
7732.000,237.372
7733.000,237.372
7734.000,316.496
7735.000,316.496
7736.000,237.372
7737.000,237.372
7738.000,237.372
7739.000,237.372
7740.000,237.372
7741.000,237.372
7742.000,316.496
7743.000,316.496
7744.000,316.496
7745.000,237.372
7746.000,237.372
7747.000,237.372
7748.000,237.372
7749.000,237.372
7750.000,237.372
7751.000,316.496
7752.000,316.496
7753.000,237.372
7754.000,237.372
7755.000,237.372
7756.000,237.372
7757.000,237.372
7758.000,237.372
7759.000,316.496
7760.000,316.496
7761.000,237.372
7762.000,237.372
7763.000,237.372
7764.000,237.372
7765.000,237.372
7766.000,237.372
7767.000,316.496
7768.000,316.496
7769.000,237.372
7770.000,237.372
7771.000,237.372
7772.000,237.372
7773.000,237.372
7774.000,237.372
7775.000,316.496
7776.000,316.496
7777.000,316.496
7778.000,237.372
7779.000,237.372
7780.000,237.372
7781.000,237.372
7782.000,237.372
7783.000,237.372
7784.000,316.496
7785.000,316.496
7786.000,237.372
7787.000,237.372
7788.000,237.372
7789.000,237.372
7790.000,237.372
7791.000,237.372
7792.000,316.496
7793.000,316.496
7794.000,316.496
7795.000,237.372
7796.000,237.372
7797.000,237.372
7798.000,237.372
7799.000,237.372
7800.000,237.372
7801.000,316.496
7802.000,316.496
7803.000,237.372
7804.000,237.372
7805.000,237.372
7806.000,237.372
7807.000,237.372
7808.000,237.372
7809.000,237.372
7810.000,237.372
7811.000,237.372
7812.000,237.372
7813.000,237.372
7814.000,237.372
7815.000,237.372
7816.000,237.372
7817.000,237.372
7818.000,237.372
7819.000,237.372
7820.000,237.372
7821.000,237.372
7822.000,237.372
7823.000,237.372
7824.000,237.372
7825.000,316.496
7826.000,316.496
7827.000,237.372
7828.000,237.372
7829.000,237.372
7830.000,237.372
7831.000,237.372
7832.000,237.372
7833.000,316.496
7834.000,316.496
7835.000,316.496
7836.000,237.372
7837.000,237.372
7838.000,237.372
7839.000,237.372
7840.000,237.372
7841.000,237.372
7842.000,316.496
7843.000,316.496
7844.000,316.496
7845.000,237.372
7846.000,237.372
7847.000,237.372
7848.000,237.372
7849.000,237.372
7850.000,316.496
7851.000,316.496
7852.000,316.496
7853.000,237.372
7854.000,237.372
7855.000,237.372
7856.000,237.372
7857.000,237.372
7858.000,237.372
7859.000,316.496
7860.000,316.496
7861.000,237.372
7862.000,237.372
7863.000,237.372
7864.000,237.372
7865.000,237.372
7866.000,237.372
7867.000,237.372
7868.000,316.496
7869.000,237.372
7870.000,237.372
7871.000,237.372
7872.000,237.372
7873.000,237.372
7874.000,237.372
7875.000,237.372
7876.000,316.496
7877.000,237.372
7878.000,237.372
7879.000,237.372
7880.000,237.372
7881.000,237.372
7882.000,237.372
7883.000,237.372
7884.000,316.496
7885.000,237.372
7886.000,237.372
7887.000,237.372
7888.000,237.372
7889.000,237.372
7890.000,237.372
7891.000,237.372
7892.000,316.496
7893.000,316.496
7894.000,237.372
7895.000,237.372
7896.000,237.372
7897.000,237.372
7898.000,237.372
7899.000,237.372
7900.000,316.496
7901.000,316.496
7902.000,316.496
7903.000,237.372
7904.000,237.372
7905.000,237.372
7906.000,237.372
7907.000,237.372
7908.000,237.372
7909.000,316.496
7910.000,316.496
7911.000,237.372
7912.000,237.372
7913.000,237.372
7914.000,237.372
7915.000,237.372
7916.000,237.372
7917.000,237.372
7918.000,316.496
7919.000,316.496
7920.000,237.372
7921.000,237.372
7922.000,237.372
7923.000,237.372
7924.000,237.372
7925.000,237.372
7926.000,237.372
7927.000,237.372
7928.000,237.372
7929.000,237.372
7930.000,237.372
7931.000,237.372
7932.000,237.372
7933.000,237.372
7934.000,237.372
7935.000,237.372
7936.000,237.372
7937.000,237.372
7938.000,237.372
7939.000,237.372
7940.000,237.372
7941.000,237.372
7942.000,237.372
7943.000,237.372
7944.000,237.372
7945.000,237.372
7946.000,237.372
7947.000,237.372
7948.000,237.372
7949.000,237.372
7950.000,316.496
7951.000,316.496
7952.000,237.372
7953.000,237.372
7954.000,237.372
7955.000,237.372
7956.000,237.372
7957.000,237.372
7958.000,316.496
7959.000,316.496
7960.000,316.496
7961.000,237.372
7962.000,237.372
7963.000,237.372
7964.000,237.372
7965.000,237.372
7966.000,237.372
7967.000,316.496
7968.000,316.496
7969.000,316.496
7970.000,237.372
7971.000,237.372
7972.000,237.372
7973.000,237.372
7974.000,237.372
7975.000,237.372
7976.000,316.496
7977.000,316.496
7978.000,237.372
7979.000,237.372
7980.000,237.372
7981.000,237.372
7982.000,237.372
7983.000,237.372
7984.000,237.372
7985.000,316.496
7986.000,237.372
7987.000,237.372
7988.000,237.372
7989.000,237.372
7990.000,237.372
7991.000,237.372
7992.000,237.372
7993.000,237.372
7994.000,237.372
7995.000,237.372
7996.000,237.372
7997.000,237.372
7998.000,237.372
7999.000,237.372
8000.000,237.372
8001.000,237.372
8002.000,237.372
8003.000,237.372
8004.000,237.372
8005.000,237.372
8006.000,237.372
8007.000,237.372
8008.000,237.372
8009.000,237.372
8010.000,237.372
8011.000,237.372
8012.000,237.372
8013.000,237.372
8014.000,237.372
8015.000,237.372
8016.000,237.372
8017.000,316.496
8018.000,316.496
8019.000,237.372
8020.000,237.372
8021.000,237.372
8022.000,237.372
8023.000,237.372
8024.000,237.372
8025.000,237.372
8026.000,316.496
8027.000,316.496
8028.000,237.372
8029.000,237.372
8030.000,237.372
8031.000,237.372
8032.000,237.372
8033.000,237.372
8034.000,316.496
8035.000,316.496
8036.000,237.372
8037.000,237.372
8038.000,237.372
8039.000,237.372
8040.000,237.372
8041.000,237.372
8042.000,237.372
8043.000,237.372
8044.000,237.372
8045.000,237.372
8046.000,237.372
8047.000,237.372
8048.000,237.372
8049.000,237.372
8050.000,237.372
8051.000,237.372
8052.000,237.372
8053.000,237.372
8054.000,237.372
8055.000,237.372
8056.000,237.372
8057.000,237.372
8058.000,237.372
8059.000,237.372
8060.000,237.372
8061.000,237.372
8062.000,237.372
8063.000,237.372
8064.000,237.372
8065.000,237.372
8066.000,237.372
8067.000,316.496
8068.000,316.496
8069.000,237.372
8070.000,237.372
8071.000,237.372
8072.000,237.372
8073.000,237.372
8074.000,237.372
8075.000,316.496
8076.000,316.496
8077.000,237.372
8078.000,237.372
8079.000,237.372
8080.000,237.372
8081.000,237.372
8082.000,237.372
8083.000,237.372
8084.000,316.496
8085.000,316.496
8086.000,237.372
8087.000,237.372
8088.000,237.372
8089.000,237.372
8090.000,237.372
8091.000,237.372
8092.000,316.496
8093.000,316.496
8094.000,237.372
8095.000,237.372
8096.000,237.372
8097.000,237.372
8098.000,237.372
8099.000,237.372
8100.000,237.372
8101.000,316.496
8102.000,316.496
8103.000,237.372
8104.000,237.372
8105.000,237.372
8106.000,237.372
8107.000,237.372
8108.000,237.372
8109.000,237.372
8110.000,237.372
8111.000,237.372
8112.000,237.372
8113.000,237.372
8114.000,237.372
8115.000,237.372
8116.000,237.372
8117.000,237.372
8118.000,237.372
8119.000,237.372
8120.000,237.372
8121.000,237.372
8122.000,237.372
8123.000,237.372
8124.000,237.372
8125.000,237.372
8126.000,237.372
8127.000,237.372
8128.000,237.372
8129.000,237.372
8130.000,237.372
8131.000,237.372
8132.000,237.372
8133.000,237.372
8134.000,237.372
8135.000,237.372
8136.000,237.372
8137.000,237.372
8138.000,237.372
8139.000,237.372
8140.000,237.372
8141.000,237.372
8142.000,316.496
8143.000,316.496
8144.000,237.372
8145.000,237.372
8146.000,237.372
8147.000,237.372
8148.000,237.372
8149.000,237.372
8150.000,237.372
8151.000,316.496
8152.000,316.496
8153.000,237.372
8154.000,237.372
8155.000,237.372
8156.000,237.372
8157.000,237.372
8158.000,237.372
8159.000,316.496
8160.000,316.496
8161.000,237.372
8162.000,237.372
8163.000,237.372
8164.000,237.372
8165.000,237.372
8166.000,237.372
8167.000,237.372
8168.000,237.372
8169.000,237.372
8170.000,237.372
8171.000,237.372
8172.000,237.372
8173.000,237.372
8174.000,237.372
8175.000,237.372
8176.000,237.372
8177.000,237.372
8178.000,237.372
8179.000,237.372
8180.000,237.372
8181.000,237.372
8182.000,237.372
8183.000,237.372
8184.000,237.372
8185.000,237.372
8186.000,237.372
8187.000,237.372
8188.000,237.372
8189.000,237.372
8190.000,237.372
8191.000,237.372
8192.000,316.496
8193.000,316.496
8194.000,237.372
8195.000,237.372
8196.000,237.372
8197.000,237.372
8198.000,237.372
8199.000,237.372
8200.000,237.372
8201.000,316.496
8202.000,316.496
8203.000,237.372
8204.000,237.372
8205.000,237.372
8206.000,237.372
8207.000,237.372
8208.000,237.372
8209.000,316.496
8210.000,316.496
8211.000,237.372
8212.000,237.372
8213.000,237.372
8214.000,237.372
8215.000,237.372
8216.000,237.372
8217.000,237.372
8218.000,316.496
8219.000,237.372
8220.000,237.372
8221.000,237.372
8222.000,237.372
8223.000,237.372
8224.000,237.372
8225.000,237.372
8226.000,237.372
8227.000,237.372
8228.000,237.372
8229.000,237.372
8230.000,237.372
8231.000,237.372
8232.000,237.372
8233.000,237.372
8234.000,237.372
8235.000,237.372
8236.000,237.372
8237.000,237.372
8238.000,237.372
8239.000,237.372
8240.000,237.372
8241.000,237.372
8242.000,237.372
8243.000,237.372
8244.000,237.372
8245.000,237.372
8246.000,237.372
8247.000,237.372
8248.000,237.372
8249.000,237.372
8250.000,237.372
8251.000,237.372
8252.000,237.372
8253.000,237.372
8254.000,237.372
8255.000,237.372
8256.000,237.372
8257.000,237.372
8258.000,237.372
8259.000,316.496
8260.000,316.496
8261.000,237.372
8262.000,237.372
8263.000,237.372
8264.000,237.372
8265.000,237.372
8266.000,237.372
8267.000,237.372
8268.000,316.496
8269.000,237.372
8270.000,237.372
8271.000,237.372
8272.000,237.372
8273.000,237.372
8274.000,237.372
8275.000,237.372
8276.000,237.372
8277.000,237.372
8278.000,237.372
8279.000,237.372
8280.000,237.372
8281.000,237.372
8282.000,237.372
8283.000,237.372
8284.000,237.372
8285.000,237.372
8286.000,237.372
8287.000,237.372
8288.000,237.372
8289.000,237.372
8290.000,237.372
8291.000,237.372
8292.000,237.372
8293.000,237.372
8294.000,237.372
8295.000,237.372
8296.000,237.372
8297.000,237.372
8298.000,237.372
8299.000,237.372
8300.000,237.372
8301.000,237.372
8302.000,237.372
8303.000,237.372
8304.000,237.372
8305.000,237.372
8306.000,237.372
8307.000,237.372
8308.000,237.372
8309.000,237.372
8310.000,237.372
8311.000,237.372
8312.000,237.372
8313.000,237.372
8314.000,237.372
8315.000,237.372
8316.000,237.372
8317.000,316.496
8318.000,316.496
8319.000,237.372
8320.000,237.372
8321.000,237.372
8322.000,237.372
8323.000,237.372
8324.000,237.372
8325.000,237.372
8326.000,316.496
8327.000,316.496
8328.000,237.372
8329.000,237.372
8330.000,237.372
8331.000,237.372
8332.000,237.372
8333.000,237.372
8334.000,237.372
8335.000,316.496
8336.000,237.372
8337.000,237.372
8338.000,237.372
8339.000,237.372
8340.000,237.372
8341.000,237.372
8342.000,237.372
8343.000,237.372
8344.000,237.372
8345.000,237.372
8346.000,237.372
8347.000,237.372
8348.000,237.372
8349.000,237.372
8350.000,237.372
8351.000,237.372
8352.000,237.372
8353.000,237.372
8354.000,237.372
8355.000,237.372
8356.000,237.372
8357.000,237.372
8358.000,237.372
8359.000,237.372
8360.000,237.372
8361.000,237.372
8362.000,237.372
8363.000,237.372
8364.000,237.372
8365.000,237.372
8366.000,237.372
8367.000,237.372
8368.000,237.372
8369.000,237.372
8370.000,237.372
8371.000,237.372
8372.000,237.372
8373.000,237.372
8374.000,237.372
8375.000,316.496
8376.000,316.496
8377.000,237.372
8378.000,237.372
8379.000,237.372
8380.000,237.372
8381.000,237.372
8382.000,237.372
8383.000,237.372
8384.000,316.496
8385.000,316.496
8386.000,237.372
8387.000,237.372
8388.000,237.372
8389.000,237.372
8390.000,237.372
8391.000,237.372
8392.000,237.372
8393.000,316.496
8394.000,237.372
8395.000,237.372
8396.000,237.372
8397.000,237.372
8398.000,237.372
8399.000,237.372
8400.000,237.372
8401.000,237.372
8402.000,237.372
8403.000,237.372
8404.000,237.372
8405.000,237.372
8406.000,237.372
8407.000,237.372
8408.000,237.372
8409.000,237.372
8410.000,237.372
8411.000,237.372
8412.000,237.372
8413.000,237.372
8414.000,237.372
8415.000,237.372
8416.000,237.372
8417.000,237.372
8418.000,237.372
8419.000,237.372
8420.000,237.372
8421.000,237.372
8422.000,237.372
8423.000,237.372
8424.000,237.372
8425.000,237.372
8426.000,237.372
8427.000,237.372
8428.000,237.372
8429.000,237.372
8430.000,237.372
8431.000,237.372
8432.000,237.372
8433.000,237.372
8434.000,316.496
8435.000,237.372
8436.000,237.372
8437.000,237.372
8438.000,237.372
8439.000,237.372
8440.000,237.372
8441.000,237.372
8442.000,237.372
8443.000,316.496
8444.000,237.372
8445.000,237.372
8446.000,237.372
8447.000,237.372
8448.000,237.372
8449.000,237.372
8450.000,237.372
8451.000,316.496
8452.000,237.372
8453.000,237.372
8454.000,237.372
8455.000,237.372
8456.000,237.372
8457.000,237.372
8458.000,237.372
8459.000,237.372
8460.000,316.496
8461.000,237.372
8462.000,237.372
8463.000,237.372
8464.000,237.372
8465.000,237.372
8466.000,237.372
8467.000,237.372
8468.000,237.372
8469.000,237.372
8470.000,237.372
8471.000,237.372
8472.000,237.372
8473.000,237.372
8474.000,237.372
8475.000,237.372
8476.000,237.372
8477.000,237.372
8478.000,237.372
8479.000,237.372
8480.000,237.372
8481.000,237.372
8482.000,237.372
8483.000,237.372
8484.000,237.372
8485.000,237.372
8486.000,237.372
8487.000,237.372
8488.000,237.372
8489.000,237.372
8490.000,237.372
8491.000,237.372
8492.000,237.372
8493.000,237.372
8494.000,237.372
8495.000,237.372
8496.000,237.372
8497.000,237.372
8498.000,237.372
8499.000,237.372
8500.000,237.372
8501.000,316.496
8502.000,237.372
8503.000,237.372
8504.000,237.372
8505.000,158.248
8506.000,237.372
8507.000,237.372
8508.000,237.372
8509.000,237.372
8510.000,316.496
8511.000,237.372
8512.000,237.372
8513.000,237.372
8514.000,237.372
8515.000,237.372
8516.000,237.372
8517.000,237.372
8518.000,316.496
8519.000,237.372
8520.000,237.372
8521.000,237.372
8522.000,237.372
8523.000,237.372
8524.000,237.372
8525.000,237.372
8526.000,237.372
8527.000,237.372
8528.000,237.372
8529.000,237.372
8530.000,237.372
8531.000,237.372
8532.000,237.372
8533.000,237.372
8534.000,237.372
8535.000,237.372
8536.000,237.372
8537.000,237.372
8538.000,237.372
8539.000,237.372
8540.000,237.372
8541.000,237.372
8542.000,237.372
8543.000,237.372
8544.000,237.372
8545.000,237.372
8546.000,237.372
8547.000,237.372
8548.000,237.372
8549.000,237.372
8550.000,237.372
8551.000,237.372
8552.000,237.372
8553.000,237.372
8554.000,237.372
8555.000,158.248
8556.000,158.248
8557.000,237.372
8558.000,237.372
8559.000,237.372
8560.000,237.372
8561.000,237.372
8562.000,237.372
8563.000,158.248
8564.000,158.248
8565.000,237.372
8566.000,237.372
8567.000,237.372
8568.000,316.496
8569.000,237.372
8570.000,237.372
8571.000,237.372
8572.000,158.248
8573.000,237.372
8574.000,237.372
8575.000,237.372
8576.000,316.496
8577.000,237.372
8578.000,237.372
8579.000,237.372
8580.000,237.372
8581.000,237.372
8582.000,237.372
8583.000,237.372
8584.000,237.372
8585.000,237.372
8586.000,237.372
8587.000,237.372
8588.000,237.372
8589.000,237.372
8590.000,237.372
8591.000,237.372
8592.000,237.372
8593.000,237.372
8594.000,237.372
8595.000,237.372
8596.000,237.372
8597.000,237.372
8598.000,237.372
8599.000,237.372
8600.000,237.372
8601.000,237.372
8602.000,237.372
8603.000,237.372
8604.000,237.372
8605.000,237.372
8606.000,237.372
8607.000,237.372
8608.000,237.372
8609.000,237.372
8610.000,237.372
8611.000,237.372
8612.000,237.372
8613.000,237.372
8614.000,237.372
8615.000,237.372
8616.000,237.372
8617.000,237.372
8618.000,237.372
8619.000,237.372
8620.000,237.372
8621.000,237.372
8622.000,158.248
8623.000,237.372
8624.000,237.372
8625.000,237.372
8626.000,237.372
8627.000,237.372
8628.000,237.372
8629.000,237.372
8630.000,158.248
8631.000,237.372
8632.000,237.372
8633.000,237.372
8634.000,237.372
8635.000,237.372
8636.000,237.372
8637.000,237.372
8638.000,237.372
8639.000,158.248
8640.000,237.372
8641.000,237.372
8642.000,237.372
8643.000,237.372
8644.000,237.372
8645.000,237.372
8646.000,237.372
8647.000,158.248
8648.000,237.372
8649.000,237.372
8650.000,237.372
8651.000,237.372
8652.000,237.372
8653.000,237.372
8654.000,237.372
8655.000,237.372
8656.000,237.372
8657.000,237.372
8658.000,237.372
8659.000,237.372
8660.000,237.372
8661.000,237.372
8662.000,237.372
8663.000,237.372
8664.000,237.372
8665.000,237.372
8666.000,237.372
8667.000,237.372
8668.000,237.372
8669.000,237.372
8670.000,237.372
8671.000,237.372
8672.000,237.372
8673.000,237.372
8674.000,237.372
8675.000,237.372
8676.000,237.372
8677.000,237.372
8678.000,237.372
8679.000,237.372
8680.000,158.248
8681.000,237.372
8682.000,237.372
8683.000,237.372
8684.000,316.496
8685.000,237.372
8686.000,237.372
8687.000,237.372
8688.000,158.248
8689.000,158.248
8690.000,237.372
8691.000,237.372
8692.000,237.372
8693.000,316.496
8694.000,237.372
8695.000,237.372
8696.000,237.372
8697.000,158.248
8698.000,237.372
8699.000,237.372
8700.000,237.372
8701.000,237.372
8702.000,237.372
8703.000,237.372
8704.000,237.372
8705.000,237.372
8706.000,237.372
8707.000,237.372
8708.000,237.372
8709.000,237.372
8710.000,237.372
8711.000,237.372
8712.000,237.372
8713.000,237.372
8714.000,237.372
8715.000,237.372
8716.000,237.372
8717.000,237.372
8718.000,237.372
8719.000,237.372
8720.000,237.372
8721.000,237.372
8722.000,237.372
8723.000,237.372
8724.000,237.372
8725.000,237.372
8726.000,237.372
8727.000,237.372
8728.000,237.372
8729.000,237.372
8730.000,237.372
8731.000,237.372
8732.000,237.372
8733.000,237.372
8734.000,237.372
8735.000,237.372
8736.000,237.372
8737.000,237.372
8738.000,158.248
8739.000,237.372
8740.000,237.372
8741.000,237.372
8742.000,316.496
8743.000,316.496
8744.000,237.372
8745.000,237.372
8746.000,158.248
8747.000,158.248
8748.000,237.372
8749.000,237.372
8750.000,237.372
8751.000,316.496
8752.000,237.372
8753.000,237.372
8754.000,237.372
8755.000,158.248
8756.000,237.372
8757.000,237.372
8758.000,237.372
8759.000,316.496
8760.000,237.372
8761.000,237.372
8762.000,237.372
8763.000,158.248
8764.000,158.248
8765.000,237.372
8766.000,237.372
8767.000,237.372
8768.000,237.372
8769.000,237.372
8770.000,237.372
8771.000,237.372
8772.000,158.248
8773.000,237.372
8774.000,237.372
8775.000,237.372
8776.000,237.372
8777.000,237.372
8778.000,237.372
8779.000,237.372
8780.000,158.248
8781.000,158.248
8782.000,237.372
8783.000,237.372
8784.000,237.372
8785.000,237.372
8786.000,237.372
8787.000,237.372
8788.000,237.372
8789.000,158.248
8790.000,237.372
8791.000,237.372
8792.000,237.372
8793.000,237.372
8794.000,237.372
8795.000,237.372
8796.000,237.372
8797.000,158.248
8798.000,237.372
8799.000,237.372
8800.000,237.372
8801.000,237.372
8802.000,237.372
8803.000,237.372
8804.000,237.372
8805.000,158.248
8806.000,237.372
8807.000,237.372
8808.000,237.372
8809.000,237.372
8810.000,237.372
8811.000,237.372
8812.000,237.372
8813.000,158.248
8814.000,158.248
8815.000,237.372
8816.000,237.372
8817.000,237.372
8818.000,237.372
8819.000,237.372
8820.000,237.372
8821.000,158.248
8822.000,158.248
8823.000,237.372
8824.000,237.372
8825.000,237.372
8826.000,237.372
8827.000,237.372
8828.000,237.372
8829.000,237.372
8830.000,158.248
8831.000,158.248
8832.000,237.372
8833.000,237.372
8834.000,237.372
8835.000,237.372
8836.000,237.372
8837.000,237.372
8838.000,237.372
8839.000,237.372
8840.000,237.372
8841.000,237.372
8842.000,237.372
8843.000,237.372
8844.000,237.372
8845.000,237.372
8846.000,237.372
8847.000,237.372
8848.000,237.372
8849.000,237.372
8850.000,237.372
8851.000,237.372
8852.000,237.372
8853.000,237.372
8854.000,237.372
8855.000,237.372
8856.000,237.372
8857.000,237.372
8858.000,237.372
8859.000,237.372
8860.000,237.372
8861.000,237.372
8862.000,158.248
8863.000,158.248
8864.000,158.248
8865.000,237.372
8866.000,237.372
8867.000,237.372
8868.000,237.372
8869.000,237.372
8870.000,237.372
8871.000,158.248
8872.000,158.248
8873.000,237.372
8874.000,237.372
8875.000,237.372
8876.000,316.496
8877.000,237.372
8878.000,237.372
8879.000,158.248
8880.000,158.248
8881.000,158.248
8882.000,237.372
8883.000,237.372
8884.000,316.496
8885.000,237.372
8886.000,237.372
8887.000,237.372
8888.000,158.248
8889.000,158.248
8890.000,237.372
8891.000,237.372
8892.000,237.372
8893.000,237.372
8894.000,237.372
8895.000,237.372
8896.000,237.372
8897.000,237.372
8898.000,237.372
8899.000,237.372
8900.000,237.372
8901.000,237.372
8902.000,237.372
8903.000,237.372
8904.000,237.372
8905.000,237.372
8906.000,237.372
8907.000,237.372
8908.000,237.372
8909.000,237.372
8910.000,237.372
8911.000,237.372
8912.000,237.372
8913.000,237.372
8914.000,237.372
8915.000,237.372
8916.000,237.372
8917.000,237.372
8918.000,237.372
8919.000,237.372
8920.000,237.372
8921.000,158.248
8922.000,158.248
8923.000,237.372
8924.000,237.372
8925.000,237.372
8926.000,237.372
8927.000,237.372
8928.000,237.372
8929.000,158.248
8930.000,158.248
8931.000,237.372
8932.000,237.372
8933.000,237.372
8934.000,237.372
8935.000,237.372
8936.000,237.372
8937.000,237.372
8938.000,158.248
8939.000,158.248
8940.000,237.372
8941.000,237.372
8942.000,237.372
8943.000,237.372
8944.000,237.372
8945.000,237.372
8946.000,158.248
8947.000,158.248
8948.000,237.372
8949.000,237.372
8950.000,237.372
8951.000,237.372
8952.000,237.372
8953.000,237.372
8954.000,237.372
8955.000,158.248
8956.000,237.372
8957.000,237.372
8958.000,237.372
8959.000,237.372
8960.000,237.372
8961.000,237.372
8962.000,237.372
8963.000,237.372
8964.000,237.372
8965.000,237.372
8966.000,237.372
8967.000,237.372
8968.000,237.372
8969.000,237.372
8970.000,237.372
8971.000,158.248
8972.000,158.248
8973.000,237.372
8974.000,237.372
8975.000,237.372
8976.000,237.372
8977.000,237.372
8978.000,237.372
8979.000,158.248
8980.000,158.248
8981.000,237.372
8982.000,237.372
8983.000,237.372
8984.000,237.372
8985.000,237.372
8986.000,237.372
8987.000,158.248
8988.000,158.248
8989.000,158.248
8990.000,237.372
8991.000,237.372
8992.000,237.372
8993.000,237.372
8994.000,237.372
8995.000,237.372
8996.000,158.248
8997.000,158.248
8998.000,237.372
8999.000,237.372
9000.000,237.372
9001.000,237.372
9002.000,237.372
9003.000,237.372
9004.000,158.248
9005.000,158.248
9006.000,158.248
9007.000,237.372
9008.000,237.372
9009.000,237.372
9010.000,237.372
9011.000,237.372
9012.000,237.372
9013.000,158.248
9014.000,158.248
9015.000,237.372
9016.000,237.372
9017.000,237.372
9018.000,237.372
9019.000,237.372
9020.000,237.372
9021.000,237.372
9022.000,237.372
9023.000,237.372
9024.000,237.372
9025.000,237.372
9026.000,237.372
9027.000,237.372
9028.000,237.372
9029.000,237.372
9030.000,237.372
9031.000,237.372
9032.000,237.372
9033.000,237.372
9034.000,237.372
9035.000,237.372
9036.000,237.372
9037.000,237.372
9038.000,158.248
9039.000,237.372
9040.000,237.372
9041.000,237.372
9042.000,237.372
9043.000,237.372
9044.000,237.372
9045.000,237.372
9046.000,158.248
9047.000,158.248
9048.000,237.372
9049.000,237.372
9050.000,237.372
9051.000,237.372
9052.000,237.372
9053.000,237.372
9054.000,158.248
9055.000,158.248
9056.000,158.248
9057.000,237.372
9058.000,237.372
9059.000,237.372
9060.000,237.372
9061.000,237.372
9062.000,237.372
9063.000,158.248
9064.000,158.248
9065.000,237.372
9066.000,237.372
9067.000,237.372
9068.000,237.372
9069.000,237.372
9070.000,237.372
9071.000,237.372
9072.000,158.248
9073.000,237.372
9074.000,237.372
9075.000,237.372
9076.000,237.372
9077.000,237.372
9078.000,237.372
9079.000,237.372
9080.000,237.372
9081.000,237.372
9082.000,237.372
9083.000,237.372
9084.000,237.372
9085.000,237.372
9086.000,237.372
9087.000,237.372
9088.000,158.248
9089.000,237.372
9090.000,237.372
9091.000,237.372
9092.000,237.372
9093.000,237.372
9094.000,237.372
9095.000,237.372
9096.000,158.248
9097.000,158.248
9098.000,237.372
9099.000,237.372
9100.000,237.372
9101.000,237.372
9102.000,237.372
9103.000,237.372
9104.000,158.248
9105.000,158.248
9106.000,158.248
9107.000,237.372
9108.000,237.372
9109.000,237.372
9110.000,237.372
9111.000,237.372
9112.000,237.372
9113.000,158.248
9114.000,158.248
9115.000,237.372
9116.000,237.372
9117.000,237.372
9118.000,237.372
9119.000,237.372
9120.000,237.372
9121.000,158.248
9122.000,158.248
9123.000,237.372
9124.000,237.372
9125.000,237.372
9126.000,237.372
9127.000,237.372
9128.000,237.372
9129.000,237.372
9130.000,237.372
9131.000,237.372
9132.000,237.372
9133.000,237.372
9134.000,237.372
9135.000,237.372
9136.000,237.372
9137.000,237.372
9138.000,237.372
9139.000,237.372
9140.000,237.372
9141.000,237.372
9142.000,237.372
9143.000,237.372
9144.000,237.372
9145.000,237.372
9146.000,237.372
9147.000,237.372
9148.000,237.372
9149.000,237.372
9150.000,237.372
9151.000,237.372
9152.000,237.372
9153.000,237.372
9154.000,158.248
9155.000,158.248
9156.000,237.372
9157.000,237.372
9158.000,237.372
9159.000,237.372
9160.000,237.372
9161.000,237.372
9162.000,158.248
9163.000,158.248
9164.000,158.248
9165.000,237.372
9166.000,237.372
9167.000,237.372
9168.000,237.372
9169.000,237.372
9170.000,237.372
9171.000,158.248
9172.000,158.248
9173.000,237.372
9174.000,237.372
9175.000,237.372
9176.000,237.372
9177.000,237.372
9178.000,237.372
9179.000,158.248
9180.000,158.248
9181.000,158.248
9182.000,237.372
9183.000,237.372
9184.000,237.372
9185.000,237.372
9186.000,237.372
9187.000,237.372
9188.000,158.248
9189.000,158.248
9190.000,237.372
9191.000,237.372
9192.000,237.372
9193.000,237.372
9194.000,237.372
9195.000,237.372
9196.000,237.372
9197.000,237.372
9198.000,237.372
9199.000,237.372
9200.000,237.372
9201.000,237.372
9202.000,237.372
9203.000,237.372
9204.000,237.372
9205.000,237.372
9206.000,237.372
9207.000,237.372
9208.000,237.372
9209.000,237.372
9210.000,237.372
9211.000,237.372
9212.000,158.248
9213.000,158.248
9214.000,237.372
9215.000,237.372
9216.000,237.372
9217.000,237.372
9218.000,237.372
9219.000,237.372
9220.000,158.248
9221.000,158.248
9222.000,158.248
9223.000,237.372
9224.000,237.372
9225.000,237.372
9226.000,237.372
9227.000,237.372
9228.000,158.248
9229.000,158.248
9230.000,158.248
9231.000,237.372
9232.000,237.372
9233.000,237.372
9234.000,237.372
9235.000,237.372
9236.000,237.372
9237.000,158.248
9238.000,158.248
9239.000,158.248
9240.000,237.372
9241.000,237.372
9242.000,237.372
9243.000,237.372
9244.000,237.372
9245.000,237.372
9246.000,158.248
9247.000,158.248
9248.000,237.372
9249.000,237.372
9250.000,237.372
9251.000,237.372
9252.000,237.372
9253.000,237.372
9254.000,237.372
9255.000,158.248
9256.000,237.372
9257.000,237.372
9258.000,237.372
9259.000,237.372
9260.000,237.372
9261.000,237.372
9262.000,237.372
9263.000,237.372
9264.000,237.372
9265.000,237.372
9266.000,237.372
9267.000,237.372
9268.000,237.372
9269.000,237.372
9270.000,237.372
9271.000,158.248
9272.000,237.372
9273.000,237.372
9274.000,237.372
9275.000,237.372
9276.000,237.372
9277.000,237.372
9278.000,237.372
9279.000,158.248
9280.000,158.248
9281.000,237.372
9282.000,237.372
9283.000,237.372
9284.000,237.372
9285.000,237.372
9286.000,237.372
9287.000,158.248
9288.000,158.248
9289.000,158.248
9290.000,237.372
9291.000,237.372
9292.000,237.372
9293.000,237.372
9294.000,237.372
9295.000,237.372
9296.000,158.248
9297.000,158.248
9298.000,237.372
9299.000,237.372
9300.000,237.372
9301.000,237.372
9302.000,237.372
9303.000,237.372
9304.000,158.248
9305.000,158.248
9306.000,237.372
9307.000,237.372
9308.000,237.372
9309.000,237.372
9310.000,237.372
9311.000,237.372
9312.000,237.372
9313.000,158.248
9314.000,237.372
9315.000,237.372
9316.000,237.372
9317.000,237.372
9318.000,237.372
9319.000,237.372
9320.000,237.372
9321.000,237.372
9322.000,237.372
9323.000,237.372
9324.000,237.372
9325.000,237.372
9326.000,237.372
9327.000,237.372
9328.000,237.372
9329.000,158.248
9330.000,158.248
9331.000,237.372
9332.000,237.372
9333.000,237.372
9334.000,237.372
9335.000,237.372
9336.000,237.372
9337.000,158.248
9338.000,158.248
9339.000,237.372
9340.000,237.372
9341.000,237.372
9342.000,237.372
9343.000,237.372
9344.000,237.372
9345.000,237.372
9346.000,158.248
9347.000,158.248
9348.000,237.372
9349.000,237.372
9350.000,237.372
9351.000,237.372
9352.000,237.372
9353.000,237.372
9354.000,158.248
9355.000,158.248
9356.000,158.248
9357.000,237.372
9358.000,237.372
9359.000,237.372
9360.000,237.372
9361.000,237.372
9362.000,158.248
9363.000,158.248
9364.000,158.248
9365.000,237.372
9366.000,237.372
9367.000,237.372
9368.000,237.372
9369.000,237.372
9370.000,237.372
9371.000,158.248
9372.000,158.248
9373.000,237.372
9374.000,237.372
9375.000,237.372
9376.000,237.372
9377.000,237.372
9378.000,237.372
9379.000,237.372
9380.000,158.248
9381.000,237.372
9382.000,237.372
9383.000,237.372
9384.000,237.372
9385.000,237.372
9386.000,237.372
9387.000,237.372
9388.000,237.372
9389.000,237.372
9390.000,237.372
9391.000,237.372
9392.000,237.372
9393.000,237.372
9394.000,237.372
9395.000,237.372
9396.000,158.248
9397.000,237.372
9398.000,237.372
9399.000,237.372
9400.000,237.372
9401.000,237.372
9402.000,237.372
9403.000,237.372
9404.000,158.248
9405.000,158.248
9406.000,237.372
9407.000,237.372
9408.000,237.372
9409.000,237.372
9410.000,237.372
9411.000,237.372
9412.000,158.248
9413.000,158.248
9414.000,158.248
9415.000,237.372
9416.000,237.372
9417.000,237.372
9418.000,237.372
9419.000,237.372
9420.000,237.372
9421.000,158.248
9422.000,158.248
9423.000,237.372
9424.000,237.372
9425.000,237.372
9426.000,237.372
9427.000,237.372
9428.000,237.372
9429.000,158.248
9430.000,158.248
9431.000,158.248
9432.000,237.372
9433.000,237.372
9434.000,237.372
9435.000,237.372
9436.000,237.372
9437.000,237.372
9438.000,158.248
9439.000,237.372
9440.000,237.372
9441.000,237.372
9442.000,237.372
9443.000,237.372
9444.000,237.372
9445.000,237.372
9446.000,158.248
9447.000,237.372
9448.000,237.372
9449.000,237.372
9450.000,237.372
9451.000,237.372
9452.000,237.372
9453.000,237.372
9454.000,158.248
9455.000,158.248
9456.000,237.372
9457.000,237.372
9458.000,237.372
9459.000,237.372
9460.000,237.372
9461.000,237.372
9462.000,158.248
9463.000,158.248
9464.000,158.248
9465.000,237.372
9466.000,237.372
9467.000,237.372
9468.000,237.372
9469.000,237.372
9470.000,237.372
9471.000,158.248
9472.000,158.248
9473.000,237.372
9474.000,237.372
9475.000,237.372
9476.000,237.372
9477.000,237.372
9478.000,237.372
9479.000,158.248
9480.000,158.248
9481.000,158.248
9482.000,237.372
9483.000,237.372
9484.000,237.372
9485.000,237.372
9486.000,237.372
9487.000,237.372
9488.000,158.248
9489.000,158.248
9490.000,237.372
9491.000,237.372
9492.000,237.372
9493.000,237.372
9494.000,237.372
9495.000,237.372
9496.000,237.372
9497.000,237.372
9498.000,237.372
9499.000,237.372
9500.000,237.372
9501.000,237.372
9502.000,237.372
9503.000,237.372
9504.000,237.372
9505.000,237.372
9506.000,237.372
9507.000,237.372
9508.000,237.372
9509.000,237.372
9510.000,237.372
9511.000,237.372
9512.000,237.372
9513.000,237.372
9514.000,237.372
9515.000,237.372
9516.000,237.372
9517.000,237.372
9518.000,237.372
9519.000,237.372
9520.000,158.248
9521.000,158.248
9522.000,158.248
9523.000,237.372
9524.000,237.372
9525.000,237.372
9526.000,237.372
9527.000,237.372
9528.000,237.372
9529.000,158.248
9530.000,158.248
9531.000,237.372
9532.000,237.372
9533.000,237.372
9534.000,237.372
9535.000,237.372
9536.000,237.372
9537.000,158.248
9538.000,158.248
9539.000,158.248
9540.000,237.372
9541.000,237.372
9542.000,237.372
9543.000,237.372
9544.000,237.372
9545.000,237.372
9546.000,158.248
9547.000,158.248
9548.000,237.372
9549.000,237.372
9550.000,237.372
9551.000,237.372
9552.000,237.372
9553.000,237.372
9554.000,158.248
9555.000,158.248
9556.000,158.248
9557.000,237.372
9558.000,237.372
9559.000,237.372
9560.000,237.372
9561.000,237.372
9562.000,237.372
9563.000,158.248
9564.000,158.248
9565.000,237.372
9566.000,237.372
9567.000,237.372
9568.000,237.372
9569.000,237.372
9570.000,237.372
9571.000,158.248
9572.000,158.248
9573.000,237.372
9574.000,237.372
9575.000,237.372
9576.000,237.372
9577.000,237.372
9578.000,237.372
9579.000,158.248
9580.000,158.248
9581.000,237.372
9582.000,237.372
9583.000,237.372
9584.000,237.372
9585.000,237.372
9586.000,237.372
9587.000,158.248
9588.000,158.248
9589.000,158.248
9590.000,237.372
9591.000,237.372
9592.000,237.372
9593.000,237.372
9594.000,237.372
9595.000,158.248
9596.000,158.248
9597.000,158.248
9598.000,237.372
9599.000,237.372
9600.000,237.372
9601.000,237.372
9602.000,237.372
9603.000,237.372
9604.000,158.248
9605.000,158.248
9606.000,158.248
9607.000,237.372
9608.000,237.372
9609.000,237.372
9610.000,237.372
9611.000,237.372
9612.000,237.372
9613.000,158.248
9614.000,158.248
9615.000,237.372
9616.000,237.372
9617.000,237.372
9618.000,237.372
9619.000,237.372
9620.000,237.372
9621.000,158.248
9622.000,158.248
9623.000,158.248
9624.000,237.372
9625.000,237.372
9626.000,237.372
9627.000,237.372
9628.000,237.372
9629.000,237.372
9630.000,158.248
9631.000,237.372
9632.000,237.372
9633.000,237.372
9634.000,237.372
9635.000,237.372
9636.000,237.372
9637.000,237.372
9638.000,158.248
9639.000,158.248
9640.000,237.372
9641.000,237.372
9642.000,237.372
9643.000,237.372
9644.000,237.372
9645.000,237.372
9646.000,158.248
9647.000,158.248
9648.000,237.372
9649.000,237.372
9650.000,237.372
9651.000,237.372
9652.000,237.372
9653.000,237.372
9654.000,158.248
9655.000,158.248
9656.000,158.248
9657.000,237.372
9658.000,237.372
9659.000,237.372
9660.000,237.372
9661.000,237.372
9662.000,158.248
9663.000,158.248
9664.000,158.248
9665.000,237.372
9666.000,237.372
9667.000,237.372
9668.000,237.372
9669.000,237.372
9670.000,158.248
9671.000,158.248
9672.000,158.248
9673.000,158.248
9674.000,237.372
9675.000,237.372
9676.000,237.372
9677.000,237.372
9678.000,237.372
9679.000,158.248
9680.000,158.248
9681.000,158.248
9682.000,237.372
9683.000,237.372
9684.000,237.372
9685.000,237.372
9686.000,237.372
9687.000,237.372
9688.000,158.248
9689.000,158.248
9690.000,237.372
9691.000,237.372
9692.000,237.372
9693.000,237.372
9694.000,237.372
9695.000,237.372
9696.000,158.248
9697.000,158.248
9698.000,237.372
9699.000,237.372
9700.000,237.372
9701.000,237.372
9702.000,237.372
9703.000,237.372
9704.000,158.248
9705.000,158.248
9706.000,237.372
9707.000,237.372
9708.000,237.372
9709.000,237.372
9710.000,237.372
9711.000,237.372
9712.000,158.248
9713.000,158.248
9714.000,158.248
9715.000,237.372
9716.000,237.372
9717.000,237.372
9718.000,237.372
9719.000,237.372
9720.000,158.248
9721.000,158.248
9722.000,158.248
9723.000,158.248
9724.000,237.372
9725.000,237.372
9726.000,237.372
9727.000,237.372
9728.000,237.372
9729.000,158.248
9730.000,158.248
9731.000,158.248
9732.000,237.372
9733.000,237.372
9734.000,237.372
9735.000,237.372
9736.000,237.372
9737.000,158.248
9738.000,158.248
9739.000,158.248
9740.000,158.248
9741.000,237.372
9742.000,237.372
9743.000,237.372
9744.000,237.372
9745.000,237.372
9746.000,158.248
9747.000,158.248
9748.000,158.248
9749.000,237.372
9750.000,237.372
9751.000,237.372
9752.000,237.372
9753.000,237.372
9754.000,158.248
9755.000,158.248
9756.000,237.372
9757.000,237.372
9758.000,237.372
9759.000,237.372
9760.000,237.372
9761.000,237.372
9762.000,158.248
9763.000,158.248
9764.000,158.248
9765.000,237.372
9766.000,237.372
9767.000,237.372
9768.000,237.372
9769.000,237.372
9770.000,158.248
9771.000,158.248
9772.000,158.248
9773.000,237.372
9774.000,237.372
9775.000,237.372
9776.000,237.372
9777.000,237.372
9778.000,237.372
9779.000,158.248
9780.000,158.248
9781.000,158.248
9782.000,237.372
9783.000,237.372
9784.000,237.372
9785.000,237.372
9786.000,237.372
9787.000,158.248
9788.000,158.248
9789.000,158.248
9790.000,237.372
9791.000,237.372
9792.000,237.372
9793.000,237.372
9794.000,237.372
9795.000,158.248
9796.000,158.248
9797.000,158.248
9798.000,158.248
9799.000,237.372
9800.000,237.372
9801.000,237.372
9802.000,237.372
9803.000,237.372
9804.000,158.248
9805.000,158.248
9806.000,158.248
9807.000,237.372
9808.000,237.372
9809.000,237.372
9810.000,237.372
9811.000,237.372
9812.000,158.248
9813.000,158.248
9814.000,158.248
9815.000,237.372
9816.000,237.372
9817.000,237.372
9818.000,237.372
9819.000,237.372
9820.000,237.372
9821.000,158.248
9822.000,158.248
9823.000,237.372
9824.000,237.372
9825.000,237.372
9826.000,237.372
9827.000,237.372
9828.000,237.372
9829.000,158.248
9830.000,158.248
9831.000,158.248
9832.000,237.372
9833.000,237.372
9834.000,237.372
9835.000,237.372
9836.000,237.372
9837.000,158.248
9838.000,158.248
9839.000,158.248
9840.000,237.372
9841.000,237.372
9842.000,237.372
9843.000,237.372
9844.000,237.372
9845.000,158.248
9846.000,158.248
9847.000,158.248
9848.000,158.248
9849.000,237.372
9850.000,237.372
9851.000,237.372
9852.000,237.372
9853.000,237.372
9854.000,158.248
9855.000,158.248
9856.000,158.248
9857.000,237.372
9858.000,237.372
9859.000,237.372
9860.000,237.372
9861.000,237.372
9862.000,158.248
9863.000,158.248
9864.000,158.248
9865.000,237.372
9866.000,237.372
9867.000,237.372
9868.000,237.372
9869.000,237.372
9870.000,237.372
9871.000,158.248
9872.000,158.248
9873.000,237.372
9874.000,237.372
9875.000,237.372
9876.000,237.372
9877.000,237.372
9878.000,237.372
9879.000,158.248
9880.000,158.248
9881.000,158.248
9882.000,237.372
9883.000,237.372
9884.000,237.372
9885.000,237.372
9886.000,237.372
9887.000,158.248
9888.000,158.248
9889.000,158.248
9890.000,237.372
9891.000,237.372
9892.000,237.372
9893.000,237.372
9894.000,237.372
9895.000,158.248
9896.000,158.248
9897.000,158.248
9898.000,158.248
9899.000,237.372
9900.000,237.372
9901.000,237.372
9902.000,237.372
9903.000,158.248
9904.000,158.248
9905.000,158.248
9906.000,158.248
9907.000,237.372
9908.000,237.372
9909.000,237.372
9910.000,237.372
9911.000,237.372
9912.000,158.248
9913.000,158.248
9914.000,158.248
9915.000,158.248
9916.000,237.372
9917.000,237.372
9918.000,237.372
9919.000,237.372
9920.000,237.372
9921.000,158.248
9922.000,158.248
9923.000,158.248
9924.000,237.372
9925.000,237.372
9926.000,237.372
9927.000,237.372
9928.000,237.372
9929.000,158.248
9930.000,158.248
9931.000,158.248
9932.000,237.372
9933.000,237.372
9934.000,237.372
9935.000,237.372
9936.000,237.372
9937.000,158.248
9938.000,158.248
9939.000,158.248
9940.000,237.372
9941.000,237.372
9942.000,237.372
9943.000,237.372
9944.000,237.372
9945.000,158.248
9946.000,158.248
9947.000,158.248
9948.000,237.372
9949.000,237.372
9950.000,237.372
9951.000,237.372
9952.000,237.372
9953.000,158.248
9954.000,158.248
9955.000,158.248
9956.000,158.248
9957.000,237.372
9958.000,237.372
9959.000,237.372
9960.000,237.372
9961.000,237.372
9962.000,158.248
9963.000,158.248
9964.000,158.248
9965.000,158.248
9966.000,237.372
9967.000,237.372
9968.000,237.372
9969.000,237.372
9970.000,158.248
9971.000,158.248
9972.000,158.248
9973.000,158.248
9974.000,237.372
9975.000,237.372
9976.000,237.372
9977.000,237.372
9978.000,237.372
9979.000,158.248
9980.000,158.248
9981.000,158.248
9982.000,158.248
9983.000,237.372
9984.000,237.372
9985.000,237.372
9986.000,237.372
9987.000,158.248
9988.000,158.248
9989.000,158.248
9990.000,237.372
9991.000,237.372
9992.000,237.372
9993.000,237.372
9994.000,237.372
9995.000,237.372
9996.000,158.248
9997.000,158.248
9998.000,237.372
9999.000,237.372
10000.000,237.372
10001.000,237.372
10002.000,237.372
10003.000,158.248
10004.000,158.248
10005.000,158.248
10006.000,237.372
10007.000,237.372
10008.000,237.372
10009.000,237.372
10010.000,237.372
10011.000,158.248
10012.000,158.248
10013.000,158.248
10014.000,158.248
10015.000,237.372
10016.000,237.372
10017.000,237.372
10018.000,237.372
10019.000,237.372
10020.000,158.248
10021.000,158.248
10022.000,158.248
10023.000,158.248
10024.000,237.372
10025.000,237.372
10026.000,237.372
10027.000,237.372
10028.000,158.248
10029.000,158.248
10030.000,158.248
10031.000,158.248
10032.000,237.372
10033.000,237.372
10034.000,237.372
10035.000,237.372
10036.000,237.372
10037.000,158.248
10038.000,158.248
10039.000,158.248
10040.000,158.248
10041.000,237.372
10042.000,237.372
10043.000,237.372
10044.000,237.372
10045.000,237.372
10046.000,158.248
10047.000,158.248
10048.000,158.248
10049.000,237.372
10050.000,237.372
10051.000,237.372
10052.000,237.372
10053.000,237.372
10054.000,158.248
10055.000,158.248
10056.000,158.248
10057.000,237.372
10058.000,237.372
10059.000,237.372
10060.000,237.372
10061.000,237.372
10062.000,158.248
10063.000,158.248
10064.000,158.248
10065.000,237.372
10066.000,237.372
10067.000,237.372
10068.000,237.372
10069.000,237.372
10070.000,158.248
10071.000,158.248
10072.000,158.248
10073.000,237.372
10074.000,237.372
10075.000,237.372
10076.000,237.372
10077.000,237.372
10078.000,158.248
10079.000,158.248
10080.000,158.248
10081.000,158.248
10082.000,237.372
10083.000,237.372
10084.000,237.372
10085.000,237.372
10086.000,158.248
10087.000,158.248
10088.000,158.248
10089.000,158.248
10090.000,237.372
10091.000,237.372
10092.000,237.372
10093.000,237.372
10094.000,237.372
10095.000,158.248
10096.000,158.248
10097.000,158.248
10098.000,158.248
10099.000,237.372
10100.000,237.372
10101.000,237.372
10102.000,237.372
10103.000,237.372
10104.000,158.248
10105.000,158.248
10106.000,158.248
10107.000,237.372
10108.000,237.372
10109.000,237.372
10110.000,237.372
10111.000,237.372
10112.000,158.248
10113.000,158.248
10114.000,158.248
10115.000,237.372
10116.000,237.372
10117.000,237.372
10118.000,237.372
10119.000,237.372
10120.000,158.248
10121.000,158.248
10122.000,158.248
10123.000,237.372
10124.000,237.372
10125.000,237.372
10126.000,237.372
10127.000,237.372
10128.000,158.248
10129.000,158.248
10130.000,158.248
10131.000,237.372
10132.000,237.372
10133.000,237.372
10134.000,237.372
10135.000,237.372
10136.000,158.248
10137.000,158.248
10138.000,158.248
10139.000,158.248
10140.000,237.372
10141.000,237.372
10142.000,237.372
10143.000,237.372
10144.000,237.372
10145.000,158.248
10146.000,158.248
10147.000,158.248
10148.000,158.248
10149.000,237.372
10150.000,237.372
10151.000,237.372
10152.000,237.372
10153.000,158.248
10154.000,158.248
10155.000,158.248
10156.000,158.248
10157.000,237.372
10158.000,237.372
10159.000,237.372
10160.000,237.372
10161.000,237.372
10162.000,158.248
10163.000,158.248
10164.000,158.248
10165.000,158.248
10166.000,237.372
10167.000,237.372
10168.000,237.372
10169.000,237.372
10170.000,158.248
10171.000,158.248
10172.000,158.248
10173.000,158.248
10174.000,237.372
10175.000,237.372
10176.000,237.372
10177.000,237.372
10178.000,158.248
10179.000,158.248
10180.000,158.248
10181.000,158.248
10182.000,237.372
10183.000,237.372
10184.000,237.372
10185.000,237.372
10186.000,158.248
10187.000,158.248
10188.000,158.248
10189.000,158.248
10190.000,237.372
10191.000,237.372
10192.000,237.372
10193.000,237.372
10194.000,237.372
10195.000,158.248
10196.000,158.248
10197.000,158.248
10198.000,158.248
10199.000,237.372
10200.000,237.372
10201.000,237.372
10202.000,237.372
10203.000,158.248
10204.000,158.248
10205.000,158.248
10206.000,158.248
10207.000,237.372
10208.000,237.372
10209.000,237.372
10210.000,237.372
10211.000,158.248
10212.000,158.248
10213.000,158.248
10214.000,158.248
10215.000,237.372
10216.000,237.372
10217.000,237.372
10218.000,237.372
10219.000,237.372
10220.000,158.248
10221.000,158.248
10222.000,158.248
10223.000,158.248
10224.000,237.372
10225.000,237.372
10226.000,237.372
10227.000,237.372
10228.000,158.248
10229.000,158.248
10230.000,158.248
10231.000,158.248
10232.000,237.372
10233.000,237.372
10234.000,237.372
10235.000,237.372
10236.000,237.372
10237.000,158.248
10238.000,158.248
10239.000,158.248
10240.000,237.372
10241.000,237.372
10242.000,237.372
10243.000,237.372
10244.000,237.372
10245.000,158.248
10246.000,158.248
10247.000,158.248
10248.000,237.372
10249.000,237.372
10250.000,237.372
10251.000,237.372
10252.000,237.372
10253.000,158.248
10254.000,158.248
10255.000,158.248
10256.000,158.248
10257.000,237.372
10258.000,237.372
10259.000,237.372
10260.000,237.372
10261.000,158.248
10262.000,158.248
10263.000,158.248
10264.000,158.248
10265.000,237.372
10266.000,237.372
10267.000,237.372
10268.000,237.372
10269.000,237.372
10270.000,158.248
10271.000,158.248
10272.000,158.248
10273.000,158.248
10274.000,237.372
10275.000,237.372
10276.000,237.372
10277.000,237.372
10278.000,158.248
10279.000,158.248
10280.000,158.248
10281.000,158.248
10282.000,237.372
10283.000,237.372
10284.000,237.372
10285.000,237.372
10286.000,237.372
10287.000,158.248
10288.000,158.248
10289.000,158.248
10290.000,158.248
10291.000,237.372
10292.000,237.372
10293.000,237.372
10294.000,237.372
10295.000,158.248
10296.000,158.248
10297.000,158.248
10298.000,237.372
10299.000,237.372
10300.000,237.372
10301.000,237.372
10302.000,237.372
10303.000,158.248
10304.000,158.248
10305.000,158.248
10306.000,158.248
10307.000,237.372
10308.000,237.372
10309.000,237.372
10310.000,237.372
10311.000,158.248
10312.000,158.248
10313.000,158.248
10314.000,158.248
10315.000,237.372
10316.000,237.372
10317.000,237.372
10318.000,237.372
10319.000,237.372
10320.000,158.248
10321.000,158.248
10322.000,158.248
10323.000,158.248
10324.000,237.372
10325.000,237.372
10326.000,237.372
10327.000,237.372
10328.000,158.248
10329.000,158.248
10330.000,158.248
10331.000,158.248
10332.000,237.372
10333.000,237.372
10334.000,237.372
10335.000,237.372
10336.000,158.248
10337.000,158.248
10338.000,158.248
10339.000,158.248
10340.000,158.248
10341.000,237.372
10342.000,237.372
10343.000,237.372
10344.000,237.372
10345.000,158.248
10346.000,158.248
10347.000,158.248
10348.000,158.248
10349.000,237.372
10350.000,237.372
10351.000,237.372
10352.000,237.372
10353.000,158.248
10354.000,158.248
10355.000,158.248
10356.000,158.248
10357.000,237.372
10358.000,237.372
10359.000,237.372
10360.000,237.372
10361.000,158.248
10362.000,158.248
10363.000,158.248
10364.000,158.248
10365.000,237.372
10366.000,237.372
10367.000,237.372
10368.000,237.372
10369.000,158.248
10370.000,158.248
10371.000,158.248
10372.000,158.248
10373.000,237.372
10374.000,237.372
10375.000,237.372
10376.000,237.372
10377.000,237.372
10378.000,158.248
10379.000,158.248
10380.000,158.248
10381.000,158.248
10382.000,237.372
10383.000,237.372
10384.000,237.372
10385.000,237.372
10386.000,158.248
10387.000,158.248
10388.000,158.248
10389.000,158.248
10390.000,237.372
10391.000,237.372
10392.000,237.372
10393.000,237.372
10394.000,237.372
10395.000,158.248
10396.000,158.248
10397.000,158.248
10398.000,158.248
10399.000,237.372
10400.000,237.372
10401.000,237.372
10402.000,237.372
10403.000,158.248
10404.000,158.248
10405.000,158.248
10406.000,158.248
10407.000,158.248
10408.000,237.372
10409.000,237.372
10410.000,237.372
10411.000,158.248
10412.000,158.248
10413.000,158.248
10414.000,158.248
10415.000,158.248
10416.000,237.372
10417.000,237.372
10418.000,237.372
10419.000,237.372
10420.000,158.248
10421.000,158.248
10422.000,158.248
10423.000,237.372
10424.000,237.372
10425.000,237.372
10426.000,237.372
10427.000,237.372
10428.000,158.248
10429.000,158.248
10430.000,158.248
10431.000,158.248
10432.000,237.372
10433.000,237.372
10434.000,237.372
10435.000,237.372
10436.000,158.248
10437.000,158.248
10438.000,158.248
10439.000,158.248
10440.000,237.372
10441.000,237.372
10442.000,237.372
10443.000,237.372
10444.000,158.248
10445.000,158.248
10446.000,158.248
10447.000,158.248
10448.000,158.248
10449.000,237.372
10450.000,237.372
10451.000,237.372
10452.000,237.372
10453.000,158.248
10454.000,158.248
10455.000,158.248
10456.000,158.248
10457.000,237.372
10458.000,237.372
10459.000,237.372
10460.000,237.372
10461.000,158.248
10462.000,158.248
10463.000,158.248
10464.000,158.248
10465.000,158.248
10466.000,237.372
10467.000,237.372
10468.000,237.372
10469.000,237.372
10470.000,158.248
10471.000,158.248
10472.000,158.248
10473.000,158.248
10474.000,237.372
10475.000,237.372
10476.000,237.372
10477.000,237.372
10478.000,158.248
10479.000,158.248
10480.000,158.248
10481.000,158.248
10482.000,237.372
10483.000,237.372
10484.000,237.372
10485.000,237.372
10486.000,158.248
10487.000,158.248
10488.000,158.248
10489.000,158.248
10490.000,237.372
10491.000,237.372
10492.000,237.372
10493.000,237.372
10494.000,158.248
10495.000,158.248
10496.000,158.248
10497.000,158.248
10498.000,237.372
10499.000,237.372
10500.000,237.372
10501.000,237.372
10502.000,237.372
10503.000,158.248
10504.000,158.248
10505.000,158.248
10506.000,158.248
10507.000,237.372
10508.000,237.372
10509.000,237.372
10510.000,237.372
10511.000,158.248
10512.000,158.248
10513.000,158.248
10514.000,158.248
10515.000,237.372
10516.000,237.372
10517.000,237.372
10518.000,237.372
10519.000,237.372
10520.000,158.248
10521.000,158.248
10522.000,158.248
10523.000,158.248
10524.000,237.372
10525.000,237.372
10526.000,237.372
10527.000,237.372
10528.000,158.248
10529.000,158.248
10530.000,158.248
10531.000,158.248
10532.000,237.372
10533.000,237.372
10534.000,237.372
10535.000,237.372
10536.000,237.372
10537.000,158.248
10538.000,158.248
10539.000,158.248
10540.000,237.372
10541.000,237.372
10542.000,237.372
10543.000,237.372
10544.000,237.372
10545.000,158.248
10546.000,158.248
10547.000,158.248
10548.000,158.248
10549.000,237.372
10550.000,237.372
10551.000,237.372
10552.000,237.372
10553.000,158.248
10554.000,158.248
10555.000,158.248
10556.000,158.248
10557.000,237.372
10558.000,237.372
10559.000,237.372
10560.000,237.372
10561.000,158.248
10562.000,158.248
10563.000,158.248
10564.000,158.248
10565.000,237.372
10566.000,237.372
10567.000,237.372
10568.000,237.372
10569.000,158.248
10570.000,158.248
10571.000,158.248
10572.000,158.248
10573.000,237.372
10574.000,237.372
10575.000,237.372
10576.000,237.372
10577.000,158.248
10578.000,158.248
10579.000,158.248
10580.000,158.248
10581.000,158.248
10582.000,237.372
10583.000,237.372
10584.000,237.372
10585.000,237.372
10586.000,158.248
10587.000,158.248
10588.000,158.248
10589.000,158.248
10590.000,237.372
10591.000,237.372
10592.000,237.372
10593.000,237.372
10594.000,237.372
10595.000,158.248
10596.000,158.248
10597.000,158.248
10598.000,158.248
10599.000,237.372
10600.000,237.372
10601.000,237.372
10602.000,237.372
10603.000,158.248
10604.000,158.248
10605.000,158.248
10606.000,158.248
10607.000,237.372
10608.000,237.372
10609.000,237.372
10610.000,237.372
10611.000,158.248
10612.000,158.248
10613.000,158.248
10614.000,158.248
10615.000,237.372
10616.000,237.372
10617.000,237.372
10618.000,237.372
10619.000,158.248
10620.000,158.248
10621.000,158.248
10622.000,158.248
10623.000,237.372
10624.000,237.372
10625.000,237.372
10626.000,237.372
10627.000,237.372
10628.000,158.248
10629.000,158.248
10630.000,158.248
10631.000,158.248
10632.000,237.372
10633.000,237.372
10634.000,237.372
10635.000,237.372
10636.000,158.248
10637.000,158.248
10638.000,158.248
10639.000,158.248
10640.000,237.372
10641.000,237.372
10642.000,237.372
10643.000,237.372
10644.000,237.372
10645.000,158.248
10646.000,158.248
10647.000,158.248
10648.000,158.248
10649.000,237.372
10650.000,237.372
10651.000,237.372
10652.000,237.372
10653.000,158.248
10654.000,158.248
10655.000,158.248
10656.000,158.248
10657.000,237.372
10658.000,237.372
10659.000,237.372
10660.000,237.372
10661.000,158.248
10662.000,158.248
10663.000,158.248
10664.000,158.248
10665.000,237.372
10666.000,237.372
10667.000,237.372
10668.000,237.372
10669.000,158.248
10670.000,158.248
10671.000,158.248
10672.000,158.248
10673.000,237.372
10674.000,237.372
10675.000,237.372
10676.000,237.372
10677.000,158.248
10678.000,158.248
10679.000,158.248
10680.000,158.248
10681.000,237.372
10682.000,237.372
10683.000,237.372
10684.000,237.372
10685.000,237.372
10686.000,158.248
10687.000,158.248
10688.000,158.248
10689.000,158.248
10690.000,237.372
10691.000,237.372
10692.000,237.372
10693.000,237.372
10694.000,158.248
10695.000,158.248
10696.000,158.248
10697.000,158.248
10698.000,237.372
10699.000,237.372
10700.000,237.372
10701.000,237.372
10702.000,237.372
10703.000,158.248
10704.000,158.248
10705.000,158.248
10706.000,158.248
10707.000,237.372
10708.000,237.372
10709.000,237.372
10710.000,237.372
10711.000,158.248
10712.000,158.248
10713.000,158.248
10714.000,158.248
10715.000,237.372
10716.000,237.372
10717.000,237.372
10718.000,237.372
10719.000,158.248
10720.000,158.248
10721.000,158.248
10722.000,158.248
10723.000,158.248
10724.000,237.372
10725.000,237.372
10726.000,237.372
10727.000,237.372
10728.000,158.248
10729.000,158.248
10730.000,158.248
10731.000,158.248
10732.000,237.372
10733.000,237.372
10734.000,237.372
10735.000,237.372
10736.000,158.248
10737.000,158.248
10738.000,158.248
10739.000,158.248
10740.000,237.372
10741.000,237.372
10742.000,237.372
10743.000,237.372
10744.000,158.248
10745.000,158.248
10746.000,158.248
10747.000,158.248
10748.000,237.372
10749.000,237.372
10750.000,237.372
10751.000,237.372
10752.000,237.372
10753.000,158.248
10754.000,158.248
10755.000,158.248
10756.000,158.248
10757.000,237.372
10758.000,237.372
10759.000,237.372
10760.000,237.372
10761.000,158.248
10762.000,158.248
10763.000,158.248
10764.000,158.248
10765.000,158.248
10766.000,237.372
10767.000,237.372
10768.000,237.372
10769.000,237.372
10770.000,158.248
10771.000,158.248
10772.000,158.248
10773.000,158.248
10774.000,237.372
10775.000,237.372
10776.000,237.372
10777.000,237.372
10778.000,158.248
10779.000,158.248
10780.000,158.248
10781.000,158.248
10782.000,237.372
10783.000,237.372
10784.000,237.372
10785.000,237.372
10786.000,158.248
10787.000,158.248
10788.000,158.248
10789.000,158.248
10790.000,237.372
10791.000,237.372
10792.000,237.372
10793.000,237.372
10794.000,158.248
10795.000,158.248
10796.000,158.248
10797.000,158.248
10798.000,237.372
10799.000,237.372
10800.000,237.372
10801.000,237.372
10802.000,158.248
10803.000,158.248
10804.000,158.248
10805.000,158.248
10806.000,158.248
10807.000,237.372
10808.000,237.372
10809.000,237.372
10810.000,237.372
10811.000,158.248
10812.000,158.248
10813.000,158.248
10814.000,158.248
10815.000,237.372
10816.000,237.372
10817.000,237.372
10818.000,237.372
10819.000,237.372
10820.000,158.248
10821.000,158.248
10822.000,158.248
10823.000,158.248
10824.000,237.372
10825.000,237.372
10826.000,237.372
10827.000,237.372
10828.000,158.248
10829.000,158.248
10830.000,158.248
10831.000,158.248
10832.000,237.372
10833.000,237.372
10834.000,237.372
10835.000,237.372
10836.000,158.248
10837.000,158.248
10838.000,158.248
10839.000,158.248
10840.000,158.248
10841.000,237.372
10842.000,237.372
10843.000,237.372
10844.000,158.248
10845.000,158.248
10846.000,158.248
10847.000,158.248
10848.000,237.372
10849.000,237.372
10850.000,237.372
10851.000,237.372
10852.000,158.248
10853.000,158.248
10854.000,158.248
10855.000,158.248
10856.000,158.248
10857.000,237.372
10858.000,237.372
10859.000,237.372
10860.000,237.372
10861.000,158.248
10862.000,158.248
10863.000,158.248
10864.000,158.248
10865.000,237.372
10866.000,237.372
10867.000,237.372
10868.000,237.372
10869.000,158.248
10870.000,158.248
10871.000,158.248
10872.000,158.248
10873.000,158.248
10874.000,237.372
10875.000,237.372
10876.000,237.372
10877.000,237.372
10878.000,158.248
10879.000,158.248
10880.000,158.248
10881.000,158.248
10882.000,237.372
10883.000,237.372
10884.000,237.372
10885.000,237.372
10886.000,158.248
10887.000,158.248
10888.000,158.248
10889.000,158.248
10890.000,158.248
10891.000,237.372
10892.000,237.372
10893.000,237.372
10894.000,237.372
10895.000,158.248
10896.000,158.248
10897.000,158.248
10898.000,158.248
10899.000,237.372
10900.000,237.372
10901.000,237.372
10902.000,237.372
10903.000,158.248
10904.000,158.248
10905.000,158.248
10906.000,158.248
10907.000,237.372
10908.000,237.372
10909.000,237.372
10910.000,237.372
10911.000,158.248
10912.000,158.248
10913.000,158.248
10914.000,158.248
10915.000,237.372
10916.000,237.372
10917.000,237.372
10918.000,237.372
10919.000,158.248
10920.000,158.248
10921.000,158.248
10922.000,158.248
10923.000,237.372
10924.000,237.372
10925.000,237.372
10926.000,237.372
10927.000,158.248
10928.000,158.248
10929.000,158.248
10930.000,158.248
10931.000,158.248
10932.000,237.372
10933.000,237.372
10934.000,237.372
10935.000,237.372
10936.000,158.248
10937.000,158.248
10938.000,158.248
10939.000,158.248
10940.000,237.372
10941.000,237.372
10942.000,237.372
10943.000,237.372
10944.000,158.248
10945.000,158.248
10946.000,158.248
10947.000,158.248
10948.000,158.248
10949.000,237.372
10950.000,237.372
10951.000,237.372
10952.000,237.372
10953.000,158.248
10954.000,158.248
10955.000,158.248
10956.000,158.248
10957.000,158.248
10958.000,237.372
10959.000,237.372
10960.000,237.372
10961.000,158.248
10962.000,158.248
10963.000,158.248
10964.000,158.248
10965.000,237.372
10966.000,237.372
10967.000,237.372
10968.000,237.372
10969.000,158.248
10970.000,158.248
10971.000,158.248
10972.000,158.248
10973.000,237.372
10974.000,237.372
10975.000,237.372
10976.000,237.372
10977.000,158.248
10978.000,158.248
10979.000,158.248
10980.000,158.248
10981.000,158.248
10982.000,237.372
10983.000,237.372
10984.000,237.372
10985.000,237.372
10986.000,158.248
10987.000,158.248
10988.000,158.248
10989.000,158.248
10990.000,237.372
10991.000,237.372
10992.000,237.372
10993.000,237.372
10994.000,158.248
10995.000,158.248
10996.000,158.248
10997.000,158.248
10998.000,158.248
10999.000,237.372
11000.000,237.372
11001.000,237.372
11002.000,237.372
11003.000,158.248
11004.000,158.248
11005.000,158.248
11006.000,158.248
11007.000,158.248
11008.000,237.372
11009.000,237.372
11010.000,237.372
11011.000,158.248
11012.000,158.248
11013.000,158.248
11014.000,158.248
11015.000,158.248
11016.000,237.372
11017.000,237.372
11018.000,237.372
11019.000,158.248
11020.000,158.248
11021.000,158.248
11022.000,158.248
11023.000,158.248
11024.000,237.372
11025.000,237.372
11026.000,237.372
11027.000,158.248
11028.000,158.248
11029.000,158.248
11030.000,158.248
11031.000,158.248
11032.000,237.372
11033.000,237.372
11034.000,237.372
11035.000,158.248
11036.000,158.248
11037.000,158.248
11038.000,158.248
11039.000,158.248
11040.000,237.372
11041.000,237.372
11042.000,237.372
11043.000,237.372
11044.000,158.248
11045.000,158.248
11046.000,158.248
11047.000,158.248
11048.000,158.248
11049.000,237.372
11050.000,237.372
11051.000,237.372
11052.000,158.248
11053.000,158.248
11054.000,158.248
11055.000,158.248
11056.000,158.248
11057.000,237.372
11058.000,237.372
11059.000,237.372
11060.000,237.372
11061.000,158.248
11062.000,158.248
11063.000,158.248
11064.000,158.248
11065.000,158.248
11066.000,237.372
11067.000,237.372
11068.000,237.372
11069.000,158.248
11070.000,158.248
11071.000,158.248
11072.000,158.248
11073.000,158.248
11074.000,237.372
11075.000,237.372
11076.000,237.372
11077.000,158.248
11078.000,158.248
11079.000,158.248
11080.000,158.248
11081.000,158.248
11082.000,158.248
11083.000,237.372
11084.000,237.372
11085.000,237.372
11086.000,158.248
11087.000,158.248
11088.000,158.248
11089.000,158.248
11090.000,237.372
11091.000,237.372
11092.000,237.372
11093.000,237.372
11094.000,158.248
11095.000,158.248
11096.000,158.248
11097.000,158.248
11098.000,158.248
11099.000,237.372
11100.000,237.372
11101.000,237.372
11102.000,158.248
11103.000,158.248
11104.000,158.248
11105.000,158.248
11106.000,158.248
11107.000,237.372
11108.000,237.372
11109.000,237.372
11110.000,237.372
11111.000,158.248
11112.000,158.248
11113.000,158.248
11114.000,158.248
11115.000,158.248
11116.000,237.372
11117.000,237.372
11118.000,237.372
11119.000,158.248
11120.000,158.248
11121.000,158.248
11122.000,158.248
11123.000,158.248
11124.000,237.372
11125.000,237.372
11126.000,237.372
11127.000,237.372
11128.000,158.248
11129.000,158.248
11130.000,158.248
11131.000,158.248
11132.000,158.248
11133.000,237.372
11134.000,237.372
11135.000,237.372
11136.000,158.248
11137.000,158.248
11138.000,158.248
11139.000,158.248
11140.000,158.248
11141.000,237.372
11142.000,237.372
11143.000,237.372
11144.000,158.248
11145.000,158.248
11146.000,158.248
11147.000,158.248
11148.000,158.248
11149.000,237.372
11150.000,237.372
11151.000,158.248
11152.000,158.248
11153.000,158.248
11154.000,158.248
11155.000,158.248
11156.000,158.248
11157.000,237.372
11158.000,237.372
11159.000,237.372
11160.000,158.248
11161.000,158.248
11162.000,158.248
11163.000,158.248
11164.000,158.248
11165.000,237.372
11166.000,237.372
11167.000,237.372
11168.000,237.372
11169.000,158.248
11170.000,158.248
11171.000,158.248
11172.000,158.248
11173.000,158.248
11174.000,237.372
11175.000,237.372
11176.000,237.372
11177.000,158.248
11178.000,158.248
11179.000,158.248
11180.000,158.248
11181.000,158.248
11182.000,158.248
11183.000,237.372
11184.000,237.372
11185.000,237.372
11186.000,158.248
11187.000,158.248
11188.000,158.248
11189.000,158.248
11190.000,158.248
11191.000,237.372
11192.000,237.372
11193.000,237.372
11194.000,158.248
11195.000,158.248
11196.000,158.248
11197.000,158.248
11198.000,158.248
11199.000,237.372
11200.000,237.372
11201.000,237.372
11202.000,158.248
11203.000,158.248
11204.000,158.248
11205.000,158.248
11206.000,158.248
11207.000,237.372
11208.000,237.372
11209.000,237.372
11210.000,158.248
11211.000,158.248
11212.000,158.248
11213.000,158.248
11214.000,158.248
11215.000,237.372
11216.000,237.372
11217.000,237.372
11218.000,158.248
11219.000,158.248
11220.000,158.248
11221.000,158.248
11222.000,158.248
11223.000,158.248
11224.000,237.372
11225.000,237.372
11226.000,237.372
11227.000,158.248
11228.000,158.248
11229.000,158.248
11230.000,158.248
11231.000,158.248
11232.000,237.372
11233.000,237.372
11234.000,237.372
11235.000,237.372
11236.000,158.248
11237.000,158.248
11238.000,158.248
11239.000,158.248
11240.000,158.248
11241.000,237.372
11242.000,237.372
11243.000,237.372
11244.000,158.248
11245.000,158.248
11246.000,158.248
11247.000,158.248
11248.000,158.248
11249.000,237.372
11250.000,237.372
11251.000,237.372
11252.000,237.372
11253.000,158.248
11254.000,158.248
11255.000,158.248
11256.000,158.248
11257.000,158.248
11258.000,237.372
11259.000,237.372
11260.000,237.372
11261.000,158.248
11262.000,158.248
11263.000,158.248
11264.000,158.248
11265.000,158.248
11266.000,237.372
11267.000,237.372
11268.000,158.248
11269.000,158.248
11270.000,158.248
11271.000,158.248
11272.000,158.248
11273.000,158.248
11274.000,237.372
11275.000,237.372
11276.000,237.372
11277.000,158.248
11278.000,158.248
11279.000,158.248
11280.000,158.248
11281.000,158.248
11282.000,237.372
11283.000,237.372
11284.000,237.372
11285.000,158.248
11286.000,158.248
11287.000,158.248
11288.000,158.248
11289.000,158.248
11290.000,237.372
11291.000,237.372
11292.000,237.372
11293.000,237.372
11294.000,158.248
11295.000,158.248
11296.000,158.248
11297.000,158.248
11298.000,158.248
11299.000,237.372
11300.000,237.372
11301.000,237.372
11302.000,158.248
11303.000,158.248
11304.000,158.248
11305.000,158.248
11306.000,158.248
11307.000,237.372
11308.000,237.372
11309.000,237.372
11310.000,237.372
11311.000,158.248
11312.000,158.248
11313.000,158.248
11314.000,158.248
11315.000,158.248
11316.000,237.372
11317.000,237.372
11318.000,237.372
11319.000,158.248
11320.000,158.248
11321.000,158.248
11322.000,158.248
11323.000,158.248
11324.000,237.372
11325.000,237.372
11326.000,237.372
11327.000,158.248
11328.000,158.248
11329.000,158.248
11330.000,158.248
11331.000,158.248
11332.000,158.248
11333.000,237.372
11334.000,237.372
11335.000,158.248
11336.000,158.248
11337.000,158.248
11338.000,158.248
11339.000,158.248
11340.000,237.372
11341.000,237.372
11342.000,237.372
11343.000,237.372
11344.000,158.248
11345.000,158.248
11346.000,158.248
11347.000,158.248
11348.000,158.248
11349.000,237.372
11350.000,237.372
11351.000,237.372
11352.000,158.248
11353.000,158.248
11354.000,158.248
11355.000,158.248
11356.000,158.248
11357.000,237.372
11358.000,237.372
11359.000,237.372
11360.000,237.372
11361.000,158.248
11362.000,158.248
11363.000,158.248
11364.000,158.248
11365.000,158.248
11366.000,237.372
11367.000,237.372
11368.000,237.372
11369.000,158.248
11370.000,158.248
11371.000,158.248
11372.000,158.248
11373.000,158.248
11374.000,237.372
11375.000,237.372
11376.000,237.372
11377.000,158.248
11378.000,158.248
11379.000,158.248
11380.000,158.248
11381.000,158.248
11382.000,237.372
11383.000,237.372
11384.000,237.372
11385.000,158.248
11386.000,158.248
11387.000,158.248
11388.000,158.248
11389.000,158.248
11390.000,158.248
11391.000,237.372
11392.000,237.372
11393.000,158.248
11394.000,158.248
11395.000,158.248
11396.000,158.248
11397.000,158.248
11398.000,158.248
11399.000,237.372
11400.000,237.372
11401.000,237.372
11402.000,158.248
11403.000,158.248
11404.000,158.248
11405.000,158.248
11406.000,158.248
11407.000,237.372
11408.000,237.372
11409.000,237.372
11410.000,158.248
11411.000,158.248
11412.000,158.248
11413.000,158.248
11414.000,158.248
11415.000,158.248
11416.000,237.372
11417.000,237.372
11418.000,237.372
11419.000,158.248
11420.000,158.248
11421.000,158.248
11422.000,158.248
11423.000,158.248
11424.000,237.372
11425.000,237.372
11426.000,237.372
11427.000,158.248
11428.000,158.248
11429.000,158.248
11430.000,158.248
11431.000,158.248
11432.000,158.248
11433.000,237.372
11434.000,237.372
11435.000,158.248
11436.000,158.248
11437.000,158.248
11438.000,158.248
11439.000,158.248
11440.000,158.248
11441.000,237.372
11442.000,237.372
11443.000,158.248
11444.000,158.248
11445.000,158.248
11446.000,158.248
11447.000,158.248
11448.000,158.248
11449.000,237.372
11450.000,237.372
11451.000,237.372
11452.000,158.248
11453.000,158.248
11454.000,158.248
11455.000,158.248
11456.000,158.248
11457.000,237.372
11458.000,237.372
11459.000,237.372
11460.000,158.248
11461.000,158.248
11462.000,158.248
11463.000,158.248
11464.000,158.248
11465.000,237.372
11466.000,237.372
11467.000,237.372
11468.000,237.372
11469.000,158.248
11470.000,158.248
11471.000,158.248
11472.000,158.248
11473.000,158.248
11474.000,237.372
11475.000,237.372
11476.000,237.372
11477.000,158.248
11478.000,158.248
11479.000,158.248
11480.000,158.248
11481.000,158.248
11482.000,237.372
11483.000,237.372
11484.000,237.372
11485.000,237.372
11486.000,158.248
11487.000,158.248
11488.000,158.248
11489.000,158.248
11490.000,158.248
11491.000,237.372
11492.000,237.372
11493.000,237.372
11494.000,158.248
11495.000,158.248
11496.000,158.248
11497.000,158.248
11498.000,158.248
11499.000,237.372
11500.000,237.372
11501.000,237.372
11502.000,158.248
11503.000,158.248
11504.000,158.248
11505.000,158.248
11506.000,158.248
11507.000,158.248
11508.000,237.372
11509.000,158.248
11510.000,158.248
11511.000,158.248
11512.000,158.248
11513.000,158.248
11514.000,158.248
11515.000,237.372
11516.000,237.372
11517.000,237.372
11518.000,158.248
11519.000,158.248
11520.000,158.248
11521.000,158.248
11522.000,158.248
11523.000,158.248
11524.000,237.372
11525.000,237.372
11526.000,237.372
11527.000,158.248
11528.000,158.248
11529.000,158.248
11530.000,158.248
11531.000,158.248
11532.000,237.372
11533.000,237.372
11534.000,237.372
11535.000,158.248
11536.000,158.248
11537.000,158.248
11538.000,158.248
11539.000,158.248
11540.000,158.248
11541.000,237.372
11542.000,237.372
11543.000,237.372
11544.000,158.248
11545.000,158.248
11546.000,158.248
11547.000,158.248
11548.000,158.248
11549.000,237.372
11550.000,237.372
11551.000,237.372
11552.000,158.248
11553.000,158.248
11554.000,158.248
11555.000,158.248
11556.000,158.248
11557.000,237.372
11558.000,237.372
11559.000,237.372
11560.000,158.248
11561.000,158.248
11562.000,158.248
11563.000,158.248
11564.000,158.248
11565.000,158.248
11566.000,237.372
11567.000,237.372
11568.000,158.248
11569.000,158.248
11570.000,158.248
11571.000,158.248
11572.000,158.248
11573.000,158.248
11574.000,237.372
11575.000,237.372
11576.000,237.372
11577.000,158.248
11578.000,158.248
11579.000,158.248
11580.000,158.248
11581.000,158.248
11582.000,237.372
11583.000,237.372
11584.000,237.372
11585.000,158.248
11586.000,158.248
11587.000,158.248
11588.000,158.248
11589.000,158.248
11590.000,237.372
11591.000,237.372
11592.000,237.372
11593.000,237.372
11594.000,158.248
11595.000,158.248
11596.000,158.248
11597.000,158.248
11598.000,158.248
11599.000,237.372
11600.000,237.372
11601.000,237.372
11602.000,158.248
11603.000,158.248
11604.000,158.248
11605.000,158.248
11606.000,158.248
11607.000,237.372
11608.000,237.372
11609.000,237.372
11610.000,158.248
11611.000,158.248
11612.000,158.248
11613.000,158.248
11614.000,158.248
11615.000,158.248
11616.000,237.372
11617.000,237.372
11618.000,237.372
11619.000,158.248
11620.000,158.248
11621.000,158.248
11622.000,158.248
11623.000,158.248
11624.000,237.372
11625.000,237.372
11626.000,237.372
11627.000,158.248
11628.000,158.248
11629.000,158.248
11630.000,158.248
11631.000,158.248
11632.000,237.372
11633.000,237.372
11634.000,237.372
11635.000,158.248
11636.000,158.248
11637.000,158.248
11638.000,158.248
11639.000,158.248
11640.000,237.372
11641.000,237.372
11642.000,237.372
11643.000,158.248
11644.000,158.248
11645.000,158.248
11646.000,158.248
11647.000,158.248
11648.000,158.248
11649.000,237.372
11650.000,237.372
11651.000,158.248
11652.000,158.248
11653.000,158.248
11654.000,158.248
11655.000,158.248
11656.000,158.248
11657.000,237.372
11658.000,237.372
11659.000,237.372
11660.000,158.248
11661.000,158.248
11662.000,158.248
11663.000,158.248
11664.000,158.248
11665.000,237.372
11666.000,237.372
11667.000,237.372
11668.000,237.372
11669.000,158.248
11670.000,158.248
11671.000,158.248
11672.000,158.248
11673.000,158.248
11674.000,237.372
11675.000,237.372
11676.000,237.372
11677.000,158.248
11678.000,158.248
11679.000,158.248
11680.000,158.248
11681.000,158.248
11682.000,158.248
11683.000,237.372
11684.000,237.372
11685.000,158.248
11686.000,158.248
11687.000,158.248
11688.000,158.248
11689.000,158.248
11690.000,158.248
11691.000,237.372
11692.000,237.372
11693.000,158.248
11694.000,158.248
11695.000,158.248
11696.000,158.248
11697.000,158.248
11698.000,158.248
11699.000,237.372
11700.000,237.372
11701.000,158.248
11702.000,158.248
11703.000,158.248
11704.000,158.248
11705.000,158.248
11706.000,158.248
11707.000,237.372
11708.000,237.372
11709.000,237.372
11710.000,158.248
11711.000,158.248
11712.000,158.248
11713.000,158.248
11714.000,158.248
11715.000,237.372
11716.000,237.372
11717.000,237.372
11718.000,158.248
11719.000,158.248
11720.000,158.248
11721.000,158.248
11722.000,158.248
11723.000,158.248
11724.000,237.372
11725.000,237.372
11726.000,237.372
11727.000,158.248
11728.000,158.248
11729.000,158.248
11730.000,158.248
11731.000,158.248
11732.000,158.248
11733.000,237.372
11734.000,237.372
11735.000,158.248
11736.000,158.248
11737.000,158.248
11738.000,158.248
11739.000,158.248
11740.000,158.248
11741.000,237.372
11742.000,237.372
11743.000,158.248
11744.000,158.248
11745.000,158.248
11746.000,158.248
11747.000,158.248
11748.000,158.248
11749.000,158.248
11750.000,237.372
11751.000,158.248
11752.000,158.248
11753.000,158.248
11754.000,158.248
11755.000,158.248
11756.000,158.248
11757.000,158.248
11758.000,237.372
11759.000,158.248
11760.000,158.248
11761.000,158.248
11762.000,158.248
11763.000,158.248
11764.000,158.248
11765.000,158.248
11766.000,237.372
11767.000,237.372
11768.000,158.248
11769.000,158.248
11770.000,158.248
11771.000,158.248
11772.000,158.248
11773.000,237.372
11774.000,237.372
11775.000,237.372
11776.000,158.248
11777.000,158.248
11778.000,158.248
11779.000,158.248
11780.000,158.248
11781.000,158.248
11782.000,237.372
11783.000,237.372
11784.000,237.372
11785.000,158.248
11786.000,158.248
11787.000,158.248
11788.000,158.248
11789.000,158.248
11790.000,237.372
11791.000,237.372
11792.000,237.372
11793.000,158.248
11794.000,158.248
11795.000,158.248
11796.000,158.248
11797.000,158.248
11798.000,158.248
11799.000,237.372
11800.000,237.372
11801.000,237.372
11802.000,158.248
11803.000,158.248
11804.000,158.248
11805.000,158.248
11806.000,158.248
11807.000,158.248
11808.000,237.372
11809.000,237.372
11810.000,158.248
11811.000,158.248
11812.000,158.248
11813.000,158.248
11814.000,158.248
11815.000,158.248
11816.000,158.248
11817.000,158.248
11818.000,158.248
11819.000,158.248
11820.000,158.248
11821.000,158.248
11822.000,158.248
11823.000,158.248
11824.000,237.372
11825.000,237.372
11826.000,158.248
11827.000,158.248
11828.000,158.248
11829.000,158.248
11830.000,158.248
11831.000,158.248
11832.000,237.372
11833.000,237.372
11834.000,158.248
11835.000,158.248
11836.000,158.248
11837.000,158.248
11838.000,158.248
11839.000,158.248
11840.000,237.372
11841.000,237.372
11842.000,237.372
11843.000,158.248
11844.000,158.248
11845.000,158.248
11846.000,158.248
11847.000,158.248
11848.000,158.248
11849.000,237.372
11850.000,237.372
11851.000,237.372
11852.000,158.248
11853.000,158.248
11854.000,158.248
11855.000,158.248
11856.000,158.248
11857.000,158.248
11858.000,237.372
11859.000,237.372
11860.000,158.248
11861.000,158.248
11862.000,158.248
11863.000,158.248
11864.000,158.248
11865.000,158.248
11866.000,237.372
11867.000,158.248
11868.000,158.248
11869.000,158.248
11870.000,158.248
11871.000,158.248
11872.000,158.248
11873.000,158.248
11874.000,158.248
11875.000,158.248
11876.000,158.248
11877.000,158.248
11878.000,158.248
11879.000,158.248
11880.000,158.248
11881.000,158.248
11882.000,237.372
11883.000,237.372
11884.000,158.248
11885.000,158.248
11886.000,158.248
11887.000,158.248
11888.000,158.248
11889.000,158.248
11890.000,237.372
11891.000,237.372
11892.000,237.372
11893.000,158.248
11894.000,158.248
11895.000,158.248
11896.000,158.248
11897.000,158.248
11898.000,158.248
11899.000,237.372
11900.000,237.372
11901.000,158.248
11902.000,158.248
11903.000,158.248
11904.000,158.248
11905.000,158.248
11906.000,158.248
11907.000,237.372
11908.000,237.372
11909.000,237.372
11910.000,158.248
11911.000,158.248
11912.000,158.248
11913.000,158.248
11914.000,158.248
11915.000,158.248
11916.000,237.372
11917.000,237.372
11918.000,158.248
11919.000,158.248
11920.000,158.248
11921.000,158.248
11922.000,158.248
11923.000,158.248
11924.000,158.248
11925.000,237.372
11926.000,158.248
11927.000,158.248
11928.000,158.248
11929.000,158.248
11930.000,158.248
11931.000,158.248
11932.000,158.248
11933.000,237.372
11934.000,158.248
11935.000,158.248
11936.000,158.248
11937.000,158.248
11938.000,158.248
11939.000,158.248
11940.000,158.248
11941.000,237.372
11942.000,158.248
11943.000,158.248
11944.000,158.248
11945.000,158.248
11946.000,158.248
11947.000,158.248
11948.000,158.248
11949.000,237.372
11950.000,237.372
11951.000,158.248
11952.000,158.248
11953.000,158.248
11954.000,158.248
11955.000,158.248
11956.000,158.248
11957.000,237.372
11958.000,237.372
11959.000,158.248
11960.000,158.248
11961.000,158.248
11962.000,158.248
11963.000,158.248
11964.000,158.248
11965.000,158.248
11966.000,237.372
11967.000,237.372
11968.000,158.248
11969.000,158.248
11970.000,158.248
11971.000,158.248
11972.000,158.248
11973.000,158.248
11974.000,237.372
11975.000,237.372
11976.000,237.372
11977.000,158.248
11978.000,158.248
11979.000,158.248
11980.000,158.248
11981.000,158.248
11982.000,158.248
11983.000,237.372
11984.000,158.248
11985.000,158.248
11986.000,158.248
11987.000,158.248
11988.000,158.248
11989.000,158.248
11990.000,158.248
11991.000,158.248
11992.000,158.248
11993.000,158.248
11994.000,158.248
11995.000,158.248
11996.000,158.248
11997.000,158.248
11998.000,158.248
11999.000,158.248
12000.000,158.248
12001.000,158.248
12002.000,158.248
12003.000,158.248
12004.000,158.248
12005.000,158.248
12006.000,158.248
12007.000,237.372
12008.000,237.372
12009.000,158.248
12010.000,158.248
12011.000,158.248
12012.000,158.248
12013.000,158.248
12014.000,158.248
12015.000,237.372
12016.000,237.372
12017.000,237.372
12018.000,158.248
12019.000,158.248
12020.000,158.248
12021.000,158.248
12022.000,158.248
12023.000,158.248
12024.000,237.372
12025.000,237.372
12026.000,158.248
12027.000,158.248
12028.000,158.248
12029.000,158.248
12030.000,158.248
12031.000,158.248
12032.000,158.248
12033.000,237.372
12034.000,237.372
12035.000,158.248
12036.000,158.248
12037.000,158.248
12038.000,158.248
12039.000,158.248
12040.000,158.248
12041.000,158.248
12042.000,237.372
12043.000,158.248
12044.000,158.248
12045.000,158.248
12046.000,158.248
12047.000,158.248
12048.000,158.248
12049.000,158.248
12050.000,158.248
12051.000,158.248
12052.000,158.248
12053.000,158.248
12054.000,158.248
12055.000,158.248
12056.000,158.248
12057.000,158.248
12058.000,158.248
12059.000,158.248
12060.000,158.248
12061.000,158.248
12062.000,158.248
12063.000,158.248
12064.000,158.248
12065.000,158.248
12066.000,237.372
12067.000,158.248
12068.000,158.248
12069.000,158.248
12070.000,158.248
12071.000,158.248
12072.000,158.248
12073.000,158.248
12074.000,237.372
12075.000,237.372
12076.000,158.248
12077.000,158.248
12078.000,158.248
12079.000,158.248
12080.000,158.248
12081.000,158.248
12082.000,237.372
12083.000,237.372
12084.000,237.372
12085.000,158.248
12086.000,158.248
12087.000,158.248
12088.000,158.248
12089.000,158.248
12090.000,158.248
12091.000,237.372
12092.000,237.372
12093.000,158.248
12094.000,158.248
12095.000,158.248
12096.000,158.248
12097.000,158.248
12098.000,158.248
12099.000,158.248
12100.000,237.372
12101.000,158.248
12102.000,158.248
12103.000,158.248
12104.000,158.248
12105.000,158.248
12106.000,158.248
12107.000,158.248
12108.000,158.248
12109.000,158.248
12110.000,158.248
12111.000,158.248
12112.000,158.248
12113.000,158.248
12114.000,158.248
12115.000,158.248
12116.000,158.248
12117.000,158.248
12118.000,158.248
12119.000,158.248
12120.000,158.248
12121.000,158.248
12122.000,158.248
12123.000,158.248
12124.000,158.248
12125.000,158.248
12126.000,158.248
12127.000,158.248
12128.000,158.248
12129.000,158.248
12130.000,158.248
12131.000,158.248
12132.000,237.372
12133.000,237.372
12134.000,158.248
12135.000,158.248
12136.000,158.248
12137.000,158.248
12138.000,158.248
12139.000,158.248
12140.000,237.372
12141.000,237.372
12142.000,158.248
12143.000,158.248
12144.000,158.248
12145.000,158.248
12146.000,158.248
12147.000,158.248
12148.000,158.248
12149.000,237.372
12150.000,237.372
12151.000,158.248
12152.000,158.248
12153.000,158.248
12154.000,158.248
12155.000,158.248
12156.000,158.248
12157.000,158.248
12158.000,237.372
12159.000,237.372
12160.000,158.248
12161.000,158.248
12162.000,158.248
12163.000,158.248
12164.000,158.248
12165.000,158.248
12166.000,237.372
12167.000,237.372
12168.000,158.248
12169.000,158.248
12170.000,158.248
12171.000,158.248
12172.000,158.248
12173.000,158.248
12174.000,158.248
12175.000,158.248
12176.000,158.248
12177.000,158.248
12178.000,158.248
12179.000,158.248
12180.000,158.248
12181.000,158.248
12182.000,158.248
12183.000,158.248
12184.000,158.248
12185.000,158.248
12186.000,158.248
12187.000,158.248
12188.000,158.248
12189.000,158.248
12190.000,158.248
12191.000,158.248
12192.000,158.248
12193.000,158.248
12194.000,158.248
12195.000,158.248
12196.000,158.248
12197.000,158.248
12198.000,158.248
12199.000,237.372
12200.000,237.372
12201.000,158.248
12202.000,158.248
12203.000,158.248
12204.000,158.248
12205.000,158.248
12206.000,158.248
12207.000,237.372
12208.000,237.372
12209.000,158.248
12210.000,158.248
12211.000,158.248
12212.000,158.248
12213.000,158.248
12214.000,158.248
12215.000,158.248
12216.000,237.372
12217.000,237.372
12218.000,158.248
12219.000,158.248
12220.000,158.248
12221.000,158.248
12222.000,158.248
12223.000,158.248
12224.000,158.248
12225.000,158.248
12226.000,158.248
12227.000,158.248
12228.000,158.248
12229.000,158.248
12230.000,158.248
12231.000,158.248
12232.000,158.248
12233.000,158.248
12234.000,158.248
12235.000,158.248
12236.000,158.248
12237.000,158.248
12238.000,158.248
12239.000,158.248
12240.000,158.248
12241.000,158.248
12242.000,158.248
12243.000,158.248
12244.000,158.248
12245.000,158.248
12246.000,158.248
12247.000,158.248
12248.000,158.248
12249.000,237.372
12250.000,158.248
12251.000,158.248
12252.000,158.248
12253.000,158.248
12254.000,158.248
12255.000,158.248
12256.000,158.248
12257.000,237.372
12258.000,237.372
12259.000,158.248
12260.000,158.248
12261.000,158.248
12262.000,158.248
12263.000,158.248
12264.000,158.248
12265.000,158.248
12266.000,237.372
12267.000,237.372
12268.000,158.248
12269.000,158.248
12270.000,158.248
12271.000,158.248
12272.000,158.248
12273.000,158.248
12274.000,158.248
12275.000,237.372
12276.000,158.248
12277.000,158.248
12278.000,158.248
12279.000,158.248
12280.000,158.248
12281.000,158.248
12282.000,158.248
12283.000,237.372
12284.000,158.248
12285.000,158.248
12286.000,158.248
12287.000,158.248
12288.000,158.248
12289.000,158.248
12290.000,158.248
12291.000,158.248
12292.000,158.248
12293.000,158.248
12294.000,158.248
12295.000,158.248
12296.000,158.248
12297.000,158.248
12298.000,158.248
12299.000,158.248
12300.000,158.248
12301.000,158.248
12302.000,158.248
12303.000,158.248
12304.000,158.248
12305.000,158.248
12306.000,158.248
12307.000,158.248
12308.000,158.248
12309.000,158.248
12310.000,158.248
12311.000,158.248
12312.000,158.248
12313.000,158.248
12314.000,158.248
12315.000,158.248
12316.000,158.248
12317.000,158.248
12318.000,158.248
12319.000,158.248
12320.000,158.248
12321.000,158.248
12322.000,158.248
12323.000,158.248
12324.000,237.372
12325.000,237.372
12326.000,158.248
12327.000,158.248
12328.000,158.248
12329.000,158.248
12330.000,158.248
12331.000,158.248
12332.000,158.248
12333.000,158.248
12334.000,158.248
12335.000,158.248
12336.000,158.248
12337.000,158.248
12338.000,158.248
12339.000,158.248
12340.000,158.248
12341.000,158.248
12342.000,158.248
12343.000,158.248
12344.000,158.248
12345.000,158.248
12346.000,158.248
12347.000,158.248
12348.000,158.248
12349.000,158.248
12350.000,158.248
12351.000,158.248
12352.000,158.248
12353.000,158.248
12354.000,158.248
12355.000,158.248
12356.000,158.248
12357.000,158.248
12358.000,158.248
12359.000,158.248
12360.000,158.248
12361.000,158.248
12362.000,158.248
12363.000,158.248
12364.000,158.248
12365.000,158.248
12366.000,158.248
12367.000,158.248
12368.000,158.248
12369.000,158.248
12370.000,158.248
12371.000,158.248
12372.000,158.248
12373.000,158.248
12374.000,237.372
12375.000,237.372
12376.000,158.248
12377.000,158.248
12378.000,158.248
12379.000,158.248
12380.000,158.248
12381.000,158.248
12382.000,237.372
12383.000,237.372
12384.000,158.248
12385.000,158.248
12386.000,158.248
12387.000,158.248
12388.000,158.248
12389.000,158.248
12390.000,158.248
12391.000,237.372
12392.000,237.372
12393.000,158.248
12394.000,158.248
12395.000,158.248
12396.000,158.248
12397.000,158.248
12398.000,158.248
12399.000,158.248
12400.000,237.372
12401.000,158.248
12402.000,158.248
12403.000,158.248
12404.000,158.248
12405.000,158.248
12406.000,158.248
12407.000,158.248
12408.000,158.248
12409.000,158.248
12410.000,158.248
12411.000,158.248
12412.000,158.248
12413.000,158.248
12414.000,158.248
12415.000,158.248
12416.000,158.248
12417.000,158.248
12418.000,158.248
12419.000,158.248
12420.000,158.248
12421.000,158.248
12422.000,158.248
12423.000,158.248
12424.000,158.248
12425.000,158.248
12426.000,158.248
12427.000,158.248
12428.000,158.248
12429.000,158.248
12430.000,158.248
12431.000,158.248
12432.000,158.248
12433.000,158.248
12434.000,158.248
12435.000,158.248
12436.000,158.248
12437.000,158.248
12438.000,158.248
12439.000,158.248
12440.000,158.248
12441.000,237.372
12442.000,158.248
12443.000,158.248
12444.000,158.248
12445.000,158.248
12446.000,158.248
12447.000,158.248
12448.000,158.248
12449.000,237.372
12450.000,237.372
12451.000,158.248
12452.000,158.248
12453.000,158.248
12454.000,158.248
12455.000,158.248
12456.000,158.248
12457.000,158.248
12458.000,237.372
12459.000,158.248
12460.000,158.248
12461.000,158.248
12462.000,158.248
12463.000,158.248
12464.000,158.248
12465.000,158.248
12466.000,158.248
12467.000,237.372
12468.000,158.248
12469.000,158.248
12470.000,158.248
12471.000,158.248
12472.000,158.248
12473.000,158.248
12474.000,158.248
12475.000,158.248
12476.000,158.248
12477.000,158.248
12478.000,158.248
12479.000,158.248
12480.000,158.248
12481.000,158.248
12482.000,158.248
12483.000,158.248
12484.000,158.248
12485.000,158.248
12486.000,158.248
12487.000,158.248
12488.000,158.248
12489.000,158.248
12490.000,158.248
12491.000,158.248
12492.000,158.248
12493.000,158.248
12494.000,158.248
12495.000,158.248
12496.000,158.248
12497.000,158.248
12498.000,158.248
12499.000,158.248
12500.000,158.248
12501.000,158.248
12502.000,158.248
12503.000,79.124
12504.000,158.248
12505.000,158.248
12506.000,158.248
12507.000,237.372
12508.000,237.372
12509.000,158.248
12510.000,158.248
12511.000,158.248
12512.000,79.124
12513.000,158.248
12514.000,158.248
12515.000,158.248
12516.000,237.372
12517.000,237.372
12518.000,158.248
12519.000,158.248
12520.000,79.124
12521.000,79.124
12522.000,158.248
12523.000,158.248
12524.000,158.248
12525.000,237.372
12526.000,158.248
12527.000,158.248
12528.000,158.248
12529.000,158.248
12530.000,158.248
12531.000,158.248
12532.000,158.248
12533.000,237.372
12534.000,158.248
12535.000,158.248
12536.000,158.248
12537.000,158.248
12538.000,158.248
12539.000,158.248
12540.000,158.248
12541.000,158.248
12542.000,158.248
12543.000,158.248
12544.000,158.248
12545.000,158.248
12546.000,158.248
12547.000,158.248
12548.000,158.248
12549.000,158.248
12550.000,158.248
12551.000,158.248
12552.000,158.248
12553.000,158.248
12554.000,158.248
12555.000,158.248
12556.000,158.248
12557.000,158.248
12558.000,158.248
12559.000,158.248
12560.000,158.248
12561.000,158.248
12562.000,158.248
12563.000,158.248
12564.000,158.248
12565.000,158.248
12566.000,237.372
12567.000,158.248
12568.000,158.248
12569.000,158.248
12570.000,79.124
12571.000,79.124
12572.000,158.248
12573.000,158.248
12574.000,158.248
12575.000,158.248
12576.000,158.248
12577.000,158.248
12578.000,158.248
12579.000,79.124
12580.000,158.248
12581.000,158.248
12582.000,158.248
12583.000,237.372
12584.000,158.248
12585.000,158.248
12586.000,158.248
12587.000,158.248
12588.000,158.248
12589.000,158.248
12590.000,158.248
12591.000,158.248
12592.000,158.248
12593.000,158.248
12594.000,158.248
12595.000,158.248
12596.000,158.248
12597.000,158.248
12598.000,158.248
12599.000,158.248
12600.000,158.248
12601.000,158.248
12602.000,158.248
12603.000,158.248
12604.000,158.248
12605.000,158.248
12606.000,158.248
12607.000,158.248
12608.000,158.248
12609.000,158.248
12610.000,158.248
12611.000,158.248
12612.000,158.248
12613.000,158.248
12614.000,158.248
12615.000,158.248
12616.000,158.248
12617.000,158.248
12618.000,158.248
12619.000,158.248
12620.000,158.248
12621.000,158.248
12622.000,158.248
12623.000,158.248
12624.000,158.248
12625.000,158.248
12626.000,158.248
12627.000,158.248
12628.000,158.248
12629.000,79.124
12630.000,158.248
12631.000,158.248
12632.000,158.248
12633.000,237.372
12634.000,158.248
12635.000,158.248
12636.000,158.248
12637.000,79.124
12638.000,158.248
12639.000,158.248
12640.000,158.248
12641.000,158.248
12642.000,158.248
12643.000,158.248
12644.000,158.248
12645.000,79.124
12646.000,79.124
12647.000,158.248
12648.000,158.248
12649.000,158.248
12650.000,237.372
12651.000,158.248
12652.000,158.248
12653.000,158.248
12654.000,79.124
12655.000,158.248
12656.000,158.248
12657.000,158.248
12658.000,158.248
12659.000,158.248
12660.000,158.248
12661.000,158.248
12662.000,158.248
12663.000,158.248
12664.000,158.248
12665.000,158.248
12666.000,158.248
12667.000,158.248
12668.000,158.248
12669.000,158.248
12670.000,158.248
12671.000,158.248
12672.000,158.248
12673.000,158.248
12674.000,158.248
12675.000,158.248
12676.000,158.248
12677.000,158.248
12678.000,158.248
12679.000,158.248
12680.000,158.248
12681.000,158.248
12682.000,158.248
12683.000,158.248
12684.000,158.248
12685.000,158.248
12686.000,158.248
12687.000,158.248
12688.000,158.248
12689.000,158.248
12690.000,158.248
12691.000,158.248
12692.000,158.248
12693.000,158.248
12694.000,158.248
12695.000,79.124
12696.000,79.124
12697.000,158.248
12698.000,158.248
12699.000,237.372
12700.000,158.248
12701.000,158.248
12702.000,158.248
12703.000,158.248
12704.000,79.124
12705.000,158.248
12706.000,158.248
12707.000,158.248
12708.000,158.248
12709.000,158.248
12710.000,158.248
12711.000,158.248
12712.000,79.124
12713.000,158.248
12714.000,158.248
12715.000,158.248
12716.000,158.248
12717.000,158.248
12718.000,158.248
12719.000,158.248
12720.000,158.248
12721.000,158.248
12722.000,158.248
12723.000,158.248
12724.000,158.248
12725.000,158.248
12726.000,158.248
12727.000,158.248
12728.000,158.248
12729.000,158.248
12730.000,158.248
12731.000,158.248
12732.000,158.248
12733.000,158.248
12734.000,158.248
12735.000,158.248
12736.000,158.248
12737.000,79.124
12738.000,158.248
12739.000,158.248
12740.000,158.248
12741.000,158.248
12742.000,158.248
12743.000,158.248
12744.000,158.248
12745.000,79.124
12746.000,79.124
12747.000,158.248
12748.000,158.248
12749.000,237.372
12750.000,237.372
12751.000,158.248
12752.000,158.248
12753.000,79.124
12754.000,79.124
12755.000,158.248
12756.000,158.248
12757.000,158.248
12758.000,237.372
12759.000,158.248
12760.000,158.248
12761.000,158.248
12762.000,79.124
12763.000,79.124
12764.000,158.248
12765.000,158.248
12766.000,158.248
12767.000,158.248
12768.000,158.248
12769.000,158.248
12770.000,158.248
12771.000,79.124
12772.000,158.248
12773.000,158.248
12774.000,158.248
12775.000,158.248
12776.000,158.248
12777.000,158.248
12778.000,158.248
12779.000,158.248
12780.000,158.248
12781.000,158.248
12782.000,158.248
12783.000,158.248
12784.000,158.248
12785.000,158.248
12786.000,158.248
12787.000,158.248
12788.000,158.248
12789.000,158.248
12790.000,158.248
12791.000,158.248
12792.000,158.248
12793.000,158.248
12794.000,158.248
12795.000,79.124
12796.000,158.248
12797.000,158.248
12798.000,158.248
12799.000,158.248
12800.000,158.248
12801.000,158.248
12802.000,158.248
12803.000,79.124
12804.000,79.124
12805.000,158.248
12806.000,158.248
12807.000,158.248
12808.000,158.248
12809.000,158.248
12810.000,158.248
12811.000,79.124
12812.000,79.124
12813.000,158.248
12814.000,158.248
12815.000,158.248
12816.000,237.372
12817.000,158.248
12818.000,158.248
12819.000,158.248
12820.000,79.124
12821.000,79.124
12822.000,158.248
12823.000,158.248
12824.000,158.248
12825.000,237.372
12826.000,158.248
12827.000,158.248
12828.000,79.124
12829.000,79.124
12830.000,158.248
12831.000,158.248
12832.000,158.248
12833.000,158.248
12834.000,158.248
12835.000,158.248
12836.000,158.248
12837.000,158.248
12838.000,158.248
12839.000,158.248
12840.000,158.248
12841.000,158.248
12842.000,158.248
12843.000,158.248
12844.000,158.248
12845.000,158.248
12846.000,158.248
12847.000,158.248
12848.000,158.248
12849.000,158.248
12850.000,158.248
12851.000,158.248
12852.000,158.248
12853.000,79.124
12854.000,158.248
12855.000,158.248
12856.000,158.248
12857.000,158.248
12858.000,158.248
12859.000,158.248
12860.000,158.248
12861.000,79.124
12862.000,79.124
12863.000,158.248
12864.000,158.248
12865.000,158.248
12866.000,237.372
12867.000,158.248
12868.000,158.248
12869.000,79.124
12870.000,79.124
12871.000,79.124
12872.000,158.248
12873.000,158.248
12874.000,237.372
12875.000,237.372
12876.000,158.248
12877.000,158.248
12878.000,79.124
12879.000,79.124
12880.000,79.124
12881.000,158.248
12882.000,158.248
12883.000,237.372
12884.000,158.248
12885.000,158.248
12886.000,158.248
12887.000,79.124
12888.000,79.124
12889.000,158.248
12890.000,158.248
12891.000,158.248
12892.000,158.248
12893.000,158.248
12894.000,158.248
12895.000,158.248
12896.000,158.248
12897.000,158.248
12898.000,158.248
12899.000,158.248
12900.000,158.248
12901.000,158.248
12902.000,158.248
12903.000,158.248
12904.000,158.248
12905.000,158.248
12906.000,158.248
12907.000,158.248
12908.000,158.248
12909.000,158.248
12910.000,158.248
12911.000,158.248
12912.000,158.248
12913.000,158.248
12914.000,158.248
12915.000,158.248
12916.000,158.248
12917.000,158.248
12918.000,158.248
12919.000,79.124
12920.000,79.124
12921.000,158.248
12922.000,158.248
12923.000,158.248
12924.000,158.248
12925.000,158.248
12926.000,158.248
12927.000,158.248
12928.000,79.124
12929.000,79.124
12930.000,158.248
12931.000,158.248
12932.000,158.248
12933.000,237.372
12934.000,158.248
12935.000,158.248
12936.000,79.124
12937.000,79.124
12938.000,79.124
12939.000,158.248
12940.000,158.248
12941.000,237.372
12942.000,158.248
12943.000,158.248
12944.000,158.248
12945.000,79.124
12946.000,79.124
12947.000,158.248
12948.000,158.248
12949.000,158.248
12950.000,158.248
12951.000,158.248
12952.000,158.248
12953.000,158.248
12954.000,79.124
12955.000,158.248
12956.000,158.248
12957.000,158.248
12958.000,158.248
12959.000,158.248
12960.000,158.248
12961.000,158.248
12962.000,158.248
12963.000,158.248
12964.000,158.248
12965.000,158.248
12966.000,158.248
12967.000,158.248
12968.000,158.248
12969.000,158.248
12970.000,158.248
12971.000,158.248
12972.000,158.248
12973.000,158.248
12974.000,158.248
12975.000,158.248
12976.000,158.248
12977.000,158.248
12978.000,79.124
12979.000,158.248
12980.000,158.248
12981.000,158.248
12982.000,158.248
12983.000,158.248
12984.000,158.248
12985.000,158.248
12986.000,79.124
12987.000,79.124
12988.000,158.248
12989.000,158.248
12990.000,158.248
12991.000,237.372
12992.000,158.248
12993.000,158.248
12994.000,158.248
12995.000,79.124
12996.000,79.124
12997.000,158.248
12998.000,158.248
12999.000,237.372
13000.000,158.248
13001.000,158.248
13002.000,158.248
13003.000,79.124
13004.000,79.124
13005.000,158.248
13006.000,158.248
13007.000,158.248
13008.000,158.248
13009.000,158.248
13010.000,158.248
13011.000,158.248
13012.000,79.124
13013.000,79.124
13014.000,158.248
13015.000,158.248
13016.000,158.248
13017.000,158.248
13018.000,158.248
13019.000,158.248
13020.000,79.124
13021.000,79.124
13022.000,158.248
13023.000,158.248
13024.000,158.248
13025.000,158.248
13026.000,158.248
13027.000,158.248
13028.000,158.248
13029.000,158.248
13030.000,158.248
13031.000,158.248
13032.000,158.248
13033.000,158.248
13034.000,158.248
13035.000,158.248
13036.000,79.124
13037.000,158.248
13038.000,158.248
13039.000,158.248
13040.000,158.248
13041.000,158.248
13042.000,158.248
13043.000,158.248
13044.000,79.124
13045.000,79.124
13046.000,158.248
13047.000,158.248
13048.000,158.248
13049.000,237.372
13050.000,158.248
13051.000,158.248
13052.000,158.248
13053.000,79.124
13054.000,79.124
13055.000,158.248
13056.000,158.248
13057.000,237.372
13058.000,237.372
13059.000,158.248
13060.000,158.248
13061.000,79.124
13062.000,79.124
13063.000,158.248
13064.000,158.248
13065.000,158.248
13066.000,158.248
13067.000,158.248
13068.000,158.248
13069.000,158.248
13070.000,79.124
13071.000,79.124
13072.000,158.248
13073.000,158.248
13074.000,158.248
13075.000,158.248
13076.000,158.248
13077.000,158.248
13078.000,79.124
13079.000,79.124
13080.000,158.248
13081.000,158.248
13082.000,158.248
13083.000,158.248
13084.000,158.248
13085.000,158.248
13086.000,79.124
13087.000,79.124
13088.000,158.248
13089.000,158.248
13090.000,158.248
13091.000,158.248
13092.000,158.248
13093.000,158.248
13094.000,79.124
13095.000,79.124
13096.000,158.248
13097.000,158.248
13098.000,158.248
13099.000,158.248
13100.000,158.248
13101.000,158.248
13102.000,158.248
13103.000,79.124
13104.000,79.124
13105.000,158.248
13106.000,158.248
13107.000,158.248
13108.000,158.248
13109.000,158.248
13110.000,158.248
13111.000,79.124
13112.000,79.124
13113.000,79.124
13114.000,158.248
13115.000,158.248
13116.000,158.248
13117.000,158.248
13118.000,158.248
13119.000,158.248
13120.000,79.124
13121.000,79.124
13122.000,158.248
13123.000,158.248
13124.000,158.248
13125.000,158.248
13126.000,158.248
13127.000,158.248
13128.000,79.124
13129.000,79.124
13130.000,158.248
13131.000,158.248
13132.000,158.248
13133.000,158.248
13134.000,158.248
13135.000,158.248
13136.000,158.248
13137.000,79.124
13138.000,158.248
13139.000,158.248
13140.000,158.248
13141.000,158.248
13142.000,158.248
13143.000,158.248
13144.000,158.248
13145.000,79.124
13146.000,158.248
13147.000,158.248
13148.000,158.248
13149.000,158.248
13150.000,158.248
13151.000,158.248
13152.000,158.248
13153.000,79.124
13154.000,79.124
13155.000,158.248
13156.000,158.248
13157.000,158.248
13158.000,158.248
13159.000,158.248
13160.000,158.248
13161.000,79.124
13162.000,79.124
13163.000,158.248
13164.000,158.248
13165.000,158.248
13166.000,158.248
13167.000,158.248
13168.000,158.248
13169.000,79.124
13170.000,79.124
13171.000,79.124
13172.000,158.248
13173.000,158.248
13174.000,158.248
13175.000,158.248
13176.000,158.248
13177.000,158.248
13178.000,79.124
13179.000,79.124
13180.000,158.248
13181.000,158.248
13182.000,158.248
13183.000,158.248
13184.000,158.248
13185.000,158.248
13186.000,79.124
13187.000,79.124
13188.000,158.248
13189.000,158.248
13190.000,158.248
13191.000,158.248
13192.000,158.248
13193.000,158.248
13194.000,158.248
13195.000,79.124
13196.000,79.124
13197.000,158.248
13198.000,158.248
13199.000,158.248
13200.000,158.248
13201.000,158.248
13202.000,158.248
13203.000,79.124
13204.000,158.248
13205.000,158.248
13206.000,158.248
13207.000,158.248
13208.000,158.248
13209.000,158.248
13210.000,158.248
13211.000,79.124
13212.000,79.124
13213.000,158.248
13214.000,158.248
13215.000,158.248
13216.000,158.248
13217.000,158.248
13218.000,158.248
13219.000,79.124
13220.000,79.124
13221.000,158.248
13222.000,158.248
13223.000,158.248
13224.000,158.248
13225.000,158.248
13226.000,158.248
13227.000,79.124
13228.000,79.124
13229.000,79.124
13230.000,158.248
13231.000,158.248
13232.000,158.248
13233.000,158.248
13234.000,158.248
13235.000,158.248
13236.000,79.124
13237.000,79.124
13238.000,79.124
13239.000,158.248
13240.000,158.248
13241.000,158.248
13242.000,158.248
13243.000,158.248
13244.000,158.248
13245.000,79.124
13246.000,79.124
13247.000,158.248
13248.000,158.248
13249.000,158.248
13250.000,158.248
13251.000,158.248
13252.000,158.248
13253.000,79.124
13254.000,79.124
13255.000,158.248
13256.000,158.248
13257.000,158.248
13258.000,158.248
13259.000,158.248
13260.000,158.248
13261.000,158.248
13262.000,158.248
13263.000,158.248
13264.000,158.248
13265.000,158.248
13266.000,158.248
13267.000,158.248
13268.000,158.248
13269.000,158.248
13270.000,158.248
13271.000,158.248
13272.000,158.248
13273.000,158.248
13274.000,158.248
13275.000,158.248
13276.000,158.248
13277.000,79.124
13278.000,79.124
13279.000,158.248
13280.000,158.248
13281.000,158.248
13282.000,158.248
13283.000,158.248
13284.000,158.248
13285.000,158.248
13286.000,79.124
13287.000,79.124
13288.000,158.248
13289.000,158.248
13290.000,158.248
13291.000,158.248
13292.000,158.248
13293.000,158.248
13294.000,79.124
13295.000,79.124
13296.000,158.248
13297.000,158.248
13298.000,158.248
13299.000,158.248
13300.000,158.248
13301.000,158.248
13302.000,158.248
13303.000,79.124
13304.000,79.124
13305.000,158.248
13306.000,158.248
13307.000,158.248
13308.000,158.248
13309.000,158.248
13310.000,158.248
13311.000,79.124
13312.000,79.124
13313.000,158.248
13314.000,158.248
13315.000,158.248
13316.000,158.248
13317.000,158.248
13318.000,158.248
13319.000,79.124
13320.000,79.124
13321.000,79.124
13322.000,158.248
13323.000,158.248
13324.000,158.248
13325.000,158.248
13326.000,158.248
13327.000,158.248
13328.000,79.124
13329.000,79.124
13330.000,158.248
13331.000,158.248
13332.000,158.248
13333.000,158.248
13334.000,158.248
13335.000,158.248
13336.000,79.124
13337.000,79.124
13338.000,158.248
13339.000,158.248
13340.000,158.248
13341.000,158.248
13342.000,158.248
13343.000,158.248
13344.000,79.124
13345.000,79.124
13346.000,158.248
13347.000,158.248
13348.000,158.248
13349.000,158.248
13350.000,158.248
13351.000,158.248
13352.000,79.124
13353.000,79.124
13354.000,79.124
13355.000,158.248
13356.000,158.248
13357.000,158.248
13358.000,158.248
13359.000,158.248
13360.000,158.248
13361.000,79.124
13362.000,79.124
13363.000,158.248
13364.000,158.248
13365.000,158.248
13366.000,158.248
13367.000,158.248
13368.000,158.248
13369.000,79.124
13370.000,79.124
13371.000,79.124
13372.000,158.248
13373.000,158.248
13374.000,158.248
13375.000,158.248
13376.000,158.248
13377.000,158.248
13378.000,79.124
13379.000,79.124
13380.000,158.248
13381.000,158.248
13382.000,158.248
13383.000,158.248
13384.000,158.248
13385.000,158.248
13386.000,158.248
13387.000,79.124
13388.000,158.248
13389.000,158.248
13390.000,158.248
13391.000,158.248
13392.000,158.248
13393.000,158.248
13394.000,158.248
13395.000,79.124
13396.000,158.248
13397.000,158.248
13398.000,158.248
13399.000,158.248
13400.000,158.248
13401.000,158.248
13402.000,79.124
13403.000,79.124
13404.000,158.248
13405.000,158.248
13406.000,158.248
13407.000,158.248
13408.000,158.248
13409.000,158.248
13410.000,158.248
13411.000,79.124
13412.000,79.124
13413.000,158.248
13414.000,158.248
13415.000,158.248
13416.000,158.248
13417.000,158.248
13418.000,158.248
13419.000,79.124
13420.000,79.124
13421.000,79.124
13422.000,158.248
13423.000,158.248
13424.000,158.248
13425.000,158.248
13426.000,158.248
13427.000,79.124
13428.000,79.124
13429.000,79.124
13430.000,158.248
13431.000,158.248
13432.000,158.248
13433.000,158.248
13434.000,158.248
13435.000,158.248
13436.000,79.124
13437.000,79.124
13438.000,79.124
13439.000,158.248
13440.000,158.248
13441.000,158.248
13442.000,158.248
13443.000,158.248
13444.000,158.248
13445.000,79.124
13446.000,79.124
13447.000,158.248
13448.000,158.248
13449.000,158.248
13450.000,158.248
13451.000,158.248
13452.000,158.248
13453.000,79.124
13454.000,79.124
13455.000,158.248
13456.000,158.248
13457.000,158.248
13458.000,158.248
13459.000,158.248
13460.000,158.248
13461.000,79.124
13462.000,79.124
13463.000,158.248
13464.000,158.248
13465.000,158.248
13466.000,158.248
13467.000,158.248
13468.000,158.248
13469.000,79.124
13470.000,79.124
13471.000,158.248
13472.000,158.248
13473.000,158.248
13474.000,158.248
13475.000,158.248
13476.000,158.248
13477.000,79.124
13478.000,79.124
13479.000,79.124
13480.000,158.248
13481.000,158.248
13482.000,158.248
13483.000,158.248
13484.000,158.248
13485.000,158.248
13486.000,79.124
13487.000,79.124
13488.000,158.248
13489.000,158.248
13490.000,158.248
13491.000,158.248
13492.000,158.248
13493.000,158.248
13494.000,158.248
13495.000,79.124
13496.000,79.124
13497.000,158.248
13498.000,158.248
13499.000,158.248
13500.000,158.248
13501.000,158.248
13502.000,158.248
13503.000,79.124
13504.000,79.124
13505.000,158.248
13506.000,158.248
13507.000,158.248
13508.000,158.248
13509.000,158.248
13510.000,158.248
13511.000,158.248
13512.000,79.124
13513.000,158.248
13514.000,158.248
13515.000,158.248
13516.000,158.248
13517.000,158.248
13518.000,158.248
13519.000,158.248
13520.000,79.124
13521.000,158.248
13522.000,158.248
13523.000,158.248
13524.000,158.248
13525.000,158.248
13526.000,158.248
13527.000,158.248
13528.000,79.124
13529.000,158.248
13530.000,158.248
13531.000,158.248
13532.000,158.248
13533.000,158.248
13534.000,158.248
13535.000,79.124
13536.000,79.124
13537.000,79.124
13538.000,158.248
13539.000,158.248
13540.000,158.248
13541.000,158.248
13542.000,158.248
13543.000,158.248
13544.000,79.124
13545.000,79.124
13546.000,79.124
13547.000,158.248
13548.000,158.248
13549.000,158.248
13550.000,158.248
13551.000,158.248
13552.000,79.124
13553.000,79.124
13554.000,79.124
13555.000,158.248
13556.000,158.248
13557.000,158.248
13558.000,158.248
13559.000,158.248
13560.000,158.248
13561.000,79.124
13562.000,79.124
13563.000,79.124
13564.000,158.248
13565.000,158.248
13566.000,158.248
13567.000,158.248
13568.000,158.248
13569.000,158.248
13570.000,79.124
13571.000,79.124
13572.000,158.248
13573.000,158.248
13574.000,158.248
13575.000,158.248
13576.000,158.248
13577.000,158.248
13578.000,79.124
13579.000,158.248
13580.000,158.248
13581.000,158.248
13582.000,158.248
13583.000,158.248
13584.000,158.248
13585.000,79.124
13586.000,79.124
13587.000,79.124
13588.000,158.248
13589.000,158.248
13590.000,158.248
13591.000,158.248
13592.000,158.248
13593.000,158.248
13594.000,79.124
13595.000,79.124
13596.000,79.124
13597.000,158.248
13598.000,158.248
13599.000,158.248
13600.000,158.248
13601.000,158.248
13602.000,79.124
13603.000,79.124
13604.000,79.124
13605.000,158.248
13606.000,158.248
13607.000,158.248
13608.000,158.248
13609.000,158.248
13610.000,158.248
13611.000,79.124
13612.000,79.124
13613.000,79.124
13614.000,158.248
13615.000,158.248
13616.000,158.248
13617.000,158.248
13618.000,158.248
13619.000,158.248
13620.000,79.124
13621.000,79.124
13622.000,158.248
13623.000,158.248
13624.000,158.248
13625.000,158.248
13626.000,158.248
13627.000,158.248
13628.000,79.124
13629.000,79.124
13630.000,158.248
13631.000,158.248
13632.000,158.248
13633.000,158.248
13634.000,158.248
13635.000,158.248
13636.000,79.124
13637.000,79.124
13638.000,158.248
13639.000,158.248
13640.000,158.248
13641.000,158.248
13642.000,158.248
13643.000,158.248
13644.000,79.124
13645.000,79.124
13646.000,158.248
13647.000,158.248
13648.000,158.248
13649.000,158.248
13650.000,158.248
13651.000,158.248
13652.000,79.124
13653.000,79.124
13654.000,79.124
13655.000,158.248
13656.000,158.248
13657.000,158.248
13658.000,158.248
13659.000,158.248
13660.000,158.248
13661.000,79.124
13662.000,79.124
13663.000,79.124
13664.000,158.248
13665.000,158.248
13666.000,158.248
13667.000,158.248
13668.000,158.248
13669.000,79.124
13670.000,79.124
13671.000,79.124
13672.000,158.248
13673.000,158.248
13674.000,158.248
13675.000,158.248
13676.000,158.248
13677.000,158.248
13678.000,79.124
13679.000,79.124
13680.000,158.248
13681.000,158.248
13682.000,158.248
13683.000,158.248
13684.000,158.248
13685.000,158.248
13686.000,79.124
13687.000,79.124
13688.000,79.124
13689.000,158.248
13690.000,158.248
13691.000,158.248
13692.000,158.248
13693.000,158.248
13694.000,158.248
13695.000,79.124
13696.000,158.248
13697.000,158.248
13698.000,158.248
13699.000,158.248
13700.000,158.248
13701.000,158.248
13702.000,79.124
13703.000,79.124
13704.000,79.124
13705.000,158.248
13706.000,158.248
13707.000,158.248
13708.000,158.248
13709.000,158.248
13710.000,158.248
13711.000,79.124
13712.000,79.124
13713.000,158.248
13714.000,158.248
13715.000,158.248
13716.000,158.248
13717.000,158.248
13718.000,158.248
13719.000,79.124
13720.000,79.124
13721.000,79.124
13722.000,158.248
13723.000,158.248
13724.000,158.248
13725.000,158.248
13726.000,158.248
13727.000,79.124
13728.000,79.124
13729.000,79.124
13730.000,79.124
13731.000,158.248
13732.000,158.248
13733.000,158.248
13734.000,158.248
13735.000,158.248
13736.000,79.124
13737.000,79.124
13738.000,79.124
13739.000,158.248
13740.000,158.248
13741.000,158.248
13742.000,158.248
13743.000,158.248
13744.000,158.248
13745.000,79.124
13746.000,79.124
13747.000,158.248
13748.000,158.248
13749.000,158.248
13750.000,158.248
13751.000,158.248
13752.000,158.248
13753.000,158.248
13754.000,79.124
13755.000,158.248
13756.000,158.248
13757.000,158.248
13758.000,158.248
13759.000,158.248
13760.000,158.248
13761.000,158.248
13762.000,158.248
13763.000,158.248
13764.000,158.248
13765.000,158.248
13766.000,158.248
13767.000,158.248
13768.000,158.248
13769.000,79.124
13770.000,79.124
13771.000,158.248
13772.000,158.248
13773.000,158.248
13774.000,158.248
13775.000,158.248
13776.000,158.248
13777.000,79.124
13778.000,79.124
13779.000,79.124
13780.000,158.248
13781.000,158.248
13782.000,158.248
13783.000,158.248
13784.000,158.248
13785.000,79.124
13786.000,79.124
13787.000,79.124
13788.000,79.124
13789.000,158.248
13790.000,158.248
13791.000,158.248
13792.000,158.248
13793.000,158.248
13794.000,79.124
13795.000,79.124
13796.000,79.124
13797.000,158.248
13798.000,158.248
13799.000,158.248
13800.000,158.248
13801.000,158.248
13802.000,158.248
13803.000,79.124
13804.000,79.124
13805.000,79.124
13806.000,158.248
13807.000,158.248
13808.000,158.248
13809.000,158.248
13810.000,158.248
13811.000,79.124
13812.000,79.124
13813.000,158.248
13814.000,158.248
13815.000,158.248
13816.000,158.248
13817.000,158.248
13818.000,158.248
13819.000,79.124
13820.000,79.124
13821.000,158.248
13822.000,158.248
13823.000,158.248
13824.000,158.248
13825.000,158.248
13826.000,158.248
13827.000,79.124
13828.000,79.124
13829.000,79.124
13830.000,158.248
13831.000,158.248
13832.000,158.248
13833.000,158.248
13834.000,158.248
13835.000,158.248
13836.000,79.124
13837.000,79.124
13838.000,79.124
13839.000,158.248
13840.000,158.248
13841.000,158.248
13842.000,158.248
13843.000,158.248
13844.000,79.124
13845.000,79.124
13846.000,79.124
13847.000,158.248
13848.000,158.248
13849.000,158.248
13850.000,158.248
13851.000,158.248
13852.000,158.248
13853.000,79.124
13854.000,79.124
13855.000,79.124
13856.000,158.248
13857.000,158.248
13858.000,158.248
13859.000,158.248
13860.000,158.248
13861.000,79.124
13862.000,79.124
13863.000,79.124
13864.000,158.248
13865.000,158.248
13866.000,158.248
13867.000,158.248
13868.000,158.248
13869.000,158.248
13870.000,79.124
13871.000,79.124
13872.000,158.248
13873.000,158.248
13874.000,158.248
13875.000,158.248
13876.000,158.248
13877.000,158.248
13878.000,79.124
13879.000,79.124
13880.000,158.248
13881.000,158.248
13882.000,158.248
13883.000,158.248
13884.000,158.248
13885.000,158.248
13886.000,79.124
13887.000,79.124
13888.000,158.248
13889.000,158.248
13890.000,158.248
13891.000,158.248
13892.000,158.248
13893.000,79.124
13894.000,79.124
13895.000,79.124
13896.000,79.124
13897.000,158.248
13898.000,158.248
13899.000,158.248
13900.000,158.248
13901.000,158.248
13902.000,79.124
13903.000,79.124
13904.000,79.124
13905.000,158.248
13906.000,158.248
13907.000,158.248
13908.000,158.248
13909.000,158.248
13910.000,79.124
13911.000,79.124
13912.000,79.124
13913.000,79.124
13914.000,158.248
13915.000,158.248
13916.000,158.248
13917.000,158.248
13918.000,158.248
13919.000,79.124
13920.000,79.124
13921.000,79.124
13922.000,158.248
13923.000,158.248
13924.000,158.248
13925.000,158.248
13926.000,158.248
13927.000,79.124
13928.000,79.124
13929.000,79.124
13930.000,158.248
13931.000,158.248
13932.000,158.248
13933.000,158.248
13934.000,158.248
13935.000,158.248
13936.000,79.124
13937.000,79.124
13938.000,158.248
13939.000,158.248
13940.000,158.248
13941.000,158.248
13942.000,158.248
13943.000,158.248
13944.000,79.124
13945.000,79.124
13946.000,79.124
13947.000,158.248
13948.000,158.248
13949.000,158.248
13950.000,158.248
13951.000,158.248
13952.000,79.124
13953.000,79.124
13954.000,79.124
13955.000,158.248
13956.000,158.248
13957.000,158.248
13958.000,158.248
13959.000,158.248
13960.000,79.124
13961.000,79.124
13962.000,79.124
13963.000,79.124
13964.000,158.248
13965.000,158.248
13966.000,158.248
13967.000,158.248
13968.000,158.248
13969.000,79.124
13970.000,79.124
13971.000,79.124
13972.000,158.248
13973.000,158.248
13974.000,158.248
13975.000,158.248
13976.000,158.248
13977.000,158.248
13978.000,79.124
13979.000,79.124
13980.000,79.124
13981.000,158.248
13982.000,158.248
13983.000,158.248
13984.000,158.248
13985.000,158.248
13986.000,79.124
13987.000,79.124
13988.000,79.124
13989.000,158.248
13990.000,158.248
13991.000,158.248
13992.000,158.248
13993.000,158.248
13994.000,79.124
13995.000,79.124
13996.000,79.124
13997.000,158.248
13998.000,158.248
13999.000,158.248
14000.000,158.248
14001.000,158.248
14002.000,79.124
14003.000,79.124
14004.000,79.124
14005.000,158.248
14006.000,158.248
14007.000,158.248
14008.000,158.248
14009.000,158.248
14010.000,79.124
14011.000,79.124
14012.000,79.124
14013.000,79.124
14014.000,158.248
14015.000,158.248
14016.000,158.248
14017.000,158.248
14018.000,158.248
14019.000,79.124
14020.000,79.124
14021.000,79.124
14022.000,158.248
14023.000,158.248
14024.000,158.248
14025.000,158.248
14026.000,158.248
14027.000,79.124
14028.000,79.124
14029.000,79.124
14030.000,79.124
14031.000,158.248
14032.000,158.248
14033.000,158.248
14034.000,158.248
14035.000,158.248
14036.000,79.124
14037.000,79.124
14038.000,79.124
14039.000,158.248
14040.000,158.248
14041.000,158.248
14042.000,158.248
14043.000,158.248
14044.000,79.124
14045.000,79.124
14046.000,79.124
14047.000,158.248
14048.000,158.248
14049.000,158.248
14050.000,158.248
14051.000,158.248
14052.000,79.124
14053.000,79.124
14054.000,79.124
14055.000,158.248
14056.000,158.248
14057.000,158.248
14058.000,158.248
14059.000,158.248
14060.000,79.124
14061.000,79.124
14062.000,79.124
14063.000,79.124
14064.000,158.248
14065.000,158.248
14066.000,158.248
14067.000,158.248
14068.000,79.124
14069.000,79.124
14070.000,79.124
14071.000,79.124
14072.000,158.248
14073.000,158.248
14074.000,158.248
14075.000,158.248
14076.000,158.248
14077.000,79.124
14078.000,79.124
14079.000,79.124
14080.000,158.248
14081.000,158.248
14082.000,158.248
14083.000,158.248
14084.000,158.248
14085.000,79.124
14086.000,79.124
14087.000,79.124
14088.000,79.124
14089.000,158.248
14090.000,158.248
14091.000,158.248
14092.000,158.248
14093.000,158.248
14094.000,79.124
14095.000,79.124
14096.000,79.124
14097.000,158.248
14098.000,158.248
14099.000,158.248
14100.000,158.248
14101.000,158.248
14102.000,158.248
14103.000,79.124
14104.000,79.124
14105.000,79.124
14106.000,158.248
14107.000,158.248
14108.000,158.248
14109.000,158.248
14110.000,158.248
14111.000,79.124
14112.000,79.124
14113.000,79.124
14114.000,158.248
14115.000,158.248
14116.000,158.248
14117.000,158.248
14118.000,158.248
14119.000,79.124
14120.000,79.124
14121.000,158.248
14122.000,158.248
14123.000,158.248
14124.000,158.248
14125.000,158.248
14126.000,158.248
14127.000,79.124
14128.000,79.124
14129.000,79.124
14130.000,158.248
14131.000,158.248
14132.000,158.248
14133.000,158.248
14134.000,158.248
14135.000,79.124
14136.000,79.124
14137.000,79.124
14138.000,79.124
14139.000,158.248
14140.000,158.248
14141.000,158.248
14142.000,158.248
14143.000,79.124
14144.000,79.124
14145.000,79.124
14146.000,79.124
14147.000,158.248
14148.000,158.248
14149.000,158.248
14150.000,158.248
14151.000,158.248
14152.000,79.124
14153.000,79.124
14154.000,79.124
14155.000,79.124
14156.000,158.248
14157.000,158.248
14158.000,158.248
14159.000,158.248
14160.000,158.248
14161.000,79.124
14162.000,79.124
14163.000,79.124
14164.000,158.248
14165.000,158.248
14166.000,158.248
14167.000,158.248
14168.000,158.248
14169.000,79.124
14170.000,79.124
14171.000,79.124
14172.000,158.248
14173.000,158.248
14174.000,158.248
14175.000,158.248
14176.000,158.248
14177.000,79.124
14178.000,79.124
14179.000,79.124
14180.000,158.248
14181.000,158.248
14182.000,158.248
14183.000,158.248
14184.000,158.248
14185.000,79.124
14186.000,79.124
14187.000,79.124
14188.000,158.248
14189.000,158.248
14190.000,158.248
14191.000,158.248
14192.000,158.248
14193.000,79.124
14194.000,79.124
14195.000,79.124
14196.000,79.124
14197.000,158.248
14198.000,158.248
14199.000,158.248
14200.000,158.248
14201.000,158.248
14202.000,79.124
14203.000,79.124
14204.000,79.124
14205.000,79.124
14206.000,158.248
14207.000,158.248
14208.000,158.248
14209.000,158.248
14210.000,79.124
14211.000,79.124
14212.000,79.124
14213.000,79.124
14214.000,158.248
14215.000,158.248
14216.000,158.248
14217.000,158.248
14218.000,158.248
14219.000,79.124
14220.000,79.124
14221.000,79.124
14222.000,158.248
14223.000,158.248
14224.000,158.248
14225.000,158.248
14226.000,158.248
14227.000,79.124
14228.000,79.124
14229.000,79.124
14230.000,79.124
14231.000,158.248
14232.000,158.248
14233.000,158.248
14234.000,158.248
14235.000,79.124
14236.000,79.124
14237.000,79.124
14238.000,79.124
14239.000,158.248
14240.000,158.248
14241.000,158.248
14242.000,158.248
14243.000,158.248
14244.000,79.124
14245.000,79.124
14246.000,79.124
14247.000,158.248
14248.000,158.248
14249.000,158.248
14250.000,158.248
14251.000,158.248
14252.000,79.124
14253.000,79.124
14254.000,79.124
14255.000,158.248
14256.000,158.248
14257.000,158.248
14258.000,158.248
14259.000,158.248
14260.000,79.124
14261.000,79.124
14262.000,79.124
14263.000,79.124
14264.000,158.248
14265.000,158.248
14266.000,158.248
14267.000,158.248
14268.000,79.124
14269.000,79.124
14270.000,79.124
14271.000,79.124
14272.000,158.248
14273.000,158.248
14274.000,158.248
14275.000,158.248
14276.000,158.248
14277.000,79.124
14278.000,79.124
14279.000,79.124
14280.000,158.248
14281.000,158.248
14282.000,158.248
14283.000,158.248
14284.000,158.248
14285.000,79.124
14286.000,79.124
14287.000,79.124
14288.000,79.124
14289.000,158.248
14290.000,158.248
14291.000,158.248
14292.000,158.248
14293.000,158.248
14294.000,79.124
14295.000,79.124
14296.000,79.124
14297.000,158.248
14298.000,158.248
14299.000,158.248
14300.000,158.248
14301.000,158.248
14302.000,79.124
14303.000,79.124
14304.000,79.124
14305.000,79.124
14306.000,158.248
14307.000,158.248
14308.000,158.248
14309.000,158.248
14310.000,79.124
14311.000,79.124
14312.000,79.124
14313.000,79.124
14314.000,158.248
14315.000,158.248
14316.000,158.248
14317.000,158.248
14318.000,79.124
14319.000,79.124
14320.000,79.124
14321.000,79.124
14322.000,158.248
14323.000,158.248
14324.000,158.248
14325.000,158.248
14326.000,158.248
14327.000,79.124
14328.000,79.124
14329.000,79.124
14330.000,158.248
14331.000,158.248
14332.000,158.248
14333.000,158.248
14334.000,158.248
14335.000,79.124
14336.000,79.124
14337.000,79.124
14338.000,79.124
14339.000,158.248
14340.000,158.248
14341.000,158.248
14342.000,158.248
14343.000,79.124
14344.000,79.124
14345.000,79.124
14346.000,79.124
14347.000,158.248
14348.000,158.248
14349.000,158.248
14350.000,158.248
14351.000,158.248
14352.000,79.124
14353.000,79.124
14354.000,79.124
14355.000,79.124
14356.000,158.248
14357.000,158.248
14358.000,158.248
14359.000,158.248
14360.000,79.124
14361.000,79.124
14362.000,79.124
14363.000,79.124
14364.000,158.248
14365.000,158.248
14366.000,158.248
14367.000,158.248
14368.000,79.124
14369.000,79.124
14370.000,79.124
14371.000,79.124
14372.000,158.248
14373.000,158.248
14374.000,158.248
14375.000,158.248
14376.000,79.124
14377.000,79.124
14378.000,79.124
14379.000,79.124
14380.000,158.248
14381.000,158.248
14382.000,158.248
14383.000,158.248
14384.000,158.248
14385.000,79.124
14386.000,79.124
14387.000,79.124
14388.000,158.248
14389.000,158.248
14390.000,158.248
14391.000,158.248
14392.000,158.248
14393.000,79.124
14394.000,79.124
14395.000,79.124
14396.000,79.124
14397.000,158.248
14398.000,158.248
14399.000,158.248
14400.000,158.248
14401.000,158.248
14402.000,79.124
14403.000,79.124
14404.000,79.124
14405.000,158.248
14406.000,158.248
14407.000,158.248
14408.000,158.248
14409.000,158.248
14410.000,79.124
14411.000,79.124
14412.000,79.124
14413.000,79.124
14414.000,158.248
14415.000,158.248
14416.000,158.248
14417.000,158.248
14418.000,79.124
14419.000,79.124
14420.000,79.124
14421.000,79.124
14422.000,158.248
14423.000,158.248
14424.000,158.248
14425.000,158.248
14426.000,79.124
14427.000,79.124
14428.000,79.124
14429.000,79.124
14430.000,158.248
14431.000,158.248
14432.000,158.248
14433.000,158.248
14434.000,158.248
14435.000,79.124
14436.000,79.124
14437.000,79.124
14438.000,79.124
14439.000,158.248
14440.000,158.248
14441.000,158.248
14442.000,158.248
14443.000,79.124
14444.000,79.124
14445.000,79.124
14446.000,79.124
14447.000,158.248
14448.000,158.248
14449.000,158.248
14450.000,158.248
14451.000,158.248
14452.000,79.124
14453.000,79.124
14454.000,79.124
14455.000,158.248
14456.000,158.248
14457.000,158.248
14458.000,158.248
14459.000,158.248
14460.000,79.124
14461.000,79.124
14462.000,79.124
14463.000,79.124
14464.000,158.248
14465.000,158.248
14466.000,158.248
14467.000,158.248
14468.000,158.248
14469.000,79.124
14470.000,79.124
14471.000,79.124
14472.000,158.248
14473.000,158.248
14474.000,158.248
14475.000,158.248
14476.000,158.248
14477.000,79.124
14478.000,79.124
14479.000,79.124
14480.000,158.248
14481.000,158.248
14482.000,158.248
14483.000,158.248
14484.000,158.248
14485.000,79.124
14486.000,79.124
14487.000,79.124
14488.000,158.248
14489.000,158.248
14490.000,158.248
14491.000,158.248
14492.000,158.248
14493.000,79.124
14494.000,79.124
14495.000,79.124
14496.000,79.124
14497.000,158.248
14498.000,158.248
14499.000,158.248
14500.000,158.248
14501.000,79.124
14502.000,79.124
14503.000,79.124
14504.000,79.124
14505.000,158.248
14506.000,158.248
14507.000,158.248
14508.000,158.248
14509.000,158.248
14510.000,79.124
14511.000,79.124
14512.000,79.124
14513.000,79.124
14514.000,158.248
14515.000,158.248
14516.000,158.248
14517.000,158.248
14518.000,79.124
14519.000,79.124
14520.000,79.124
14521.000,79.124
14522.000,158.248
14523.000,158.248
14524.000,158.248
14525.000,158.248
14526.000,158.248
14527.000,79.124
14528.000,79.124
14529.000,79.124
14530.000,79.124
14531.000,158.248
14532.000,158.248
14533.000,158.248
14534.000,158.248
14535.000,79.124
14536.000,79.124
14537.000,79.124
14538.000,79.124
14539.000,158.248
14540.000,158.248
14541.000,158.248
14542.000,158.248
14543.000,79.124
14544.000,79.124
14545.000,79.124
14546.000,79.124
14547.000,158.248
14548.000,158.248
14549.000,158.248
14550.000,158.248
14551.000,79.124
14552.000,79.124
14553.000,79.124
14554.000,79.124
14555.000,158.248
14556.000,158.248
14557.000,158.248
14558.000,158.248
14559.000,79.124
14560.000,79.124
14561.000,79.124
14562.000,79.124
14563.000,79.124
14564.000,158.248
14565.000,158.248
14566.000,158.248
14567.000,158.248
14568.000,79.124
14569.000,79.124
14570.000,79.124
14571.000,79.124
14572.000,158.248
14573.000,158.248
14574.000,158.248
14575.000,158.248
14576.000,158.248
14577.000,79.124
14578.000,79.124
14579.000,79.124
14580.000,79.124
14581.000,158.248
14582.000,158.248
14583.000,158.248
14584.000,158.248
14585.000,79.124
14586.000,79.124
14587.000,79.124
14588.000,79.124
14589.000,158.248
14590.000,158.248
14591.000,158.248
14592.000,158.248
14593.000,158.248
14594.000,79.124
14595.000,79.124
14596.000,79.124
14597.000,158.248
14598.000,158.248
14599.000,158.248
14600.000,158.248
14601.000,158.248
14602.000,79.124
14603.000,79.124
14604.000,79.124
14605.000,158.248
14606.000,158.248
14607.000,158.248
14608.000,158.248
14609.000,158.248
14610.000,79.124
14611.000,79.124
14612.000,79.124
14613.000,158.248
14614.000,158.248
14615.000,158.248
14616.000,158.248
14617.000,158.248
14618.000,79.124
14619.000,79.124
14620.000,79.124
14621.000,158.248
14622.000,158.248
14623.000,158.248
14624.000,158.248
14625.000,158.248
14626.000,79.124
14627.000,79.124
14628.000,79.124
14629.000,79.124
14630.000,158.248
14631.000,158.248
14632.000,158.248
14633.000,158.248
14634.000,158.248
14635.000,79.124
14636.000,79.124
14637.000,79.124
14638.000,79.124
14639.000,158.248
14640.000,158.248
14641.000,158.248
14642.000,158.248
14643.000,79.124
14644.000,79.124
14645.000,79.124
14646.000,79.124
14647.000,158.248
14648.000,158.248
14649.000,158.248
14650.000,158.248
14651.000,158.248
14652.000,79.124
14653.000,79.124
14654.000,79.124
14655.000,79.124
14656.000,158.248
14657.000,158.248
14658.000,158.248
14659.000,158.248
14660.000,79.124
14661.000,79.124
14662.000,79.124
14663.000,79.124
14664.000,158.248
14665.000,158.248
14666.000,158.248
14667.000,158.248
14668.000,79.124
14669.000,79.124
14670.000,79.124
14671.000,79.124
14672.000,158.248
14673.000,158.248
14674.000,158.248
14675.000,158.248
14676.000,79.124
14677.000,79.124
14678.000,79.124
14679.000,79.124
14680.000,158.248
14681.000,158.248
14682.000,158.248
14683.000,158.248
14684.000,158.248
14685.000,79.124
14686.000,79.124
14687.000,79.124
14688.000,158.248
14689.000,158.248
14690.000,158.248
14691.000,158.248
14692.000,158.248
14693.000,79.124
14694.000,79.124
14695.000,79.124
14696.000,79.124
14697.000,158.248
14698.000,158.248
14699.000,158.248
14700.000,158.248
14701.000,158.248
14702.000,79.124
14703.000,79.124
14704.000,79.124
14705.000,79.124
14706.000,158.248
14707.000,158.248
14708.000,158.248
14709.000,158.248
14710.000,79.124
14711.000,79.124
14712.000,79.124
14713.000,79.124
14714.000,158.248
14715.000,158.248
14716.000,158.248
14717.000,158.248
14718.000,79.124
14719.000,79.124
14720.000,79.124
14721.000,79.124
14722.000,158.248
14723.000,158.248
14724.000,158.248
14725.000,158.248
14726.000,79.124
14727.000,79.124
14728.000,79.124
14729.000,79.124
14730.000,158.248
14731.000,158.248
14732.000,158.248
14733.000,158.248
14734.000,79.124
14735.000,79.124
14736.000,79.124
14737.000,79.124
14738.000,158.248
14739.000,158.248
14740.000,158.248
14741.000,158.248
14742.000,158.248
14743.000,79.124
14744.000,79.124
14745.000,79.124
14746.000,79.124
14747.000,158.248
14748.000,158.248
14749.000,158.248
14750.000,158.248
14751.000,79.124
14752.000,79.124
14753.000,79.124
14754.000,79.124
14755.000,158.248
14756.000,158.248
14757.000,158.248
14758.000,158.248
14759.000,158.248
14760.000,79.124
14761.000,79.124
14762.000,79.124
14763.000,79.124
14764.000,158.248
14765.000,158.248
14766.000,158.248
14767.000,158.248
14768.000,79.124
14769.000,79.124
14770.000,79.124
14771.000,79.124
14772.000,158.248
14773.000,158.248
14774.000,158.248
14775.000,158.248
14776.000,158.248
14777.000,79.124
14778.000,79.124
14779.000,79.124
14780.000,79.124
14781.000,158.248
14782.000,158.248
14783.000,158.248
14784.000,158.248
14785.000,79.124
14786.000,79.124
14787.000,79.124
14788.000,79.124
14789.000,158.248
14790.000,158.248
14791.000,158.248
14792.000,158.248
14793.000,79.124
14794.000,79.124
14795.000,79.124
14796.000,79.124
14797.000,158.248
14798.000,158.248
14799.000,158.248
14800.000,158.248
14801.000,79.124
14802.000,79.124
14803.000,79.124
14804.000,79.124
14805.000,158.248
14806.000,158.248
14807.000,158.248
14808.000,158.248
14809.000,79.124
14810.000,79.124
14811.000,79.124
14812.000,79.124
14813.000,79.124
14814.000,158.248
14815.000,158.248
14816.000,158.248
14817.000,158.248
14818.000,79.124
14819.000,79.124
14820.000,79.124
14821.000,79.124
14822.000,79.124
14823.000,158.248
14824.000,158.248
14825.000,158.248
14826.000,158.248
14827.000,79.124
14828.000,79.124
14829.000,79.124
14830.000,79.124
14831.000,158.248
14832.000,158.248
14833.000,158.248
14834.000,158.248
14835.000,79.124
14836.000,79.124
14837.000,79.124
14838.000,79.124
14839.000,158.248
14840.000,158.248
14841.000,158.248
14842.000,158.248
14843.000,79.124
14844.000,79.124
14845.000,79.124
14846.000,158.248
14847.000,158.248
14848.000,158.248
14849.000,158.248
14850.000,158.248
14851.000,79.124
14852.000,79.124
14853.000,79.124
14854.000,79.124
14855.000,158.248
14856.000,158.248
14857.000,158.248
14858.000,158.248
14859.000,79.124
14860.000,79.124
14861.000,79.124
14862.000,79.124
14863.000,158.248
14864.000,158.248
14865.000,158.248
14866.000,158.248
14867.000,158.248
14868.000,79.124
14869.000,79.124
14870.000,79.124
14871.000,79.124
14872.000,158.248
14873.000,158.248
14874.000,158.248
14875.000,158.248
14876.000,79.124
14877.000,79.124
14878.000,79.124
14879.000,79.124
14880.000,79.124
14881.000,158.248
14882.000,158.248
14883.000,158.248
14884.000,158.248
14885.000,79.124
14886.000,79.124
14887.000,79.124
14888.000,79.124
14889.000,158.248
14890.000,158.248
14891.000,158.248
14892.000,158.248
14893.000,79.124
14894.000,79.124
14895.000,79.124
14896.000,79.124
14897.000,79.124
14898.000,158.248
14899.000,158.248
14900.000,158.248
14901.000,79.124
14902.000,79.124
14903.000,79.124
14904.000,79.124
14905.000,79.124
14906.000,158.248
14907.000,158.248
14908.000,158.248
14909.000,79.124
14910.000,79.124
14911.000,79.124
14912.000,79.124
14913.000,158.248
14914.000,158.248
14915.000,158.248
14916.000,158.248
14917.000,158.248
14918.000,79.124
14919.000,79.124
14920.000,79.124
14921.000,79.124
14922.000,158.248
14923.000,158.248
14924.000,158.248
14925.000,158.248
14926.000,79.124
14927.000,79.124
14928.000,79.124
14929.000,79.124
14930.000,158.248
14931.000,158.248
14932.000,158.248
14933.000,158.248
14934.000,79.124
14935.000,79.124
14936.000,79.124
14937.000,79.124
14938.000,79.124
14939.000,158.248
14940.000,158.248
14941.000,158.248
14942.000,158.248
14943.000,79.124
14944.000,79.124
14945.000,79.124
14946.000,79.124
14947.000,79.124
14948.000,158.248
14949.000,158.248
14950.000,158.248
14951.000,158.248
14952.000,79.124
14953.000,79.124
14954.000,79.124
14955.000,79.124
14956.000,158.248
14957.000,158.248
14958.000,158.248
14959.000,158.248
14960.000,79.124
14961.000,79.124
14962.000,79.124
14963.000,79.124
14964.000,158.248
14965.000,158.248
14966.000,158.248
14967.000,158.248
14968.000,79.124
14969.000,79.124
14970.000,79.124
14971.000,79.124
14972.000,158.248
14973.000,158.248
14974.000,158.248
14975.000,158.248
14976.000,79.124
14977.000,79.124
14978.000,79.124
14979.000,79.124
14980.000,158.248
14981.000,158.248
14982.000,158.248
14983.000,158.248
14984.000,79.124
14985.000,79.124
14986.000,79.124
14987.000,79.124
14988.000,79.124
14989.000,158.248
14990.000,158.248
14991.000,158.248
14992.000,158.248
14993.000,79.124
14994.000,79.124
14995.000,79.124
14996.000,79.124
14997.000,158.248
14998.000,158.248
14999.000,158.248
15000.000,158.248
15001.000,79.124
15002.000,79.124
15003.000,79.124
15004.000,79.124
15005.000,79.124
15006.000,158.248
15007.000,158.248
15008.000,158.248
15009.000,158.248
15010.000,79.124
15011.000,79.124
15012.000,79.124
15013.000,79.124
15014.000,79.124
15015.000,158.248
15016.000,158.248
15017.000,158.248
15018.000,79.124
15019.000,79.124
15020.000,79.124
15021.000,79.124
15022.000,79.124
15023.000,158.248
15024.000,158.248
15025.000,158.248
15026.000,79.124
15027.000,79.124
15028.000,79.124
15029.000,79.124
15030.000,79.124
15031.000,158.248
15032.000,158.248
15033.000,158.248
15034.000,79.124
15035.000,79.124
15036.000,79.124
15037.000,79.124
15038.000,79.124
15039.000,158.248
15040.000,158.248
15041.000,158.248
15042.000,158.248
15043.000,79.124
15044.000,79.124
15045.000,79.124
15046.000,79.124
15047.000,158.248
15048.000,158.248
15049.000,158.248
15050.000,158.248
15051.000,79.124
15052.000,79.124
15053.000,79.124
15054.000,79.124
15055.000,158.248
15056.000,158.248
15057.000,158.248
15058.000,158.248
15059.000,79.124
15060.000,79.124
15061.000,79.124
15062.000,79.124
15063.000,79.124
15064.000,158.248
15065.000,158.248
15066.000,158.248
15067.000,158.248
15068.000,79.124
15069.000,79.124
15070.000,79.124
15071.000,79.124
15072.000,158.248
15073.000,158.248
15074.000,158.248
15075.000,158.248
15076.000,79.124
15077.000,79.124
15078.000,79.124
15079.000,79.124
15080.000,79.124
15081.000,158.248
15082.000,158.248
15083.000,158.248
15084.000,158.248
15085.000,79.124
15086.000,79.124
15087.000,79.124
15088.000,79.124
15089.000,158.248
15090.000,158.248
15091.000,158.248
15092.000,158.248
15093.000,79.124
15094.000,79.124
15095.000,79.124
15096.000,79.124
15097.000,79.124
15098.000,158.248
15099.000,158.248
15100.000,158.248
15101.000,79.124
15102.000,79.124
15103.000,79.124
15104.000,79.124
15105.000,79.124
15106.000,158.248
15107.000,158.248
15108.000,158.248
15109.000,79.124
15110.000,79.124
15111.000,79.124
15112.000,79.124
15113.000,79.124
15114.000,158.248
15115.000,158.248
15116.000,158.248
15117.000,158.248
15118.000,79.124
15119.000,79.124
15120.000,79.124
15121.000,79.124
15122.000,158.248
15123.000,158.248
15124.000,158.248
15125.000,158.248
15126.000,79.124
15127.000,79.124
15128.000,79.124
15129.000,79.124
15130.000,79.124
15131.000,158.248
15132.000,158.248
15133.000,158.248
15134.000,158.248
15135.000,79.124
15136.000,79.124
15137.000,79.124
15138.000,79.124
15139.000,158.248
15140.000,158.248
15141.000,158.248
15142.000,158.248
15143.000,79.124
15144.000,79.124
15145.000,79.124
15146.000,79.124
15147.000,79.124
15148.000,158.248
15149.000,158.248
15150.000,158.248
15151.000,79.124
15152.000,79.124
15153.000,79.124
15154.000,79.124
15155.000,79.124
15156.000,158.248
15157.000,158.248
15158.000,158.248
15159.000,79.124
15160.000,79.124
15161.000,79.124
15162.000,79.124
15163.000,79.124
15164.000,158.248
15165.000,158.248
15166.000,158.248
15167.000,79.124
15168.000,79.124
15169.000,79.124
15170.000,79.124
15171.000,79.124
15172.000,158.248
15173.000,158.248
15174.000,158.248
15175.000,158.248
15176.000,79.124
15177.000,79.124
15178.000,79.124
15179.000,79.124
15180.000,79.124
15181.000,158.248
15182.000,158.248
15183.000,158.248
15184.000,158.248
15185.000,79.124
15186.000,79.124
15187.000,79.124
15188.000,79.124
15189.000,158.248
15190.000,158.248
15191.000,158.248
15192.000,158.248
15193.000,79.124
15194.000,79.124
15195.000,79.124
15196.000,79.124
15197.000,79.124
15198.000,158.248
15199.000,158.248
15200.000,158.248
15201.000,79.124
15202.000,79.124
15203.000,79.124
15204.000,79.124
15205.000,79.124
15206.000,158.248
15207.000,158.248
15208.000,158.248
15209.000,158.248
15210.000,79.124
15211.000,79.124
15212.000,79.124
15213.000,79.124
15214.000,158.248
15215.000,158.248
15216.000,158.248
15217.000,158.248
15218.000,79.124
15219.000,79.124
15220.000,79.124
15221.000,79.124
15222.000,158.248
15223.000,158.248
15224.000,158.248
15225.000,158.248
15226.000,79.124
15227.000,79.124
15228.000,79.124
15229.000,79.124
15230.000,79.124
15231.000,158.248
15232.000,158.248
15233.000,158.248
15234.000,79.124
15235.000,79.124
15236.000,79.124
15237.000,79.124
15238.000,79.124
15239.000,158.248
15240.000,158.248
15241.000,158.248
15242.000,158.248
15243.000,79.124
15244.000,79.124
15245.000,79.124
15246.000,79.124
15247.000,158.248
15248.000,158.248
15249.000,158.248
15250.000,158.248
15251.000,79.124
15252.000,79.124
15253.000,79.124
15254.000,79.124
15255.000,79.124
15256.000,158.248
15257.000,158.248
15258.000,158.248
15259.000,158.248
15260.000,79.124
15261.000,79.124
15262.000,79.124
15263.000,79.124
15264.000,158.248
15265.000,158.248
15266.000,158.248
15267.000,158.248
15268.000,79.124
15269.000,79.124
15270.000,79.124
15271.000,79.124
15272.000,158.248
15273.000,158.248
15274.000,158.248
15275.000,158.248
15276.000,79.124
15277.000,79.124
15278.000,79.124
15279.000,79.124
15280.000,79.124
15281.000,158.248
15282.000,158.248
15283.000,158.248
15284.000,79.124
15285.000,79.124
15286.000,79.124
15287.000,79.124
15288.000,79.124
15289.000,158.248
15290.000,158.248
15291.000,158.248
15292.000,158.248
15293.000,79.124
15294.000,79.124
15295.000,79.124
15296.000,79.124
15297.000,158.248
15298.000,158.248
15299.000,158.248
15300.000,158.248
15301.000,79.124
15302.000,79.124
15303.000,79.124
15304.000,79.124
15305.000,79.124
15306.000,158.248
15307.000,158.248
15308.000,158.248
15309.000,158.248
15310.000,79.124
15311.000,79.124
15312.000,79.124
15313.000,79.124
15314.000,158.248
15315.000,158.248
15316.000,158.248
15317.000,158.248
15318.000,79.124
15319.000,79.124
15320.000,79.124
15321.000,79.124
15322.000,79.124
15323.000,158.248
15324.000,158.248
15325.000,158.248
15326.000,79.124
15327.000,79.124
15328.000,79.124
15329.000,79.124
15330.000,79.124
15331.000,158.248
15332.000,158.248
15333.000,158.248
15334.000,79.124
15335.000,79.124
15336.000,79.124
15337.000,79.124
15338.000,79.124
15339.000,158.248
15340.000,158.248
15341.000,158.248
15342.000,79.124
15343.000,79.124
15344.000,79.124
15345.000,79.124
15346.000,79.124
15347.000,158.248
15348.000,158.248
15349.000,158.248
15350.000,158.248
15351.000,79.124
15352.000,79.124
15353.000,79.124
15354.000,79.124
15355.000,158.248
15356.000,158.248
15357.000,158.248
15358.000,158.248
15359.000,79.124
15360.000,79.124
15361.000,79.124
15362.000,79.124
15363.000,79.124
15364.000,158.248
15365.000,158.248
15366.000,158.248
15367.000,158.248
15368.000,79.124
15369.000,79.124
15370.000,79.124
15371.000,79.124
15372.000,79.124
15373.000,158.248
15374.000,158.248
15375.000,158.248
15376.000,79.124
15377.000,79.124
15378.000,79.124
15379.000,79.124
15380.000,79.124
15381.000,158.248
15382.000,158.248
15383.000,158.248
15384.000,158.248
15385.000,79.124
15386.000,79.124
15387.000,79.124
15388.000,79.124
15389.000,158.248
15390.000,158.248
15391.000,158.248
15392.000,79.124
15393.000,79.124
15394.000,79.124
15395.000,79.124
15396.000,79.124
15397.000,158.248
15398.000,158.248
15399.000,158.248
15400.000,79.124
15401.000,79.124
15402.000,79.124
15403.000,79.124
15404.000,79.124
15405.000,158.248
15406.000,158.248
15407.000,158.248
15408.000,158.248
15409.000,79.124
15410.000,79.124
15411.000,79.124
15412.000,79.124
15413.000,79.124
15414.000,158.248
15415.000,158.248
15416.000,158.248
15417.000,79.124
15418.000,79.124
15419.000,79.124
15420.000,79.124
15421.000,79.124
15422.000,158.248
15423.000,158.248
15424.000,158.248
15425.000,158.248
15426.000,79.124
15427.000,79.124
15428.000,79.124
15429.000,79.124
15430.000,79.124
15431.000,158.248
15432.000,158.248
15433.000,158.248
15434.000,158.248
15435.000,79.124
15436.000,79.124
15437.000,79.124
15438.000,79.124
15439.000,158.248
15440.000,158.248
15441.000,158.248
15442.000,158.248
15443.000,79.124
15444.000,79.124
15445.000,79.124
15446.000,79.124
15447.000,79.124
15448.000,158.248
15449.000,158.248
15450.000,158.248
15451.000,79.124
15452.000,79.124
15453.000,79.124
15454.000,79.124
15455.000,79.124
15456.000,158.248
15457.000,158.248
15458.000,158.248
15459.000,79.124
15460.000,79.124
15461.000,79.124
15462.000,79.124
15463.000,79.124
15464.000,158.248
15465.000,158.248
15466.000,158.248
15467.000,79.124
15468.000,79.124
15469.000,79.124
15470.000,79.124
15471.000,79.124
15472.000,158.248
15473.000,158.248
15474.000,158.248
15475.000,79.124
15476.000,79.124
15477.000,79.124
15478.000,79.124
15479.000,79.124
15480.000,158.248
15481.000,158.248
15482.000,158.248
15483.000,158.248
15484.000,79.124
15485.000,79.124
15486.000,79.124
15487.000,79.124
15488.000,79.124
15489.000,158.248
15490.000,158.248
15491.000,158.248
15492.000,158.248
15493.000,79.124
15494.000,79.124
15495.000,79.124
15496.000,79.124
15497.000,79.124
15498.000,158.248
15499.000,158.248
15500.000,158.248
15501.000,79.124
15502.000,79.124
15503.000,79.124
15504.000,79.124
15505.000,79.124
15506.000,158.248
15507.000,158.248
15508.000,158.248
15509.000,158.248
15510.000,79.124
15511.000,79.124
15512.000,79.124
15513.000,79.124
15514.000,158.248
15515.000,158.248
15516.000,158.248
15517.000,79.124
15518.000,79.124
15519.000,79.124
15520.000,79.124
15521.000,79.124
15522.000,158.248
15523.000,158.248
15524.000,158.248
15525.000,79.124
15526.000,79.124
15527.000,79.124
15528.000,79.124
15529.000,79.124
15530.000,158.248
15531.000,158.248
15532.000,158.248
15533.000,158.248
15534.000,79.124
15535.000,79.124
15536.000,79.124
15537.000,79.124
15538.000,79.124
15539.000,158.248
15540.000,158.248
15541.000,158.248
15542.000,79.124
15543.000,79.124
15544.000,79.124
15545.000,79.124
15546.000,79.124
15547.000,158.248
15548.000,158.248
15549.000,158.248
15550.000,158.248
15551.000,79.124
15552.000,79.124
15553.000,79.124
15554.000,79.124
15555.000,79.124
15556.000,158.248
15557.000,158.248
15558.000,158.248
15559.000,79.124
15560.000,79.124
15561.000,79.124
15562.000,79.124
15563.000,79.124
15564.000,158.248
15565.000,158.248
15566.000,158.248
15567.000,158.248
15568.000,79.124
15569.000,79.124
15570.000,79.124
15571.000,79.124
15572.000,158.248
15573.000,158.248
15574.000,158.248
15575.000,158.248
15576.000,79.124
15577.000,79.124
15578.000,79.124
15579.000,79.124
15580.000,158.248
15581.000,158.248
15582.000,158.248
15583.000,158.248
15584.000,79.124
15585.000,79.124
15586.000,79.124
15587.000,79.124
15588.000,79.124
15589.000,158.248
15590.000,158.248
15591.000,158.248
15592.000,79.124
15593.000,79.124
15594.000,79.124
15595.000,79.124
15596.000,79.124
15597.000,158.248
15598.000,158.248
15599.000,158.248
15600.000,158.248
15601.000,79.124
15602.000,79.124
15603.000,79.124
15604.000,79.124
15605.000,79.124
15606.000,158.248
15607.000,158.248
15608.000,158.248
15609.000,79.124
15610.000,79.124
15611.000,79.124
15612.000,79.124
15613.000,79.124
15614.000,158.248
15615.000,158.248
15616.000,158.248
15617.000,79.124
15618.000,79.124
15619.000,79.124
15620.000,79.124
15621.000,79.124
15622.000,158.248
15623.000,158.248
15624.000,158.248
15625.000,158.248
15626.000,79.124
15627.000,79.124
15628.000,79.124
15629.000,79.124
15630.000,158.248
15631.000,158.248
15632.000,158.248
15633.000,158.248
15634.000,79.124
15635.000,79.124
15636.000,79.124
15637.000,79.124
15638.000,79.124
15639.000,158.248
15640.000,158.248
15641.000,158.248
15642.000,79.124
15643.000,79.124
15644.000,79.124
15645.000,79.124
15646.000,79.124
15647.000,158.248
15648.000,158.248
15649.000,158.248
15650.000,79.124
15651.000,79.124
15652.000,79.124
15653.000,79.124
15654.000,79.124
15655.000,158.248
15656.000,158.248
15657.000,158.248
15658.000,158.248
15659.000,79.124
15660.000,79.124
15661.000,79.124
15662.000,79.124
15663.000,79.124
15664.000,158.248
15665.000,158.248
15666.000,158.248
15667.000,158.248
15668.000,79.124
15669.000,79.124
15670.000,79.124
15671.000,79.124
15672.000,158.248
15673.000,158.248
15674.000,158.248
15675.000,158.248
15676.000,79.124
15677.000,79.124
15678.000,79.124
15679.000,79.124
15680.000,79.124
15681.000,158.248
15682.000,158.248
15683.000,158.248
15684.000,79.124
15685.000,79.124
15686.000,79.124
15687.000,79.124
15688.000,79.124
15689.000,158.248
15690.000,158.248
15691.000,158.248
15692.000,79.124
15693.000,79.124
15694.000,79.124
15695.000,79.124
15696.000,79.124
15697.000,158.248
15698.000,158.248
15699.000,158.248
15700.000,79.124
15701.000,79.124
15702.000,79.124
15703.000,79.124
15704.000,79.124
15705.000,158.248
15706.000,158.248
15707.000,158.248
15708.000,158.248
15709.000,79.124
15710.000,79.124
15711.000,79.124
15712.000,79.124
15713.000,79.124
15714.000,158.248
15715.000,158.248
15716.000,158.248
15717.000,79.124
15718.000,79.124
15719.000,79.124
15720.000,79.124
15721.000,79.124
15722.000,158.248
15723.000,158.248
15724.000,158.248
15725.000,158.248
15726.000,79.124
15727.000,79.124
15728.000,79.124
15729.000,79.124
15730.000,79.124
15731.000,158.248
15732.000,158.248
15733.000,158.248
15734.000,79.124
15735.000,79.124
15736.000,79.124
15737.000,79.124
15738.000,79.124
15739.000,158.248
15740.000,158.248
15741.000,158.248
15742.000,79.124
15743.000,79.124
15744.000,79.124
15745.000,79.124
15746.000,79.124
15747.000,158.248
15748.000,158.248
15749.000,158.248
15750.000,79.124
15751.000,79.124
15752.000,79.124
15753.000,79.124
15754.000,79.124
15755.000,158.248
15756.000,158.248
15757.000,158.248
15758.000,79.124
15759.000,79.124
15760.000,79.124
15761.000,79.124
15762.000,79.124
15763.000,158.248
15764.000,158.248
15765.000,158.248
15766.000,158.248
15767.000,79.124
15768.000,79.124
15769.000,79.124
15770.000,79.124
15771.000,79.124
15772.000,158.248
15773.000,158.248
15774.000,158.248
15775.000,79.124
15776.000,79.124
15777.000,79.124
15778.000,79.124
15779.000,79.124
15780.000,158.248
15781.000,158.248
15782.000,158.248
15783.000,158.248
15784.000,79.124
15785.000,79.124
15786.000,79.124
15787.000,79.124
15788.000,79.124
15789.000,158.248
15790.000,158.248
15791.000,158.248
15792.000,158.248
15793.000,79.124
15794.000,79.124
15795.000,79.124
15796.000,79.124
15797.000,79.124
15798.000,158.248
15799.000,158.248
15800.000,158.248
15801.000,79.124
15802.000,79.124
15803.000,79.124
15804.000,79.124
15805.000,79.124
15806.000,158.248
15807.000,158.248
15808.000,158.248
15809.000,79.124
15810.000,79.124
15811.000,79.124
15812.000,79.124
15813.000,79.124
15814.000,158.248
15815.000,158.248
15816.000,158.248
15817.000,79.124
15818.000,79.124
15819.000,79.124
15820.000,79.124
15821.000,79.124
15822.000,158.248
15823.000,158.248
15824.000,158.248
15825.000,79.124
15826.000,79.124
15827.000,79.124
15828.000,79.124
15829.000,79.124
15830.000,158.248
15831.000,158.248
15832.000,158.248
15833.000,79.124
15834.000,79.124
15835.000,79.124
15836.000,79.124
15837.000,79.124
15838.000,158.248
15839.000,158.248
15840.000,158.248
15841.000,158.248
15842.000,79.124
15843.000,79.124
15844.000,79.124
15845.000,79.124
15846.000,79.124
15847.000,158.248
15848.000,158.248
15849.000,158.248
15850.000,158.248
15851.000,79.124
15852.000,79.124
15853.000,79.124
15854.000,79.124
15855.000,79.124
15856.000,158.248
15857.000,158.248
15858.000,158.248
15859.000,79.124
15860.000,79.124
15861.000,79.124
15862.000,79.124
15863.000,79.124
15864.000,158.248
15865.000,158.248
15866.000,158.248
15867.000,79.124
15868.000,79.124
15869.000,79.124
15870.000,79.124
15871.000,79.124
15872.000,158.248
15873.000,158.248
15874.000,158.248
15875.000,79.124
15876.000,79.124
15877.000,79.124
15878.000,79.124
15879.000,79.124
15880.000,158.248
15881.000,158.248
15882.000,158.248
15883.000,79.124
15884.000,79.124
15885.000,79.124
15886.000,79.124
15887.000,79.124
15888.000,158.248
15889.000,158.248
15890.000,158.248
15891.000,158.248
15892.000,79.124
15893.000,79.124
15894.000,79.124
15895.000,79.124
15896.000,79.124
15897.000,158.248
15898.000,158.248
15899.000,158.248
15900.000,79.124
15901.000,79.124
15902.000,79.124
15903.000,79.124
15904.000,79.124
15905.000,79.124
15906.000,158.248
15907.000,158.248
15908.000,158.248
15909.000,79.124
15910.000,79.124
15911.000,79.124
15912.000,79.124
15913.000,79.124
15914.000,158.248
15915.000,158.248
15916.000,158.248
15917.000,79.124
15918.000,79.124
15919.000,79.124
15920.000,79.124
15921.000,79.124
15922.000,79.124
15923.000,158.248
15924.000,158.248
15925.000,79.124
15926.000,79.124
15927.000,79.124
15928.000,79.124
15929.000,79.124
15930.000,79.124
15931.000,158.248
15932.000,158.248
15933.000,79.124
15934.000,79.124
15935.000,79.124
15936.000,79.124
15937.000,79.124
15938.000,79.124
15939.000,158.248
15940.000,158.248
15941.000,79.124
15942.000,79.124
15943.000,79.124
15944.000,79.124
15945.000,79.124
15946.000,79.124
15947.000,158.248
15948.000,158.248
15949.000,158.248
15950.000,79.124
15951.000,79.124
15952.000,79.124
15953.000,79.124
15954.000,79.124
15955.000,158.248
15956.000,158.248
15957.000,158.248
15958.000,158.248
15959.000,79.124
15960.000,79.124
15961.000,79.124
15962.000,79.124
15963.000,79.124
15964.000,158.248
15965.000,158.248
15966.000,158.248
15967.000,79.124
15968.000,79.124
15969.000,79.124
15970.000,79.124
15971.000,79.124
15972.000,158.248
15973.000,158.248
15974.000,158.248
15975.000,79.124
15976.000,79.124
15977.000,79.124
15978.000,79.124
15979.000,79.124
15980.000,79.124
15981.000,158.248
15982.000,158.248
15983.000,158.248
15984.000,79.124
15985.000,79.124
15986.000,79.124
15987.000,79.124
15988.000,79.124
15989.000,158.248
15990.000,158.248
15991.000,158.248
15992.000,79.124
15993.000,79.124
15994.000,79.124
15995.000,79.124
15996.000,79.124
15997.000,158.248
15998.000,158.248
15999.000,158.248
16000.000,79.124
16001.000,79.124
16002.000,79.124
16003.000,79.124
16004.000,79.124
16005.000,79.124
16006.000,158.248
16007.000,158.248
16008.000,79.124
16009.000,79.124
16010.000,79.124
16011.000,79.124
16012.000,79.124
16013.000,79.124
16014.000,158.248
16015.000,158.248
16016.000,158.248
16017.000,79.124
16018.000,79.124
16019.000,79.124
16020.000,79.124
16021.000,79.124
16022.000,158.248
16023.000,158.248
16024.000,158.248
16025.000,79.124
16026.000,79.124
16027.000,79.124
16028.000,79.124
16029.000,79.124
16030.000,158.248
16031.000,158.248
16032.000,158.248
16033.000,158.248
16034.000,79.124
16035.000,79.124
16036.000,79.124
16037.000,79.124
16038.000,79.124
16039.000,158.248
16040.000,158.248
16041.000,158.248
16042.000,79.124
16043.000,79.124
16044.000,79.124
16045.000,79.124
16046.000,79.124
16047.000,158.248
16048.000,158.248
16049.000,158.248
16050.000,79.124
16051.000,79.124
16052.000,79.124
16053.000,79.124
16054.000,79.124
16055.000,79.124
16056.000,158.248
16057.000,158.248
16058.000,79.124
16059.000,79.124
16060.000,79.124
16061.000,79.124
16062.000,79.124
16063.000,79.124
16064.000,158.248
16065.000,158.248
16066.000,79.124
16067.000,79.124
16068.000,79.124
16069.000,79.124
16070.000,79.124
16071.000,79.124
16072.000,158.248
16073.000,158.248
16074.000,158.248
16075.000,79.124
16076.000,79.124
16077.000,79.124
16078.000,79.124
16079.000,79.124
16080.000,79.124
16081.000,158.248
16082.000,158.248
16083.000,158.248
16084.000,79.124
16085.000,79.124
16086.000,79.124
16087.000,79.124
16088.000,79.124
16089.000,158.248
16090.000,158.248
16091.000,158.248
16092.000,79.124
16093.000,79.124
16094.000,79.124
16095.000,79.124
16096.000,79.124
16097.000,79.124
16098.000,158.248
16099.000,158.248
16100.000,79.124
16101.000,79.124
16102.000,79.124
16103.000,79.124
16104.000,79.124
16105.000,79.124
16106.000,158.248
16107.000,158.248
16108.000,79.124
16109.000,79.124
16110.000,79.124
16111.000,79.124
16112.000,79.124
16113.000,79.124
16114.000,158.248
16115.000,158.248
16116.000,158.248
16117.000,79.124
16118.000,79.124
16119.000,79.124
16120.000,79.124
16121.000,79.124
16122.000,158.248
16123.000,158.248
16124.000,158.248
16125.000,79.124
16126.000,79.124
16127.000,79.124
16128.000,79.124
16129.000,79.124
16130.000,158.248
16131.000,158.248
16132.000,158.248
16133.000,79.124
16134.000,79.124
16135.000,79.124
16136.000,79.124
16137.000,79.124
16138.000,79.124
16139.000,158.248
16140.000,158.248
16141.000,158.248
16142.000,79.124
16143.000,79.124
16144.000,79.124
16145.000,79.124
16146.000,79.124
16147.000,158.248
16148.000,158.248
16149.000,158.248
16150.000,79.124
16151.000,79.124
16152.000,79.124
16153.000,79.124
16154.000,79.124
16155.000,79.124
16156.000,158.248
16157.000,158.248
16158.000,158.248
16159.000,79.124
16160.000,79.124
16161.000,79.124
16162.000,79.124
16163.000,79.124
16164.000,158.248
16165.000,158.248
16166.000,158.248
16167.000,79.124
16168.000,79.124
16169.000,79.124
16170.000,79.124
16171.000,79.124
16172.000,79.124
16173.000,158.248
16174.000,158.248
16175.000,79.124
16176.000,79.124
16177.000,79.124
16178.000,79.124
16179.000,79.124
16180.000,79.124
16181.000,158.248
16182.000,158.248
16183.000,79.124
16184.000,79.124
16185.000,79.124
16186.000,79.124
16187.000,79.124
16188.000,79.124
16189.000,158.248
16190.000,158.248
16191.000,79.124
16192.000,79.124
16193.000,79.124
16194.000,79.124
16195.000,79.124
16196.000,79.124
16197.000,158.248
16198.000,158.248
16199.000,158.248
16200.000,79.124
16201.000,79.124
16202.000,79.124
16203.000,79.124
16204.000,79.124
16205.000,158.248
16206.000,158.248
16207.000,158.248
16208.000,79.124
16209.000,79.124
16210.000,79.124
16211.000,79.124
16212.000,79.124
16213.000,79.124
16214.000,158.248
16215.000,158.248
16216.000,158.248
16217.000,79.124
16218.000,79.124
16219.000,79.124
16220.000,79.124
16221.000,79.124
16222.000,79.124
16223.000,158.248
16224.000,158.248
16225.000,79.124
16226.000,79.124
16227.000,79.124
16228.000,79.124
16229.000,79.124
16230.000,79.124
16231.000,158.248
16232.000,158.248
16233.000,79.124
16234.000,79.124
16235.000,79.124
16236.000,79.124
16237.000,79.124
16238.000,79.124
16239.000,79.124
16240.000,158.248
16241.000,79.124
16242.000,79.124
16243.000,79.124
16244.000,79.124
16245.000,79.124
16246.000,79.124
16247.000,158.248
16248.000,158.248
16249.000,79.124
16250.000,79.124
16251.000,79.124
16252.000,79.124
16253.000,79.124
16254.000,79.124
16255.000,158.248
16256.000,158.248
16257.000,158.248
16258.000,79.124
16259.000,79.124
16260.000,79.124
16261.000,79.124
16262.000,79.124
16263.000,79.124
16264.000,158.248
16265.000,158.248
16266.000,158.248
16267.000,79.124
16268.000,79.124
16269.000,79.124
16270.000,79.124
16271.000,79.124
16272.000,158.248
16273.000,158.248
16274.000,158.248
16275.000,158.248
16276.000,79.124
16277.000,79.124
16278.000,79.124
16279.000,79.124
16280.000,79.124
16281.000,158.248
16282.000,158.248
16283.000,158.248
16284.000,79.124
16285.000,79.124
16286.000,79.124
16287.000,79.124
16288.000,79.124
16289.000,79.124
16290.000,158.248
16291.000,158.248
16292.000,79.124
16293.000,79.124
16294.000,79.124
16295.000,79.124
16296.000,79.124
16297.000,79.124
16298.000,79.124
16299.000,79.124
16300.000,79.124
16301.000,79.124
16302.000,79.124
16303.000,79.124
16304.000,79.124
16305.000,79.124
16306.000,79.124
16307.000,79.124
16308.000,79.124
16309.000,79.124
16310.000,79.124
16311.000,79.124
16312.000,79.124
16313.000,79.124
16314.000,158.248
16315.000,158.248
16316.000,79.124
16317.000,79.124
16318.000,79.124
16319.000,79.124
16320.000,79.124
16321.000,79.124
16322.000,158.248
16323.000,158.248
16324.000,158.248
16325.000,79.124
16326.000,79.124
16327.000,79.124
16328.000,79.124
16329.000,79.124
16330.000,158.248
16331.000,158.248
16332.000,158.248
16333.000,79.124
16334.000,79.124
16335.000,79.124
16336.000,79.124
16337.000,79.124
16338.000,79.124
16339.000,158.248
16340.000,158.248
16341.000,158.248
16342.000,79.124
16343.000,79.124
16344.000,79.124
16345.000,79.124
16346.000,79.124
16347.000,79.124
16348.000,158.248
16349.000,158.248
16350.000,79.124
16351.000,79.124
16352.000,79.124
16353.000,79.124
16354.000,79.124
16355.000,79.124
16356.000,158.248
16357.000,158.248
16358.000,79.124
16359.000,79.124
16360.000,79.124
16361.000,79.124
16362.000,79.124
16363.000,79.124
16364.000,79.124
16365.000,79.124
16366.000,79.124
16367.000,79.124
16368.000,79.124
16369.000,79.124
16370.000,79.124
16371.000,79.124
16372.000,79.124
16373.000,158.248
16374.000,158.248
16375.000,79.124
16376.000,79.124
16377.000,79.124
16378.000,79.124
16379.000,79.124
16380.000,79.124
16381.000,158.248
16382.000,158.248
16383.000,79.124
16384.000,79.124
16385.000,79.124
16386.000,79.124
16387.000,79.124
16388.000,79.124
16389.000,158.248
16390.000,158.248
16391.000,158.248
16392.000,79.124
16393.000,79.124
16394.000,79.124
16395.000,79.124
16396.000,79.124
16397.000,79.124
16398.000,158.248
16399.000,158.248
16400.000,79.124
16401.000,79.124
16402.000,79.124
16403.000,79.124
16404.000,79.124
16405.000,79.124
16406.000,158.248
16407.000,158.248
16408.000,158.248
16409.000,79.124
16410.000,79.124
16411.000,79.124
16412.000,79.124
16413.000,79.124
16414.000,79.124
16415.000,79.124
16416.000,79.124
16417.000,79.124
16418.000,79.124
16419.000,79.124
16420.000,79.124
16421.000,79.124
16422.000,79.124
16423.000,79.124
16424.000,79.124
16425.000,79.124
16426.000,79.124
16427.000,79.124
16428.000,79.124
16429.000,79.124
16430.000,79.124
16431.000,158.248
16432.000,158.248
16433.000,79.124
16434.000,79.124
16435.000,79.124
16436.000,79.124
16437.000,79.124
16438.000,79.124
16439.000,158.248
16440.000,158.248
16441.000,158.248
16442.000,79.124
16443.000,79.124
16444.000,79.124
16445.000,79.124
16446.000,79.124
16447.000,158.248
16448.000,158.248
16449.000,158.248
16450.000,79.124
16451.000,79.124
16452.000,79.124
16453.000,79.124
16454.000,79.124
16455.000,79.124
16456.000,158.248
16457.000,158.248
16458.000,158.248
16459.000,79.124
16460.000,79.124
16461.000,79.124
16462.000,79.124
16463.000,79.124
16464.000,79.124
16465.000,158.248
16466.000,158.248
16467.000,79.124
16468.000,79.124
16469.000,79.124
16470.000,79.124
16471.000,79.124
16472.000,79.124
16473.000,158.248
16474.000,158.248
16475.000,79.124
16476.000,79.124
16477.000,79.124
16478.000,79.124
16479.000,79.124
16480.000,79.124
16481.000,158.248
16482.000,158.248
16483.000,79.124
16484.000,79.124
16485.000,79.124
16486.000,79.124
16487.000,79.124
16488.000,79.124
16489.000,158.248
16490.000,158.248
16491.000,79.124
16492.000,79.124
16493.000,79.124
16494.000,79.124
16495.000,79.124
16496.000,79.124
16497.000,158.248
16498.000,158.248
16499.000,158.248
16500.000,79.124
16501.000,79.124
16502.000,79.124
16503.000,79.124
16504.000,79.124
16505.000,79.124
16506.000,158.248
16507.000,158.248
16508.000,79.124
16509.000,79.124
16510.000,79.124
16511.000,79.124
16512.000,79.124
16513.000,79.124
16514.000,158.248
16515.000,158.248
16516.000,158.248
16517.000,79.124
16518.000,79.124
16519.000,79.124
16520.000,79.124
16521.000,79.124
16522.000,79.124
16523.000,158.248
16524.000,158.248
16525.000,79.124
16526.000,79.124
16527.000,79.124
16528.000,79.124
16529.000,79.124
16530.000,79.124
16531.000,79.124
16532.000,158.248
16533.000,79.124
16534.000,79.124
16535.000,79.124
16536.000,79.124
16537.000,79.124
16538.000,79.124
16539.000,79.124
16540.000,79.124
16541.000,79.124
16542.000,79.124
16543.000,79.124
16544.000,79.124
16545.000,79.124
16546.000,79.124
16547.000,79.124
16548.000,158.248
16549.000,79.124
16550.000,79.124
16551.000,79.124
16552.000,79.124
16553.000,79.124
16554.000,79.124
16555.000,158.248
16556.000,158.248
16557.000,158.248
16558.000,79.124
16559.000,79.124
16560.000,79.124
16561.000,79.124
16562.000,79.124
16563.000,79.124
16564.000,158.248
16565.000,158.248
16566.000,158.248
16567.000,79.124
16568.000,79.124
16569.000,79.124
16570.000,79.124
16571.000,79.124
16572.000,79.124
16573.000,158.248
16574.000,158.248
16575.000,79.124
16576.000,79.124
16577.000,79.124
16578.000,79.124
16579.000,79.124
16580.000,79.124
16581.000,158.248
16582.000,158.248
16583.000,158.248
16584.000,79.124
16585.000,79.124
16586.000,79.124
16587.000,79.124
16588.000,79.124
16589.000,79.124
16590.000,158.248
16591.000,158.248
16592.000,79.124
16593.000,79.124
16594.000,79.124
16595.000,79.124
16596.000,79.124
16597.000,79.124
16598.000,79.124
16599.000,79.124
16600.000,79.124
16601.000,79.124
16602.000,79.124
16603.000,79.124
16604.000,79.124
16605.000,79.124
16606.000,158.248
16607.000,79.124
16608.000,79.124
16609.000,79.124
16610.000,79.124
16611.000,79.124
16612.000,79.124
16613.000,79.124
16614.000,158.248
16615.000,158.248
16616.000,79.124
16617.000,79.124
16618.000,79.124
16619.000,79.124
16620.000,79.124
16621.000,79.124
16622.000,158.248
16623.000,158.248
16624.000,158.248
16625.000,79.124
16626.000,79.124
16627.000,79.124
16628.000,79.124
16629.000,79.124
16630.000,79.124
16631.000,158.248
16632.000,158.248
16633.000,158.248
16634.000,79.124
16635.000,79.124
16636.000,79.124
16637.000,79.124
16638.000,79.124
16639.000,158.248
16640.000,158.248
16641.000,158.248
16642.000,79.124
16643.000,79.124
16644.000,79.124
16645.000,79.124
16646.000,79.124
16647.000,79.124
16648.000,158.248
16649.000,158.248
16650.000,79.124
16651.000,79.124
16652.000,79.124
16653.000,79.124
16654.000,79.124
16655.000,79.124
16656.000,79.124
16657.000,79.124
16658.000,79.124
16659.000,79.124
16660.000,79.124
16661.000,79.124
16662.000,79.124
16663.000,79.124
16664.000,79.124
16665.000,79.124
16666.000,79.124
16667.000,79.124
16668.000,79.124
16669.000,79.124
16670.000,79.124
16671.000,79.124
16672.000,79.124
16673.000,158.248
16674.000,79.124
16675.000,79.124
16676.000,79.124
16677.000,79.124
16678.000,79.124
16679.000,79.124
16680.000,79.124
16681.000,158.248
16682.000,158.248
16683.000,79.124
16684.000,79.124
16685.000,79.124
16686.000,79.124
16687.000,79.124
16688.000,79.124
16689.000,158.248
16690.000,158.248
16691.000,79.124
16692.000,79.124
16693.000,79.124
16694.000,79.124
16695.000,79.124
16696.000,79.124
16697.000,158.248
16698.000,158.248
16699.000,158.248
16700.000,79.124
16701.000,79.124
16702.000,79.124
16703.000,79.124
16704.000,79.124
16705.000,79.124
16706.000,158.248
16707.000,158.248
16708.000,158.248
16709.000,79.124
16710.000,79.124
16711.000,79.124
16712.000,79.124
16713.000,79.124
16714.000,79.124
16715.000,158.248
16716.000,158.248
16717.000,79.124
16718.000,79.124
16719.000,79.124
16720.000,79.124
16721.000,79.124
16722.000,79.124
16723.000,158.248
16724.000,79.124
16725.000,79.124
16726.000,79.124
16727.000,79.124
16728.000,79.124
16729.000,79.124
16730.000,79.124
16731.000,158.248
16732.000,158.248
16733.000,79.124
16734.000,79.124
16735.000,79.124
16736.000,79.124
16737.000,79.124
16738.000,79.124
16739.000,158.248
16740.000,158.248
16741.000,79.124
16742.000,79.124
16743.000,79.124
16744.000,79.124
16745.000,79.124
16746.000,79.124
16747.000,158.248
16748.000,158.248
16749.000,158.248
16750.000,79.124
16751.000,79.124
16752.000,79.124
16753.000,79.124
16754.000,79.124
16755.000,79.124
16756.000,158.248
16757.000,158.248
16758.000,158.248
16759.000,79.124
16760.000,79.124
16761.000,79.124
16762.000,79.124
16763.000,79.124
16764.000,79.124
16765.000,158.248
16766.000,158.248
16767.000,79.124
16768.000,79.124
16769.000,79.124
16770.000,79.124
16771.000,79.124
16772.000,79.124
16773.000,158.248
16774.000,158.248
16775.000,79.124
16776.000,79.124
16777.000,79.124
16778.000,79.124
16779.000,79.124
16780.000,79.124
16781.000,158.248
16782.000,158.248
16783.000,79.124
16784.000,79.124
16785.000,79.124
16786.000,79.124
16787.000,79.124
16788.000,79.124
16789.000,158.248
16790.000,158.248
16791.000,79.124
16792.000,79.124
16793.000,79.124
16794.000,79.124
16795.000,79.124
16796.000,79.124
16797.000,158.248
16798.000,158.248
16799.000,158.248
16800.000,79.124
16801.000,79.124
16802.000,79.124
16803.000,79.124
16804.000,79.124
16805.000,79.124
16806.000,158.248
16807.000,158.248
16808.000,79.124
16809.000,79.124
16810.000,79.124
16811.000,79.124
16812.000,79.124
16813.000,79.124
16814.000,158.248
16815.000,158.248
16816.000,79.124
16817.000,79.124
16818.000,79.124
16819.000,79.124
16820.000,79.124
16821.000,79.124
16822.000,79.124
16823.000,158.248
16824.000,158.248
16825.000,79.124
16826.000,79.124
16827.000,79.124
16828.000,79.124
16829.000,79.124
16830.000,79.124
16831.000,158.248
16832.000,158.248
16833.000,79.124
16834.000,79.124
16835.000,79.124
16836.000,79.124
16837.000,79.124
16838.000,79.124
16839.000,158.248
16840.000,158.248
16841.000,79.124
16842.000,79.124
16843.000,79.124
16844.000,79.124
16845.000,79.124
16846.000,79.124
16847.000,158.248
16848.000,158.248
16849.000,158.248
16850.000,79.124
16851.000,79.124
16852.000,79.124
16853.000,79.124
16854.000,79.124
16855.000,79.124
16856.000,158.248
16857.000,158.248
16858.000,79.124
16859.000,79.124
16860.000,79.124
16861.000,79.124
16862.000,79.124
16863.000,79.124
16864.000,158.248
16865.000,158.248
16866.000,158.248
16867.000,79.124
16868.000,79.124
16869.000,79.124
16870.000,79.124
16871.000,79.124
16872.000,158.248
16873.000,158.248
16874.000,158.248
16875.000,79.124
16876.000,79.124
16877.000,79.124
16878.000,79.124
16879.000,79.124
16880.000,79.124
16881.000,158.248
16882.000,158.248
16883.000,79.124
16884.000,79.124
16885.000,79.124
16886.000,79.124
16887.000,79.124
16888.000,79.124
16889.000,79.124
16890.000,158.248
16891.000,79.124
16892.000,79.124
16893.000,79.124
16894.000,79.124
16895.000,79.124
16896.000,79.124
16897.000,79.124
16898.000,158.248
16899.000,79.124
16900.000,79.124
16901.000,79.124
16902.000,79.124
16903.000,79.124
16904.000,79.124
16905.000,79.124
16906.000,158.248
16907.000,79.124
16908.000,79.124
16909.000,79.124
16910.000,79.124
16911.000,79.124
16912.000,79.124
16913.000,79.124
16914.000,158.248
16915.000,158.248
16916.000,79.124
16917.000,79.124
16918.000,79.124
16919.000,79.124
16920.000,79.124
16921.000,79.124
16922.000,158.248
16923.000,158.248
16924.000,158.248
16925.000,79.124
16926.000,79.124
16927.000,79.124
16928.000,79.124
16929.000,79.124
16930.000,79.124
16931.000,158.248
16932.000,158.248
16933.000,79.124
16934.000,79.124
16935.000,79.124
16936.000,79.124
16937.000,79.124
16938.000,79.124
16939.000,158.248
16940.000,158.248
16941.000,158.248
16942.000,79.124
16943.000,79.124
16944.000,79.124
16945.000,79.124
16946.000,79.124
16947.000,79.124
16948.000,158.248
16949.000,158.248
16950.000,79.124
16951.000,79.124
16952.000,79.124
16953.000,79.124
16954.000,79.124
16955.000,79.124
16956.000,158.248
16957.000,158.248
16958.000,79.124
16959.000,79.124
16960.000,79.124
16961.000,79.124
16962.000,79.124
16963.000,79.124
16964.000,79.124
16965.000,158.248
16966.000,79.124
16967.000,79.124
16968.000,79.124
16969.000,79.124
16970.000,79.124
16971.000,79.124
16972.000,158.248
16973.000,158.248
16974.000,79.124
16975.000,79.124
16976.000,79.124
16977.000,79.124
16978.000,79.124
16979.000,79.124
16980.000,79.124
16981.000,158.248
16982.000,158.248
16983.000,79.124
16984.000,79.124
16985.000,79.124
16986.000,79.124
16987.000,79.124
16988.000,79.124
16989.000,158.248
16990.000,158.248
16991.000,79.124
16992.000,79.124
16993.000,79.124
16994.000,79.124
16995.000,79.124
16996.000,79.124
16997.000,158.248
16998.000,158.248
16999.000,158.248
17000.000,79.124
17001.000,79.124
17002.000,79.124
17003.000,79.124
17004.000,79.124
17005.000,79.124
17006.000,158.248
17007.000,158.248
17008.000,79.124
17009.000,79.124
17010.000,79.124
17011.000,79.124
17012.000,79.124
17013.000,79.124
17014.000,158.248
17015.000,158.248
17016.000,79.124
17017.000,79.124
17018.000,79.124
17019.000,79.124
17020.000,79.124
17021.000,79.124
17022.000,79.124
17023.000,158.248
17024.000,79.124
17025.000,79.124
17026.000,79.124
17027.000,79.124
17028.000,79.124
17029.000,79.124
17030.000,79.124
17031.000,158.248
17032.000,158.248
17033.000,79.124
17034.000,79.124
17035.000,79.124
17036.000,79.124
17037.000,79.124
17038.000,79.124
17039.000,158.248
17040.000,158.248
17041.000,79.124
17042.000,79.124
17043.000,79.124
17044.000,79.124
17045.000,79.124
17046.000,79.124
17047.000,158.248
17048.000,158.248
17049.000,79.124
17050.000,79.124
17051.000,79.124
17052.000,79.124
17053.000,79.124
17054.000,79.124
17055.000,158.248
17056.000,158.248
17057.000,158.248
17058.000,79.124
17059.000,79.124
17060.000,79.124
17061.000,79.124
17062.000,79.124
17063.000,79.124
17064.000,158.248
17065.000,158.248
17066.000,79.124
17067.000,79.124
17068.000,79.124
17069.000,79.124
17070.000,79.124
17071.000,79.124
17072.000,79.124
17073.000,158.248
17074.000,158.248
17075.000,79.124
17076.000,79.124
17077.000,79.124
17078.000,79.124
17079.000,79.124
17080.000,79.124
17081.000,158.248
17082.000,79.124
17083.000,79.124
17084.000,79.124
17085.000,79.124
17086.000,79.124
17087.000,79.124
17088.000,79.124
17089.000,158.248
17090.000,158.248
17091.000,79.124
17092.000,79.124
17093.000,79.124
17094.000,79.124
17095.000,79.124
17096.000,79.124
17097.000,158.248
17098.000,158.248
17099.000,79.124
17100.000,79.124
17101.000,79.124
17102.000,79.124
17103.000,79.124
17104.000,79.124
17105.000,158.248
17106.000,158.248
17107.000,158.248
17108.000,79.124
17109.000,79.124
17110.000,79.124
17111.000,79.124
17112.000,79.124
17113.000,79.124
17114.000,158.248
17115.000,158.248
17116.000,79.124
17117.000,79.124
17118.000,79.124
17119.000,0.000
17120.000,79.124
17121.000,79.124
17122.000,158.248
17123.000,158.248
17124.000,158.248
17125.000,79.124
17126.000,79.124
17127.000,79.124
17128.000,79.124
17129.000,79.124
17130.000,79.124
17131.000,158.248
17132.000,158.248
17133.000,79.124
17134.000,79.124
17135.000,79.124
17136.000,79.124
17137.000,79.124
17138.000,79.124
17139.000,79.124
17140.000,158.248
17141.000,79.124
17142.000,79.124
17143.000,79.124
17144.000,79.124
17145.000,79.124
17146.000,79.124
17147.000,79.124
17148.000,158.248
17149.000,79.124
17150.000,79.124
17151.000,79.124
17152.000,79.124
17153.000,79.124
17154.000,79.124
17155.000,79.124
17156.000,79.124
17157.000,79.124
17158.000,79.124
17159.000,79.124
17160.000,79.124
17161.000,79.124
17162.000,79.124
17163.000,79.124
17164.000,158.248
17165.000,158.248
17166.000,79.124
17167.000,79.124
17168.000,79.124
17169.000,79.124
17170.000,79.124
17171.000,79.124
17172.000,158.248
17173.000,158.248
17174.000,79.124
17175.000,79.124
17176.000,79.124
17177.000,79.124
17178.000,79.124
17179.000,79.124
17180.000,158.248
17181.000,158.248
17182.000,158.248
17183.000,79.124
17184.000,79.124
17185.000,79.124
17186.000,79.124
17187.000,79.124
17188.000,79.124
17189.000,158.248
17190.000,158.248
17191.000,79.124
17192.000,79.124
17193.000,79.124
17194.000,79.124
17195.000,79.124
17196.000,79.124
17197.000,79.124
17198.000,158.248
17199.000,79.124
17200.000,79.124
17201.000,79.124
17202.000,79.124
17203.000,79.124
17204.000,79.124
17205.000,79.124
17206.000,158.248
17207.000,79.124
17208.000,79.124
17209.000,79.124
17210.000,79.124
17211.000,79.124
17212.000,79.124
17213.000,79.124
17214.000,158.248
17215.000,158.248
17216.000,79.124
17217.000,79.124
17218.000,79.124
17219.000,79.124
17220.000,79.124
17221.000,79.124
17222.000,79.124
17223.000,158.248
17224.000,79.124
17225.000,79.124
17226.000,79.124
17227.000,79.124
17228.000,79.124
17229.000,79.124
17230.000,79.124
17231.000,158.248
17232.000,79.124
17233.000,79.124
17234.000,79.124
17235.000,79.124
17236.000,79.124
17237.000,79.124
17238.000,79.124
17239.000,158.248
17240.000,158.248
17241.000,79.124
17242.000,79.124
17243.000,79.124
17244.000,79.124
17245.000,79.124
17246.000,79.124
17247.000,158.248
17248.000,158.248
17249.000,158.248
17250.000,79.124
17251.000,79.124
17252.000,79.124
17253.000,79.124
17254.000,79.124
17255.000,79.124
17256.000,158.248
17257.000,79.124
17258.000,79.124
17259.000,79.124
17260.000,79.124
17261.000,79.124
17262.000,79.124
17263.000,79.124
17264.000,79.124
17265.000,79.124
17266.000,79.124
17267.000,79.124
17268.000,79.124
17269.000,79.124
17270.000,79.124
17271.000,79.124
17272.000,79.124
17273.000,79.124
17274.000,79.124
17275.000,79.124
17276.000,79.124
17277.000,79.124
17278.000,79.124
17279.000,79.124
17280.000,79.124
17281.000,79.124
17282.000,79.124
17283.000,79.124
17284.000,79.124
17285.000,79.124
17286.000,79.124
17287.000,79.124
17288.000,79.124
17289.000,158.248
17290.000,79.124
17291.000,79.124
17292.000,79.124
17293.000,0.000
17294.000,79.124
17295.000,79.124
17296.000,79.124
17297.000,158.248
17298.000,158.248
17299.000,79.124
17300.000,79.124
17301.000,79.124
17302.000,79.124
17303.000,79.124
17304.000,79.124
17305.000,79.124
17306.000,158.248
17307.000,158.248
17308.000,79.124
17309.000,79.124
17310.000,79.124
17311.000,79.124
17312.000,79.124
17313.000,79.124
17314.000,79.124
17315.000,158.248
17316.000,79.124
17317.000,79.124
17318.000,79.124
17319.000,79.124
17320.000,79.124
17321.000,79.124
17322.000,79.124
17323.000,79.124
17324.000,79.124
17325.000,79.124
17326.000,79.124
17327.000,79.124
17328.000,79.124
17329.000,79.124
17330.000,79.124
17331.000,79.124
17332.000,79.124
17333.000,79.124
17334.000,79.124
17335.000,79.124
17336.000,79.124
17337.000,79.124
17338.000,79.124
17339.000,158.248
17340.000,79.124
17341.000,79.124
17342.000,79.124
17343.000,0.000
17344.000,79.124
17345.000,79.124
17346.000,79.124
17347.000,158.248
17348.000,158.248
17349.000,79.124
17350.000,79.124
17351.000,79.124
17352.000,79.124
17353.000,79.124
17354.000,79.124
17355.000,79.124
17356.000,158.248
17357.000,158.248
17358.000,79.124
17359.000,79.124
17360.000,79.124
17361.000,79.124
17362.000,79.124
17363.000,79.124
17364.000,158.248
17365.000,158.248
17366.000,79.124
17367.000,79.124
17368.000,79.124
17369.000,79.124
17370.000,79.124
17371.000,79.124
17372.000,79.124
17373.000,158.248
17374.000,79.124
17375.000,79.124
17376.000,79.124
17377.000,79.124
17378.000,79.124
17379.000,79.124
17380.000,79.124
17381.000,79.124
17382.000,79.124
17383.000,79.124
17384.000,79.124
17385.000,79.124
17386.000,79.124
17387.000,79.124
17388.000,79.124
17389.000,79.124
17390.000,79.124
17391.000,79.124
17392.000,79.124
17393.000,79.124
17394.000,79.124
17395.000,79.124
17396.000,79.124
17397.000,79.124
17398.000,79.124
17399.000,79.124
17400.000,79.124
17401.000,79.124
17402.000,79.124
17403.000,79.124
17404.000,79.124
17405.000,158.248
17406.000,158.248
17407.000,79.124
17408.000,79.124
17409.000,79.124
17410.000,0.000
17411.000,79.124
17412.000,79.124
17413.000,79.124
17414.000,158.248
17415.000,158.248
17416.000,79.124
17417.000,79.124
17418.000,79.124
17419.000,79.124
17420.000,79.124
17421.000,79.124
17422.000,158.248
17423.000,158.248
17424.000,79.124
17425.000,79.124
17426.000,79.124
17427.000,0.000
17428.000,79.124
17429.000,79.124
17430.000,79.124
17431.000,79.124
17432.000,79.124
17433.000,79.124
17434.000,79.124
17435.000,79.124
17436.000,79.124
17437.000,79.124
17438.000,79.124
17439.000,79.124
17440.000,79.124
17441.000,79.124
17442.000,79.124
17443.000,79.124
17444.000,79.124
17445.000,79.124
17446.000,79.124
17447.000,79.124
17448.000,79.124
17449.000,79.124
17450.000,79.124
17451.000,79.124
17452.000,79.124
17453.000,79.124
17454.000,79.124
17455.000,79.124
17456.000,79.124
17457.000,79.124
17458.000,79.124
17459.000,79.124
17460.000,79.124
17461.000,79.124
17462.000,79.124
17463.000,79.124
17464.000,158.248
17465.000,79.124
17466.000,79.124
17467.000,79.124
17468.000,79.124
17469.000,79.124
17470.000,79.124
17471.000,79.124
17472.000,158.248
17473.000,158.248
17474.000,79.124
17475.000,79.124
17476.000,79.124
17477.000,79.124
17478.000,79.124
17479.000,79.124
17480.000,79.124
17481.000,158.248
17482.000,79.124
17483.000,79.124
17484.000,79.124
17485.000,79.124
17486.000,79.124
17487.000,79.124
17488.000,79.124
17489.000,79.124
17490.000,79.124
17491.000,79.124
17492.000,79.124
17493.000,79.124
17494.000,79.124
17495.000,79.124
17496.000,79.124
17497.000,79.124
17498.000,79.124
17499.000,79.124
17500.000,79.124
17501.000,79.124
17502.000,79.124
17503.000,79.124
17504.000,79.124
17505.000,79.124
17506.000,79.124
17507.000,79.124
17508.000,79.124
17509.000,79.124
17510.000,79.124
17511.000,79.124
17512.000,79.124
17513.000,79.124
17514.000,79.124
17515.000,79.124
17516.000,79.124
17517.000,79.124
17518.000,79.124
17519.000,79.124
17520.000,79.124
17521.000,79.124
17522.000,79.124
17523.000,79.124
17524.000,79.124
17525.000,79.124
17526.000,79.124
17527.000,79.124
17528.000,79.124
17529.000,79.124
17530.000,79.124
17531.000,79.124
17532.000,79.124
17533.000,79.124
17534.000,79.124
17535.000,79.124
17536.000,79.124
17537.000,79.124
17538.000,79.124
17539.000,158.248
17540.000,79.124
17541.000,79.124
17542.000,79.124
17543.000,79.124
17544.000,79.124
17545.000,79.124
17546.000,79.124
17547.000,79.124
17548.000,79.124
17549.000,79.124
17550.000,79.124
17551.000,79.124
17552.000,79.124
17553.000,79.124
17554.000,79.124
17555.000,79.124
17556.000,79.124
17557.000,79.124
17558.000,79.124
17559.000,79.124
17560.000,79.124
17561.000,79.124
17562.000,79.124
17563.000,79.124
17564.000,79.124
17565.000,79.124
17566.000,79.124
17567.000,79.124
17568.000,79.124
17569.000,79.124
17570.000,79.124
17571.000,79.124
17572.000,79.124
17573.000,79.124
17574.000,79.124
17575.000,79.124
17576.000,79.124
17577.000,79.124
17578.000,79.124
17579.000,79.124
17580.000,79.124
17581.000,79.124
17582.000,79.124
17583.000,79.124
17584.000,79.124
17585.000,79.124
17586.000,79.124
17587.000,79.124
17588.000,79.124
17589.000,79.124
17590.000,79.124
17591.000,79.124
17592.000,79.124
17593.000,79.124
17594.000,79.124
17595.000,79.124
17596.000,79.124
17597.000,79.124
17598.000,79.124
17599.000,79.124
17600.000,79.124
17601.000,79.124
17602.000,79.124
17603.000,79.124
17604.000,79.124
17605.000,79.124
17606.000,158.248
17607.000,79.124
17608.000,79.124
17609.000,79.124
17610.000,79.124
17611.000,79.124
17612.000,79.124
17613.000,79.124
17614.000,79.124
17615.000,79.124
17616.000,79.124
17617.000,79.124
17618.000,79.124
17619.000,79.124
17620.000,79.124
17621.000,79.124
17622.000,79.124
17623.000,79.124
17624.000,79.124
17625.000,79.124
17626.000,79.124
17627.000,79.124
17628.000,79.124
17629.000,79.124
17630.000,79.124
17631.000,79.124
17632.000,79.124
17633.000,79.124
17634.000,79.124
17635.000,79.124
17636.000,79.124
17637.000,79.124
17638.000,79.124
17639.000,79.124
17640.000,79.124
17641.000,79.124
17642.000,79.124
17643.000,79.124
17644.000,79.124
17645.000,79.124
17646.000,79.124
17647.000,79.124
17648.000,79.124
17649.000,79.124
17650.000,79.124
17651.000,79.124
17652.000,79.124
17653.000,79.124
17654.000,79.124
17655.000,79.124
17656.000,79.124
17657.000,79.124
17658.000,79.124
17659.000,79.124
17660.000,79.124
17661.000,79.124
17662.000,79.124
17663.000,79.124
17664.000,79.124
17665.000,79.124
17666.000,79.124
17667.000,79.124
17668.000,79.124
17669.000,79.124
17670.000,79.124
17671.000,79.124
17672.000,79.124
17673.000,79.124
17674.000,79.124
17675.000,79.124
17676.000,79.124
17677.000,79.124
17678.000,79.124
17679.000,79.124
17680.000,79.124
17681.000,79.124
17682.000,79.124
17683.000,79.124
17684.000,79.124
17685.000,79.124
17686.000,79.124
17687.000,79.124
17688.000,79.124
17689.000,79.124
17690.000,79.124
17691.000,79.124
17692.000,79.124
17693.000,79.124
17694.000,79.124
17695.000,79.124
17696.000,79.124
17697.000,79.124
17698.000,79.124
17699.000,79.124
17700.000,79.124
17701.000,79.124
17702.000,79.124
17703.000,79.124
17704.000,79.124
17705.000,79.124
17706.000,79.124
17707.000,79.124
17708.000,79.124
17709.000,79.124
17710.000,79.124
17711.000,79.124
17712.000,79.124
17713.000,79.124
17714.000,79.124
17715.000,79.124
17716.000,79.124
17717.000,79.124
17718.000,79.124
17719.000,79.124
17720.000,79.124
17721.000,79.124
17722.000,79.124
17723.000,79.124
17724.000,79.124
17725.000,79.124
17726.000,79.124
17727.000,79.124
17728.000,79.124
17729.000,79.124
17730.000,79.124
17731.000,79.124
17732.000,79.124
17733.000,79.124
17734.000,79.124
17735.000,79.124
17736.000,79.124
17737.000,79.124
17738.000,79.124
17739.000,79.124
17740.000,79.124
17741.000,79.124
17742.000,79.124
17743.000,79.124
17744.000,79.124
17745.000,79.124
17746.000,79.124
17747.000,79.124
17748.000,79.124
17749.000,79.124
17750.000,79.124
17751.000,79.124
17752.000,79.124
17753.000,79.124
17754.000,79.124
17755.000,79.124
17756.000,79.124
17757.000,79.124
17758.000,79.124
17759.000,79.124
17760.000,79.124
17761.000,79.124
17762.000,79.124
17763.000,79.124
17764.000,79.124
17765.000,79.124
17766.000,79.124
17767.000,79.124
17768.000,79.124
17769.000,79.124
17770.000,79.124
17771.000,79.124
17772.000,79.124
17773.000,79.124
17774.000,79.124
17775.000,79.124
17776.000,79.124
17777.000,79.124
17778.000,79.124
17779.000,79.124
17780.000,79.124
17781.000,79.124
17782.000,79.124
17783.000,79.124
17784.000,79.124
17785.000,79.124
17786.000,79.124
17787.000,79.124
17788.000,79.124
17789.000,79.124
17790.000,79.124
17791.000,79.124
17792.000,79.124
17793.000,79.124
17794.000,79.124
17795.000,79.124
17796.000,79.124
17797.000,79.124
17798.000,79.124
17799.000,79.124
17800.000,79.124
17801.000,79.124
17802.000,79.124
17803.000,79.124
17804.000,79.124
17805.000,79.124
17806.000,79.124
17807.000,79.124
17808.000,79.124
17809.000,79.124
17810.000,79.124
17811.000,79.124
17812.000,79.124
17813.000,79.124
17814.000,79.124
17815.000,79.124
17816.000,79.124
17817.000,79.124
17818.000,79.124
17819.000,79.124
17820.000,79.124
17821.000,79.124
17822.000,79.124
17823.000,79.124
17824.000,79.124
17825.000,79.124
17826.000,79.124
17827.000,79.124
17828.000,79.124
17829.000,79.124
17830.000,79.124
17831.000,158.248
17832.000,79.124
17833.000,79.124
17834.000,79.124
17835.000,79.124
17836.000,79.124
17837.000,79.124
17838.000,79.124
17839.000,79.124
17840.000,79.124
17841.000,79.124
17842.000,79.124
17843.000,79.124
17844.000,0.000
17845.000,79.124
17846.000,79.124
17847.000,79.124
17848.000,79.124
17849.000,79.124
17850.000,79.124
17851.000,79.124
17852.000,79.124
17853.000,79.124
17854.000,79.124
17855.000,79.124
17856.000,79.124
17857.000,79.124
17858.000,79.124
17859.000,79.124
17860.000,79.124
17861.000,79.124
17862.000,79.124
17863.000,79.124
17864.000,79.124
17865.000,79.124
17866.000,79.124
17867.000,79.124
17868.000,79.124
17869.000,79.124
17870.000,79.124
17871.000,79.124
17872.000,79.124
17873.000,79.124
17874.000,79.124
17875.000,79.124
17876.000,79.124
17877.000,79.124
17878.000,79.124
17879.000,79.124
17880.000,79.124
17881.000,79.124
17882.000,79.124
17883.000,79.124
17884.000,79.124
17885.000,79.124
17886.000,79.124
17887.000,79.124
17888.000,79.124
17889.000,79.124
17890.000,79.124
17891.000,79.124
17892.000,79.124
17893.000,79.124
17894.000,79.124
17895.000,79.124
17896.000,79.124
17897.000,79.124
17898.000,79.124
17899.000,79.124
17900.000,79.124
17901.000,79.124
17902.000,79.124
17903.000,79.124
17904.000,79.124
17905.000,79.124
17906.000,158.248
17907.000,79.124
17908.000,79.124
17909.000,79.124
17910.000,0.000
17911.000,0.000
17912.000,79.124
17913.000,79.124
17914.000,79.124
17915.000,158.248
17916.000,79.124
17917.000,79.124
17918.000,79.124
17919.000,0.000
17920.000,79.124
17921.000,79.124
17922.000,79.124
17923.000,158.248
17924.000,79.124
17925.000,79.124
17926.000,79.124
17927.000,0.000
17928.000,79.124
17929.000,79.124
17930.000,79.124
17931.000,79.124
17932.000,79.124
17933.000,79.124
17934.000,79.124
17935.000,79.124
17936.000,79.124
17937.000,79.124
17938.000,79.124
17939.000,79.124
17940.000,79.124
17941.000,79.124
17942.000,79.124
17943.000,79.124
17944.000,79.124
17945.000,79.124
17946.000,79.124
17947.000,79.124
17948.000,79.124
17949.000,79.124
17950.000,79.124
17951.000,79.124
17952.000,79.124
17953.000,79.124
17954.000,79.124
17955.000,79.124
17956.000,79.124
17957.000,79.124
17958.000,79.124
17959.000,79.124
17960.000,0.000
17961.000,79.124
17962.000,79.124
17963.000,79.124
17964.000,79.124
17965.000,79.124
17966.000,79.124
17967.000,79.124
17968.000,0.000
17969.000,0.000
17970.000,79.124
17971.000,79.124
17972.000,79.124
17973.000,158.248
17974.000,79.124
17975.000,79.124
17976.000,79.124
17977.000,0.000
17978.000,79.124
17979.000,79.124
17980.000,79.124
17981.000,158.248
17982.000,79.124
17983.000,79.124
17984.000,79.124
17985.000,79.124
17986.000,79.124
17987.000,79.124
17988.000,79.124
17989.000,79.124
17990.000,79.124
17991.000,79.124
17992.000,79.124
17993.000,79.124
17994.000,79.124
17995.000,79.124
17996.000,79.124
17997.000,79.124
17998.000,79.124
17999.000,79.124
18000.000,79.124
18001.000,79.124
18002.000,79.124
18003.000,79.124
18004.000,79.124
18005.000,79.124
18006.000,79.124
18007.000,79.124
18008.000,79.124
18009.000,79.124
18010.000,79.124
18011.000,79.124
18012.000,79.124
18013.000,79.124
18014.000,79.124
18015.000,79.124
18016.000,79.124
18017.000,79.124
18018.000,79.124
18019.000,79.124
18020.000,79.124
18021.000,79.124
18022.000,79.124
18023.000,79.124
18024.000,79.124
18025.000,79.124
18026.000,79.124
18027.000,0.000
18028.000,79.124
18029.000,79.124
18030.000,79.124
18031.000,79.124
18032.000,79.124
18033.000,79.124
18034.000,79.124
18035.000,79.124
18036.000,79.124
18037.000,79.124
18038.000,79.124
18039.000,79.124
18040.000,79.124
18041.000,79.124
18042.000,79.124
18043.000,79.124
18044.000,79.124
18045.000,79.124
18046.000,79.124
18047.000,79.124
18048.000,79.124
18049.000,79.124
18050.000,79.124
18051.000,79.124
18052.000,79.124
18053.000,79.124
18054.000,79.124
18055.000,79.124
18056.000,79.124
18057.000,79.124
18058.000,79.124
18059.000,79.124
18060.000,79.124
18061.000,79.124
18062.000,79.124
18063.000,79.124
18064.000,79.124
18065.000,79.124
18066.000,79.124
18067.000,79.124
18068.000,79.124
18069.000,79.124
18070.000,79.124
18071.000,79.124
18072.000,79.124
18073.000,79.124
18074.000,79.124
18075.000,79.124
18076.000,79.124
18077.000,79.124
18078.000,79.124
18079.000,79.124
18080.000,79.124
18081.000,79.124
18082.000,79.124
18083.000,79.124
18084.000,79.124
18085.000,0.000
18086.000,0.000
18087.000,79.124
18088.000,79.124
18089.000,158.248
18090.000,79.124
18091.000,79.124
18092.000,79.124
18093.000,0.000
18094.000,0.000
18095.000,79.124
18096.000,79.124
18097.000,79.124
18098.000,158.248
18099.000,79.124
18100.000,79.124
18101.000,79.124
18102.000,0.000
18103.000,79.124
18104.000,79.124
18105.000,79.124
18106.000,79.124
18107.000,79.124
18108.000,79.124
18109.000,79.124
18110.000,79.124
18111.000,79.124
18112.000,79.124
18113.000,79.124
18114.000,79.124
18115.000,79.124
18116.000,79.124
18117.000,79.124
18118.000,79.124
18119.000,79.124
18120.000,79.124
18121.000,79.124
18122.000,79.124
18123.000,79.124
18124.000,79.124
18125.000,79.124
18126.000,79.124
18127.000,79.124
18128.000,79.124
18129.000,79.124
18130.000,79.124
18131.000,79.124
18132.000,79.124
18133.000,79.124
18134.000,79.124
18135.000,79.124
18136.000,79.124
18137.000,79.124
18138.000,79.124
18139.000,158.248
18140.000,79.124
18141.000,79.124
18142.000,79.124
18143.000,0.000
18144.000,0.000
18145.000,79.124
18146.000,79.124
18147.000,158.248
18148.000,158.248
18149.000,79.124
18150.000,79.124
18151.000,0.000
18152.000,0.000
18153.000,0.000
18154.000,79.124
18155.000,79.124
18156.000,79.124
18157.000,79.124
18158.000,79.124
18159.000,79.124
18160.000,0.000
18161.000,0.000
18162.000,79.124
18163.000,79.124
18164.000,79.124
18165.000,79.124
18166.000,79.124
18167.000,79.124
18168.000,79.124
18169.000,79.124
18170.000,79.124
18171.000,79.124
18172.000,79.124
18173.000,79.124
18174.000,79.124
18175.000,79.124
18176.000,79.124
18177.000,79.124
18178.000,79.124
18179.000,79.124
18180.000,79.124
18181.000,79.124
18182.000,79.124
18183.000,79.124
18184.000,79.124
18185.000,0.000
18186.000,79.124
18187.000,79.124
18188.000,79.124
18189.000,158.248
18190.000,79.124
18191.000,79.124
18192.000,79.124
18193.000,0.000
18194.000,0.000
18195.000,79.124
18196.000,79.124
18197.000,158.248
18198.000,158.248
18199.000,79.124
18200.000,79.124
18201.000,0.000
18202.000,0.000
18203.000,0.000
18204.000,79.124
18205.000,79.124
18206.000,158.248
18207.000,79.124
18208.000,79.124
18209.000,79.124
18210.000,0.000
18211.000,0.000
18212.000,79.124
18213.000,79.124
18214.000,79.124
18215.000,79.124
18216.000,79.124
18217.000,79.124
18218.000,0.000
18219.000,0.000
18220.000,79.124
18221.000,79.124
18222.000,79.124
18223.000,79.124
18224.000,79.124
18225.000,79.124
18226.000,79.124
18227.000,79.124
18228.000,79.124
18229.000,79.124
18230.000,79.124
18231.000,79.124
18232.000,79.124
18233.000,79.124
18234.000,79.124
18235.000,79.124
18236.000,79.124
18237.000,79.124
18238.000,79.124
18239.000,79.124
18240.000,79.124
18241.000,79.124
18242.000,79.124
18243.000,79.124
18244.000,79.124
18245.000,79.124
18246.000,79.124
18247.000,79.124
18248.000,79.124
18249.000,79.124
18250.000,79.124
18251.000,0.000
18252.000,0.000
18253.000,79.124
18254.000,79.124
18255.000,79.124
18256.000,79.124
18257.000,79.124
18258.000,79.124
18259.000,0.000
18260.000,0.000
18261.000,79.124
18262.000,79.124
18263.000,79.124
18264.000,158.248
18265.000,79.124
18266.000,79.124
18267.000,79.124
18268.000,0.000
18269.000,0.000
18270.000,79.124
18271.000,79.124
18272.000,79.124
18273.000,158.248
18274.000,79.124
18275.000,79.124
18276.000,0.000
18277.000,0.000
18278.000,0.000
18279.000,79.124
18280.000,79.124
18281.000,79.124
18282.000,79.124
18283.000,79.124
18284.000,79.124
18285.000,0.000
18286.000,0.000
18287.000,79.124
18288.000,79.124
18289.000,79.124
18290.000,79.124
18291.000,79.124
18292.000,79.124
18293.000,79.124
18294.000,79.124
18295.000,79.124
18296.000,79.124
18297.000,79.124
18298.000,79.124
18299.000,79.124
18300.000,79.124
18301.000,79.124
18302.000,79.124
18303.000,79.124
18304.000,79.124
18305.000,79.124
18306.000,79.124
18307.000,79.124
18308.000,79.124
18309.000,0.000
18310.000,0.000
18311.000,79.124
18312.000,79.124
18313.000,79.124
18314.000,79.124
18315.000,79.124
18316.000,79.124
18317.000,79.124
18318.000,0.000
18319.000,0.000
18320.000,79.124
18321.000,79.124
18322.000,79.124
18323.000,79.124
18324.000,79.124
18325.000,79.124
18326.000,0.000
18327.000,0.000
18328.000,79.124
18329.000,79.124
18330.000,79.124
18331.000,158.248
18332.000,79.124
18333.000,79.124
18334.000,79.124
18335.000,0.000
18336.000,0.000
18337.000,79.124
18338.000,79.124
18339.000,79.124
18340.000,79.124
18341.000,79.124
18342.000,79.124
18343.000,79.124
18344.000,0.000
18345.000,79.124
18346.000,79.124
18347.000,79.124
18348.000,79.124
18349.000,79.124
18350.000,79.124
18351.000,79.124
18352.000,79.124
18353.000,79.124
18354.000,79.124
18355.000,79.124
18356.000,79.124
18357.000,79.124
18358.000,79.124
18359.000,79.124
18360.000,79.124
18361.000,79.124
18362.000,79.124
18363.000,79.124
18364.000,79.124
18365.000,79.124
18366.000,79.124
18367.000,79.124
18368.000,0.000
18369.000,79.124
18370.000,79.124
18371.000,79.124
18372.000,79.124
18373.000,79.124
18374.000,79.124
18375.000,79.124
18376.000,0.000
18377.000,0.000
18378.000,79.124
18379.000,79.124
18380.000,79.124
18381.000,79.124
18382.000,79.124
18383.000,79.124
18384.000,0.000
18385.000,0.000
18386.000,79.124
18387.000,79.124
18388.000,79.124
18389.000,79.124
18390.000,79.124
18391.000,79.124
18392.000,79.124
18393.000,0.000
18394.000,0.000
18395.000,79.124
18396.000,79.124
18397.000,79.124
18398.000,79.124
18399.000,79.124
18400.000,79.124
18401.000,79.124
18402.000,0.000
18403.000,79.124
18404.000,79.124
18405.000,79.124
18406.000,79.124
18407.000,79.124
18408.000,79.124
18409.000,79.124
18410.000,0.000
18411.000,79.124
18412.000,79.124
18413.000,79.124
18414.000,79.124
18415.000,79.124
18416.000,79.124
18417.000,79.124
18418.000,0.000
18419.000,79.124
18420.000,79.124
18421.000,79.124
18422.000,79.124
18423.000,79.124
18424.000,79.124
18425.000,79.124
18426.000,79.124
18427.000,79.124
18428.000,79.124
18429.000,79.124
18430.000,79.124
18431.000,79.124
18432.000,79.124
18433.000,79.124
18434.000,79.124
18435.000,0.000
18436.000,79.124
18437.000,79.124
18438.000,79.124
18439.000,79.124
18440.000,79.124
18441.000,79.124
18442.000,79.124
18443.000,0.000
18444.000,0.000
18445.000,79.124
18446.000,79.124
18447.000,79.124
18448.000,79.124
18449.000,79.124
18450.000,79.124
18451.000,0.000
18452.000,0.000
18453.000,79.124
18454.000,79.124
18455.000,79.124
18456.000,79.124
18457.000,79.124
18458.000,79.124
18459.000,79.124
18460.000,0.000
18461.000,79.124
18462.000,79.124
18463.000,79.124
18464.000,79.124
18465.000,79.124
18466.000,79.124
18467.000,79.124
18468.000,0.000
18469.000,79.124
18470.000,79.124
18471.000,79.124
18472.000,79.124
18473.000,79.124
18474.000,79.124
18475.000,79.124
18476.000,79.124
18477.000,79.124
18478.000,79.124
18479.000,79.124
18480.000,79.124
18481.000,79.124
18482.000,79.124
18483.000,79.124
18484.000,79.124
18485.000,79.124
18486.000,79.124
18487.000,79.124
18488.000,79.124
18489.000,79.124
18490.000,79.124
18491.000,79.124
18492.000,79.124
18493.000,0.000
18494.000,79.124
18495.000,79.124
18496.000,79.124
18497.000,79.124
18498.000,79.124
18499.000,79.124
18500.000,79.124
18501.000,0.000
18502.000,0.000
18503.000,79.124
18504.000,79.124
18505.000,79.124
18506.000,79.124
18507.000,79.124
18508.000,79.124
18509.000,0.000
18510.000,0.000
18511.000,79.124
18512.000,79.124
18513.000,79.124
18514.000,79.124
18515.000,79.124
18516.000,79.124
18517.000,79.124
18518.000,0.000
18519.000,0.000
18520.000,79.124
18521.000,79.124
18522.000,79.124
18523.000,79.124
18524.000,79.124
18525.000,79.124
18526.000,0.000
18527.000,0.000
18528.000,79.124
18529.000,79.124
18530.000,79.124
18531.000,79.124
18532.000,79.124
18533.000,79.124
18534.000,79.124
18535.000,79.124
18536.000,79.124
18537.000,79.124
18538.000,79.124
18539.000,79.124
18540.000,79.124
18541.000,79.124
18542.000,79.124
18543.000,0.000
18544.000,79.124
18545.000,79.124
18546.000,79.124
18547.000,79.124
18548.000,79.124
18549.000,79.124
18550.000,79.124
18551.000,0.000
18552.000,0.000
18553.000,79.124
18554.000,79.124
18555.000,79.124
18556.000,79.124
18557.000,79.124
18558.000,79.124
18559.000,0.000
18560.000,0.000
18561.000,79.124
18562.000,79.124
18563.000,79.124
18564.000,79.124
18565.000,79.124
18566.000,79.124
18567.000,79.124
18568.000,0.000
18569.000,0.000
18570.000,79.124
18571.000,79.124
18572.000,79.124
18573.000,79.124
18574.000,79.124
18575.000,79.124
18576.000,0.000
18577.000,0.000
18578.000,79.124
18579.000,79.124
18580.000,79.124
18581.000,79.124
18582.000,79.124
18583.000,79.124
18584.000,79.124
18585.000,0.000
18586.000,79.124
18587.000,79.124
18588.000,79.124
18589.000,79.124
18590.000,79.124
18591.000,79.124
18592.000,79.124
18593.000,79.124
18594.000,79.124
18595.000,79.124
18596.000,79.124
18597.000,79.124
18598.000,79.124
18599.000,79.124
18600.000,79.124
18601.000,79.124
18602.000,79.124
18603.000,79.124
18604.000,79.124
18605.000,79.124
18606.000,79.124
18607.000,79.124
18608.000,79.124
18609.000,79.124
18610.000,0.000
18611.000,79.124
18612.000,79.124
18613.000,79.124
18614.000,79.124
18615.000,79.124
18616.000,79.124
18617.000,79.124
18618.000,0.000
18619.000,79.124
18620.000,79.124
18621.000,79.124
18622.000,79.124
18623.000,79.124
18624.000,79.124
18625.000,79.124
18626.000,0.000
18627.000,0.000
18628.000,79.124
18629.000,79.124
18630.000,79.124
18631.000,79.124
18632.000,79.124
18633.000,79.124
18634.000,0.000
18635.000,0.000
18636.000,79.124
18637.000,79.124
18638.000,79.124
18639.000,79.124
18640.000,79.124
18641.000,79.124
18642.000,79.124
18643.000,0.000
18644.000,0.000
18645.000,79.124
18646.000,79.124
18647.000,79.124
18648.000,79.124
18649.000,79.124
18650.000,79.124
18651.000,79.124
18652.000,79.124
18653.000,79.124
18654.000,79.124
18655.000,79.124
18656.000,79.124
18657.000,79.124
18658.000,79.124
18659.000,79.124
18660.000,79.124
18661.000,79.124
18662.000,79.124
18663.000,79.124
18664.000,79.124
18665.000,79.124
18666.000,79.124
18667.000,79.124
18668.000,0.000
18669.000,79.124
18670.000,79.124
18671.000,79.124
18672.000,79.124
18673.000,79.124
18674.000,79.124
18675.000,79.124
18676.000,0.000
18677.000,0.000
18678.000,79.124
18679.000,79.124
18680.000,79.124
18681.000,79.124
18682.000,79.124
18683.000,79.124
18684.000,0.000
18685.000,0.000
18686.000,79.124
18687.000,79.124
18688.000,79.124
18689.000,79.124
18690.000,79.124
18691.000,79.124
18692.000,79.124
18693.000,0.000
18694.000,0.000
18695.000,79.124
18696.000,79.124
18697.000,79.124
18698.000,79.124
18699.000,79.124
18700.000,79.124
18701.000,0.000
18702.000,0.000
18703.000,79.124
18704.000,79.124
18705.000,79.124
18706.000,79.124
18707.000,79.124
18708.000,79.124
18709.000,79.124
18710.000,0.000
18711.000,79.124
18712.000,79.124
18713.000,79.124
18714.000,79.124
18715.000,79.124
18716.000,79.124
18717.000,79.124
18718.000,79.124
18719.000,79.124
18720.000,79.124
18721.000,79.124
18722.000,79.124
18723.000,79.124
18724.000,79.124
18725.000,79.124
18726.000,79.124
18727.000,79.124
18728.000,79.124
18729.000,79.124
18730.000,79.124
18731.000,79.124
18732.000,79.124
18733.000,79.124
18734.000,0.000
18735.000,0.000
18736.000,79.124
18737.000,79.124
18738.000,79.124
18739.000,79.124
18740.000,79.124
18741.000,79.124
18742.000,79.124
18743.000,0.000
18744.000,79.124
18745.000,79.124
18746.000,79.124
18747.000,79.124
18748.000,79.124
18749.000,79.124
18750.000,79.124
18751.000,0.000
18752.000,0.000
18753.000,79.124
18754.000,79.124
18755.000,79.124
18756.000,79.124
18757.000,79.124
18758.000,79.124
18759.000,0.000
18760.000,0.000
18761.000,79.124
18762.000,79.124
18763.000,79.124
18764.000,79.124
18765.000,79.124
18766.000,79.124
18767.000,0.000
18768.000,0.000
18769.000,0.000
18770.000,79.124
18771.000,79.124
18772.000,79.124
18773.000,79.124
18774.000,79.124
18775.000,79.124
18776.000,0.000
18777.000,0.000
18778.000,79.124
18779.000,79.124
18780.000,79.124
18781.000,79.124
18782.000,79.124
18783.000,79.124
18784.000,0.000
18785.000,0.000
18786.000,79.124
18787.000,79.124
18788.000,79.124
18789.000,79.124
18790.000,79.124
18791.000,79.124
18792.000,79.124
18793.000,0.000
18794.000,79.124
18795.000,79.124
18796.000,79.124
18797.000,79.124
18798.000,79.124
18799.000,79.124
18800.000,79.124
18801.000,0.000
18802.000,0.000
18803.000,79.124
18804.000,79.124
18805.000,79.124
18806.000,79.124
18807.000,79.124
18808.000,79.124
18809.000,79.124
18810.000,0.000
18811.000,79.124
18812.000,79.124
18813.000,79.124
18814.000,79.124
18815.000,79.124
18816.000,79.124
18817.000,0.000
18818.000,0.000
18819.000,0.000
18820.000,79.124
18821.000,79.124
18822.000,79.124
18823.000,79.124
18824.000,79.124
18825.000,79.124
18826.000,0.000
18827.000,0.000
18828.000,79.124
18829.000,79.124
18830.000,79.124
18831.000,79.124
18832.000,79.124
18833.000,79.124
18834.000,79.124
18835.000,0.000
18836.000,0.000
18837.000,79.124
18838.000,79.124
18839.000,79.124
18840.000,79.124
18841.000,79.124
18842.000,79.124
18843.000,79.124
18844.000,79.124
18845.000,79.124
18846.000,79.124
18847.000,79.124
18848.000,79.124
18849.000,79.124
18850.000,79.124
18851.000,79.124
18852.000,79.124
18853.000,79.124
18854.000,79.124
18855.000,79.124
18856.000,79.124
18857.000,79.124
18858.000,79.124
18859.000,79.124
18860.000,79.124
18861.000,79.124
18862.000,79.124
18863.000,79.124
18864.000,79.124
18865.000,79.124
18866.000,79.124
18867.000,0.000
18868.000,0.000
18869.000,79.124
18870.000,79.124
18871.000,79.124
18872.000,79.124
18873.000,79.124
18874.000,79.124
18875.000,79.124
18876.000,0.000
18877.000,0.000
18878.000,79.124
18879.000,79.124
18880.000,79.124
18881.000,79.124
18882.000,79.124
18883.000,79.124
18884.000,0.000
18885.000,0.000
18886.000,0.000
18887.000,79.124
18888.000,79.124
18889.000,79.124
18890.000,79.124
18891.000,79.124
18892.000,79.124
18893.000,0.000
18894.000,0.000
18895.000,79.124
18896.000,79.124
18897.000,79.124
18898.000,79.124
18899.000,79.124
18900.000,79.124
18901.000,0.000
18902.000,0.000
18903.000,79.124
18904.000,79.124
18905.000,79.124
18906.000,79.124
18907.000,79.124
18908.000,79.124
18909.000,79.124
18910.000,0.000
18911.000,79.124
18912.000,79.124
18913.000,79.124
18914.000,79.124
18915.000,79.124
18916.000,79.124
18917.000,79.124
18918.000,0.000
18919.000,79.124
18920.000,79.124
18921.000,79.124
18922.000,79.124
18923.000,79.124
18924.000,79.124
18925.000,79.124
18926.000,0.000
18927.000,0.000
18928.000,79.124
18929.000,79.124
18930.000,79.124
18931.000,79.124
18932.000,79.124
18933.000,79.124
18934.000,0.000
18935.000,0.000
18936.000,79.124
18937.000,79.124
18938.000,79.124
18939.000,79.124
18940.000,79.124
18941.000,79.124
18942.000,79.124
18943.000,0.000
18944.000,0.000
18945.000,79.124
18946.000,79.124
18947.000,79.124
18948.000,79.124
18949.000,79.124
18950.000,79.124
18951.000,79.124
18952.000,0.000
18953.000,79.124
18954.000,79.124
18955.000,79.124
18956.000,79.124
18957.000,79.124
18958.000,79.124
18959.000,79.124
18960.000,79.124
18961.000,79.124
18962.000,79.124
18963.000,79.124
18964.000,79.124
18965.000,79.124
18966.000,79.124
18967.000,79.124
18968.000,79.124
18969.000,79.124
18970.000,79.124
18971.000,79.124
18972.000,79.124
18973.000,79.124
18974.000,79.124
18975.000,79.124
18976.000,0.000
18977.000,79.124
18978.000,79.124
18979.000,79.124
18980.000,79.124
18981.000,79.124
18982.000,79.124
18983.000,79.124
18984.000,0.000
18985.000,0.000
18986.000,79.124
18987.000,79.124
18988.000,79.124
18989.000,79.124
18990.000,79.124
18991.000,79.124
18992.000,0.000
18993.000,0.000
18994.000,0.000
18995.000,79.124
18996.000,79.124
18997.000,79.124
18998.000,79.124
18999.000,79.124
19000.000,79.124
19001.000,0.000
19002.000,0.000
19003.000,79.124
19004.000,79.124
19005.000,79.124
19006.000,79.124
19007.000,79.124
19008.000,79.124
19009.000,79.124
19010.000,0.000
19011.000,0.000
19012.000,79.124
19013.000,79.124
19014.000,79.124
19015.000,79.124
19016.000,79.124
19017.000,79.124
19018.000,79.124
19019.000,79.124
19020.000,79.124
19021.000,79.124
19022.000,79.124
19023.000,79.124
19024.000,79.124
19025.000,79.124
19026.000,79.124
19027.000,79.124
19028.000,79.124
19029.000,79.124
19030.000,79.124
19031.000,79.124
19032.000,79.124
19033.000,79.124
19034.000,0.000
19035.000,0.000
19036.000,79.124
19037.000,79.124
19038.000,79.124
19039.000,79.124
19040.000,79.124
19041.000,79.124
19042.000,0.000
19043.000,0.000
19044.000,0.000
19045.000,79.124
19046.000,79.124
19047.000,79.124
19048.000,79.124
19049.000,79.124
19050.000,0.000
19051.000,0.000
19052.000,0.000
19053.000,79.124
19054.000,79.124
19055.000,79.124
19056.000,79.124
19057.000,79.124
19058.000,79.124
19059.000,0.000
19060.000,0.000
19061.000,0.000
19062.000,79.124
19063.000,79.124
19064.000,79.124
19065.000,79.124
19066.000,79.124
19067.000,79.124
19068.000,0.000
19069.000,0.000
19070.000,0.000
19071.000,79.124
19072.000,79.124
19073.000,79.124
19074.000,79.124
19075.000,79.124
19076.000,79.124
19077.000,0.000
19078.000,0.000
19079.000,79.124
19080.000,79.124
19081.000,79.124
19082.000,79.124
19083.000,79.124
19084.000,79.124
19085.000,79.124
19086.000,79.124
19087.000,79.124
19088.000,79.124
19089.000,79.124
19090.000,79.124
19091.000,79.124
19092.000,79.124
19093.000,0.000
19094.000,79.124
19095.000,79.124
19096.000,79.124
19097.000,79.124
19098.000,79.124
19099.000,79.124
19100.000,0.000
19101.000,0.000
19102.000,79.124
19103.000,79.124
19104.000,79.124
19105.000,79.124
19106.000,79.124
19107.000,79.124
19108.000,79.124
19109.000,0.000
19110.000,0.000
19111.000,79.124
19112.000,79.124
19113.000,79.124
19114.000,79.124
19115.000,79.124
19116.000,79.124
19117.000,0.000
19118.000,0.000
19119.000,0.000
19120.000,79.124
19121.000,79.124
19122.000,79.124
19123.000,79.124
19124.000,79.124
19125.000,79.124
19126.000,0.000
19127.000,0.000
19128.000,0.000
19129.000,79.124
19130.000,79.124
19131.000,79.124
19132.000,79.124
19133.000,79.124
19134.000,0.000
19135.000,0.000
19136.000,0.000
19137.000,79.124
19138.000,79.124
19139.000,79.124
19140.000,79.124
19141.000,79.124
19142.000,79.124
19143.000,0.000
19144.000,0.000
19145.000,79.124
19146.000,79.124
19147.000,79.124
19148.000,79.124
19149.000,79.124
19150.000,79.124
19151.000,79.124
19152.000,79.124
19153.000,79.124
19154.000,79.124
19155.000,79.124
19156.000,79.124
19157.000,79.124
19158.000,79.124
19159.000,0.000
19160.000,0.000
19161.000,79.124
19162.000,79.124
19163.000,79.124
19164.000,79.124
19165.000,79.124
19166.000,79.124
19167.000,0.000
19168.000,0.000
19169.000,0.000
19170.000,79.124
19171.000,79.124
19172.000,79.124
19173.000,79.124
19174.000,79.124
19175.000,0.000
19176.000,0.000
19177.000,0.000
19178.000,79.124
19179.000,79.124
19180.000,79.124
19181.000,79.124
19182.000,79.124
19183.000,79.124
19184.000,0.000
19185.000,0.000
19186.000,0.000
19187.000,79.124
19188.000,79.124
19189.000,79.124
19190.000,79.124
19191.000,79.124
19192.000,79.124
19193.000,0.000
19194.000,0.000
19195.000,0.000
19196.000,79.124
19197.000,79.124
19198.000,79.124
19199.000,79.124
19200.000,79.124
19201.000,79.124
19202.000,0.000
19203.000,0.000
19204.000,79.124
19205.000,79.124
19206.000,79.124
19207.000,79.124
19208.000,79.124
19209.000,79.124
19210.000,79.124
19211.000,79.124
19212.000,79.124
19213.000,79.124
19214.000,79.124
19215.000,79.124
19216.000,79.124
19217.000,79.124
19218.000,0.000
19219.000,79.124
19220.000,79.124
19221.000,79.124
19222.000,79.124
19223.000,79.124
19224.000,79.124
19225.000,0.000
19226.000,0.000
19227.000,0.000
19228.000,79.124
19229.000,79.124
19230.000,79.124
19231.000,79.124
19232.000,79.124
19233.000,79.124
19234.000,0.000
19235.000,0.000
19236.000,0.000
19237.000,79.124
19238.000,79.124
19239.000,79.124
19240.000,79.124
19241.000,79.124
19242.000,0.000
19243.000,0.000
19244.000,0.000
19245.000,79.124
19246.000,79.124
19247.000,79.124
19248.000,79.124
19249.000,79.124
19250.000,79.124
19251.000,0.000
19252.000,0.000
19253.000,0.000
19254.000,79.124
19255.000,79.124
19256.000,79.124
19257.000,79.124
19258.000,79.124
19259.000,79.124
19260.000,0.000
19261.000,0.000
19262.000,79.124
19263.000,79.124
19264.000,79.124
19265.000,79.124
19266.000,79.124
19267.000,79.124
19268.000,0.000
19269.000,0.000
19270.000,79.124
19271.000,79.124
19272.000,79.124
19273.000,79.124
19274.000,79.124
19275.000,79.124
19276.000,0.000
19277.000,0.000
19278.000,79.124
19279.000,79.124
19280.000,79.124
19281.000,79.124
19282.000,79.124
19283.000,79.124
19284.000,0.000
19285.000,0.000
19286.000,0.000
19287.000,79.124
19288.000,79.124
19289.000,79.124
19290.000,79.124
19291.000,79.124
19292.000,0.000
19293.000,0.000
19294.000,0.000
19295.000,79.124
19296.000,79.124
19297.000,79.124
19298.000,79.124
19299.000,79.124
19300.000,79.124
19301.000,0.000
19302.000,0.000
19303.000,0.000
19304.000,79.124
19305.000,79.124
19306.000,79.124
19307.000,79.124
19308.000,79.124
19309.000,79.124
19310.000,0.000
19311.000,0.000
19312.000,79.124
19313.000,79.124
19314.000,79.124
19315.000,79.124
19316.000,79.124
19317.000,79.124
19318.000,0.000
19319.000,0.000
19320.000,79.124
19321.000,79.124
19322.000,79.124
19323.000,79.124
19324.000,79.124
19325.000,79.124
19326.000,79.124
19327.000,0.000
19328.000,79.124
19329.000,79.124
19330.000,79.124
19331.000,79.124
19332.000,79.124
19333.000,79.124
19334.000,0.000
19335.000,0.000
19336.000,79.124
19337.000,79.124
19338.000,79.124
19339.000,79.124
19340.000,79.124
19341.000,79.124
19342.000,0.000
19343.000,0.000
19344.000,0.000
19345.000,79.124
19346.000,79.124
19347.000,79.124
19348.000,79.124
19349.000,79.124
19350.000,0.000
19351.000,0.000
19352.000,0.000
19353.000,0.000
19354.000,79.124
19355.000,79.124
19356.000,79.124
19357.000,79.124
19358.000,79.124
19359.000,0.000
19360.000,0.000
19361.000,0.000
19362.000,79.124
19363.000,79.124
19364.000,79.124
19365.000,79.124
19366.000,79.124
19367.000,0.000
19368.000,0.000
19369.000,0.000
19370.000,0.000
19371.000,79.124
19372.000,79.124
19373.000,79.124
19374.000,79.124
19375.000,79.124
19376.000,0.000
19377.000,0.000
19378.000,0.000
19379.000,79.124
19380.000,79.124
19381.000,79.124
19382.000,79.124
19383.000,79.124
19384.000,79.124
19385.000,0.000
19386.000,0.000
19387.000,79.124
19388.000,79.124
19389.000,79.124
19390.000,79.124
19391.000,79.124
19392.000,0.000
19393.000,0.000
19394.000,0.000
19395.000,79.124
19396.000,79.124
19397.000,79.124
19398.000,79.124
19399.000,79.124
19400.000,0.000
19401.000,0.000
19402.000,0.000
19403.000,79.124
19404.000,79.124
19405.000,79.124
19406.000,79.124
19407.000,79.124
19408.000,79.124
19409.000,0.000
19410.000,0.000
19411.000,0.000
19412.000,79.124
19413.000,79.124
19414.000,79.124
19415.000,79.124
19416.000,79.124
19417.000,0.000
19418.000,0.000
19419.000,0.000
19420.000,79.124
19421.000,79.124
19422.000,79.124
19423.000,79.124
19424.000,79.124
19425.000,79.124
19426.000,0.000
19427.000,0.000
19428.000,0.000
19429.000,79.124
19430.000,79.124
19431.000,79.124
19432.000,79.124
19433.000,79.124
19434.000,0.000
19435.000,0.000
19436.000,0.000
19437.000,79.124
19438.000,79.124
19439.000,79.124
19440.000,79.124
19441.000,79.124
19442.000,79.124
19443.000,0.000
19444.000,0.000
19445.000,79.124
19446.000,79.124
19447.000,79.124
19448.000,79.124
19449.000,79.124
19450.000,79.124
19451.000,0.000
19452.000,0.000
19453.000,79.124
19454.000,79.124
19455.000,79.124
19456.000,79.124
19457.000,79.124
19458.000,79.124
19459.000,0.000
19460.000,0.000
19461.000,0.000
19462.000,79.124
19463.000,79.124
19464.000,79.124
19465.000,79.124
19466.000,79.124
19467.000,0.000
19468.000,0.000
19469.000,0.000
19470.000,79.124
19471.000,79.124
19472.000,79.124
19473.000,79.124
19474.000,79.124
19475.000,0.000
19476.000,0.000
19477.000,0.000
19478.000,79.124
19479.000,79.124
19480.000,79.124
19481.000,79.124
19482.000,79.124
19483.000,79.124
19484.000,0.000
19485.000,0.000
19486.000,0.000
19487.000,79.124
19488.000,79.124
19489.000,79.124
19490.000,79.124
19491.000,79.124
19492.000,0.000
19493.000,0.000
19494.000,0.000
19495.000,79.124
19496.000,79.124
19497.000,79.124
19498.000,79.124
19499.000,79.124
19500.000,79.124
19501.000,0.000
19502.000,0.000
19503.000,0.000
19504.000,79.124
19505.000,79.124
19506.000,79.124
19507.000,79.124
19508.000,79.124
19509.000,0.000
19510.000,0.000
19511.000,0.000
19512.000,79.124
19513.000,79.124
19514.000,79.124
19515.000,79.124
19516.000,79.124
19517.000,0.000
19518.000,0.000
19519.000,0.000
19520.000,79.124
19521.000,79.124
19522.000,79.124
19523.000,79.124
19524.000,79.124
19525.000,0.000
19526.000,0.000
19527.000,0.000
19528.000,79.124
19529.000,79.124
19530.000,79.124
19531.000,79.124
19532.000,79.124
19533.000,79.124
19534.000,0.000
19535.000,0.000
19536.000,0.000
19537.000,79.124
19538.000,79.124
19539.000,79.124
19540.000,79.124
19541.000,79.124
19542.000,0.000
19543.000,0.000
19544.000,0.000
19545.000,79.124
19546.000,79.124
19547.000,79.124
19548.000,79.124
19549.000,79.124
19550.000,79.124
19551.000,0.000
19552.000,0.000
19553.000,0.000
19554.000,79.124
19555.000,79.124
19556.000,79.124
19557.000,79.124
19558.000,79.124
19559.000,0.000
19560.000,0.000
19561.000,0.000
19562.000,79.124
19563.000,79.124
19564.000,79.124
19565.000,79.124
19566.000,79.124
19567.000,0.000
19568.000,0.000
19569.000,0.000
19570.000,79.124
19571.000,79.124
19572.000,79.124
19573.000,79.124
19574.000,79.124
19575.000,0.000
19576.000,0.000
19577.000,0.000
19578.000,79.124
19579.000,79.124
19580.000,79.124
19581.000,79.124
19582.000,79.124
19583.000,0.000
19584.000,0.000
19585.000,0.000
19586.000,79.124
19587.000,79.124
19588.000,79.124
19589.000,79.124
19590.000,79.124
19591.000,79.124
19592.000,0.000
19593.000,0.000
19594.000,0.000
19595.000,79.124
19596.000,79.124
19597.000,79.124
19598.000,79.124
19599.000,79.124
19600.000,0.000
19601.000,0.000
19602.000,0.000
19603.000,79.124
19604.000,79.124
19605.000,79.124
19606.000,79.124
19607.000,79.124
19608.000,0.000
19609.000,0.000
19610.000,0.000
19611.000,0.000
19612.000,79.124
19613.000,79.124
19614.000,79.124
19615.000,79.124
19616.000,79.124
19617.000,0.000
19618.000,0.000
19619.000,0.000
19620.000,79.124
19621.000,79.124
19622.000,79.124
19623.000,79.124
19624.000,79.124
19625.000,0.000
19626.000,0.000
19627.000,0.000
19628.000,79.124
19629.000,79.124
19630.000,79.124
19631.000,79.124
19632.000,79.124
19633.000,79.124
19634.000,0.000
19635.000,0.000
19636.000,0.000
19637.000,79.124
19638.000,79.124
19639.000,79.124
19640.000,79.124
19641.000,79.124
19642.000,0.000
19643.000,0.000
19644.000,0.000
19645.000,79.124
19646.000,79.124
19647.000,79.124
19648.000,79.124
19649.000,79.124
19650.000,0.000
19651.000,0.000
19652.000,0.000
19653.000,79.124
19654.000,79.124
19655.000,79.124
19656.000,79.124
19657.000,79.124
19658.000,0.000
19659.000,0.000
19660.000,0.000
19661.000,0.000
19662.000,79.124
19663.000,79.124
19664.000,79.124
19665.000,79.124
19666.000,79.124
19667.000,0.000
19668.000,0.000
19669.000,0.000
19670.000,79.124
19671.000,79.124
19672.000,79.124
19673.000,79.124
19674.000,79.124
19675.000,0.000
19676.000,0.000
19677.000,0.000
19678.000,79.124
19679.000,79.124
19680.000,79.124
19681.000,79.124
19682.000,79.124
19683.000,79.124
19684.000,0.000
19685.000,0.000
19686.000,0.000
19687.000,79.124
19688.000,79.124
19689.000,79.124
19690.000,79.124
19691.000,79.124
19692.000,0.000
19693.000,0.000
19694.000,0.000
19695.000,79.124
19696.000,79.124
19697.000,79.124
19698.000,79.124
19699.000,79.124
19700.000,79.124
19701.000,0.000
19702.000,0.000
19703.000,79.124
19704.000,79.124
19705.000,79.124
19706.000,79.124
19707.000,79.124
19708.000,0.000
19709.000,0.000
19710.000,0.000
19711.000,79.124
19712.000,79.124
19713.000,79.124
19714.000,79.124
19715.000,79.124
19716.000,79.124
19717.000,0.000
19718.000,0.000
19719.000,0.000
19720.000,79.124
19721.000,79.124
19722.000,79.124
19723.000,79.124
19724.000,79.124
19725.000,0.000
19726.000,0.000
19727.000,0.000
19728.000,79.124
19729.000,79.124
19730.000,79.124
19731.000,79.124
19732.000,79.124
19733.000,0.000
19734.000,0.000
19735.000,0.000
19736.000,0.000
19737.000,79.124
19738.000,79.124
19739.000,79.124
19740.000,79.124
19741.000,79.124
19742.000,0.000
19743.000,0.000
19744.000,0.000
19745.000,79.124
19746.000,79.124
19747.000,79.124
19748.000,79.124
19749.000,79.124
19750.000,0.000
19751.000,0.000
19752.000,0.000
19753.000,79.124
19754.000,79.124
19755.000,79.124
19756.000,79.124
19757.000,79.124
19758.000,79.124
19759.000,0.000
19760.000,0.000
19761.000,0.000
19762.000,79.124
19763.000,79.124
19764.000,79.124
19765.000,79.124
19766.000,79.124
19767.000,0.000
19768.000,0.000
19769.000,0.000
19770.000,79.124
19771.000,79.124
19772.000,79.124
19773.000,79.124
19774.000,79.124
19775.000,0.000
19776.000,0.000
19777.000,0.000
19778.000,79.124
19779.000,79.124
19780.000,79.124
19781.000,79.124
19782.000,79.124
19783.000,0.000
19784.000,0.000
19785.000,0.000
19786.000,0.000
19787.000,79.124
19788.000,79.124
19789.000,79.124
19790.000,79.124
19791.000,79.124
19792.000,0.000
19793.000,0.000
19794.000,0.000
19795.000,79.124
19796.000,79.124
19797.000,79.124
19798.000,79.124
19799.000,79.124
19800.000,0.000
19801.000,0.000
19802.000,0.000
19803.000,79.124
19804.000,79.124
19805.000,79.124
19806.000,79.124
19807.000,79.124
19808.000,79.124
19809.000,0.000
19810.000,0.000
19811.000,79.124
19812.000,79.124
19813.000,79.124
19814.000,79.124
19815.000,79.124
19816.000,79.124
19817.000,0.000
19818.000,0.000
19819.000,79.124
19820.000,79.124
19821.000,79.124
19822.000,79.124
19823.000,79.124
19824.000,79.124
19825.000,0.000
19826.000,0.000
19827.000,0.000
19828.000,79.124
19829.000,79.124
19830.000,79.124
19831.000,79.124
19832.000,79.124
19833.000,0.000
19834.000,0.000
19835.000,0.000
19836.000,79.124
19837.000,79.124
19838.000,79.124
19839.000,79.124
19840.000,79.124
19841.000,0.000
19842.000,0.000
19843.000,0.000
19844.000,0.000
19845.000,79.124
19846.000,79.124
19847.000,79.124
19848.000,79.124
19849.000,79.124
19850.000,0.000
19851.000,0.000
19852.000,0.000
19853.000,79.124
19854.000,79.124
19855.000,79.124
19856.000,79.124
19857.000,79.124
19858.000,79.124
19859.000,0.000
19860.000,0.000
19861.000,0.000
19862.000,79.124
19863.000,79.124
19864.000,79.124
19865.000,79.124
19866.000,79.124
19867.000,0.000
19868.000,0.000
19869.000,0.000
19870.000,79.124
19871.000,79.124
19872.000,79.124
19873.000,79.124
19874.000,79.124
19875.000,79.124
19876.000,0.000
19877.000,0.000
19878.000,79.124
19879.000,79.124
19880.000,79.124
19881.000,79.124
19882.000,79.124
19883.000,0.000
19884.000,0.000
19885.000,0.000
19886.000,79.124
19887.000,79.124
19888.000,79.124
19889.000,79.124
19890.000,79.124
19891.000,0.000
19892.000,0.000
19893.000,0.000
19894.000,79.124
19895.000,79.124
19896.000,79.124
19897.000,79.124
19898.000,79.124
19899.000,0.000
19900.000,0.000
19901.000,0.000
19902.000,0.000
19903.000,79.124
19904.000,79.124
19905.000,79.124
19906.000,79.124
19907.000,79.124
19908.000,0.000
19909.000,0.000
19910.000,0.000
19911.000,0.000
19912.000,79.124
19913.000,79.124
19914.000,79.124
19915.000,79.124
19916.000,79.124
19917.000,0.000
19918.000,0.000
19919.000,0.000
19920.000,79.124
19921.000,79.124
19922.000,79.124
19923.000,79.124
19924.000,79.124
19925.000,79.124
19926.000,0.000
19927.000,0.000
19928.000,0.000
19929.000,79.124
19930.000,79.124
19931.000,79.124
19932.000,79.124
19933.000,79.124
19934.000,0.000
19935.000,0.000
19936.000,79.124
19937.000,79.124
19938.000,79.124
19939.000,79.124
19940.000,79.124
19941.000,79.124
19942.000,0.000
19943.000,0.000
19944.000,79.124
19945.000,79.124
19946.000,79.124
19947.000,79.124
19948.000,79.124
19949.000,0.000
19950.000,0.000
19951.000,0.000
19952.000,0.000
19953.000,79.124
19954.000,79.124
19955.000,79.124
19956.000,79.124
19957.000,79.124
19958.000,0.000
19959.000,0.000
19960.000,0.000
19961.000,79.124
19962.000,79.124
19963.000,79.124
19964.000,79.124
19965.000,79.124
19966.000,0.000
19967.000,0.000
19968.000,0.000
19969.000,0.000
19970.000,79.124
19971.000,79.124
19972.000,79.124
19973.000,79.124
19974.000,79.124
19975.000,0.000
19976.000,0.000
19977.000,0.000
19978.000,79.124
19979.000,79.124
19980.000,79.124
19981.000,79.124
19982.000,79.124
19983.000,79.124
19984.000,0.000
19985.000,0.000
19986.000,0.000
19987.000,79.124
19988.000,79.124
19989.000,79.124
19990.000,79.124
19991.000,79.124
19992.000,0.000
19993.000,0.000
19994.000,0.000
19995.000,79.124
19996.000,79.124
19997.000,79.124
19998.000,79.124
19999.000,79.124
20000.000,0.000
20001.000,0.000
20002.000,0.000
20003.000,79.124
20004.000,79.124
20005.000,79.124
20006.000,79.124
20007.000,79.124
20008.000,0.000
20009.000,0.000
20010.000,0.000
20011.000,79.124
20012.000,79.124
20013.000,79.124
20014.000,79.124
20015.000,79.124
20016.000,0.000
20017.000,0.000
20018.000,0.000
20019.000,0.000
20020.000,79.124
20021.000,79.124
20022.000,79.124
20023.000,79.124
20024.000,79.124
20025.000,0.000
20026.000,0.000
20027.000,0.000
20028.000,79.124
20029.000,79.124
20030.000,79.124
20031.000,79.124
20032.000,79.124
20033.000,0.000
20034.000,0.000
20035.000,0.000
20036.000,0.000
20037.000,79.124
20038.000,79.124
20039.000,79.124
20040.000,79.124
20041.000,79.124
20042.000,0.000
20043.000,0.000
20044.000,0.000
20045.000,79.124
20046.000,79.124
20047.000,79.124
20048.000,79.124
20049.000,79.124
20050.000,0.000
20051.000,0.000
20052.000,0.000
20053.000,79.124
20054.000,79.124
20055.000,79.124
20056.000,79.124
20057.000,79.124
20058.000,0.000
20059.000,0.000
20060.000,0.000
20061.000,79.124
20062.000,79.124
20063.000,79.124
20064.000,79.124
20065.000,79.124
20066.000,0.000
20067.000,0.000
20068.000,0.000
20069.000,79.124
20070.000,79.124
20071.000,79.124
20072.000,79.124
20073.000,79.124
20074.000,0.000
20075.000,0.000
20076.000,0.000
20077.000,0.000
20078.000,79.124
20079.000,79.124
20080.000,79.124
20081.000,79.124
20082.000,79.124
20083.000,0.000
20084.000,0.000
20085.000,0.000
20086.000,79.124
20087.000,79.124
20088.000,79.124
20089.000,79.124
20090.000,79.124
20091.000,79.124
20092.000,0.000
20093.000,0.000
20094.000,0.000
20095.000,79.124
20096.000,79.124
20097.000,79.124
20098.000,79.124
20099.000,79.124
20100.000,0.000
20101.000,0.000
20102.000,0.000
20103.000,79.124
20104.000,79.124
20105.000,79.124
20106.000,79.124
20107.000,79.124
20108.000,0.000
20109.000,0.000
20110.000,0.000
20111.000,79.124
20112.000,79.124
20113.000,79.124
20114.000,79.124
20115.000,79.124
20116.000,0.000
20117.000,0.000
20118.000,0.000
20119.000,0.000
20120.000,79.124
20121.000,79.124
20122.000,79.124
20123.000,79.124
20124.000,0.000
20125.000,0.000
20126.000,0.000
20127.000,0.000
20128.000,79.124
20129.000,79.124
20130.000,79.124
20131.000,79.124
20132.000,79.124
20133.000,0.000
20134.000,0.000
20135.000,0.000
20136.000,79.124
20137.000,79.124
20138.000,79.124
20139.000,79.124
20140.000,79.124
20141.000,0.000
20142.000,0.000
20143.000,0.000
20144.000,0.000
20145.000,79.124
20146.000,79.124
20147.000,79.124
20148.000,79.124
20149.000,79.124
20150.000,0.000
20151.000,0.000
20152.000,0.000
20153.000,79.124
20154.000,79.124
20155.000,79.124
20156.000,79.124
20157.000,79.124
20158.000,0.000
20159.000,0.000
20160.000,0.000
20161.000,0.000
20162.000,79.124
20163.000,79.124
20164.000,79.124
20165.000,79.124
20166.000,79.124
20167.000,0.000
20168.000,0.000
20169.000,0.000
20170.000,79.124
20171.000,79.124
20172.000,79.124
20173.000,79.124
20174.000,79.124
20175.000,0.000
20176.000,0.000
20177.000,0.000
20178.000,79.124
20179.000,79.124
20180.000,79.124
20181.000,79.124
20182.000,79.124
20183.000,0.000
20184.000,0.000
20185.000,0.000
20186.000,79.124
20187.000,79.124
20188.000,79.124
20189.000,79.124
20190.000,79.124
20191.000,0.000
20192.000,0.000
20193.000,0.000
20194.000,79.124
20195.000,79.124
20196.000,79.124
20197.000,79.124
20198.000,79.124
20199.000,79.124
20200.000,0.000
20201.000,0.000
20202.000,0.000
20203.000,79.124
20204.000,79.124
20205.000,79.124
20206.000,79.124
20207.000,79.124
20208.000,0.000
20209.000,0.000
20210.000,0.000
20211.000,79.124
20212.000,79.124
20213.000,79.124
20214.000,79.124
20215.000,79.124
20216.000,0.000
20217.000,0.000
20218.000,0.000
20219.000,0.000
20220.000,79.124
20221.000,79.124
20222.000,79.124
20223.000,79.124
20224.000,79.124
20225.000,0.000
20226.000,0.000
20227.000,0.000
20228.000,0.000
20229.000,79.124
20230.000,79.124
20231.000,79.124
20232.000,79.124
20233.000,0.000
20234.000,0.000
20235.000,0.000
20236.000,79.124
20237.000,79.124
20238.000,79.124
20239.000,79.124
20240.000,79.124
20241.000,79.124
20242.000,0.000
20243.000,0.000
20244.000,0.000
20245.000,79.124
20246.000,79.124
20247.000,79.124
20248.000,79.124
20249.000,79.124
20250.000,0.000
20251.000,0.000
20252.000,0.000
20253.000,79.124
20254.000,79.124
20255.000,79.124
20256.000,79.124
20257.000,79.124
20258.000,0.000
20259.000,0.000
20260.000,0.000
20261.000,0.000
20262.000,79.124
20263.000,79.124
20264.000,79.124
20265.000,79.124
20266.000,0.000
20267.000,0.000
20268.000,0.000
20269.000,0.000
20270.000,79.124
20271.000,79.124
20272.000,79.124
20273.000,79.124
20274.000,79.124
20275.000,0.000
20276.000,0.000
20277.000,0.000
20278.000,0.000
20279.000,79.124
20280.000,79.124
20281.000,79.124
20282.000,79.124
20283.000,79.124
20284.000,0.000
20285.000,0.000
20286.000,0.000
20287.000,79.124
20288.000,79.124
20289.000,79.124
20290.000,79.124
20291.000,79.124
20292.000,79.124
20293.000,0.000
20294.000,0.000
20295.000,79.124
20296.000,79.124
20297.000,79.124
20298.000,79.124
20299.000,79.124
20300.000,0.000
20301.000,0.000
20302.000,79.124
20303.000,79.124
20304.000,79.124
20305.000,79.124
20306.000,79.124
20307.000,79.124
20308.000,0.000
20309.000,0.000
20310.000,0.000
20311.000,79.124
20312.000,79.124
20313.000,79.124
20314.000,79.124
20315.000,79.124
20316.000,0.000
20317.000,0.000
20318.000,0.000
20319.000,79.124
20320.000,79.124
20321.000,79.124
20322.000,79.124
20323.000,79.124
20324.000,0.000
20325.000,0.000
20326.000,0.000
20327.000,0.000
20328.000,79.124
20329.000,79.124
20330.000,79.124
20331.000,79.124
20332.000,79.124
20333.000,0.000
20334.000,0.000
20335.000,0.000
20336.000,0.000
20337.000,79.124
20338.000,79.124
20339.000,79.124
20340.000,79.124
20341.000,79.124
20342.000,0.000
20343.000,0.000
20344.000,0.000
20345.000,79.124
20346.000,79.124
20347.000,79.124
20348.000,79.124
20349.000,79.124
20350.000,0.000
20351.000,0.000
20352.000,0.000
20353.000,0.000
20354.000,79.124
20355.000,79.124
20356.000,79.124
20357.000,79.124
20358.000,79.124
20359.000,0.000
20360.000,0.000
20361.000,0.000
20362.000,79.124
20363.000,79.124
20364.000,79.124
20365.000,79.124
20366.000,79.124
20367.000,0.000
20368.000,0.000
20369.000,0.000
20370.000,79.124
20371.000,79.124
20372.000,79.124
20373.000,79.124
20374.000,79.124
20375.000,0.000
20376.000,0.000
20377.000,0.000
20378.000,79.124
20379.000,79.124
20380.000,79.124
20381.000,79.124
20382.000,79.124
20383.000,0.000
20384.000,0.000
20385.000,0.000
20386.000,79.124
20387.000,79.124
20388.000,79.124
20389.000,79.124
20390.000,79.124
20391.000,0.000
20392.000,0.000
20393.000,0.000
20394.000,0.000
20395.000,79.124
20396.000,79.124
20397.000,79.124
20398.000,79.124
20399.000,79.124
20400.000,0.000
20401.000,0.000
20402.000,0.000
20403.000,0.000
20404.000,79.124
20405.000,79.124
20406.000,79.124
20407.000,79.124
20408.000,0.000
20409.000,0.000
20410.000,0.000
20411.000,0.000
20412.000,79.124
20413.000,79.124
20414.000,79.124
20415.000,79.124
20416.000,79.124
20417.000,0.000
20418.000,0.000
20419.000,0.000
20420.000,79.124
20421.000,79.124
20422.000,79.124
20423.000,79.124
20424.000,79.124
20425.000,0.000
20426.000,0.000
20427.000,0.000
20428.000,79.124
20429.000,79.124
20430.000,79.124
20431.000,79.124
20432.000,79.124
20433.000,0.000
20434.000,0.000
20435.000,0.000
20436.000,79.124
20437.000,79.124
20438.000,79.124
20439.000,79.124
20440.000,79.124
20441.000,0.000
20442.000,0.000
20443.000,0.000
20444.000,0.000
20445.000,79.124
20446.000,79.124
20447.000,79.124
20448.000,79.124
20449.000,0.000
20450.000,0.000
20451.000,0.000
20452.000,0.000
20453.000,79.124
20454.000,79.124
20455.000,79.124
20456.000,79.124
20457.000,79.124
20458.000,0.000
20459.000,0.000
20460.000,0.000
20461.000,0.000
20462.000,79.124
20463.000,79.124
20464.000,79.124
20465.000,79.124
20466.000,0.000
20467.000,0.000
20468.000,0.000
20469.000,0.000
20470.000,79.124
20471.000,79.124
20472.000,79.124
20473.000,79.124
20474.000,79.124
20475.000,0.000
20476.000,0.000
20477.000,0.000
20478.000,0.000
20479.000,79.124
20480.000,79.124
20481.000,79.124
20482.000,79.124
20483.000,0.000
20484.000,0.000
20485.000,0.000
20486.000,0.000
20487.000,79.124
20488.000,79.124
20489.000,79.124
20490.000,79.124
20491.000,79.124
20492.000,0.000
20493.000,0.000
20494.000,0.000
20495.000,79.124
20496.000,79.124
20497.000,79.124
20498.000,79.124
20499.000,79.124
20500.000,0.000
20501.000,0.000
20502.000,0.000
20503.000,79.124
20504.000,79.124
20505.000,79.124
20506.000,79.124
20507.000,79.124
20508.000,0.000
20509.000,0.000
20510.000,0.000
20511.000,0.000
20512.000,79.124
20513.000,79.124
20514.000,79.124
20515.000,79.124
20516.000,0.000
20517.000,0.000
20518.000,0.000
20519.000,0.000
20520.000,79.124
20521.000,79.124
20522.000,79.124
20523.000,79.124
20524.000,79.124
20525.000,0.000
20526.000,0.000
20527.000,0.000
20528.000,79.124
20529.000,79.124
20530.000,79.124
20531.000,79.124
20532.000,79.124
20533.000,0.000
20534.000,0.000
20535.000,0.000
20536.000,0.000
20537.000,79.124
20538.000,79.124
20539.000,79.124
20540.000,79.124
20541.000,79.124
20542.000,0.000
20543.000,0.000
20544.000,0.000
20545.000,79.124
20546.000,79.124
20547.000,79.124
20548.000,79.124
20549.000,79.124
20550.000,0.000
20551.000,0.000
20552.000,0.000
20553.000,79.124
20554.000,79.124
20555.000,79.124
20556.000,79.124
20557.000,79.124
20558.000,0.000
20559.000,0.000
20560.000,0.000
20561.000,0.000
20562.000,79.124
20563.000,79.124
20564.000,79.124
20565.000,79.124
20566.000,0.000
20567.000,0.000
20568.000,0.000
20569.000,0.000
20570.000,79.124
20571.000,79.124
20572.000,79.124
20573.000,79.124
20574.000,79.124
20575.000,0.000
20576.000,0.000
20577.000,0.000
20578.000,79.124
20579.000,79.124
20580.000,79.124
20581.000,79.124
20582.000,79.124
20583.000,0.000
20584.000,0.000
20585.000,0.000
20586.000,0.000
20587.000,79.124
20588.000,79.124
20589.000,79.124
20590.000,79.124
20591.000,79.124
20592.000,0.000
20593.000,0.000
20594.000,0.000
20595.000,79.124
20596.000,79.124
20597.000,79.124
20598.000,79.124
20599.000,79.124
20600.000,0.000
20601.000,0.000
20602.000,0.000
20603.000,0.000
20604.000,79.124
20605.000,79.124
20606.000,79.124
20607.000,79.124
20608.000,0.000
20609.000,0.000
20610.000,0.000
20611.000,0.000
20612.000,79.124
20613.000,79.124
20614.000,79.124
20615.000,79.124
20616.000,0.000
20617.000,0.000
20618.000,0.000
20619.000,0.000
20620.000,79.124
20621.000,79.124
20622.000,79.124
20623.000,79.124
20624.000,0.000
20625.000,0.000
20626.000,0.000
20627.000,0.000
20628.000,79.124
20629.000,79.124
20630.000,79.124
20631.000,79.124
20632.000,79.124
20633.000,0.000
20634.000,0.000
20635.000,0.000
20636.000,0.000
20637.000,79.124
20638.000,79.124
20639.000,79.124
20640.000,79.124
20641.000,0.000
20642.000,0.000
20643.000,0.000
20644.000,0.000
20645.000,0.000
20646.000,79.124
20647.000,79.124
20648.000,79.124
20649.000,79.124
20650.000,0.000
20651.000,0.000
20652.000,0.000
20653.000,0.000
20654.000,79.124
20655.000,79.124
20656.000,79.124
20657.000,79.124
20658.000,79.124
20659.000,0.000
20660.000,0.000
20661.000,0.000
20662.000,79.124
20663.000,79.124
20664.000,79.124
20665.000,79.124
20666.000,79.124
20667.000,0.000
20668.000,0.000
20669.000,0.000
20670.000,79.124
20671.000,79.124
20672.000,79.124
20673.000,79.124
20674.000,0.000
20675.000,0.000
20676.000,0.000
20677.000,0.000
20678.000,79.124
20679.000,79.124
20680.000,79.124
20681.000,79.124
20682.000,0.000
20683.000,0.000
20684.000,0.000
20685.000,0.000
20686.000,79.124
20687.000,79.124
20688.000,79.124
20689.000,79.124
20690.000,79.124
20691.000,0.000
20692.000,0.000
20693.000,0.000
20694.000,0.000
20695.000,79.124
20696.000,79.124
20697.000,79.124
20698.000,79.124
20699.000,79.124
20700.000,0.000
20701.000,0.000
20702.000,0.000
20703.000,0.000
20704.000,79.124
20705.000,79.124
20706.000,79.124
20707.000,79.124
20708.000,0.000
20709.000,0.000
20710.000,0.000
20711.000,0.000
20712.000,79.124
20713.000,79.124
20714.000,79.124
20715.000,79.124
20716.000,79.124
20717.000,0.000
20718.000,0.000
20719.000,0.000
20720.000,0.000
20721.000,79.124
20722.000,79.124
20723.000,79.124
20724.000,79.124
20725.000,0.000
20726.000,0.000
20727.000,0.000
20728.000,0.000
20729.000,79.124
20730.000,79.124
20731.000,79.124
20732.000,79.124
20733.000,0.000
20734.000,0.000
20735.000,0.000
20736.000,79.124
20737.000,79.124
20738.000,79.124
20739.000,79.124
20740.000,79.124
20741.000,0.000
20742.000,0.000
20743.000,0.000
20744.000,0.000
20745.000,79.124
20746.000,79.124
20747.000,79.124
20748.000,79.124
20749.000,0.000
20750.000,0.000
20751.000,0.000
20752.000,0.000
20753.000,79.124
20754.000,79.124
20755.000,79.124
20756.000,79.124
20757.000,79.124
20758.000,0.000
20759.000,0.000
20760.000,0.000
20761.000,0.000
20762.000,79.124
20763.000,79.124
20764.000,79.124
20765.000,79.124
20766.000,79.124
20767.000,0.000
20768.000,0.000
20769.000,0.000
20770.000,0.000
20771.000,79.124
20772.000,79.124
20773.000,79.124
20774.000,79.124
20775.000,0.000
20776.000,0.000
20777.000,0.000
20778.000,0.000
20779.000,79.124
20780.000,79.124
20781.000,79.124
20782.000,79.124
20783.000,79.124
20784.000,0.000
20785.000,0.000
20786.000,0.000
20787.000,79.124
20788.000,79.124
20789.000,79.124
20790.000,79.124
20791.000,0.000
20792.000,0.000
20793.000,0.000
20794.000,0.000
20795.000,79.124
20796.000,79.124
20797.000,79.124
20798.000,79.124
20799.000,0.000
20800.000,0.000
20801.000,0.000
20802.000,0.000
20803.000,79.124
20804.000,79.124
20805.000,79.124
20806.000,79.124
20807.000,0.000
20808.000,0.000
20809.000,0.000
20810.000,0.000
20811.000,79.124
20812.000,79.124
20813.000,79.124
20814.000,79.124
20815.000,79.124
20816.000,0.000
20817.000,0.000
20818.000,0.000
20819.000,0.000
20820.000,79.124
20821.000,79.124
20822.000,79.124
20823.000,79.124
20824.000,79.124
20825.000,0.000
20826.000,0.000
20827.000,0.000
20828.000,0.000
20829.000,79.124
20830.000,79.124
20831.000,79.124
20832.000,79.124
20833.000,0.000
20834.000,0.000
20835.000,0.000
20836.000,0.000
20837.000,79.124
20838.000,79.124
20839.000,79.124
20840.000,79.124
20841.000,79.124
20842.000,0.000
20843.000,0.000
20844.000,0.000
20845.000,0.000
20846.000,79.124
20847.000,79.124
20848.000,79.124
20849.000,79.124
20850.000,0.000
20851.000,0.000
20852.000,0.000
20853.000,79.124
20854.000,79.124
20855.000,79.124
20856.000,79.124
20857.000,79.124
20858.000,0.000
20859.000,0.000
20860.000,0.000
20861.000,79.124
20862.000,79.124
20863.000,79.124
20864.000,79.124
20865.000,79.124
20866.000,0.000
20867.000,0.000
20868.000,0.000
20869.000,0.000
20870.000,79.124
20871.000,79.124
20872.000,79.124
20873.000,79.124
20874.000,0.000
20875.000,0.000
20876.000,0.000
20877.000,0.000
20878.000,79.124
20879.000,79.124
20880.000,79.124
20881.000,79.124
20882.000,79.124
20883.000,0.000
20884.000,0.000
20885.000,0.000
20886.000,0.000
20887.000,79.124
20888.000,79.124
20889.000,79.124
20890.000,79.124
20891.000,0.000
20892.000,0.000
20893.000,0.000
20894.000,0.000
20895.000,79.124
20896.000,79.124
20897.000,79.124
20898.000,79.124
20899.000,79.124
20900.000,0.000
20901.000,0.000
20902.000,0.000
20903.000,79.124
20904.000,79.124
20905.000,79.124
20906.000,79.124
20907.000,79.124
20908.000,0.000
20909.000,0.000
20910.000,0.000
20911.000,79.124
20912.000,79.124
20913.000,79.124
20914.000,79.124
20915.000,79.124
20916.000,0.000
20917.000,0.000
20918.000,0.000
20919.000,0.000
20920.000,79.124
20921.000,79.124
20922.000,79.124
20923.000,79.124
20924.000,0.000
20925.000,0.000
20926.000,0.000
20927.000,0.000
20928.000,79.124
20929.000,79.124
20930.000,79.124
20931.000,79.124
20932.000,79.124
20933.000,0.000
20934.000,0.000
20935.000,0.000
20936.000,0.000
20937.000,79.124
20938.000,79.124
20939.000,79.124
20940.000,79.124
20941.000,0.000
20942.000,0.000
20943.000,0.000
20944.000,0.000
20945.000,0.000
20946.000,79.124
20947.000,79.124
20948.000,79.124
20949.000,79.124
20950.000,0.000
20951.000,0.000
20952.000,0.000
20953.000,0.000
20954.000,79.124
20955.000,79.124
20956.000,79.124
20957.000,79.124
20958.000,0.000
20959.000,0.000
20960.000,0.000
20961.000,0.000
20962.000,79.124
20963.000,79.124
20964.000,79.124
20965.000,79.124
20966.000,0.000
20967.000,0.000
20968.000,0.000
20969.000,0.000
20970.000,79.124
20971.000,79.124
20972.000,79.124
20973.000,79.124
20974.000,0.000
20975.000,0.000
20976.000,0.000
20977.000,0.000
20978.000,79.124
20979.000,79.124
20980.000,79.124
20981.000,79.124
20982.000,0.000
20983.000,0.000
20984.000,0.000
20985.000,0.000
20986.000,79.124
20987.000,79.124
20988.000,79.124
20989.000,79.124
20990.000,79.124
20991.000,0.000
20992.000,0.000
20993.000,0.000
20994.000,0.000
20995.000,79.124
20996.000,79.124
20997.000,79.124
20998.000,79.124
20999.000,0.000
21000.000,0.000
21001.000,0.000
21002.000,0.000
21003.000,0.000
21004.000,79.124
21005.000,79.124
21006.000,79.124
21007.000,79.124
21008.000,0.000
21009.000,0.000
21010.000,0.000
21011.000,0.000
21012.000,79.124
21013.000,79.124
21014.000,79.124
21015.000,79.124
21016.000,0.000
21017.000,0.000
21018.000,0.000
21019.000,0.000
21020.000,79.124
21021.000,79.124
21022.000,79.124
21023.000,79.124
21024.000,0.000
21025.000,0.000
21026.000,0.000
21027.000,0.000
21028.000,79.124
21029.000,79.124
21030.000,79.124
21031.000,79.124
21032.000,0.000
21033.000,0.000
21034.000,0.000
21035.000,0.000
21036.000,79.124
21037.000,79.124
21038.000,79.124
21039.000,79.124
21040.000,79.124
21041.000,0.000
21042.000,0.000
21043.000,0.000
21044.000,0.000
21045.000,79.124
21046.000,79.124
21047.000,79.124
21048.000,79.124
21049.000,0.000
21050.000,0.000
21051.000,0.000
21052.000,0.000
21053.000,79.124
21054.000,79.124
21055.000,79.124
21056.000,79.124
21057.000,79.124
21058.000,0.000
21059.000,0.000
21060.000,0.000
21061.000,0.000
21062.000,79.124
21063.000,79.124
21064.000,79.124
21065.000,79.124
21066.000,0.000
21067.000,0.000
21068.000,0.000
21069.000,0.000
21070.000,79.124
21071.000,79.124
21072.000,79.124
21073.000,79.124
21074.000,79.124
21075.000,0.000
21076.000,0.000
21077.000,0.000
21078.000,0.000
21079.000,79.124
21080.000,79.124
21081.000,79.124
21082.000,79.124
21083.000,0.000
21084.000,0.000
21085.000,0.000
21086.000,0.000
21087.000,79.124
21088.000,79.124
21089.000,79.124
21090.000,79.124
21091.000,0.000
21092.000,0.000
21093.000,0.000
21094.000,0.000
21095.000,79.124
21096.000,79.124
21097.000,79.124
21098.000,79.124
21099.000,0.000
21100.000,0.000
21101.000,0.000
21102.000,0.000
21103.000,79.124
21104.000,79.124
21105.000,79.124
21106.000,79.124
21107.000,0.000
21108.000,0.000
21109.000,0.000
21110.000,0.000
21111.000,79.124
21112.000,79.124
21113.000,79.124
21114.000,79.124
21115.000,79.124
21116.000,0.000
21117.000,0.000
21118.000,0.000
21119.000,0.000
21120.000,79.124
21121.000,79.124
21122.000,79.124
21123.000,79.124
21124.000,0.000
21125.000,0.000
21126.000,0.000
21127.000,0.000
21128.000,0.000
21129.000,79.124
21130.000,79.124
21131.000,79.124
21132.000,79.124
21133.000,0.000
21134.000,0.000
21135.000,0.000
21136.000,0.000
21137.000,79.124
21138.000,79.124
21139.000,79.124
21140.000,79.124
21141.000,0.000
21142.000,0.000
21143.000,0.000
21144.000,0.000
21145.000,79.124
21146.000,79.124
21147.000,79.124
21148.000,79.124
21149.000,0.000
21150.000,0.000
21151.000,0.000
21152.000,0.000
21153.000,79.124
21154.000,79.124
21155.000,79.124
21156.000,79.124
21157.000,0.000
21158.000,0.000
21159.000,0.000
21160.000,0.000
21161.000,79.124
21162.000,79.124
21163.000,79.124
21164.000,79.124
21165.000,79.124
21166.000,0.000
21167.000,0.000
21168.000,0.000
21169.000,0.000
21170.000,79.124
21171.000,79.124
21172.000,79.124
21173.000,79.124
21174.000,0.000
21175.000,0.000
21176.000,0.000
21177.000,0.000
21178.000,79.124
21179.000,79.124
21180.000,79.124
21181.000,79.124
21182.000,79.124
21183.000,0.000
21184.000,0.000
21185.000,0.000
21186.000,0.000
21187.000,79.124
21188.000,79.124
21189.000,79.124
21190.000,79.124
21191.000,0.000
21192.000,0.000
21193.000,0.000
21194.000,0.000
21195.000,79.124
21196.000,79.124
21197.000,79.124
21198.000,79.124
21199.000,0.000
21200.000,0.000
21201.000,0.000
21202.000,0.000
21203.000,79.124
21204.000,79.124
21205.000,79.124
21206.000,79.124
21207.000,0.000
21208.000,0.000
21209.000,0.000
21210.000,0.000
21211.000,79.124
21212.000,79.124
21213.000,79.124
21214.000,79.124
21215.000,79.124
21216.000,0.000
21217.000,0.000
21218.000,0.000
21219.000,0.000
21220.000,79.124
21221.000,79.124
21222.000,79.124
21223.000,79.124
21224.000,0.000
21225.000,0.000
21226.000,0.000
21227.000,0.000
21228.000,79.124
21229.000,79.124
21230.000,79.124
21231.000,79.124
21232.000,0.000
21233.000,0.000
21234.000,0.000
21235.000,0.000
21236.000,79.124
21237.000,79.124
21238.000,79.124
21239.000,79.124
21240.000,79.124
21241.000,0.000
21242.000,0.000
21243.000,0.000
21244.000,0.000
21245.000,79.124
21246.000,79.124
21247.000,79.124
21248.000,79.124
21249.000,0.000
21250.000,0.000
21251.000,0.000
21252.000,0.000
21253.000,79.124
21254.000,79.124
21255.000,79.124
21256.000,79.124
21257.000,0.000
21258.000,0.000
21259.000,0.000
21260.000,0.000
21261.000,0.000
21262.000,79.124
21263.000,79.124
21264.000,79.124
21265.000,79.124
21266.000,0.000
21267.000,0.000
21268.000,0.000
21269.000,0.000
21270.000,79.124
21271.000,79.124
21272.000,79.124
21273.000,79.124
21274.000,0.000
21275.000,0.000
21276.000,0.000
21277.000,0.000
21278.000,79.124
21279.000,79.124
21280.000,79.124
21281.000,79.124
21282.000,0.000
21283.000,0.000
21284.000,0.000
21285.000,0.000
21286.000,79.124
21287.000,79.124
21288.000,79.124
21289.000,79.124
21290.000,0.000
21291.000,0.000
21292.000,0.000
21293.000,0.000
21294.000,0.000
21295.000,79.124
21296.000,79.124
21297.000,79.124
21298.000,79.124
21299.000,0.000
21300.000,0.000
21301.000,0.000
21302.000,0.000
21303.000,79.124
21304.000,79.124
21305.000,79.124
21306.000,79.124
21307.000,0.000
21308.000,0.000
21309.000,0.000
21310.000,0.000
21311.000,0.000
21312.000,79.124
21313.000,79.124
21314.000,79.124
21315.000,79.124
21316.000,0.000
21317.000,0.000
21318.000,0.000
21319.000,0.000
21320.000,79.124
21321.000,79.124
21322.000,79.124
21323.000,79.124
21324.000,0.000
21325.000,0.000
21326.000,0.000
21327.000,0.000
21328.000,79.124
21329.000,79.124
21330.000,79.124
21331.000,79.124
21332.000,0.000
21333.000,0.000
21334.000,0.000
21335.000,0.000
21336.000,79.124
21337.000,79.124
21338.000,79.124
21339.000,79.124
21340.000,0.000
21341.000,0.000
21342.000,0.000
21343.000,0.000
21344.000,0.000
21345.000,79.124
21346.000,79.124
21347.000,79.124
21348.000,79.124
21349.000,0.000
21350.000,0.000
21351.000,0.000
21352.000,0.000
21353.000,79.124
21354.000,79.124
21355.000,79.124
21356.000,79.124
21357.000,0.000
21358.000,0.000
21359.000,0.000
21360.000,0.000
21361.000,0.000
21362.000,79.124
21363.000,79.124
21364.000,79.124
21365.000,79.124
21366.000,0.000
21367.000,0.000
21368.000,0.000
21369.000,0.000
21370.000,79.124
21371.000,79.124
21372.000,79.124
21373.000,79.124
21374.000,0.000
21375.000,0.000
21376.000,0.000
21377.000,0.000
21378.000,79.124
21379.000,79.124
21380.000,79.124
21381.000,79.124
21382.000,0.000
21383.000,0.000
21384.000,0.000
21385.000,0.000
21386.000,79.124
21387.000,79.124
21388.000,79.124
21389.000,79.124
21390.000,0.000
21391.000,0.000
21392.000,0.000
21393.000,0.000
21394.000,0.000
21395.000,79.124
21396.000,79.124
21397.000,79.124
21398.000,79.124
21399.000,0.000
21400.000,0.000
21401.000,0.000
21402.000,0.000
21403.000,79.124
21404.000,79.124
21405.000,79.124
21406.000,79.124
21407.000,0.000
21408.000,0.000
21409.000,0.000
21410.000,0.000
21411.000,79.124
21412.000,79.124
21413.000,79.124
21414.000,79.124
21415.000,0.000
21416.000,0.000
21417.000,0.000
21418.000,0.000
21419.000,0.000
21420.000,79.124
21421.000,79.124
21422.000,79.124
21423.000,79.124
21424.000,0.000
21425.000,0.000
21426.000,0.000
21427.000,0.000
21428.000,79.124
21429.000,79.124
21430.000,79.124
21431.000,79.124
21432.000,0.000
21433.000,0.000
21434.000,0.000
21435.000,0.000
21436.000,0.000
21437.000,79.124
21438.000,79.124
21439.000,79.124
21440.000,79.124
21441.000,0.000
21442.000,0.000
21443.000,0.000
21444.000,0.000
21445.000,79.124
21446.000,79.124
21447.000,79.124
21448.000,79.124
21449.000,0.000
21450.000,0.000
21451.000,0.000
21452.000,0.000
21453.000,0.000
21454.000,79.124
21455.000,79.124
21456.000,79.124
21457.000,0.000
21458.000,0.000
21459.000,0.000
21460.000,0.000
21461.000,79.124
21462.000,79.124
21463.000,79.124
21464.000,79.124
21465.000,0.000
21466.000,0.000
21467.000,0.000
21468.000,0.000
21469.000,79.124
21470.000,79.124
21471.000,79.124
21472.000,79.124
21473.000,79.124
21474.000,0.000
21475.000,0.000
21476.000,0.000
21477.000,0.000
21478.000,79.124
21479.000,79.124
21480.000,79.124
21481.000,79.124
21482.000,0.000
21483.000,0.000
21484.000,0.000
21485.000,0.000
21486.000,79.124
21487.000,79.124
21488.000,79.124
21489.000,79.124
21490.000,79.124
21491.000,0.000
21492.000,0.000
21493.000,0.000
21494.000,0.000
21495.000,79.124
21496.000,79.124
21497.000,79.124
21498.000,79.124
21499.000,0.000
21500.000,0.000
21501.000,0.000
21502.000,0.000
21503.000,0.000
21504.000,79.124
21505.000,79.124
21506.000,79.124
21507.000,79.124
21508.000,0.000
21509.000,0.000
21510.000,0.000
21511.000,0.000
21512.000,79.124
21513.000,79.124
21514.000,79.124
21515.000,79.124
21516.000,0.000
21517.000,0.000
21518.000,0.000
21519.000,0.000
21520.000,79.124
21521.000,79.124
21522.000,79.124
21523.000,0.000
21524.000,0.000
21525.000,0.000
21526.000,0.000
21527.000,0.000
21528.000,79.124
21529.000,79.124
21530.000,79.124
21531.000,79.124
21532.000,0.000
21533.000,0.000
21534.000,0.000
21535.000,0.000
21536.000,79.124
21537.000,79.124
21538.000,79.124
21539.000,79.124
21540.000,0.000
21541.000,0.000
21542.000,0.000
21543.000,0.000
21544.000,0.000
21545.000,79.124
21546.000,79.124
21547.000,79.124
21548.000,79.124
21549.000,0.000
21550.000,0.000
21551.000,0.000
21552.000,0.000
21553.000,79.124
21554.000,79.124
21555.000,79.124
21556.000,79.124
21557.000,79.124
21558.000,0.000
21559.000,0.000
21560.000,0.000
21561.000,0.000
21562.000,79.124
21563.000,79.124
21564.000,79.124
21565.000,79.124
21566.000,0.000
21567.000,0.000
21568.000,0.000
21569.000,0.000
21570.000,0.000
21571.000,79.124
21572.000,79.124
21573.000,79.124
21574.000,0.000
21575.000,0.000
21576.000,0.000
21577.000,0.000
21578.000,79.124
21579.000,79.124
21580.000,79.124
21581.000,79.124
21582.000,0.000
21583.000,0.000
21584.000,0.000
21585.000,0.000
21586.000,79.124
21587.000,79.124
21588.000,79.124
21589.000,79.124
21590.000,0.000
21591.000,0.000
21592.000,0.000
21593.000,0.000
21594.000,79.124
21595.000,79.124
21596.000,79.124
21597.000,79.124
21598.000,0.000
21599.000,0.000
21600.000,0.000
21601.000,0.000
21602.000,0.000
21603.000,79.124
21604.000,79.124
21605.000,79.124
21606.000,79.124
21607.000,0.000
21608.000,0.000
21609.000,0.000
21610.000,0.000
21611.000,0.000
21612.000,79.124
21613.000,79.124
21614.000,79.124
21615.000,79.124
21616.000,0.000
21617.000,0.000
21618.000,0.000
21619.000,0.000
21620.000,79.124
21621.000,79.124
21622.000,79.124
21623.000,79.124
21624.000,0.000
21625.000,0.000
21626.000,0.000
21627.000,0.000
21628.000,0.000
21629.000,79.124
21630.000,79.124
21631.000,79.124
21632.000,79.124
21633.000,0.000
21634.000,0.000
21635.000,0.000
21636.000,0.000
21637.000,79.124
21638.000,79.124
21639.000,79.124
21640.000,79.124
21641.000,0.000
21642.000,0.000
21643.000,0.000
21644.000,0.000
21645.000,79.124
21646.000,79.124
21647.000,79.124
21648.000,0.000
21649.000,0.000
21650.000,0.000
21651.000,0.000
21652.000,0.000
21653.000,79.124
21654.000,79.124
21655.000,79.124
21656.000,79.124
21657.000,0.000
21658.000,0.000
21659.000,0.000
21660.000,0.000
21661.000,0.000
21662.000,79.124
21663.000,79.124
21664.000,79.124
21665.000,0.000
21666.000,0.000
21667.000,0.000
21668.000,0.000
21669.000,0.000
21670.000,79.124
21671.000,79.124
21672.000,79.124
21673.000,79.124
21674.000,0.000
21675.000,0.000
21676.000,0.000
21677.000,0.000
21678.000,0.000
21679.000,79.124
21680.000,79.124
21681.000,79.124
21682.000,79.124
21683.000,0.000
21684.000,0.000
21685.000,0.000
21686.000,0.000
21687.000,79.124
21688.000,79.124
21689.000,79.124
21690.000,79.124
21691.000,0.000
21692.000,0.000
21693.000,0.000
21694.000,0.000
21695.000,79.124
21696.000,79.124
21697.000,79.124
21698.000,79.124
21699.000,0.000
21700.000,0.000
21701.000,0.000
21702.000,0.000
21703.000,79.124
21704.000,79.124
21705.000,79.124
21706.000,79.124
21707.000,0.000
21708.000,0.000
21709.000,0.000
21710.000,0.000
21711.000,79.124
21712.000,79.124
21713.000,79.124
21714.000,79.124
21715.000,0.000
21716.000,0.000
21717.000,0.000
21718.000,0.000
21719.000,0.000
21720.000,79.124
21721.000,79.124
21722.000,79.124
21723.000,79.124
21724.000,0.000
21725.000,0.000
21726.000,0.000
21727.000,0.000
21728.000,0.000
21729.000,79.124
21730.000,79.124
21731.000,79.124
21732.000,79.124
21733.000,0.000
21734.000,0.000
21735.000,0.000
21736.000,0.000
21737.000,79.124
21738.000,79.124
21739.000,79.124
21740.000,79.124
21741.000,0.000
21742.000,0.000
21743.000,0.000
21744.000,0.000
21745.000,79.124
21746.000,79.124
21747.000,79.124
21748.000,79.124
21749.000,0.000
21750.000,0.000
21751.000,0.000
21752.000,0.000
21753.000,79.124
21754.000,79.124
21755.000,79.124
21756.000,79.124
21757.000,0.000
21758.000,0.000
21759.000,0.000
21760.000,0.000
21761.000,79.124
21762.000,79.124
21763.000,79.124
21764.000,79.124
21765.000,0.000
21766.000,0.000
21767.000,0.000
21768.000,0.000
21769.000,0.000
21770.000,79.124
21771.000,79.124
21772.000,79.124
21773.000,0.000
21774.000,0.000
21775.000,0.000
21776.000,0.000
21777.000,0.000
21778.000,79.124
21779.000,79.124
21780.000,79.124
21781.000,79.124
21782.000,0.000
21783.000,0.000
21784.000,0.000
21785.000,0.000
21786.000,0.000
21787.000,79.124
21788.000,79.124
21789.000,79.124
21790.000,79.124
21791.000,0.000
21792.000,0.000
21793.000,0.000
21794.000,0.000
21795.000,79.124
21796.000,79.124
21797.000,79.124
21798.000,79.124
21799.000,0.000
21800.000,0.000
21801.000,0.000
21802.000,0.000
21803.000,0.000
21804.000,79.124
21805.000,79.124
21806.000,79.124
21807.000,79.124
21808.000,0.000
21809.000,0.000
21810.000,0.000
21811.000,0.000
21812.000,0.000
21813.000,79.124
21814.000,79.124
21815.000,0.000
21816.000,0.000
21817.000,0.000
21818.000,0.000
21819.000,0.000
21820.000,79.124
21821.000,79.124
21822.000,79.124
21823.000,0.000
21824.000,0.000
21825.000,0.000
21826.000,0.000
21827.000,0.000
21828.000,79.124
21829.000,79.124
21830.000,79.124
21831.000,79.124
21832.000,0.000
21833.000,0.000
21834.000,0.000
21835.000,0.000
21836.000,79.124
21837.000,79.124
21838.000,79.124
21839.000,79.124
21840.000,0.000
21841.000,0.000
21842.000,0.000
21843.000,0.000
21844.000,0.000
21845.000,79.124
21846.000,79.124
21847.000,79.124
21848.000,79.124
21849.000,0.000
21850.000,0.000
21851.000,0.000
21852.000,0.000
21853.000,0.000
21854.000,79.124
21855.000,79.124
21856.000,79.124
21857.000,79.124
21858.000,0.000
21859.000,0.000
21860.000,0.000
21861.000,0.000
21862.000,0.000
21863.000,79.124
21864.000,79.124
21865.000,79.124
21866.000,0.000
21867.000,0.000
21868.000,0.000
21869.000,0.000
21870.000,0.000
21871.000,79.124
21872.000,79.124
21873.000,0.000
21874.000,0.000
21875.000,0.000
21876.000,0.000
21877.000,0.000
21878.000,79.124
21879.000,79.124
21880.000,79.124
21881.000,79.124
21882.000,0.000
21883.000,0.000
21884.000,0.000
21885.000,0.000
21886.000,79.124
21887.000,79.124
21888.000,79.124
21889.000,79.124
21890.000,0.000
21891.000,0.000
21892.000,0.000
21893.000,0.000
21894.000,0.000
21895.000,79.124
21896.000,79.124
21897.000,79.124
21898.000,79.124
21899.000,0.000
21900.000,0.000
21901.000,0.000
21902.000,0.000
21903.000,79.124
21904.000,79.124
21905.000,79.124
21906.000,79.124
21907.000,79.124
21908.000,0.000
21909.000,0.000
21910.000,0.000
21911.000,0.000
21912.000,79.124
21913.000,79.124
21914.000,79.124
21915.000,79.124
21916.000,0.000
21917.000,0.000
21918.000,0.000
21919.000,0.000
21920.000,0.000
21921.000,79.124
21922.000,79.124
21923.000,79.124
21924.000,0.000
21925.000,0.000
21926.000,0.000
21927.000,0.000
21928.000,0.000
21929.000,79.124
21930.000,79.124
21931.000,79.124
21932.000,79.124
21933.000,0.000
21934.000,0.000
21935.000,0.000
21936.000,0.000
21937.000,79.124
21938.000,79.124
21939.000,79.124
21940.000,0.000
21941.000,0.000
21942.000,0.000
21943.000,0.000
21944.000,0.000
21945.000,79.124
21946.000,79.124
21947.000,79.124
21948.000,0.000
21949.000,0.000
21950.000,0.000
21951.000,0.000
21952.000,0.000
21953.000,79.124
21954.000,79.124
21955.000,79.124
21956.000,79.124
21957.000,0.000
21958.000,0.000
21959.000,0.000
21960.000,0.000
21961.000,0.000
21962.000,79.124
21963.000,79.124
21964.000,79.124
21965.000,0.000
21966.000,0.000
21967.000,0.000
21968.000,0.000
21969.000,0.000
21970.000,79.124
21971.000,79.124
21972.000,79.124
21973.000,79.124
21974.000,0.000
21975.000,0.000
21976.000,0.000
21977.000,0.000
21978.000,0.000
21979.000,79.124
21980.000,79.124
21981.000,79.124
21982.000,79.124
21983.000,0.000
21984.000,0.000
21985.000,0.000
21986.000,0.000
21987.000,79.124
21988.000,79.124
21989.000,79.124
21990.000,79.124
21991.000,0.000
21992.000,0.000
21993.000,0.000
21994.000,0.000
21995.000,79.124
21996.000,79.124
21997.000,79.124
21998.000,79.124
21999.000,0.000
22000.000,0.000
22001.000,0.000
22002.000,0.000
22003.000,79.124
22004.000,79.124
22005.000,79.124
22006.000,79.124
22007.000,0.000
22008.000,0.000
22009.000,0.000
22010.000,0.000
22011.000,0.000
22012.000,79.124
22013.000,79.124
22014.000,79.124
22015.000,0.000
22016.000,0.000
22017.000,0.000
22018.000,0.000
22019.000,0.000
22020.000,79.124
22021.000,79.124
22022.000,79.124
22023.000,79.124
22024.000,0.000
22025.000,0.000
22026.000,0.000
22027.000,0.000
22028.000,0.000
22029.000,79.124
22030.000,79.124
22031.000,79.124
22032.000,0.000
22033.000,0.000
22034.000,0.000
22035.000,0.000
22036.000,0.000
22037.000,79.124
22038.000,79.124
22039.000,79.124
22040.000,79.124
22041.000,0.000
22042.000,0.000
22043.000,0.000
22044.000,0.000
22045.000,0.000
22046.000,79.124
22047.000,79.124
22048.000,79.124
22049.000,0.000
22050.000,0.000
22051.000,0.000
22052.000,0.000
22053.000,0.000
22054.000,79.124
22055.000,79.124
22056.000,79.124
22057.000,0.000
22058.000,0.000
22059.000,0.000
22060.000,0.000
22061.000,0.000
22062.000,79.124
22063.000,79.124
22064.000,79.124
22065.000,0.000
22066.000,0.000
22067.000,0.000
22068.000,0.000
22069.000,0.000
22070.000,79.124
22071.000,79.124
22072.000,79.124
22073.000,79.124
22074.000,0.000
22075.000,0.000
22076.000,0.000
22077.000,0.000
22078.000,79.124
22079.000,79.124
22080.000,79.124
22081.000,79.124
22082.000,0.000
22083.000,0.000
22084.000,0.000
22085.000,0.000
22086.000,0.000
22087.000,79.124
22088.000,79.124
22089.000,79.124
22090.000,0.000
22091.000,0.000
22092.000,0.000
22093.000,0.000
22094.000,0.000
22095.000,79.124
22096.000,79.124
22097.000,79.124
22098.000,79.124
22099.000,0.000
22100.000,0.000
22101.000,0.000
22102.000,0.000
22103.000,79.124
22104.000,79.124
22105.000,79.124
22106.000,79.124
22107.000,0.000
22108.000,0.000
22109.000,0.000
22110.000,0.000
22111.000,0.000
22112.000,79.124
22113.000,79.124
22114.000,79.124
22115.000,79.124
22116.000,0.000
22117.000,0.000
22118.000,0.000
22119.000,0.000
22120.000,79.124
22121.000,79.124
22122.000,79.124
22123.000,79.124
22124.000,0.000
22125.000,0.000
22126.000,0.000
22127.000,0.000
22128.000,79.124
22129.000,79.124
22130.000,79.124
22131.000,79.124
22132.000,0.000
22133.000,0.000
22134.000,0.000
22135.000,0.000
22136.000,0.000
22137.000,79.124
22138.000,79.124
22139.000,79.124
22140.000,79.124
22141.000,0.000
22142.000,0.000
22143.000,0.000
22144.000,0.000
22145.000,79.124
22146.000,79.124
22147.000,79.124
22148.000,79.124
22149.000,0.000
22150.000,0.000
22151.000,0.000
22152.000,0.000
22153.000,79.124
22154.000,79.124
22155.000,79.124
22156.000,79.124
22157.000,0.000
22158.000,0.000
22159.000,0.000
22160.000,0.000
22161.000,0.000
22162.000,79.124
22163.000,79.124
22164.000,79.124
22165.000,0.000
22166.000,0.000
22167.000,0.000
22168.000,0.000
22169.000,0.000
22170.000,0.000
22171.000,79.124
22172.000,79.124
22173.000,79.124
22174.000,0.000
22175.000,0.000
22176.000,0.000
22177.000,0.000
22178.000,0.000
22179.000,79.124
22180.000,79.124
22181.000,79.124
22182.000,0.000
22183.000,0.000
22184.000,0.000
22185.000,0.000
22186.000,0.000
22187.000,79.124
22188.000,79.124
22189.000,79.124
22190.000,0.000
22191.000,0.000
22192.000,0.000
22193.000,0.000
22194.000,0.000
22195.000,79.124
22196.000,79.124
22197.000,79.124
22198.000,0.000
22199.000,0.000
22200.000,0.000
22201.000,0.000
22202.000,0.000
22203.000,79.124
22204.000,79.124
22205.000,79.124
22206.000,79.124
22207.000,0.000
22208.000,0.000
22209.000,0.000
22210.000,0.000
22211.000,0.000
22212.000,79.124
22213.000,79.124
22214.000,79.124
22215.000,79.124
22216.000,0.000
22217.000,0.000
22218.000,0.000
22219.000,0.000
22220.000,79.124
22221.000,79.124
22222.000,79.124
22223.000,79.124
22224.000,0.000
22225.000,0.000
22226.000,0.000
22227.000,0.000
22228.000,0.000
22229.000,79.124
22230.000,79.124
22231.000,79.124
22232.000,0.000
22233.000,0.000
22234.000,0.000
22235.000,0.000
22236.000,0.000
22237.000,79.124
22238.000,79.124
22239.000,79.124
22240.000,0.000
22241.000,0.000
22242.000,0.000
22243.000,0.000
22244.000,0.000
22245.000,79.124
22246.000,79.124
22247.000,79.124
22248.000,0.000
22249.000,0.000
22250.000,0.000
22251.000,0.000
22252.000,0.000
22253.000,79.124
22254.000,79.124
22255.000,79.124
22256.000,79.124
22257.000,0.000
22258.000,0.000
22259.000,0.000
22260.000,0.000
22261.000,0.000
22262.000,79.124
22263.000,79.124
22264.000,79.124
22265.000,0.000
22266.000,0.000
22267.000,0.000
22268.000,0.000
22269.000,0.000
22270.000,79.124
22271.000,79.124
22272.000,79.124
22273.000,79.124
22274.000,0.000
22275.000,0.000
22276.000,0.000
22277.000,0.000
22278.000,0.000
22279.000,79.124
22280.000,79.124
22281.000,79.124
22282.000,0.000
22283.000,0.000
22284.000,0.000
22285.000,0.000
22286.000,0.000
22287.000,79.124
22288.000,79.124
22289.000,79.124
22290.000,0.000
22291.000,0.000
22292.000,0.000
22293.000,0.000
22294.000,0.000
22295.000,79.124
22296.000,79.124
22297.000,79.124
22298.000,79.124
22299.000,0.000
22300.000,0.000
22301.000,0.000
22302.000,0.000
22303.000,79.124
22304.000,79.124
22305.000,79.124
22306.000,79.124
22307.000,0.000
22308.000,0.000
22309.000,0.000
22310.000,0.000
22311.000,79.124
22312.000,79.124
22313.000,79.124
22314.000,79.124
22315.000,0.000
22316.000,0.000
22317.000,0.000
22318.000,0.000
22319.000,0.000
22320.000,79.124
22321.000,79.124
22322.000,79.124
22323.000,0.000
22324.000,0.000
22325.000,0.000
22326.000,0.000
22327.000,0.000
22328.000,79.124
22329.000,79.124
22330.000,79.124
22331.000,79.124
22332.000,0.000
22333.000,0.000
22334.000,0.000
22335.000,0.000
22336.000,0.000
22337.000,79.124
22338.000,79.124
22339.000,79.124
22340.000,0.000
22341.000,0.000
22342.000,0.000
22343.000,0.000
22344.000,0.000
22345.000,79.124
22346.000,79.124
22347.000,79.124
22348.000,79.124
22349.000,0.000
22350.000,0.000
22351.000,0.000
22352.000,0.000
22353.000,0.000
22354.000,79.124
22355.000,79.124
22356.000,79.124
22357.000,0.000
22358.000,0.000
22359.000,0.000
22360.000,0.000
22361.000,0.000
22362.000,79.124
22363.000,79.124
22364.000,79.124
22365.000,0.000
22366.000,0.000
22367.000,0.000
22368.000,0.000
22369.000,0.000
22370.000,79.124
22371.000,79.124
22372.000,79.124
22373.000,0.000
22374.000,0.000
22375.000,0.000
22376.000,0.000
22377.000,0.000
22378.000,79.124
22379.000,79.124
22380.000,79.124
22381.000,79.124
22382.000,0.000
22383.000,0.000
22384.000,0.000
22385.000,0.000
22386.000,79.124
22387.000,79.124
22388.000,79.124
22389.000,79.124
22390.000,0.000
22391.000,0.000
22392.000,0.000
22393.000,0.000
22394.000,0.000
22395.000,79.124
22396.000,79.124
22397.000,79.124
22398.000,79.124
22399.000,0.000
22400.000,0.000
22401.000,0.000
22402.000,0.000
22403.000,0.000
22404.000,79.124
22405.000,79.124
22406.000,79.124
22407.000,0.000
22408.000,0.000
22409.000,0.000
22410.000,0.000
22411.000,0.000
22412.000,79.124
22413.000,79.124
22414.000,79.124
22415.000,0.000
22416.000,0.000
22417.000,0.000
22418.000,0.000
22419.000,0.000
22420.000,79.124
22421.000,79.124
22422.000,79.124
22423.000,0.000
22424.000,0.000
22425.000,0.000
22426.000,0.000
22427.000,0.000
22428.000,79.124
22429.000,79.124
22430.000,79.124
22431.000,0.000
22432.000,0.000
22433.000,0.000
22434.000,0.000
22435.000,0.000
22436.000,79.124
22437.000,79.124
22438.000,79.124
22439.000,79.124
22440.000,0.000
22441.000,0.000
22442.000,0.000
22443.000,0.000
22444.000,0.000
22445.000,79.124
22446.000,79.124
22447.000,79.124
22448.000,0.000
22449.000,0.000
22450.000,0.000
22451.000,0.000
22452.000,0.000
22453.000,79.124
22454.000,79.124
22455.000,79.124
22456.000,79.124
22457.000,0.000
22458.000,0.000
22459.000,0.000
22460.000,0.000
22461.000,0.000
22462.000,79.124
22463.000,79.124
22464.000,79.124
22465.000,0.000
22466.000,0.000
22467.000,0.000
22468.000,0.000
22469.000,0.000
22470.000,79.124
22471.000,79.124
22472.000,79.124
22473.000,79.124
22474.000,0.000
22475.000,0.000
22476.000,0.000
22477.000,0.000
22478.000,0.000
22479.000,79.124
22480.000,79.124
22481.000,79.124
22482.000,0.000
22483.000,0.000
22484.000,0.000
22485.000,0.000
22486.000,0.000
22487.000,79.124
22488.000,79.124
22489.000,79.124
22490.000,0.000
22491.000,0.000
22492.000,0.000
22493.000,0.000
22494.000,0.000
22495.000,79.124
22496.000,79.124
22497.000,79.124
22498.000,0.000
22499.000,0.000
22500.000,0.000
22501.000,0.000
22502.000,0.000
22503.000,79.124
22504.000,79.124
22505.000,79.124
22506.000,79.124
22507.000,0.000
22508.000,0.000
22509.000,0.000
22510.000,0.000
22511.000,79.124
22512.000,79.124
22513.000,79.124
22514.000,79.124
22515.000,0.000
22516.000,0.000
22517.000,0.000
22518.000,0.000
22519.000,0.000
22520.000,79.124
22521.000,79.124
22522.000,79.124
22523.000,79.124
22524.000,0.000
22525.000,0.000
22526.000,0.000
22527.000,0.000
22528.000,0.000
22529.000,79.124
22530.000,79.124
22531.000,79.124
22532.000,0.000
22533.000,0.000
22534.000,0.000
22535.000,0.000
22536.000,0.000
22537.000,79.124
22538.000,79.124
22539.000,79.124
22540.000,0.000
22541.000,0.000
22542.000,0.000
22543.000,0.000
22544.000,0.000
22545.000,79.124
22546.000,79.124
22547.000,0.000
22548.000,0.000
22549.000,0.000
22550.000,0.000
22551.000,0.000
22552.000,0.000
22553.000,79.124
22554.000,79.124
22555.000,79.124
22556.000,0.000
22557.000,0.000
22558.000,0.000
22559.000,0.000
22560.000,0.000
22561.000,79.124
22562.000,79.124
22563.000,79.124
22564.000,79.124
22565.000,0.000
22566.000,0.000
22567.000,0.000
22568.000,0.000
22569.000,0.000
22570.000,79.124
22571.000,79.124
22572.000,79.124
22573.000,0.000
22574.000,0.000
22575.000,0.000
22576.000,0.000
22577.000,0.000
22578.000,79.124
22579.000,79.124
22580.000,79.124
22581.000,79.124
22582.000,0.000
22583.000,0.000
22584.000,0.000
22585.000,0.000
22586.000,0.000
22587.000,79.124
22588.000,79.124
22589.000,79.124
22590.000,0.000
22591.000,0.000
22592.000,0.000
22593.000,0.000
22594.000,0.000
22595.000,0.000
22596.000,79.124
22597.000,79.124
22598.000,0.000
22599.000,0.000
22600.000,0.000
22601.000,0.000
22602.000,0.000
22603.000,79.124
22604.000,79.124
22605.000,79.124
22606.000,0.000
22607.000,0.000
22608.000,0.000
22609.000,0.000
22610.000,0.000
22611.000,79.124
22612.000,79.124
22613.000,79.124
22614.000,0.000
22615.000,0.000
22616.000,0.000
22617.000,0.000
22618.000,0.000
22619.000,0.000
22620.000,79.124
22621.000,79.124
22622.000,79.124
22623.000,0.000
22624.000,0.000
22625.000,0.000
22626.000,0.000
22627.000,0.000
22628.000,79.124
22629.000,79.124
22630.000,79.124
22631.000,79.124
22632.000,0.000
22633.000,0.000
22634.000,0.000
22635.000,0.000
22636.000,0.000
22637.000,79.124
22638.000,79.124
22639.000,79.124
22640.000,0.000
22641.000,0.000
22642.000,0.000
22643.000,0.000
22644.000,0.000
22645.000,0.000
22646.000,79.124
22647.000,79.124
22648.000,0.000
22649.000,0.000
22650.000,0.000
22651.000,0.000
22652.000,0.000
22653.000,0.000
22654.000,79.124
22655.000,79.124
22656.000,0.000
22657.000,0.000
22658.000,0.000
22659.000,0.000
22660.000,0.000
22661.000,0.000
22662.000,79.124
22663.000,79.124
22664.000,0.000
22665.000,0.000
22666.000,0.000
22667.000,0.000
22668.000,0.000
22669.000,79.124
22670.000,79.124
22671.000,79.124
22672.000,0.000
22673.000,0.000
22674.000,0.000
22675.000,0.000
22676.000,0.000
22677.000,79.124
22678.000,79.124
22679.000,79.124
22680.000,79.124
22681.000,0.000
22682.000,0.000
22683.000,0.000
22684.000,0.000
22685.000,0.000
22686.000,79.124
22687.000,79.124
22688.000,79.124
22689.000,79.124
22690.000,0.000
22691.000,0.000
22692.000,0.000
22693.000,0.000
22694.000,0.000
22695.000,79.124
22696.000,79.124
22697.000,79.124
22698.000,0.000
22699.000,0.000
22700.000,0.000
22701.000,0.000
22702.000,0.000
22703.000,0.000
22704.000,79.124
22705.000,79.124
22706.000,79.124
22707.000,0.000
22708.000,0.000
22709.000,0.000
22710.000,0.000
22711.000,0.000
22712.000,79.124
22713.000,79.124
22714.000,79.124
22715.000,0.000
22716.000,0.000
22717.000,0.000
22718.000,0.000
22719.000,0.000
22720.000,79.124
22721.000,79.124
22722.000,0.000
22723.000,0.000
22724.000,0.000
22725.000,0.000
22726.000,0.000
22727.000,0.000
22728.000,79.124
22729.000,79.124
22730.000,79.124
22731.000,0.000
22732.000,0.000
22733.000,0.000
22734.000,0.000
22735.000,0.000
22736.000,79.124
22737.000,79.124
22738.000,79.124
22739.000,0.000
22740.000,0.000
22741.000,0.000
22742.000,0.000
22743.000,0.000
22744.000,0.000
22745.000,79.124
22746.000,79.124
22747.000,79.124
22748.000,0.000
22749.000,0.000
22750.000,0.000
22751.000,0.000
22752.000,0.000
22753.000,79.124
22754.000,79.124
22755.000,79.124
22756.000,79.124
22757.000,0.000
22758.000,0.000
22759.000,0.000
22760.000,0.000
22761.000,0.000
22762.000,79.124
22763.000,79.124
22764.000,79.124
22765.000,0.000
22766.000,0.000
22767.000,0.000
22768.000,0.000
22769.000,0.000
22770.000,0.000
22771.000,79.124
22772.000,79.124
22773.000,0.000
22774.000,0.000
22775.000,0.000
22776.000,0.000
22777.000,0.000
22778.000,0.000
22779.000,79.124
22780.000,79.124
22781.000,0.000
22782.000,0.000
22783.000,0.000
22784.000,0.000
22785.000,0.000
22786.000,0.000
22787.000,79.124
22788.000,79.124
22789.000,0.000
22790.000,0.000
22791.000,0.000
22792.000,0.000
22793.000,0.000
22794.000,0.000
22795.000,79.124
22796.000,79.124
22797.000,79.124
22798.000,0.000
22799.000,0.000
22800.000,0.000
22801.000,0.000
22802.000,0.000
22803.000,79.124
22804.000,79.124
22805.000,79.124
22806.000,0.000
22807.000,0.000
22808.000,0.000
22809.000,0.000
22810.000,0.000
22811.000,79.124
22812.000,79.124
22813.000,79.124
22814.000,79.124
22815.000,0.000
22816.000,0.000
22817.000,0.000
22818.000,0.000
22819.000,0.000
22820.000,79.124
22821.000,79.124
22822.000,79.124
22823.000,0.000
22824.000,0.000
22825.000,0.000
22826.000,0.000
22827.000,0.000
22828.000,79.124
22829.000,79.124
22830.000,79.124
22831.000,0.000
22832.000,0.000
22833.000,0.000
22834.000,0.000
22835.000,0.000
22836.000,0.000
22837.000,79.124
22838.000,79.124
22839.000,0.000
22840.000,0.000
22841.000,0.000
22842.000,0.000
22843.000,0.000
22844.000,0.000
22845.000,79.124
22846.000,79.124
22847.000,79.124
22848.000,0.000
22849.000,0.000
22850.000,0.000
22851.000,0.000
22852.000,0.000
22853.000,0.000
22854.000,79.124
22855.000,79.124
22856.000,0.000
22857.000,0.000
22858.000,0.000
22859.000,0.000
22860.000,0.000
22861.000,0.000
22862.000,79.124
22863.000,79.124
22864.000,0.000
22865.000,0.000
22866.000,0.000
22867.000,0.000
22868.000,0.000
22869.000,0.000
22870.000,79.124
22871.000,79.124
22872.000,79.124
22873.000,0.000
22874.000,0.000
22875.000,0.000
22876.000,0.000
22877.000,0.000
22878.000,79.124
22879.000,79.124
22880.000,79.124
22881.000,79.124
22882.000,0.000
22883.000,0.000
22884.000,0.000
22885.000,0.000
22886.000,0.000
22887.000,79.124
22888.000,79.124
22889.000,79.124
22890.000,0.000
22891.000,0.000
22892.000,0.000
22893.000,0.000
22894.000,0.000
22895.000,79.124
22896.000,79.124
22897.000,79.124
22898.000,0.000
22899.000,0.000
22900.000,0.000
22901.000,0.000
22902.000,0.000
22903.000,0.000
22904.000,79.124
22905.000,0.000
22906.000,0.000
22907.000,0.000
22908.000,0.000
22909.000,0.000
22910.000,0.000
22911.000,0.000
22912.000,79.124
22913.000,79.124
22914.000,0.000
22915.000,0.000
22916.000,0.000
22917.000,0.000
22918.000,0.000
22919.000,0.000
22920.000,79.124
22921.000,79.124
22922.000,79.124
22923.000,0.000
22924.000,0.000
22925.000,0.000
22926.000,0.000
22927.000,0.000
22928.000,79.124
22929.000,79.124
22930.000,79.124
22931.000,0.000
22932.000,0.000
22933.000,0.000
22934.000,0.000
22935.000,0.000
22936.000,0.000
22937.000,79.124
22938.000,79.124
22939.000,0.000
22940.000,0.000
22941.000,0.000
22942.000,0.000
22943.000,0.000
22944.000,0.000
22945.000,79.124
22946.000,79.124
22947.000,79.124
22948.000,0.000
22949.000,0.000
22950.000,0.000
22951.000,0.000
22952.000,0.000
22953.000,0.000
22954.000,79.124
22955.000,79.124
22956.000,0.000
22957.000,0.000
22958.000,0.000
22959.000,0.000
22960.000,0.000
22961.000,0.000
22962.000,79.124
22963.000,79.124
22964.000,0.000
22965.000,0.000
22966.000,0.000
22967.000,0.000
22968.000,0.000
22969.000,0.000
22970.000,79.124
22971.000,79.124
22972.000,79.124
22973.000,0.000
22974.000,0.000
22975.000,0.000
22976.000,0.000
22977.000,0.000
22978.000,79.124
22979.000,79.124
22980.000,79.124
22981.000,0.000
22982.000,0.000
22983.000,0.000
22984.000,0.000
22985.000,0.000
22986.000,0.000
22987.000,79.124
22988.000,79.124
22989.000,79.124
22990.000,0.000
22991.000,0.000
22992.000,0.000
22993.000,0.000
22994.000,0.000
22995.000,79.124
22996.000,79.124
22997.000,79.124
22998.000,0.000
22999.000,0.000
23000.000,0.000
23001.000,0.000
23002.000,0.000
23003.000,0.000
23004.000,79.124
23005.000,79.124
23006.000,0.000
23007.000,0.000
23008.000,0.000
23009.000,0.000
23010.000,0.000
23011.000,0.000
23012.000,79.124
23013.000,79.124
23014.000,79.124
23015.000,0.000
23016.000,0.000
23017.000,0.000
23018.000,0.000
23019.000,0.000
23020.000,79.124
23021.000,79.124
23022.000,79.124
23023.000,0.000
23024.000,0.000
23025.000,0.000
23026.000,0.000
23027.000,0.000
23028.000,79.124
23029.000,79.124
23030.000,79.124
23031.000,0.000
23032.000,0.000
23033.000,0.000
23034.000,0.000
23035.000,0.000
23036.000,79.124
23037.000,79.124
23038.000,79.124
23039.000,0.000
23040.000,0.000
23041.000,0.000
23042.000,0.000
23043.000,0.000
23044.000,0.000
23045.000,79.124
23046.000,79.124
23047.000,79.124
23048.000,0.000
23049.000,0.000
23050.000,0.000
23051.000,0.000
23052.000,0.000
23053.000,79.124
23054.000,79.124
23055.000,79.124
23056.000,0.000
23057.000,0.000
23058.000,0.000
23059.000,0.000
23060.000,0.000
23061.000,0.000
23062.000,79.124
23063.000,79.124
23064.000,79.124
23065.000,0.000
23066.000,0.000
23067.000,0.000
23068.000,0.000
23069.000,0.000
23070.000,79.124
23071.000,79.124
23072.000,79.124
23073.000,0.000
23074.000,0.000
23075.000,0.000
23076.000,0.000
23077.000,0.000
23078.000,0.000
23079.000,79.124
23080.000,79.124
23081.000,0.000
23082.000,0.000
23083.000,0.000
23084.000,0.000
23085.000,0.000
23086.000,0.000
23087.000,79.124
23088.000,79.124
23089.000,0.000
23090.000,0.000
23091.000,0.000
23092.000,0.000
23093.000,0.000
23094.000,0.000
23095.000,79.124
23096.000,79.124
23097.000,0.000
23098.000,0.000
23099.000,0.000
23100.000,0.000
23101.000,0.000
23102.000,0.000
23103.000,79.124
23104.000,79.124
23105.000,79.124
23106.000,0.000
23107.000,0.000
23108.000,0.000
23109.000,0.000
23110.000,0.000
23111.000,0.000
23112.000,79.124
23113.000,79.124
23114.000,79.124
23115.000,0.000
23116.000,0.000
23117.000,0.000
23118.000,0.000
23119.000,0.000
23120.000,79.124
23121.000,79.124
23122.000,79.124
23123.000,0.000
23124.000,0.000
23125.000,0.000
23126.000,0.000
23127.000,0.000
23128.000,0.000
23129.000,79.124
23130.000,79.124
23131.000,0.000
23132.000,0.000
23133.000,0.000
23134.000,0.000
23135.000,0.000
23136.000,0.000
23137.000,0.000
23138.000,79.124
23139.000,0.000
23140.000,0.000
23141.000,0.000
23142.000,0.000
23143.000,0.000
23144.000,0.000
23145.000,0.000
23146.000,0.000
23147.000,0.000
23148.000,0.000
23149.000,0.000
23150.000,0.000
23151.000,0.000
23152.000,0.000
23153.000,79.124
23154.000,79.124
23155.000,0.000
23156.000,0.000
23157.000,0.000
23158.000,0.000
23159.000,0.000
23160.000,0.000
23161.000,0.000
23162.000,79.124
23163.000,79.124
23164.000,0.000
23165.000,0.000
23166.000,0.000
23167.000,0.000
23168.000,0.000
23169.000,0.000
23170.000,79.124
23171.000,79.124
23172.000,79.124
23173.000,0.000
23174.000,0.000
23175.000,0.000
23176.000,0.000
23177.000,0.000
23178.000,79.124
23179.000,79.124
23180.000,79.124
23181.000,0.000
23182.000,0.000
23183.000,0.000
23184.000,0.000
23185.000,0.000
23186.000,0.000
23187.000,79.124
23188.000,79.124
23189.000,79.124
23190.000,0.000
23191.000,0.000
23192.000,0.000
23193.000,0.000
23194.000,0.000
23195.000,79.124
23196.000,79.124
23197.000,79.124
23198.000,0.000
23199.000,0.000
23200.000,0.000
23201.000,0.000
23202.000,0.000
23203.000,0.000
23204.000,79.124
23205.000,79.124
23206.000,0.000
23207.000,0.000
23208.000,0.000
23209.000,0.000
23210.000,0.000
23211.000,0.000
23212.000,0.000
23213.000,79.124
23214.000,0.000
23215.000,0.000
23216.000,0.000
23217.000,0.000
23218.000,0.000
23219.000,0.000
23220.000,0.000
23221.000,79.124
23222.000,0.000
23223.000,0.000
23224.000,0.000
23225.000,0.000
23226.000,0.000
23227.000,0.000
23228.000,79.124
23229.000,79.124
23230.000,79.124
23231.000,0.000
23232.000,0.000
23233.000,0.000
23234.000,0.000
23235.000,0.000
23236.000,79.124
23237.000,79.124
23238.000,79.124
23239.000,0.000
23240.000,0.000
23241.000,0.000
23242.000,0.000
23243.000,0.000
23244.000,0.000
23245.000,79.124
23246.000,79.124
23247.000,79.124
23248.000,0.000
23249.000,0.000
23250.000,0.000
23251.000,0.000
23252.000,0.000
23253.000,0.000
23254.000,79.124
23255.000,79.124
23256.000,79.124
23257.000,0.000
23258.000,0.000
23259.000,0.000
23260.000,0.000
23261.000,0.000
23262.000,0.000
23263.000,79.124
23264.000,79.124
23265.000,0.000
23266.000,0.000
23267.000,0.000
23268.000,0.000
23269.000,0.000
23270.000,0.000
23271.000,79.124
23272.000,0.000
23273.000,0.000
23274.000,0.000
23275.000,0.000
23276.000,0.000
23277.000,0.000
23278.000,79.124
23279.000,79.124
23280.000,0.000
23281.000,0.000
23282.000,0.000
23283.000,0.000
23284.000,0.000
23285.000,0.000
23286.000,79.124
23287.000,79.124
23288.000,79.124
23289.000,0.000
23290.000,0.000
23291.000,0.000
23292.000,0.000
23293.000,0.000
23294.000,0.000
23295.000,79.124
23296.000,79.124
23297.000,79.124
23298.000,0.000
23299.000,0.000
23300.000,0.000
23301.000,0.000
23302.000,0.000
23303.000,79.124
23304.000,79.124
23305.000,79.124
23306.000,79.124
23307.000,0.000
23308.000,0.000
23309.000,0.000
23310.000,0.000
23311.000,0.000
23312.000,79.124
23313.000,79.124
23314.000,79.124
23315.000,0.000
23316.000,0.000
23317.000,0.000
23318.000,0.000
23319.000,0.000
23320.000,0.000
23321.000,79.124
23322.000,79.124
23323.000,0.000
23324.000,0.000
23325.000,0.000
23326.000,0.000
23327.000,0.000
23328.000,0.000
23329.000,79.124
23330.000,79.124
23331.000,0.000
23332.000,0.000
23333.000,0.000
23334.000,0.000
23335.000,0.000
23336.000,0.000
23337.000,79.124
23338.000,79.124
23339.000,0.000
23340.000,0.000
23341.000,0.000
23342.000,0.000
23343.000,0.000
23344.000,0.000
23345.000,79.124
23346.000,79.124
23347.000,0.000
23348.000,0.000
23349.000,0.000
23350.000,0.000
23351.000,0.000
23352.000,0.000
23353.000,79.124
23354.000,79.124
23355.000,79.124
23356.000,0.000
23357.000,0.000
23358.000,0.000
23359.000,0.000
23360.000,0.000
23361.000,0.000
23362.000,79.124
23363.000,79.124
23364.000,79.124
23365.000,0.000
23366.000,0.000
23367.000,0.000
23368.000,0.000
23369.000,0.000
23370.000,79.124
23371.000,79.124
23372.000,79.124
23373.000,0.000
23374.000,0.000
23375.000,0.000
23376.000,0.000
23377.000,0.000
23378.000,0.000
23379.000,79.124
23380.000,79.124
23381.000,79.124
23382.000,0.000
23383.000,0.000
23384.000,0.000
23385.000,0.000
23386.000,0.000
23387.000,0.000
23388.000,79.124
23389.000,0.000
23390.000,0.000
23391.000,0.000
23392.000,0.000
23393.000,0.000
23394.000,0.000
23395.000,0.000
23396.000,0.000
23397.000,0.000
23398.000,0.000
23399.000,0.000
23400.000,0.000
23401.000,0.000
23402.000,0.000
23403.000,0.000
23404.000,79.124
23405.000,0.000
23406.000,0.000
23407.000,0.000
23408.000,0.000
23409.000,0.000
23410.000,0.000
23411.000,79.124
23412.000,79.124
23413.000,79.124
23414.000,0.000
23415.000,0.000
23416.000,0.000
23417.000,0.000
23418.000,0.000
23419.000,0.000
23420.000,79.124
23421.000,79.124
23422.000,79.124
23423.000,0.000
23424.000,0.000
23425.000,0.000
23426.000,0.000
23427.000,0.000
23428.000,0.000
23429.000,79.124
23430.000,79.124
23431.000,79.124
23432.000,0.000
23433.000,0.000
23434.000,0.000
23435.000,0.000
23436.000,0.000
23437.000,0.000
23438.000,79.124
23439.000,79.124
23440.000,0.000
23441.000,0.000
23442.000,0.000
23443.000,0.000
23444.000,0.000
23445.000,0.000
23446.000,79.124
23447.000,79.124
23448.000,0.000
23449.000,0.000
23450.000,0.000
23451.000,0.000
23452.000,0.000
23453.000,0.000
23454.000,79.124
23455.000,0.000
23456.000,0.000
23457.000,0.000
23458.000,0.000
23459.000,0.000
23460.000,0.000
23461.000,0.000
23462.000,79.124
23463.000,79.124
23464.000,0.000
23465.000,0.000
23466.000,0.000
23467.000,0.000
23468.000,0.000
23469.000,0.000
23470.000,79.124
23471.000,79.124
23472.000,79.124
23473.000,0.000
23474.000,0.000
23475.000,0.000
23476.000,0.000
23477.000,0.000
23478.000,79.124
23479.000,79.124
23480.000,79.124
23481.000,79.124
23482.000,0.000
23483.000,0.000
23484.000,0.000
23485.000,0.000
23486.000,0.000
23487.000,79.124
23488.000,79.124
23489.000,79.124
23490.000,0.000
23491.000,0.000
23492.000,0.000
23493.000,0.000
23494.000,0.000
23495.000,0.000
23496.000,79.124
23497.000,79.124
23498.000,0.000
23499.000,0.000
23500.000,0.000
23501.000,0.000
23502.000,0.000
23503.000,0.000
23504.000,0.000
23505.000,0.000
23506.000,0.000
23507.000,0.000
23508.000,0.000
23509.000,0.000
23510.000,0.000
23511.000,0.000
23512.000,0.000
23513.000,0.000
23514.000,0.000
23515.000,0.000
23516.000,0.000
23517.000,0.000
23518.000,0.000
23519.000,0.000
23520.000,79.124
23521.000,79.124
23522.000,0.000
23523.000,0.000
23524.000,0.000
23525.000,0.000
23526.000,0.000
23527.000,0.000
23528.000,79.124
23529.000,79.124
23530.000,79.124
23531.000,0.000
23532.000,0.000
23533.000,0.000
23534.000,0.000
23535.000,0.000
23536.000,79.124
23537.000,79.124
23538.000,79.124
23539.000,0.000
23540.000,0.000
23541.000,0.000
23542.000,0.000
23543.000,0.000
23544.000,0.000
23545.000,79.124
23546.000,79.124
23547.000,79.124
23548.000,0.000
23549.000,0.000
23550.000,0.000
23551.000,0.000
23552.000,0.000
23553.000,0.000
23554.000,79.124
23555.000,79.124
23556.000,79.124
23557.000,0.000
23558.000,0.000
23559.000,0.000
23560.000,0.000
23561.000,0.000
23562.000,79.124
23563.000,79.124
23564.000,79.124
23565.000,0.000
23566.000,0.000
23567.000,0.000
23568.000,0.000
23569.000,0.000
23570.000,0.000
23571.000,79.124
23572.000,0.000
23573.000,0.000
23574.000,0.000
23575.000,0.000
23576.000,0.000
23577.000,0.000
23578.000,0.000
23579.000,79.124
23580.000,0.000
23581.000,0.000
23582.000,0.000
23583.000,0.000
23584.000,0.000
23585.000,0.000
23586.000,0.000
23587.000,79.124
23588.000,79.124
23589.000,0.000
23590.000,0.000
23591.000,0.000
23592.000,0.000
23593.000,0.000
23594.000,0.000
23595.000,79.124
23596.000,79.124
23597.000,79.124
23598.000,0.000
23599.000,0.000
23600.000,0.000
23601.000,0.000
23602.000,0.000
23603.000,79.124
23604.000,79.124
23605.000,79.124
23606.000,0.000
23607.000,0.000
23608.000,0.000
23609.000,0.000
23610.000,0.000
23611.000,0.000
23612.000,79.124
23613.000,79.124
23614.000,79.124
23615.000,0.000
23616.000,0.000
23617.000,0.000
23618.000,0.000
23619.000,0.000
23620.000,0.000
23621.000,79.124
23622.000,79.124
23623.000,0.000
23624.000,0.000
23625.000,0.000
23626.000,0.000
23627.000,0.000
23628.000,0.000
23629.000,79.124
23630.000,0.000
23631.000,0.000
23632.000,0.000
23633.000,0.000
23634.000,0.000
23635.000,0.000
23636.000,0.000
23637.000,79.124
23638.000,79.124
23639.000,0.000
23640.000,0.000
23641.000,0.000
23642.000,0.000
23643.000,0.000
23644.000,0.000
23645.000,79.124
23646.000,79.124
23647.000,0.000
23648.000,0.000
23649.000,0.000
23650.000,0.000
23651.000,0.000
23652.000,0.000
23653.000,79.124
23654.000,79.124
23655.000,79.124
23656.000,0.000
23657.000,0.000
23658.000,0.000
23659.000,0.000
23660.000,0.000
23661.000,0.000
23662.000,79.124
23663.000,79.124
23664.000,79.124
23665.000,0.000
23666.000,0.000
23667.000,0.000
23668.000,0.000
23669.000,0.000
23670.000,79.124
23671.000,79.124
23672.000,79.124
23673.000,0.000
23674.000,0.000
23675.000,0.000
23676.000,0.000
23677.000,0.000
23678.000,0.000
23679.000,79.124
23680.000,79.124
23681.000,0.000
23682.000,0.000
23683.000,0.000
23684.000,0.000
23685.000,0.000
23686.000,0.000
23687.000,79.124
23688.000,79.124
23689.000,79.124
23690.000,0.000
23691.000,0.000
23692.000,0.000
23693.000,0.000
23694.000,0.000
23695.000,79.124
23696.000,79.124
23697.000,79.124
23698.000,0.000
23699.000,0.000
23700.000,0.000
23701.000,0.000
23702.000,0.000
23703.000,79.124
23704.000,79.124
23705.000,79.124
23706.000,0.000
23707.000,0.000
23708.000,0.000
23709.000,0.000
23710.000,0.000
23711.000,0.000
23712.000,79.124
23713.000,79.124
23714.000,0.000
23715.000,0.000
23716.000,0.000
23717.000,0.000
23718.000,0.000
23719.000,0.000
23720.000,79.124
23721.000,79.124
23722.000,79.124
23723.000,0.000
23724.000,0.000
23725.000,0.000
23726.000,0.000
23727.000,0.000
23728.000,0.000
23729.000,79.124
23730.000,79.124
23731.000,0.000
23732.000,0.000
23733.000,0.000
23734.000,0.000
23735.000,0.000
23736.000,0.000
23737.000,79.124
23738.000,79.124
23739.000,79.124
23740.000,0.000
23741.000,0.000
23742.000,0.000
23743.000,0.000
23744.000,0.000
23745.000,0.000
23746.000,79.124
23747.000,0.000
23748.000,0.000
23749.000,0.000
23750.000,0.000
23751.000,0.000
23752.000,0.000
23753.000,0.000
23754.000,79.124
23755.000,79.124
23756.000,0.000
23757.000,0.000
23758.000,0.000
23759.000,0.000
23760.000,0.000
23761.000,0.000
23762.000,79.124
23763.000,79.124
23764.000,0.000
23765.000,0.000
23766.000,0.000
23767.000,0.000
23768.000,0.000
23769.000,0.000
23770.000,79.124
23771.000,79.124
23772.000,0.000
23773.000,0.000
23774.000,0.000
23775.000,0.000
23776.000,0.000
23777.000,0.000
23778.000,79.124
23779.000,79.124
23780.000,79.124
23781.000,0.000
23782.000,0.000
23783.000,0.000
23784.000,0.000
23785.000,0.000
23786.000,0.000
23787.000,79.124
23788.000,79.124
23789.000,0.000
23790.000,0.000
23791.000,0.000
23792.000,0.000
23793.000,0.000
23794.000,0.000
23795.000,79.124
23796.000,79.124
23797.000,79.124
23798.000,0.000
23799.000,0.000
23800.000,0.000
23801.000,0.000
23802.000,0.000
23803.000,79.124
23804.000,79.124
23805.000,79.124
23806.000,0.000
23807.000,0.000
23808.000,0.000
23809.000,0.000
23810.000,0.000
23811.000,0.000
23812.000,79.124
23813.000,79.124
23814.000,0.000
23815.000,0.000
23816.000,0.000
23817.000,0.000
23818.000,0.000
23819.000,0.000
23820.000,79.124
23821.000,79.124
23822.000,0.000
23823.000,0.000
23824.000,0.000
23825.000,0.000
23826.000,0.000
23827.000,0.000
23828.000,79.124
23829.000,79.124
23830.000,79.124
23831.000,0.000
23832.000,0.000
23833.000,0.000
23834.000,0.000
23835.000,0.000
23836.000,0.000
23837.000,79.124
23838.000,79.124
23839.000,79.124
23840.000,0.000
23841.000,0.000
23842.000,0.000
23843.000,0.000
23844.000,0.000
23845.000,79.124
23846.000,79.124
23847.000,79.124
23848.000,0.000
23849.000,0.000
23850.000,0.000
23851.000,0.000
23852.000,0.000
23853.000,79.124
23854.000,79.124
23855.000,79.124
23856.000,0.000
23857.000,0.000
23858.000,0.000
23859.000,0.000
23860.000,0.000
23861.000,0.000
23862.000,79.124
23863.000,79.124
23864.000,0.000
23865.000,0.000
23866.000,0.000
23867.000,0.000
23868.000,0.000
23869.000,0.000
23870.000,79.124
23871.000,79.124
23872.000,0.000
23873.000,0.000
23874.000,0.000
23875.000,0.000
23876.000,0.000
23877.000,0.000
23878.000,79.124
23879.000,79.124
23880.000,0.000
23881.000,0.000
23882.000,0.000
23883.000,0.000
23884.000,0.000
23885.000,0.000
23886.000,0.000
23887.000,79.124
23888.000,79.124
23889.000,0.000
23890.000,0.000
23891.000,0.000
23892.000,0.000
23893.000,0.000
23894.000,0.000
23895.000,79.124
23896.000,79.124
23897.000,0.000
23898.000,0.000
23899.000,0.000
23900.000,0.000
23901.000,0.000
23902.000,0.000
23903.000,79.124
23904.000,79.124
23905.000,79.124
23906.000,0.000
23907.000,0.000
23908.000,0.000
23909.000,0.000
23910.000,0.000
23911.000,79.124
23912.000,79.124
23913.000,79.124
23914.000,0.000
23915.000,0.000
23916.000,0.000
23917.000,0.000
23918.000,0.000
23919.000,0.000
23920.000,79.124
23921.000,79.124
23922.000,79.124
23923.000,0.000
23924.000,0.000
23925.000,0.000
23926.000,0.000
23927.000,0.000
23928.000,0.000
23929.000,79.124
23930.000,79.124
23931.000,0.000
23932.000,0.000
23933.000,0.000
23934.000,0.000
23935.000,0.000
23936.000,0.000
23937.000,79.124
23938.000,0.000
23939.000,0.000
23940.000,0.000
23941.000,0.000
23942.000,0.000
23943.000,0.000
23944.000,0.000
23945.000,79.124
23946.000,79.124
23947.000,0.000
23948.000,0.000
23949.000,0.000
23950.000,0.000
23951.000,0.000
23952.000,0.000
23953.000,79.124
23954.000,79.124
23955.000,0.000
23956.000,0.000
23957.000,0.000
23958.000,0.000
23959.000,0.000
23960.000,0.000
23961.000,79.124
23962.000,79.124
23963.000,79.124
23964.000,0.000
23965.000,0.000
23966.000,0.000
23967.000,0.000
23968.000,0.000
23969.000,0.000
23970.000,79.124
23971.000,79.124
23972.000,79.124
23973.000,0.000
23974.000,0.000
23975.000,0.000
23976.000,0.000
23977.000,0.000
23978.000,0.000
23979.000,79.124
23980.000,79.124
23981.000,0.000
23982.000,0.000
23983.000,0.000
23984.000,0.000
23985.000,0.000
23986.000,0.000
23987.000,79.124
23988.000,79.124
23989.000,0.000
23990.000,0.000
23991.000,0.000
23992.000,0.000
23993.000,0.000
23994.000,0.000
23995.000,0.000
23996.000,79.124
23997.000,0.000
23998.000,0.000
23999.000,0.000
24000.000,0.000
24001.000,0.000
24002.000,0.000
24003.000,79.124
24004.000,79.124
24005.000,0.000
24006.000,0.000
24007.000,0.000
24008.000,0.000
24009.000,0.000
24010.000,0.000
24011.000,79.124
24012.000,79.124
24013.000,0.000
24014.000,0.000
24015.000,0.000
24016.000,0.000
24017.000,0.000
24018.000,0.000
24019.000,79.124
24020.000,79.124
24021.000,79.124
24022.000,0.000
24023.000,0.000
24024.000,0.000
24025.000,0.000
24026.000,0.000
24027.000,0.000
24028.000,79.124
24029.000,79.124
24030.000,79.124
24031.000,0.000
24032.000,0.000
24033.000,0.000
24034.000,0.000
24035.000,0.000
24036.000,79.124
24037.000,79.124
24038.000,79.124
24039.000,0.000
24040.000,0.000
24041.000,0.000
24042.000,0.000
24043.000,0.000
24044.000,0.000
24045.000,79.124
24046.000,79.124
24047.000,79.124
24048.000,0.000
24049.000,0.000
24050.000,0.000
24051.000,0.000
24052.000,0.000
24053.000,0.000
24054.000,79.124
24055.000,79.124
24056.000,0.000
24057.000,0.000
24058.000,0.000
24059.000,0.000
24060.000,0.000
24061.000,0.000
24062.000,79.124
24063.000,0.000
24064.000,0.000
24065.000,0.000
24066.000,0.000
24067.000,0.000
24068.000,0.000
24069.000,0.000
24070.000,79.124
24071.000,0.000
24072.000,0.000
24073.000,0.000
24074.000,0.000
24075.000,0.000
24076.000,0.000
24077.000,0.000
24078.000,79.124
24079.000,79.124
24080.000,0.000
24081.000,0.000
24082.000,0.000
24083.000,0.000
24084.000,0.000
24085.000,0.000
24086.000,79.124
24087.000,79.124
24088.000,79.124
24089.000,0.000
24090.000,0.000
24091.000,0.000
24092.000,0.000
24093.000,0.000
24094.000,79.124
24095.000,79.124
24096.000,79.124
24097.000,0.000
24098.000,0.000
24099.000,0.000
24100.000,0.000
24101.000,0.000
24102.000,0.000
24103.000,79.124
24104.000,79.124
24105.000,79.124
24106.000,0.000
24107.000,0.000
24108.000,0.000
24109.000,0.000
24110.000,0.000
24111.000,0.000
24112.000,79.124
24113.000,79.124
24114.000,0.000
24115.000,0.000
24116.000,0.000
24117.000,0.000
24118.000,0.000
24119.000,0.000
24120.000,79.124
24121.000,0.000
24122.000,0.000
24123.000,0.000
24124.000,0.000
24125.000,0.000
24126.000,0.000
24127.000,0.000
24128.000,79.124
24129.000,79.124
24130.000,0.000
24131.000,0.000
24132.000,0.000
24133.000,0.000
24134.000,0.000
24135.000,0.000
24136.000,79.124
24137.000,79.124
24138.000,79.124
24139.000,0.000
24140.000,0.000
24141.000,0.000
24142.000,0.000
24143.000,0.000
24144.000,79.124
24145.000,79.124
24146.000,79.124
24147.000,0.000
24148.000,0.000
24149.000,0.000
24150.000,0.000
24151.000,0.000
24152.000,0.000
24153.000,79.124
24154.000,79.124
24155.000,79.124
24156.000,0.000
24157.000,0.000
24158.000,0.000
24159.000,0.000
24160.000,0.000
24161.000,0.000
24162.000,79.124
24163.000,79.124
24164.000,0.000
24165.000,0.000
24166.000,0.000
24167.000,0.000
24168.000,0.000
24169.000,0.000
24170.000,79.124
24171.000,79.124
24172.000,0.000
24173.000,0.000
24174.000,0.000
24175.000,0.000
24176.000,0.000
24177.000,0.000
24178.000,0.000
24179.000,0.000
24180.000,0.000
24181.000,0.000
24182.000,0.000
24183.000,0.000
24184.000,0.000
24185.000,0.000
24186.000,0.000
24187.000,79.124
24188.000,79.124
24189.000,0.000
24190.000,0.000
24191.000,0.000
24192.000,0.000
24193.000,0.000
24194.000,0.000
24195.000,79.124
24196.000,79.124
24197.000,0.000
24198.000,0.000
24199.000,0.000
24200.000,0.000
24201.000,0.000
24202.000,0.000
24203.000,79.124
24204.000,79.124
24205.000,0.000
24206.000,0.000
24207.000,0.000
24208.000,0.000
24209.000,0.000
24210.000,0.000
24211.000,0.000
24212.000,79.124
24213.000,79.124
24214.000,0.000
24215.000,0.000
24216.000,0.000
24217.000,0.000
24218.000,0.000
24219.000,0.000
24220.000,79.124
24221.000,79.124
24222.000,0.000
24223.000,0.000
24224.000,0.000
24225.000,0.000
24226.000,0.000
24227.000,0.000
24228.000,0.000
24229.000,79.124
24230.000,0.000
24231.000,0.000
24232.000,0.000
24233.000,0.000
24234.000,0.000
24235.000,0.000
24236.000,0.000
24237.000,79.124
24238.000,79.124
24239.000,0.000
24240.000,0.000
24241.000,0.000
24242.000,0.000
24243.000,0.000
24244.000,0.000
24245.000,0.000
24246.000,0.000
24247.000,0.000
24248.000,0.000
24249.000,0.000
24250.000,0.000
24251.000,0.000
24252.000,0.000
24253.000,79.124
24254.000,79.124
24255.000,0.000
24256.000,0.000
24257.000,0.000
24258.000,0.000
24259.000,0.000
24260.000,0.000
24261.000,79.124
24262.000,79.124
24263.000,79.124
24264.000,0.000
24265.000,0.000
24266.000,0.000
24267.000,0.000
24268.000,0.000
24269.000,0.000
24270.000,79.124
24271.000,79.124
24272.000,0.000
24273.000,0.000
24274.000,0.000
24275.000,0.000
24276.000,0.000
24277.000,0.000
24278.000,79.124
24279.000,79.124
24280.000,79.124
24281.000,0.000
24282.000,0.000
24283.000,0.000
24284.000,0.000
24285.000,0.000
24286.000,0.000
24287.000,79.124
24288.000,79.124
24289.000,0.000
24290.000,0.000
24291.000,0.000
24292.000,0.000
24293.000,0.000
24294.000,0.000
24295.000,0.000
24296.000,0.000
24297.000,0.000
24298.000,0.000
24299.000,0.000
24300.000,0.000
24301.000,0.000
24302.000,0.000
24303.000,0.000
24304.000,0.000
24305.000,0.000
24306.000,0.000
24307.000,0.000
24308.000,0.000
24309.000,0.000
24310.000,0.000
24311.000,79.124
24312.000,79.124
24313.000,0.000
24314.000,0.000
24315.000,0.000
24316.000,0.000
24317.000,0.000
24318.000,0.000
24319.000,79.124
24320.000,79.124
24321.000,79.124
24322.000,0.000
24323.000,0.000
24324.000,0.000
24325.000,0.000
24326.000,0.000
24327.000,0.000
24328.000,79.124
24329.000,79.124
24330.000,79.124
24331.000,0.000
24332.000,0.000
24333.000,0.000
24334.000,0.000
24335.000,0.000
24336.000,0.000
24337.000,79.124
24338.000,79.124
24339.000,0.000
24340.000,0.000
24341.000,0.000
24342.000,0.000
24343.000,0.000
24344.000,0.000
24345.000,0.000
24346.000,79.124
24347.000,79.124
24348.000,0.000
24349.000,0.000
24350.000,0.000
24351.000,0.000
24352.000,0.000
24353.000,0.000
24354.000,0.000
24355.000,0.000
24356.000,0.000
24357.000,0.000
24358.000,0.000
24359.000,0.000
24360.000,0.000
24361.000,0.000
24362.000,0.000
24363.000,0.000
24364.000,0.000
24365.000,0.000
24366.000,0.000
24367.000,0.000
24368.000,0.000
24369.000,0.000
24370.000,79.124
24371.000,0.000
24372.000,0.000
24373.000,0.000
24374.000,0.000
24375.000,0.000
24376.000,0.000
24377.000,0.000
24378.000,79.124
24379.000,79.124
24380.000,0.000
24381.000,0.000
24382.000,0.000
24383.000,0.000
24384.000,0.000
24385.000,0.000
24386.000,79.124
24387.000,79.124
24388.000,79.124
24389.000,0.000
24390.000,0.000
24391.000,0.000
24392.000,0.000
24393.000,0.000
24394.000,0.000
24395.000,79.124
24396.000,79.124
24397.000,0.000
24398.000,0.000
24399.000,0.000
24400.000,0.000
24401.000,0.000
24402.000,0.000
24403.000,0.000
24404.000,79.124
24405.000,79.124
24406.000,0.000
24407.000,0.000
24408.000,0.000
24409.000,0.000
24410.000,0.000
24411.000,0.000
24412.000,0.000
24413.000,79.124
24414.000,0.000
24415.000,0.000
24416.000,0.000
24417.000,0.000
24418.000,0.000
24419.000,0.000
24420.000,0.000
24421.000,0.000
24422.000,0.000
24423.000,0.000
24424.000,0.000
24425.000,0.000
24426.000,0.000
24427.000,0.000
24428.000,0.000
24429.000,0.000
24430.000,0.000
24431.000,0.000
24432.000,0.000
24433.000,0.000
24434.000,0.000
24435.000,0.000
24436.000,0.000
24437.000,79.124
24438.000,0.000
24439.000,0.000
24440.000,0.000
24441.000,0.000
24442.000,0.000
24443.000,0.000
24444.000,0.000
24445.000,79.124
24446.000,79.124
24447.000,0.000
24448.000,0.000
24449.000,0.000
24450.000,0.000
24451.000,0.000
24452.000,0.000
24453.000,79.124
24454.000,79.124
24455.000,79.124
24456.000,0.000
24457.000,0.000
24458.000,0.000
24459.000,0.000
24460.000,0.000
24461.000,0.000
24462.000,79.124
24463.000,79.124
24464.000,79.124
24465.000,0.000
24466.000,0.000
24467.000,0.000
24468.000,0.000
24469.000,0.000
24470.000,0.000
24471.000,79.124
24472.000,0.000
24473.000,0.000
24474.000,0.000
24475.000,0.000
24476.000,0.000
24477.000,0.000
24478.000,0.000
24479.000,0.000
24480.000,0.000
24481.000,0.000
24482.000,0.000
24483.000,0.000
24484.000,0.000
24485.000,0.000
24486.000,0.000
24487.000,0.000
24488.000,0.000
24489.000,0.000
24490.000,0.000
24491.000,0.000
24492.000,0.000
24493.000,0.000
24494.000,79.124
24495.000,79.124
24496.000,79.124
24497.000,0.000
24498.000,0.000
24499.000,0.000
24500.000,0.000
24501.000,0.000
24502.000,0.000
24503.000,79.124
24504.000,79.124
24505.000,0.000
24506.000,0.000
24507.000,0.000
24508.000,0.000
24509.000,0.000
24510.000,0.000
24511.000,79.124
24512.000,79.124
24513.000,79.124
24514.000,0.000
24515.000,0.000
24516.000,0.000
24517.000,0.000
24518.000,0.000
24519.000,0.000
24520.000,79.124
24521.000,79.124
24522.000,79.124
24523.000,0.000
24524.000,0.000
24525.000,0.000
24526.000,0.000
24527.000,0.000
24528.000,0.000
24529.000,79.124
24530.000,79.124
24531.000,0.000
24532.000,0.000
24533.000,0.000
24534.000,0.000
24535.000,0.000
24536.000,0.000
24537.000,0.000
24538.000,0.000
24539.000,0.000
24540.000,0.000
24541.000,0.000
24542.000,0.000
24543.000,0.000
24544.000,0.000
24545.000,0.000
24546.000,0.000
24547.000,0.000
24548.000,0.000
24549.000,0.000
24550.000,0.000
24551.000,0.000
24552.000,0.000
24553.000,0.000
24554.000,79.124
24555.000,0.000
24556.000,0.000
24557.000,0.000
24558.000,0.000
24559.000,0.000
24560.000,0.000
24561.000,0.000
24562.000,79.124
24563.000,79.124
24564.000,0.000
24565.000,0.000
24566.000,0.000
24567.000,0.000
24568.000,0.000
24569.000,0.000
24570.000,79.124
24571.000,79.124
24572.000,0.000
24573.000,0.000
24574.000,0.000
24575.000,0.000
24576.000,0.000
24577.000,0.000
24578.000,0.000
24579.000,79.124
24580.000,79.124
24581.000,0.000
24582.000,0.000
24583.000,0.000
24584.000,0.000
24585.000,0.000
24586.000,0.000
24587.000,0.000
24588.000,0.000
24589.000,0.000
24590.000,0.000
24591.000,0.000
24592.000,0.000
24593.000,0.000
24594.000,0.000
24595.000,0.000
24596.000,0.000
24597.000,0.000
24598.000,0.000
24599.000,0.000
24600.000,0.000
24601.000,0.000
24602.000,0.000
24603.000,0.000
24604.000,0.000
24605.000,0.000
24606.000,0.000
24607.000,0.000
24608.000,0.000
24609.000,0.000
24610.000,0.000
24611.000,79.124
24612.000,79.124
24613.000,79.124
24614.000,0.000
24615.000,0.000
24616.000,0.000
24617.000,0.000
24618.000,0.000
24619.000,0.000
24620.000,79.124
24621.000,79.124
24622.000,0.000
24623.000,0.000
24624.000,0.000
24625.000,0.000
24626.000,0.000
24627.000,0.000
24628.000,79.124
24629.000,79.124
24630.000,79.124
24631.000,0.000
24632.000,0.000
24633.000,0.000
24634.000,0.000
24635.000,0.000
24636.000,0.000
24637.000,79.124
24638.000,79.124
24639.000,0.000
24640.000,0.000
24641.000,0.000
24642.000,0.000
24643.000,0.000
24644.000,0.000
24645.000,0.000
24646.000,79.124
24647.000,79.124
24648.000,0.000
24649.000,0.000
24650.000,0.000
24651.000,0.000
24652.000,0.000
24653.000,0.000
24654.000,0.000
24655.000,0.000
24656.000,0.000
24657.000,0.000
24658.000,0.000
24659.000,0.000
24660.000,0.000
24661.000,0.000
24662.000,0.000
24663.000,0.000
24664.000,0.000
24665.000,0.000
24666.000,0.000
24667.000,0.000
24668.000,0.000
24669.000,0.000
24670.000,0.000
24671.000,0.000
24672.000,0.000
24673.000,0.000
24674.000,0.000
24675.000,0.000
24676.000,0.000
24677.000,0.000
24678.000,79.124
24679.000,79.124
24680.000,0.000
24681.000,0.000
24682.000,0.000
24683.000,0.000
24684.000,0.000
24685.000,0.000
24686.000,79.124
24687.000,79.124
24688.000,79.124
24689.000,0.000
24690.000,0.000
24691.000,0.000
24692.000,0.000
24693.000,0.000
24694.000,0.000
24695.000,79.124
24696.000,79.124
24697.000,0.000
24698.000,0.000
24699.000,0.000
24700.000,0.000
24701.000,0.000
24702.000,0.000
24703.000,0.000
24704.000,79.124
24705.000,79.124
24706.000,0.000
24707.000,0.000
24708.000,0.000
24709.000,0.000
24710.000,0.000
24711.000,0.000
24712.000,79.124
24713.000,79.124
24714.000,0.000
24715.000,0.000
24716.000,0.000
24717.000,0.000
24718.000,0.000
24719.000,0.000
24720.000,79.124
24721.000,79.124
24722.000,0.000
24723.000,0.000
24724.000,0.000
24725.000,0.000
24726.000,0.000
24727.000,0.000
24728.000,0.000
24729.000,79.124
24730.000,0.000
24731.000,0.000
24732.000,0.000
24733.000,0.000
24734.000,0.000
24735.000,0.000
24736.000,79.124
24737.000,79.124
24738.000,79.124
24739.000,0.000
24740.000,0.000
24741.000,0.000
24742.000,0.000
24743.000,0.000
24744.000,0.000
24745.000,79.124
24746.000,79.124
24747.000,0.000
24748.000,0.000
24749.000,0.000
24750.000,0.000
24751.000,0.000
24752.000,0.000
24753.000,79.124
24754.000,79.124
24755.000,79.124
24756.000,0.000
24757.000,0.000
24758.000,0.000
24759.000,0.000
24760.000,0.000
24761.000,0.000
24762.000,79.124
24763.000,79.124
24764.000,0.000
24765.000,0.000
24766.000,0.000
24767.000,0.000
24768.000,0.000
24769.000,0.000
24770.000,79.124
24771.000,79.124
24772.000,0.000
24773.000,0.000
24774.000,0.000
24775.000,0.000
24776.000,0.000
24777.000,0.000
24778.000,0.000
24779.000,79.124
24780.000,0.000
24781.000,0.000
24782.000,0.000
24783.000,0.000
24784.000,0.000
24785.000,0.000
24786.000,0.000
24787.000,0.000
24788.000,0.000
24789.000,0.000
24790.000,0.000
24791.000,0.000
24792.000,0.000
24793.000,0.000
24794.000,0.000
24795.000,0.000
24796.000,0.000
24797.000,0.000
24798.000,0.000
24799.000,0.000
24800.000,0.000
24801.000,0.000
24802.000,0.000
24803.000,79.124
24804.000,79.124
24805.000,0.000
24806.000,0.000
24807.000,0.000
24808.000,0.000
24809.000,0.000
24810.000,0.000
24811.000,79.124
24812.000,79.124
24813.000,79.124
24814.000,0.000
24815.000,0.000
24816.000,0.000
24817.000,0.000
24818.000,0.000
24819.000,79.124
24820.000,79.124
24821.000,79.124
24822.000,79.124
24823.000,0.000
24824.000,0.000
24825.000,0.000
24826.000,0.000
24827.000,0.000
24828.000,79.124
24829.000,79.124
24830.000,79.124
24831.000,0.000
24832.000,0.000
24833.000,0.000
24834.000,0.000
24835.000,0.000
24836.000,0.000
24837.000,79.124
24838.000,79.124
24839.000,0.000
24840.000,0.000
24841.000,0.000
24842.000,0.000
24843.000,0.000
24844.000,0.000
24845.000,0.000
24846.000,79.124
24847.000,0.000
24848.000,0.000
24849.000,0.000
24850.000,0.000
24851.000,0.000
24852.000,0.000
24853.000,0.000
24854.000,79.124
24855.000,0.000
24856.000,0.000
24857.000,0.000
24858.000,0.000
24859.000,0.000
24860.000,0.000
24861.000,0.000
24862.000,79.124
24863.000,0.000
24864.000,0.000
24865.000,0.000
24866.000,0.000
24867.000,0.000
24868.000,0.000
24869.000,0.000
24870.000,79.124
24871.000,79.124
24872.000,0.000
24873.000,0.000
24874.000,0.000
24875.000,0.000
24876.000,0.000
24877.000,0.000
24878.000,79.124
24879.000,79.124
24880.000,79.124
24881.000,0.000
24882.000,0.000
24883.000,0.000
24884.000,0.000
24885.000,0.000
24886.000,0.000
24887.000,79.124
24888.000,79.124
24889.000,0.000
24890.000,0.000
24891.000,0.000
24892.000,0.000
24893.000,0.000
24894.000,0.000
24895.000,79.124
24896.000,79.124
24897.000,0.000
24898.000,0.000
24899.000,0.000
24900.000,0.000
24901.000,0.000
24902.000,0.000
24903.000,0.000
24904.000,79.124
24905.000,0.000
24906.000,0.000
24907.000,0.000
24908.000,0.000
