Time_ms,Absolute_Displacement_nm
0.000,-997204479.587
1.000,-997204716.959
2.000,-997204558.711
3.000,-997204796.083
4.000,-997204558.711
5.000,-997204796.083
6.000,-997204558.711
7.000,-997204716.959
8.000,-997204479.587
9.000,-997204716.959
10.000,-997204479.587
11.000,-997204716.959
12.000,-997204558.711
13.000,-997204796.083
14.000,-997204558.711
15.000,-997204716.959
16.000,-997204479.587
17.000,-997204716.959
18.000,-997204479.587
19.000,-997204716.959
20.000,-997204558.711
21.000,-997204796.083
22.000,-997204558.711
23.000,-997204716.959
24.000,-997204479.587
25.000,-997204716.959
26.000,-997204479.587
27.000,-997204716.959
28.000,-997204558.711
29.000,-997204796.083
30.000,-997204558.711
31.000,-997204716.959
32.000,-997204479.587
33.000,-997204716.959
34.000,-997204479.587
35.000,-997204716.959
36.000,-997204558.711
37.000,-997204796.083
38.000,-997204558.711
39.000,-997204716.959
40.000,-997204479.587
41.000,-997204716.959
42.000,-997204479.587
43.000,-997204716.959
44.000,-997204558.711
45.000,-997204796.083
46.000,-997204558.711
47.000,-997204796.083
48.000,-997204479.587
49.000,-997204716.959
50.000,-997204479.587
51.000,-997204716.959
52.000,-997204479.587
53.000,-997204796.083
54.000,-997204558.711
55.000,-997204796.083
56.000,-997204558.711
57.000,-997204716.959
58.000,-997204479.587
59.000,-997204716.959
60.000,-997204479.587
61.000,-997204716.959
62.000,-997204558.711
63.000,-997204796.083
64.000,-997204558.711
65.000,-997204716.959
66.000,-997204479.587
67.000,-997204716.959
68.000,-997204479.587
69.000,-997204716.959
70.000,-997204558.711
71.000,-997204796.083
72.000,-997204558.711
73.000,-997204716.959
74.000,-997204479.587
75.000,-997204716.959
76.000,-997204479.587
77.000,-997204716.959
78.000,-997204558.711
79.000,-997204796.083
80.000,-997204558.711
81.000,-997204796.083
82.000,-997204479.587
83.000,-997204716.959
84.000,-997204479.587
85.000,-997204716.959
86.000,-997204558.711
87.000,-997204796.083
88.000,-997204558.711
89.000,-997204716.959
90.000,-997204479.587
91.000,-997204716.959
92.000,-997204479.587
93.000,-997204716.959
94.000,-997204558.711
95.000,-997204796.083
96.000,-997204558.711
97.000,-997204796.083
98.000,-997204479.587
99.000,-997204716.959
100.000,-997204479.587
101.000,-997204716.959
102.000,-997204558.711
103.000,-997204796.083
104.000,-997204558.711
105.000,-997204796.083
106.000,-997204558.711
107.000,-997204716.959
108.000,-997204479.587
109.000,-997204716.959
110.000,-997204479.587
111.000,-997204716.959
112.000,-997204558.711
113.000,-997204796.083
114.000,-997204558.711
115.000,-997204716.959
116.000,-997204479.587
117.000,-997204716.959
118.000,-997204479.587
119.000,-997204716.959
120.000,-997204558.711
121.000,-997204796.083
122.000,-997204558.711
123.000,-997204716.959
124.000,-997204479.587
125.000,-997204716.959
126.000,-997204479.587
127.000,-997204716.959
128.000,-997204558.711
129.000,-997204796.083
130.000,-997204558.711
131.000,-997204716.959
132.000,-997204479.587
133.000,-997204716.959
134.000,-997204479.587
135.000,-997204716.959
136.000,-997204558.711
137.000,-997204796.083
138.000,-997204558.711
139.000,-997204716.959
140.000,-997204479.587
141.000,-997204716.959
142.000,-997204479.587
143.000,-997204716.959
144.000,-997204558.711
145.000,-997204796.083
146.000,-997204558.711
147.000,-997204796.083
148.000,-997204558.711
149.000,-997204716.959
150.000,-997204479.587
151.000,-997204716.959
152.000,-997204558.711
153.000,-997204796.083
154.000,-997204558.711
155.000,-997204796.083
156.000,-997204558.711
157.000,-997204716.959
158.000,-997204479.587
159.000,-997204716.959
160.000,-997204479.587
161.000,-997204796.083
162.000,-997204558.711
163.000,-997204796.083
164.000,-997204558.711
165.000,-997204716.959
166.000,-997204479.587
167.000,-997204716.959
168.000,-997204479.587
169.000,-997204716.959
170.000,-997204558.711
171.000,-997204796.083
172.000,-997204558.711
173.000,-997204716.959
174.000,-997204479.587
175.000,-997204716.959
176.000,-997204479.587
177.000,-997204716.959
178.000,-997204558.711
179.000,-997204796.083
180.000,-997204558.711
181.000,-997204796.083
182.000,-997204479.587
183.000,-997204716.959
184.000,-997204479.587
185.000,-997204716.959
186.000,-997204558.711
187.000,-997204796.083
188.000,-997204558.711
189.000,-997204796.083
190.000,-997204558.711
191.000,-997204716.959
192.000,-997204479.587
193.000,-997204716.959
194.000,-997204558.711
195.000,-997204796.083
196.000,-997204558.711
197.000,-997204796.083
198.000,-997204558.711
199.000,-997204716.959
200.000,-997204479.587
201.000,-997204716.959
202.000,-997204479.587
203.000,-997204716.959
204.000,-997204558.711
205.000,-997204796.083
206.000,-997204558.711
207.000,-997204716.959
208.000,-997204479.587
209.000,-997204716.959
210.000,-997204558.711
211.000,-997204796.083
212.000,-997204558.711
213.000,-997204796.083
214.000,-997204558.711
215.000,-997204716.959
216.000,-997204479.587
217.000,-997204716.959
218.000,-997204479.587
219.000,-997204796.083
220.000,-997204558.711
221.000,-997204796.083
222.000,-997204558.711
223.000,-997204716.959
224.000,-997204479.587
225.000,-997204716.959
226.000,-997204479.587
227.000,-997204716.959
228.000,-997204558.711
229.000,-997204796.083
230.000,-997204558.711
231.000,-997204716.959
232.000,-997204479.587
233.000,-997204716.959
234.000,-997204479.587
235.000,-997204716.959
236.000,-997204558.711
237.000,-997204796.083
238.000,-997204558.711
239.000,-997204796.083
240.000,-997204479.587
241.000,-997204716.959
242.000,-997204479.587
243.000,-997204716.959
244.000,-997204558.711
245.000,-997204796.083
246.000,-997204558.711
247.000,-997204796.083
248.000,-997204558.711
249.000,-997204716.959
250.000,-997204479.587
251.000,-997204716.959
252.000,-997204479.587
253.000,-997204716.959
254.000,-997204558.711
255.000,-997204796.083
256.000,-997204558.711
257.000,-997204716.959
258.000,-997204479.587
259.000,-997204716.959
260.000,-997204558.711
261.000,-997204796.083
262.000,-997204558.711
263.000,-997204796.083
264.000,-997204558.711
265.000,-997204716.959
266.000,-997204479.587
267.000,-997204716.959
268.000,-997204558.711
269.000,-997204796.083
270.000,-997204558.711
271.000,-997204796.083
272.000,-997204558.711
273.000,-997204716.959
274.000,-997204479.587
275.000,-997204716.959
276.000,-997204479.587
277.000,-997204716.959
278.000,-997204558.711
279.000,-997204796.083
280.000,-997204558.711
281.000,-997204716.959
282.000,-997204479.587
283.000,-997204637.835
284.000,-997204479.587
285.000,-997204716.959
286.000,-997204558.711
287.000,-997204796.083
288.000,-997204558.711
289.000,-997204796.083
290.000,-997204479.587
291.000,-997204716.959
292.000,-997204479.587
293.000,-997204716.959
294.000,-997204558.711
295.000,-997204796.083
296.000,-997204558.711
297.000,-997204796.083
298.000,-997204558.711
299.000,-997204716.959
300.000,-997204479.587
301.000,-997204716.959
302.000,-997204479.587
303.000,-997204796.083
304.000,-997204558.711
305.000,-997204796.083
306.000,-997204558.711
307.000,-997204716.959
308.000,-997204479.587
309.000,-997204716.959
310.000,-997204479.587
311.000,-997204716.959
312.000,-997204558.711
313.000,-997204796.083
314.000,-997204558.711
315.000,-997204716.959
316.000,-997204479.587
317.000,-997204716.959
318.000,-997204479.587
319.000,-997204716.959
320.000,-997204558.711
321.000,-997204796.083
322.000,-997204558.711
323.000,-997204716.959
324.000,-997204479.587
325.000,-997204716.959
326.000,-997204479.587
327.000,-997204716.959
328.000,-997204558.711
329.000,-997204796.083
330.000,-997204558.711
331.000,-997204716.959
332.000,-997204479.587
333.000,-997204716.959
334.000,-997204479.587
335.000,-997204716.959
336.000,-997204558.711
337.000,-997204796.083
338.000,-997204558.711
339.000,-997204796.083
340.000,-997204479.587
341.000,-997204716.959
342.000,-997204479.587
343.000,-997204716.959
344.000,-997204558.711
345.000,-997204796.083
346.000,-997204558.711
347.000,-997204796.083
348.000,-997204558.711
349.000,-997204716.959
350.000,-997204479.587
351.000,-997204716.959
352.000,-997204479.587
353.000,-997204796.083
354.000,-997204558.711
355.000,-997204796.083
356.000,-997204558.711
357.000,-997204716.959
358.000,-997204479.587
359.000,-997204716.959
360.000,-997204479.587
361.000,-997204716.959
362.000,-997204558.711
363.000,-997204796.083
364.000,-997204558.711
365.000,-997204716.959
366.000,-997204479.587
367.000,-997204716.959
368.000,-997204479.587
369.000,-997204716.959
370.000,-997204558.711
371.000,-997204796.083
372.000,-997204558.711
373.000,-997204716.959
374.000,-997204479.587
375.000,-997204716.959
376.000,-997204479.587
377.000,-997204716.959
378.000,-997204558.711
379.000,-997204796.083
380.000,-997204558.711
381.000,-997204716.959
382.000,-997204479.587
383.000,-997204716.959
384.000,-997204479.587
385.000,-997204716.959
386.000,-997204558.711
387.000,-997204796.083
388.000,-997204558.711
389.000,-997204716.959
390.000,-997204479.587
391.000,-997204716.959
392.000,-997204479.587
393.000,-997204716.959
394.000,-997204558.711
395.000,-997204796.083
396.000,-997204558.711
397.000,-997204796.083
398.000,-997204479.587
399.000,-997204716.959
400.000,-997204479.587
401.000,-997204716.959
402.000,-997204558.711
403.000,-997204796.083
404.000,-997204558.711
405.000,-997204796.083
406.000,-997204558.711
407.000,-997204716.959
408.000,-997204479.587
409.000,-997204637.835
410.000,-997204479.587
411.000,-997204796.083
412.000,-997204558.711
413.000,-997204796.083
414.000,-997204558.711
415.000,-997204716.959
416.000,-997204479.587
417.000,-997204637.835
418.000,-997204479.587
419.000,-997204716.959
420.000,-997204558.711
421.000,-997204796.083
422.000,-997204558.711
423.000,-997204796.083
424.000,-997204479.587
425.000,-997204716.959
426.000,-997204479.587
427.000,-997204716.959
428.000,-997204558.711
429.000,-997204796.083
430.000,-997204558.711
431.000,-997204796.083
432.000,-997204479.587
433.000,-997204716.959
434.000,-997204479.587
435.000,-997204716.959
436.000,-997204558.711
437.000,-997204796.083
438.000,-997204558.711
439.000,-997204796.083
440.000,-997204479.587
441.000,-997204716.959
442.000,-997204479.587
443.000,-997204716.959
444.000,-997204558.711
445.000,-997204796.083
446.000,-997204558.711
447.000,-997204796.083
448.000,-997204479.587
449.000,-997204716.959
450.000,-997204479.587
451.000,-997204716.959
452.000,-997204479.587
453.000,-997204796.083
454.000,-997204558.711
455.000,-997204796.083
456.000,-997204558.711
457.000,-997204716.959
458.000,-997204479.587
459.000,-997204637.835
460.000,-997204479.587
461.000,-997204796.083
462.000,-997204558.711
463.000,-997204796.083
464.000,-997204558.711
465.000,-997204716.959
466.000,-997204479.587
467.000,-997204637.835
468.000,-997204479.587
469.000,-997204716.959
470.000,-997204558.711
471.000,-997204796.083
472.000,-997204558.711
473.000,-997204796.083
474.000,-997204479.587
475.000,-997204716.959
476.000,-997204479.587
477.000,-997204716.959
478.000,-997204558.711
479.000,-997204796.083
480.000,-997204558.711
481.000,-997204796.083
482.000,-997204479.587
483.000,-997204716.959
484.000,-997204479.587
485.000,-997204716.959
486.000,-997204558.711
487.000,-997204796.083
488.000,-997204558.711
489.000,-997204716.959
490.000,-997204479.587
491.000,-997204716.959
492.000,-997204479.587
493.000,-997204716.959
494.000,-997204558.711
495.000,-997204796.083
496.000,-997204558.711
497.000,-997204796.083
498.000,-997204479.587
499.000,-997204716.959
500.000,-997204479.587
501.000,-997204716.959
502.000,-997204558.711
503.000,-997204796.083
504.000,-997204558.711
505.000,-997204796.083
506.000,-997204558.711
507.000,-997204716.959
508.000,-997204479.587
509.000,-997204716.959
510.000,-997204479.587
511.000,-997204796.083
512.000,-997204558.711
513.000,-997204796.083
514.000,-997204558.711
515.000,-997204716.959
516.000,-997204479.587
517.000,-997204637.835
518.000,-997204479.587
519.000,-997204716.959
520.000,-997204558.711
521.000,-997204796.083
522.000,-997204558.711
523.000,-997204716.959
524.000,-997204479.587
525.000,-997204637.835
526.000,-997204479.587
527.000,-997204716.959
528.000,-997204558.711
529.000,-997204796.083
530.000,-997204558.711
531.000,-997204796.083
532.000,-997204479.587
533.000,-997204716.959
534.000,-997204479.587
535.000,-997204716.959
536.000,-997204558.711
537.000,-997204796.083
538.000,-997204558.711
539.000,-997204796.083
540.000,-997204558.711
541.000,-997204716.959
542.000,-997204479.587
543.000,-997204716.959
544.000,-997204558.711
545.000,-997204796.083
546.000,-997204558.711
547.000,-997204796.083
548.000,-997204558.711
549.000,-997204716.959
550.000,-997204479.587
551.000,-997204716.959
552.000,-997204479.587
553.000,-997204796.083
554.000,-997204558.711
555.000,-997204796.083
556.000,-997204558.711
557.000,-997204716.959
558.000,-997204479.587
559.000,-997204716.959
560.000,-997204479.587
561.000,-997204716.959
562.000,-997204558.711
563.000,-997204796.083
564.000,-997204558.711
565.000,-997204716.959
566.000,-997204479.587
567.000,-997204716.959
568.000,-997204479.587
569.000,-997204716.959
570.000,-997204558.711
571.000,-997204796.083
572.000,-997204558.711
573.000,-997204716.959
574.000,-997204479.587
575.000,-997204637.835
576.000,-997204479.587
577.000,-997204716.959
578.000,-997204558.711
579.000,-997204796.083
580.000,-997204558.711
581.000,-997204796.083
582.000,-997204479.587
583.000,-997204637.835
584.000,-997204479.587
585.000,-997204716.959
586.000,-997204558.711
587.000,-997204796.083
588.000,-997204558.711
589.000,-997204796.083
590.000,-997204558.711
591.000,-997204716.959
592.000,-997204479.587
593.000,-997204716.959
594.000,-997204479.587
595.000,-997204796.083
596.000,-997204558.711
597.000,-997204796.083
598.000,-997204558.711
599.000,-997204716.959
600.000,-997204479.587
601.000,-997204716.959
602.000,-997204479.587
603.000,-997204716.959
604.000,-997204558.711
605.000,-997204796.083
606.000,-997204558.711
607.000,-997204716.959
608.000,-997204479.587
609.000,-997204716.959
610.000,-997204479.587
611.000,-997204716.959
612.000,-997204558.711
613.000,-997204796.083
614.000,-997204558.711
615.000,-997204716.959
616.000,-997204479.587
617.000,-997204716.959
618.000,-997204479.587
619.000,-997204716.959
620.000,-997204558.711
621.000,-997204796.083
622.000,-997204558.711
623.000,-997204716.959
624.000,-997204479.587
625.000,-997204716.959
626.000,-997204479.587
627.000,-997204716.959
628.000,-997204558.711
629.000,-997204796.083
630.000,-997204558.711
631.000,-997204716.959
632.000,-997204479.587
633.000,-997204637.835
634.000,-997204479.587
635.000,-997204716.959
636.000,-997204558.711
637.000,-997204796.083
638.000,-997204558.711
639.000,-997204796.083
640.000,-997204479.587
641.000,-997204637.835
642.000,-997204479.587
643.000,-997204716.959
644.000,-997204558.711
645.000,-997204796.083
646.000,-997204558.711
647.000,-997204796.083
648.000,-997204558.711
649.000,-997204716.959
650.000,-997204479.587
651.000,-997204716.959
652.000,-997204479.587
653.000,-997204796.083
654.000,-997204558.711
655.000,-997204796.083
656.000,-997204558.711
657.000,-997204716.959
658.000,-997204479.587
659.000,-997204716.959
660.000,-997204479.587
661.000,-997204716.959
662.000,-997204558.711
663.000,-997204796.083
664.000,-997204558.711
665.000,-997204716.959
666.000,-997204479.587
667.000,-997204716.959
668.000,-997204479.587
669.000,-997204716.959
670.000,-997204558.711
671.000,-997204796.083
672.000,-997204558.711
673.000,-997204716.959
674.000,-997204479.587
675.000,-997204716.959
676.000,-997204479.587
677.000,-997204716.959
678.000,-997204558.711
679.000,-997204796.083
680.000,-997204558.711
681.000,-997204716.959
682.000,-997204479.587
683.000,-997204716.959
684.000,-997204479.587
685.000,-997204716.959
686.000,-997204558.711
687.000,-997204796.083
688.000,-997204558.711
689.000,-997204716.959
690.000,-997204479.587
691.000,-997204637.835
692.000,-997204479.587
693.000,-997204716.959
694.000,-997204558.711
695.000,-997204796.083
696.000,-997204558.711
697.000,-997204796.083
698.000,-997204558.711
699.000,-997204716.959
700.000,-997204479.587
701.000,-997204716.959
702.000,-997204479.587
703.000,-997204796.083
704.000,-997204558.711
705.000,-997204796.083
706.000,-997204558.711
707.000,-997204716.959
708.000,-997204479.587
709.000,-997204716.959
710.000,-997204479.587
711.000,-997204716.959
712.000,-997204558.711
713.000,-997204796.083
714.000,-997204558.711
715.000,-997204716.959
716.000,-997204479.587
717.000,-997204716.959
718.000,-997204479.587
719.000,-997204716.959
720.000,-997204558.711
721.000,-997204796.083
722.000,-997204558.711
723.000,-997204716.959
724.000,-997204479.587
725.000,-997204716.959
726.000,-997204479.587
727.000,-997204716.959
728.000,-997204558.711
729.000,-997204796.083
730.000,-997204558.711
731.000,-997204716.959
732.000,-997204479.587
733.000,-997204716.959
734.000,-997204479.587
735.000,-997204716.959
736.000,-997204558.711
737.000,-997204796.083
738.000,-997204558.711
739.000,-997204716.959
740.000,-997204479.587
741.000,-997204716.959
742.000,-997204479.587
743.000,-997204716.959
744.000,-997204558.711
745.000,-997204796.083
746.000,-997204558.711
747.000,-997204796.083
748.000,-997204479.587
749.000,-997204637.835
750.000,-997204479.587
751.000,-997204716.959
752.000,-997204558.711
753.000,-997204796.083
754.000,-997204558.711
755.000,-997204796.083
756.000,-997204558.711
757.000,-997204716.959
758.000,-997204479.587
759.000,-997204716.959
760.000,-997204479.587
761.000,-997204796.083
762.000,-997204558.711
763.000,-997204796.083
764.000,-997204558.711
765.000,-997204716.959
766.000,-997204479.587
767.000,-997204637.835
768.000,-997204479.587
769.000,-997204716.959
770.000,-997204558.711
771.000,-997204796.083
772.000,-997204558.711
773.000,-997204716.959
774.000,-997204479.587
775.000,-997204637.835
776.000,-997204479.587
777.000,-997204716.959
778.000,-997204558.711
779.000,-997204796.083
780.000,-997204558.711
781.000,-997204716.959
782.000,-997204479.587
783.000,-997204716.959
784.000,-997204479.587
785.000,-997204716.959
786.000,-997204558.711
787.000,-997204796.083
788.000,-997204558.711
789.000,-997204796.083
790.000,-997204479.587
791.000,-997204716.959
792.000,-997204479.587
793.000,-997204716.959
794.000,-997204558.711
795.000,-997204796.083
796.000,-997204558.711
797.000,-997204796.083
798.000,-997204479.587
799.000,-997204716.959
800.000,-997204479.587
801.000,-997204716.959
802.000,-997204558.711
803.000,-997204796.083
804.000,-997204558.711
805.000,-997204796.083
806.000,-997204558.711
807.000,-997204716.959
808.000,-997204479.587
809.000,-997204716.959
810.000,-997204479.587
811.000,-997204796.083
812.000,-997204558.711
813.000,-997204796.083
814.000,-997204558.711
815.000,-997204716.959
816.000,-997204479.587
817.000,-997204637.835
818.000,-997204479.587
819.000,-997204716.959
820.000,-997204558.711
821.000,-997204796.083
822.000,-997204558.711
823.000,-997204716.959
824.000,-997204479.587
825.000,-997204637.835
826.000,-997204479.587
827.000,-997204716.959
828.000,-997204558.711
829.000,-997204796.083
830.000,-997204558.711
831.000,-997204716.959
832.000,-997204479.587
833.000,-997204716.959
834.000,-997204479.587
835.000,-997204716.959
836.000,-997204558.711
837.000,-997204796.083
838.000,-997204558.711
839.000,-997204796.083
840.000,-997204479.587
841.000,-997204716.959
842.000,-997204479.587
843.000,-997204716.959
844.000,-997204558.711
845.000,-997204796.083
846.000,-997204558.711
847.000,-997204796.083
848.000,-997204479.587
849.000,-997204716.959
850.000,-997204479.587
851.000,-997204716.959
852.000,-997204558.711
853.000,-997204796.083
854.000,-997204558.711
855.000,-997204796.083
856.000,-997204558.711
857.000,-997204716.959
858.000,-997204479.587
859.000,-997204716.959
860.000,-997204479.587
861.000,-997204796.083
862.000,-997204558.711
863.000,-997204796.083
864.000,-997204558.711
865.000,-997204716.959
866.000,-997204479.587
867.000,-997204637.835
868.000,-997204479.587
869.000,-997204716.959
870.000,-997204558.711
871.000,-997204796.083
872.000,-997204558.711
873.000,-997204716.959
874.000,-997204479.587
875.000,-997204637.835
876.000,-997204479.587
877.000,-997204716.959
878.000,-997204558.711
879.000,-997204796.083
880.000,-997204558.711
881.000,-997204716.959
882.000,-997204479.587
883.000,-997204716.959
884.000,-997204479.587
885.000,-997204716.959
886.000,-997204558.711
887.000,-997204796.083
888.000,-997204558.711
889.000,-997204796.083
890.000,-997204479.587
891.000,-997204716.959
892.000,-997204479.587
893.000,-997204716.959
894.000,-997204558.711
895.000,-997204796.083
896.000,-997204558.711
897.000,-997204796.083
898.000,-997204479.587
899.000,-997204716.959
900.000,-997204479.587
901.000,-997204716.959
902.000,-997204558.711
903.000,-997204796.083
904.000,-997204558.711
905.000,-997204796.083
906.000,-997204558.711
907.000,-997204716.959
908.000,-997204479.587
909.000,-997204716.959
910.000,-997204479.587
911.000,-997204796.083
912.000,-997204558.711
913.000,-997204796.083
914.000,-997204558.711
915.000,-997204716.959
916.000,-997204479.587
917.000,-997204637.835
918.000,-997204479.587
919.000,-997204716.959
920.000,-997204558.711
921.000,-997204796.083
922.000,-997204558.711
923.000,-997204716.959
924.000,-997204479.587
925.000,-997204637.835
926.000,-997204479.587
927.000,-997204716.959
928.000,-997204558.711
929.000,-997204796.083
930.000,-997204558.711
931.000,-997204716.959
932.000,-997204479.587
933.000,-997204637.835
934.000,-997204479.587
935.000,-997204716.959
936.000,-997204558.711
937.000,-997204796.083
938.000,-997204558.711
939.000,-997204796.083
940.000,-997204479.587
941.000,-997204716.959
942.000,-997204479.587
943.000,-997204716.959
944.000,-997204558.711
945.000,-997204796.083
946.000,-997204558.711
947.000,-997204796.083
948.000,-997204558.711
949.000,-997204716.959
950.000,-997204479.587
951.000,-997204716.959
952.000,-997204479.587
953.000,-997204796.083
954.000,-997204558.711
955.000,-997204796.083
956.000,-997204558.711
957.000,-997204716.959
958.000,-997204479.587
959.000,-997204716.959
960.000,-997204479.587
961.000,-997204716.959
962.000,-997204558.711
963.000,-997204796.083
964.000,-997204558.711
965.000,-997204716.959
966.000,-997204479.587
967.000,-997204716.959
968.000,-997204479.587
969.000,-997204716.959
970.000,-997204558.711
971.000,-997204796.083
972.000,-997204558.711
973.000,-997204716.959
974.000,-997204479.587
975.000,-997204716.959
976.000,-997204479.587
977.000,-997204716.959
978.000,-997204558.711
979.000,-997204796.083
980.000,-997204558.711
981.000,-997204716.959
982.000,-997204479.587
983.000,-997204716.959
984.000,-997204479.587
985.000,-997204716.959
986.000,-997204558.711
987.000,-997204796.083
988.000,-997204558.711
989.000,-997204716.959
990.000,-997204479.587
991.000,-997204716.959
992.000,-997204479.587
993.000,-997204716.959
994.000,-997204558.711
995.000,-997204796.083
996.000,-997204558.711
997.000,-997204796.083
998.000,-997204479.587
999.000,-997204716.959
1000.000,-997204479.587
1001.000,-997204716.959
1002.000,-997204558.711
1003.000,-997204796.083
1004.000,-997204558.711
1005.000,-997204796.083
1006.000,-997204558.711
1007.000,-997204716.959
1008.000,-997204479.587
1009.000,-997204716.959
1010.000,-997204479.587
1011.000,-997204796.083
1012.000,-997204558.711
1013.000,-997204796.083
1014.000,-997204558.711
1015.000,-997204716.959
1016.000,-997204479.587
1017.000,-997204716.959
1018.000,-997204479.587
1019.000,-997204716.959
1020.000,-997204558.711
1021.000,-997204796.083
1022.000,-997204558.711
1023.000,-997204716.959
1024.000,-997204479.587
1025.000,-997204716.959
1026.000,-997204479.587
1027.000,-997204716.959
1028.000,-997204558.711
1029.000,-997204796.083
1030.000,-997204558.711
1031.000,-997204716.959
1032.000,-997204479.587
1033.000,-997204716.959
1034.000,-997204479.587
1035.000,-997204716.959
1036.000,-997204558.711
1037.000,-997204796.083
1038.000,-997204558.711
1039.000,-997204716.959
1040.000,-997204479.587
1041.000,-997204716.959
1042.000,-997204479.587
1043.000,-997204716.959
1044.000,-997204558.711
1045.000,-997204796.083
1046.000,-997204558.711
1047.000,-997204716.959
1048.000,-997204479.587
1049.000,-997204716.959
1050.000,-997204479.587
1051.000,-997204716.959
1052.000,-997204558.711
1053.000,-997204796.083
1054.000,-997204558.711
1055.000,-997204796.083
1056.000,-997204558.711
1057.000,-997204716.959
1058.000,-997204479.587
1059.000,-997204716.959
1060.000,-997204558.711
1061.000,-997204796.083
1062.000,-997204558.711
1063.000,-997204796.083
1064.000,-997204558.711
1065.000,-997204716.959
1066.000,-997204479.587
1067.000,-997204716.959
1068.000,-997204479.587
1069.000,-997204716.959
1070.000,-997204558.711
1071.000,-997204796.083
1072.000,-997204558.711
1073.000,-997204716.959
1074.000,-997204479.587
1075.000,-997204716.959
1076.000,-997204479.587
1077.000,-997204716.959
1078.000,-997204558.711
1079.000,-997204796.083
1080.000,-997204558.711
1081.000,-997204716.959
1082.000,-997204479.587
1083.000,-997204716.959
1084.000,-997204479.587
1085.000,-997204716.959
1086.000,-997204558.711
1087.000,-997204796.083
1088.000,-997204558.711
1089.000,-997204716.959
1090.000,-997204479.587
1091.000,-997204716.959
1092.000,-997204479.587
1093.000,-997204716.959
1094.000,-997204558.711
1095.000,-997204796.083
1096.000,-997204558.711
1097.000,-997204716.959
1098.000,-997204479.587
1099.000,-997204716.959
1100.000,-997204479.587
1101.000,-997204716.959
1102.000,-997204558.711
1103.000,-997204796.083
1104.000,-997204558.711
1105.000,-997204716.959
1106.000,-997204479.587
1107.000,-997204716.959
1108.000,-997204479.587
1109.000,-997204716.959
1110.000,-997204558.711
1111.000,-997204796.083
1112.000,-997204558.711
1113.000,-997204796.083
1114.000,-997204479.587
1115.000,-997204716.959
1116.000,-997204479.587
1117.000,-997204716.959
1118.000,-997204558.711
1119.000,-997204796.083
1120.000,-997204558.711
1121.000,-997204796.083
1122.000,-997204558.711
1123.000,-997204716.959
1124.000,-997204479.587
1125.000,-997204637.835
1126.000,-997204479.587
1127.000,-997204716.959
1128.000,-997204558.711
1129.000,-997204796.083
1130.000,-997204558.711
1131.000,-997204716.959
1132.000,-997204479.587
1133.000,-997204716.959
1134.000,-997204479.587
1135.000,-997204716.959
1136.000,-997204558.711
1137.000,-997204796.083
1138.000,-997204558.711
1139.000,-997204796.083
1140.000,-997204479.587
1141.000,-997204716.959
1142.000,-997204479.587
1143.000,-997204716.959
1144.000,-997204558.711
1145.000,-997204796.083
1146.000,-997204558.711
1147.000,-997204796.083
1148.000,-997204479.587
1149.000,-997204716.959
1150.000,-997204479.587
1151.000,-997204716.959
1152.000,-997204558.711
1153.000,-997204796.083
1154.000,-997204558.711
1155.000,-997204716.959
1156.000,-997204479.587
1157.000,-997204716.959
1158.000,-997204479.587
1159.000,-997204716.959
1160.000,-997204558.711
1161.000,-997204796.083
1162.000,-997204558.711
1163.000,-997204796.083
1164.000,-997204558.711
1165.000,-997204716.959
1166.000,-997204479.587
1167.000,-997204716.959
1168.000,-997204558.711
1169.000,-997204796.083
1170.000,-997204558.711
1171.000,-997204796.083
1172.000,-997204558.711
1173.000,-997204716.959
1174.000,-997204479.587
1175.000,-997204716.959
1176.000,-997204479.587
1177.000,-997204716.959
1178.000,-997204558.711
1179.000,-997204796.083
1180.000,-997204558.711
1181.000,-997204716.959
1182.000,-997204479.587
1183.000,-997204637.835
1184.000,-997204479.587
1185.000,-997204716.959
1186.000,-997204558.711
1187.000,-997204796.083
1188.000,-997204558.711
1189.000,-997204716.959
1190.000,-997204479.587
1191.000,-997204716.959
1192.000,-997204479.587
1193.000,-997204716.959
1194.000,-997204558.711
1195.000,-997204796.083
1196.000,-997204558.711
1197.000,-997204796.083
1198.000,-997204558.711
1199.000,-997204716.959
1200.000,-997204479.587
1201.000,-997204716.959
1202.000,-997204558.711
1203.000,-997204796.083
1204.000,-997204558.711
1205.000,-997204796.083
1206.000,-997204558.711
1207.000,-997204716.959
1208.000,-997204479.587
1209.000,-997204716.959
1210.000,-997204558.711
1211.000,-997204716.959
1212.000,-997204558.711
1213.000,-997204796.083
1214.000,-997204558.711
1215.000,-997204716.959
1216.000,-997204479.587
1217.000,-997204716.959
1218.000,-997204479.587
1219.000,-997204716.959
1220.000,-997204558.711
1221.000,-997204796.083
1222.000,-997204558.711
1223.000,-997204716.959
1224.000,-997204479.587
1225.000,-997204716.959
1226.000,-997204479.587
1227.000,-997204716.959
1228.000,-997204558.711
1229.000,-997204796.083
1230.000,-997204558.711
1231.000,-997204716.959
1232.000,-997204479.587
1233.000,-997204716.959
1234.000,-997204479.587
1235.000,-997204716.959
1236.000,-997204558.711
1237.000,-997204796.083
1238.000,-997204558.711
1239.000,-997204716.959
1240.000,-997204479.587
1241.000,-997204716.959
1242.000,-997204479.587
1243.000,-997204716.959
1244.000,-997204558.711
1245.000,-997204796.083
1246.000,-997204558.711
1247.000,-997204716.959
1248.000,-997204479.587
1249.000,-997204716.959
1250.000,-997204479.587
1251.000,-997204716.959
1252.000,-997204558.711
1253.000,-997204796.083
1254.000,-997204558.711
1255.000,-997204796.083
1256.000,-997204558.711
1257.000,-997204716.959
1258.000,-997204479.587
1259.000,-997204716.959
1260.000,-997204558.711
1261.000,-997204796.083
1262.000,-997204558.711
1263.000,-997204796.083
1264.000,-997204558.711
1265.000,-997204716.959
1266.000,-997204479.587
1267.000,-997204716.959
1268.000,-997204479.587
1269.000,-997204716.959
1270.000,-997204558.711
1271.000,-997204796.083
1272.000,-997204558.711
1273.000,-997204716.959
1274.000,-997204479.587
1275.000,-997204716.959
1276.000,-997204479.587
1277.000,-997204716.959
1278.000,-997204558.711
1279.000,-997204796.083
1280.000,-997204558.711
1281.000,-997204716.959
1282.000,-997204479.587
1283.000,-997204716.959
1284.000,-997204479.587
1285.000,-997204716.959
1286.000,-997204558.711
1287.000,-997204796.083
1288.000,-997204558.711
1289.000,-997204716.959
1290.000,-997204479.587
1291.000,-997204637.835
1292.000,-997204479.587
1293.000,-997204716.959
1294.000,-997204558.711
1295.000,-997204796.083
1296.000,-997204558.711
1297.000,-997204796.083
1298.000,-997204479.587
1299.000,-997204716.959
1300.000,-997204479.587
1301.000,-997204716.959
1302.000,-997204558.711
1303.000,-997204796.083
1304.000,-997204558.711
1305.000,-997204796.083
1306.000,-997204558.711
1307.000,-997204716.959
1308.000,-997204479.587
1309.000,-997204637.835
1310.000,-997204479.587
1311.000,-997204716.959
1312.000,-997204558.711
1313.000,-997204796.083
1314.000,-997204558.711
1315.000,-997204716.959
1316.000,-997204479.587
1317.000,-997204716.959
1318.000,-997204479.587
1319.000,-997204716.959
1320.000,-997204558.711
1321.000,-997204796.083
1322.000,-997204558.711
1323.000,-997204716.959
1324.000,-997204479.587
1325.000,-997204716.959
1326.000,-997204479.587
1327.000,-997204716.959
1328.000,-997204558.711
1329.000,-997204796.083
1330.000,-997204558.711
1331.000,-997204716.959
1332.000,-997204479.587
1333.000,-997204716.959
1334.000,-997204479.587
1335.000,-997204716.959
1336.000,-997204558.711
1337.000,-997204796.083
1338.000,-997204558.711
1339.000,-997204716.959
1340.000,-997204479.587
1341.000,-997204716.959
1342.000,-997204479.587
1343.000,-997204716.959
1344.000,-997204558.711
1345.000,-997204796.083
1346.000,-997204558.711
1347.000,-997204716.959
1348.000,-997204479.587
1349.000,-997204716.959
1350.000,-997204479.587
1351.000,-997204716.959
1352.000,-997204558.711
1353.000,-997204796.083
1354.000,-997204558.711
1355.000,-997204796.083
1356.000,-997204558.711
1357.000,-997204716.959
1358.000,-997204479.587
1359.000,-997204716.959
1360.000,-997204479.587
1361.000,-997204796.083
1362.000,-997204558.711
1363.000,-997204796.083
1364.000,-997204558.711
1365.000,-997204716.959
1366.000,-997204479.587
1367.000,-997204637.835
1368.000,-997204479.587
1369.000,-997204716.959
1370.000,-997204558.711
1371.000,-997204796.083
1372.000,-997204558.711
1373.000,-997204716.959
1374.000,-997204479.587
1375.000,-997204716.959
1376.000,-997204479.587
1377.000,-997204716.959
1378.000,-997204558.711
1379.000,-997204796.083
1380.000,-997204558.711
1381.000,-997204716.959
1382.000,-997204479.587
1383.000,-997204716.959
1384.000,-997204479.587
1385.000,-997204716.959
1386.000,-997204558.711
1387.000,-997204796.083
1388.000,-997204558.711
1389.000,-997204716.959
1390.000,-997204479.587
1391.000,-997204716.959
1392.000,-997204479.587
1393.000,-997204716.959
1394.000,-997204558.711
1395.000,-997204796.083
1396.000,-997204558.711
1397.000,-997204716.959
1398.000,-997204479.587
1399.000,-997204716.959
1400.000,-997204479.587
1401.000,-997204716.959
1402.000,-997204558.711
1403.000,-997204796.083
1404.000,-997204558.711
1405.000,-997204796.083
1406.000,-997204558.711
1407.000,-997204716.959
1408.000,-997204479.587
1409.000,-997204716.959
1410.000,-997204479.587
1411.000,-997204796.083
1412.000,-997204558.711
1413.000,-997204796.083
1414.000,-997204558.711
1415.000,-997204716.959
1416.000,-997204479.587
1417.000,-997204637.835
1418.000,-997204479.587
1419.000,-997204716.959
1420.000,-997204558.711
1421.000,-997204796.083
1422.000,-997204558.711
1423.000,-997204716.959
1424.000,-997204479.587
1425.000,-997204637.835
1426.000,-997204479.587
1427.000,-997204716.959
1428.000,-997204558.711
1429.000,-997204796.083
1430.000,-997204558.711
1431.000,-997204796.083
1432.000,-997204479.587
1433.000,-997204716.959
1434.000,-997204479.587
1435.000,-997204716.959
1436.000,-997204558.711
1437.000,-997204796.083
1438.000,-997204558.711
1439.000,-997204796.083
1440.000,-997204558.711
1441.000,-997204716.959
1442.000,-997204479.587
1443.000,-997204716.959
1444.000,-997204479.587
1445.000,-997204716.959
1446.000,-997204558.711
1447.000,-997204796.083
1448.000,-997204558.711
1449.000,-997204716.959
1450.000,-997204479.587
1451.000,-997204716.959
1452.000,-997204479.587
1453.000,-997204716.959
1454.000,-997204558.711
1455.000,-997204796.083
1456.000,-997204558.711
1457.000,-997204716.959
1458.000,-997204479.587
1459.000,-997204716.959
1460.000,-997204479.587
1461.000,-997204716.959
1462.000,-997204558.711
1463.000,-997204796.083
1464.000,-997204558.711
1465.000,-997204716.959
1466.000,-997204479.587
1467.000,-997204716.959
1468.000,-997204479.587
1469.000,-997204716.959
1470.000,-997204558.711
1471.000,-997204796.083
1472.000,-997204558.711
1473.000,-997204716.959
1474.000,-997204479.587
1475.000,-997204716.959
1476.000,-997204479.587
1477.000,-997204716.959
1478.000,-997204558.711
1479.000,-997204796.083
1480.000,-997204558.711
1481.000,-997204716.959
1482.000,-997204479.587
1483.000,-997204716.959
1484.000,-997204479.587
1485.000,-997204716.959
1486.000,-997204558.711
1487.000,-997204796.083
1488.000,-997204558.711
1489.000,-997204796.083
1490.000,-997204558.711
1491.000,-997204716.959
1492.000,-997204479.587
1493.000,-997204716.959
1494.000,-997204479.587
1495.000,-997204716.959
1496.000,-997204558.711
1497.000,-997204796.083
1498.000,-997204558.711
1499.000,-997204716.959
1500.000,-997204479.587
1501.000,-997204716.959
1502.000,-997204479.587
1503.000,-997204716.959
1504.000,-997204558.711
1505.000,-997204796.083
1506.000,-997204558.711
1507.000,-997204716.959
1508.000,-997204479.587
1509.000,-997204716.959
1510.000,-997204479.587
1511.000,-997204716.959
1512.000,-997204558.711
1513.000,-997204796.083
1514.000,-997204558.711
1515.000,-997204716.959
1516.000,-997204479.587
1517.000,-997204716.959
1518.000,-997204479.587
1519.000,-997204716.959
1520.000,-997204558.711
1521.000,-997204796.083
1522.000,-997204558.711
1523.000,-997204716.959
1524.000,-997204479.587
1525.000,-997204716.959
1526.000,-997204479.587
1527.000,-997204716.959
1528.000,-997204558.711
1529.000,-997204796.083
1530.000,-997204558.711
1531.000,-997204716.959
1532.000,-997204479.587
1533.000,-997204637.835
1534.000,-997204479.587
1535.000,-997204716.959
1536.000,-997204558.711
1537.000,-997204796.083
1538.000,-997204558.711
1539.000,-997204796.083
1540.000,-997204558.711
1541.000,-997204716.959
1542.000,-997204479.587
1543.000,-997204716.959
1544.000,-997204479.587
1545.000,-997204796.083
1546.000,-997204558.711
1547.000,-997204796.083
1548.000,-997204558.711
1549.000,-997204716.959
1550.000,-997204479.587
1551.000,-997204716.959
1552.000,-997204479.587
1553.000,-997204716.959
1554.000,-997204558.711
1555.000,-997204796.083
1556.000,-997204558.711
1557.000,-997204716.959
1558.000,-997204479.587
1559.000,-997204716.959
1560.000,-997204479.587
1561.000,-997204716.959
1562.000,-997204558.711
1563.000,-997204796.083
1564.000,-997204558.711
1565.000,-997204716.959
1566.000,-997204479.587
1567.000,-997204716.959
1568.000,-997204479.587
1569.000,-997204716.959
1570.000,-997204558.711
1571.000,-997204796.083
1572.000,-997204558.711
1573.000,-997204716.959
1574.000,-997204479.587
1575.000,-997204716.959
1576.000,-997204479.587
1577.000,-997204716.959
1578.000,-997204558.711
1579.000,-997204796.083
1580.000,-997204558.711
1581.000,-997204716.959
1582.000,-997204479.587
1583.000,-997204716.959
1584.000,-997204479.587
1585.000,-997204716.959
1586.000,-997204558.711
1587.000,-997204796.083
1588.000,-997204558.711
1589.000,-997204716.959
1590.000,-997204479.587
1591.000,-997204716.959
1592.000,-997204479.587
1593.000,-997204716.959
1594.000,-997204558.711
1595.000,-997204796.083
1596.000,-997204558.711
1597.000,-997204796.083
1598.000,-997204558.711
1599.000,-997204716.959
1600.000,-997204479.587
1601.000,-997204716.959
1602.000,-997204479.587
1603.000,-997204716.959
1604.000,-997204558.711
1605.000,-997204796.083
1606.000,-997204558.711
1607.000,-997204716.959
1608.000,-997204479.587
1609.000,-997204716.959
1610.000,-997204479.587
1611.000,-997204716.959
1612.000,-997204558.711
1613.000,-997204796.083
1614.000,-997204558.711
1615.000,-997204716.959
1616.000,-997204479.587
1617.000,-997204716.959
1618.000,-997204479.587
1619.000,-997204716.959
1620.000,-997204558.711
1621.000,-997204796.083
1622.000,-997204558.711
1623.000,-997204716.959
1624.000,-997204479.587
1625.000,-997204716.959
1626.000,-997204479.587
1627.000,-997204716.959
1628.000,-997204558.711
1629.000,-997204796.083
1630.000,-997204558.711
1631.000,-997204716.959
1632.000,-997204479.587
1633.000,-997204716.959
1634.000,-997204479.587
1635.000,-997204716.959
1636.000,-997204558.711
1637.000,-997204796.083
1638.000,-997204558.711
1639.000,-997204716.959
1640.000,-997204479.587
1641.000,-997204716.959
1642.000,-997204479.587
1643.000,-997204716.959
1644.000,-997204558.711
1645.000,-997204796.083
1646.000,-997204558.711
1647.000,-997204796.083
1648.000,-997204558.711
1649.000,-997204716.959
1650.000,-997204479.587
1651.000,-997204716.959
1652.000,-997204479.587
1653.000,-997204796.083
1654.000,-997204558.711
1655.000,-997204796.083
1656.000,-997204558.711
1657.000,-997204716.959
1658.000,-997204479.587
1659.000,-997204716.959
1660.000,-997204479.587
1661.000,-997204716.959
1662.000,-997204558.711
1663.000,-997204796.083
1664.000,-997204558.711
1665.000,-997204716.959
1666.000,-997204479.587
1667.000,-997204716.959
1668.000,-997204479.587
1669.000,-997204716.959
1670.000,-997204558.711
1671.000,-997204796.083
1672.000,-997204558.711
1673.000,-997204716.959
1674.000,-997204479.587
1675.000,-997204716.959
1676.000,-997204479.587
1677.000,-997204716.959
1678.000,-997204558.711
1679.000,-997204796.083
1680.000,-997204558.711
1681.000,-997204716.959
1682.000,-997204479.587
1683.000,-997204716.959
1684.000,-997204479.587
1685.000,-997204716.959
1686.000,-997204558.711
1687.000,-997204796.083
1688.000,-997204558.711
1689.000,-997204716.959
1690.000,-997204479.587
1691.000,-997204716.959
1692.000,-997204479.587
1693.000,-997204716.959
1694.000,-997204558.711
1695.000,-997204796.083
1696.000,-997204558.711
1697.000,-997204796.083
1698.000,-997204479.587
1699.000,-997204716.959
1700.000,-997204479.587
1701.000,-997204716.959
1702.000,-997204558.711
1703.000,-997204796.083
1704.000,-997204558.711
1705.000,-997204796.083
1706.000,-997204558.711
1707.000,-997204716.959
1708.000,-997204479.587
1709.000,-997204637.835
1710.000,-997204479.587
1711.000,-997204796.083
1712.000,-997204558.711
1713.000,-997204796.083
1714.000,-997204558.711
1715.000,-997204716.959
1716.000,-997204479.587
1717.000,-997204637.835
1718.000,-997204479.587
1719.000,-997204716.959
1720.000,-997204558.711
1721.000,-997204796.083
1722.000,-997204558.711
1723.000,-997204716.959
1724.000,-997204479.587
1725.000,-997204716.959
1726.000,-997204479.587
1727.000,-997204716.959
1728.000,-997204558.711
1729.000,-997204796.083
1730.000,-997204558.711
1731.000,-997204716.959
1732.000,-997204479.587
1733.000,-997204716.959
1734.000,-997204479.587
1735.000,-997204716.959
1736.000,-997204558.711
1737.000,-997204796.083
1738.000,-997204558.711
1739.000,-997204716.959
1740.000,-997204558.711
1741.000,-997204716.959
1742.000,-997204479.587
1743.000,-997204716.959
1744.000,-997204558.711
1745.000,-997204796.083
1746.000,-997204558.711
1747.000,-997204716.959
1748.000,-997204479.587
1749.000,-997204716.959
1750.000,-997204479.587
1751.000,-997204716.959
1752.000,-997204558.711
1753.000,-997204796.083
1754.000,-997204558.711
1755.000,-997204796.083
1756.000,-997204558.711
1757.000,-997204716.959
1758.000,-997204479.587
1759.000,-997204716.959
1760.000,-997204479.587
1761.000,-997204796.083
1762.000,-997204558.711
1763.000,-997204796.083
1764.000,-997204558.711
1765.000,-997204716.959
1766.000,-997204479.587
1767.000,-997204637.835
1768.000,-997204479.587
1769.000,-997204716.959
1770.000,-997204558.711
1771.000,-997204796.083
1772.000,-997204558.711
1773.000,-997204716.959
1774.000,-997204479.587
1775.000,-997204637.835
1776.000,-997204479.587
1777.000,-997204716.959
1778.000,-997204558.711
1779.000,-997204796.083
1780.000,-997204558.711
1781.000,-997204716.959
1782.000,-997204479.587
1783.000,-997204637.835
1784.000,-997204479.587
1785.000,-997204716.959
1786.000,-997204558.711
1787.000,-997204796.083
1788.000,-997204558.711
1789.000,-997204796.083
1790.000,-997204479.587
1791.000,-997204716.959
1792.000,-997204479.587
1793.000,-997204716.959
1794.000,-997204558.711
1795.000,-997204796.083
1796.000,-997204558.711
1797.000,-997204796.083
1798.000,-997204558.711
1799.000,-997204716.959
1800.000,-997204479.587
1801.000,-997204637.835
1802.000,-997204479.587
1803.000,-997204796.083
1804.000,-997204558.711
1805.000,-997204796.083
1806.000,-997204558.711
1807.000,-997204716.959
1808.000,-997204479.587
1809.000,-997204637.835
1810.000,-997204479.587
1811.000,-997204716.959
1812.000,-997204558.711
1813.000,-997204796.083
1814.000,-997204558.711
1815.000,-997204716.959
1816.000,-997204479.587
1817.000,-997204716.959
1818.000,-997204479.587
1819.000,-997204716.959
1820.000,-997204558.711
1821.000,-997204796.083
1822.000,-997204558.711
1823.000,-997204716.959
1824.000,-997204479.587
1825.000,-997204716.959
1826.000,-997204479.587
1827.000,-997204716.959
1828.000,-997204558.711
1829.000,-997204796.083
1830.000,-997204558.711
1831.000,-997204716.959
1832.000,-997204479.587
1833.000,-997204637.835
1834.000,-997204479.587
1835.000,-997204716.959
1836.000,-997204558.711
1837.000,-997204796.083
1838.000,-997204558.711
1839.000,-997204796.083
1840.000,-997204479.587
1841.000,-997204716.959
1842.000,-997204479.587
1843.000,-997204716.959
1844.000,-997204558.711
1845.000,-997204796.083
1846.000,-997204558.711
1847.000,-997204796.083
1848.000,-997204558.711
1849.000,-997204716.959
1850.000,-997204479.587
1851.000,-997204716.959
1852.000,-997204479.587
1853.000,-997204796.083
1854.000,-997204558.711
1855.000,-997204796.083
1856.000,-997204558.711
1857.000,-997204716.959
1858.000,-997204479.587
1859.000,-997204716.959
1860.000,-997204479.587
1861.000,-997204716.959
1862.000,-997204558.711
1863.000,-997204796.083
1864.000,-997204558.711
1865.000,-997204716.959
1866.000,-997204479.587
1867.000,-997204716.959
1868.000,-997204479.587
1869.000,-997204716.959
1870.000,-997204558.711
1871.000,-997204796.083
1872.000,-997204558.711
1873.000,-997204716.959
1874.000,-997204479.587
1875.000,-997204716.959
1876.000,-997204479.587
1877.000,-997204716.959
1878.000,-997204558.711
1879.000,-997204796.083
1880.000,-997204558.711
1881.000,-997204716.959
1882.000,-997204479.587
1883.000,-997204637.835
1884.000,-997204479.587
1885.000,-997204716.959
1886.000,-997204558.711
1887.000,-997204796.083
1888.000,-997204558.711
1889.000,-997204796.083
1890.000,-997204479.587
1891.000,-997204637.835
1892.000,-997204479.587
1893.000,-997204716.959
1894.000,-997204558.711
1895.000,-997204796.083
1896.000,-997204558.711
1897.000,-997204796.083
1898.000,-997204558.711
1899.000,-997204716.959
1900.000,-997204479.587
1901.000,-997204716.959
1902.000,-997204479.587
1903.000,-997204796.083
1904.000,-997204558.711
1905.000,-997204796.083
1906.000,-997204558.711
1907.000,-997204716.959
1908.000,-997204479.587
1909.000,-997204637.835
1910.000,-997204479.587
1911.000,-997204716.959
1912.000,-997204558.711
1913.000,-997204796.083
1914.000,-997204558.711
1915.000,-997204716.959
1916.000,-997204479.587
1917.000,-997204716.959
1918.000,-997204479.587
1919.000,-997204716.959
1920.000,-997204558.711
1921.000,-997204796.083
1922.000,-997204558.711
1923.000,-997204716.959
1924.000,-997204479.587
1925.000,-997204716.959
1926.000,-997204479.587
1927.000,-997204716.959
1928.000,-997204558.711
1929.000,-997204796.083
1930.000,-997204558.711
1931.000,-997204716.959
1932.000,-997204479.587
1933.000,-997204716.959
1934.000,-997204479.587
1935.000,-997204716.959
1936.000,-997204558.711
1937.000,-997204796.083
1938.000,-997204558.711
1939.000,-997204796.083
1940.000,-997204479.587
1941.000,-997204716.959
1942.000,-997204479.587
1943.000,-997204716.959
1944.000,-997204558.711
1945.000,-997204796.083
1946.000,-997204558.711
1947.000,-997204796.083
1948.000,-997204558.711
1949.000,-997204716.959
1950.000,-997204479.587
1951.000,-997204716.959
1952.000,-997204479.587
1953.000,-997204796.083
1954.000,-997204558.711
1955.000,-997204796.083
1956.000,-997204558.711
1957.000,-997204716.959
1958.000,-997204479.587
1959.000,-997204716.959
1960.000,-997204479.587
1961.000,-997204716.959
1962.000,-997204558.711
1963.000,-997204796.083
1964.000,-997204558.711
1965.000,-997204716.959
1966.000,-997204479.587
1967.000,-997204716.959
1968.000,-997204479.587
1969.000,-997204716.959
1970.000,-997204558.711
1971.000,-997204796.083
1972.000,-997204558.711
1973.000,-997204716.959
1974.000,-997204479.587
1975.000,-997204716.959
1976.000,-997204479.587
1977.000,-997204716.959
1978.000,-997204558.711
1979.000,-997204796.083
1980.000,-997204558.711
1981.000,-997204716.959
1982.000,-997204479.587
1983.000,-997204716.959
1984.000,-997204479.587
1985.000,-997204716.959
1986.000,-997204558.711
1987.000,-997204796.083
1988.000,-997204558.711
1989.000,-997204716.959
1990.000,-997204479.587
1991.000,-997204716.959
1992.000,-997204479.587
1993.000,-997204716.959
1994.000,-997204558.711
1995.000,-997204796.083
1996.000,-997204558.711
1997.000,-997204796.083
1998.000,-997204558.711
1999.000,-997204716.959
2000.000,-997204479.587
2001.000,-997204716.959
2002.000,-997204558.711
2003.000,-997204796.083
2004.000,-997204558.711
2005.000,-997204796.083
2006.000,-997204558.711
2007.000,-997204716.959
2008.000,-997204479.587
2009.000,-997204716.959
2010.000,-997204558.711
2011.000,-997204796.083
2012.000,-997204558.711
2013.000,-997204796.083
2014.000,-997204558.711
2015.000,-997204716.959
2016.000,-997204479.587
2017.000,-997204716.959
2018.000,-997204479.587
2019.000,-997204716.959
2020.000,-997204558.711
2021.000,-997204796.083
2022.000,-997204558.711
2023.000,-997204716.959
2024.000,-997204479.587
2025.000,-997204637.835
2026.000,-997204479.587
2027.000,-997204716.959
2028.000,-997204558.711
2029.000,-997204796.083
2030.000,-997204558.711
2031.000,-997204716.959
2032.000,-997204479.587
2033.000,-997204637.835
2034.000,-997204479.587
2035.000,-997204716.959
2036.000,-997204558.711
2037.000,-997204796.083
2038.000,-997204558.711
2039.000,-997204716.959
2040.000,-997204479.587
2041.000,-997204716.959
2042.000,-997204479.587
2043.000,-997204716.959
2044.000,-997204558.711
2045.000,-997204796.083
2046.000,-997204558.711
2047.000,-997204796.083
2048.000,-997204479.587
2049.000,-997204716.959
2050.000,-997204479.587
2051.000,-997204716.959
2052.000,-997204558.711
2053.000,-997204796.083
2054.000,-997204558.711
2055.000,-997204796.083
2056.000,-997204558.711
2057.000,-997204716.959
2058.000,-997204479.587
2059.000,-997204716.959
2060.000,-997204558.711
2061.000,-997204796.083
2062.000,-997204558.711
2063.000,-997204796.083
2064.000,-997204558.711
2065.000,-997204716.959
2066.000,-997204479.587
2067.000,-997204716.959
2068.000,-997204479.587
2069.000,-997204716.959
2070.000,-997204558.711
2071.000,-997204796.083
2072.000,-997204558.711
2073.000,-997204716.959
2074.000,-997204479.587
2075.000,-997204637.835
2076.000,-997204479.587
2077.000,-997204716.959
2078.000,-997204558.711
2079.000,-997204796.083
2080.000,-997204558.711
2081.000,-997204716.959
2082.000,-997204479.587
2083.000,-997204637.835
2084.000,-997204479.587
2085.000,-997204716.959
2086.000,-997204558.711
2087.000,-997204796.083
2088.000,-997204558.711
2089.000,-997204796.083
2090.000,-997204479.587
2091.000,-997204716.959
2092.000,-997204479.587
2093.000,-997204716.959
2094.000,-997204558.711
2095.000,-997204796.083
2096.000,-997204558.711
2097.000,-997204796.083
2098.000,-997204558.711
2099.000,-997204716.959
2100.000,-997204479.587
2101.000,-997204716.959
2102.000,-997204558.711
2103.000,-997204796.083
2104.000,-997204558.711
2105.000,-997204796.083
2106.000,-997204558.711
2107.000,-997204716.959
2108.000,-997204479.587
2109.000,-997204716.959
2110.000,-997204558.711
2111.000,-997204796.083
2112.000,-997204558.711
2113.000,-997204796.083
2114.000,-997204558.711
2115.000,-997204716.959
2116.000,-997204479.587
2117.000,-997204716.959
2118.000,-997204558.711
2119.000,-997204796.083
2120.000,-997204558.711
2121.000,-997204796.083
2122.000,-997204558.711
2123.000,-997204716.959
2124.000,-997204479.587
2125.000,-997204637.835
2126.000,-997204479.587
2127.000,-997204796.083
2128.000,-997204558.711
2129.000,-997204796.083
2130.000,-997204558.711
2131.000,-997204716.959
2132.000,-997204479.587
2133.000,-997204637.835
2134.000,-997204479.587
2135.000,-997204716.959
2136.000,-997204558.711
2137.000,-997204796.083
2138.000,-997204558.711
2139.000,-997204716.959
2140.000,-997204479.587
2141.000,-997204637.835
2142.000,-997204479.587
2143.000,-997204716.959
2144.000,-997204558.711
2145.000,-997204796.083
2146.000,-997204637.835
2147.000,-997204796.083
2148.000,-997204479.587
2149.000,-997204637.835
2150.000,-997204479.587
2151.000,-997204716.959
2152.000,-997204558.711
2153.000,-997204796.083
2154.000,-997204558.711
2155.000,-997204796.083
2156.000,-997204558.711
2157.000,-997204716.959
2158.000,-997204479.587
2159.000,-997204637.835
2160.000,-997204479.587
2161.000,-997204716.959
2162.000,-997204558.711
2163.000,-997204796.083
2164.000,-997204558.711
2165.000,-997204716.959
2166.000,-997204479.587
2167.000,-997204716.959
2168.000,-997204479.587
2169.000,-997204716.959
2170.000,-997204558.711
2171.000,-997204796.083
2172.000,-997204558.711
2173.000,-997204716.959
2174.000,-997204479.587
2175.000,-997204716.959
2176.000,-997204479.587
2177.000,-997204716.959
2178.000,-997204558.711
2179.000,-997204796.083
2180.000,-997204558.711
2181.000,-997204716.959
2182.000,-997204479.587
2183.000,-997204716.959
2184.000,-997204479.587
2185.000,-997204716.959
2186.000,-997204558.711
2187.000,-997204796.083
2188.000,-997204558.711
2189.000,-997204716.959
2190.000,-997204479.587
2191.000,-997204637.835
2192.000,-997204479.587
2193.000,-997204716.959
2194.000,-997204558.711
2195.000,-997204796.083
2196.000,-997204558.711
2197.000,-997204796.083
2198.000,-997204479.587
2199.000,-997204637.835
2200.000,-997204479.587
2201.000,-997204716.959
2202.000,-997204558.711
2203.000,-997204796.083
2204.000,-997204637.835
2205.000,-997204796.083
2206.000,-997204558.711
2207.000,-997204716.959
2208.000,-997204479.587
2209.000,-997204637.835
2210.000,-997204479.587
2211.000,-997204716.959
2212.000,-997204558.711
2213.000,-997204796.083
2214.000,-997204558.711
2215.000,-997204716.959
2216.000,-997204479.587
2217.000,-997204637.835
2218.000,-997204479.587
2219.000,-997204716.959
2220.000,-997204558.711
2221.000,-997204796.083
2222.000,-997204558.711
2223.000,-997204716.959
2224.000,-997204479.587
2225.000,-997204716.959
2226.000,-997204479.587
2227.000,-997204716.959
2228.000,-997204558.711
2229.000,-997204796.083
2230.000,-997204558.711
2231.000,-997204716.959
2232.000,-997204479.587
2233.000,-997204716.959
2234.000,-997204479.587
2235.000,-997204716.959
2236.000,-997204558.711
2237.000,-997204796.083
2238.000,-997204558.711
2239.000,-997204716.959
2240.000,-997204479.587
2241.000,-997204637.835
2242.000,-997204479.587
2243.000,-997204716.959
2244.000,-997204558.711
2245.000,-997204796.083
2246.000,-997204558.711
2247.000,-997204716.959
2248.000,-997204479.587
2249.000,-997204637.835
2250.000,-997204479.587
2251.000,-997204716.959
2252.000,-997204558.711
2253.000,-997204796.083
2254.000,-997204637.835
2255.000,-997204796.083
2256.000,-997204558.711
2257.000,-997204716.959
2258.000,-997204479.587
2259.000,-997204637.835
2260.000,-997204479.587
2261.000,-997204796.083
2262.000,-997204558.711
2263.000,-997204796.083
2264.000,-997204558.711
2265.000,-997204716.959
2266.000,-997204479.587
2267.000,-997204637.835
2268.000,-997204479.587
2269.000,-997204716.959
2270.000,-997204558.711
2271.000,-997204796.083
2272.000,-997204558.711
2273.000,-997204716.959
2274.000,-997204479.587
2275.000,-997204637.835
2276.000,-997204479.587
2277.000,-997204716.959
2278.000,-997204558.711
2279.000,-997204796.083
2280.000,-997204558.711
2281.000,-997204716.959
2282.000,-997204479.587
2283.000,-997204716.959
2284.000,-997204479.587
2285.000,-997204716.959
2286.000,-997204558.711
2287.000,-997204796.083
2288.000,-997204558.711
2289.000,-997204716.959
2290.000,-997204479.587
2291.000,-997204716.959
2292.000,-997204479.587
2293.000,-997204716.959
2294.000,-997204558.711
2295.000,-997204796.083
2296.000,-997204558.711
2297.000,-997204796.083
2298.000,-997204479.587
2299.000,-997204716.959
2300.000,-997204479.587
2301.000,-997204716.959
2302.000,-997204558.711
2303.000,-997204796.083
2304.000,-997204558.711
2305.000,-997204796.083
2306.000,-997204558.711
2307.000,-997204716.959
2308.000,-997204479.587
2309.000,-997204716.959
2310.000,-997204479.587
2311.000,-997204796.083
2312.000,-997204558.711
2313.000,-997204796.083
2314.000,-997204558.711
2315.000,-997204716.959
2316.000,-997204479.587
2317.000,-997204637.835
2318.000,-997204479.587
2319.000,-997204716.959
2320.000,-997204558.711
2321.000,-997204796.083
2322.000,-997204558.711
2323.000,-997204716.959
2324.000,-997204479.587
2325.000,-997204637.835
2326.000,-997204479.587
2327.000,-997204716.959
2328.000,-997204558.711
2329.000,-997204796.083
2330.000,-997204558.711
2331.000,-997204716.959
2332.000,-997204479.587
2333.000,-997204716.959
2334.000,-997204479.587
2335.000,-997204716.959
2336.000,-997204558.711
2337.000,-997204796.083
2338.000,-997204558.711
2339.000,-997204796.083
2340.000,-997204558.711
2341.000,-997204716.959
2342.000,-997204479.587
2343.000,-997204716.959
2344.000,-997204558.711
2345.000,-997204796.083
2346.000,-997204558.711
2347.000,-997204716.959
2348.000,-997204558.711
2349.000,-997204716.959
2350.000,-997204479.587
2351.000,-997204716.959
2352.000,-997204558.711
2353.000,-997204796.083
2354.000,-997204558.711
2355.000,-997204796.083
2356.000,-997204558.711
2357.000,-997204716.959
2358.000,-997204479.587
2359.000,-997204716.959
2360.000,-997204558.711
2361.000,-997204796.083
2362.000,-997204558.711
2363.000,-997204796.083
2364.000,-997204558.711
2365.000,-997204716.959
2366.000,-997204479.587
2367.000,-997204716.959
2368.000,-997204479.587
2369.000,-997204796.083
2370.000,-997204558.711
2371.000,-997204796.083
2372.000,-997204558.711
2373.000,-997204716.959
2374.000,-997204479.587
2375.000,-997204637.835
2376.000,-997204479.587
2377.000,-997204716.959
2378.000,-997204558.711
2379.000,-997204796.083
2380.000,-997204558.711
2381.000,-997204716.959
2382.000,-997204479.587
2383.000,-997204637.835
2384.000,-997204479.587
2385.000,-997204716.959
2386.000,-997204558.711
2387.000,-997204796.083
2388.000,-997204558.711
2389.000,-997204796.083
2390.000,-997204479.587
2391.000,-997204716.959
2392.000,-997204479.587
2393.000,-997204716.959
2394.000,-997204558.711
2395.000,-997204796.083
2396.000,-997204558.711
2397.000,-997204716.959
2398.000,-997204558.711
2399.000,-997204716.959
2400.000,-997204479.587
2401.000,-997204716.959
2402.000,-997204558.711
2403.000,-997204716.959
2404.000,-997204558.711
2405.000,-997204716.959
2406.000,-997204558.711
2407.000,-997204716.959
2408.000,-997204479.587
2409.000,-997204716.959
2410.000,-997204558.711
2411.000,-997204796.083
2412.000,-997204558.711
2413.000,-997204796.083
2414.000,-997204558.711
2415.000,-997204716.959
2416.000,-997204479.587
2417.000,-997204716.959
2418.000,-997204479.587
2419.000,-997204796.083
2420.000,-997204558.711
2421.000,-997204796.083
2422.000,-997204558.711
2423.000,-997204716.959
2424.000,-997204479.587
2425.000,-997204637.835
2426.000,-997204479.587
2427.000,-997204716.959
2428.000,-997204558.711
2429.000,-997204796.083
2430.000,-997204558.711
2431.000,-997204716.959
2432.000,-997204479.587
2433.000,-997204637.835
2434.000,-997204479.587
2435.000,-997204716.959
2436.000,-997204558.711
2437.000,-997204796.083
2438.000,-997204558.711
2439.000,-997204796.083
2440.000,-997204558.711
2441.000,-997204716.959
2442.000,-997204479.587
2443.000,-997204716.959
2444.000,-997204558.711
2445.000,-997204796.083
2446.000,-997204558.711
2447.000,-997204796.083
2448.000,-997204558.711
2449.000,-997204716.959
2450.000,-997204479.587
2451.000,-997204716.959
2452.000,-997204558.711
2453.000,-997204716.959
2454.000,-997204558.711
2455.000,-997204716.959
2456.000,-997204558.711
2457.000,-997204716.959
2458.000,-997204479.587
2459.000,-997204716.959
2460.000,-997204558.711
2461.000,-997204716.959
2462.000,-997204558.711
2463.000,-997204716.959
2464.000,-997204558.711
2465.000,-997204716.959
2466.000,-997204479.587
2467.000,-997204716.959
2468.000,-997204558.711
2469.000,-997204716.959
2470.000,-997204558.711
2471.000,-997204716.959
2472.000,-997204558.711
2473.000,-997204716.959
2474.000,-997204479.587
2475.000,-997204716.959
2476.000,-997204479.587
2477.000,-997204716.959
2478.000,-997204558.711
2479.000,-997204796.083
2480.000,-997204558.711
2481.000,-997204716.959
2482.000,-997204479.587
2483.000,-997204716.959
2484.000,-997204479.587
2485.000,-997204716.959
2486.000,-997204558.711
2487.000,-997204796.083
2488.000,-997204558.711
2489.000,-997204716.959
2490.000,-997204479.587
2491.000,-997204716.959
2492.000,-997204479.587
2493.000,-997204716.959
2494.000,-997204558.711
2495.000,-997204796.083
2496.000,-997204558.711
2497.000,-997204716.959
2498.000,-997204479.587
2499.000,-997204716.959
2500.000,-997204479.587
2501.000,-997204716.959
2502.000,-997204558.711
2503.000,-997204796.083
2504.000,-997204558.711
2505.000,-997204796.083
2506.000,-997204558.711
2507.000,-997204716.959
2508.000,-997204479.587
2509.000,-997204716.959
2510.000,-997204479.587
2511.000,-997204716.959
2512.000,-997204558.711
2513.000,-997204796.083
2514.000,-997204558.711
2515.000,-997204716.959
2516.000,-997204479.587
2517.000,-997204716.959
2518.000,-997204479.587
2519.000,-997204716.959
2520.000,-997204558.711
2521.000,-997204796.083
2522.000,-997204558.711
2523.000,-997204716.959
2524.000,-997204479.587
2525.000,-997204716.959
2526.000,-997204479.587
2527.000,-997204716.959
2528.000,-997204558.711
2529.000,-997204796.083
2530.000,-997204558.711
2531.000,-997204716.959
2532.000,-997204479.587
2533.000,-997204716.959
2534.000,-997204479.587
2535.000,-997204716.959
2536.000,-997204558.711
2537.000,-997204796.083
2538.000,-997204558.711
2539.000,-997204716.959
2540.000,-997204479.587
2541.000,-997204716.959
2542.000,-997204479.587
2543.000,-997204716.959
2544.000,-997204558.711
2545.000,-997204796.083
2546.000,-997204558.711
2547.000,-997204716.959
2548.000,-997204479.587
2549.000,-997204637.835
2550.000,-997204479.587
2551.000,-997204716.959
2552.000,-997204558.711
2553.000,-997204796.083
2554.000,-997204558.711
2555.000,-997204796.083
2556.000,-997204558.711
2557.000,-997204716.959
2558.000,-997204479.587
2559.000,-997204716.959
2560.000,-997204479.587
2561.000,-997204716.959
2562.000,-997204558.711
2563.000,-997204796.083
2564.000,-997204558.711
2565.000,-997204716.959
2566.000,-997204479.587
2567.000,-997204716.959
2568.000,-997204479.587
2569.000,-997204716.959
2570.000,-997204558.711
2571.000,-997204796.083
2572.000,-997204558.711
2573.000,-997204716.959
2574.000,-997204479.587
2575.000,-997204716.959
2576.000,-997204479.587
2577.000,-997204716.959
2578.000,-997204558.711
2579.000,-997204796.083
2580.000,-997204558.711
2581.000,-997204716.959
2582.000,-997204479.587
2583.000,-997204716.959
2584.000,-997204479.587
2585.000,-997204716.959
2586.000,-997204558.711
2587.000,-997204796.083
2588.000,-997204558.711
2589.000,-997204716.959
2590.000,-997204479.587
2591.000,-997204716.959
2592.000,-997204479.587
2593.000,-997204716.959
2594.000,-997204558.711
2595.000,-997204796.083
2596.000,-997204558.711
2597.000,-997204716.959
2598.000,-997204479.587
2599.000,-997204716.959
2600.000,-997204479.587
2601.000,-997204716.959
2602.000,-997204558.711
2603.000,-997204796.083
2604.000,-997204558.711
2605.000,-997204796.083
2606.000,-997204558.711
2607.000,-997204716.959
2608.000,-997204479.587
2609.000,-997204716.959
2610.000,-997204558.711
2611.000,-997204796.083
2612.000,-997204558.711
2613.000,-997204796.083
2614.000,-997204558.711
2615.000,-997204716.959
2616.000,-997204479.587
2617.000,-997204716.959
2618.000,-997204479.587
2619.000,-997204716.959
2620.000,-997204558.711
2621.000,-997204796.083
2622.000,-997204558.711
2623.000,-997204716.959
2624.000,-997204479.587
2625.000,-997204716.959
2626.000,-997204479.587
2627.000,-997204716.959
2628.000,-997204558.711
2629.000,-997204796.083
2630.000,-997204558.711
2631.000,-997204716.959
2632.000,-997204479.587
2633.000,-997204716.959
2634.000,-997204479.587
2635.000,-997204716.959
2636.000,-997204558.711
2637.000,-997204796.083
2638.000,-997204558.711
2639.000,-997204716.959
2640.000,-997204479.587
2641.000,-997204716.959
2642.000,-997204479.587
2643.000,-997204716.959
2644.000,-997204558.711
2645.000,-997204796.083
2646.000,-997204558.711
2647.000,-997204716.959
2648.000,-997204479.587
2649.000,-997204716.959
2650.000,-997204479.587
2651.000,-997204716.959
2652.000,-997204558.711
2653.000,-997204796.083
2654.000,-997204558.711
2655.000,-997204796.083
2656.000,-997204558.711
2657.000,-997204716.959
2658.000,-997204479.587
2659.000,-997204716.959
2660.000,-997204479.587
2661.000,-997204716.959
2662.000,-997204558.711
2663.000,-997204796.083
2664.000,-997204558.711
2665.000,-997204716.959
2666.000,-997204479.587
2667.000,-997204716.959
2668.000,-997204479.587
2669.000,-997204716.959
2670.000,-997204558.711
2671.000,-997204796.083
2672.000,-997204558.711
2673.000,-997204716.959
2674.000,-997204479.587
2675.000,-997204716.959
2676.000,-997204479.587
2677.000,-997204716.959
2678.000,-997204558.711
2679.000,-997204796.083
2680.000,-997204558.711
2681.000,-997204716.959
2682.000,-997204479.587
2683.000,-997204716.959
2684.000,-997204479.587
2685.000,-997204716.959
2686.000,-997204558.711
2687.000,-997204796.083
2688.000,-997204558.711
2689.000,-997204796.083
2690.000,-997204558.711
2691.000,-997204716.959
2692.000,-997204479.587
2693.000,-997204716.959
2694.000,-997204558.711
2695.000,-997204796.083
2696.000,-997204558.711
2697.000,-997204796.083
2698.000,-997204558.711
2699.000,-997204716.959
2700.000,-997204479.587
2701.000,-997204716.959
2702.000,-997204558.711
2703.000,-997204716.959
2704.000,-997204558.711
2705.000,-997204796.083
2706.000,-997204558.711
2707.000,-997204716.959
2708.000,-997204479.587
2709.000,-997204716.959
2710.000,-997204479.587
2711.000,-997204716.959
2712.000,-997204558.711
2713.000,-997204796.083
2714.000,-997204558.711
2715.000,-997204716.959
2716.000,-997204479.587
2717.000,-997204716.959
2718.000,-997204479.587
2719.000,-997204716.959
2720.000,-997204558.711
2721.000,-997204796.083
2722.000,-997204558.711
2723.000,-997204716.959
2724.000,-997204479.587
2725.000,-997204716.959
2726.000,-997204479.587
2727.000,-997204716.959
2728.000,-997204558.711
2729.000,-997204796.083
2730.000,-997204558.711
2731.000,-997204716.959
2732.000,-997204479.587
2733.000,-997204716.959
2734.000,-997204479.587
2735.000,-997204716.959
2736.000,-997204558.711
2737.000,-997204796.083
2738.000,-997204558.711
2739.000,-997204716.959
2740.000,-997204558.711
2741.000,-997204716.959
2742.000,-997204479.587
2743.000,-997204716.959
2744.000,-997204558.711
2745.000,-997204796.083
2746.000,-997204558.711
2747.000,-997204796.083
2748.000,-997204558.711
2749.000,-997204716.959
2750.000,-997204479.587
2751.000,-997204716.959
2752.000,-997204558.711
2753.000,-997204716.959
2754.000,-997204558.711
2755.000,-997204796.083
2756.000,-997204558.711
2757.000,-997204716.959
2758.000,-997204479.587
2759.000,-997204716.959
2760.000,-997204479.587
2761.000,-997204716.959
2762.000,-997204558.711
2763.000,-997204796.083
2764.000,-997204558.711
2765.000,-997204716.959
2766.000,-997204479.587
2767.000,-997204716.959
2768.000,-997204479.587
2769.000,-997204716.959
2770.000,-997204558.711
2771.000,-997204796.083
2772.000,-997204558.711
2773.000,-997204716.959
2774.000,-997204479.587
2775.000,-997204716.959
2776.000,-997204479.587
2777.000,-997204716.959
2778.000,-997204558.711
2779.000,-997204796.083
2780.000,-997204558.711
2781.000,-997204716.959
2782.000,-997204479.587
2783.000,-997204637.835
2784.000,-997204479.587
2785.000,-997204716.959
2786.000,-997204558.711
2787.000,-997204796.083
2788.000,-997204558.711
2789.000,-997204796.083
2790.000,-997204558.711
2791.000,-997204716.959
2792.000,-997204479.587
2793.000,-997204716.959
2794.000,-997204558.711
2795.000,-997204796.083
2796.000,-997204558.711
2797.000,-997204796.083
2798.000,-997204558.711
2799.000,-997204716.959
2800.000,-997204479.587
2801.000,-997204716.959
2802.000,-997204479.587
2803.000,-997204716.959
2804.000,-997204558.711
2805.000,-997204796.083
2806.000,-997204558.711
2807.000,-997204716.959
2808.000,-997204479.587
2809.000,-997204716.959
2810.000,-997204479.587
2811.000,-997204716.959
2812.000,-997204558.711
2813.000,-997204796.083
2814.000,-997204558.711
2815.000,-997204716.959
2816.000,-997204479.587
2817.000,-997204716.959
2818.000,-997204479.587
2819.000,-997204716.959
2820.000,-997204558.711
2821.000,-997204796.083
2822.000,-997204558.711
2823.000,-997204716.959
2824.000,-997204479.587
2825.000,-997204716.959
2826.000,-997204479.587
2827.000,-997204716.959
2828.000,-997204558.711
2829.000,-997204796.083
2830.000,-997204558.711
2831.000,-997204716.959
2832.000,-997204479.587
2833.000,-997204716.959
2834.000,-997204479.587
2835.000,-997204716.959
2836.000,-997204558.711
2837.000,-997204796.083
2838.000,-997204558.711
2839.000,-997204716.959
2840.000,-997204558.711
2841.000,-997204716.959
2842.000,-997204479.587
2843.000,-997204716.959
2844.000,-997204558.711
2845.000,-997204796.083
2846.000,-997204558.711
2847.000,-997204796.083
2848.000,-997204558.711
2849.000,-997204716.959
2850.000,-997204479.587
2851.000,-997204716.959
2852.000,-997204558.711
2853.000,-997204716.959
2854.000,-997204558.711
2855.000,-997204796.083
2856.000,-997204558.711
2857.000,-997204716.959
2858.000,-997204479.587
2859.000,-997204716.959
2860.000,-997204479.587
2861.000,-997204716.959
2862.000,-997204558.711
2863.000,-997204796.083
2864.000,-997204558.711
2865.000,-997204716.959
2866.000,-997204479.587
2867.000,-997204716.959
2868.000,-997204479.587
2869.000,-997204716.959
2870.000,-997204558.711
2871.000,-997204796.083
2872.000,-997204558.711
2873.000,-997204716.959
2874.000,-997204479.587
2875.000,-997204716.959
2876.000,-997204479.587
2877.000,-997204716.959
2878.000,-997204558.711
2879.000,-997204796.083
2880.000,-997204558.711
2881.000,-997204716.959
2882.000,-997204558.711
2883.000,-997204716.959
2884.000,-997204479.587
2885.000,-997204716.959
2886.000,-997204558.711
2887.000,-997204796.083
2888.000,-997204558.711
2889.000,-997204716.959
2890.000,-997204558.711
2891.000,-997204716.959
2892.000,-997204479.587
2893.000,-997204716.959
2894.000,-997204558.711
2895.000,-997204716.959
2896.000,-997204558.711
2897.000,-997204716.959
2898.000,-997204558.711
2899.000,-997204716.959
2900.000,-997204479.587
2901.000,-997204716.959
2902.000,-997204558.711
2903.000,-997204796.083
2904.000,-997204558.711
2905.000,-997204796.083
2906.000,-997204558.711
2907.000,-997204716.959
2908.000,-997204479.587
2909.000,-997204716.959
2910.000,-997204558.711
2911.000,-997204796.083
2912.000,-997204558.711
2913.000,-997204796.083
2914.000,-997204558.711
2915.000,-997204716.959
2916.000,-997204479.587
2917.000,-997204637.835
2918.000,-997204479.587
2919.000,-997204716.959
2920.000,-997204558.711
2921.000,-997204796.083
2922.000,-997204558.711
2923.000,-997204716.959
2924.000,-997204479.587
2925.000,-997204637.835
2926.000,-997204479.587
2927.000,-997204716.959
2928.000,-997204558.711
2929.000,-997204796.083
2930.000,-997204558.711
2931.000,-997204796.083
2932.000,-997204558.711
2933.000,-997204716.959
2934.000,-997204479.587
2935.000,-997204716.959
2936.000,-997204558.711
2937.000,-997204796.083
2938.000,-997204558.711
2939.000,-997204796.083
2940.000,-997204558.711
2941.000,-997204716.959
2942.000,-997204479.587
2943.000,-997204716.959
2944.000,-997204558.711
2945.000,-997204716.959
2946.000,-997204558.711
2947.000,-997204796.083
2948.000,-997204558.711
2949.000,-997204716.959
2950.000,-997204479.587
2951.000,-997204716.959
2952.000,-997204479.587
2953.000,-997204716.959
2954.000,-997204558.711
2955.000,-997204796.083
2956.000,-997204558.711
2957.000,-997204716.959
2958.000,-997204479.587
2959.000,-997204716.959
2960.000,-997204479.587
2961.000,-997204716.959
2962.000,-997204558.711
2963.000,-997204796.083
2964.000,-997204558.711
2965.000,-997204716.959
2966.000,-997204479.587
2967.000,-997204716.959
2968.000,-997204479.587
2969.000,-997204716.959
2970.000,-997204558.711
2971.000,-997204796.083
2972.000,-997204558.711
2973.000,-997204716.959
2974.000,-997204479.587
2975.000,-997204716.959
2976.000,-997204479.587
2977.000,-997204716.959
2978.000,-997204558.711
2979.000,-997204796.083
2980.000,-997204558.711
2981.000,-997204716.959
2982.000,-997204479.587
2983.000,-997204716.959
2984.000,-997204479.587
2985.000,-997204716.959
2986.000,-997204558.711
2987.000,-997204796.083
2988.000,-997204558.711
2989.000,-997204796.083
2990.000,-997204558.711
2991.000,-997204716.959
2992.000,-997204479.587
2993.000,-997204716.959
2994.000,-997204558.711
2995.000,-997204796.083
2996.000,-997204558.711
2997.000,-997204796.083
2998.000,-997204558.711
2999.000,-997204716.959
3000.000,-997204479.587
3001.000,-997204716.959
3002.000,-997204558.711
3003.000,-997204796.083
3004.000,-997204558.711
3005.000,-997204796.083
3006.000,-997204558.711
3007.000,-997204716.959
3008.000,-997204479.587
3009.000,-997204716.959
3010.000,-997204479.587
3011.000,-997204716.959
3012.000,-997204558.711
3013.000,-997204796.083
3014.000,-997204558.711
3015.000,-997204716.959
3016.000,-997204479.587
3017.000,-997204716.959
3018.000,-997204479.587
3019.000,-997204716.959
3020.000,-997204558.711
3021.000,-997204796.083
3022.000,-997204558.711
3023.000,-997204716.959
3024.000,-997204479.587
3025.000,-997204716.959
3026.000,-997204479.587
3027.000,-997204716.959
3028.000,-997204558.711
3029.000,-997204796.083
3030.000,-997204558.711
3031.000,-997204716.959
3032.000,-997204479.587
3033.000,-997204637.835
3034.000,-997204479.587
3035.000,-997204716.959
3036.000,-997204558.711
3037.000,-997204796.083
3038.000,-997204558.711
3039.000,-997204796.083
3040.000,-997204479.587
3041.000,-997204637.835
3042.000,-997204479.587
3043.000,-997204716.959
3044.000,-997204558.711
3045.000,-997204796.083
3046.000,-997204637.835
3047.000,-997204796.083
3048.000,-997204558.711
3049.000,-997204716.959
3050.000,-997204479.587
3051.000,-997204716.959
3052.000,-997204558.711
3053.000,-997204796.083
3054.000,-997204558.711
3055.000,-997204796.083
3056.000,-997204558.711
3057.000,-997204716.959
3058.000,-997204479.587
3059.000,-997204637.835
3060.000,-997204479.587
3061.000,-997204716.959
3062.000,-997204558.711
3063.000,-997204796.083
3064.000,-997204558.711
3065.000,-997204716.959
3066.000,-997204479.587
3067.000,-997204716.959
3068.000,-997204479.587
3069.000,-997204716.959
3070.000,-997204558.711
3071.000,-997204796.083
3072.000,-997204558.711
3073.000,-997204716.959
3074.000,-997204479.587
3075.000,-997204716.959
3076.000,-997204479.587
3077.000,-997204716.959
3078.000,-997204558.711
3079.000,-997204796.083
3080.000,-997204558.711
3081.000,-997204716.959
3082.000,-997204479.587
3083.000,-997204716.959
3084.000,-997204479.587
3085.000,-997204716.959
3086.000,-997204558.711
3087.000,-997204796.083
3088.000,-997204558.711
3089.000,-997204796.083
3090.000,-997204479.587
3091.000,-997204637.835
3092.000,-997204479.587
3093.000,-997204716.959
3094.000,-997204558.711
3095.000,-997204796.083
3096.000,-997204637.835
3097.000,-997204796.083
3098.000,-997204558.711
3099.000,-997204716.959
3100.000,-997204479.587
3101.000,-997204716.959
3102.000,-997204479.587
3103.000,-997204796.083
3104.000,-997204558.711
3105.000,-997204796.083
3106.000,-997204558.711
3107.000,-997204716.959
3108.000,-997204479.587
3109.000,-997204637.835
3110.000,-997204479.587
3111.000,-997204716.959
3112.000,-997204558.711
3113.000,-997204796.083
3114.000,-997204558.711
3115.000,-997204716.959
3116.000,-997204479.587
3117.000,-997204716.959
3118.000,-997204479.587
3119.000,-997204716.959
3120.000,-997204558.711
3121.000,-997204796.083
3122.000,-997204558.711
3123.000,-997204716.959
3124.000,-997204479.587
3125.000,-997204716.959
3126.000,-997204479.587
3127.000,-997204716.959
3128.000,-997204558.711
3129.000,-997204796.083
3130.000,-997204558.711
3131.000,-997204716.959
3132.000,-997204479.587
3133.000,-997204716.959
3134.000,-997204479.587
3135.000,-997204716.959
3136.000,-997204558.711
3137.000,-997204796.083
3138.000,-997204558.711
3139.000,-997204716.959
3140.000,-997204479.587
3141.000,-997204637.835
3142.000,-997204479.587
3143.000,-997204716.959
3144.000,-997204558.711
3145.000,-997204796.083
3146.000,-997204637.835
3147.000,-997204796.083
3148.000,-997204558.711
3149.000,-997204716.959
3150.000,-997204479.587
3151.000,-997204716.959
3152.000,-997204558.711
3153.000,-997204796.083
3154.000,-997204637.835
3155.000,-997204796.083
3156.000,-997204558.711
3157.000,-997204716.959
3158.000,-997204479.587
3159.000,-997204637.835
3160.000,-997204479.587
3161.000,-997204716.959
3162.000,-997204558.711
3163.000,-997204796.083
3164.000,-997204558.711
3165.000,-997204716.959
3166.000,-997204479.587
3167.000,-997204637.835
3168.000,-997204479.587
3169.000,-997204716.959
3170.000,-997204558.711
3171.000,-997204796.083
3172.000,-997204558.711
3173.000,-997204716.959
3174.000,-997204479.587
3175.000,-997204637.835
3176.000,-997204479.587
3177.000,-997204716.959
3178.000,-997204558.711
3179.000,-997204796.083
3180.000,-997204558.711
3181.000,-997204716.959
3182.000,-997204479.587
3183.000,-997204716.959
3184.000,-997204479.587
3185.000,-997204716.959
3186.000,-997204558.711
3187.000,-997204796.083
3188.000,-997204558.711
3189.000,-997204796.083
3190.000,-997204558.711
3191.000,-997204716.959
3192.000,-997204479.587
3193.000,-997204716.959
3194.000,-997204558.711
3195.000,-997204796.083
3196.000,-997204558.711
3197.000,-997204796.083
3198.000,-997204558.711
3199.000,-997204716.959
3200.000,-997204479.587
3201.000,-997204716.959
3202.000,-997204558.711
3203.000,-997204796.083
3204.000,-997204558.711
3205.000,-997204796.083
3206.000,-997204558.711
3207.000,-997204716.959
3208.000,-997204479.587
3209.000,-997204637.835
3210.000,-997204479.587
3211.000,-997204716.959
3212.000,-997204558.711
3213.000,-997204796.083
3214.000,-997204558.711
3215.000,-997204716.959
3216.000,-997204479.587
3217.000,-997204637.835
3218.000,-997204479.587
3219.000,-997204716.959
3220.000,-997204558.711
3221.000,-997204796.083
3222.000,-997204558.711
3223.000,-997204716.959
3224.000,-997204479.587
3225.000,-997204637.835
3226.000,-997204479.587
3227.000,-997204716.959
3228.000,-997204558.711
3229.000,-997204796.083
3230.000,-997204558.711
3231.000,-997204796.083
3232.000,-997204558.711
3233.000,-997204716.959
3234.000,-997204479.587
3235.000,-997204716.959
3236.000,-997204558.711
3237.000,-997204796.083
3238.000,-997204558.711
3239.000,-997204796.083
3240.000,-997204558.711
3241.000,-997204716.959
3242.000,-997204479.587
3243.000,-997204716.959
3244.000,-997204558.711
3245.000,-997204796.083
3246.000,-997204558.711
3247.000,-997204716.959
3248.000,-997204558.711
3249.000,-997204716.959
3250.000,-997204479.587
3251.000,-997204716.959
3252.000,-997204558.711
3253.000,-997204796.083
3254.000,-997204558.711
3255.000,-997204796.083
3256.000,-997204558.711
3257.000,-997204716.959
3258.000,-997204479.587
3259.000,-997204716.959
3260.000,-997204558.711
3261.000,-997204796.083
3262.000,-997204558.711
3263.000,-997204796.083
3264.000,-997204558.711
3265.000,-997204716.959
3266.000,-997204479.587
3267.000,-997204637.835
3268.000,-997204479.587
3269.000,-997204716.959
3270.000,-997204558.711
3271.000,-997204796.083
3272.000,-997204558.711
3273.000,-997204716.959
3274.000,-997204479.587
3275.000,-997204637.835
3276.000,-997204479.587
3277.000,-997204716.959
3278.000,-997204558.711
3279.000,-997204796.083
3280.000,-997204637.835
3281.000,-997204716.959
3282.000,-997204479.587
3283.000,-997204637.835
3284.000,-997204479.587
3285.000,-997204716.959
3286.000,-997204558.711
3287.000,-997204796.083
3288.000,-997204637.835
3289.000,-997204796.083
3290.000,-997204558.711
3291.000,-997204716.959
3292.000,-997204479.587
3293.000,-997204716.959
3294.000,-997204479.587
3295.000,-997204796.083
3296.000,-997204558.711
3297.000,-997204796.083
3298.000,-997204558.711
3299.000,-997204716.959
3300.000,-997204479.587
3301.000,-997204716.959
3302.000,-997204558.711
3303.000,-997204716.959
3304.000,-997204558.711
3305.000,-997204796.083
3306.000,-997204558.711
3307.000,-997204716.959
3308.000,-997204479.587
3309.000,-997204716.959
3310.000,-997204558.711
3311.000,-997204716.959
3312.000,-997204558.711
3313.000,-997204796.083
3314.000,-997204558.711
3315.000,-997204716.959
3316.000,-997204479.587
3317.000,-997204716.959
3318.000,-997204479.587
3319.000,-997204716.959
3320.000,-997204558.711
3321.000,-997204796.083
3322.000,-997204558.711
3323.000,-997204716.959
3324.000,-997204479.587
3325.000,-997204637.835
3326.000,-997204479.587
3327.000,-997204716.959
3328.000,-997204558.711
3329.000,-997204796.083
3330.000,-997204558.711
3331.000,-997204716.959
3332.000,-997204479.587
3333.000,-997204637.835
3334.000,-997204479.587
3335.000,-997204716.959
3336.000,-997204558.711
3337.000,-997204796.083
3338.000,-997204558.711
3339.000,-997204796.083
3340.000,-997204558.711
3341.000,-997204716.959
3342.000,-997204479.587
3343.000,-997204716.959
3344.000,-997204558.711
3345.000,-997204796.083
3346.000,-997204558.711
3347.000,-997204796.083
3348.000,-997204558.711
3349.000,-997204716.959
3350.000,-997204479.587
3351.000,-997204716.959
3352.000,-997204558.711
3353.000,-997204716.959
3354.000,-997204558.711
3355.000,-997204716.959
3356.000,-997204558.711
3357.000,-997204716.959
3358.000,-997204479.587
3359.000,-997204716.959
3360.000,-997204558.711
3361.000,-997204716.959
3362.000,-997204558.711
3363.000,-997204796.083
3364.000,-997204558.711
3365.000,-997204716.959
3366.000,-997204479.587
3367.000,-997204716.959
3368.000,-997204479.587
3369.000,-997204716.959
3370.000,-997204558.711
3371.000,-997204796.083
3372.000,-997204558.711
3373.000,-997204716.959
3374.000,-997204479.587
3375.000,-997204716.959
3376.000,-997204479.587
3377.000,-997204716.959
3378.000,-997204558.711
3379.000,-997204796.083
3380.000,-997204558.711
3381.000,-997204716.959
3382.000,-997204479.587
3383.000,-997204637.835
3384.000,-997204479.587
3385.000,-997204716.959
3386.000,-997204558.711
3387.000,-997204796.083
3388.000,-997204558.711
3389.000,-997204716.959
3390.000,-997204479.587
3391.000,-997204637.835
3392.000,-997204479.587
3393.000,-997204716.959
3394.000,-997204558.711
3395.000,-997204796.083
3396.000,-997204558.711
3397.000,-997204796.083
3398.000,-997204558.711
3399.000,-997204716.959
3400.000,-997204479.587
3401.000,-997204716.959
3402.000,-997204558.711
3403.000,-997204796.083
3404.000,-997204558.711
3405.000,-997204796.083
3406.000,-997204558.711
3407.000,-997204716.959
3408.000,-997204479.587
3409.000,-997204716.959
3410.000,-997204558.711
3411.000,-997204716.959
3412.000,-997204558.711
3413.000,-997204796.083
3414.000,-997204558.711
3415.000,-997204716.959
3416.000,-997204479.587
3417.000,-997204716.959
3418.000,-997204479.587
3419.000,-997204716.959
3420.000,-997204558.711
3421.000,-997204796.083
3422.000,-997204558.711
3423.000,-997204716.959
3424.000,-997204479.587
3425.000,-997204716.959
3426.000,-997204479.587
3427.000,-997204716.959
3428.000,-997204558.711
3429.000,-997204796.083
3430.000,-997204558.711
3431.000,-997204716.959
3432.000,-997204479.587
3433.000,-997204637.835
3434.000,-997204479.587
3435.000,-997204716.959
3436.000,-997204558.711
3437.000,-997204796.083
3438.000,-997204558.711
3439.000,-997204716.959
3440.000,-997204479.587
3441.000,-997204637.835
3442.000,-997204479.587
3443.000,-997204716.959
3444.000,-997204558.711
3445.000,-997204796.083
3446.000,-997204637.835
3447.000,-997204796.083
3448.000,-997204558.711
3449.000,-997204716.959
3450.000,-997204479.587
3451.000,-997204637.835
3452.000,-997204558.711
3453.000,-997204796.083
3454.000,-997204558.711
3455.000,-997204796.083
3456.000,-997204558.711
3457.000,-997204716.959
3458.000,-997204479.587
3459.000,-997204637.835
3460.000,-997204479.587
3461.000,-997204716.959
3462.000,-997204558.711
3463.000,-997204796.083
3464.000,-997204558.711
3465.000,-997204716.959
3466.000,-997204479.587
3467.000,-997204716.959
3468.000,-997204479.587
3469.000,-997204716.959
3470.000,-997204558.711
3471.000,-997204796.083
3472.000,-997204558.711
3473.000,-997204716.959
3474.000,-997204479.587
3475.000,-997204716.959
3476.000,-997204479.587
3477.000,-997204716.959
3478.000,-997204558.711
3479.000,-997204796.083
3480.000,-997204558.711
3481.000,-997204716.959
3482.000,-997204479.587
3483.000,-997204716.959
3484.000,-997204479.587
3485.000,-997204716.959
3486.000,-997204558.711
3487.000,-997204796.083
3488.000,-997204558.711
3489.000,-997204716.959
3490.000,-997204479.587
3491.000,-997204637.835
3492.000,-997204479.587
3493.000,-997204716.959
3494.000,-997204558.711
3495.000,-997204796.083
3496.000,-997204558.711
3497.000,-997204716.959
3498.000,-997204479.587
3499.000,-997204637.835
3500.000,-997204479.587
3501.000,-997204716.959
3502.000,-997204558.711
3503.000,-997204796.083
3504.000,-997204637.835
3505.000,-997204796.083
3506.000,-997204558.711
3507.000,-997204716.959
3508.000,-997204479.587
3509.000,-997204637.835
3510.000,-997204479.587
3511.000,-997204796.083
3512.000,-997204558.711
3513.000,-997204796.083
3514.000,-997204558.711
3515.000,-997204716.959
3516.000,-997204479.587
3517.000,-997204637.835
3518.000,-997204479.587
3519.000,-997204716.959
3520.000,-997204558.711
3521.000,-997204796.083
3522.000,-997204558.711
3523.000,-997204716.959
3524.000,-997204479.587
3525.000,-997204637.835
3526.000,-997204479.587
3527.000,-997204716.959
3528.000,-997204558.711
3529.000,-997204796.083
3530.000,-997204558.711
3531.000,-997204716.959
3532.000,-997204479.587
3533.000,-997204637.835
3534.000,-997204479.587
3535.000,-997204716.959
3536.000,-997204558.711
3537.000,-997204796.083
3538.000,-997204558.711
3539.000,-997204716.959
3540.000,-997204479.587
3541.000,-997204637.835
3542.000,-997204479.587
3543.000,-997204716.959
3544.000,-997204558.711
3545.000,-997204796.083
3546.000,-997204558.711
3547.000,-997204716.959
3548.000,-997204479.587
3549.000,-997204637.835
3550.000,-997204479.587
3551.000,-997204716.959
3552.000,-997204558.711
3553.000,-997204796.083
3554.000,-997204637.835
3555.000,-997204796.083
3556.000,-997204558.711
3557.000,-997204716.959
3558.000,-997204479.587
3559.000,-997204637.835
3560.000,-997204479.587
3561.000,-997204796.083
3562.000,-997204558.711
3563.000,-997204796.083
3564.000,-997204558.711
3565.000,-997204716.959
3566.000,-997204479.587
3567.000,-997204637.835
3568.000,-997204479.587
3569.000,-997204716.959
3570.000,-997204558.711
3571.000,-997204796.083
3572.000,-997204558.711
3573.000,-997204716.959
3574.000,-997204479.587
3575.000,-997204637.835
3576.000,-997204479.587
3577.000,-997204716.959
3578.000,-997204558.711
3579.000,-997204796.083
3580.000,-997204558.711
3581.000,-997204716.959
3582.000,-997204479.587
3583.000,-997204637.835
3584.000,-997204479.587
3585.000,-997204716.959
3586.000,-997204558.711
3587.000,-997204796.083
3588.000,-997204558.711
3589.000,-997204796.083
3590.000,-997204558.711
3591.000,-997204716.959
3592.000,-997204479.587
3593.000,-997204716.959
3594.000,-997204558.711
3595.000,-997204796.083
3596.000,-997204558.711
3597.000,-997204796.083
3598.000,-997204558.711
3599.000,-997204716.959
3600.000,-997204479.587
3601.000,-997204716.959
3602.000,-997204558.711
3603.000,-997204796.083
3604.000,-997204558.711
3605.000,-997204796.083
3606.000,-997204558.711
3607.000,-997204716.959
3608.000,-997204479.587
3609.000,-997204716.959
3610.000,-997204558.711
3611.000,-997204716.959
3612.000,-997204558.711
3613.000,-997204796.083
3614.000,-997204558.711
3615.000,-997204716.959
3616.000,-997204479.587
3617.000,-997204716.959
3618.000,-997204558.711
3619.000,-997204796.083
3620.000,-997204558.711
3621.000,-997204796.083
3622.000,-997204558.711
3623.000,-997204716.959
3624.000,-997204479.587
3625.000,-997204637.835
3626.000,-997204479.587
3627.000,-997204716.959
3628.000,-997204558.711
3629.000,-997204796.083
3630.000,-997204558.711
3631.000,-997204716.959
3632.000,-997204479.587
3633.000,-997204637.835
3634.000,-997204479.587
3635.000,-997204716.959
3636.000,-997204558.711
3637.000,-997204796.083
3638.000,-997204558.711
3639.000,-997204796.083
3640.000,-997204479.587
3641.000,-997204716.959
3642.000,-997204479.587
3643.000,-997204716.959
3644.000,-997204558.711
3645.000,-997204796.083
3646.000,-997204558.711
3647.000,-997204796.083
3648.000,-997204558.711
3649.000,-997204716.959
3650.000,-997204479.587
3651.000,-997204716.959
3652.000,-997204558.711
3653.000,-997204716.959
3654.000,-997204558.711
3655.000,-997204796.083
3656.000,-997204558.711
3657.000,-997204716.959
3658.000,-997204479.587
3659.000,-997204716.959
3660.000,-997204558.711
3661.000,-997204716.959
3662.000,-997204558.711
3663.000,-997204796.083
3664.000,-997204558.711
3665.000,-997204716.959
3666.000,-997204479.587
3667.000,-997204716.959
3668.000,-997204479.587
3669.000,-997204716.959
3670.000,-997204558.711
3671.000,-997204796.083
3672.000,-997204558.711
3673.000,-997204716.959
3674.000,-997204479.587
3675.000,-997204637.835
3676.000,-997204479.587
3677.000,-997204716.959
3678.000,-997204558.711
3679.000,-997204796.083
3680.000,-997204558.711
3681.000,-997204716.959
3682.000,-997204479.587
3683.000,-997204637.835
3684.000,-997204479.587
3685.000,-997204716.959
3686.000,-997204558.711
3687.000,-997204796.083
3688.000,-997204558.711
3689.000,-997204716.959
3690.000,-997204479.587
3691.000,-997204716.959
3692.000,-997204479.587
3693.000,-997204716.959
3694.000,-997204558.711
3695.000,-997204796.083
3696.000,-997204558.711
3697.000,-997204796.083
3698.000,-997204558.711
3699.000,-997204716.959
3700.000,-997204479.587
3701.000,-997204716.959
3702.000,-997204558.711
3703.000,-997204716.959
3704.000,-997204558.711
3705.000,-997204796.083
3706.000,-997204558.711
3707.000,-997204716.959
3708.000,-997204479.587
3709.000,-997204716.959
3710.000,-997204479.587
3711.000,-997204716.959
3712.000,-997204558.711
3713.000,-997204796.083
3714.000,-997204558.711
3715.000,-997204716.959
3716.000,-997204479.587
3717.000,-997204716.959
3718.000,-997204479.587
3719.000,-997204716.959
3720.000,-997204558.711
3721.000,-997204796.083
3722.000,-997204558.711
3723.000,-997204716.959
3724.000,-997204479.587
3725.000,-997204716.959
3726.000,-997204479.587
3727.000,-997204716.959
3728.000,-997204558.711
3729.000,-997204796.083
3730.000,-997204558.711
3731.000,-997204716.959
3732.000,-997204479.587
3733.000,-997204716.959
3734.000,-997204479.587
3735.000,-997204716.959
3736.000,-997204558.711
3737.000,-997204796.083
3738.000,-997204558.711
3739.000,-997204716.959
3740.000,-997204558.711
3741.000,-997204716.959
3742.000,-997204479.587
3743.000,-997204716.959
3744.000,-997204558.711
3745.000,-997204796.083
3746.000,-997204558.711
3747.000,-997204716.959
3748.000,-997204558.711
3749.000,-997204716.959
3750.000,-997204479.587
3751.000,-997204716.959
3752.000,-997204558.711
3753.000,-997204796.083
3754.000,-997204558.711
3755.000,-997204796.083
3756.000,-997204558.711
3757.000,-997204716.959
3758.000,-997204479.587
3759.000,-997204716.959
3760.000,-997204558.711
3761.000,-997204716.959
3762.000,-997204558.711
3763.000,-997204796.083
3764.000,-997204558.711
3765.000,-997204716.959
3766.000,-997204479.587
3767.000,-997204716.959
3768.000,-997204479.587
3769.000,-997204716.959
3770.000,-997204558.711
3771.000,-997204796.083
3772.000,-997204558.711
3773.000,-997204716.959
3774.000,-997204479.587
3775.000,-997204716.959
3776.000,-997204479.587
3777.000,-997204716.959
3778.000,-997204558.711
3779.000,-997204796.083
3780.000,-997204558.711
3781.000,-997204716.959
3782.000,-997204479.587
3783.000,-997204716.959
3784.000,-997204479.587
3785.000,-997204716.959
3786.000,-997204558.711
3787.000,-997204796.083
3788.000,-997204558.711
3789.000,-997204716.959
3790.000,-997204479.587
3791.000,-997204716.959
3792.000,-997204479.587
3793.000,-997204716.959
3794.000,-997204558.711
3795.000,-997204796.083
3796.000,-997204558.711
3797.000,-997204716.959
3798.000,-997204558.711
3799.000,-997204716.959
3800.000,-997204479.587
3801.000,-997204716.959
3802.000,-997204558.711
3803.000,-997204796.083
3804.000,-997204558.711
3805.000,-997204796.083
3806.000,-997204558.711
3807.000,-997204716.959
3808.000,-997204479.587
3809.000,-997204716.959
3810.000,-997204558.711
3811.000,-997204716.959
3812.000,-997204558.711
3813.000,-997204796.083
3814.000,-997204558.711
3815.000,-997204716.959
3816.000,-997204479.587
3817.000,-997204716.959
3818.000,-997204479.587
3819.000,-997204716.959
3820.000,-997204558.711
3821.000,-997204796.083
3822.000,-997204558.711
3823.000,-997204716.959
3824.000,-997204479.587
3825.000,-997204716.959
3826.000,-997204479.587
3827.000,-997204716.959
3828.000,-997204558.711
3829.000,-997204796.083
3830.000,-997204558.711
3831.000,-997204716.959
3832.000,-997204558.711
3833.000,-997204716.959
3834.000,-997204479.587
3835.000,-997204716.959
3836.000,-997204558.711
3837.000,-997204716.959
3838.000,-997204558.711
3839.000,-997204716.959
3840.000,-997204558.711
3841.000,-997204716.959
3842.000,-997204479.587
3843.000,-997204716.959
3844.000,-997204558.711
3845.000,-997204796.083
3846.000,-997204558.711
3847.000,-997204716.959
3848.000,-997204558.711
3849.000,-997204716.959
3850.000,-997204479.587
3851.000,-997204716.959
3852.000,-997204558.711
3853.000,-997204796.083
3854.000,-997204558.711
3855.000,-997204716.959
3856.000,-997204558.711
3857.000,-997204716.959
3858.000,-997204479.587
3859.000,-997204716.959
3860.000,-997204558.711
3861.000,-997204716.959
3862.000,-997204558.711
3863.000,-997204796.083
3864.000,-997204558.711
3865.000,-997204716.959
3866.000,-997204479.587
3867.000,-997204716.959
3868.000,-997204479.587
3869.000,-997204716.959
3870.000,-997204558.711
3871.000,-997204796.083
3872.000,-997204558.711
3873.000,-997204716.959
3874.000,-997204479.587
3875.000,-997204716.959
3876.000,-997204479.587
3877.000,-997204716.959
3878.000,-997204558.711
3879.000,-997204796.083
3880.000,-997204558.711
3881.000,-997204716.959
3882.000,-997204479.587
3883.000,-997204716.959
3884.000,-997204479.587
3885.000,-997204716.959
3886.000,-997204558.711
3887.000,-997204796.083
3888.000,-997204558.711
3889.000,-997204716.959
3890.000,-997204558.711
3891.000,-997204716.959
3892.000,-997204479.587
3893.000,-997204716.959
3894.000,-997204558.711
3895.000,-997204716.959
3896.000,-997204558.711
3897.000,-997204716.959
3898.000,-997204558.711
3899.000,-997204716.959
3900.000,-997204479.587
3901.000,-997204716.959
3902.000,-997204558.711
3903.000,-997204716.959
3904.000,-997204558.711
3905.000,-997204796.083
3906.000,-997204558.711
3907.000,-997204716.959
3908.000,-997204479.587
3909.000,-997204716.959
3910.000,-997204558.711
3911.000,-997204716.959
3912.000,-997204558.711
3913.000,-997204796.083
3914.000,-997204558.711
3915.000,-997204716.959
3916.000,-997204479.587
3917.000,-997204716.959
3918.000,-997204558.711
3919.000,-997204716.959
3920.000,-997204558.711
3921.000,-997204796.083
3922.000,-997204558.711
3923.000,-997204716.959
3924.000,-997204479.587
3925.000,-997204716.959
3926.000,-997204479.587
3927.000,-997204716.959
3928.000,-997204558.711
3929.000,-997204796.083
3930.000,-997204558.711
3931.000,-997204716.959
3932.000,-997204479.587
3933.000,-997204637.835
3934.000,-997204479.587
3935.000,-997204716.959
3936.000,-997204558.711
3937.000,-997204796.083
3938.000,-997204558.711
3939.000,-997204716.959
3940.000,-997204479.587
3941.000,-997204637.835
3942.000,-997204479.587
3943.000,-997204716.959
3944.000,-997204558.711
3945.000,-997204796.083
3946.000,-997204558.711
3947.000,-997204796.083
3948.000,-997204558.711
3949.000,-997204716.959
3950.000,-997204479.587
3951.000,-997204716.959
3952.000,-997204479.587
3953.000,-997204716.959
3954.000,-997204558.711
3955.000,-997204796.083
3956.000,-997204558.711
3957.000,-997204716.959
3958.000,-997204479.587
3959.000,-997204716.959
3960.000,-997204479.587
3961.000,-997204716.959
3962.000,-997204558.711
3963.000,-997204796.083
3964.000,-997204558.711
3965.000,-997204716.959
3966.000,-997204479.587
3967.000,-997204716.959
3968.000,-997204479.587
3969.000,-997204716.959
3970.000,-997204558.711
3971.000,-997204716.959
3972.000,-997204558.711
3973.000,-997204716.959
3974.000,-997204479.587
3975.000,-997204716.959
3976.000,-997204558.711
3977.000,-997204716.959
3978.000,-997204558.711
3979.000,-997204796.083
3980.000,-997204558.711
3981.000,-997204716.959
3982.000,-997204479.587
3983.000,-997204716.959
3984.000,-997204479.587
3985.000,-997204716.959
3986.000,-997204558.711
3987.000,-997204796.083
3988.000,-997204558.711
3989.000,-997204716.959
3990.000,-997204479.587
3991.000,-997204637.835
3992.000,-997204479.587
3993.000,-997204716.959
3994.000,-997204558.711
3995.000,-997204796.083
3996.000,-997204558.711
3997.000,-997204796.083
3998.000,-997204558.711
3999.000,-997204716.959
4000.000,-997204479.587
4001.000,-997204716.959
4002.000,-997204558.711
4003.000,-997204716.959
4004.000,-997204558.711
4005.000,-997204796.083
4006.000,-997204558.711
4007.000,-997204716.959
4008.000,-997204479.587
4009.000,-997204716.959
4010.000,-997204479.587
4011.000,-997204716.959
4012.000,-997204558.711
4013.000,-997204796.083
4014.000,-997204558.711
4015.000,-997204716.959
4016.000,-997204479.587
4017.000,-997204716.959
4018.000,-997204479.587
4019.000,-997204716.959
4020.000,-997204558.711
4021.000,-997204796.083
4022.000,-997204558.711
4023.000,-997204716.959
4024.000,-997204479.587
4025.000,-997204716.959
4026.000,-997204479.587
4027.000,-997204716.959
4028.000,-997204558.711
4029.000,-997204796.083
4030.000,-997204558.711
4031.000,-997204716.959
4032.000,-997204479.587
4033.000,-997204716.959
4034.000,-997204479.587
4035.000,-997204716.959
4036.000,-997204558.711
4037.000,-997204796.083
4038.000,-997204558.711
4039.000,-997204716.959
4040.000,-997204479.587
4041.000,-997204637.835
4042.000,-997204479.587
4043.000,-997204716.959
4044.000,-997204558.711
4045.000,-997204796.083
4046.000,-997204558.711
4047.000,-997204796.083
4048.000,-997204558.711
4049.000,-997204637.835
4050.000,-997204479.587
4051.000,-997204716.959
4052.000,-997204558.711
4053.000,-997204796.083
4054.000,-997204637.835
4055.000,-997204796.083
4056.000,-997204558.711
4057.000,-997204716.959
4058.000,-997204479.587
4059.000,-997204637.835
4060.000,-997204479.587
4061.000,-997204716.959
4062.000,-997204558.711
4063.000,-997204796.083
4064.000,-997204558.711
4065.000,-997204716.959
4066.000,-997204479.587
4067.000,-997204637.835
4068.000,-997204479.587
4069.000,-997204716.959
4070.000,-997204558.711
4071.000,-997204796.083
4072.000,-997204558.711
4073.000,-997204716.959
4074.000,-997204479.587
4075.000,-997204637.835
4076.000,-997204479.587
4077.000,-997204716.959
4078.000,-997204558.711
4079.000,-997204796.083
4080.000,-997204558.711
4081.000,-997204796.083
4082.000,-997204558.711
4083.000,-997204716.959
4084.000,-997204479.587
4085.000,-997204716.959
4086.000,-997204558.711
4087.000,-997204716.959
4088.000,-997204558.711
4089.000,-997204716.959
4090.000,-997204558.711
4091.000,-997204716.959
4092.000,-997204479.587
4093.000,-997204716.959
4094.000,-997204558.711
4095.000,-997204716.959
4096.000,-997204558.711
4097.000,-997204716.959
4098.000,-997204558.711
4099.000,-997204716.959
4100.000,-997204479.587
4101.000,-997204716.959
4102.000,-997204558.711
4103.000,-997204716.959
4104.000,-997204558.711
4105.000,-997204796.083
4106.000,-997204558.711
4107.000,-997204716.959
4108.000,-997204479.587
4109.000,-997204716.959
4110.000,-997204479.587
4111.000,-997204716.959
4112.000,-997204558.711
4113.000,-997204796.083
4114.000,-997204558.711
4115.000,-997204716.959
4116.000,-997204479.587
4117.000,-997204637.835
4118.000,-997204479.587
4119.000,-997204716.959
4120.000,-997204558.711
4121.000,-997204796.083
4122.000,-997204558.711
4123.000,-997204716.959
4124.000,-997204479.587
4125.000,-997204637.835
4126.000,-997204479.587
4127.000,-997204716.959
4128.000,-997204558.711
4129.000,-997204796.083
4130.000,-997204558.711
4131.000,-997204716.959
4132.000,-997204558.711
4133.000,-997204716.959
4134.000,-997204479.587
4135.000,-997204716.959
4136.000,-997204558.711
4137.000,-997204716.959
4138.000,-997204558.711
4139.000,-997204716.959
4140.000,-997204558.711
4141.000,-997204716.959
4142.000,-997204479.587
4143.000,-997204716.959
4144.000,-997204558.711
4145.000,-997204716.959
4146.000,-997204558.711
4147.000,-997204716.959
4148.000,-997204558.711
4149.000,-997204716.959
4150.000,-997204479.587
4151.000,-997204716.959
4152.000,-997204558.711
4153.000,-997204796.083
4154.000,-997204558.711
4155.000,-997204796.083
4156.000,-997204558.711
4157.000,-997204716.959
4158.000,-997204479.587
4159.000,-997204716.959
4160.000,-997204479.587
4161.000,-997204716.959
4162.000,-997204558.711
4163.000,-997204796.083
4164.000,-997204558.711
4165.000,-997204716.959
4166.000,-997204479.587
4167.000,-997204637.835
4168.000,-997204479.587
4169.000,-997204716.959
4170.000,-997204558.711
4171.000,-997204796.083
4172.000,-997204558.711
4173.000,-997204716.959
4174.000,-997204479.587
4175.000,-997204637.835
4176.000,-997204479.587
4177.000,-997204716.959
4178.000,-997204558.711
4179.000,-997204796.083
4180.000,-997204637.835
4181.000,-997204796.083
4182.000,-997204558.711
4183.000,-997204716.959
4184.000,-997204479.587
4185.000,-997204716.959
4186.000,-997204558.711
4187.000,-997204716.959
4188.000,-997204558.711
4189.000,-997204796.083
4190.000,-997204558.711
4191.000,-997204716.959
4192.000,-997204479.587
4193.000,-997204716.959
4194.000,-997204558.711
4195.000,-997204716.959
4196.000,-997204558.711
4197.000,-997204716.959
4198.000,-997204558.711
4199.000,-997204716.959
4200.000,-997204479.587
4201.000,-997204716.959
4202.000,-997204558.711
4203.000,-997204716.959
4204.000,-997204558.711
4205.000,-997204796.083
4206.000,-997204558.711
4207.000,-997204716.959
4208.000,-997204479.587
4209.000,-997204716.959
4210.000,-997204558.711
4211.000,-997204716.959
4212.000,-997204558.711
4213.000,-997204796.083
4214.000,-997204558.711
4215.000,-997204716.959
4216.000,-997204479.587
4217.000,-997204637.835
4218.000,-997204479.587
4219.000,-997204716.959
4220.000,-997204558.711
4221.000,-997204796.083
4222.000,-997204558.711
4223.000,-997204716.959
4224.000,-997204479.587
4225.000,-997204637.835
4226.000,-997204479.587
4227.000,-997204716.959
4228.000,-997204558.711
4229.000,-997204796.083
4230.000,-997204558.711
4231.000,-997204796.083
4232.000,-997204558.711
4233.000,-997204637.835
4234.000,-997204479.587
4235.000,-997204716.959
4236.000,-997204558.711
4237.000,-997204796.083
4238.000,-997204558.711
4239.000,-997204796.083
4240.000,-997204558.711
4241.000,-997204716.959
4242.000,-997204479.587
4243.000,-997204716.959
4244.000,-997204479.587
4245.000,-997204716.959
4246.000,-997204558.711
4247.000,-997204796.083
4248.000,-997204558.711
4249.000,-997204716.959
4250.000,-997204479.587
4251.000,-997204716.959
4252.000,-997204479.587
4253.000,-997204716.959
4254.000,-997204558.711
4255.000,-997204716.959
4256.000,-997204558.711
4257.000,-997204716.959
4258.000,-997204479.587
4259.000,-997204716.959
4260.000,-997204558.711
4261.000,-997204716.959
4262.000,-997204558.711
4263.000,-997204716.959
4264.000,-997204558.711
4265.000,-997204716.959
4266.000,-997204479.587
4267.000,-997204716.959
4268.000,-997204558.711
4269.000,-997204716.959
4270.000,-997204558.711
4271.000,-997204796.083
4272.000,-997204558.711
4273.000,-997204716.959
4274.000,-997204479.587
4275.000,-997204716.959
4276.000,-997204479.587
4277.000,-997204716.959
4278.000,-997204558.711
4279.000,-997204796.083
4280.000,-997204558.711
4281.000,-997204716.959
4282.000,-997204479.587
4283.000,-997204637.835
4284.000,-997204479.587
4285.000,-997204716.959
4286.000,-997204558.711
4287.000,-997204796.083
4288.000,-997204637.835
4289.000,-997204796.083
4290.000,-997204479.587
4291.000,-997204637.835
4292.000,-997204479.587
4293.000,-997204716.959
4294.000,-997204558.711
4295.000,-997204796.083
4296.000,-997204637.835
4297.000,-997204796.083
4298.000,-997204558.711
4299.000,-997204716.959
4300.000,-997204479.587
4301.000,-997204637.835
4302.000,-997204479.587
4303.000,-997204716.959
4304.000,-997204558.711
4305.000,-997204796.083
4306.000,-997204558.711
4307.000,-997204716.959
4308.000,-997204479.587
4309.000,-997204637.835
4310.000,-997204479.587
4311.000,-997204716.959
4312.000,-997204558.711
4313.000,-997204796.083
4314.000,-997204558.711
4315.000,-997204716.959
4316.000,-997204479.587
4317.000,-997204716.959
4318.000,-997204479.587
4319.000,-997204716.959
4320.000,-997204558.711
4321.000,-997204796.083
4322.000,-997204558.711
4323.000,-997204716.959
4324.000,-997204479.587
4325.000,-997204716.959
4326.000,-997204479.587
4327.000,-997204716.959
4328.000,-997204558.711
4329.000,-997204796.083
4330.000,-997204558.711
4331.000,-997204716.959
4332.000,-997204479.587
4333.000,-997204637.835
4334.000,-997204479.587
4335.000,-997204716.959
4336.000,-997204558.711
4337.000,-997204796.083
4338.000,-997204558.711
4339.000,-997204716.959
4340.000,-997204479.587
4341.000,-997204637.835
4342.000,-997204479.587
4343.000,-997204716.959
4344.000,-997204558.711
4345.000,-997204796.083
4346.000,-997204637.835
4347.000,-997204796.083
4348.000,-997204558.711
4349.000,-997204716.959
4350.000,-997204479.587
4351.000,-997204637.835
4352.000,-997204479.587
4353.000,-997204716.959
4354.000,-997204558.711
4355.000,-997204796.083
4356.000,-997204558.711
4357.000,-997204716.959
4358.000,-997204479.587
4359.000,-997204637.835
4360.000,-997204479.587
4361.000,-997204716.959
4362.000,-997204558.711
4363.000,-997204796.083
4364.000,-997204558.711
4365.000,-997204716.959
4366.000,-997204479.587
4367.000,-997204716.959
4368.000,-997204479.587
4369.000,-997204716.959
4370.000,-997204558.711
4371.000,-997204796.083
4372.000,-997204558.711
4373.000,-997204716.959
4374.000,-997204479.587
4375.000,-997204716.959
4376.000,-997204479.587
4377.000,-997204716.959
4378.000,-997204558.711
4379.000,-997204796.083
4380.000,-997204558.711
4381.000,-997204716.959
4382.000,-997204479.587
4383.000,-997204716.959
4384.000,-997204479.587
4385.000,-997204716.959
4386.000,-997204558.711
4387.000,-997204796.083
4388.000,-997204558.711
4389.000,-997204716.959
4390.000,-997204479.587
4391.000,-997204637.835
4392.000,-997204479.587
4393.000,-997204716.959
4394.000,-997204558.711
4395.000,-997204796.083
4396.000,-997204637.835
4397.000,-997204796.083
4398.000,-997204558.711
4399.000,-997204637.835
4400.000,-997204479.587
4401.000,-997204637.835
4402.000,-997204558.711
4403.000,-997204796.083
4404.000,-997204637.835
4405.000,-997204796.083
4406.000,-997204558.711
4407.000,-997204716.959
4408.000,-997204479.587
4409.000,-997204637.835
4410.000,-997204479.587
4411.000,-997204716.959
4412.000,-997204558.711
4413.000,-997204796.083
4414.000,-997204558.711
4415.000,-997204716.959
4416.000,-997204479.587
4417.000,-997204637.835
4418.000,-997204479.587
4419.000,-997204716.959
4420.000,-997204558.711
4421.000,-997204796.083
4422.000,-997204558.711
4423.000,-997204716.959
4424.000,-997204479.587
4425.000,-997204637.835
4426.000,-997204479.587
4427.000,-997204716.959
4428.000,-997204558.711
4429.000,-997204796.083
4430.000,-997204558.711
4431.000,-997204716.959
4432.000,-997204479.587
4433.000,-997204637.835
4434.000,-997204479.587
4435.000,-997204716.959
4436.000,-997204558.711
4437.000,-997204796.083
4438.000,-997204558.711
4439.000,-997204716.959
4440.000,-997204558.711
4441.000,-997204637.835
4442.000,-997204479.587
4443.000,-997204716.959
4444.000,-997204558.711
4445.000,-997204796.083
4446.000,-997204558.711
4447.000,-997204796.083
4448.000,-997204558.711
4449.000,-997204716.959
4450.000,-997204479.587
4451.000,-997204637.835
4452.000,-997204558.711
4453.000,-997204796.083
4454.000,-997204558.711
4455.000,-997204796.083
4456.000,-997204558.711
4457.000,-997204716.959
4458.000,-997204479.587
4459.000,-997204637.835
4460.000,-997204479.587
4461.000,-997204716.959
4462.000,-997204558.711
4463.000,-997204796.083
4464.000,-997204558.711
4465.000,-997204716.959
4466.000,-997204479.587
4467.000,-997204637.835
4468.000,-997204479.587
4469.000,-997204716.959
4470.000,-997204558.711
4471.000,-997204796.083
4472.000,-997204558.711
4473.000,-997204716.959
4474.000,-997204479.587
4475.000,-997204637.835
4476.000,-997204479.587
4477.000,-997204716.959
4478.000,-997204558.711
4479.000,-997204796.083
4480.000,-997204558.711
4481.000,-997204716.959
4482.000,-997204479.587
4483.000,-997204637.835
4484.000,-997204479.587
4485.000,-997204716.959
4486.000,-997204558.711
4487.000,-997204796.083
4488.000,-997204558.711
4489.000,-997204796.083
4490.000,-997204558.711
4491.000,-997204716.959
4492.000,-997204479.587
4493.000,-997204716.959
4494.000,-997204558.711
4495.000,-997204796.083
4496.000,-997204558.711
4497.000,-997204796.083
4498.000,-997204558.711
4499.000,-997204716.959
4500.000,-997204479.587
4501.000,-997204716.959
4502.000,-997204558.711
4503.000,-997204796.083
4504.000,-997204558.711
4505.000,-997204796.083
4506.000,-997204558.711
4507.000,-997204716.959
4508.000,-997204479.587
4509.000,-997204637.835
4510.000,-997204479.587
4511.000,-997204716.959
4512.000,-997204558.711
4513.000,-997204796.083
4514.000,-997204558.711
4515.000,-997204716.959
4516.000,-997204479.587
4517.000,-997204637.835
4518.000,-997204479.587
4519.000,-997204716.959
4520.000,-997204558.711
4521.000,-997204796.083
4522.000,-997204558.711
4523.000,-997204716.959
4524.000,-997204479.587
4525.000,-997204637.835
4526.000,-997204479.587
4527.000,-997204716.959
4528.000,-997204558.711
4529.000,-997204796.083
4530.000,-997204558.711
4531.000,-997204716.959
4532.000,-997204479.587
4533.000,-997204637.835
4534.000,-997204479.587
4535.000,-997204716.959
4536.000,-997204558.711
4537.000,-997204796.083
4538.000,-997204558.711
4539.000,-997204796.083
4540.000,-997204558.711
4541.000,-997204716.959
4542.000,-997204479.587
4543.000,-997204716.959
4544.000,-997204558.711
4545.000,-997204796.083
4546.000,-997204558.711
4547.000,-997204796.083
4548.000,-997204558.711
4549.000,-997204716.959
4550.000,-997204479.587
4551.000,-997204716.959
4552.000,-997204558.711
4553.000,-997204796.083
4554.000,-997204558.711
4555.000,-997204796.083
4556.000,-997204558.711
4557.000,-997204716.959
4558.000,-997204479.587
4559.000,-997204637.835
4560.000,-997204479.587
4561.000,-997204716.959
4562.000,-997204558.711
4563.000,-997204796.083
4564.000,-997204558.711
4565.000,-997204716.959
4566.000,-997204479.587
4567.000,-997204637.835
4568.000,-997204479.587
4569.000,-997204716.959
4570.000,-997204558.711
4571.000,-997204796.083
4572.000,-997204558.711
4573.000,-997204716.959
4574.000,-997204479.587
4575.000,-997204637.835
4576.000,-997204479.587
4577.000,-997204716.959
4578.000,-997204558.711
4579.000,-997204796.083
4580.000,-997204637.835
4581.000,-997204716.959
4582.000,-997204479.587
4583.000,-997204637.835
4584.000,-997204479.587
4585.000,-997204716.959
4586.000,-997204558.711
4587.000,-997204796.083
4588.000,-997204637.835
4589.000,-997204796.083
4590.000,-997204558.711
4591.000,-997204716.959
4592.000,-997204479.587
4593.000,-997204716.959
4594.000,-997204558.711
4595.000,-997204796.083
4596.000,-997204558.711
4597.000,-997204796.083
4598.000,-997204558.711
4599.000,-997204716.959
4600.000,-997204479.587
4601.000,-997204716.959
4602.000,-997204558.711
4603.000,-997204716.959
4604.000,-997204558.711
4605.000,-997204796.083
4606.000,-997204558.711
4607.000,-997204716.959
4608.000,-997204479.587
4609.000,-997204716.959
4610.000,-997204479.587
4611.000,-997204716.959
4612.000,-997204558.711
4613.000,-997204796.083
4614.000,-997204558.711
4615.000,-997204716.959
4616.000,-997204479.587
4617.000,-997204716.959
4618.000,-997204479.587
4619.000,-997204716.959
4620.000,-997204558.711
4621.000,-997204796.083
4622.000,-997204558.711
4623.000,-997204716.959
4624.000,-997204479.587
4625.000,-997204637.835
4626.000,-997204479.587
4627.000,-997204716.959
4628.000,-997204558.711
4629.000,-997204796.083
4630.000,-997204558.711
4631.000,-997204716.959
4632.000,-997204479.587
4633.000,-997204637.835
4634.000,-997204479.587
4635.000,-997204716.959
4636.000,-997204558.711
4637.000,-997204796.083
4638.000,-997204558.711
4639.000,-997204716.959
4640.000,-997204479.587
4641.000,-997204637.835
4642.000,-997204479.587
4643.000,-997204716.959
4644.000,-997204558.711
4645.000,-997204796.083
4646.000,-997204558.711
4647.000,-997204796.083
4648.000,-997204558.711
4649.000,-997204716.959
4650.000,-997204479.587
4651.000,-997204716.959
4652.000,-997204558.711
4653.000,-997204796.083
4654.000,-997204558.711
4655.000,-997204796.083
4656.000,-997204558.711
4657.000,-997204716.959
4658.000,-997204479.587
4659.000,-997204637.835
4660.000,-997204479.587
4661.000,-997204716.959
4662.000,-997204558.711
4663.000,-997204796.083
4664.000,-997204558.711
4665.000,-997204716.959
4666.000,-997204479.587
4667.000,-997204637.835
4668.000,-997204479.587
4669.000,-997204716.959
4670.000,-997204558.711
4671.000,-997204796.083
4672.000,-997204558.711
4673.000,-997204716.959
4674.000,-997204479.587
4675.000,-997204716.959
4676.000,-997204479.587
4677.000,-997204716.959
4678.000,-997204558.711
4679.000,-997204796.083
4680.000,-997204558.711
4681.000,-997204716.959
4682.000,-997204479.587
4683.000,-997204716.959
4684.000,-997204479.587
4685.000,-997204716.959
4686.000,-997204558.711
4687.000,-997204796.083
4688.000,-997204558.711
4689.000,-997204716.959
4690.000,-997204479.587
4691.000,-997204637.835
4692.000,-997204479.587
4693.000,-997204716.959
4694.000,-997204558.711
4695.000,-997204796.083
4696.000,-997204558.711
4697.000,-997204716.959
4698.000,-997204558.711
4699.000,-997204637.835
4700.000,-997204479.587
4701.000,-997204716.959
4702.000,-997204558.711
4703.000,-997204796.083
4704.000,-997204637.835
4705.000,-997204796.083
4706.000,-997204558.711
4707.000,-997204716.959
4708.000,-997204479.587
4709.000,-997204637.835
4710.000,-997204558.711
4711.000,-997204716.959
4712.000,-997204558.711
4713.000,-997204796.083
4714.000,-997204558.711
4715.000,-997204716.959
4716.000,-997204479.587
4717.000,-997204637.835
4718.000,-997204479.587
4719.000,-997204716.959
4720.000,-997204558.711
4721.000,-997204796.083
4722.000,-997204558.711
4723.000,-997204716.959
4724.000,-997204479.587
4725.000,-997204637.835
4726.000,-997204479.587
4727.000,-997204716.959
4728.000,-997204558.711
4729.000,-997204796.083
4730.000,-997204558.711
4731.000,-997204716.959
4732.000,-997204558.711
4733.000,-997204716.959
4734.000,-997204479.587
4735.000,-997204716.959
4736.000,-997204558.711
4737.000,-997204796.083
4738.000,-997204558.711
4739.000,-997204716.959
4740.000,-997204558.711
4741.000,-997204716.959
4742.000,-997204479.587
4743.000,-997204716.959
4744.000,-997204558.711
4745.000,-997204796.083
4746.000,-997204558.711
4747.000,-997204716.959
4748.000,-997204558.711
4749.000,-997204716.959
4750.000,-997204479.587
4751.000,-997204716.959
4752.000,-997204558.711
4753.000,-997204796.083
4754.000,-997204558.711
4755.000,-997204716.959
4756.000,-997204558.711
4757.000,-997204716.959
4758.000,-997204479.587
4759.000,-997204716.959
4760.000,-997204558.711
4761.000,-997204716.959
4762.000,-997204558.711
4763.000,-997204796.083
4764.000,-997204558.711
4765.000,-997204716.959
4766.000,-997204479.587
4767.000,-997204716.959
4768.000,-997204558.711
4769.000,-997204716.959
4770.000,-997204558.711
4771.000,-997204796.083
4772.000,-997204558.711
4773.000,-997204716.959
4774.000,-997204479.587
4775.000,-997204637.835
4776.000,-997204479.587
4777.000,-997204716.959
4778.000,-997204558.711
4779.000,-997204796.083
4780.000,-997204558.711
4781.000,-997204716.959
4782.000,-997204479.587
4783.000,-997204637.835
4784.000,-997204479.587
4785.000,-997204716.959
4786.000,-997204558.711
4787.000,-997204796.083
4788.000,-997204558.711
4789.000,-997204716.959
4790.000,-997204479.587
4791.000,-997204716.959
4792.000,-997204479.587
4793.000,-997204716.959
4794.000,-997204558.711
4795.000,-997204796.083
4796.000,-997204558.711
4797.000,-997204716.959
4798.000,-997204558.711
4799.000,-997204716.959
4800.000,-997204479.587
4801.000,-997204716.959
4802.000,-997204558.711
4803.000,-997204796.083
4804.000,-997204558.711
4805.000,-997204796.083
4806.000,-997204558.711
4807.000,-997204716.959
4808.000,-997204479.587
4809.000,-997204716.959
4810.000,-997204558.711
4811.000,-997204716.959
4812.000,-997204558.711
4813.000,-997204796.083
4814.000,-997204558.711
4815.000,-997204716.959
4816.000,-997204479.587
4817.000,-997204716.959
4818.000,-997204558.711
4819.000,-997204716.959
4820.000,-997204558.711
4821.000,-997204796.083
4822.000,-997204558.711
4823.000,-997204716.959
4824.000,-997204479.587
4825.000,-997204637.835
4826.000,-997204479.587
4827.000,-997204716.959
4828.000,-997204558.711
4829.000,-997204796.083
4830.000,-997204558.711
4831.000,-997204716.959
4832.000,-997204479.587
4833.000,-997204637.835
4834.000,-997204479.587
4835.000,-997204716.959
4836.000,-997204558.711
4837.000,-997204796.083
4838.000,-997204558.711
4839.000,-997204716.959
4840.000,-997204479.587
4841.000,-997204637.835
4842.000,-997204479.587
4843.000,-997204716.959
4844.000,-997204558.711
4845.000,-997204796.083
4846.000,-997204558.711
4847.000,-997204796.083
4848.000,-997204558.711
4849.000,-997204716.959
4850.000,-997204479.587
4851.000,-997204716.959
4852.000,-997204558.711
4853.000,-997204716.959
4854.000,-997204558.711
4855.000,-997204796.083
4856.000,-997204558.711
4857.000,-997204716.959
4858.000,-997204479.587
4859.000,-997204716.959
4860.000,-997204558.711
4861.000,-997204716.959
4862.000,-997204558.711
4863.000,-997204796.083
4864.000,-997204558.711
4865.000,-997204716.959
4866.000,-997204479.587
4867.000,-997204716.959
4868.000,-997204558.711
4869.000,-997204716.959
4870.000,-997204558.711
4871.000,-997204796.083
4872.000,-997204558.711
4873.000,-997204716.959
4874.000,-997204479.587
4875.000,-997204716.959
4876.000,-997204479.587
4877.000,-997204716.959
4878.000,-997204558.711
4879.000,-997204796.083
4880.000,-997204558.711
4881.000,-997204716.959
4882.000,-997204479.587
4883.000,-997204637.835
4884.000,-997204479.587
4885.000,-997204716.959
4886.000,-997204558.711
4887.000,-997204796.083
4888.000,-997204558.711
4889.000,-997204716.959
4890.000,-997204479.587
4891.000,-997204637.835
4892.000,-997204479.587
4893.000,-997204716.959
4894.000,-997204558.711
4895.000,-997204796.083
4896.000,-997204558.711
4897.000,-997204716.959
4898.000,-997204558.711
4899.000,-997204716.959
4900.000,-997204479.587
4901.000,-997204716.959
4902.000,-997204558.711
4903.000,-997204796.083
4904.000,-997204558.711
4905.000,-997204796.083
4906.000,-997204558.711
4907.000,-997204716.959
4908.000,-997204479.587
4909.000,-997204716.959
4910.000,-997204558.711
4911.000,-997204716.959
4912.000,-997204558.711
4913.000,-997204796.083
4914.000,-997204558.711
4915.000,-997204716.959
4916.000,-997204479.587
4917.000,-997204637.835
4918.000,-997204479.587
4919.000,-997204716.959
4920.000,-997204558.711
4921.000,-997204796.083
4922.000,-997204558.711
4923.000,-997204716.959
4924.000,-997204479.587
4925.000,-997204637.835
4926.000,-997204479.587
4927.000,-997204716.959
4928.000,-997204558.711
4929.000,-997204796.083
4930.000,-997204558.711
4931.000,-997204716.959
4932.000,-997204479.587
4933.000,-997204637.835
4934.000,-997204479.587
4935.000,-997204716.959
4936.000,-997204558.711
4937.000,-997204796.083
4938.000,-997204558.711
4939.000,-997204716.959
4940.000,-997204479.587
4941.000,-997204637.835
4942.000,-997204479.587
4943.000,-997204716.959
4944.000,-997204558.711
4945.000,-997204796.083
4946.000,-997204558.711
4947.000,-997204796.083
4948.000,-997204558.711
4949.000,-997204716.959
4950.000,-997204479.587
4951.000,-997204716.959
4952.000,-997204558.711
4953.000,-997204796.083
4954.000,-997204558.711
4955.000,-997204796.083
4956.000,-997204558.711
4957.000,-997204716.959
4958.000,-997204479.587
4959.000,-997204637.835
4960.000,-997204479.587
4961.000,-997204716.959
4962.000,-997204558.711
4963.000,-997204796.083
4964.000,-997204558.711
4965.000,-997204716.959
4966.000,-997204479.587
4967.000,-997204637.835
4968.000,-997204479.587
4969.000,-997204716.959
4970.000,-997204558.711
4971.000,-997204796.083
4972.000,-997204558.711
4973.000,-997204716.959
4974.000,-997204479.587
4975.000,-997204637.835
4976.000,-997204479.587
4977.000,-997204716.959
4978.000,-997204558.711
4979.000,-997204796.083
4980.000,-997204558.711
4981.000,-997204716.959
4982.000,-997204479.587
4983.000,-997204716.959
4984.000,-997204479.587
4985.000,-997204716.959
4986.000,-997204558.711
4987.000,-997204796.083
4988.000,-997204558.711
4989.000,-997204716.959
4990.000,-997204479.587
4991.000,-997204637.835
4992.000,-997204479.587
4993.000,-997204716.959
4994.000,-997204558.711
4995.000,-997204796.083
4996.000,-997204558.711
4997.000,-997204716.959
4998.000,-997204558.711
4999.000,-997204637.835
5000.000,-997204479.587
5001.000,-997204716.959
5002.000,-997204558.711
5003.000,-997204796.083
5004.000,-997204637.835
5005.000,-997204796.083
5006.000,-997204558.711
5007.000,-997204716.959
5008.000,-997204479.587
5009.000,-997204637.835
5010.000,-997204558.711
5011.000,-997204716.959
5012.000,-997204558.711
5013.000,-997204796.083
5014.000,-997204558.711
5015.000,-997204716.959
5016.000,-997204479.587
5017.000,-997204637.835
5018.000,-997204479.587
5019.000,-997204716.959
5020.000,-997204558.711
5021.000,-997204796.083
5022.000,-997204558.711
5023.000,-997204716.959
5024.000,-997204479.587
5025.000,-997204637.835
5026.000,-997204479.587
5027.000,-997204716.959
5028.000,-997204558.711
5029.000,-997204796.083
5030.000,-997204558.711
5031.000,-997204716.959
5032.000,-997204558.711
5033.000,-997204716.959
5034.000,-997204479.587
5035.000,-997204716.959
5036.000,-997204558.711
5037.000,-997204716.959
5038.000,-997204558.711
5039.000,-997204716.959
5040.000,-997204558.711
5041.000,-997204716.959
5042.000,-997204479.587
5043.000,-997204716.959
5044.000,-997204558.711
5045.000,-997204796.083
5046.000,-997204558.711
5047.000,-997204716.959
5048.000,-997204479.587
5049.000,-997204716.959
5050.000,-997204479.587
5051.000,-997204716.959
5052.000,-997204558.711
5053.000,-997204796.083
5054.000,-997204558.711
5055.000,-997204796.083
5056.000,-997204558.711
5057.000,-997204716.959
5058.000,-997204479.587
5059.000,-997204637.835
5060.000,-997204558.711
5061.000,-997204796.083
5062.000,-997204637.835
5063.000,-997204796.083
5064.000,-997204558.711
5065.000,-997204716.959
5066.000,-997204479.587
5067.000,-997204637.835
5068.000,-997204479.587
5069.000,-997204716.959
5070.000,-997204558.711
5071.000,-997204796.083
5072.000,-997204558.711
5073.000,-997204716.959
5074.000,-997204479.587
5075.000,-997204637.835
5076.000,-997204479.587
5077.000,-997204716.959
5078.000,-997204558.711
5079.000,-997204796.083
5080.000,-997204558.711
5081.000,-997204716.959
5082.000,-997204558.711
5083.000,-997204716.959
5084.000,-997204479.587
5085.000,-997204716.959
5086.000,-997204558.711
5087.000,-997204716.959
5088.000,-997204558.711
5089.000,-997204796.083
5090.000,-997204558.711
5091.000,-997204716.959
5092.000,-997204479.587
5093.000,-997204716.959
5094.000,-997204558.711
5095.000,-997204716.959
5096.000,-997204558.711
5097.000,-997204716.959
5098.000,-997204558.711
5099.000,-997204716.959
5100.000,-997204479.587
5101.000,-997204716.959
5102.000,-997204558.711
5103.000,-997204716.959
5104.000,-997204558.711
5105.000,-997204716.959
5106.000,-997204558.711
5107.000,-997204716.959
5108.000,-997204479.587
5109.000,-997204716.959
5110.000,-997204558.711
5111.000,-997204716.959
5112.000,-997204558.711
5113.000,-997204796.083
5114.000,-997204558.711
5115.000,-997204716.959
5116.000,-997204479.587
5117.000,-997204716.959
5118.000,-997204479.587
5119.000,-997204716.959
5120.000,-997204558.711
5121.000,-997204796.083
5122.000,-997204558.711
5123.000,-997204716.959
5124.000,-997204479.587
5125.000,-997204716.959
5126.000,-997204479.587
5127.000,-997204716.959
5128.000,-997204558.711
5129.000,-997204796.083
5130.000,-997204558.711
5131.000,-997204716.959
5132.000,-997204479.587
5133.000,-997204716.959
5134.000,-997204479.587
5135.000,-997204716.959
5136.000,-997204558.711
5137.000,-997204796.083
5138.000,-997204558.711
5139.000,-997204716.959
5140.000,-997204558.711
5141.000,-997204716.959
5142.000,-997204479.587
5143.000,-997204716.959
5144.000,-997204558.711
5145.000,-997204716.959
5146.000,-997204558.711
5147.000,-997204716.959
5148.000,-997204558.711
5149.000,-997204716.959
5150.000,-997204479.587
5151.000,-997204716.959
5152.000,-997204558.711
5153.000,-997204716.959
5154.000,-997204558.711
5155.000,-997204716.959
5156.000,-997204558.711
5157.000,-997204716.959
5158.000,-997204479.587
5159.000,-997204716.959
5160.000,-997204558.711
5161.000,-997204716.959
5162.000,-997204558.711
5163.000,-997204716.959
5164.000,-997204558.711
5165.000,-997204716.959
5166.000,-997204479.587
5167.000,-997204716.959
5168.000,-997204558.711
5169.000,-997204716.959
5170.000,-997204558.711
5171.000,-997204716.959
5172.000,-997204558.711
5173.000,-997204716.959
5174.000,-997204479.587
5175.000,-997204637.835
5176.000,-997204479.587
5177.000,-997204716.959
5178.000,-997204558.711
5179.000,-997204796.083
5180.000,-997204558.711
5181.000,-997204716.959
5182.000,-997204479.587
5183.000,-997204637.835
5184.000,-997204479.587
5185.000,-997204716.959
5186.000,-997204558.711
5187.000,-997204796.083
5188.000,-997204558.711
5189.000,-997204716.959
5190.000,-997204558.711
5191.000,-997204637.835
5192.000,-997204479.587
5193.000,-997204716.959
5194.000,-997204558.711
5195.000,-997204796.083
5196.000,-997204558.711
5197.000,-997204796.083
5198.000,-997204558.711
5199.000,-997204716.959
5200.000,-997204479.587
5201.000,-997204637.835
5202.000,-997204479.587
5203.000,-997204716.959
5204.000,-997204558.711
5205.000,-997204796.083
5206.000,-997204558.711
5207.000,-997204716.959
5208.000,-997204479.587
5209.000,-997204716.959
5210.000,-997204479.587
5211.000,-997204716.959
5212.000,-997204558.711
5213.000,-997204716.959
5214.000,-997204558.711
5215.000,-997204716.959
5216.000,-997204558.711
5217.000,-997204716.959
5218.000,-997204558.711
5219.000,-997204716.959
5220.000,-997204558.711
5221.000,-997204716.959
5222.000,-997204558.711
5223.000,-997204716.959
5224.000,-997204479.587
5225.000,-997204716.959
5226.000,-997204558.711
5227.000,-997204716.959
5228.000,-997204558.711
5229.000,-997204796.083
5230.000,-997204558.711
5231.000,-997204716.959
5232.000,-997204479.587
5233.000,-997204716.959
5234.000,-997204479.587
5235.000,-997204716.959
5236.000,-997204558.711
5237.000,-997204796.083
5238.000,-997204558.711
5239.000,-997204716.959
5240.000,-997204479.587
5241.000,-997204637.835
5242.000,-997204479.587
5243.000,-997204716.959
5244.000,-997204558.711
5245.000,-997204796.083
5246.000,-997204558.711
5247.000,-997204796.083
5248.000,-997204558.711
5249.000,-997204716.959
5250.000,-997204479.587
5251.000,-997204716.959
5252.000,-997204558.711
5253.000,-997204716.959
5254.000,-997204558.711
5255.000,-997204796.083
5256.000,-997204558.711
5257.000,-997204716.959
5258.000,-997204479.587
5259.000,-997204716.959
5260.000,-997204558.711
5261.000,-997204716.959
5262.000,-997204558.711
5263.000,-997204716.959
5264.000,-997204558.711
5265.000,-997204716.959
5266.000,-997204479.587
5267.000,-997204716.959
5268.000,-997204558.711
5269.000,-997204716.959
5270.000,-997204558.711
5271.000,-997204716.959
5272.000,-997204558.711
5273.000,-997204716.959
5274.000,-997204479.587
5275.000,-997204716.959
5276.000,-997204479.587
5277.000,-997204716.959
5278.000,-997204558.711
5279.000,-997204796.083
5280.000,-997204558.711
5281.000,-997204716.959
5282.000,-997204479.587
5283.000,-997204637.835
5284.000,-997204479.587
5285.000,-997204716.959
5286.000,-997204558.711
5287.000,-997204796.083
5288.000,-997204558.711
5289.000,-997204716.959
5290.000,-997204479.587
5291.000,-997204637.835
5292.000,-997204479.587
5293.000,-997204716.959
5294.000,-997204558.711
5295.000,-997204796.083
5296.000,-997204558.711
5297.000,-997204796.083
5298.000,-997204558.711
5299.000,-997204716.959
5300.000,-997204479.587
5301.000,-997204637.835
5302.000,-997204558.711
5303.000,-997204716.959
5304.000,-997204558.711
5305.000,-997204796.083
5306.000,-997204558.711
5307.000,-997204716.959
5308.000,-997204479.587
5309.000,-997204637.835
5310.000,-997204479.587
5311.000,-997204716.959
5312.000,-997204558.711
5313.000,-997204796.083
5314.000,-997204558.711
5315.000,-997204716.959
5316.000,-997204479.587
5317.000,-997204637.835
5318.000,-997204479.587
5319.000,-997204716.959
5320.000,-997204558.711
5321.000,-997204796.083
5322.000,-997204558.711
5323.000,-997204716.959
5324.000,-997204479.587
5325.000,-997204716.959
5326.000,-997204479.587
5327.000,-997204716.959
5328.000,-997204558.711
5329.000,-997204796.083
5330.000,-997204558.711
5331.000,-997204716.959
5332.000,-997204558.711
5333.000,-997204716.959
5334.000,-997204479.587
5335.000,-997204716.959
5336.000,-997204558.711
5337.000,-997204796.083
5338.000,-997204558.711
5339.000,-997204716.959
5340.000,-997204558.711
5341.000,-997204716.959
5342.000,-997204479.587
5343.000,-997204716.959
5344.000,-997204558.711
5345.000,-997204796.083
5346.000,-997204558.711
5347.000,-997204716.959
5348.000,-997204558.711
5349.000,-997204716.959
5350.000,-997204479.587
5351.000,-997204716.959
5352.000,-997204558.711
5353.000,-997204796.083
5354.000,-997204558.711
5355.000,-997204796.083
5356.000,-997204558.711
5357.000,-997204716.959
5358.000,-997204479.587
5359.000,-997204637.835
5360.000,-997204479.587
5361.000,-997204716.959
5362.000,-997204558.711
5363.000,-997204796.083
5364.000,-997204558.711
5365.000,-997204716.959
5366.000,-997204479.587
5367.000,-997204637.835
5368.000,-997204479.587
5369.000,-997204716.959
5370.000,-997204558.711
5371.000,-997204796.083
5372.000,-997204558.711
5373.000,-997204716.959
5374.000,-997204479.587
5375.000,-997204637.835
5376.000,-997204479.587
5377.000,-997204716.959
5378.000,-997204558.711
5379.000,-997204796.083
5380.000,-997204558.711
5381.000,-997204716.959
5382.000,-997204558.711
5383.000,-997204716.959
5384.000,-997204479.587
5385.000,-997204716.959
5386.000,-997204558.711
5387.000,-997204716.959
5388.000,-997204558.711
5389.000,-997204716.959
5390.000,-997204558.711
5391.000,-997204716.959
5392.000,-997204479.587
5393.000,-997204716.959
5394.000,-997204558.711
5395.000,-997204716.959
5396.000,-997204558.711
5397.000,-997204716.959
5398.000,-997204558.711
5399.000,-997204716.959
5400.000,-997204479.587
5401.000,-997204716.959
5402.000,-997204558.711
5403.000,-997204796.083
5404.000,-997204558.711
5405.000,-997204716.959
5406.000,-997204558.711
5407.000,-997204716.959
5408.000,-997204479.587
5409.000,-997204716.959
5410.000,-997204558.711
5411.000,-997204796.083
5412.000,-997204637.835
5413.000,-997204796.083
5414.000,-997204558.711
5415.000,-997204716.959
5416.000,-997204479.587
5417.000,-997204637.835
5418.000,-997204479.587
5419.000,-997204716.959
5420.000,-997204558.711
5421.000,-997204796.083
5422.000,-997204558.711
5423.000,-997204716.959
5424.000,-997204479.587
5425.000,-997204637.835
5426.000,-997204479.587
5427.000,-997204716.959
5428.000,-997204558.711
5429.000,-997204796.083
5430.000,-997204637.835
5431.000,-997204716.959
5432.000,-997204558.711
5433.000,-997204637.835
5434.000,-997204479.587
5435.000,-997204716.959
5436.000,-997204558.711
5437.000,-997204796.083
5438.000,-997204637.835
5439.000,-997204796.083
5440.000,-997204558.711
5441.000,-997204716.959
5442.000,-997204479.587
5443.000,-997204637.835
5444.000,-997204558.711
5445.000,-997204716.959
5446.000,-997204558.711
5447.000,-997204796.083
5448.000,-997204558.711
5449.000,-997204716.959
5450.000,-997204479.587
5451.000,-997204716.959
5452.000,-997204558.711
5453.000,-997204716.959
5454.000,-997204558.711
5455.000,-997204796.083
5456.000,-997204558.711
5457.000,-997204716.959
5458.000,-997204479.587
5459.000,-997204637.835
5460.000,-997204479.587
5461.000,-997204716.959
5462.000,-997204558.711
5463.000,-997204796.083
5464.000,-997204558.711
5465.000,-997204716.959
5466.000,-997204479.587
5467.000,-997204637.835
5468.000,-997204479.587
5469.000,-997204716.959
5470.000,-997204558.711
5471.000,-997204796.083
5472.000,-997204558.711
5473.000,-997204716.959
5474.000,-997204479.587
5475.000,-997204637.835
5476.000,-997204479.587
5477.000,-997204716.959
5478.000,-997204558.711
5479.000,-997204796.083
5480.000,-997204558.711
5481.000,-997204716.959
5482.000,-997204558.711
5483.000,-997204637.835
5484.000,-997204479.587
5485.000,-997204716.959
5486.000,-997204558.711
5487.000,-997204796.083
5488.000,-997204637.835
5489.000,-997204796.083
5490.000,-997204558.711
5491.000,-997204716.959
5492.000,-997204479.587
5493.000,-997204637.835
5494.000,-997204558.711
5495.000,-997204716.959
5496.000,-997204558.711
5497.000,-997204796.083
5498.000,-997204558.711
5499.000,-997204716.959
5500.000,-997204479.587
5501.000,-997204637.835
5502.000,-997204479.587
5503.000,-997204716.959
5504.000,-997204558.711
5505.000,-997204796.083
5506.000,-997204558.711
5507.000,-997204716.959
5508.000,-997204479.587
5509.000,-997204637.835
5510.000,-997204479.587
5511.000,-997204716.959
5512.000,-997204558.711
5513.000,-997204796.083
5514.000,-997204558.711
5515.000,-997204716.959
5516.000,-997204479.587
5517.000,-997204637.835
5518.000,-997204479.587
5519.000,-997204716.959
5520.000,-997204558.711
5521.000,-997204796.083
5522.000,-997204558.711
5523.000,-997204716.959
5524.000,-997204479.587
5525.000,-997204637.835
5526.000,-997204479.587
5527.000,-997204716.959
5528.000,-997204558.711
5529.000,-997204796.083
5530.000,-997204558.711
5531.000,-997204716.959
5532.000,-997204479.587
5533.000,-997204637.835
5534.000,-997204479.587
5535.000,-997204716.959
5536.000,-997204558.711
5537.000,-997204796.083
5538.000,-997204558.711
5539.000,-997204716.959
5540.000,-997204558.711
5541.000,-997204637.835
5542.000,-997204479.587
5543.000,-997204716.959
5544.000,-997204558.711
5545.000,-997204796.083
5546.000,-997204637.835
5547.000,-997204796.083
5548.000,-997204558.711
5549.000,-997204716.959
5550.000,-997204479.587
5551.000,-997204637.835
5552.000,-997204558.711
5553.000,-997204716.959
5554.000,-997204558.711
5555.000,-997204796.083
5556.000,-997204558.711
5557.000,-997204716.959
5558.000,-997204479.587
5559.000,-997204637.835
5560.000,-997204479.587
5561.000,-997204716.959
5562.000,-997204558.711
5563.000,-997204796.083
5564.000,-997204558.711
5565.000,-997204716.959
5566.000,-997204479.587
5567.000,-997204637.835
5568.000,-997204479.587
5569.000,-997204716.959
5570.000,-997204558.711
5571.000,-997204796.083
5572.000,-997204558.711
5573.000,-997204716.959
5574.000,-997204479.587
5575.000,-997204637.835
5576.000,-997204479.587
5577.000,-997204716.959
5578.000,-997204558.711
5579.000,-997204796.083
5580.000,-997204558.711
5581.000,-997204716.959
5582.000,-997204479.587
5583.000,-997204637.835
5584.000,-997204479.587
5585.000,-997204716.959
5586.000,-997204558.711
5587.000,-997204796.083
5588.000,-997204558.711
5589.000,-997204716.959
5590.000,-997204558.711
5591.000,-997204716.959
5592.000,-997204479.587
5593.000,-997204716.959
5594.000,-997204558.711
5595.000,-997204716.959
5596.000,-997204558.711
5597.000,-997204796.083
5598.000,-997204558.711
5599.000,-997204716.959
5600.000,-997204479.587
5601.000,-997204637.835
5602.000,-997204479.587
5603.000,-997204716.959
5604.000,-997204558.711
5605.000,-997204796.083
5606.000,-997204558.711
5607.000,-997204716.959
5608.000,-997204479.587
5609.000,-997204637.835
5610.000,-997204479.587
5611.000,-997204716.959
5612.000,-997204558.711
5613.000,-997204796.083
5614.000,-997204558.711
5615.000,-997204716.959
5616.000,-997204479.587
5617.000,-997204716.959
5618.000,-997204479.587
5619.000,-997204716.959
5620.000,-997204558.711
5621.000,-997204796.083
5622.000,-997204558.711
5623.000,-997204716.959
5624.000,-997204479.587
5625.000,-997204716.959
5626.000,-997204479.587
5627.000,-997204716.959
5628.000,-997204558.711
5629.000,-997204796.083
5630.000,-997204558.711
5631.000,-997204716.959
5632.000,-997204558.711
5633.000,-997204716.959
5634.000,-997204479.587
5635.000,-997204716.959
5636.000,-997204558.711
5637.000,-997204796.083
5638.000,-997204558.711
5639.000,-997204716.959
5640.000,-997204558.711
5641.000,-997204716.959
5642.000,-997204479.587
5643.000,-997204716.959
5644.000,-997204558.711
5645.000,-997204796.083
5646.000,-997204558.711
5647.000,-997204796.083
5648.000,-997204558.711
5649.000,-997204716.959
5650.000,-997204479.587
5651.000,-997204716.959
5652.000,-997204558.711
5653.000,-997204716.959
5654.000,-997204558.711
5655.000,-997204796.083
5656.000,-997204558.711
5657.000,-997204716.959
5658.000,-997204479.587
5659.000,-997204637.835
5660.000,-997204479.587
5661.000,-997204716.959
5662.000,-997204558.711
5663.000,-997204796.083
5664.000,-997204558.711
5665.000,-997204716.959
5666.000,-997204479.587
5667.000,-997204637.835
5668.000,-997204479.587
5669.000,-997204716.959
5670.000,-997204558.711
5671.000,-997204796.083
5672.000,-997204558.711
5673.000,-997204716.959
5674.000,-997204479.587
5675.000,-997204637.835
5676.000,-997204479.587
5677.000,-997204716.959
5678.000,-997204558.711
5679.000,-997204796.083
5680.000,-997204558.711
5681.000,-997204716.959
5682.000,-997204479.587
5683.000,-997204637.835
5684.000,-997204479.587
5685.000,-997204716.959
5686.000,-997204558.711
5687.000,-997204796.083
5688.000,-997204558.711
5689.000,-997204716.959
5690.000,-997204558.711
5691.000,-997204716.959
5692.000,-997204479.587
5693.000,-997204716.959
5694.000,-997204558.711
5695.000,-997204796.083
5696.000,-997204558.711
5697.000,-997204796.083
5698.000,-997204558.711
5699.000,-997204716.959
5700.000,-997204479.587
5701.000,-997204716.959
5702.000,-997204558.711
5703.000,-997204716.959
5704.000,-997204558.711
5705.000,-997204796.083
5706.000,-997204558.711
5707.000,-997204716.959
5708.000,-997204479.587
5709.000,-997204637.835
5710.000,-997204558.711
5711.000,-997204716.959
5712.000,-997204558.711
5713.000,-997204796.083
5714.000,-997204558.711
5715.000,-997204716.959
5716.000,-997204479.587
5717.000,-997204637.835
5718.000,-997204479.587
5719.000,-997204716.959
5720.000,-997204558.711
5721.000,-997204796.083
5722.000,-997204558.711
5723.000,-997204716.959
5724.000,-997204479.587
5725.000,-997204637.835
5726.000,-997204479.587
5727.000,-997204716.959
5728.000,-997204558.711
5729.000,-997204796.083
5730.000,-997204558.711
5731.000,-997204716.959
5732.000,-997204479.587
5733.000,-997204637.835
5734.000,-997204479.587
5735.000,-997204716.959
5736.000,-997204558.711
5737.000,-997204796.083
5738.000,-997204558.711
5739.000,-997204796.083
5740.000,-997204558.711
5741.000,-997204716.959
5742.000,-997204479.587
5743.000,-997204637.835
5744.000,-997204558.711
5745.000,-997204716.959
5746.000,-997204558.711
5747.000,-997204716.959
5748.000,-997204558.711
5749.000,-997204716.959
5750.000,-997204479.587
5751.000,-997204716.959
5752.000,-997204558.711
5753.000,-997204716.959
5754.000,-997204558.711
5755.000,-997204716.959
5756.000,-997204558.711
5757.000,-997204716.959
5758.000,-997204479.587
5759.000,-997204716.959
5760.000,-997204558.711
5761.000,-997204716.959
5762.000,-997204558.711
5763.000,-997204796.083
5764.000,-997204558.711
5765.000,-997204716.959
5766.000,-997204479.587
5767.000,-997204716.959
5768.000,-997204558.711
5769.000,-997204716.959
5770.000,-997204558.711
5771.000,-997204796.083
5772.000,-997204558.711
5773.000,-997204716.959
5774.000,-997204479.587
5775.000,-997204637.835
5776.000,-997204479.587
5777.000,-997204716.959
5778.000,-997204558.711
5779.000,-997204796.083
5780.000,-997204558.711
5781.000,-997204716.959
5782.000,-997204479.587
5783.000,-997204637.835
5784.000,-997204479.587
5785.000,-997204716.959
5786.000,-997204558.711
5787.000,-997204796.083
5788.000,-997204637.835
5789.000,-997204716.959
5790.000,-997204479.587
5791.000,-997204637.835
5792.000,-997204479.587
5793.000,-997204716.959
5794.000,-997204558.711
5795.000,-997204796.083
5796.000,-997204637.835
5797.000,-997204796.083
5798.000,-997204558.711
5799.000,-997204637.835
5800.000,-997204479.587
5801.000,-997204637.835
5802.000,-997204558.711
5803.000,-997204716.959
5804.000,-997204637.835
5805.000,-997204796.083
5806.000,-997204558.711
5807.000,-997204716.959
5808.000,-997204479.587
5809.000,-997204637.835
5810.000,-997204479.587
5811.000,-997204716.959
5812.000,-997204558.711
5813.000,-997204796.083
5814.000,-997204558.711
5815.000,-997204716.959
5816.000,-997204479.587
5817.000,-997204637.835
5818.000,-997204479.587
5819.000,-997204716.959
5820.000,-997204558.711
5821.000,-997204796.083
5822.000,-997204558.711
5823.000,-997204716.959
5824.000,-997204479.587
5825.000,-997204637.835
5826.000,-997204479.587
5827.000,-997204716.959
5828.000,-997204558.711
5829.000,-997204796.083
5830.000,-997204558.711
5831.000,-997204716.959
5832.000,-997204479.587
5833.000,-997204637.835
5834.000,-997204479.587
5835.000,-997204716.959
5836.000,-997204558.711
5837.000,-997204796.083
5838.000,-997204558.711
5839.000,-997204716.959
5840.000,-997204479.587
5841.000,-997204637.835
5842.000,-997204479.587
5843.000,-997204716.959
5844.000,-997204558.711
5845.000,-997204796.083
5846.000,-997204637.835
5847.000,-997204796.083
5848.000,-997204558.711
5849.000,-997204637.835
5850.000,-997204479.587
5851.000,-997204637.835
5852.000,-997204558.711
5853.000,-997204796.083
5854.000,-997204637.835
5855.000,-997204796.083
5856.000,-997204558.711
5857.000,-997204716.959
5858.000,-997204479.587
5859.000,-997204637.835
5860.000,-997204479.587
5861.000,-997204716.959
5862.000,-997204558.711
5863.000,-997204796.083
5864.000,-997204558.711
5865.000,-997204716.959
5866.000,-997204479.587
5867.000,-997204637.835
5868.000,-997204479.587
5869.000,-997204716.959
5870.000,-997204558.711
5871.000,-997204796.083
5872.000,-997204558.711
5873.000,-997204716.959
5874.000,-997204479.587
5875.000,-997204637.835
5876.000,-997204479.587
5877.000,-997204716.959
5878.000,-997204558.711
5879.000,-997204796.083
5880.000,-997204558.711
5881.000,-997204716.959
5882.000,-997204558.711
5883.000,-997204716.959
5884.000,-997204479.587
5885.000,-997204716.959
5886.000,-997204558.711
5887.000,-997204796.083
5888.000,-997204558.711
5889.000,-997204716.959
5890.000,-997204479.587
5891.000,-997204637.835
5892.000,-997204479.587
5893.000,-997204716.959
5894.000,-997204558.711
5895.000,-997204796.083
5896.000,-997204558.711
5897.000,-997204716.959
5898.000,-997204558.711
5899.000,-997204637.835
5900.000,-997204479.587
5901.000,-997204637.835
5902.000,-997204558.711
5903.000,-997204796.083
5904.000,-997204637.835
5905.000,-997204796.083
5906.000,-997204558.711
5907.000,-997204716.959
5908.000,-997204479.587
5909.000,-997204637.835
5910.000,-997204479.587
5911.000,-997204716.959
5912.000,-997204637.835
5913.000,-997204796.083
5914.000,-997204558.711
5915.000,-997204716.959
5916.000,-997204479.587
5917.000,-997204637.835
5918.000,-997204479.587
5919.000,-997204716.959
5920.000,-997204558.711
5921.000,-997204796.083
5922.000,-997204558.711
5923.000,-997204716.959
5924.000,-997204479.587
5925.000,-997204637.835
5926.000,-997204479.587
5927.000,-997204716.959
5928.000,-997204558.711
5929.000,-997204796.083
5930.000,-997204558.711
5931.000,-997204716.959
5932.000,-997204558.711
5933.000,-997204637.835
5934.000,-997204479.587
5935.000,-997204716.959
5936.000,-997204558.711
5937.000,-997204796.083
5938.000,-997204558.711
5939.000,-997204716.959
5940.000,-997204558.711
5941.000,-997204637.835
5942.000,-997204479.587
5943.000,-997204716.959
5944.000,-997204558.711
5945.000,-997204796.083
5946.000,-997204558.711
5947.000,-997204716.959
5948.000,-997204558.711
5949.000,-997204637.835
5950.000,-997204479.587
5951.000,-997204637.835
5952.000,-997204558.711
5953.000,-997204796.083
5954.000,-997204637.835
5955.000,-997204796.083
5956.000,-997204558.711
5957.000,-997204716.959
5958.000,-997204479.587
5959.000,-997204637.835
5960.000,-997204479.587
5961.000,-997204716.959
5962.000,-997204637.835
5963.000,-997204796.083
5964.000,-997204558.711
5965.000,-997204716.959
5966.000,-997204479.587
5967.000,-997204637.835
5968.000,-997204479.587
5969.000,-997204716.959
5970.000,-997204558.711
5971.000,-997204796.083
5972.000,-997204558.711
5973.000,-997204716.959
5974.000,-997204479.587
5975.000,-997204637.835
5976.000,-997204479.587
5977.000,-997204716.959
5978.000,-997204558.711
5979.000,-997204796.083
5980.000,-997204558.711
5981.000,-997204716.959
5982.000,-997204558.711
5983.000,-997204716.959
5984.000,-997204479.587
5985.000,-997204716.959
5986.000,-997204558.711
5987.000,-997204796.083
5988.000,-997204558.711
5989.000,-997204716.959
5990.000,-997204558.711
5991.000,-997204716.959
5992.000,-997204479.587
5993.000,-997204716.959
5994.000,-997204558.711
5995.000,-997204716.959
5996.000,-997204558.711
5997.000,-997204716.959
5998.000,-997204558.711
5999.000,-997204716.959
6000.000,-997204479.587
6001.000,-997204716.959
6002.000,-997204558.711
6003.000,-997204716.959
6004.000,-997204558.711
6005.000,-997204716.959
6006.000,-997204558.711
6007.000,-997204716.959
6008.000,-997204479.587
6009.000,-997204716.959
6010.000,-997204558.711
6011.000,-997204716.959
6012.000,-997204558.711
6013.000,-997204796.083
6014.000,-997204558.711
6015.000,-997204716.959
6016.000,-997204479.587
6017.000,-997204637.835
6018.000,-997204479.587
6019.000,-997204716.959
6020.000,-997204558.711
6021.000,-997204796.083
6022.000,-997204558.711
6023.000,-997204716.959
6024.000,-997204479.587
6025.000,-997204637.835
6026.000,-997204479.587
6027.000,-997204716.959
6028.000,-997204558.711
6029.000,-997204796.083
6030.000,-997204558.711
6031.000,-997204716.959
6032.000,-997204479.587
6033.000,-997204637.835
6034.000,-997204479.587
6035.000,-997204716.959
6036.000,-997204558.711
6037.000,-997204796.083
6038.000,-997204558.711
6039.000,-997204716.959
6040.000,-997204558.711
6041.000,-997204716.959
6042.000,-997204479.587
6043.000,-997204716.959
6044.000,-997204558.711
6045.000,-997204716.959
6046.000,-997204558.711
6047.000,-997204716.959
6048.000,-997204558.711
6049.000,-997204716.959
6050.000,-997204479.587
6051.000,-997204716.959
6052.000,-997204558.711
6053.000,-997204716.959
6054.000,-997204558.711
6055.000,-997204716.959
6056.000,-997204558.711
6057.000,-997204716.959
6058.000,-997204479.587
6059.000,-997204716.959
6060.000,-997204558.711
6061.000,-997204716.959
6062.000,-997204558.711
6063.000,-997204796.083
6064.000,-997204558.711
6065.000,-997204716.959
6066.000,-997204479.587
6067.000,-997204637.835
6068.000,-997204558.711
6069.000,-997204716.959
6070.000,-997204558.711
6071.000,-997204796.083
6072.000,-997204558.711
6073.000,-997204716.959
6074.000,-997204479.587
6075.000,-997204637.835
6076.000,-997204479.587
6077.000,-997204716.959
6078.000,-997204558.711
6079.000,-997204796.083
6080.000,-997204558.711
6081.000,-997204716.959
6082.000,-997204479.587
6083.000,-997204637.835
6084.000,-997204479.587
6085.000,-997204716.959
6086.000,-997204558.711
6087.000,-997204796.083
6088.000,-997204637.835
6089.000,-997204716.959
6090.000,-997204558.711
6091.000,-997204637.835
6092.000,-997204479.587
6093.000,-997204637.835
6094.000,-997204558.711
6095.000,-997204716.959
6096.000,-997204558.711
6097.000,-997204796.083
6098.000,-997204558.711
6099.000,-997204716.959
6100.000,-997204479.587
6101.000,-997204637.835
6102.000,-997204479.587
6103.000,-997204716.959
6104.000,-997204558.711
6105.000,-997204716.959
6106.000,-997204558.711
6107.000,-997204716.959
6108.000,-997204479.587
6109.000,-997204716.959
6110.000,-997204558.711
6111.000,-997204716.959
6112.000,-997204558.711
6113.000,-997204716.959
6114.000,-997204558.711
6115.000,-997204716.959
6116.000,-997204479.587
6117.000,-997204716.959
6118.000,-997204558.711
6119.000,-997204716.959
6120.000,-997204558.711
6121.000,-997204716.959
6122.000,-997204558.711
6123.000,-997204716.959
6124.000,-997204479.587
6125.000,-997204716.959
6126.000,-997204558.711
6127.000,-997204716.959
6128.000,-997204558.711
6129.000,-997204796.083
6130.000,-997204558.711
6131.000,-997204716.959
6132.000,-997204479.587
6133.000,-997204637.835
6134.000,-997204479.587
6135.000,-997204716.959
6136.000,-997204558.711
6137.000,-997204796.083
6138.000,-997204558.711
6139.000,-997204716.959
6140.000,-997204479.587
6141.000,-997204637.835
6142.000,-997204479.587
6143.000,-997204716.959
6144.000,-997204558.711
6145.000,-997204796.083
6146.000,-997204558.711
6147.000,-997204796.083
6148.000,-997204558.711
6149.000,-997204716.959
6150.000,-997204479.587
6151.000,-997204637.835
6152.000,-997204558.711
6153.000,-997204716.959
6154.000,-997204558.711
6155.000,-997204796.083
6156.000,-997204558.711
6157.000,-997204716.959
6158.000,-997204479.587
6159.000,-997204716.959
6160.000,-997204558.711
6161.000,-997204716.959
6162.000,-997204558.711
6163.000,-997204716.959
6164.000,-997204558.711
6165.000,-997204716.959
6166.000,-997204479.587
6167.000,-997204716.959
6168.000,-997204558.711
6169.000,-997204716.959
6170.000,-997204558.711
6171.000,-997204716.959
6172.000,-997204558.711
6173.000,-997204716.959
6174.000,-997204479.587
6175.000,-997204716.959
6176.000,-997204558.711
6177.000,-997204716.959
6178.000,-997204558.711
6179.000,-997204796.083
6180.000,-997204558.711
6181.000,-997204716.959
6182.000,-997204479.587
6183.000,-997204637.835
6184.000,-997204479.587
6185.000,-997204716.959
6186.000,-997204558.711
6187.000,-997204796.083
6188.000,-997204558.711
6189.000,-997204716.959
6190.000,-997204479.587
6191.000,-997204637.835
6192.000,-997204479.587
6193.000,-997204716.959
6194.000,-997204558.711
6195.000,-997204796.083
6196.000,-997204558.711
6197.000,-997204716.959
6198.000,-997204479.587
6199.000,-997204637.835
6200.000,-997204479.587
6201.000,-997204716.959
6202.000,-997204558.711
6203.000,-997204796.083
6204.000,-997204637.835
6205.000,-997204796.083
6206.000,-997204558.711
6207.000,-997204716.959
6208.000,-997204479.587
6209.000,-997204637.835
6210.000,-997204479.587
6211.000,-997204716.959
6212.000,-997204558.711
6213.000,-997204796.083
6214.000,-997204558.711
6215.000,-997204716.959
6216.000,-997204479.587
6217.000,-997204637.835
6218.000,-997204479.587
6219.000,-997204716.959
6220.000,-997204558.711
6221.000,-997204796.083
6222.000,-997204558.711
6223.000,-997204716.959
6224.000,-997204479.587
6225.000,-997204637.835
6226.000,-997204479.587
6227.000,-997204716.959
6228.000,-997204558.711
6229.000,-997204796.083
6230.000,-997204558.711
6231.000,-997204716.959
6232.000,-997204558.711
6233.000,-997204716.959
6234.000,-997204479.587
6235.000,-997204716.959
6236.000,-997204558.711
6237.000,-997204716.959
6238.000,-997204558.711
6239.000,-997204716.959
6240.000,-997204558.711
6241.000,-997204716.959
6242.000,-997204479.587
6243.000,-997204716.959
6244.000,-997204558.711
6245.000,-997204796.083
6246.000,-997204558.711
6247.000,-997204716.959
6248.000,-997204479.587
6249.000,-997204637.835
6250.000,-997204479.587
6251.000,-997204716.959
6252.000,-997204558.711
6253.000,-997204796.083
6254.000,-997204558.711
6255.000,-997204716.959
6256.000,-997204558.711
6257.000,-997204637.835
6258.000,-997204479.587
6259.000,-997204637.835
6260.000,-997204558.711
6261.000,-997204716.959
6262.000,-997204637.835
6263.000,-997204796.083
6264.000,-997204558.711
6265.000,-997204716.959
6266.000,-997204479.587
6267.000,-997204637.835
6268.000,-997204479.587
6269.000,-997204716.959
6270.000,-997204558.711
6271.000,-997204796.083
6272.000,-997204558.711
6273.000,-997204716.959
6274.000,-997204479.587
6275.000,-997204637.835
6276.000,-997204479.587
6277.000,-997204716.959
6278.000,-997204558.711
6279.000,-997204796.083
6280.000,-997204558.711
6281.000,-997204716.959
6282.000,-997204558.711
6283.000,-997204716.959
6284.000,-997204479.587
6285.000,-997204716.959
6286.000,-997204558.711
6287.000,-997204716.959
6288.000,-997204558.711
6289.000,-997204716.959
6290.000,-997204558.711
6291.000,-997204716.959
6292.000,-997204479.587
6293.000,-997204716.959
6294.000,-997204558.711
6295.000,-997204796.083
6296.000,-997204558.711
6297.000,-997204716.959
6298.000,-997204479.587
6299.000,-997204637.835
6300.000,-997204479.587
6301.000,-997204716.959
6302.000,-997204558.711
6303.000,-997204796.083
6304.000,-997204637.835
6305.000,-997204716.959
6306.000,-997204558.711
6307.000,-997204637.835
6308.000,-997204479.587
6309.000,-997204637.835
6310.000,-997204558.711
6311.000,-997204716.959
6312.000,-997204637.835
6313.000,-997204796.083
6314.000,-997204558.711
6315.000,-997204716.959
6316.000,-997204479.587
6317.000,-997204637.835
6318.000,-997204479.587
6319.000,-997204716.959
6320.000,-997204558.711
6321.000,-997204796.083
6322.000,-997204558.711
6323.000,-997204716.959
6324.000,-997204479.587
6325.000,-997204637.835
6326.000,-997204479.587
6327.000,-997204716.959
6328.000,-997204558.711
6329.000,-997204796.083
6330.000,-997204558.711
6331.000,-997204716.959
6332.000,-997204558.711
6333.000,-997204637.835
6334.000,-997204479.587
6335.000,-997204716.959
6336.000,-997204558.711
6337.000,-997204716.959
6338.000,-997204558.711
6339.000,-997204716.959
6340.000,-997204558.711
6341.000,-997204716.959
6342.000,-997204479.587
6343.000,-997204716.959
6344.000,-997204558.711
6345.000,-997204716.959
6346.000,-997204558.711
6347.000,-997204716.959
6348.000,-997204558.711
6349.000,-997204716.959
6350.000,-997204479.587
6351.000,-997204716.959
6352.000,-997204558.711
6353.000,-997204716.959
6354.000,-997204558.711
6355.000,-997204716.959
6356.000,-997204558.711
6357.000,-997204716.959
6358.000,-997204479.587
6359.000,-997204637.835
6360.000,-997204558.711
6361.000,-997204716.959
6362.000,-997204558.711
6363.000,-997204796.083
6364.000,-997204558.711
6365.000,-997204716.959
6366.000,-997204479.587
6367.000,-997204637.835
6368.000,-997204479.587
6369.000,-997204716.959
6370.000,-997204558.711
6371.000,-997204796.083
6372.000,-997204558.711
6373.000,-997204716.959
6374.000,-997204479.587
6375.000,-997204637.835
6376.000,-997204479.587
6377.000,-997204716.959
6378.000,-997204558.711
6379.000,-997204796.083
6380.000,-997204558.711
6381.000,-997204716.959
6382.000,-997204558.711
6383.000,-997204637.835
6384.000,-997204479.587
6385.000,-997204716.959
6386.000,-997204558.711
6387.000,-997204716.959
6388.000,-997204558.711
6389.000,-997204716.959
6390.000,-997204558.711
6391.000,-997204716.959
6392.000,-997204479.587
6393.000,-997204716.959
6394.000,-997204558.711
6395.000,-997204716.959
6396.000,-997204558.711
6397.000,-997204716.959
6398.000,-997204558.711
6399.000,-997204716.959
6400.000,-997204479.587
6401.000,-997204716.959
6402.000,-997204558.711
6403.000,-997204716.959
6404.000,-997204558.711
6405.000,-997204716.959
6406.000,-997204558.711
6407.000,-997204716.959
6408.000,-997204479.587
6409.000,-997204716.959
6410.000,-997204558.711
6411.000,-997204716.959
6412.000,-997204558.711
6413.000,-997204716.959
6414.000,-997204558.711
6415.000,-997204716.959
6416.000,-997204479.587
6417.000,-997204716.959
6418.000,-997204558.711
6419.000,-997204716.959
6420.000,-997204558.711
6421.000,-997204796.083
6422.000,-997204558.711
6423.000,-997204716.959
6424.000,-997204479.587
6425.000,-997204637.835
6426.000,-997204479.587
6427.000,-997204716.959
6428.000,-997204558.711
6429.000,-997204796.083
6430.000,-997204558.711
6431.000,-997204716.959
6432.000,-997204479.587
6433.000,-997204637.835
6434.000,-997204479.587
6435.000,-997204716.959
6436.000,-997204558.711
6437.000,-997204796.083
6438.000,-997204558.711
6439.000,-997204716.959
6440.000,-997204558.711
6441.000,-997204637.835
6442.000,-997204479.587
6443.000,-997204637.835
6444.000,-997204558.711
6445.000,-997204716.959
6446.000,-997204558.711
6447.000,-997204796.083
6448.000,-997204558.711
6449.000,-997204716.959
6450.000,-997204479.587
6451.000,-997204637.835
6452.000,-997204479.587
6453.000,-997204716.959
6454.000,-997204558.711
6455.000,-997204796.083
6456.000,-997204558.711
6457.000,-997204716.959
6458.000,-997204479.587
6459.000,-997204637.835
6460.000,-997204479.587
6461.000,-997204716.959
6462.000,-997204558.711
6463.000,-997204716.959
6464.000,-997204558.711
6465.000,-997204716.959
6466.000,-997204479.587
6467.000,-997204716.959
6468.000,-997204479.587
6469.000,-997204716.959
6470.000,-997204558.711
6471.000,-997204716.959
6472.000,-997204558.711
6473.000,-997204716.959
6474.000,-997204479.587
6475.000,-997204716.959
6476.000,-997204479.587
6477.000,-997204716.959
6478.000,-997204558.711
6479.000,-997204796.083
6480.000,-997204558.711
6481.000,-997204716.959
6482.000,-997204558.711
6483.000,-997204637.835
6484.000,-997204479.587
6485.000,-997204716.959
6486.000,-997204558.711
6487.000,-997204796.083
6488.000,-997204558.711
6489.000,-997204716.959
6490.000,-997204558.711
6491.000,-997204637.835
6492.000,-997204479.587
6493.000,-997204716.959
6494.000,-997204558.711
6495.000,-997204716.959
6496.000,-997204558.711
6497.000,-997204796.083
6498.000,-997204558.711
6499.000,-997204716.959
6500.000,-997204479.587
6501.000,-997204637.835
6502.000,-997204479.587
6503.000,-997204716.959
6504.000,-997204558.711
6505.000,-997204796.083
6506.000,-997204558.711
6507.000,-997204716.959
6508.000,-997204479.587
6509.000,-997204637.835
6510.000,-997204479.587
6511.000,-997204716.959
6512.000,-997204558.711
6513.000,-997204716.959
6514.000,-997204558.711
6515.000,-997204716.959
6516.000,-997204558.711
6517.000,-997204716.959
6518.000,-997204479.587
6519.000,-997204716.959
6520.000,-997204558.711
6521.000,-997204716.959
6522.000,-997204558.711
6523.000,-997204716.959
6524.000,-997204558.711
6525.000,-997204716.959
6526.000,-997204479.587
6527.000,-997204716.959
6528.000,-997204558.711
6529.000,-997204716.959
6530.000,-997204558.711
6531.000,-997204716.959
6532.000,-997204558.711
6533.000,-997204716.959
6534.000,-997204479.587
6535.000,-997204716.959
6536.000,-997204558.711
6537.000,-997204716.959
6538.000,-997204558.711
6539.000,-997204716.959
6540.000,-997204558.711
6541.000,-997204716.959
6542.000,-997204479.587
6543.000,-997204716.959
6544.000,-997204558.711
6545.000,-997204716.959
6546.000,-997204558.711
6547.000,-997204716.959
6548.000,-997204558.711
6549.000,-997204716.959
6550.000,-997204479.587
6551.000,-997204716.959
6552.000,-997204558.711
6553.000,-997204716.959
6554.000,-997204558.711
6555.000,-997204716.959
6556.000,-997204558.711
6557.000,-997204716.959
6558.000,-997204479.587
6559.000,-997204637.835
6560.000,-997204558.711
6561.000,-997204716.959
6562.000,-997204558.711
6563.000,-997204796.083
6564.000,-997204558.711
6565.000,-997204716.959
6566.000,-997204479.587
6567.000,-997204637.835
6568.000,-997204479.587
6569.000,-997204716.959
6570.000,-997204558.711
6571.000,-997204796.083
6572.000,-997204558.711
6573.000,-997204716.959
6574.000,-997204479.587
6575.000,-997204637.835
6576.000,-997204479.587
6577.000,-997204716.959
6578.000,-997204558.711
6579.000,-997204796.083
6580.000,-997204558.711
6581.000,-997204716.959
6582.000,-997204558.711
6583.000,-997204716.959
6584.000,-997204479.587
6585.000,-997204716.959
6586.000,-997204558.711
6587.000,-997204716.959
6588.000,-997204558.711
6589.000,-997204716.959
6590.000,-997204558.711
6591.000,-997204716.959
6592.000,-997204479.587
6593.000,-997204716.959
6594.000,-997204558.711
6595.000,-997204716.959
6596.000,-997204558.711
6597.000,-997204716.959
6598.000,-997204558.711
6599.000,-997204716.959
6600.000,-997204479.587
6601.000,-997204716.959
6602.000,-997204558.711
6603.000,-997204716.959
6604.000,-997204558.711
6605.000,-997204716.959
6606.000,-997204558.711
6607.000,-997204716.959
6608.000,-997204479.587
6609.000,-997204716.959
6610.000,-997204558.711
6611.000,-997204716.959
6612.000,-997204558.711
6613.000,-997204716.959
6614.000,-997204558.711
6615.000,-997204716.959
6616.000,-997204479.587
6617.000,-997204637.835
6618.000,-997204479.587
6619.000,-997204716.959
6620.000,-997204558.711
6621.000,-997204796.083
6622.000,-997204558.711
6623.000,-997204716.959
6624.000,-997204479.587
6625.000,-997204637.835
6626.000,-997204479.587
6627.000,-997204716.959
6628.000,-997204558.711
6629.000,-997204796.083
6630.000,-997204558.711
6631.000,-997204716.959
6632.000,-997204558.711
6633.000,-997204716.959
6634.000,-997204479.587
6635.000,-997204716.959
6636.000,-997204558.711
6637.000,-997204716.959
6638.000,-997204558.711
6639.000,-997204716.959
6640.000,-997204558.711
6641.000,-997204716.959
6642.000,-997204479.587
6643.000,-997204716.959
6644.000,-997204558.711
6645.000,-997204716.959
6646.000,-997204558.711
6647.000,-997204716.959
6648.000,-997204558.711
6649.000,-997204716.959
6650.000,-997204479.587
6651.000,-997204716.959
6652.000,-997204558.711
6653.000,-997204716.959
6654.000,-997204558.711
6655.000,-997204716.959
6656.000,-997204558.711
6657.000,-997204716.959
6658.000,-997204479.587
6659.000,-997204716.959
6660.000,-997204558.711
6661.000,-997204716.959
6662.000,-997204558.711
6663.000,-997204796.083
6664.000,-997204558.711
6665.000,-997204716.959
6666.000,-997204479.587
6667.000,-997204637.835
6668.000,-997204479.587
6669.000,-997204716.959
6670.000,-997204558.711
6671.000,-997204796.083
6672.000,-997204558.711
6673.000,-997204716.959
6674.000,-997204479.587
6675.000,-997204637.835
6676.000,-997204479.587
6677.000,-997204716.959
6678.000,-997204558.711
6679.000,-997204796.083
6680.000,-997204558.711
6681.000,-997204716.959
6682.000,-997204479.587
6683.000,-997204637.835
6684.000,-997204479.587
6685.000,-997204716.959
6686.000,-997204558.711
6687.000,-997204796.083
6688.000,-997204558.711
6689.000,-997204716.959
6690.000,-997204558.711
6691.000,-997204637.835
6692.000,-997204479.587
6693.000,-997204716.959
6694.000,-997204558.711
6695.000,-997204716.959
6696.000,-997204558.711
6697.000,-997204716.959
6698.000,-997204558.711
6699.000,-997204716.959
6700.000,-997204479.587
6701.000,-997204716.959
6702.000,-997204558.711
6703.000,-997204716.959
6704.000,-997204558.711
6705.000,-997204796.083
6706.000,-997204558.711
6707.000,-997204716.959
6708.000,-997204479.587
6709.000,-997204637.835
6710.000,-997204558.711
6711.000,-997204716.959
6712.000,-997204558.711
6713.000,-997204796.083
6714.000,-997204558.711
6715.000,-997204716.959
6716.000,-997204479.587
6717.000,-997204637.835
6718.000,-997204479.587
6719.000,-997204716.959
6720.000,-997204558.711
6721.000,-997204796.083
6722.000,-997204558.711
6723.000,-997204716.959
6724.000,-997204479.587
6725.000,-997204637.835
6726.000,-997204479.587
6727.000,-997204716.959
6728.000,-997204558.711
6729.000,-997204796.083
6730.000,-997204558.711
6731.000,-997204716.959
6732.000,-997204558.711
6733.000,-997204637.835
6734.000,-997204479.587
6735.000,-997204716.959
6736.000,-997204558.711
6737.000,-997204796.083
6738.000,-997204558.711
6739.000,-997204716.959
6740.000,-997204558.711
6741.000,-997204637.835
6742.000,-997204479.587
6743.000,-997204637.835
6744.000,-997204558.711
6745.000,-997204796.083
6746.000,-997204637.835
6747.000,-997204796.083
6748.000,-997204558.711
6749.000,-997204716.959
6750.000,-997204479.587
6751.000,-997204637.835
6752.000,-997204558.711
6753.000,-997204716.959
6754.000,-997204558.711
6755.000,-997204796.083
6756.000,-997204558.711
6757.000,-997204716.959
6758.000,-997204479.587
6759.000,-997204637.835
6760.000,-997204479.587
6761.000,-997204716.959
6762.000,-997204558.711
6763.000,-997204796.083
6764.000,-997204558.711
6765.000,-997204716.959
6766.000,-997204479.587
6767.000,-997204637.835
6768.000,-997204479.587
6769.000,-997204716.959
6770.000,-997204558.711
6771.000,-997204796.083
6772.000,-997204558.711
6773.000,-997204716.959
6774.000,-997204479.587
6775.000,-997204637.835
6776.000,-997204479.587
6777.000,-997204716.959
6778.000,-997204558.711
6779.000,-997204796.083
6780.000,-997204558.711
6781.000,-997204716.959
6782.000,-997204558.711
6783.000,-997204637.835
6784.000,-997204479.587
6785.000,-997204716.959
6786.000,-997204558.711
6787.000,-997204796.083
6788.000,-997204558.711
6789.000,-997204716.959
6790.000,-997204558.711
6791.000,-997204637.835
6792.000,-997204479.587
6793.000,-997204716.959
6794.000,-997204558.711
6795.000,-997204796.083
6796.000,-997204637.835
6797.000,-997204796.083
6798.000,-997204558.711
6799.000,-997204637.835
6800.000,-997204479.587
6801.000,-997204637.835
6802.000,-997204558.711
6803.000,-997204716.959
6804.000,-997204637.835
6805.000,-997204796.083
6806.000,-997204558.711
6807.000,-997204716.959
6808.000,-997204479.587
6809.000,-997204637.835
6810.000,-997204479.587
6811.000,-997204716.959
6812.000,-997204558.711
6813.000,-997204796.083
6814.000,-997204558.711
6815.000,-997204716.959
6816.000,-997204479.587
6817.000,-997204637.835
6818.000,-997204479.587
6819.000,-997204716.959
6820.000,-997204558.711
6821.000,-997204796.083
6822.000,-997204558.711
6823.000,-997204716.959
6824.000,-997204479.587
6825.000,-997204637.835
6826.000,-997204479.587
6827.000,-997204716.959
6828.000,-997204558.711
6829.000,-997204796.083
6830.000,-997204558.711
6831.000,-997204716.959
6832.000,-997204558.711
6833.000,-997204637.835
6834.000,-997204479.587
6835.000,-997204716.959
6836.000,-997204558.711
6837.000,-997204796.083
6838.000,-997204558.711
6839.000,-997204716.959
6840.000,-997204558.711
6841.000,-997204637.835
6842.000,-997204479.587
6843.000,-997204716.959
6844.000,-997204558.711
6845.000,-997204796.083
6846.000,-997204637.835
6847.000,-997204796.083
6848.000,-997204558.711
6849.000,-997204716.959
6850.000,-997204479.587
6851.000,-997204637.835
6852.000,-997204558.711
6853.000,-997204716.959
6854.000,-997204637.835
6855.000,-997204796.083
6856.000,-997204558.711
6857.000,-997204716.959
6858.000,-997204479.587
6859.000,-997204637.835
6860.000,-997204479.587
6861.000,-997204716.959
6862.000,-997204558.711
6863.000,-997204796.083
6864.000,-997204558.711
6865.000,-997204716.959
6866.000,-997204479.587
6867.000,-997204637.835
6868.000,-997204479.587
6869.000,-997204716.959
6870.000,-997204558.711
6871.000,-997204796.083
6872.000,-997204637.835
6873.000,-997204716.959
6874.000,-997204479.587
6875.000,-997204637.835
6876.000,-997204479.587
6877.000,-997204716.959
6878.000,-997204558.711
6879.000,-997204796.083
6880.000,-997204637.835
6881.000,-997204716.959
6882.000,-997204558.711
6883.000,-997204637.835
6884.000,-997204479.587
6885.000,-997204637.835
6886.000,-997204558.711
6887.000,-997204716.959
6888.000,-997204558.711
6889.000,-997204796.083
6890.000,-997204558.711
6891.000,-997204716.959
6892.000,-997204479.587
6893.000,-997204637.835
6894.000,-997204558.711
6895.000,-997204716.959
6896.000,-997204558.711
6897.000,-997204716.959
6898.000,-997204558.711
6899.000,-997204716.959
6900.000,-997204479.587
6901.000,-997204716.959
6902.000,-997204558.711
6903.000,-997204716.959
6904.000,-997204558.711
6905.000,-997204716.959
6906.000,-997204558.711
6907.000,-997204716.959
6908.000,-997204479.587
6909.000,-997204637.835
6910.000,-997204558.711
6911.000,-997204716.959
6912.000,-997204558.711
6913.000,-997204796.083
6914.000,-997204558.711
6915.000,-997204716.959
6916.000,-997204479.587
6917.000,-997204637.835
6918.000,-997204479.587
6919.000,-997204716.959
6920.000,-997204558.711
6921.000,-997204796.083
6922.000,-997204558.711
6923.000,-997204716.959
6924.000,-997204479.587
6925.000,-997204637.835
6926.000,-997204479.587
6927.000,-997204716.959
6928.000,-997204558.711
6929.000,-997204796.083
6930.000,-997204637.835
6931.000,-997204716.959
6932.000,-997204558.711
6933.000,-997204637.835
6934.000,-997204479.587
6935.000,-997204637.835
6936.000,-997204558.711
6937.000,-997204796.083
6938.000,-997204637.835
6939.000,-997204796.083
6940.000,-997204558.711
6941.000,-997204716.959
6942.000,-997204479.587
6943.000,-997204637.835
6944.000,-997204558.711
6945.000,-997204716.959
6946.000,-997204558.711
6947.000,-997204796.083
6948.000,-997204558.711
6949.000,-997204716.959
6950.000,-997204479.587
6951.000,-997204637.835
6952.000,-997204558.711
6953.000,-997204716.959
6954.000,-997204558.711
6955.000,-997204716.959
6956.000,-997204558.711
6957.000,-997204716.959
6958.000,-997204479.587
6959.000,-997204637.835
6960.000,-997204558.711
6961.000,-997204716.959
6962.000,-997204558.711
6963.000,-997204796.083
6964.000,-997204558.711
6965.000,-997204716.959
6966.000,-997204479.587
6967.000,-997204637.835
6968.000,-997204479.587
6969.000,-997204716.959
6970.000,-997204558.711
6971.000,-997204796.083
6972.000,-997204558.711
6973.000,-997204716.959
6974.000,-997204479.587
6975.000,-997204637.835
6976.000,-997204479.587
6977.000,-997204716.959
6978.000,-997204558.711
6979.000,-997204796.083
6980.000,-997204637.835
6981.000,-997204716.959
6982.000,-997204479.587
6983.000,-997204637.835
6984.000,-997204479.587
6985.000,-997204637.835
6986.000,-997204558.711
6987.000,-997204796.083
6988.000,-997204637.835
6989.000,-997204796.083
6990.000,-997204558.711
6991.000,-997204637.835
6992.000,-997204479.587
6993.000,-997204637.835
6994.000,-997204558.711
6995.000,-997204716.959
6996.000,-997204637.835
6997.000,-997204796.083
6998.000,-997204558.711
6999.000,-997204716.959
7000.000,-997204479.587
7001.000,-997204637.835
7002.000,-997204479.587
7003.000,-997204716.959
7004.000,-997204558.711
7005.000,-997204796.083
7006.000,-997204558.711
7007.000,-997204716.959
7008.000,-997204479.587
7009.000,-997204716.959
7010.000,-997204558.711
7011.000,-997204716.959
7012.000,-997204558.711
7013.000,-997204796.083
7014.000,-997204558.711
7015.000,-997204716.959
7016.000,-997204479.587
7017.000,-997204637.835
7018.000,-997204479.587
7019.000,-997204716.959
7020.000,-997204558.711
7021.000,-997204796.083
7022.000,-997204558.711
7023.000,-997204716.959
7024.000,-997204479.587
7025.000,-997204637.835
7026.000,-997204479.587
7027.000,-997204716.959
7028.000,-997204558.711
7029.000,-997204796.083
7030.000,-997204558.711
7031.000,-997204716.959
7032.000,-997204479.587
7033.000,-997204637.835
7034.000,-997204479.587
7035.000,-997204716.959
7036.000,-997204558.711
7037.000,-997204796.083
7038.000,-997204558.711
7039.000,-997204716.959
7040.000,-997204558.711
7041.000,-997204637.835
7042.000,-997204479.587
7043.000,-997204716.959
7044.000,-997204558.711
7045.000,-997204796.083
7046.000,-997204637.835
7047.000,-997204796.083
7048.000,-997204558.711
7049.000,-997204716.959
7050.000,-997204479.587
7051.000,-997204637.835
7052.000,-997204558.711
7053.000,-997204716.959
7054.000,-997204558.711
7055.000,-997204796.083
7056.000,-997204558.711
7057.000,-997204716.959
7058.000,-997204479.587
7059.000,-997204637.835
7060.000,-997204558.711
7061.000,-997204716.959
7062.000,-997204558.711
7063.000,-997204796.083
7064.000,-997204558.711
7065.000,-997204716.959
7066.000,-997204479.587
7067.000,-997204637.835
7068.000,-997204479.587
7069.000,-997204716.959
7070.000,-997204558.711
7071.000,-997204796.083
7072.000,-997204558.711
7073.000,-997204716.959
7074.000,-997204479.587
7075.000,-997204637.835
7076.000,-997204479.587
7077.000,-997204716.959
7078.000,-997204558.711
7079.000,-997204796.083
7080.000,-997204558.711
7081.000,-997204716.959
7082.000,-997204479.587
7083.000,-997204637.835
7084.000,-997204479.587
7085.000,-997204716.959
7086.000,-997204558.711
7087.000,-997204796.083
7088.000,-997204637.835
7089.000,-997204716.959
7090.000,-997204558.711
7091.000,-997204637.835
7092.000,-997204479.587
7093.000,-997204716.959
7094.000,-997204558.711
7095.000,-997204796.083
7096.000,-997204637.835
7097.000,-997204796.083
7098.000,-997204558.711
7099.000,-997204637.835
7100.000,-997204479.587
7101.000,-997204637.835
7102.000,-997204558.711
7103.000,-997204716.959
7104.000,-997204637.835
7105.000,-997204796.083
7106.000,-997204558.711
7107.000,-997204716.959
7108.000,-997204479.587
7109.000,-997204637.835
7110.000,-997204479.587
7111.000,-997204716.959
7112.000,-997204558.711
7113.000,-997204796.083
7114.000,-997204558.711
7115.000,-997204716.959
7116.000,-997204479.587
7117.000,-997204637.835
7118.000,-997204479.587
7119.000,-997204716.959
7120.000,-997204558.711
7121.000,-997204796.083
7122.000,-997204558.711
7123.000,-997204716.959
7124.000,-997204479.587
7125.000,-997204637.835
7126.000,-997204479.587
7127.000,-997204716.959
7128.000,-997204558.711
7129.000,-997204796.083
7130.000,-997204558.711
7131.000,-997204716.959
7132.000,-997204479.587
7133.000,-997204637.835
7134.000,-997204479.587
7135.000,-997204716.959
7136.000,-997204558.711
7137.000,-997204796.083
7138.000,-997204558.711
7139.000,-997204716.959
7140.000,-997204558.711
7141.000,-997204637.835
7142.000,-997204479.587
7143.000,-997204716.959
7144.000,-997204558.711
7145.000,-997204796.083
7146.000,-997204637.835
7147.000,-997204716.959
7148.000,-997204558.711
7149.000,-997204637.835
7150.000,-997204479.587
7151.000,-997204637.835
7152.000,-997204558.711
7153.000,-997204796.083
7154.000,-997204637.835
7155.000,-997204796.083
7156.000,-997204558.711
7157.000,-997204716.959
7158.000,-997204479.587
7159.000,-997204637.835
7160.000,-997204479.587
7161.000,-997204716.959
7162.000,-997204637.835
7163.000,-997204796.083
7164.000,-997204558.711
7165.000,-997204716.959
7166.000,-997204479.587
7167.000,-997204637.835
7168.000,-997204479.587
7169.000,-997204716.959
7170.000,-997204558.711
7171.000,-997204796.083
7172.000,-997204558.711
7173.000,-997204716.959
7174.000,-997204479.587
7175.000,-997204637.835
7176.000,-997204479.587
7177.000,-997204716.959
7178.000,-997204558.711
7179.000,-997204796.083
7180.000,-997204558.711
7181.000,-997204716.959
7182.000,-997204479.587
7183.000,-997204637.835
7184.000,-997204479.587
7185.000,-997204716.959
7186.000,-997204558.711
7187.000,-997204796.083
7188.000,-997204558.711
7189.000,-997204716.959
7190.000,-997204479.587
7191.000,-997204637.835
7192.000,-997204479.587
7193.000,-997204716.959
7194.000,-997204558.711
7195.000,-997204796.083
7196.000,-997204637.835
7197.000,-997204716.959
7198.000,-997204558.711
7199.000,-997204637.835
7200.000,-997204479.587
7201.000,-997204637.835
7202.000,-997204558.711
7203.000,-997204796.083
7204.000,-997204637.835
7205.000,-997204796.083
7206.000,-997204558.711
7207.000,-997204637.835
7208.000,-997204479.587
7209.000,-997204637.835
7210.000,-997204558.711
7211.000,-997204716.959
7212.000,-997204637.835
7213.000,-997204796.083
7214.000,-997204558.711
7215.000,-997204716.959
7216.000,-997204479.587
7217.000,-997204637.835
7218.000,-997204479.587
7219.000,-997204716.959
7220.000,-997204558.711
7221.000,-997204796.083
7222.000,-997204637.835
7223.000,-997204716.959
7224.000,-997204479.587
7225.000,-997204637.835
7226.000,-997204479.587
7227.000,-997204716.959
7228.000,-997204558.711
7229.000,-997204796.083
7230.000,-997204637.835
7231.000,-997204716.959
7232.000,-997204558.711
7233.000,-997204637.835
7234.000,-997204479.587
7235.000,-997204716.959
7236.000,-997204558.711
7237.000,-997204796.083
7238.000,-997204558.711
7239.000,-997204716.959
7240.000,-997204558.711
7241.000,-997204637.835
7242.000,-997204479.587
7243.000,-997204637.835
7244.000,-997204558.711
7245.000,-997204716.959
7246.000,-997204558.711
7247.000,-997204716.959
7248.000,-997204558.711
7249.000,-997204716.959
7250.000,-997204479.587
7251.000,-997204716.959
7252.000,-997204558.711
7253.000,-997204716.959
7254.000,-997204558.711
7255.000,-997204716.959
7256.000,-997204558.711
7257.000,-997204716.959
7258.000,-997204479.587
7259.000,-997204637.835
7260.000,-997204558.711
7261.000,-997204716.959
7262.000,-997204637.835
7263.000,-997204796.083
7264.000,-997204558.711
7265.000,-997204716.959
7266.000,-997204479.587
7267.000,-997204637.835
7268.000,-997204479.587
7269.000,-997204716.959
7270.000,-997204637.835
7271.000,-997204796.083
7272.000,-997204558.711
7273.000,-997204716.959
7274.000,-997204479.587
7275.000,-997204637.835
7276.000,-997204479.587
7277.000,-997204716.959
7278.000,-997204558.711
7279.000,-997204796.083
7280.000,-997204637.835
7281.000,-997204716.959
7282.000,-997204479.587
7283.000,-997204637.835
7284.000,-997204479.587
7285.000,-997204637.835
7286.000,-997204558.711
7287.000,-997204796.083
7288.000,-997204637.835
7289.000,-997204796.083
7290.000,-997204558.711
7291.000,-997204637.835
7292.000,-997204479.587
7293.000,-997204637.835
7294.000,-997204558.711
7295.000,-997204716.959
7296.000,-997204637.835
7297.000,-997204796.083
7298.000,-997204558.711
7299.000,-997204716.959
7300.000,-997204479.587
7301.000,-997204637.835
7302.000,-997204558.711
7303.000,-997204716.959
7304.000,-997204558.711
7305.000,-997204716.959
7306.000,-997204558.711
7307.000,-997204716.959
7308.000,-997204479.587
7309.000,-997204716.959
7310.000,-997204558.711
7311.000,-997204716.959
7312.000,-997204558.711
7313.000,-997204716.959
7314.000,-997204558.711
7315.000,-997204716.959
7316.000,-997204479.587
7317.000,-997204637.835
7318.000,-997204558.711
7319.000,-997204716.959
7320.000,-997204637.835
7321.000,-997204796.083
7322.000,-997204558.711
7323.000,-997204716.959
7324.000,-997204479.587
7325.000,-997204637.835
7326.000,-997204479.587
7327.000,-997204716.959
7328.000,-997204637.835
7329.000,-997204796.083
7330.000,-997204637.835
7331.000,-997204716.959
7332.000,-997204479.587
7333.000,-997204637.835
7334.000,-997204479.587
7335.000,-997204716.959
7336.000,-997204558.711
7337.000,-997204796.083
7338.000,-997204637.835
7339.000,-997204716.959
7340.000,-997204558.711
7341.000,-997204637.835
7342.000,-997204479.587
7343.000,-997204637.835
7344.000,-997204558.711
7345.000,-997204796.083
7346.000,-997204637.835
7347.000,-997204796.083
7348.000,-997204558.711
7349.000,-997204716.959
7350.000,-997204479.587
7351.000,-997204637.835
7352.000,-997204479.587
7353.000,-997204716.959
7354.000,-997204558.711
7355.000,-997204796.083
7356.000,-997204558.711
7357.000,-997204716.959
7358.000,-997204479.587
7359.000,-997204637.835
7360.000,-997204479.587
7361.000,-997204716.959
7362.000,-997204558.711
7363.000,-997204796.083
7364.000,-997204558.711
7365.000,-997204716.959
7366.000,-997204479.587
7367.000,-997204637.835
7368.000,-997204558.711
7369.000,-997204716.959
7370.000,-997204558.711
7371.000,-997204796.083
7372.000,-997204558.711
7373.000,-997204716.959
7374.000,-997204479.587
7375.000,-997204637.835
7376.000,-997204479.587
7377.000,-997204716.959
7378.000,-997204558.711
7379.000,-997204796.083
7380.000,-997204558.711
7381.000,-997204716.959
7382.000,-997204479.587
7383.000,-997204637.835
7384.000,-997204479.587
7385.000,-997204716.959
7386.000,-997204558.711
7387.000,-997204796.083
7388.000,-997204558.711
7389.000,-997204716.959
7390.000,-997204558.711
7391.000,-997204637.835
7392.000,-997204479.587
7393.000,-997204637.835
7394.000,-997204558.711
7395.000,-997204716.959
7396.000,-997204558.711
7397.000,-997204716.959
7398.000,-997204558.711
7399.000,-997204716.959
7400.000,-997204479.587
7401.000,-997204637.835
7402.000,-997204558.711
7403.000,-997204716.959
7404.000,-997204558.711
7405.000,-997204716.959
7406.000,-997204558.711
7407.000,-997204716.959
7408.000,-997204479.587
7409.000,-997204637.835
7410.000,-997204558.711
7411.000,-997204716.959
7412.000,-997204558.711
7413.000,-997204716.959
7414.000,-997204558.711
7415.000,-997204716.959
7416.000,-997204479.587
7417.000,-997204637.835
7418.000,-997204558.711
7419.000,-997204716.959
7420.000,-997204558.711
7421.000,-997204716.959
7422.000,-997204558.711
7423.000,-997204716.959
7424.000,-997204479.587
7425.000,-997204637.835
7426.000,-997204479.587
7427.000,-997204716.959
7428.000,-997204558.711
7429.000,-997204796.083
7430.000,-997204558.711
7431.000,-997204716.959
7432.000,-997204479.587
7433.000,-997204637.835
7434.000,-997204479.587
7435.000,-997204716.959
7436.000,-997204558.711
7437.000,-997204796.083
7438.000,-997204558.711
7439.000,-997204716.959
7440.000,-997204479.587
7441.000,-997204637.835
7442.000,-997204479.587
7443.000,-997204716.959
7444.000,-997204558.711
7445.000,-997204796.083
7446.000,-997204637.835
7447.000,-997204716.959
7448.000,-997204558.711
7449.000,-997204637.835
7450.000,-997204479.587
7451.000,-997204637.835
7452.000,-997204558.711
7453.000,-997204716.959
7454.000,-997204637.835
7455.000,-997204796.083
7456.000,-997204558.711
7457.000,-997204716.959
7458.000,-997204479.587
7459.000,-997204637.835
7460.000,-997204479.587
7461.000,-997204716.959
7462.000,-997204558.711
7463.000,-997204796.083
7464.000,-997204558.711
7465.000,-997204716.959
7466.000,-997204479.587
7467.000,-997204637.835
7468.000,-997204479.587
7469.000,-997204716.959
7470.000,-997204558.711
7471.000,-997204796.083
7472.000,-997204558.711
7473.000,-997204716.959
7474.000,-997204558.711
7475.000,-997204637.835
7476.000,-997204479.587
7477.000,-997204716.959
7478.000,-997204558.711
7479.000,-997204716.959
7480.000,-997204558.711
7481.000,-997204716.959
7482.000,-997204558.711
7483.000,-997204637.835
7484.000,-997204479.587
7485.000,-997204716.959
7486.000,-997204558.711
7487.000,-997204716.959
7488.000,-997204558.711
7489.000,-997204716.959
7490.000,-997204558.711
7491.000,-997204637.835
7492.000,-997204479.587
7493.000,-997204716.959
7494.000,-997204558.711
7495.000,-997204716.959
7496.000,-997204558.711
7497.000,-997204716.959
7498.000,-997204558.711
7499.000,-997204637.835
7500.000,-997204479.587
7501.000,-997204716.959
7502.000,-997204558.711
7503.000,-997204716.959
7504.000,-997204558.711
7505.000,-997204716.959
7506.000,-997204558.711
7507.000,-997204716.959
7508.000,-997204479.587
7509.000,-997204637.835
7510.000,-997204558.711
7511.000,-997204716.959
7512.000,-997204558.711
7513.000,-997204796.083
7514.000,-997204558.711
7515.000,-997204716.959
7516.000,-997204479.587
7517.000,-997204637.835
7518.000,-997204479.587
7519.000,-997204716.959
7520.000,-997204558.711
7521.000,-997204796.083
7522.000,-997204558.711
7523.000,-997204716.959
7524.000,-997204558.711
7525.000,-997204637.835
7526.000,-997204479.587
7527.000,-997204716.959
7528.000,-997204558.711
7529.000,-997204716.959
7530.000,-997204558.711
7531.000,-997204716.959
7532.000,-997204558.711
7533.000,-997204716.959
7534.000,-997204479.587
7535.000,-997204716.959
7536.000,-997204558.711
7537.000,-997204716.959
7538.000,-997204558.711
7539.000,-997204716.959
7540.000,-997204558.711
7541.000,-997204716.959
7542.000,-997204479.587
7543.000,-997204716.959
7544.000,-997204558.711
7545.000,-997204716.959
7546.000,-997204558.711
7547.000,-997204716.959
7548.000,-997204558.711
7549.000,-997204716.959
7550.000,-997204479.587
7551.000,-997204716.959
7552.000,-997204558.711
7553.000,-997204716.959
7554.000,-997204558.711
7555.000,-997204716.959
7556.000,-997204558.711
7557.000,-997204637.835
7558.000,-997204479.587
7559.000,-997204716.959
7560.000,-997204558.711
7561.000,-997204716.959
7562.000,-997204558.711
7563.000,-997204796.083
7564.000,-997204558.711
7565.000,-997204716.959
7566.000,-997204479.587
7567.000,-997204637.835
7568.000,-997204558.711
7569.000,-997204716.959
7570.000,-997204558.711
7571.000,-997204796.083
7572.000,-997204558.711
7573.000,-997204716.959
7574.000,-997204479.587
7575.000,-997204637.835
7576.000,-997204479.587
7577.000,-997204716.959
7578.000,-997204558.711
7579.000,-997204796.083
7580.000,-997204558.711
7581.000,-997204716.959
7582.000,-997204479.587
7583.000,-997204637.835
7584.000,-997204479.587
7585.000,-997204716.959
7586.000,-997204558.711
7587.000,-997204796.083
7588.000,-997204558.711
7589.000,-997204716.959
7590.000,-997204558.711
7591.000,-997204637.835
7592.000,-997204479.587
7593.000,-997204716.959
7594.000,-997204558.711
7595.000,-997204716.959
7596.000,-997204558.711
7597.000,-997204716.959
7598.000,-997204558.711
7599.000,-997204716.959
7600.000,-997204479.587
7601.000,-997204637.835
7602.000,-997204558.711
7603.000,-997204716.959
7604.000,-997204558.711
7605.000,-997204716.959
7606.000,-997204558.711
7607.000,-997204716.959
7608.000,-997204479.587
7609.000,-997204716.959
7610.000,-997204558.711
7611.000,-997204716.959
7612.000,-997204558.711
7613.000,-997204716.959
7614.000,-997204558.711
7615.000,-997204716.959
7616.000,-997204479.587
7617.000,-997204637.835
7618.000,-997204558.711
7619.000,-997204716.959
7620.000,-997204558.711
7621.000,-997204716.959
7622.000,-997204558.711
7623.000,-997204716.959
7624.000,-997204479.587
7625.000,-997204637.835
7626.000,-997204479.587
7627.000,-997204716.959
7628.000,-997204558.711
7629.000,-997204796.083
7630.000,-997204558.711
7631.000,-997204716.959
7632.000,-997204479.587
7633.000,-997204637.835
7634.000,-997204479.587
7635.000,-997204716.959
7636.000,-997204558.711
7637.000,-997204796.083
7638.000,-997204558.711
7639.000,-997204716.959
7640.000,-997204558.711
7641.000,-997204637.835
7642.000,-997204479.587
7643.000,-997204716.959
7644.000,-997204558.711
7645.000,-997204716.959
7646.000,-997204558.711
7647.000,-997204716.959
7648.000,-997204558.711
7649.000,-997204716.959
7650.000,-997204479.587
7651.000,-997204637.835
7652.000,-997204558.711
7653.000,-997204716.959
7654.000,-997204558.711
7655.000,-997204716.959
7656.000,-997204558.711
7657.000,-997204716.959
7658.000,-997204479.587
7659.000,-997204637.835
7660.000,-997204558.711
7661.000,-997204716.959
7662.000,-997204558.711
7663.000,-997204716.959
7664.000,-997204558.711
7665.000,-997204716.959
7666.000,-997204479.587
7667.000,-997204716.959
7668.000,-997204558.711
7669.000,-997204716.959
7670.000,-997204558.711
7671.000,-997204716.959
7672.000,-997204558.711
7673.000,-997204716.959
7674.000,-997204479.587
7675.000,-997204716.959
7676.000,-997204558.711
7677.000,-997204716.959
7678.000,-997204558.711
7679.000,-997204716.959
7680.000,-997204558.711
7681.000,-997204716.959
7682.000,-997204479.587
7683.000,-997204637.835
7684.000,-997204479.587
7685.000,-997204716.959
7686.000,-997204558.711
7687.000,-997204796.083
7688.000,-997204558.711
7689.000,-997204716.959
7690.000,-997204479.587
7691.000,-997204637.835
7692.000,-997204479.587
7693.000,-997204716.959
7694.000,-997204558.711
7695.000,-997204796.083
7696.000,-997204637.835
7697.000,-997204716.959
7698.000,-997204558.711
7699.000,-997204637.835
7700.000,-997204479.587
7701.000,-997204637.835
7702.000,-997204558.711
7703.000,-997204716.959
7704.000,-997204637.835
7705.000,-997204796.083
7706.000,-997204558.711
7707.000,-997204716.959
7708.000,-997204479.587
7709.000,-997204637.835
7710.000,-997204479.587
7711.000,-997204716.959
7712.000,-997204558.711
7713.000,-997204796.083
7714.000,-997204558.711
7715.000,-997204716.959
7716.000,-997204479.587
7717.000,-997204637.835
7718.000,-997204479.587
7719.000,-997204716.959
7720.000,-997204558.711
7721.000,-997204796.083
7722.000,-997204558.711
7723.000,-997204716.959
7724.000,-997204558.711
7725.000,-997204637.835
7726.000,-997204479.587
7727.000,-997204716.959
7728.000,-997204558.711
7729.000,-997204716.959
7730.000,-997204558.711
7731.000,-997204716.959
7732.000,-997204558.711
7733.000,-997204637.835
7734.000,-997204479.587
7735.000,-997204716.959
7736.000,-997204558.711
7737.000,-997204716.959
7738.000,-997204558.711
7739.000,-997204716.959
7740.000,-997204558.711
7741.000,-997204637.835
7742.000,-997204479.587
7743.000,-997204716.959
7744.000,-997204558.711
7745.000,-997204716.959
7746.000,-997204558.711
7747.000,-997204716.959
7748.000,-997204558.711
7749.000,-997204716.959
7750.000,-997204479.587
7751.000,-997204637.835
7752.000,-997204558.711
7753.000,-997204716.959
7754.000,-997204558.711
7755.000,-997204716.959
7756.000,-997204558.711
7757.000,-997204716.959
7758.000,-997204479.587
7759.000,-997204637.835
7760.000,-997204479.587
7761.000,-997204716.959
7762.000,-997204558.711
7763.000,-997204796.083
7764.000,-997204558.711
7765.000,-997204716.959
7766.000,-997204479.587
7767.000,-997204637.835
7768.000,-997204479.587
7769.000,-997204716.959
7770.000,-997204558.711
7771.000,-997204796.083
7772.000,-997204558.711
7773.000,-997204716.959
7774.000,-997204558.711
7775.000,-997204637.835
7776.000,-997204479.587
7777.000,-997204716.959
7778.000,-997204558.711
7779.000,-997204716.959
7780.000,-997204558.711
7781.000,-997204716.959
7782.000,-997204558.711
7783.000,-997204637.835
7784.000,-997204479.587
7785.000,-997204716.959
7786.000,-997204558.711
7787.000,-997204716.959
7788.000,-997204558.711
7789.000,-997204716.959
7790.000,-997204558.711
7791.000,-997204716.959
7792.000,-997204479.587
7793.000,-997204716.959
7794.000,-997204558.711
7795.000,-997204716.959
7796.000,-997204558.711
7797.000,-997204716.959
7798.000,-997204558.711
7799.000,-997204716.959
7800.000,-997204479.587
7801.000,-997204716.959
7802.000,-997204558.711
7803.000,-997204716.959
7804.000,-997204558.711
7805.000,-997204716.959
7806.000,-997204558.711
7807.000,-997204716.959
7808.000,-997204479.587
7809.000,-997204637.835
7810.000,-997204558.711
7811.000,-997204716.959
7812.000,-997204558.711
7813.000,-997204796.083
7814.000,-997204558.711
7815.000,-997204716.959
7816.000,-997204479.587
7817.000,-997204637.835
7818.000,-997204479.587
7819.000,-997204716.959
7820.000,-997204558.711
7821.000,-997204796.083
7822.000,-997204558.711
7823.000,-997204716.959
7824.000,-997204479.587
7825.000,-997204637.835
7826.000,-997204479.587
7827.000,-997204716.959
7828.000,-997204558.711
7829.000,-997204796.083
7830.000,-997204558.711
7831.000,-997204716.959
7832.000,-997204558.711
7833.000,-997204637.835
7834.000,-997204479.587
7835.000,-997204716.959
7836.000,-997204558.711
7837.000,-997204716.959
7838.000,-997204558.711
7839.000,-997204716.959
7840.000,-997204558.711
7841.000,-997204716.959
7842.000,-997204479.587
7843.000,-997204716.959
7844.000,-997204558.711
7845.000,-997204716.959
7846.000,-997204558.711
7847.000,-997204716.959
7848.000,-997204558.711
7849.000,-997204716.959
7850.000,-997204479.587
7851.000,-997204716.959
7852.000,-997204558.711
7853.000,-997204716.959
7854.000,-997204558.711
7855.000,-997204716.959
7856.000,-997204558.711
7857.000,-997204716.959
7858.000,-997204479.587
7859.000,-997204637.835
7860.000,-997204558.711
7861.000,-997204716.959
7862.000,-997204558.711
7863.000,-997204796.083
7864.000,-997204558.711
7865.000,-997204716.959
7866.000,-997204479.587
7867.000,-997204637.835
7868.000,-997204479.587
7869.000,-997204716.959
7870.000,-997204558.711
7871.000,-997204796.083
7872.000,-997204558.711
7873.000,-997204716.959
7874.000,-997204558.711
7875.000,-997204637.835
7876.000,-997204479.587
7877.000,-997204716.959
7878.000,-997204558.711
7879.000,-997204716.959
7880.000,-997204558.711
7881.000,-997204716.959
7882.000,-997204558.711
7883.000,-997204637.835
7884.000,-997204479.587
7885.000,-997204637.835
7886.000,-997204558.711
7887.000,-997204716.959
7888.000,-997204558.711
7889.000,-997204716.959
7890.000,-997204558.711
7891.000,-997204716.959
7892.000,-997204479.587
7893.000,-997204637.835
7894.000,-997204558.711
7895.000,-997204716.959
7896.000,-997204558.711
7897.000,-997204716.959
7898.000,-997204558.711
7899.000,-997204716.959
7900.000,-997204479.587
7901.000,-997204637.835
7902.000,-997204558.711
7903.000,-997204716.959
7904.000,-997204558.711
7905.000,-997204716.959
7906.000,-997204558.711
7907.000,-997204716.959
7908.000,-997204558.711
7909.000,-997204716.959
7910.000,-997204558.711
7911.000,-997204716.959
7912.000,-997204558.711
7913.000,-997204716.959
7914.000,-997204558.711
7915.000,-997204716.959
7916.000,-997204479.587
7917.000,-997204716.959
7918.000,-997204558.711
7919.000,-997204716.959
7920.000,-997204558.711
7921.000,-997204716.959
7922.000,-997204558.711
7923.000,-997204716.959
7924.000,-997204479.587
7925.000,-997204637.835
7926.000,-997204479.587
7927.000,-997204716.959
7928.000,-997204558.711
7929.000,-997204796.083
7930.000,-997204558.711
7931.000,-997204716.959
7932.000,-997204558.711
7933.000,-997204637.835
7934.000,-997204479.587
7935.000,-997204716.959
7936.000,-997204558.711
7937.000,-997204796.083
7938.000,-997204558.711
7939.000,-997204716.959
7940.000,-997204558.711
7941.000,-997204637.835
7942.000,-997204479.587
7943.000,-997204637.835
7944.000,-997204558.711
7945.000,-997204716.959
7946.000,-997204637.835
7947.000,-997204796.083
7948.000,-997204558.711
7949.000,-997204716.959
7950.000,-997204479.587
7951.000,-997204637.835
7952.000,-997204558.711
7953.000,-997204716.959
7954.000,-997204558.711
7955.000,-997204796.083
7956.000,-997204558.711
7957.000,-997204716.959
7958.000,-997204479.587
7959.000,-997204637.835
7960.000,-997204479.587
7961.000,-997204716.959
7962.000,-997204558.711
7963.000,-997204716.959
7964.000,-997204558.711
7965.000,-997204716.959
7966.000,-997204558.711
7967.000,-997204637.835
7968.000,-997204479.587
7969.000,-997204716.959
7970.000,-997204558.711
7971.000,-997204716.959
7972.000,-997204558.711
7973.000,-997204716.959
7974.000,-997204558.711
7975.000,-997204716.959
7976.000,-997204479.587
7977.000,-997204716.959
7978.000,-997204558.711
7979.000,-997204716.959
7980.000,-997204558.711
7981.000,-997204716.959
7982.000,-997204558.711
7983.000,-997204637.835
7984.000,-997204479.587
7985.000,-997204716.959
7986.000,-997204558.711
7987.000,-997204716.959
7988.000,-997204558.711
7989.000,-997204716.959
7990.000,-997204558.711
7991.000,-997204637.835
7992.000,-997204479.587
7993.000,-997204716.959
7994.000,-997204558.711
7995.000,-997204796.083
7996.000,-997204637.835
7997.000,-997204796.083
7998.000,-997204558.711
7999.000,-997204637.835
8000.000,-997204479.587
8001.000,-997204637.835
8002.000,-997204558.711
8003.000,-997204716.959
8004.000,-997204637.835
8005.000,-997204796.083
8006.000,-997204558.711
8007.000,-997204716.959
8008.000,-997204479.587
8009.000,-997204637.835
8010.000,-997204479.587
8011.000,-997204716.959
8012.000,-997204558.711
8013.000,-997204796.083
8014.000,-997204558.711
8015.000,-997204716.959
8016.000,-997204558.711
8017.000,-997204637.835
8018.000,-997204479.587
8019.000,-997204716.959
8020.000,-997204558.711
8021.000,-997204716.959
8022.000,-997204558.711
8023.000,-997204716.959
8024.000,-997204558.711
8025.000,-997204716.959
8026.000,-997204558.711
8027.000,-997204716.959
8028.000,-997204558.711
8029.000,-997204716.959
8030.000,-997204558.711
8031.000,-997204716.959
8032.000,-997204558.711
8033.000,-997204716.959
8034.000,-997204558.711
8035.000,-997204716.959
8036.000,-997204558.711
8037.000,-997204716.959
8038.000,-997204558.711
8039.000,-997204716.959
8040.000,-997204558.711
8041.000,-997204637.835
8042.000,-997204479.587
8043.000,-997204716.959
8044.000,-997204558.711
8045.000,-997204716.959
8046.000,-997204558.711
8047.000,-997204716.959
8048.000,-997204558.711
8049.000,-997204637.835
8050.000,-997204479.587
8051.000,-997204637.835
8052.000,-997204558.711
8053.000,-997204716.959
8054.000,-997204637.835
8055.000,-997204796.083
8056.000,-997204558.711
8057.000,-997204716.959
8058.000,-997204479.587
8059.000,-997204637.835
8060.000,-997204479.587
8061.000,-997204716.959
8062.000,-997204637.835
8063.000,-997204796.083
8064.000,-997204558.711
8065.000,-997204716.959
8066.000,-997204479.587
8067.000,-997204637.835
8068.000,-997204479.587
8069.000,-997204716.959
8070.000,-997204558.711
8071.000,-997204796.083
8072.000,-997204637.835
8073.000,-997204716.959
8074.000,-997204558.711
8075.000,-997204637.835
8076.000,-997204479.587
8077.000,-997204716.959
8078.000,-997204558.711
8079.000,-997204796.083
8080.000,-997204558.711
8081.000,-997204716.959
8082.000,-997204558.711
8083.000,-997204637.835
8084.000,-997204479.587
8085.000,-997204716.959
8086.000,-997204558.711
8087.000,-997204716.959
8088.000,-997204558.711
8089.000,-997204716.959
8090.000,-997204558.711
8091.000,-997204716.959
8092.000,-997204479.587
8093.000,-997204716.959
8094.000,-997204558.711
8095.000,-997204716.959
8096.000,-997204558.711
8097.000,-997204716.959
8098.000,-997204558.711
8099.000,-997204637.835
8100.000,-997204479.587
8101.000,-997204637.835
8102.000,-997204558.711
8103.000,-997204716.959
8104.000,-997204637.835
8105.000,-997204796.083
8106.000,-997204558.711
8107.000,-997204637.835
8108.000,-997204479.587
8109.000,-997204637.835
8110.000,-997204558.711
8111.000,-997204716.959
8112.000,-997204637.835
8113.000,-997204796.083
8114.000,-997204558.711
8115.000,-997204716.959
8116.000,-997204479.587
8117.000,-997204637.835
8118.000,-997204479.587
8119.000,-997204716.959
8120.000,-997204558.711
8121.000,-997204796.083
8122.000,-997204637.835
8123.000,-997204716.959
8124.000,-997204479.587
8125.000,-997204637.835
8126.000,-997204479.587
8127.000,-997204716.959
8128.000,-997204558.711
8129.000,-997204796.083
8130.000,-997204637.835
8131.000,-997204716.959
8132.000,-997204558.711
8133.000,-997204637.835
8134.000,-997204479.587
8135.000,-997204637.835
8136.000,-997204558.711
8137.000,-997204716.959
8138.000,-997204637.835
8139.000,-997204796.083
8140.000,-997204558.711
8141.000,-997204716.959
8142.000,-997204479.587
8143.000,-997204637.835
8144.000,-997204558.711
8145.000,-997204716.959
8146.000,-997204558.711
8147.000,-997204716.959
8148.000,-997204558.711
8149.000,-997204716.959
8150.000,-997204479.587
8151.000,-997204716.959
8152.000,-997204558.711
8153.000,-997204716.959
8154.000,-997204558.711
8155.000,-997204716.959
8156.000,-997204558.711
8157.000,-997204716.959
8158.000,-997204479.587
8159.000,-997204637.835
8160.000,-997204558.711
8161.000,-997204716.959
8162.000,-997204637.835
8163.000,-997204796.083
8164.000,-997204558.711
8165.000,-997204716.959
8166.000,-997204479.587
8167.000,-997204637.835
8168.000,-997204479.587
8169.000,-997204716.959
8170.000,-997204558.711
8171.000,-997204796.083
8172.000,-997204637.835
8173.000,-997204716.959
8174.000,-997204479.587
8175.000,-997204637.835
8176.000,-997204479.587
8177.000,-997204716.959
8178.000,-997204558.711
8179.000,-997204796.083
8180.000,-997204637.835
8181.000,-997204716.959
8182.000,-997204558.711
8183.000,-997204637.835
8184.000,-997204479.587
8185.000,-997204637.835
8186.000,-997204558.711
8187.000,-997204796.083
8188.000,-997204637.835
8189.000,-997204796.083
8190.000,-997204558.711
8191.000,-997204716.959
8192.000,-997204479.587
8193.000,-997204637.835
8194.000,-997204558.711
8195.000,-997204716.959
8196.000,-997204558.711
8197.000,-997204716.959
8198.000,-997204558.711
8199.000,-997204716.959
8200.000,-997204479.587
8201.000,-997204637.835
8202.000,-997204558.711
8203.000,-997204716.959
8204.000,-997204558.711
8205.000,-997204716.959
8206.000,-997204558.711
8207.000,-997204716.959
8208.000,-997204479.587
8209.000,-997204637.835
8210.000,-997204558.711
8211.000,-997204716.959
8212.000,-997204637.835
8213.000,-997204796.083
8214.000,-997204558.711
8215.000,-997204716.959
8216.000,-997204479.587
8217.000,-997204637.835
8218.000,-997204479.587
8219.000,-997204716.959
8220.000,-997204637.835
8221.000,-997204796.083
8222.000,-997204637.835
8223.000,-997204716.959
8224.000,-997204479.587
8225.000,-997204637.835
8226.000,-997204479.587
8227.000,-997204716.959
8228.000,-997204558.711
8229.000,-997204796.083
8230.000,-997204637.835
8231.000,-997204716.959
8232.000,-997204558.711
8233.000,-997204637.835
8234.000,-997204479.587
8235.000,-997204637.835
8236.000,-997204558.711
8237.000,-997204796.083
8238.000,-997204637.835
8239.000,-997204796.083
8240.000,-997204558.711
8241.000,-997204637.835
8242.000,-997204479.587
8243.000,-997204637.835
8244.000,-997204479.587
8245.000,-997204716.959
8246.000,-997204637.835
8247.000,-997204796.083
8248.000,-997204558.711
8249.000,-997204716.959
8250.000,-997204479.587
8251.000,-997204637.835
8252.000,-997204479.587
8253.000,-997204716.959
8254.000,-997204558.711
8255.000,-997204716.959
8256.000,-997204558.711
8257.000,-997204716.959
8258.000,-997204479.587
8259.000,-997204637.835
8260.000,-997204479.587
8261.000,-997204716.959
8262.000,-997204558.711
8263.000,-997204716.959
8264.000,-997204558.711
8265.000,-997204716.959
8266.000,-997204479.587
8267.000,-997204637.835
8268.000,-997204558.711
8269.000,-997204716.959
8270.000,-997204558.711
8271.000,-997204796.083
8272.000,-997204558.711
8273.000,-997204716.959
8274.000,-997204479.587
8275.000,-997204637.835
8276.000,-997204479.587
8277.000,-997204716.959
8278.000,-997204558.711
8279.000,-997204796.083
8280.000,-997204558.711
8281.000,-997204716.959
8282.000,-997204479.587
8283.000,-997204637.835
8284.000,-997204479.587
8285.000,-997204716.959
8286.000,-997204558.711
8287.000,-997204796.083
8288.000,-997204637.835
8289.000,-997204716.959
8290.000,-997204558.711
8291.000,-997204637.835
8292.000,-997204479.587
8293.000,-997204637.835
8294.000,-997204558.711
8295.000,-997204796.083
8296.000,-997204637.835
8297.000,-997204796.083
8298.000,-997204558.711
8299.000,-997204637.835
8300.000,-997204479.587
8301.000,-997204637.835
8302.000,-997204479.587
8303.000,-997204716.959
8304.000,-997204637.835
8305.000,-997204796.083
8306.000,-997204558.711
8307.000,-997204716.959
8308.000,-997204479.587
8309.000,-997204637.835
8310.000,-997204479.587
8311.000,-997204716.959
8312.000,-997204558.711
8313.000,-997204796.083
8314.000,-997204558.711
8315.000,-997204716.959
8316.000,-997204479.587
8317.000,-997204637.835
8318.000,-997204479.587
8319.000,-997204716.959
8320.000,-997204558.711
8321.000,-997204796.083
8322.000,-997204558.711
8323.000,-997204716.959
8324.000,-997204558.711
8325.000,-997204637.835
8326.000,-997204479.587
8327.000,-997204716.959
8328.000,-997204558.711
8329.000,-997204796.083
8330.000,-997204558.711
8331.000,-997204716.959
8332.000,-997204558.711
8333.000,-997204637.835
8334.000,-997204479.587
8335.000,-997204716.959
8336.000,-997204558.711
8337.000,-997204796.083
8338.000,-997204637.835
8339.000,-997204716.959
8340.000,-997204558.711
8341.000,-997204637.835
8342.000,-997204479.587
8343.000,-997204637.835
8344.000,-997204558.711
8345.000,-997204796.083
8346.000,-997204637.835
8347.000,-997204796.083
8348.000,-997204558.711
8349.000,-997204637.835
8350.000,-997204479.587
8351.000,-997204637.835
8352.000,-997204558.711
8353.000,-997204716.959
8354.000,-997204637.835
8355.000,-997204796.083
8356.000,-997204558.711
8357.000,-997204716.959
8358.000,-997204479.587
8359.000,-997204637.835
8360.000,-997204479.587
8361.000,-997204716.959
8362.000,-997204558.711
8363.000,-997204796.083
8364.000,-997204558.711
8365.000,-997204716.959
8366.000,-997204479.587
8367.000,-997204637.835
8368.000,-997204479.587
8369.000,-997204716.959
8370.000,-997204558.711
8371.000,-997204796.083
8372.000,-997204558.711
8373.000,-997204716.959
8374.000,-997204558.711
8375.000,-997204637.835
8376.000,-997204479.587
8377.000,-997204716.959
8378.000,-997204558.711
8379.000,-997204716.959
8380.000,-997204558.711
8381.000,-997204716.959
8382.000,-997204558.711
8383.000,-997204716.959
8384.000,-997204479.587
8385.000,-997204716.959
8386.000,-997204558.711
8387.000,-997204716.959
8388.000,-997204558.711
8389.000,-997204716.959
8390.000,-997204558.711
8391.000,-997204637.835
8392.000,-997204479.587
8393.000,-997204716.959
8394.000,-997204558.711
8395.000,-997204716.959
8396.000,-997204558.711
8397.000,-997204716.959
8398.000,-997204558.711
8399.000,-997204637.835
8400.000,-997204479.587
8401.000,-997204637.835
8402.000,-997204558.711
8403.000,-997204716.959
8404.000,-997204637.835
8405.000,-997204796.083
8406.000,-997204558.711
8407.000,-997204716.959
8408.000,-997204479.587
8409.000,-997204637.835
8410.000,-997204479.587
8411.000,-997204716.959
8412.000,-997204637.835
8413.000,-997204796.083
8414.000,-997204558.711
8415.000,-997204716.959
8416.000,-997204479.587
8417.000,-997204637.835
8418.000,-997204479.587
8419.000,-997204716.959
8420.000,-997204558.711
8421.000,-997204796.083
8422.000,-997204558.711
8423.000,-997204716.959
8424.000,-997204558.711
8425.000,-997204637.835
8426.000,-997204479.587
8427.000,-997204716.959
8428.000,-997204558.711
8429.000,-997204716.959
8430.000,-997204558.711
8431.000,-997204716.959
8432.000,-997204558.711
8433.000,-997204637.835
8434.000,-997204479.587
8435.000,-997204716.959
8436.000,-997204558.711
8437.000,-997204716.959
8438.000,-997204558.711
8439.000,-997204716.959
8440.000,-997204558.711
8441.000,-997204637.835
8442.000,-997204479.587
8443.000,-997204716.959
8444.000,-997204558.711
8445.000,-997204716.959
8446.000,-997204558.711
8447.000,-997204716.959
8448.000,-997204558.711
8449.000,-997204637.835
8450.000,-997204479.587
8451.000,-997204637.835
8452.000,-997204558.711
8453.000,-997204716.959
8454.000,-997204637.835
8455.000,-997204716.959
8456.000,-997204558.711
8457.000,-997204637.835
8458.000,-997204479.587
8459.000,-997204637.835
8460.000,-997204558.711
8461.000,-997204716.959
8462.000,-997204637.835
8463.000,-997204796.083
8464.000,-997204558.711
8465.000,-997204716.959
8466.000,-997204479.587
8467.000,-997204637.835
8468.000,-997204479.587
8469.000,-997204716.959
8470.000,-997204558.711
8471.000,-997204796.083
8472.000,-997204558.711
8473.000,-997204716.959
8474.000,-997204479.587
8475.000,-997204637.835
8476.000,-997204479.587
8477.000,-997204716.959
8478.000,-997204558.711
8479.000,-997204796.083
8480.000,-997204558.711
8481.000,-997204716.959
8482.000,-997204558.711
8483.000,-997204637.835
8484.000,-997204479.587
8485.000,-997204716.959
8486.000,-997204558.711
8487.000,-997204796.083
8488.000,-997204637.835
8489.000,-997204716.959
8490.000,-997204558.711
8491.000,-997204637.835
8492.000,-997204479.587
8493.000,-997204637.835
8494.000,-997204558.711
8495.000,-997204716.959
8496.000,-997204637.835
8497.000,-997204716.959
8498.000,-997204558.711
8499.000,-997204716.959
8500.000,-997204479.587
8501.000,-997204637.835
8502.000,-997204558.711
8503.000,-997204716.959
8504.000,-997204558.711
8505.000,-997204716.959
8506.000,-997204558.711
8507.000,-997204716.959
8508.000,-997204479.587
8509.000,-997204637.835
8510.000,-997204558.711
8511.000,-997204716.959
8512.000,-997204558.711
8513.000,-997204716.959
8514.000,-997204558.711
8515.000,-997204716.959
8516.000,-997204479.587
8517.000,-997204637.835
8518.000,-997204479.587
8519.000,-997204716.959
8520.000,-997204558.711
8521.000,-997204796.083
8522.000,-997204558.711
8523.000,-997204716.959
8524.000,-997204479.587
8525.000,-997204637.835
8526.000,-997204479.587
8527.000,-997204716.959
8528.000,-997204558.711
8529.000,-997204796.083
8530.000,-997204558.711
8531.000,-997204716.959
8532.000,-997204558.711
8533.000,-997204637.835
8534.000,-997204479.587
8535.000,-997204716.959
8536.000,-997204558.711
8537.000,-997204796.083
8538.000,-997204637.835
8539.000,-997204716.959
8540.000,-997204558.711
8541.000,-997204637.835
8542.000,-997204479.587
8543.000,-997204716.959
8544.000,-997204558.711
8545.000,-997204716.959
8546.000,-997204637.835
8547.000,-997204716.959
8548.000,-997204558.711
8549.000,-997204716.959
8550.000,-997204479.587
8551.000,-997204716.959
8552.000,-997204558.711
8553.000,-997204716.959
8554.000,-997204558.711
8555.000,-997204716.959
8556.000,-997204558.711
8557.000,-997204716.959
8558.000,-997204479.587
8559.000,-997204637.835
8560.000,-997204558.711
8561.000,-997204716.959
8562.000,-997204637.835
8563.000,-997204716.959
8564.000,-997204558.711
8565.000,-997204637.835
8566.000,-997204479.587
8567.000,-997204637.835
8568.000,-997204558.711
8569.000,-997204716.959
8570.000,-997204637.835
8571.000,-997204796.083
8572.000,-997204558.711
8573.000,-997204716.959
8574.000,-997204479.587
8575.000,-997204637.835
8576.000,-997204479.587
8577.000,-997204716.959
8578.000,-997204637.835
8579.000,-997204796.083
8580.000,-997204637.835
8581.000,-997204716.959
8582.000,-997204479.587
8583.000,-997204637.835
8584.000,-997204479.587
8585.000,-997204716.959
8586.000,-997204558.711
8587.000,-997204796.083
8588.000,-997204637.835
8589.000,-997204716.959
8590.000,-997204558.711
8591.000,-997204637.835
8592.000,-997204479.587
8593.000,-997204637.835
8594.000,-997204558.711
8595.000,-997204716.959
8596.000,-997204637.835
8597.000,-997204796.083
8598.000,-997204558.711
8599.000,-997204716.959
8600.000,-997204479.587
8601.000,-997204637.835
8602.000,-997204558.711
8603.000,-997204716.959
8604.000,-997204637.835
8605.000,-997204796.083
8606.000,-997204558.711
8607.000,-997204716.959
8608.000,-997204479.587
8609.000,-997204637.835
8610.000,-997204558.711
8611.000,-997204716.959
8612.000,-997204558.711
8613.000,-997204716.959
8614.000,-997204558.711
8615.000,-997204716.959
8616.000,-997204479.587
8617.000,-997204637.835
8618.000,-997204558.711
8619.000,-997204716.959
8620.000,-997204558.711
8621.000,-997204796.083
8622.000,-997204558.711
8623.000,-997204716.959
8624.000,-997204479.587
8625.000,-997204637.835
8626.000,-997204479.587
8627.000,-997204716.959
8628.000,-997204558.711
8629.000,-997204796.083
8630.000,-997204558.711
8631.000,-997204716.959
8632.000,-997204479.587
8633.000,-997204637.835
8634.000,-997204479.587
8635.000,-997204716.959
8636.000,-997204558.711
8637.000,-997204796.083
8638.000,-997204637.835
8639.000,-997204716.959
8640.000,-997204558.711
8641.000,-997204637.835
8642.000,-997204479.587
8643.000,-997204637.835
8644.000,-997204558.711
8645.000,-997204716.959
8646.000,-997204637.835
8647.000,-997204716.959
8648.000,-997204558.711
8649.000,-997204637.835
8650.000,-997204479.587
8651.000,-997204637.835
8652.000,-997204558.711
8653.000,-997204716.959
8654.000,-997204637.835
8655.000,-997204796.083
8656.000,-997204558.711
8657.000,-997204716.959
8658.000,-997204479.587
8659.000,-997204637.835
8660.000,-997204558.711
8661.000,-997204716.959
8662.000,-997204558.711
8663.000,-997204796.083
8664.000,-997204558.711
8665.000,-997204716.959
8666.000,-997204479.587
8667.000,-997204637.835
8668.000,-997204479.587
8669.000,-997204716.959
8670.000,-997204558.711
8671.000,-997204796.083
8672.000,-997204558.711
8673.000,-997204716.959
8674.000,-997204479.587
8675.000,-997204637.835
8676.000,-997204479.587
8677.000,-997204716.959
8678.000,-997204558.711
8679.000,-997204796.083
8680.000,-997204558.711
8681.000,-997204716.959
8682.000,-997204558.711
8683.000,-997204637.835
8684.000,-997204479.587
8685.000,-997204716.959
8686.000,-997204558.711
8687.000,-997204716.959
8688.000,-997204558.711
8689.000,-997204716.959
8690.000,-997204558.711
8691.000,-997204637.835
8692.000,-997204479.587
8693.000,-997204716.959
8694.000,-997204558.711
8695.000,-997204716.959
8696.000,-997204637.835
8697.000,-997204716.959
8698.000,-997204558.711
8699.000,-997204637.835
8700.000,-997204479.587
8701.000,-997204637.835
8702.000,-997204558.711
8703.000,-997204716.959
8704.000,-997204637.835
8705.000,-997204796.083
8706.000,-997204558.711
8707.000,-997204637.835
8708.000,-997204479.587
8709.000,-997204637.835
8710.000,-997204558.711
8711.000,-997204716.959
8712.000,-997204637.835
8713.000,-997204796.083
8714.000,-997204558.711
8715.000,-997204716.959
8716.000,-997204479.587
8717.000,-997204637.835
8718.000,-997204479.587
8719.000,-997204716.959
8720.000,-997204558.711
8721.000,-997204796.083
8722.000,-997204637.835
8723.000,-997204716.959
8724.000,-997204479.587
8725.000,-997204637.835
8726.000,-997204479.587
8727.000,-997204716.959
8728.000,-997204558.711
8729.000,-997204796.083
8730.000,-997204637.835
8731.000,-997204716.959
8732.000,-997204558.711
8733.000,-997204637.835
8734.000,-997204479.587
8735.000,-997204637.835
8736.000,-997204558.711
8737.000,-997204716.959
8738.000,-997204637.835
8739.000,-997204716.959
8740.000,-997204558.711
8741.000,-997204716.959
8742.000,-997204479.587
8743.000,-997204637.835
8744.000,-997204558.711
8745.000,-997204716.959
8746.000,-997204558.711
8747.000,-997204716.959
8748.000,-997204558.711
8749.000,-997204716.959
8750.000,-997204479.587
8751.000,-997204637.835
8752.000,-997204558.711
8753.000,-997204716.959
8754.000,-997204558.711
8755.000,-997204716.959
8756.000,-997204558.711
8757.000,-997204716.959
8758.000,-997204479.587
8759.000,-997204637.835
8760.000,-997204558.711
8761.000,-997204716.959
8762.000,-997204558.711
8763.000,-997204716.959
8764.000,-997204558.711
8765.000,-997204716.959
8766.000,-997204479.587
8767.000,-997204637.835
8768.000,-997204479.587
8769.000,-997204716.959
8770.000,-997204558.711
8771.000,-997204716.959
8772.000,-997204558.711
8773.000,-997204716.959
8774.000,-997204479.587
8775.000,-997204637.835
8776.000,-997204479.587
8777.000,-997204716.959
8778.000,-997204558.711
8779.000,-997204716.959
8780.000,-997204558.711
8781.000,-997204716.959
8782.000,-997204558.711
8783.000,-997204637.835
8784.000,-997204479.587
8785.000,-997204716.959
8786.000,-997204558.711
8787.000,-997204716.959
8788.000,-997204558.711
8789.000,-997204716.959
8790.000,-997204558.711
8791.000,-997204637.835
8792.000,-997204479.587
8793.000,-997204637.835
8794.000,-997204558.711
8795.000,-997204716.959
8796.000,-997204558.711
8797.000,-997204716.959
8798.000,-997204558.711
8799.000,-997204716.959
8800.000,-997204479.587
8801.000,-997204637.835
8802.000,-997204558.711
8803.000,-997204716.959
8804.000,-997204558.711
8805.000,-997204716.959
8806.000,-997204558.711
8807.000,-997204716.959
8808.000,-997204479.587
8809.000,-997204637.835
8810.000,-997204558.711
8811.000,-997204716.959
8812.000,-997204558.711
8813.000,-997204716.959
8814.000,-997204558.711
8815.000,-997204716.959
8816.000,-997204479.587
8817.000,-997204637.835
8818.000,-997204558.711
8819.000,-997204716.959
8820.000,-997204558.711
8821.000,-997204716.959
8822.000,-997204558.711
8823.000,-997204716.959
8824.000,-997204479.587
8825.000,-997204637.835
8826.000,-997204479.587
8827.000,-997204716.959
8828.000,-997204558.711
8829.000,-997204716.959
8830.000,-997204558.711
8831.000,-997204716.959
8832.000,-997204479.587
8833.000,-997204637.835
8834.000,-997204479.587
8835.000,-997204716.959
8836.000,-997204558.711
8837.000,-997204796.083
8838.000,-997204637.835
8839.000,-997204716.959
8840.000,-997204558.711
8841.000,-997204637.835
8842.000,-997204479.587
8843.000,-997204637.835
8844.000,-997204558.711
8845.000,-997204716.959
8846.000,-997204637.835
8847.000,-997204716.959
8848.000,-997204558.711
8849.000,-997204716.959
8850.000,-997204479.587
8851.000,-997204637.835
8852.000,-997204558.711
8853.000,-997204716.959
8854.000,-997204558.711
8855.000,-997204716.959
8856.000,-997204558.711
8857.000,-997204716.959
8858.000,-997204479.587
8859.000,-997204637.835
8860.000,-997204558.711
8861.000,-997204716.959
8862.000,-997204558.711
8863.000,-997204716.959
8864.000,-997204558.711
8865.000,-997204716.959
8866.000,-997204558.711
8867.000,-997204637.835
8868.000,-997204558.711
8869.000,-997204716.959
8870.000,-997204558.711
8871.000,-997204716.959
8872.000,-997204558.711
8873.000,-997204716.959
8874.000,-997204558.711
8875.000,-997204637.835
8876.000,-997204558.711
8877.000,-997204716.959
8878.000,-997204558.711
8879.000,-997204716.959
8880.000,-997204558.711
8881.000,-997204716.959
8882.000,-997204558.711
8883.000,-997204637.835
8884.000,-997204479.587
8885.000,-997204716.959
8886.000,-997204558.711
8887.000,-997204716.959
8888.000,-997204558.711
8889.000,-997204716.959
8890.000,-997204558.711
8891.000,-997204637.835
8892.000,-997204479.587
8893.000,-997204716.959
8894.000,-997204558.711
8895.000,-997204716.959
8896.000,-997204558.711
8897.000,-997204716.959
8898.000,-997204558.711
8899.000,-997204716.959
8900.000,-997204479.587
8901.000,-997204637.835
8902.000,-997204558.711
8903.000,-997204716.959
8904.000,-997204558.711
8905.000,-997204716.959
8906.000,-997204558.711
8907.000,-997204716.959
8908.000,-997204479.587
8909.000,-997204637.835
8910.000,-997204558.711
8911.000,-997204716.959
8912.000,-997204558.711
8913.000,-997204716.959
8914.000,-997204558.711
8915.000,-997204716.959
8916.000,-997204479.587
8917.000,-997204637.835
8918.000,-997204558.711
8919.000,-997204716.959
8920.000,-997204558.711
8921.000,-997204716.959
8922.000,-997204558.711
8923.000,-997204716.959
8924.000,-997204558.711
8925.000,-997204637.835
8926.000,-997204558.711
8927.000,-997204716.959
8928.000,-997204558.711
8929.000,-997204716.959
8930.000,-997204558.711
8931.000,-997204716.959
8932.000,-997204558.711
8933.000,-997204637.835
8934.000,-997204479.587
8935.000,-997204716.959
8936.000,-997204558.711
8937.000,-997204716.959
8938.000,-997204558.711
8939.000,-997204716.959
8940.000,-997204558.711
8941.000,-997204637.835
8942.000,-997204479.587
8943.000,-997204716.959
8944.000,-997204558.711
8945.000,-997204716.959
8946.000,-997204558.711
8947.000,-997204716.959
8948.000,-997204558.711
8949.000,-997204637.835
8950.000,-997204479.587
8951.000,-997204637.835
8952.000,-997204558.711
8953.000,-997204716.959
8954.000,-997204558.711
8955.000,-997204716.959
8956.000,-997204558.711
8957.000,-997204716.959
8958.000,-997204479.587
8959.000,-997204637.835
8960.000,-997204558.711
8961.000,-997204716.959
8962.000,-997204558.711
8963.000,-997204716.959
8964.000,-997204558.711
8965.000,-997204716.959
8966.000,-997204479.587
8967.000,-997204637.835
8968.000,-997204558.711
8969.000,-997204716.959
8970.000,-997204558.711
8971.000,-997204716.959
8972.000,-997204558.711
8973.000,-997204716.959
8974.000,-997204558.711
8975.000,-997204637.835
8976.000,-997204479.587
8977.000,-997204716.959
8978.000,-997204558.711
8979.000,-997204716.959
8980.000,-997204558.711
8981.000,-997204716.959
8982.000,-997204558.711
8983.000,-997204637.835
8984.000,-997204479.587
8985.000,-997204716.959
8986.000,-997204558.711
8987.000,-997204716.959
8988.000,-997204558.711
8989.000,-997204716.959
8990.000,-997204558.711
8991.000,-997204637.835
8992.000,-997204479.587
8993.000,-997204716.959
8994.000,-997204558.711
8995.000,-997204716.959
8996.000,-997204558.711
8997.000,-997204716.959
8998.000,-997204558.711
8999.000,-997204637.835
9000.000,-997204479.587
9001.000,-997204716.959
9002.000,-997204558.711
9003.000,-997204716.959
9004.000,-997204637.835
9005.000,-997204716.959
9006.000,-997204558.711
9007.000,-997204716.959
9008.000,-997204479.587
9009.000,-997204637.835
9010.000,-997204558.711
9011.000,-997204716.959
9012.000,-997204637.835
9013.000,-997204796.083
9014.000,-997204558.711
9015.000,-997204716.959
9016.000,-997204479.587
9017.000,-997204637.835
9018.000,-997204479.587
9019.000,-997204716.959
9020.000,-997204558.711
9021.000,-997204796.083
9022.000,-997204558.711
9023.000,-997204716.959
9024.000,-997204558.711
9025.000,-997204637.835
9026.000,-997204479.587
9027.000,-997204716.959
9028.000,-997204558.711
9029.000,-997204716.959
9030.000,-997204558.711
9031.000,-997204716.959
9032.000,-997204558.711
9033.000,-997204637.835
9034.000,-997204479.587
9035.000,-997204716.959
9036.000,-997204558.711
9037.000,-997204716.959
9038.000,-997204558.711
9039.000,-997204716.959
9040.000,-997204558.711
9041.000,-997204716.959
9042.000,-997204558.711
9043.000,-997204716.959
9044.000,-997204558.711
9045.000,-997204716.959
9046.000,-997204558.711
9047.000,-997204716.959
9048.000,-997204558.711
9049.000,-997204716.959
9050.000,-997204558.711
9051.000,-997204716.959
9052.000,-997204558.711
9053.000,-997204716.959
9054.000,-997204558.711
9055.000,-997204716.959
9056.000,-997204558.711
9057.000,-997204637.835
9058.000,-997204479.587
9059.000,-997204716.959
9060.000,-997204558.711
9061.000,-997204716.959
9062.000,-997204637.835
9063.000,-997204716.959
9064.000,-997204558.711
9065.000,-997204637.835
9066.000,-997204479.587
9067.000,-997204637.835
9068.000,-997204558.711
9069.000,-997204716.959
9070.000,-997204637.835
9071.000,-997204796.083
9072.000,-997204558.711
9073.000,-997204716.959
9074.000,-997204479.587
9075.000,-997204637.835
9076.000,-997204479.587
9077.000,-997204716.959
9078.000,-997204558.711
9079.000,-997204796.083
9080.000,-997204637.835
9081.000,-997204716.959
9082.000,-997204558.711
9083.000,-997204637.835
9084.000,-997204479.587
9085.000,-997204637.835
9086.000,-997204558.711
9087.000,-997204716.959
9088.000,-997204637.835
9089.000,-997204716.959
9090.000,-997204558.711
9091.000,-997204637.835
9092.000,-997204479.587
9093.000,-997204637.835
9094.000,-997204558.711
9095.000,-997204716.959
9096.000,-997204558.711
9097.000,-997204716.959
9098.000,-997204558.711
9099.000,-997204716.959
9100.000,-997204479.587
9101.000,-997204637.835
9102.000,-997204558.711
9103.000,-997204716.959
9104.000,-997204558.711
9105.000,-997204716.959
9106.000,-997204558.711
9107.000,-997204716.959
9108.000,-997204479.587
9109.000,-997204637.835
9110.000,-997204558.711
9111.000,-997204716.959
9112.000,-997204558.711
9113.000,-997204716.959
9114.000,-997204558.711
9115.000,-997204716.959
9116.000,-997204479.587
9117.000,-997204637.835
9118.000,-997204558.711
9119.000,-997204716.959
9120.000,-997204558.711
9121.000,-997204796.083
9122.000,-997204558.711
9123.000,-997204716.959
9124.000,-997204479.587
9125.000,-997204637.835
9126.000,-997204479.587
9127.000,-997204716.959
9128.000,-997204558.711
9129.000,-997204796.083
9130.000,-997204637.835
9131.000,-997204716.959
9132.000,-997204558.711
9133.000,-997204637.835
9134.000,-997204479.587
9135.000,-997204637.835
9136.000,-997204558.711
9137.000,-997204716.959
9138.000,-997204637.835
9139.000,-997204716.959
9140.000,-997204558.711
9141.000,-997204637.835
9142.000,-997204479.587
9143.000,-997204637.835
9144.000,-997204558.711
9145.000,-997204716.959
9146.000,-997204637.835
9147.000,-997204796.083
9148.000,-997204558.711
9149.000,-997204716.959
9150.000,-997204479.587
9151.000,-997204637.835
9152.000,-997204558.711
9153.000,-997204716.959
9154.000,-997204558.711
9155.000,-997204796.083
9156.000,-997204558.711
9157.000,-997204716.959
9158.000,-997204558.711
9159.000,-997204637.835
9160.000,-997204558.711
9161.000,-997204716.959
9162.000,-997204558.711
9163.000,-997204716.959
9164.000,-997204558.711
9165.000,-997204716.959
9166.000,-997204558.711
9167.000,-997204637.835
9168.000,-997204558.711
9169.000,-997204716.959
9170.000,-997204558.711
9171.000,-997204716.959
9172.000,-997204558.711
9173.000,-997204716.959
9174.000,-997204558.711
9175.000,-997204637.835
9176.000,-997204479.587
9177.000,-997204716.959
9178.000,-997204558.711
9179.000,-997204716.959
9180.000,-997204558.711
9181.000,-997204716.959
9182.000,-997204558.711
9183.000,-997204637.835
9184.000,-997204479.587
9185.000,-997204716.959
9186.000,-997204558.711
9187.000,-997204716.959
9188.000,-997204637.835
9189.000,-997204716.959
9190.000,-997204558.711
9191.000,-997204637.835
9192.000,-997204479.587
9193.000,-997204637.835
9194.000,-997204558.711
9195.000,-997204716.959
9196.000,-997204637.835
9197.000,-997204716.959
9198.000,-997204558.711
9199.000,-997204716.959
9200.000,-997204479.587
9201.000,-997204637.835
9202.000,-997204558.711
9203.000,-997204716.959
9204.000,-997204637.835
9205.000,-997204796.083
9206.000,-997204558.711
9207.000,-997204716.959
9208.000,-997204479.587
9209.000,-997204637.835
9210.000,-997204479.587
9211.000,-997204716.959
9212.000,-997204558.711
9213.000,-997204796.083
9214.000,-997204558.711
9215.000,-997204716.959
9216.000,-997204558.711
9217.000,-997204637.835
9218.000,-997204479.587
9219.000,-997204716.959
9220.000,-997204558.711
9221.000,-997204716.959
9222.000,-997204558.711
9223.000,-997204716.959
9224.000,-997204558.711
9225.000,-997204637.835
9226.000,-997204479.587
9227.000,-997204716.959
9228.000,-997204558.711
9229.000,-997204716.959
9230.000,-997204558.711
9231.000,-997204716.959
9232.000,-997204558.711
9233.000,-997204637.835
9234.000,-997204479.587
9235.000,-997204716.959
9236.000,-997204558.711
9237.000,-997204716.959
9238.000,-997204637.835
9239.000,-997204716.959
9240.000,-997204558.711
9241.000,-997204637.835
9242.000,-997204479.587
9243.000,-997204637.835
9244.000,-997204558.711
9245.000,-997204716.959
9246.000,-997204637.835
9247.000,-997204796.083
9248.000,-997204558.711
9249.000,-997204637.835
9250.000,-997204479.587
9251.000,-997204637.835
9252.000,-997204479.587
9253.000,-997204716.959
9254.000,-997204637.835
9255.000,-997204796.083
9256.000,-997204558.711
9257.000,-997204716.959
9258.000,-997204479.587
9259.000,-997204637.835
9260.000,-997204479.587
9261.000,-997204716.959
9262.000,-997204558.711
9263.000,-997204796.083
9264.000,-997204637.835
9265.000,-997204716.959
9266.000,-997204558.711
9267.000,-997204637.835
9268.000,-997204479.587
9269.000,-997204716.959
9270.000,-997204558.711
9271.000,-997204716.959
9272.000,-997204558.711
9273.000,-997204716.959
9274.000,-997204558.711
9275.000,-997204716.959
9276.000,-997204479.587
9277.000,-997204716.959
9278.000,-997204558.711
9279.000,-997204716.959
9280.000,-997204558.711
9281.000,-997204716.959
9282.000,-997204558.711
9283.000,-997204716.959
9284.000,-997204479.587
9285.000,-997204716.959
9286.000,-997204558.711
9287.000,-997204716.959
9288.000,-997204558.711
9289.000,-997204716.959
9290.000,-997204558.711
9291.000,-997204637.835
9292.000,-997204479.587
9293.000,-997204637.835
9294.000,-997204558.711
9295.000,-997204716.959
9296.000,-997204558.711
9297.000,-997204716.959
9298.000,-997204558.711
9299.000,-997204637.835
9300.000,-997204479.587
9301.000,-997204637.835
9302.000,-997204558.711
9303.000,-997204716.959
9304.000,-997204637.835
9305.000,-997204796.083
9306.000,-997204558.711
9307.000,-997204716.959
9308.000,-997204479.587
9309.000,-997204637.835
9310.000,-997204479.587
9311.000,-997204716.959
9312.000,-997204558.711
9313.000,-997204796.083
9314.000,-997204558.711
9315.000,-997204716.959
9316.000,-997204558.711
9317.000,-997204637.835
9318.000,-997204479.587
9319.000,-997204716.959
9320.000,-997204558.711
9321.000,-997204716.959
9322.000,-997204558.711
9323.000,-997204716.959
9324.000,-997204558.711
9325.000,-997204637.835
9326.000,-997204479.587
9327.000,-997204716.959
9328.000,-997204558.711
9329.000,-997204716.959
9330.000,-997204558.711
9331.000,-997204716.959
9332.000,-997204558.711
9333.000,-997204637.835
9334.000,-997204479.587
9335.000,-997204716.959
9336.000,-997204558.711
9337.000,-997204716.959
9338.000,-997204558.711
9339.000,-997204716.959
9340.000,-997204558.711
9341.000,-997204637.835
9342.000,-997204479.587
9343.000,-997204716.959
9344.000,-997204558.711
9345.000,-997204716.959
9346.000,-997204558.711
9347.000,-997204716.959
9348.000,-997204558.711
9349.000,-997204637.835
9350.000,-997204479.587
9351.000,-997204637.835
9352.000,-997204558.711
9353.000,-997204716.959
9354.000,-997204637.835
9355.000,-997204716.959
9356.000,-997204558.711
9357.000,-997204716.959
9358.000,-997204479.587
9359.000,-997204637.835
9360.000,-997204558.711
9361.000,-997204716.959
9362.000,-997204637.835
9363.000,-997204796.083
9364.000,-997204558.711
9365.000,-997204716.959
9366.000,-997204479.587
9367.000,-997204637.835
9368.000,-997204479.587
9369.000,-997204716.959
9370.000,-997204558.711
9371.000,-997204796.083
9372.000,-997204637.835
9373.000,-997204716.959
9374.000,-997204558.711
9375.000,-997204637.835
9376.000,-997204479.587
9377.000,-997204637.835
9378.000,-997204558.711
9379.000,-997204716.959
9380.000,-997204637.835
9381.000,-997204716.959
9382.000,-997204558.711
9383.000,-997204637.835
9384.000,-997204479.587
9385.000,-997204637.835
9386.000,-997204558.711
9387.000,-997204716.959
9388.000,-997204558.711
9389.000,-997204716.959
9390.000,-997204558.711
9391.000,-997204716.959
9392.000,-997204479.587
9393.000,-997204637.835
9394.000,-997204558.711
9395.000,-997204716.959
9396.000,-997204558.711
9397.000,-997204716.959
9398.000,-997204558.711
9399.000,-997204716.959
9400.000,-997204479.587
9401.000,-997204637.835
9402.000,-997204558.711
9403.000,-997204716.959
9404.000,-997204558.711
9405.000,-997204716.959
9406.000,-997204558.711
9407.000,-997204716.959
9408.000,-997204479.587
9409.000,-997204637.835
9410.000,-997204558.711
9411.000,-997204716.959
9412.000,-997204558.711
9413.000,-997204716.959
9414.000,-997204558.711
9415.000,-997204716.959
9416.000,-997204479.587
9417.000,-997204637.835
9418.000,-997204558.711
9419.000,-997204716.959
9420.000,-997204558.711
9421.000,-997204796.083
9422.000,-997204558.711
9423.000,-997204716.959
9424.000,-997204479.587
9425.000,-997204637.835
9426.000,-997204479.587
9427.000,-997204716.959
9428.000,-997204558.711
9429.000,-997204796.083
9430.000,-997204637.835
9431.000,-997204716.959
9432.000,-997204558.711
9433.000,-997204637.835
9434.000,-997204479.587
9435.000,-997204637.835
9436.000,-997204558.711
9437.000,-997204716.959
9438.000,-997204637.835
9439.000,-997204716.959
9440.000,-997204558.711
9441.000,-997204637.835
9442.000,-997204479.587
9443.000,-997204637.835
9444.000,-997204558.711
9445.000,-997204716.959
9446.000,-997204637.835
9447.000,-997204716.959
9448.000,-997204558.711
9449.000,-997204716.959
9450.000,-997204479.587
9451.000,-997204637.835
9452.000,-997204558.711
9453.000,-997204716.959
9454.000,-997204558.711
9455.000,-997204716.959
9456.000,-997204558.711
9457.000,-997204716.959
9458.000,-997204479.587
9459.000,-997204637.835
9460.000,-997204558.711
9461.000,-997204716.959
9462.000,-997204558.711
9463.000,-997204716.959
9464.000,-997204558.711
9465.000,-997204716.959
9466.000,-997204479.587
9467.000,-997204637.835
9468.000,-997204479.587
9469.000,-997204716.959
9470.000,-997204637.835
9471.000,-997204796.083
9472.000,-997204558.711
9473.000,-997204716.959
9474.000,-997204479.587
9475.000,-997204637.835
9476.000,-997204479.587
9477.000,-997204716.959
9478.000,-997204558.711
9479.000,-997204796.083
9480.000,-997204637.835
9481.000,-997204716.959
9482.000,-997204558.711
9483.000,-997204637.835
9484.000,-997204479.587
9485.000,-997204637.835
9486.000,-997204558.711
9487.000,-997204796.083
9488.000,-997204637.835
9489.000,-997204716.959
9490.000,-997204558.711
9491.000,-997204637.835
9492.000,-997204479.587
9493.000,-997204637.835
9494.000,-997204558.711
9495.000,-997204716.959
9496.000,-997204637.835
9497.000,-997204796.083
9498.000,-997204558.711
9499.000,-997204637.835
9500.000,-997204479.587
9501.000,-997204637.835
9502.000,-997204558.711
9503.000,-997204716.959
9504.000,-997204637.835
9505.000,-997204796.083
9506.000,-997204558.711
9507.000,-997204716.959
9508.000,-997204479.587
9509.000,-997204637.835
9510.000,-997204479.587
9511.000,-997204716.959
9512.000,-997204558.711
9513.000,-997204796.083
9514.000,-997204558.711
9515.000,-997204716.959
9516.000,-997204479.587
9517.000,-997204637.835
9518.000,-997204479.587
9519.000,-997204716.959
9520.000,-997204558.711
9521.000,-997204796.083
9522.000,-997204637.835
9523.000,-997204716.959
9524.000,-997204558.711
9525.000,-997204637.835
9526.000,-997204479.587
9527.000,-997204716.959
9528.000,-997204558.711
9529.000,-997204796.083
9530.000,-997204637.835
9531.000,-997204716.959
9532.000,-997204558.711
9533.000,-997204637.835
9534.000,-997204479.587
9535.000,-997204637.835
9536.000,-997204558.711
9537.000,-997204716.959
9538.000,-997204637.835
9539.000,-997204716.959
9540.000,-997204558.711
9541.000,-997204637.835
9542.000,-997204479.587
9543.000,-997204637.835
9544.000,-997204558.711
9545.000,-997204716.959
9546.000,-997204637.835
9547.000,-997204716.959
9548.000,-997204558.711
9549.000,-997204637.835
9550.000,-997204479.587
9551.000,-997204637.835
9552.000,-997204558.711
9553.000,-997204716.959
9554.000,-997204637.835
9555.000,-997204796.083
9556.000,-997204558.711
9557.000,-997204716.959
9558.000,-997204479.587
9559.000,-997204637.835
9560.000,-997204479.587
9561.000,-997204716.959
9562.000,-997204558.711
9563.000,-997204796.083
9564.000,-997204558.711
9565.000,-997204716.959
9566.000,-997204479.587
9567.000,-997204637.835
9568.000,-997204479.587
9569.000,-997204716.959
9570.000,-997204558.711
9571.000,-997204716.959
9572.000,-997204558.711
9573.000,-997204716.959
9574.000,-997204558.711
9575.000,-997204637.835
9576.000,-997204479.587
9577.000,-997204716.959
9578.000,-997204558.711
9579.000,-997204796.083
9580.000,-997204558.711
9581.000,-997204716.959
9582.000,-997204479.587
9583.000,-997204637.835
9584.000,-997204479.587
9585.000,-997204716.959
9586.000,-997204558.711
9587.000,-997204796.083
9588.000,-997204637.835
9589.000,-997204716.959
9590.000,-997204558.711
9591.000,-997204637.835
9592.000,-997204479.587
9593.000,-997204637.835
9594.000,-997204558.711
9595.000,-997204796.083
9596.000,-997204637.835
9597.000,-997204796.083
9598.000,-997204558.711
9599.000,-997204637.835
9600.000,-997204479.587
9601.000,-997204637.835
9602.000,-997204558.711
9603.000,-997204716.959
9604.000,-997204637.835
9605.000,-997204796.083
9606.000,-997204558.711
9607.000,-997204716.959
9608.000,-997204479.587
9609.000,-997204637.835
9610.000,-997204479.587
9611.000,-997204716.959
9612.000,-997204637.835
9613.000,-997204796.083
9614.000,-997204637.835
9615.000,-997204716.959
9616.000,-997204479.587
9617.000,-997204637.835
9618.000,-997204479.587
9619.000,-997204637.835
9620.000,-997204558.711
9621.000,-997204796.083
9622.000,-997204637.835
9623.000,-997204716.959
9624.000,-997204558.711
9625.000,-997204637.835
9626.000,-997204479.587
9627.000,-997204637.835
9628.000,-997204558.711
9629.000,-997204716.959
9630.000,-997204637.835
9631.000,-997204716.959
9632.000,-997204558.711
9633.000,-997204637.835
9634.000,-997204479.587
9635.000,-997204716.959
9636.000,-997204558.711
9637.000,-997204716.959
9638.000,-997204637.835
9639.000,-997204716.959
9640.000,-997204558.711
9641.000,-997204637.835
9642.000,-997204479.587
9643.000,-997204637.835
9644.000,-997204558.711
9645.000,-997204716.959
9646.000,-997204637.835
9647.000,-997204716.959
9648.000,-997204558.711
9649.000,-997204637.835
9650.000,-997204479.587
9651.000,-997204637.835
9652.000,-997204558.711
9653.000,-997204716.959
9654.000,-997204637.835
9655.000,-997204796.083
9656.000,-997204558.711
9657.000,-997204716.959
9658.000,-997204479.587
9659.000,-997204637.835
9660.000,-997204479.587
9661.000,-997204716.959
9662.000,-997204637.835
9663.000,-997204796.083
9664.000,-997204637.835
9665.000,-997204716.959
9666.000,-997204479.587
9667.000,-997204637.835
9668.000,-997204479.587
9669.000,-997204716.959
9670.000,-997204558.711
9671.000,-997204796.083
9672.000,-997204637.835
9673.000,-997204716.959
9674.000,-997204558.711
9675.000,-997204637.835
9676.000,-997204479.587
9677.000,-997204637.835
9678.000,-997204558.711
9679.000,-997204716.959
9680.000,-997204637.835
9681.000,-997204716.959
9682.000,-997204558.711
9683.000,-997204637.835
9684.000,-997204479.587
9685.000,-997204637.835
9686.000,-997204558.711
9687.000,-997204716.959
9688.000,-997204637.835
9689.000,-997204716.959
9690.000,-997204558.711
9691.000,-997204637.835
9692.000,-997204479.587
9693.000,-997204637.835
9694.000,-997204558.711
9695.000,-997204716.959
9696.000,-997204637.835
9697.000,-997204716.959
9698.000,-997204558.711
9699.000,-997204637.835
9700.000,-997204479.587
9701.000,-997204637.835
9702.000,-997204558.711
9703.000,-997204716.959
9704.000,-997204637.835
9705.000,-997204716.959
9706.000,-997204558.711
9707.000,-997204637.835
9708.000,-997204479.587
9709.000,-997204637.835
9710.000,-997204558.711
9711.000,-997204716.959
9712.000,-997204637.835
9713.000,-997204796.083
9714.000,-997204558.711
9715.000,-997204716.959
9716.000,-997204479.587
9717.000,-997204637.835
9718.000,-997204479.587
9719.000,-997204716.959
9720.000,-997204637.835
9721.000,-997204796.083
9722.000,-997204637.835
9723.000,-997204716.959
9724.000,-997204479.587
9725.000,-997204637.835
9726.000,-997204479.587
9727.000,-997204716.959
9728.000,-997204558.711
9729.000,-997204796.083
9730.000,-997204637.835
9731.000,-997204716.959
9732.000,-997204558.711
9733.000,-997204637.835
9734.000,-997204479.587
9735.000,-997204637.835
9736.000,-997204558.711
9737.000,-997204716.959
9738.000,-997204637.835
9739.000,-997204716.959
9740.000,-997204558.711
9741.000,-997204637.835
9742.000,-997204479.587
9743.000,-997204637.835
9744.000,-997204558.711
9745.000,-997204716.959
9746.000,-997204637.835
9747.000,-997204716.959
9748.000,-997204558.711
9749.000,-997204637.835
9750.000,-997204479.587
9751.000,-997204637.835
9752.000,-997204558.711
9753.000,-997204716.959
9754.000,-997204558.711
9755.000,-997204716.959
9756.000,-997204558.711
9757.000,-997204716.959
9758.000,-997204479.587
9759.000,-997204637.835
9760.000,-997204558.711
9761.000,-997204716.959
9762.000,-997204558.711
9763.000,-997204716.959
9764.000,-997204558.711
9765.000,-997204716.959
9766.000,-997204479.587
9767.000,-997204637.835
9768.000,-997204558.711
9769.000,-997204716.959
9770.000,-997204558.711
9771.000,-997204796.083
9772.000,-997204558.711
9773.000,-997204716.959
9774.000,-997204479.587
9775.000,-997204637.835
9776.000,-997204479.587
9777.000,-997204716.959
9778.000,-997204558.711
9779.000,-997204796.083
9780.000,-997204637.835
9781.000,-997204716.959
9782.000,-997204558.711
9783.000,-997204637.835
9784.000,-997204479.587
9785.000,-997204716.959
9786.000,-997204558.711
9787.000,-997204716.959
9788.000,-997204637.835
9789.000,-997204716.959
9790.000,-997204558.711
9791.000,-997204637.835
9792.000,-997204479.587
9793.000,-997204637.835
9794.000,-997204558.711
9795.000,-997204716.959
9796.000,-997204637.835
9797.000,-997204716.959
9798.000,-997204558.711
9799.000,-997204637.835
9800.000,-997204479.587
9801.000,-997204637.835
9802.000,-997204558.711
9803.000,-997204716.959
9804.000,-997204558.711
9805.000,-997204716.959
9806.000,-997204558.711
9807.000,-997204716.959
9808.000,-997204479.587
9809.000,-997204637.835
9810.000,-997204558.711
9811.000,-997204716.959
9812.000,-997204558.711
9813.000,-997204716.959
9814.000,-997204558.711
9815.000,-997204716.959
9816.000,-997204479.587
9817.000,-997204637.835
9818.000,-997204558.711
9819.000,-997204716.959
9820.000,-997204558.711
9821.000,-997204796.083
9822.000,-997204558.711
9823.000,-997204716.959
9824.000,-997204479.587
9825.000,-997204637.835
9826.000,-997204479.587
9827.000,-997204716.959
9828.000,-997204558.711
9829.000,-997204796.083
9830.000,-997204558.711
9831.000,-997204716.959
9832.000,-997204558.711
9833.000,-997204637.835
9834.000,-997204479.587
9835.000,-997204716.959
9836.000,-997204558.711
9837.000,-997204716.959
9838.000,-997204637.835
9839.000,-997204716.959
9840.000,-997204558.711
9841.000,-997204637.835
9842.000,-997204479.587
9843.000,-997204716.959
9844.000,-997204558.711
9845.000,-997204716.959
9846.000,-997204637.835
9847.000,-997204716.959
9848.000,-997204558.711
9849.000,-997204637.835
9850.000,-997204479.587
9851.000,-997204637.835
9852.000,-997204558.711
9853.000,-997204716.959
9854.000,-997204637.835
9855.000,-997204716.959
9856.000,-997204558.711
9857.000,-997204637.835
9858.000,-997204479.587
9859.000,-997204637.835
9860.000,-997204558.711
9861.000,-997204716.959
9862.000,-997204637.835
9863.000,-997204796.083
9864.000,-997204558.711
9865.000,-997204716.959
9866.000,-997204479.587
9867.000,-997204637.835
9868.000,-997204479.587
9869.000,-997204716.959
9870.000,-997204637.835
9871.000,-997204796.083
9872.000,-997204558.711
9873.000,-997204716.959
9874.000,-997204479.587
9875.000,-997204637.835
9876.000,-997204479.587
9877.000,-997204716.959
9878.000,-997204558.711
9879.000,-997204796.083
9880.000,-997204637.835
9881.000,-997204716.959
9882.000,-997204558.711
9883.000,-997204637.835
9884.000,-997204479.587
9885.000,-997204637.835
9886.000,-997204558.711
9887.000,-997204716.959
9888.000,-997204637.835
9889.000,-997204716.959
9890.000,-997204558.711
9891.000,-997204637.835
9892.000,-997204479.587
9893.000,-997204637.835
9894.000,-997204558.711
9895.000,-997204716.959
9896.000,-997204637.835
9897.000,-997204716.959
9898.000,-997204558.711
9899.000,-997204637.835
9900.000,-997204479.587
9901.000,-997204637.835
9902.000,-997204558.711
9903.000,-997204716.959
9904.000,-997204637.835
9905.000,-997204716.959
9906.000,-997204558.711
9907.000,-997204637.835
9908.000,-997204479.587
9909.000,-997204637.835
9910.000,-997204558.711
9911.000,-997204716.959
9912.000,-997204637.835
9913.000,-997204716.959
9914.000,-997204558.711
9915.000,-997204716.959
9916.000,-997204479.587
9917.000,-997204637.835
9918.000,-997204558.711
9919.000,-997204716.959
9920.000,-997204558.711
9921.000,-997204716.959
9922.000,-997204558.711
9923.000,-997204716.959
9924.000,-997204558.711
9925.000,-997204637.835
9926.000,-997204479.587
9927.000,-997204716.959
9928.000,-997204558.711
9929.000,-997204716.959
9930.000,-997204558.711
9931.000,-997204716.959
9932.000,-997204558.711
9933.000,-997204637.835
9934.000,-997204479.587
9935.000,-997204716.959
9936.000,-997204558.711
9937.000,-997204716.959
9938.000,-997204558.711
9939.000,-997204716.959
9940.000,-997204558.711
9941.000,-997204637.835
9942.000,-997204479.587
9943.000,-997204716.959
9944.000,-997204558.711
9945.000,-997204716.959
9946.000,-997204637.835
9947.000,-997204716.959
9948.000,-997204558.711
9949.000,-997204637.835
9950.000,-997204479.587
9951.000,-997204637.835
9952.000,-997204558.711
9953.000,-997204716.959
9954.000,-997204637.835
9955.000,-997204716.959
9956.000,-997204558.711
9957.000,-997204637.835
9958.000,-997204479.587
9959.000,-997204637.835
9960.000,-997204558.711
9961.000,-997204716.959
9962.000,-997204637.835
9963.000,-997204796.083
9964.000,-997204558.711
9965.000,-997204716.959
9966.000,-997204479.587
9967.000,-997204637.835
9968.000,-997204479.587
9969.000,-997204716.959
9970.000,-997204637.835
9971.000,-997204796.083
9972.000,-997204637.835
9973.000,-997204716.959
9974.000,-997204479.587
9975.000,-997204637.835
9976.000,-997204479.587
9977.000,-997204716.959
9978.000,-997204558.711
9979.000,-997204796.083
9980.000,-997204637.835
9981.000,-997204716.959
9982.000,-997204558.711
9983.000,-997204637.835
9984.000,-997204479.587
9985.000,-997204716.959
9986.000,-997204558.711
9987.000,-997204716.959
9988.000,-997204637.835
9989.000,-997204716.959
9990.000,-997204558.711
9991.000,-997204637.835
9992.000,-997204479.587
9993.000,-997204637.835
9994.000,-997204558.711
9995.000,-997204716.959
9996.000,-997204637.835
9997.000,-997204716.959
9998.000,-997204558.711
9999.000,-997204637.835
10000.000,-997204479.587
10001.000,-997204637.835
10002.000,-997204558.711
10003.000,-997204716.959
10004.000,-997204637.835
10005.000,-997204716.959
10006.000,-997204558.711
10007.000,-997204637.835
10008.000,-997204479.587
10009.000,-997204637.835
10010.000,-997204558.711
10011.000,-997204716.959
10012.000,-997204637.835
10013.000,-997204716.959
10014.000,-997204558.711
10015.000,-997204716.959
10016.000,-997204479.587
10017.000,-997204637.835
10018.000,-997204558.711
10019.000,-997204716.959
10020.000,-997204637.835
10021.000,-997204796.083
10022.000,-997204558.711
10023.000,-997204716.959
10024.000,-997204479.587
10025.000,-997204637.835
10026.000,-997204479.587
10027.000,-997204716.959
10028.000,-997204558.711
10029.000,-997204796.083
10030.000,-997204637.835
10031.000,-997204716.959
10032.000,-997204558.711
10033.000,-997204637.835
10034.000,-997204479.587
10035.000,-997204716.959
10036.000,-997204558.711
10037.000,-997204716.959
10038.000,-997204637.835
10039.000,-997204716.959
10040.000,-997204558.711
10041.000,-997204637.835
10042.000,-997204479.587
10043.000,-997204637.835
10044.000,-997204558.711
10045.000,-997204716.959
10046.000,-997204637.835
10047.000,-997204716.959
10048.000,-997204558.711
10049.000,-997204637.835
10050.000,-997204479.587
10051.000,-997204637.835
10052.000,-997204558.711
10053.000,-997204716.959
10054.000,-997204558.711
10055.000,-997204716.959
10056.000,-997204558.711
10057.000,-997204716.959
10058.000,-997204479.587
10059.000,-997204637.835
10060.000,-997204558.711
10061.000,-997204716.959
10062.000,-997204558.711
10063.000,-997204716.959
10064.000,-997204558.711
10065.000,-997204716.959
10066.000,-997204479.587
10067.000,-997204637.835
10068.000,-997204558.711
10069.000,-997204716.959
10070.000,-997204558.711
10071.000,-997204716.959
10072.000,-997204558.711
10073.000,-997204716.959
10074.000,-997204479.587
10075.000,-997204637.835
10076.000,-997204558.711
10077.000,-997204716.959
10078.000,-997204558.711
10079.000,-997204796.083
10080.000,-997204558.711
10081.000,-997204716.959
10082.000,-997204479.587
10083.000,-997204637.835
10084.000,-997204479.587
10085.000,-997204716.959
10086.000,-997204558.711
10087.000,-997204796.083
10088.000,-997204637.835
10089.000,-997204716.959
10090.000,-997204558.711
10091.000,-997204637.835
10092.000,-997204479.587
10093.000,-997204637.835
10094.000,-997204558.711
10095.000,-997204796.083
10096.000,-997204637.835
10097.000,-997204716.959
10098.000,-997204558.711
10099.000,-997204637.835
10100.000,-997204479.587
10101.000,-997204637.835
10102.000,-997204558.711
10103.000,-997204716.959
10104.000,-997204637.835
10105.000,-997204796.083
10106.000,-997204558.711
10107.000,-997204716.959
10108.000,-997204479.587
10109.000,-997204637.835
10110.000,-997204479.587
10111.000,-997204716.959
10112.000,-997204558.711
10113.000,-997204716.959
10114.000,-997204558.711
10115.000,-997204716.959
10116.000,-997204558.711
10117.000,-997204637.835
10118.000,-997204479.587
10119.000,-997204716.959
10120.000,-997204558.711
10121.000,-997204716.959
10122.000,-997204558.711
10123.000,-997204716.959
10124.000,-997204558.711
10125.000,-997204637.835
10126.000,-997204558.711
10127.000,-997204716.959
10128.000,-997204558.711
10129.000,-997204716.959
10130.000,-997204558.711
10131.000,-997204716.959
10132.000,-997204558.711
10133.000,-997204637.835
10134.000,-997204479.587
10135.000,-997204716.959
10136.000,-997204558.711
10137.000,-997204716.959
10138.000,-997204637.835
10139.000,-997204716.959
10140.000,-997204558.711
10141.000,-997204637.835
10142.000,-997204479.587
10143.000,-997204637.835
10144.000,-997204558.711
10145.000,-997204716.959
10146.000,-997204637.835
10147.000,-997204716.959
10148.000,-997204558.711
10149.000,-997204637.835
10150.000,-997204479.587
10151.000,-997204637.835
10152.000,-997204558.711
10153.000,-997204716.959
10154.000,-997204637.835
10155.000,-997204796.083
10156.000,-997204558.711
10157.000,-997204716.959
10158.000,-997204479.587
10159.000,-997204637.835
10160.000,-997204479.587
10161.000,-997204716.959
10162.000,-997204558.711
10163.000,-997204716.959
10164.000,-997204558.711
10165.000,-997204716.959
10166.000,-997204558.711
10167.000,-997204637.835
10168.000,-997204479.587
10169.000,-997204716.959
10170.000,-997204558.711
10171.000,-997204716.959
10172.000,-997204558.711
10173.000,-997204716.959
10174.000,-997204558.711
10175.000,-997204637.835
10176.000,-997204479.587
10177.000,-997204716.959
10178.000,-997204558.711
10179.000,-997204716.959
10180.000,-997204558.711
10181.000,-997204716.959
10182.000,-997204558.711
10183.000,-997204637.835
10184.000,-997204558.711
10185.000,-997204716.959
10186.000,-997204558.711
10187.000,-997204716.959
10188.000,-997204558.711
10189.000,-997204716.959
10190.000,-997204558.711
10191.000,-997204716.959
10192.000,-997204558.711
10193.000,-997204716.959
10194.000,-997204558.711
10195.000,-997204716.959
10196.000,-997204558.711
10197.000,-997204716.959
10198.000,-997204558.711
10199.000,-997204637.835
10200.000,-997204479.587
10201.000,-997204637.835
10202.000,-997204558.711
10203.000,-997204716.959
10204.000,-997204637.835
10205.000,-997204716.959
10206.000,-997204558.711
10207.000,-997204716.959
10208.000,-997204479.587
10209.000,-997204637.835
10210.000,-997204558.711
10211.000,-997204716.959
10212.000,-997204637.835
10213.000,-997204716.959
10214.000,-997204558.711
10215.000,-997204716.959
10216.000,-997204479.587
10217.000,-997204637.835
10218.000,-997204479.587
10219.000,-997204716.959
10220.000,-997204558.711
10221.000,-997204716.959
10222.000,-997204558.711
10223.000,-997204716.959
10224.000,-997204558.711
10225.000,-997204637.835
10226.000,-997204479.587
10227.000,-997204716.959
10228.000,-997204558.711
10229.000,-997204716.959
10230.000,-997204637.835
10231.000,-997204716.959
10232.000,-997204558.711
10233.000,-997204637.835
10234.000,-997204479.587
10235.000,-997204637.835
10236.000,-997204558.711
10237.000,-997204716.959
10238.000,-997204558.711
10239.000,-997204716.959
10240.000,-997204558.711
10241.000,-997204716.959
10242.000,-997204479.587
10243.000,-997204637.835
10244.000,-997204558.711
10245.000,-997204716.959
10246.000,-997204558.711
10247.000,-997204716.959
10248.000,-997204558.711
10249.000,-997204716.959
10250.000,-997204558.711
10251.000,-997204637.835
10252.000,-997204558.711
10253.000,-997204716.959
10254.000,-997204558.711
10255.000,-997204716.959
10256.000,-997204558.711
10257.000,-997204716.959
10258.000,-997204479.587
10259.000,-997204637.835
10260.000,-997204558.711
10261.000,-997204716.959
10262.000,-997204558.711
10263.000,-997204716.959
10264.000,-997204558.711
10265.000,-997204716.959
10266.000,-997204479.587
10267.000,-997204637.835
10268.000,-997204479.587
10269.000,-997204716.959
10270.000,-997204558.711
10271.000,-997204716.959
10272.000,-997204558.711
10273.000,-997204716.959
10274.000,-997204558.711
10275.000,-997204637.835
10276.000,-997204479.587
10277.000,-997204716.959
10278.000,-997204558.711
10279.000,-997204716.959
10280.000,-997204558.711
10281.000,-997204716.959
10282.000,-997204558.711
10283.000,-997204637.835
10284.000,-997204479.587
10285.000,-997204637.835
10286.000,-997204558.711
10287.000,-997204716.959
10288.000,-997204558.711
10289.000,-997204716.959
10290.000,-997204558.711
10291.000,-997204716.959
10292.000,-997204558.711
10293.000,-997204637.835
10294.000,-997204558.711
10295.000,-997204716.959
10296.000,-997204558.711
10297.000,-997204716.959
10298.000,-997204558.711
10299.000,-997204716.959
10300.000,-997204558.711
10301.000,-997204716.959
10302.000,-997204558.711
10303.000,-997204716.959
10304.000,-997204558.711
10305.000,-997204716.959
10306.000,-997204558.711
10307.000,-997204716.959
10308.000,-997204558.711
10309.000,-997204716.959
10310.000,-997204558.711
10311.000,-997204716.959
10312.000,-997204558.711
10313.000,-997204716.959
10314.000,-997204558.711
10315.000,-997204716.959
10316.000,-997204479.587
10317.000,-997204637.835
10318.000,-997204558.711
10319.000,-997204716.959
10320.000,-997204558.711
10321.000,-997204716.959
10322.000,-997204558.711
10323.000,-997204716.959
10324.000,-997204479.587
10325.000,-997204637.835
10326.000,-997204479.587
10327.000,-997204716.959
10328.000,-997204558.711
10329.000,-997204716.959
10330.000,-997204637.835
10331.000,-997204716.959
10332.000,-997204558.711
10333.000,-997204637.835
10334.000,-997204479.587
10335.000,-997204637.835
10336.000,-997204558.711
10337.000,-997204716.959
10338.000,-997204637.835
10339.000,-997204716.959
10340.000,-997204558.711
10341.000,-997204716.959
10342.000,-997204479.587
10343.000,-997204637.835
10344.000,-997204558.711
10345.000,-997204716.959
10346.000,-997204558.711
10347.000,-997204716.959
10348.000,-997204558.711
10349.000,-997204716.959
10350.000,-997204558.711
10351.000,-997204637.835
10352.000,-997204558.711
10353.000,-997204716.959
10354.000,-997204558.711
10355.000,-997204716.959
10356.000,-997204558.711
10357.000,-997204716.959
10358.000,-997204558.711
10359.000,-997204637.835
10360.000,-997204558.711
10361.000,-997204716.959
10362.000,-997204558.711
10363.000,-997204716.959
10364.000,-997204558.711
10365.000,-997204716.959
10366.000,-997204479.587
10367.000,-997204637.835
10368.000,-997204558.711
10369.000,-997204716.959
10370.000,-997204558.711
10371.000,-997204716.959
10372.000,-997204558.711
10373.000,-997204716.959
10374.000,-997204479.587
10375.000,-997204637.835
10376.000,-997204479.587
10377.000,-997204716.959
10378.000,-997204558.711
10379.000,-997204796.083
10380.000,-997204637.835
10381.000,-997204716.959
10382.000,-997204558.711
10383.000,-997204637.835
10384.000,-997204479.587
10385.000,-997204637.835
10386.000,-997204558.711
10387.000,-997204716.959
10388.000,-997204637.835
10389.000,-997204716.959
10390.000,-997204558.711
10391.000,-997204637.835
10392.000,-997204479.587
10393.000,-997204637.835
10394.000,-997204558.711
10395.000,-997204716.959
10396.000,-997204637.835
10397.000,-997204796.083
10398.000,-997204558.711
10399.000,-997204716.959
10400.000,-997204479.587
10401.000,-997204637.835
10402.000,-997204558.711
10403.000,-997204716.959
10404.000,-997204558.711
10405.000,-997204716.959
10406.000,-997204558.711
10407.000,-997204716.959
10408.000,-997204558.711
10409.000,-997204637.835
10410.000,-997204558.711
10411.000,-997204716.959
10412.000,-997204558.711
10413.000,-997204716.959
10414.000,-997204558.711
10415.000,-997204716.959
10416.000,-997204558.711
10417.000,-997204637.835
10418.000,-997204558.711
10419.000,-997204716.959
10420.000,-997204558.711
10421.000,-997204716.959
10422.000,-997204558.711
10423.000,-997204716.959
10424.000,-997204558.711
10425.000,-997204637.835
10426.000,-997204558.711
10427.000,-997204716.959
10428.000,-997204558.711
10429.000,-997204716.959
10430.000,-997204558.711
10431.000,-997204716.959
10432.000,-997204558.711
10433.000,-997204637.835
10434.000,-997204479.587
10435.000,-997204716.959
10436.000,-997204558.711
10437.000,-997204716.959
10438.000,-997204558.711
10439.000,-997204716.959
10440.000,-997204558.711
10441.000,-997204637.835
10442.000,-997204479.587
10443.000,-997204637.835
10444.000,-997204558.711
10445.000,-997204716.959
10446.000,-997204637.835
10447.000,-997204716.959
10448.000,-997204558.711
10449.000,-997204637.835
10450.000,-997204479.587
10451.000,-997204637.835
10452.000,-997204558.711
10453.000,-997204716.959
10454.000,-997204637.835
10455.000,-997204796.083
10456.000,-997204558.711
10457.000,-997204716.959
10458.000,-997204479.587
10459.000,-997204637.835
10460.000,-997204479.587
10461.000,-997204716.959
10462.000,-997204558.711
10463.000,-997204796.083
10464.000,-997204558.711
10465.000,-997204716.959
10466.000,-997204558.711
10467.000,-997204637.835
10468.000,-997204479.587
10469.000,-997204716.959
10470.000,-997204558.711
10471.000,-997204716.959
10472.000,-997204558.711
10473.000,-997204716.959
10474.000,-997204558.711
10475.000,-997204637.835
10476.000,-997204479.587
10477.000,-997204716.959
10478.000,-997204558.711
10479.000,-997204716.959
10480.000,-997204558.711
10481.000,-997204716.959
10482.000,-997204558.711
10483.000,-997204637.835
10484.000,-997204479.587
10485.000,-997204716.959
10486.000,-997204558.711
10487.000,-997204716.959
10488.000,-997204637.835
10489.000,-997204716.959
10490.000,-997204558.711
10491.000,-997204637.835
10492.000,-997204479.587
10493.000,-997204637.835
10494.000,-997204558.711
10495.000,-997204716.959
10496.000,-997204637.835
10497.000,-997204716.959
10498.000,-997204558.711
10499.000,-997204637.835
10500.000,-997204479.587
10501.000,-997204637.835
10502.000,-997204558.711
10503.000,-997204716.959
10504.000,-997204637.835
10505.000,-997204796.083
10506.000,-997204558.711
10507.000,-997204716.959
10508.000,-997204479.587
10509.000,-997204637.835
10510.000,-997204479.587
10511.000,-997204716.959
10512.000,-997204558.711
10513.000,-997204796.083
10514.000,-997204637.835
10515.000,-997204716.959
10516.000,-997204479.587
10517.000,-997204637.835
10518.000,-997204479.587
10519.000,-997204637.835
10520.000,-997204558.711
10521.000,-997204716.959
10522.000,-997204637.835
10523.000,-997204716.959
10524.000,-997204558.711
10525.000,-997204637.835
10526.000,-997204479.587
10527.000,-997204637.835
10528.000,-997204558.711
10529.000,-997204716.959
10530.000,-997204637.835
10531.000,-997204716.959
10532.000,-997204558.711
10533.000,-997204637.835
10534.000,-997204479.587
10535.000,-997204637.835
10536.000,-997204558.711
10537.000,-997204716.959
10538.000,-997204637.835
10539.000,-997204716.959
10540.000,-997204558.711
10541.000,-997204637.835
10542.000,-997204479.587
10543.000,-997204637.835
10544.000,-997204558.711
10545.000,-997204716.959
10546.000,-997204637.835
10547.000,-997204716.959
10548.000,-997204558.711
10549.000,-997204716.959
10550.000,-997204479.587
10551.000,-997204637.835
10552.000,-997204558.711
10553.000,-997204716.959
10554.000,-997204637.835
10555.000,-997204716.959
10556.000,-997204558.711
10557.000,-997204716.959
10558.000,-997204479.587
10559.000,-997204637.835
10560.000,-997204479.587
10561.000,-997204716.959
10562.000,-997204637.835
10563.000,-997204796.083
10564.000,-997204558.711
10565.000,-997204716.959
10566.000,-997204479.587
10567.000,-997204637.835
10568.000,-997204479.587
10569.000,-997204716.959
10570.000,-997204558.711
10571.000,-997204796.083
10572.000,-997204637.835
10573.000,-997204716.959
10574.000,-997204558.711
10575.000,-997204637.835
10576.000,-997204479.587
10577.000,-997204637.835
10578.000,-997204558.711
10579.000,-997204716.959
10580.000,-997204637.835
10581.000,-997204716.959
10582.000,-997204558.711
10583.000,-997204637.835
10584.000,-997204479.587
10585.000,-997204637.835
10586.000,-997204558.711
10587.000,-997204716.959
10588.000,-997204637.835
10589.000,-997204716.959
10590.000,-997204558.711
10591.000,-997204637.835
10592.000,-997204479.587
10593.000,-997204637.835
10594.000,-997204558.711
10595.000,-997204716.959
10596.000,-997204637.835
10597.000,-997204716.959
10598.000,-997204558.711
10599.000,-997204716.959
10600.000,-997204479.587
10601.000,-997204637.835
10602.000,-997204558.711
10603.000,-997204716.959
10604.000,-997204637.835
10605.000,-997204716.959
10606.000,-997204558.711
10607.000,-997204716.959
10608.000,-997204479.587
10609.000,-997204637.835
10610.000,-997204558.711
10611.000,-997204716.959
10612.000,-997204637.835
10613.000,-997204796.083
10614.000,-997204558.711
10615.000,-997204716.959
10616.000,-997204479.587
10617.000,-997204637.835
10618.000,-997204479.587
10619.000,-997204716.959
10620.000,-997204558.711
10621.000,-997204796.083
10622.000,-997204637.835
10623.000,-997204716.959
10624.000,-997204558.711
10625.000,-997204637.835
10626.000,-997204479.587
10627.000,-997204637.835
10628.000,-997204558.711
10629.000,-997204716.959
10630.000,-997204637.835
10631.000,-997204716.959
10632.000,-997204558.711
10633.000,-997204637.835
10634.000,-997204479.587
10635.000,-997204637.835
10636.000,-997204558.711
10637.000,-997204716.959
10638.000,-997204637.835
10639.000,-997204796.083
10640.000,-997204558.711
10641.000,-997204716.959
10642.000,-997204479.587
10643.000,-997204637.835
10644.000,-997204558.711
10645.000,-997204716.959
10646.000,-997204637.835
10647.000,-997204716.959
10648.000,-997204558.711
10649.000,-997204716.959
10650.000,-997204558.711
10651.000,-997204637.835
10652.000,-997204558.711
10653.000,-997204716.959
10654.000,-997204558.711
10655.000,-997204716.959
10656.000,-997204558.711
10657.000,-997204716.959
10658.000,-997204558.711
10659.000,-997204637.835
10660.000,-997204558.711
10661.000,-997204716.959
10662.000,-997204558.711
10663.000,-997204716.959
10664.000,-997204558.711
10665.000,-997204716.959
10666.000,-997204479.587
10667.000,-997204637.835
10668.000,-997204479.587
10669.000,-997204716.959
10670.000,-997204558.711
10671.000,-997204796.083
10672.000,-997204637.835
10673.000,-997204716.959
10674.000,-997204558.711
10675.000,-997204637.835
10676.000,-997204479.587
10677.000,-997204637.835
10678.000,-997204558.711
10679.000,-997204796.083
10680.000,-997204637.835
10681.000,-997204716.959
10682.000,-997204558.711
10683.000,-997204637.835
10684.000,-997204479.587
10685.000,-997204637.835
10686.000,-997204558.711
10687.000,-997204716.959
10688.000,-997204637.835
10689.000,-997204716.959
10690.000,-997204558.711
10691.000,-997204716.959
10692.000,-997204479.587
10693.000,-997204637.835
10694.000,-997204558.711
10695.000,-997204716.959
10696.000,-997204558.711
10697.000,-997204716.959
10698.000,-997204558.711
10699.000,-997204716.959
10700.000,-997204479.587
10701.000,-997204637.835
10702.000,-997204558.711
10703.000,-997204716.959
10704.000,-997204558.711
10705.000,-997204716.959
10706.000,-997204558.711
10707.000,-997204716.959
10708.000,-997204558.711
10709.000,-997204637.835
10710.000,-997204558.711
10711.000,-997204716.959
10712.000,-997204558.711
10713.000,-997204716.959
10714.000,-997204558.711
10715.000,-997204716.959
10716.000,-997204558.711
10717.000,-997204637.835
10718.000,-997204558.711
10719.000,-997204716.959
10720.000,-997204558.711
10721.000,-997204716.959
10722.000,-997204558.711
10723.000,-997204716.959
10724.000,-997204479.587
10725.000,-997204637.835
10726.000,-997204479.587
10727.000,-997204716.959
10728.000,-997204558.711
10729.000,-997204796.083
10730.000,-997204637.835
10731.000,-997204716.959
10732.000,-997204558.711
10733.000,-997204637.835
10734.000,-997204479.587
10735.000,-997204637.835
10736.000,-997204558.711
10737.000,-997204716.959
10738.000,-997204637.835
10739.000,-997204716.959
10740.000,-997204558.711
10741.000,-997204637.835
10742.000,-997204479.587
10743.000,-997204637.835
10744.000,-997204558.711
10745.000,-997204716.959
10746.000,-997204637.835
10747.000,-997204796.083
10748.000,-997204558.711
10749.000,-997204716.959
10750.000,-997204479.587
10751.000,-997204637.835
10752.000,-997204558.711
10753.000,-997204716.959
10754.000,-997204637.835
10755.000,-997204796.083
10756.000,-997204558.711
10757.000,-997204716.959
10758.000,-997204479.587
10759.000,-997204637.835
10760.000,-997204479.587
10761.000,-997204716.959
10762.000,-997204558.711
10763.000,-997204796.083
10764.000,-997204637.835
10765.000,-997204716.959
10766.000,-997204558.711
10767.000,-997204637.835
10768.000,-997204479.587
10769.000,-997204716.959
10770.000,-997204558.711
10771.000,-997204716.959
10772.000,-997204637.835
10773.000,-997204716.959
10774.000,-997204558.711
10775.000,-997204637.835
10776.000,-997204479.587
10777.000,-997204637.835
10778.000,-997204558.711
10779.000,-997204716.959
10780.000,-997204637.835
10781.000,-997204716.959
10782.000,-997204558.711
10783.000,-997204637.835
10784.000,-997204479.587
10785.000,-997204637.835
10786.000,-997204558.711
10787.000,-997204716.959
10788.000,-997204637.835
10789.000,-997204716.959
10790.000,-997204558.711
10791.000,-997204637.835
10792.000,-997204479.587
10793.000,-997204637.835
10794.000,-997204558.711
10795.000,-997204716.959
10796.000,-997204637.835
10797.000,-997204716.959
10798.000,-997204558.711
10799.000,-997204637.835
10800.000,-997204479.587
10801.000,-997204637.835
10802.000,-997204558.711
10803.000,-997204716.959
10804.000,-997204637.835
10805.000,-997204716.959
10806.000,-997204558.711
10807.000,-997204716.959
10808.000,-997204479.587
10809.000,-997204637.835
10810.000,-997204558.711
10811.000,-997204716.959
10812.000,-997204637.835
10813.000,-997204796.083
10814.000,-997204558.711
10815.000,-997204716.959
10816.000,-997204479.587
10817.000,-997204637.835
10818.000,-997204479.587
10819.000,-997204716.959
10820.000,-997204558.711
10821.000,-997204716.959
10822.000,-997204637.835
10823.000,-997204716.959
10824.000,-997204558.711
10825.000,-997204637.835
10826.000,-997204479.587
10827.000,-997204716.959
10828.000,-997204558.711
10829.000,-997204716.959
10830.000,-997204637.835
10831.000,-997204716.959
10832.000,-997204558.711
10833.000,-997204637.835
10834.000,-997204479.587
10835.000,-997204637.835
10836.000,-997204558.711
10837.000,-997204716.959
10838.000,-997204637.835
10839.000,-997204716.959
10840.000,-997204558.711
10841.000,-997204637.835
10842.000,-997204479.587
10843.000,-997204637.835
10844.000,-997204558.711
10845.000,-997204716.959
10846.000,-997204637.835
10847.000,-997204716.959
10848.000,-997204558.711
10849.000,-997204637.835
10850.000,-997204479.587
10851.000,-997204637.835
10852.000,-997204558.711
10853.000,-997204716.959
10854.000,-997204637.835
10855.000,-997204716.959
10856.000,-997204558.711
10857.000,-997204637.835
10858.000,-997204479.587
10859.000,-997204637.835
10860.000,-997204558.711
10861.000,-997204716.959
10862.000,-997204637.835
10863.000,-997204796.083
10864.000,-997204558.711
10865.000,-997204716.959
10866.000,-997204479.587
10867.000,-997204637.835
10868.000,-997204479.587
10869.000,-997204716.959
10870.000,-997204558.711
10871.000,-997204796.083
10872.000,-997204637.835
10873.000,-997204716.959
10874.000,-997204558.711
10875.000,-997204637.835
10876.000,-997204479.587
10877.000,-997204716.959
10878.000,-997204558.711
10879.000,-997204716.959
10880.000,-997204637.835
10881.000,-997204716.959
10882.000,-997204558.711
10883.000,-997204637.835
10884.000,-997204479.587
10885.000,-997204637.835
10886.000,-997204558.711
10887.000,-997204716.959
10888.000,-997204637.835
10889.000,-997204716.959
10890.000,-997204558.711
10891.000,-997204637.835
10892.000,-997204479.587
10893.000,-997204637.835
10894.000,-997204558.711
10895.000,-997204716.959
10896.000,-997204637.835
10897.000,-997204716.959
10898.000,-997204558.711
10899.000,-997204637.835
10900.000,-997204479.587
10901.000,-997204637.835
10902.000,-997204558.711
10903.000,-997204716.959
10904.000,-997204637.835
10905.000,-997204796.083
10906.000,-997204558.711
10907.000,-997204716.959
10908.000,-997204479.587
10909.000,-997204637.835
10910.000,-997204558.711
10911.000,-997204716.959
10912.000,-997204637.835
10913.000,-997204796.083
10914.000,-997204558.711
10915.000,-997204716.959
10916.000,-997204479.587
10917.000,-997204637.835
10918.000,-997204479.587
10919.000,-997204716.959
10920.000,-997204558.711
10921.000,-997204796.083
10922.000,-997204637.835
10923.000,-997204716.959
10924.000,-997204558.711
10925.000,-997204637.835
10926.000,-997204479.587
10927.000,-997204716.959
10928.000,-997204558.711
10929.000,-997204716.959
10930.000,-997204637.835
10931.000,-997204716.959
10932.000,-997204558.711
10933.000,-997204637.835
10934.000,-997204479.587
10935.000,-997204637.835
10936.000,-997204558.711
10937.000,-997204716.959
10938.000,-997204637.835
10939.000,-997204716.959
10940.000,-997204558.711
10941.000,-997204637.835
10942.000,-997204479.587
10943.000,-997204637.835
10944.000,-997204558.711
10945.000,-997204716.959
10946.000,-997204637.835
10947.000,-997204716.959
10948.000,-997204558.711
10949.000,-997204637.835
10950.000,-997204479.587
10951.000,-997204637.835
10952.000,-997204558.711
10953.000,-997204716.959
10954.000,-997204637.835
10955.000,-997204716.959
10956.000,-997204558.711
10957.000,-997204716.959
10958.000,-997204479.587
10959.000,-997204637.835
10960.000,-997204558.711
10961.000,-997204716.959
10962.000,-997204637.835
10963.000,-997204796.083
10964.000,-997204558.711
10965.000,-997204716.959
10966.000,-997204479.587
10967.000,-997204637.835
10968.000,-997204558.711
10969.000,-997204716.959
10970.000,-997204637.835
10971.000,-997204796.083
10972.000,-997204637.835
10973.000,-997204716.959
10974.000,-997204479.587
10975.000,-997204637.835
10976.000,-997204479.587
10977.000,-997204716.959
10978.000,-997204558.711
10979.000,-997204796.083
10980.000,-997204637.835
10981.000,-997204716.959
10982.000,-997204558.711
10983.000,-997204637.835
10984.000,-997204479.587
10985.000,-997204637.835
10986.000,-997204558.711
10987.000,-997204796.083
10988.000,-997204637.835
10989.000,-997204716.959
10990.000,-997204558.711
10991.000,-997204637.835
10992.000,-997204479.587
10993.000,-997204637.835
10994.000,-997204558.711
10995.000,-997204716.959
10996.000,-997204637.835
10997.000,-997204796.083
10998.000,-997204558.711
10999.000,-997204637.835
11000.000,-997204479.587
11001.000,-997204637.835
11002.000,-997204558.711
11003.000,-997204716.959
11004.000,-997204637.835
11005.000,-997204796.083
11006.000,-997204558.711
11007.000,-997204716.959
11008.000,-997204479.587
11009.000,-997204637.835
11010.000,-997204479.587
11011.000,-997204716.959
11012.000,-997204637.835
11013.000,-997204796.083
11014.000,-997204558.711
11015.000,-997204716.959
11016.000,-997204479.587
11017.000,-997204637.835
11018.000,-997204479.587
11019.000,-997204716.959
11020.000,-997204558.711
11021.000,-997204796.083
11022.000,-997204637.835
11023.000,-997204716.959
11024.000,-997204558.711
11025.000,-997204637.835
11026.000,-997204479.587
11027.000,-997204716.959
11028.000,-997204558.711
11029.000,-997204796.083
11030.000,-997204637.835
11031.000,-997204716.959
11032.000,-997204558.711
11033.000,-997204637.835
11034.000,-997204479.587
11035.000,-997204637.835
11036.000,-997204558.711
11037.000,-997204716.959
11038.000,-997204637.835
11039.000,-997204716.959
11040.000,-997204558.711
11041.000,-997204637.835
11042.000,-997204479.587
11043.000,-997204637.835
11044.000,-997204558.711
11045.000,-997204716.959
11046.000,-997204637.835
11047.000,-997204716.959
11048.000,-997204558.711
11049.000,-997204637.835
11050.000,-997204479.587
11051.000,-997204637.835
11052.000,-997204558.711
11053.000,-997204716.959
11054.000,-997204637.835
11055.000,-997204716.959
11056.000,-997204558.711
11057.000,-997204716.959
11058.000,-997204479.587
11059.000,-997204637.835
11060.000,-997204558.711
11061.000,-997204716.959
11062.000,-997204558.711
11063.000,-997204716.959
11064.000,-997204558.711
11065.000,-997204716.959
11066.000,-997204558.711
11067.000,-997204637.835
11068.000,-997204558.711
11069.000,-997204716.959
11070.000,-997204558.711
11071.000,-997204716.959
11072.000,-997204558.711
11073.000,-997204716.959
11074.000,-997204558.711
11075.000,-997204637.835
11076.000,-997204479.587
11077.000,-997204716.959
11078.000,-997204558.711
11079.000,-997204716.959
11080.000,-997204637.835
11081.000,-997204716.959
11082.000,-997204558.711
11083.000,-997204637.835
11084.000,-997204479.587
11085.000,-997204637.835
11086.000,-997204558.711
11087.000,-997204716.959
11088.000,-997204637.835
11089.000,-997204716.959
11090.000,-997204558.711
11091.000,-997204637.835
11092.000,-997204479.587
11093.000,-997204637.835
11094.000,-997204558.711
11095.000,-997204716.959
11096.000,-997204637.835
11097.000,-997204716.959
11098.000,-997204558.711
11099.000,-997204637.835
11100.000,-997204479.587
11101.000,-997204637.835
11102.000,-997204558.711
11103.000,-997204716.959
11104.000,-997204637.835
11105.000,-997204716.959
11106.000,-997204558.711
11107.000,-997204637.835
11108.000,-997204479.587
11109.000,-997204637.835
11110.000,-997204558.711
11111.000,-997204716.959
11112.000,-997204637.835
11113.000,-997204796.083
11114.000,-997204637.835
11115.000,-997204716.959
11116.000,-997204479.587
11117.000,-997204637.835
11118.000,-997204479.587
11119.000,-997204716.959
11120.000,-997204558.711
11121.000,-997204796.083
11122.000,-997204637.835
11123.000,-997204716.959
11124.000,-997204558.711
11125.000,-997204637.835
11126.000,-997204479.587
11127.000,-997204637.835
11128.000,-997204558.711
11129.000,-997204716.959
11130.000,-997204637.835
11131.000,-997204716.959
11132.000,-997204558.711
11133.000,-997204637.835
11134.000,-997204479.587
11135.000,-997204637.835
11136.000,-997204558.711
11137.000,-997204716.959
11138.000,-997204637.835
11139.000,-997204716.959
11140.000,-997204558.711
11141.000,-997204637.835
11142.000,-997204479.587
11143.000,-997204637.835
11144.000,-997204558.711
11145.000,-997204716.959
11146.000,-997204558.711
11147.000,-997204716.959
11148.000,-997204558.711
11149.000,-997204637.835
11150.000,-997204479.587
11151.000,-997204637.835
11152.000,-997204558.711
11153.000,-997204716.959
11154.000,-997204637.835
11155.000,-997204716.959
11156.000,-997204558.711
11157.000,-997204637.835
11158.000,-997204479.587
11159.000,-997204637.835
11160.000,-997204558.711
11161.000,-997204716.959
11162.000,-997204637.835
11163.000,-997204796.083
11164.000,-997204558.711
11165.000,-997204716.959
11166.000,-997204479.587
11167.000,-997204637.835
11168.000,-997204479.587
11169.000,-997204716.959
11170.000,-997204637.835
11171.000,-997204796.083
11172.000,-997204637.835
11173.000,-997204716.959
11174.000,-997204558.711
11175.000,-997204637.835
11176.000,-997204479.587
11177.000,-997204637.835
11178.000,-997204558.711
11179.000,-997204716.959
11180.000,-997204637.835
11181.000,-997204716.959
11182.000,-997204558.711
11183.000,-997204637.835
11184.000,-997204479.587
11185.000,-997204637.835
11186.000,-997204558.711
11187.000,-997204716.959
11188.000,-997204637.835
11189.000,-997204716.959
11190.000,-997204558.711
11191.000,-997204637.835
11192.000,-997204479.587
11193.000,-997204637.835
11194.000,-997204558.711
11195.000,-997204716.959
11196.000,-997204558.711
11197.000,-997204716.959
11198.000,-997204558.711
11199.000,-997204716.959
11200.000,-997204558.711
11201.000,-997204637.835
11202.000,-997204558.711
11203.000,-997204716.959
11204.000,-997204558.711
11205.000,-997204716.959
11206.000,-997204558.711
11207.000,-997204637.835
11208.000,-997204558.711
11209.000,-997204637.835
11210.000,-997204558.711
11211.000,-997204716.959
11212.000,-997204558.711
11213.000,-997204716.959
11214.000,-997204558.711
11215.000,-997204637.835
11216.000,-997204479.587
11217.000,-997204637.835
11218.000,-997204558.711
11219.000,-997204716.959
11220.000,-997204637.835
11221.000,-997204716.959
11222.000,-997204558.711
11223.000,-997204716.959
11224.000,-997204479.587
11225.000,-997204637.835
11226.000,-997204558.711
11227.000,-997204716.959
11228.000,-997204558.711
11229.000,-997204796.083
11230.000,-997204637.835
11231.000,-997204716.959
11232.000,-997204558.711
11233.000,-997204637.835
11234.000,-997204479.587
11235.000,-997204716.959
11236.000,-997204558.711
11237.000,-997204716.959
11238.000,-997204637.835
11239.000,-997204716.959
11240.000,-997204558.711
11241.000,-997204637.835
11242.000,-997204479.587
11243.000,-997204637.835
11244.000,-997204558.711
11245.000,-997204716.959
11246.000,-997204637.835
11247.000,-997204716.959
11248.000,-997204558.711
11249.000,-997204637.835
11250.000,-997204479.587
11251.000,-997204637.835
11252.000,-997204558.711
11253.000,-997204716.959
11254.000,-997204637.835
11255.000,-997204716.959
11256.000,-997204558.711
11257.000,-997204716.959
11258.000,-997204479.587
11259.000,-997204637.835
11260.000,-997204558.711
11261.000,-997204716.959
11262.000,-997204558.711
11263.000,-997204716.959
11264.000,-997204558.711
11265.000,-997204716.959
11266.000,-997204558.711
11267.000,-997204637.835
11268.000,-997204558.711
11269.000,-997204716.959
11270.000,-997204558.711
11271.000,-997204716.959
11272.000,-997204558.711
11273.000,-997204716.959
11274.000,-997204558.711
11275.000,-997204637.835
11276.000,-997204558.711
11277.000,-997204716.959
11278.000,-997204558.711
11279.000,-997204716.959
11280.000,-997204558.711
11281.000,-997204716.959
11282.000,-997204558.711
11283.000,-997204637.835
11284.000,-997204479.587
11285.000,-997204716.959
11286.000,-997204558.711
11287.000,-997204716.959
11288.000,-997204637.835
11289.000,-997204716.959
11290.000,-997204558.711
11291.000,-997204637.835
11292.000,-997204479.587
11293.000,-997204637.835
11294.000,-997204558.711
11295.000,-997204716.959
11296.000,-997204637.835
11297.000,-997204716.959
11298.000,-997204558.711
11299.000,-997204637.835
11300.000,-997204479.587
11301.000,-997204637.835
11302.000,-997204558.711
11303.000,-997204716.959
11304.000,-997204637.835
11305.000,-997204716.959
11306.000,-997204558.711
11307.000,-997204716.959
11308.000,-997204558.711
11309.000,-997204637.835
11310.000,-997204558.711
11311.000,-997204716.959
11312.000,-997204558.711
11313.000,-997204716.959
11314.000,-997204558.711
11315.000,-997204716.959
11316.000,-997204558.711
11317.000,-997204637.835
11318.000,-997204558.711
11319.000,-997204716.959
11320.000,-997204558.711
11321.000,-997204716.959
11322.000,-997204558.711
11323.000,-997204716.959
11324.000,-997204558.711
11325.000,-997204637.835
11326.000,-997204558.711
11327.000,-997204716.959
11328.000,-997204558.711
11329.000,-997204716.959
11330.000,-997204558.711
11331.000,-997204716.959
11332.000,-997204479.587
11333.000,-997204637.835
11334.000,-997204479.587
11335.000,-997204716.959
11336.000,-997204558.711
11337.000,-997204796.083
11338.000,-997204637.835
11339.000,-997204716.959
11340.000,-997204558.711
11341.000,-997204637.835
11342.000,-997204479.587
11343.000,-997204637.835
11344.000,-997204558.711
11345.000,-997204716.959
11346.000,-997204637.835
11347.000,-997204716.959
11348.000,-997204558.711
11349.000,-997204637.835
11350.000,-997204479.587
11351.000,-997204637.835
11352.000,-997204558.711
11353.000,-997204716.959
11354.000,-997204637.835
11355.000,-997204796.083
11356.000,-997204558.711
11357.000,-997204716.959
11358.000,-997204479.587
11359.000,-997204637.835
11360.000,-997204479.587
11361.000,-997204716.959
11362.000,-997204558.711
11363.000,-997204716.959
11364.000,-997204558.711
11365.000,-997204716.959
11366.000,-997204558.711
11367.000,-997204637.835
11368.000,-997204558.711
11369.000,-997204716.959
11370.000,-997204558.711
11371.000,-997204716.959
11372.000,-997204558.711
11373.000,-997204716.959
11374.000,-997204558.711
11375.000,-997204637.835
11376.000,-997204558.711
11377.000,-997204716.959
11378.000,-997204558.711
11379.000,-997204716.959
11380.000,-997204558.711
11381.000,-997204716.959
11382.000,-997204558.711
11383.000,-997204637.835
11384.000,-997204558.711
11385.000,-997204716.959
11386.000,-997204558.711
11387.000,-997204716.959
11388.000,-997204637.835
11389.000,-997204716.959
11390.000,-997204558.711
11391.000,-997204637.835
11392.000,-997204479.587
11393.000,-997204637.835
11394.000,-997204558.711
11395.000,-997204716.959
11396.000,-997204637.835
11397.000,-997204716.959
11398.000,-997204558.711
11399.000,-997204637.835
11400.000,-997204479.587
11401.000,-997204637.835
11402.000,-997204558.711
11403.000,-997204716.959
11404.000,-997204637.835
11405.000,-997204796.083
11406.000,-997204558.711
11407.000,-997204637.835
11408.000,-997204479.587
11409.000,-997204637.835
11410.000,-997204479.587
11411.000,-997204716.959
11412.000,-997204637.835
11413.000,-997204716.959
11414.000,-997204637.835
11415.000,-997204716.959
11416.000,-997204558.711
11417.000,-997204637.835
11418.000,-997204479.587
11419.000,-997204716.959
11420.000,-997204558.711
11421.000,-997204716.959
11422.000,-997204637.835
11423.000,-997204716.959
11424.000,-997204558.711
11425.000,-997204637.835
11426.000,-997204558.711
11427.000,-997204716.959
11428.000,-997204558.711
11429.000,-997204716.959
11430.000,-997204558.711
11431.000,-997204716.959
11432.000,-997204558.711
11433.000,-997204637.835
11434.000,-997204558.711
11435.000,-997204716.959
11436.000,-997204558.711
11437.000,-997204716.959
11438.000,-997204558.711
11439.000,-997204716.959
11440.000,-997204558.711
11441.000,-997204637.835
11442.000,-997204558.711
11443.000,-997204716.959
11444.000,-997204558.711
11445.000,-997204716.959
11446.000,-997204637.835
11447.000,-997204716.959
11448.000,-997204558.711
11449.000,-997204637.835
11450.000,-997204479.587
11451.000,-997204637.835
11452.000,-997204558.711
11453.000,-997204716.959
11454.000,-997204637.835
11455.000,-997204716.959
11456.000,-997204558.711
11457.000,-997204637.835
11458.000,-997204479.587
11459.000,-997204637.835
11460.000,-997204558.711
11461.000,-997204716.959
11462.000,-997204637.835
11463.000,-997204796.083
11464.000,-997204558.711
11465.000,-997204716.959
11466.000,-997204479.587
11467.000,-997204637.835
11468.000,-997204479.587
11469.000,-997204716.959
11470.000,-997204558.711
11471.000,-997204796.083
11472.000,-997204637.835
11473.000,-997204716.959
11474.000,-997204558.711
11475.000,-997204637.835
11476.000,-997204479.587
11477.000,-997204637.835
11478.000,-997204558.711
11479.000,-997204716.959
11480.000,-997204637.835
11481.000,-997204716.959
11482.000,-997204558.711
11483.000,-997204637.835
11484.000,-997204479.587
11485.000,-997204637.835
11486.000,-997204558.711
11487.000,-997204716.959
11488.000,-997204637.835
11489.000,-997204716.959
11490.000,-997204558.711
11491.000,-997204637.835
11492.000,-997204558.711
11493.000,-997204637.835
11494.000,-997204558.711
11495.000,-997204716.959
11496.000,-997204558.711
11497.000,-997204716.959
11498.000,-997204558.711
11499.000,-997204637.835
11500.000,-997204558.711
11501.000,-997204637.835
11502.000,-997204558.711
11503.000,-997204716.959
11504.000,-997204637.835
11505.000,-997204716.959
11506.000,-997204558.711
11507.000,-997204637.835
11508.000,-997204479.587
11509.000,-997204637.835
11510.000,-997204558.711
11511.000,-997204716.959
11512.000,-997204637.835
11513.000,-997204716.959
11514.000,-997204558.711
11515.000,-997204716.959
11516.000,-997204479.587
11517.000,-997204637.835
11518.000,-997204479.587
11519.000,-997204716.959
11520.000,-997204637.835
11521.000,-997204796.083
11522.000,-997204637.835
11523.000,-997204716.959
11524.000,-997204558.711
11525.000,-997204637.835
11526.000,-997204479.587
11527.000,-997204637.835
11528.000,-997204558.711
11529.000,-997204716.959
11530.000,-997204637.835
11531.000,-997204716.959
11532.000,-997204558.711
11533.000,-997204637.835
11534.000,-997204479.587
11535.000,-997204637.835
11536.000,-997204558.711
11537.000,-997204716.959
11538.000,-997204637.835
11539.000,-997204716.959
11540.000,-997204558.711
11541.000,-997204716.959
11542.000,-997204479.587
11543.000,-997204637.835
11544.000,-997204558.711
11545.000,-997204716.959
11546.000,-997204558.711
11547.000,-997204716.959
11548.000,-997204558.711
11549.000,-997204716.959
11550.000,-997204558.711
11551.000,-997204637.835
11552.000,-997204558.711
11553.000,-997204716.959
11554.000,-997204558.711
11555.000,-997204716.959
11556.000,-997204558.711
11557.000,-997204716.959
11558.000,-997204558.711
11559.000,-997204637.835
11560.000,-997204558.711
11561.000,-997204716.959
11562.000,-997204558.711
11563.000,-997204716.959
11564.000,-997204558.711
11565.000,-997204716.959
11566.000,-997204558.711
11567.000,-997204637.835
11568.000,-997204558.711
11569.000,-997204716.959
11570.000,-997204558.711
11571.000,-997204716.959
11572.000,-997204558.711
11573.000,-997204716.959
11574.000,-997204558.711
11575.000,-997204637.835
11576.000,-997204479.587
11577.000,-997204716.959
11578.000,-997204558.711
11579.000,-997204716.959
11580.000,-997204637.835
11581.000,-997204716.959
11582.000,-997204558.711
11583.000,-997204637.835
11584.000,-997204479.587
11585.000,-997204637.835
11586.000,-997204558.711
11587.000,-997204716.959
11588.000,-997204637.835
11589.000,-997204716.959
11590.000,-997204558.711
11591.000,-997204637.835
11592.000,-997204479.587
11593.000,-997204637.835
11594.000,-997204558.711
11595.000,-997204716.959
11596.000,-997204637.835
11597.000,-997204716.959
11598.000,-997204558.711
11599.000,-997204716.959
11600.000,-997204479.587
11601.000,-997204637.835
11602.000,-997204558.711
11603.000,-997204716.959
11604.000,-997204558.711
11605.000,-997204716.959
11606.000,-997204558.711
11607.000,-997204716.959
11608.000,-997204558.711
11609.000,-997204637.835
11610.000,-997204558.711
11611.000,-997204716.959
11612.000,-997204558.711
11613.000,-997204716.959
11614.000,-997204558.711
11615.000,-997204716.959
11616.000,-997204558.711
11617.000,-997204637.835
11618.000,-997204558.711
11619.000,-997204716.959
11620.000,-997204558.711
11621.000,-997204716.959
11622.000,-997204558.711
11623.000,-997204716.959
11624.000,-997204558.711
11625.000,-997204637.835
11626.000,-997204479.587
11627.000,-997204716.959
11628.000,-997204558.711
11629.000,-997204716.959
11630.000,-997204637.835
11631.000,-997204716.959
11632.000,-997204558.711
11633.000,-997204637.835
11634.000,-997204479.587
11635.000,-997204637.835
11636.000,-997204558.711
11637.000,-997204716.959
11638.000,-997204637.835
11639.000,-997204716.959
11640.000,-997204558.711
11641.000,-997204637.835
11642.000,-997204479.587
11643.000,-997204637.835
11644.000,-997204558.711
11645.000,-997204716.959
11646.000,-997204637.835
11647.000,-997204716.959
11648.000,-997204558.711
11649.000,-997204716.959
11650.000,-997204479.587
11651.000,-997204637.835
11652.000,-997204558.711
11653.000,-997204716.959
11654.000,-997204558.711
11655.000,-997204716.959
11656.000,-997204558.711
11657.000,-997204716.959
11658.000,-997204558.711
11659.000,-997204637.835
11660.000,-997204558.711
11661.000,-997204716.959
11662.000,-997204558.711
11663.000,-997204716.959
11664.000,-997204558.711
11665.000,-997204716.959
11666.000,-997204558.711
11667.000,-997204637.835
11668.000,-997204558.711
11669.000,-997204716.959
11670.000,-997204558.711
11671.000,-997204716.959
11672.000,-997204558.711
11673.000,-997204716.959
11674.000,-997204558.711
11675.000,-997204637.835
11676.000,-997204558.711
11677.000,-997204716.959
11678.000,-997204558.711
11679.000,-997204716.959
11680.000,-997204558.711
11681.000,-997204716.959
11682.000,-997204558.711
11683.000,-997204637.835
11684.000,-997204558.711
11685.000,-997204716.959
11686.000,-997204558.711
11687.000,-997204716.959
11688.000,-997204558.711
11689.000,-997204716.959
11690.000,-997204558.711
11691.000,-997204637.835
11692.000,-997204479.587
11693.000,-997204637.835
11694.000,-997204558.711
11695.000,-997204716.959
11696.000,-997204637.835
11697.000,-997204716.959
11698.000,-997204558.711
11699.000,-997204637.835
11700.000,-997204479.587
11701.000,-997204637.835
11702.000,-997204558.711
11703.000,-997204716.959
11704.000,-997204637.835
11705.000,-997204716.959
11706.000,-997204558.711
11707.000,-997204716.959
11708.000,-997204479.587
11709.000,-997204637.835
11710.000,-997204479.587
11711.000,-997204716.959
11712.000,-997204558.711
11713.000,-997204716.959
11714.000,-997204637.835
11715.000,-997204716.959
11716.000,-997204558.711
11717.000,-997204637.835
11718.000,-997204479.587
11719.000,-997204637.835
11720.000,-997204558.711
11721.000,-997204716.959
11722.000,-997204558.711
11723.000,-997204716.959
11724.000,-997204558.711
11725.000,-997204637.835
11726.000,-997204558.711
11727.000,-997204716.959
11728.000,-997204558.711
11729.000,-997204716.959
11730.000,-997204558.711
11731.000,-997204716.959
11732.000,-997204558.711
11733.000,-997204637.835
11734.000,-997204558.711
11735.000,-997204716.959
11736.000,-997204558.711
11737.000,-997204716.959
11738.000,-997204558.711
11739.000,-997204716.959
11740.000,-997204558.711
11741.000,-997204637.835
11742.000,-997204479.587
11743.000,-997204637.835
11744.000,-997204558.711
11745.000,-997204716.959
11746.000,-997204637.835
11747.000,-997204716.959
11748.000,-997204558.711
11749.000,-997204637.835
11750.000,-997204479.587
11751.000,-997204637.835
11752.000,-997204558.711
11753.000,-997204716.959
11754.000,-997204637.835
11755.000,-997204716.959
11756.000,-997204558.711
11757.000,-997204637.835
11758.000,-997204479.587
11759.000,-997204637.835
11760.000,-997204479.587
11761.000,-997204716.959
11762.000,-997204637.835
11763.000,-997204796.083
11764.000,-997204637.835
11765.000,-997204716.959
11766.000,-997204558.711
11767.000,-997204637.835
11768.000,-997204479.587
11769.000,-997204637.835
11770.000,-997204558.711
11771.000,-997204716.959
11772.000,-997204637.835
11773.000,-997204716.959
11774.000,-997204558.711
11775.000,-997204637.835
11776.000,-997204479.587
11777.000,-997204637.835
11778.000,-997204558.711
11779.000,-997204716.959
11780.000,-997204637.835
11781.000,-997204716.959
11782.000,-997204558.711
11783.000,-997204637.835
11784.000,-997204558.711
11785.000,-997204637.835
11786.000,-997204558.711
11787.000,-997204716.959
11788.000,-997204558.711
11789.000,-997204716.959
11790.000,-997204558.711
11791.000,-997204716.959
11792.000,-997204558.711
11793.000,-997204637.835
11794.000,-997204558.711
11795.000,-997204716.959
11796.000,-997204558.711
11797.000,-997204716.959
11798.000,-997204558.711
11799.000,-997204637.835
11800.000,-997204479.587
11801.000,-997204637.835
11802.000,-997204558.711
11803.000,-997204716.959
11804.000,-997204637.835
11805.000,-997204716.959
11806.000,-997204558.711
11807.000,-997204637.835
11808.000,-997204479.587
11809.000,-997204637.835
11810.000,-997204558.711
11811.000,-997204716.959
11812.000,-997204637.835
11813.000,-997204716.959
11814.000,-997204558.711
11815.000,-997204716.959
11816.000,-997204479.587
11817.000,-997204637.835
11818.000,-997204479.587
11819.000,-997204716.959
11820.000,-997204558.711
11821.000,-997204716.959
11822.000,-997204637.835
11823.000,-997204716.959
11824.000,-997204558.711
11825.000,-997204637.835
11826.000,-997204479.587
11827.000,-997204637.835
11828.000,-997204558.711
11829.000,-997204716.959
11830.000,-997204637.835
11831.000,-997204716.959
11832.000,-997204558.711
11833.000,-997204637.835
11834.000,-997204479.587
11835.000,-997204637.835
11836.000,-997204558.711
11837.000,-997204716.959
11838.000,-997204637.835
11839.000,-997204716.959
11840.000,-997204558.711
11841.000,-997204637.835
11842.000,-997204479.587
11843.000,-997204637.835
11844.000,-997204558.711
11845.000,-997204716.959
11846.000,-997204637.835
11847.000,-997204716.959
11848.000,-997204558.711
11849.000,-997204637.835
11850.000,-997204479.587
11851.000,-997204637.835
11852.000,-997204558.711
11853.000,-997204716.959
11854.000,-997204637.835
11855.000,-997204716.959
11856.000,-997204558.711
11857.000,-997204637.835
11858.000,-997204479.587
11859.000,-997204637.835
11860.000,-997204558.711
11861.000,-997204716.959
11862.000,-997204637.835
11863.000,-997204716.959
11864.000,-997204558.711
11865.000,-997204716.959
11866.000,-997204479.587
11867.000,-997204637.835
11868.000,-997204558.711
11869.000,-997204716.959
11870.000,-997204637.835
11871.000,-997204796.083
11872.000,-997204637.835
11873.000,-997204716.959
11874.000,-997204479.587
11875.000,-997204637.835
11876.000,-997204479.587
11877.000,-997204637.835
11878.000,-997204558.711
11879.000,-997204796.083
11880.000,-997204637.835
11881.000,-997204716.959
11882.000,-997204558.711
11883.000,-997204637.835
11884.000,-997204479.587
11885.000,-997204637.835
11886.000,-997204558.711
11887.000,-997204716.959
11888.000,-997204637.835
11889.000,-997204716.959
11890.000,-997204558.711
11891.000,-997204637.835
11892.000,-997204479.587
11893.000,-997204637.835
11894.000,-997204558.711
11895.000,-997204716.959
11896.000,-997204637.835
11897.000,-997204796.083
11898.000,-997204558.711
11899.000,-997204716.959
11900.000,-997204479.587
11901.000,-997204637.835
11902.000,-997204558.711
11903.000,-997204716.959
11904.000,-997204637.835
11905.000,-997204716.959
11906.000,-997204637.835
11907.000,-997204716.959
11908.000,-997204558.711
11909.000,-997204637.835
11910.000,-997204479.587
11911.000,-997204716.959
11912.000,-997204558.711
11913.000,-997204716.959
11914.000,-997204558.711
11915.000,-997204716.959
11916.000,-997204558.711
11917.000,-997204637.835
11918.000,-997204479.587
11919.000,-997204716.959
11920.000,-997204558.711
11921.000,-997204716.959
11922.000,-997204637.835
11923.000,-997204716.959
11924.000,-997204558.711
11925.000,-997204637.835
11926.000,-997204479.587
11927.000,-997204637.835
11928.000,-997204558.711
11929.000,-997204716.959
11930.000,-997204637.835
11931.000,-997204716.959
11932.000,-997204558.711
11933.000,-997204637.835
11934.000,-997204479.587
11935.000,-997204637.835
11936.000,-997204558.711
11937.000,-997204716.959
11938.000,-997204637.835
11939.000,-997204716.959
11940.000,-997204558.711
11941.000,-997204637.835
11942.000,-997204479.587
11943.000,-997204637.835
11944.000,-997204558.711
11945.000,-997204716.959
11946.000,-997204637.835
11947.000,-997204716.959
11948.000,-997204558.711
11949.000,-997204637.835
11950.000,-997204479.587
11951.000,-997204637.835
11952.000,-997204558.711
11953.000,-997204716.959
11954.000,-997204637.835
11955.000,-997204716.959
11956.000,-997204558.711
11957.000,-997204716.959
11958.000,-997204479.587
11959.000,-997204637.835
11960.000,-997204479.587
11961.000,-997204716.959
11962.000,-997204558.711
11963.000,-997204716.959
11964.000,-997204637.835
11965.000,-997204716.959
11966.000,-997204558.711
11967.000,-997204637.835
11968.000,-997204479.587
11969.000,-997204716.959
11970.000,-997204558.711
11971.000,-997204716.959
11972.000,-997204637.835
11973.000,-997204716.959
11974.000,-997204558.711
11975.000,-997204637.835
11976.000,-997204479.587
11977.000,-997204637.835
11978.000,-997204558.711
11979.000,-997204716.959
11980.000,-997204637.835
11981.000,-997204716.959
11982.000,-997204558.711
11983.000,-997204637.835
11984.000,-997204479.587
11985.000,-997204637.835
11986.000,-997204558.711
11987.000,-997204716.959
11988.000,-997204637.835
11989.000,-997204716.959
11990.000,-997204558.711
11991.000,-997204637.835
11992.000,-997204479.587
11993.000,-997204637.835
11994.000,-997204558.711
11995.000,-997204716.959
11996.000,-997204637.835
11997.000,-997204716.959
11998.000,-997204558.711
11999.000,-997204637.835
12000.000,-997204479.587
12001.000,-997204637.835
12002.000,-997204558.711
12003.000,-997204716.959
12004.000,-997204637.835
12005.000,-997204716.959
12006.000,-997204558.711
12007.000,-997204716.959
12008.000,-997204479.587
12009.000,-997204637.835
12010.000,-997204479.587
12011.000,-997204716.959
12012.000,-997204637.835
12013.000,-997204796.083
12014.000,-997204637.835
12015.000,-997204716.959
12016.000,-997204479.587
12017.000,-997204637.835
12018.000,-997204479.587
12019.000,-997204637.835
12020.000,-997204558.711
12021.000,-997204796.083
12022.000,-997204637.835
12023.000,-997204716.959
12024.000,-997204558.711
12025.000,-997204637.835
12026.000,-997204479.587
12027.000,-997204637.835
12028.000,-997204558.711
12029.000,-997204716.959
12030.000,-997204637.835
12031.000,-997204716.959
12032.000,-997204558.711
12033.000,-997204637.835
12034.000,-997204479.587
12035.000,-997204637.835
12036.000,-997204558.711
12037.000,-997204716.959
12038.000,-997204637.835
12039.000,-997204716.959
12040.000,-997204558.711
12041.000,-997204637.835
12042.000,-997204479.587
12043.000,-997204637.835
12044.000,-997204558.711
12045.000,-997204716.959
12046.000,-997204637.835
12047.000,-997204716.959
12048.000,-997204558.711
12049.000,-997204716.959
12050.000,-997204479.587
12051.000,-997204637.835
12052.000,-997204558.711
12053.000,-997204716.959
12054.000,-997204637.835
12055.000,-997204716.959
12056.000,-997204558.711
12057.000,-997204716.959
12058.000,-997204479.587
12059.000,-997204637.835
12060.000,-997204558.711
12061.000,-997204716.959
12062.000,-997204637.835
12063.000,-997204716.959
12064.000,-997204637.835
12065.000,-997204716.959
12066.000,-997204558.711
12067.000,-997204637.835
12068.000,-997204479.587
12069.000,-997204637.835
12070.000,-997204558.711
12071.000,-997204716.959
12072.000,-997204637.835
12073.000,-997204716.959
12074.000,-997204558.711
12075.000,-997204637.835
12076.000,-997204479.587
12077.000,-997204637.835
12078.000,-997204558.711
12079.000,-997204716.959
12080.000,-997204637.835
12081.000,-997204716.959
12082.000,-997204558.711
12083.000,-997204637.835
12084.000,-997204479.587
12085.000,-997204637.835
12086.000,-997204558.711
12087.000,-997204716.959
12088.000,-997204637.835
12089.000,-997204716.959
12090.000,-997204558.711
12091.000,-997204637.835
12092.000,-997204479.587
12093.000,-997204637.835
12094.000,-997204558.711
12095.000,-997204716.959
12096.000,-997204637.835
12097.000,-997204716.959
12098.000,-997204558.711
12099.000,-997204637.835
12100.000,-997204479.587
12101.000,-997204637.835
12102.000,-997204558.711
12103.000,-997204716.959
12104.000,-997204637.835
12105.000,-997204716.959
12106.000,-997204558.711
12107.000,-997204637.835
12108.000,-997204479.587
12109.000,-997204637.835
12110.000,-997204558.711
12111.000,-997204716.959
12112.000,-997204637.835
12113.000,-997204716.959
12114.000,-997204558.711
12115.000,-997204716.959
12116.000,-997204479.587
12117.000,-997204637.835
12118.000,-997204479.587
12119.000,-997204716.959
12120.000,-997204637.835
12121.000,-997204796.083
12122.000,-997204637.835
12123.000,-997204716.959
12124.000,-997204558.711
12125.000,-997204637.835
12126.000,-997204479.587
12127.000,-997204637.835
12128.000,-997204558.711
12129.000,-997204716.959
12130.000,-997204637.835
12131.000,-997204716.959
12132.000,-997204558.711
12133.000,-997204637.835
12134.000,-997204479.587
12135.000,-997204637.835
12136.000,-997204558.711
12137.000,-997204716.959
12138.000,-997204637.835
12139.000,-997204716.959
12140.000,-997204558.711
12141.000,-997204637.835
12142.000,-997204479.587
12143.000,-997204637.835
12144.000,-997204558.711
12145.000,-997204716.959
12146.000,-997204637.835
12147.000,-997204716.959
12148.000,-997204558.711
12149.000,-997204716.959
12150.000,-997204479.587
12151.000,-997204637.835
12152.000,-997204558.711
12153.000,-997204716.959
12154.000,-997204637.835
12155.000,-997204716.959
12156.000,-997204558.711
12157.000,-997204716.959
12158.000,-997204558.711
12159.000,-997204637.835
12160.000,-997204558.711
12161.000,-997204716.959
12162.000,-997204558.711
12163.000,-997204716.959
12164.000,-997204558.711
12165.000,-997204716.959
12166.000,-997204558.711
12167.000,-997204637.835
12168.000,-997204558.711
12169.000,-997204716.959
12170.000,-997204558.711
12171.000,-997204716.959
12172.000,-997204558.711
12173.000,-997204716.959
12174.000,-997204558.711
12175.000,-997204637.835
12176.000,-997204479.587
12177.000,-997204716.959
12178.000,-997204558.711
12179.000,-997204716.959
12180.000,-997204637.835
12181.000,-997204716.959
12182.000,-997204558.711
12183.000,-997204637.835
12184.000,-997204479.587
12185.000,-997204637.835
12186.000,-997204558.711
12187.000,-997204716.959
12188.000,-997204637.835
12189.000,-997204716.959
12190.000,-997204558.711
12191.000,-997204637.835
12192.000,-997204479.587
12193.000,-997204637.835
12194.000,-997204558.711
12195.000,-997204716.959
12196.000,-997204637.835
12197.000,-997204716.959
12198.000,-997204558.711
12199.000,-997204637.835
12200.000,-997204479.587
12201.000,-997204637.835
12202.000,-997204558.711
12203.000,-997204716.959
12204.000,-997204637.835
12205.000,-997204716.959
12206.000,-997204558.711
12207.000,-997204716.959
12208.000,-997204558.711
12209.000,-997204637.835
12210.000,-997204558.711
12211.000,-997204716.959
12212.000,-997204558.711
12213.000,-997204716.959
12214.000,-997204558.711
12215.000,-997204716.959
12216.000,-997204558.711
12217.000,-997204637.835
12218.000,-997204558.711
12219.000,-997204716.959
12220.000,-997204558.711
12221.000,-997204716.959
12222.000,-997204558.711
12223.000,-997204716.959
12224.000,-997204558.711
12225.000,-997204637.835
12226.000,-997204558.711
12227.000,-997204716.959
12228.000,-997204558.711
12229.000,-997204716.959
12230.000,-997204558.711
12231.000,-997204716.959
12232.000,-997204558.711
12233.000,-997204637.835
12234.000,-997204479.587
12235.000,-997204716.959
12236.000,-997204558.711
12237.000,-997204716.959
12238.000,-997204637.835
12239.000,-997204716.959
12240.000,-997204558.711
12241.000,-997204637.835
12242.000,-997204479.587
12243.000,-997204637.835
12244.000,-997204558.711
12245.000,-997204716.959
12246.000,-997204637.835
12247.000,-997204716.959
12248.000,-997204558.711
12249.000,-997204637.835
12250.000,-997204479.587
12251.000,-997204637.835
12252.000,-997204558.711
12253.000,-997204716.959
12254.000,-997204637.835
12255.000,-997204796.083
12256.000,-997204558.711
12257.000,-997204716.959
12258.000,-997204479.587
12259.000,-997204637.835
12260.000,-997204479.587
12261.000,-997204716.959
12262.000,-997204637.835
12263.000,-997204796.083
12264.000,-997204637.835
12265.000,-997204716.959
12266.000,-997204558.711
12267.000,-997204637.835
12268.000,-997204479.587
12269.000,-997204716.959
12270.000,-997204558.711
12271.000,-997204716.959
12272.000,-997204637.835
12273.000,-997204716.959
12274.000,-997204558.711
12275.000,-997204637.835
12276.000,-997204479.587
12277.000,-997204637.835
12278.000,-997204558.711
12279.000,-997204716.959
12280.000,-997204637.835
12281.000,-997204716.959
12282.000,-997204558.711
12283.000,-997204637.835
12284.000,-997204479.587
12285.000,-997204637.835
12286.000,-997204558.711
12287.000,-997204716.959
12288.000,-997204637.835
12289.000,-997204716.959
12290.000,-997204558.711
12291.000,-997204637.835
12292.000,-997204479.587
12293.000,-997204637.835
12294.000,-997204558.711
12295.000,-997204716.959
12296.000,-997204637.835
12297.000,-997204716.959
12298.000,-997204558.711
12299.000,-997204637.835
12300.000,-997204479.587
12301.000,-997204637.835
12302.000,-997204558.711
12303.000,-997204716.959
12304.000,-997204637.835
12305.000,-997204716.959
12306.000,-997204558.711
12307.000,-997204637.835
12308.000,-997204479.587
12309.000,-997204637.835
12310.000,-997204558.711
12311.000,-997204716.959
12312.000,-997204637.835
12313.000,-997204796.083
12314.000,-997204637.835
12315.000,-997204716.959
12316.000,-997204479.587
12317.000,-997204637.835
12318.000,-997204479.587
12319.000,-997204716.959
12320.000,-997204637.835
12321.000,-997204796.083
12322.000,-997204637.835
12323.000,-997204716.959
12324.000,-997204558.711
12325.000,-997204637.835
12326.000,-997204479.587
12327.000,-997204637.835
12328.000,-997204558.711
12329.000,-997204716.959
12330.000,-997204637.835
12331.000,-997204716.959
12332.000,-997204558.711
12333.000,-997204637.835
12334.000,-997204479.587
12335.000,-997204637.835
12336.000,-997204558.711
12337.000,-997204716.959
12338.000,-997204637.835
12339.000,-997204716.959
12340.000,-997204558.711
12341.000,-997204637.835
12342.000,-997204479.587
12343.000,-997204637.835
12344.000,-997204558.711
12345.000,-997204716.959
12346.000,-997204637.835
12347.000,-997204716.959
12348.000,-997204558.711
12349.000,-997204637.835
12350.000,-997204479.587
12351.000,-997204637.835
12352.000,-997204558.711
12353.000,-997204716.959
12354.000,-997204637.835
12355.000,-997204716.959
12356.000,-997204558.711
12357.000,-997204637.835
12358.000,-997204479.587
12359.000,-997204637.835
12360.000,-997204558.711
12361.000,-997204716.959
12362.000,-997204637.835
12363.000,-997204796.083
12364.000,-997204558.711
12365.000,-997204637.835
12366.000,-997204479.587
12367.000,-997204637.835
12368.000,-997204479.587
12369.000,-997204716.959
12370.000,-997204637.835
12371.000,-997204796.083
12372.000,-997204637.835
12373.000,-997204716.959
12374.000,-997204479.587
12375.000,-997204637.835
12376.000,-997204479.587
12377.000,-997204637.835
12378.000,-997204558.711
12379.000,-997204796.083
12380.000,-997204637.835
12381.000,-997204716.959
12382.000,-997204558.711
12383.000,-997204637.835
12384.000,-997204479.587
12385.000,-997204637.835
12386.000,-997204558.711
12387.000,-997204716.959
12388.000,-997204637.835
12389.000,-997204716.959
12390.000,-997204558.711
12391.000,-997204637.835
12392.000,-997204479.587
12393.000,-997204637.835
12394.000,-997204558.711
12395.000,-997204716.959
12396.000,-997204637.835
12397.000,-997204716.959
12398.000,-997204558.711
12399.000,-997204637.835
12400.000,-997204479.587
12401.000,-997204637.835
12402.000,-997204558.711
12403.000,-997204716.959
12404.000,-997204637.835
12405.000,-997204716.959
12406.000,-997204558.711
12407.000,-997204637.835
12408.000,-997204479.587
12409.000,-997204637.835
12410.000,-997204558.711
12411.000,-997204716.959
12412.000,-997204637.835
12413.000,-997204716.959
12414.000,-997204558.711
12415.000,-997204716.959
12416.000,-997204479.587
12417.000,-997204637.835
12418.000,-997204479.587
12419.000,-997204716.959
12420.000,-997204637.835
12421.000,-997204796.083
12422.000,-997204637.835
12423.000,-997204716.959
12424.000,-997204479.587
12425.000,-997204637.835
12426.000,-997204479.587
12427.000,-997204637.835
12428.000,-997204558.711
12429.000,-997204716.959
12430.000,-997204637.835
12431.000,-997204716.959
12432.000,-997204558.711
12433.000,-997204637.835
12434.000,-997204479.587
12435.000,-997204637.835
12436.000,-997204558.711
12437.000,-997204716.959
12438.000,-997204637.835
12439.000,-997204716.959
12440.000,-997204558.711
12441.000,-997204637.835
12442.000,-997204479.587
12443.000,-997204637.835
12444.000,-997204558.711
12445.000,-997204716.959
12446.000,-997204637.835
12447.000,-997204716.959
12448.000,-997204558.711
12449.000,-997204716.959
12450.000,-997204558.711
12451.000,-997204637.835
12452.000,-997204558.711
12453.000,-997204716.959
12454.000,-997204558.711
12455.000,-997204716.959
12456.000,-997204558.711
12457.000,-997204637.835
12458.000,-997204558.711
12459.000,-997204637.835
12460.000,-997204558.711
12461.000,-997204716.959
12462.000,-997204637.835
12463.000,-997204716.959
12464.000,-997204558.711
12465.000,-997204637.835
12466.000,-997204479.587
12467.000,-997204637.835
12468.000,-997204558.711
12469.000,-997204716.959
12470.000,-997204637.835
12471.000,-997204796.083
12472.000,-997204637.835
12473.000,-997204716.959
12474.000,-997204479.587
12475.000,-997204637.835
12476.000,-997204479.587
12477.000,-997204716.959
12478.000,-997204558.711
12479.000,-997204796.083
12480.000,-997204637.835
12481.000,-997204716.959
12482.000,-997204558.711
12483.000,-997204637.835
12484.000,-997204479.587
12485.000,-997204637.835
12486.000,-997204558.711
12487.000,-997204716.959
12488.000,-997204637.835
12489.000,-997204716.959
12490.000,-997204558.711
12491.000,-997204637.835
12492.000,-997204479.587
12493.000,-997204637.835
12494.000,-997204558.711
12495.000,-997204716.959
12496.000,-997204637.835
12497.000,-997204716.959
12498.000,-997204558.711
12499.000,-997204637.835
12500.000,-997204479.587
12501.000,-997204637.835
12502.000,-997204558.711
12503.000,-997204716.959
12504.000,-997204637.835
12505.000,-997204716.959
12506.000,-997204558.711
12507.000,-997204716.959
12508.000,-997204558.711
12509.000,-997204637.835
12510.000,-997204558.711
12511.000,-997204716.959
12512.000,-997204637.835
12513.000,-997204716.959
12514.000,-997204558.711
12515.000,-997204716.959
12516.000,-997204558.711
12517.000,-997204637.835
12518.000,-997204558.711
12519.000,-997204716.959
12520.000,-997204637.835
12521.000,-997204716.959
12522.000,-997204558.711
12523.000,-997204716.959
12524.000,-997204558.711
12525.000,-997204637.835
12526.000,-997204558.711
12527.000,-997204716.959
12528.000,-997204558.711
12529.000,-997204716.959
12530.000,-997204637.835
12531.000,-997204716.959
12532.000,-997204558.711
12533.000,-997204637.835
12534.000,-997204479.587
12535.000,-997204637.835
12536.000,-997204558.711
12537.000,-997204716.959
12538.000,-997204637.835
12539.000,-997204716.959
12540.000,-997204558.711
12541.000,-997204637.835
12542.000,-997204479.587
12543.000,-997204637.835
12544.000,-997204558.711
12545.000,-997204716.959
12546.000,-997204637.835
12547.000,-997204716.959
12548.000,-997204558.711
12549.000,-997204637.835
12550.000,-997204479.587
12551.000,-997204637.835
12552.000,-997204558.711
12553.000,-997204716.959
12554.000,-997204637.835
12555.000,-997204716.959
12556.000,-997204637.835
12557.000,-997204716.959
12558.000,-997204558.711
12559.000,-997204637.835
12560.000,-997204479.587
12561.000,-997204716.959
12562.000,-997204558.711
12563.000,-997204716.959
12564.000,-997204637.835
12565.000,-997204716.959
12566.000,-997204558.711
12567.000,-997204637.835
12568.000,-997204558.711
12569.000,-997204716.959
12570.000,-997204558.711
12571.000,-997204716.959
12572.000,-997204558.711
12573.000,-997204716.959
12574.000,-997204558.711
12575.000,-997204637.835
12576.000,-997204558.711
12577.000,-997204716.959
12578.000,-997204558.711
12579.000,-997204716.959
12580.000,-997204558.711
12581.000,-997204716.959
12582.000,-997204558.711
12583.000,-997204637.835
12584.000,-997204558.711
12585.000,-997204716.959
12586.000,-997204558.711
12587.000,-997204716.959
12588.000,-997204558.711
12589.000,-997204716.959
12590.000,-997204558.711
12591.000,-997204637.835
12592.000,-997204479.587
12593.000,-997204637.835
12594.000,-997204558.711
12595.000,-997204716.959
12596.000,-997204637.835
12597.000,-997204716.959
12598.000,-997204558.711
12599.000,-997204637.835
12600.000,-997204479.587
12601.000,-997204637.835
12602.000,-997204558.711
12603.000,-997204716.959
12604.000,-997204637.835
12605.000,-997204716.959
12606.000,-997204558.711
12607.000,-997204637.835
12608.000,-997204479.587
12609.000,-997204637.835
12610.000,-997204558.711
12611.000,-997204716.959
12612.000,-997204637.835
12613.000,-997204716.959
12614.000,-997204637.835
12615.000,-997204716.959
12616.000,-997204558.711
12617.000,-997204637.835
12618.000,-997204558.711
12619.000,-997204716.959
12620.000,-997204558.711
12621.000,-997204716.959
12622.000,-997204558.711
12623.000,-997204716.959
12624.000,-997204558.711
12625.000,-997204637.835
12626.000,-997204558.711
12627.000,-997204716.959
12628.000,-997204558.711
12629.000,-997204716.959
12630.000,-997204558.711
12631.000,-997204716.959
12632.000,-997204558.711
12633.000,-997204637.835
12634.000,-997204558.711
12635.000,-997204716.959
12636.000,-997204558.711
12637.000,-997204716.959
12638.000,-997204558.711
12639.000,-997204716.959
12640.000,-997204558.711
12641.000,-997204637.835
12642.000,-997204479.587
12643.000,-997204637.835
12644.000,-997204558.711
12645.000,-997204716.959
12646.000,-997204637.835
12647.000,-997204716.959
12648.000,-997204558.711
12649.000,-997204637.835
12650.000,-997204479.587
12651.000,-997204637.835
12652.000,-997204558.711
12653.000,-997204716.959
12654.000,-997204637.835
12655.000,-997204716.959
12656.000,-997204558.711
12657.000,-997204637.835
12658.000,-997204479.587
12659.000,-997204637.835
12660.000,-997204558.711
12661.000,-997204716.959
12662.000,-997204637.835
12663.000,-997204716.959
12664.000,-997204637.835
12665.000,-997204716.959
12666.000,-997204558.711
12667.000,-997204637.835
12668.000,-997204479.587
12669.000,-997204716.959
12670.000,-997204558.711
12671.000,-997204716.959
12672.000,-997204637.835
12673.000,-997204716.959
12674.000,-997204558.711
12675.000,-997204637.835
12676.000,-997204558.711
12677.000,-997204637.835
12678.000,-997204558.711
12679.000,-997204716.959
12680.000,-997204558.711
12681.000,-997204716.959
12682.000,-997204558.711
12683.000,-997204637.835
12684.000,-997204558.711
12685.000,-997204637.835
12686.000,-997204558.711
12687.000,-997204716.959
12688.000,-997204558.711
12689.000,-997204716.959
12690.000,-997204558.711
12691.000,-997204637.835
12692.000,-997204558.711
12693.000,-997204637.835
12694.000,-997204558.711
12695.000,-997204716.959
12696.000,-997204558.711
12697.000,-997204716.959
12698.000,-997204558.711
12699.000,-997204637.835
12700.000,-997204558.711
12701.000,-997204637.835
12702.000,-997204558.711
12703.000,-997204716.959
12704.000,-997204558.711
12705.000,-997204716.959
12706.000,-997204558.711
12707.000,-997204637.835
12708.000,-997204558.711
12709.000,-997204637.835
12710.000,-997204558.711
12711.000,-997204716.959
12712.000,-997204637.835
12713.000,-997204716.959
12714.000,-997204558.711
12715.000,-997204637.835
12716.000,-997204558.711
12717.000,-997204637.835
12718.000,-997204558.711
12719.000,-997204716.959
12720.000,-997204637.835
12721.000,-997204716.959
12722.000,-997204558.711
12723.000,-997204716.959
12724.000,-997204558.711
12725.000,-997204637.835
12726.000,-997204558.711
12727.000,-997204716.959
12728.000,-997204558.711
12729.000,-997204716.959
12730.000,-997204637.835
12731.000,-997204716.959
12732.000,-997204558.711
12733.000,-997204637.835
12734.000,-997204479.587
12735.000,-997204637.835
12736.000,-997204558.711
12737.000,-997204716.959
12738.000,-997204637.835
12739.000,-997204716.959
12740.000,-997204558.711
12741.000,-997204637.835
12742.000,-997204479.587
12743.000,-997204637.835
12744.000,-997204558.711
12745.000,-997204716.959
12746.000,-997204637.835
12747.000,-997204716.959
12748.000,-997204558.711
12749.000,-997204637.835
12750.000,-997204558.711
12751.000,-997204637.835
12752.000,-997204558.711
12753.000,-997204716.959
12754.000,-997204637.835
12755.000,-997204716.959
12756.000,-997204558.711
12757.000,-997204637.835
12758.000,-997204479.587
12759.000,-997204637.835
12760.000,-997204558.711
12761.000,-997204716.959
12762.000,-997204637.835
12763.000,-997204716.959
12764.000,-997204558.711
12765.000,-997204637.835
12766.000,-997204479.587
12767.000,-997204637.835
12768.000,-997204558.711
12769.000,-997204716.959
12770.000,-997204637.835
12771.000,-997204716.959
12772.000,-997204637.835
12773.000,-997204716.959
12774.000,-997204558.711
12775.000,-997204637.835
12776.000,-997204479.587
12777.000,-997204637.835
12778.000,-997204558.711
12779.000,-997204716.959
12780.000,-997204637.835
12781.000,-997204716.959
12782.000,-997204558.711
12783.000,-997204637.835
12784.000,-997204479.587
12785.000,-997204637.835
12786.000,-997204558.711
12787.000,-997204716.959
12788.000,-997204637.835
12789.000,-997204716.959
12790.000,-997204558.711
12791.000,-997204637.835
12792.000,-997204479.587
12793.000,-997204637.835
12794.000,-997204558.711
12795.000,-997204716.959
12796.000,-997204637.835
12797.000,-997204716.959
12798.000,-997204558.711
12799.000,-997204716.959
12800.000,-997204558.711
12801.000,-997204637.835
12802.000,-997204558.711
12803.000,-997204716.959
12804.000,-997204558.711
12805.000,-997204716.959
12806.000,-997204558.711
12807.000,-997204716.959
12808.000,-997204558.711
12809.000,-997204637.835
12810.000,-997204558.711
12811.000,-997204716.959
12812.000,-997204558.711
12813.000,-997204716.959
12814.000,-997204558.711
12815.000,-997204716.959
12816.000,-997204558.711
12817.000,-997204637.835
12818.000,-997204558.711
12819.000,-997204716.959
12820.000,-997204637.835
12821.000,-997204716.959
12822.000,-997204558.711
12823.000,-997204716.959
12824.000,-997204558.711
12825.000,-997204637.835
12826.000,-997204479.587
12827.000,-997204716.959
12828.000,-997204558.711
12829.000,-997204716.959
12830.000,-997204637.835
12831.000,-997204716.959
12832.000,-997204558.711
12833.000,-997204637.835
12834.000,-997204479.587
12835.000,-997204637.835
12836.000,-997204558.711
12837.000,-997204716.959
12838.000,-997204637.835
12839.000,-997204716.959
12840.000,-997204558.711
12841.000,-997204637.835
12842.000,-997204479.587
12843.000,-997204637.835
12844.000,-997204558.711
12845.000,-997204716.959
12846.000,-997204637.835
12847.000,-997204716.959
12848.000,-997204558.711
12849.000,-997204716.959
12850.000,-997204558.711
12851.000,-997204637.835
12852.000,-997204558.711
12853.000,-997204716.959
12854.000,-997204558.711
12855.000,-997204716.959
12856.000,-997204558.711
12857.000,-997204716.959
12858.000,-997204558.711
12859.000,-997204637.835
12860.000,-997204558.711
12861.000,-997204716.959
12862.000,-997204558.711
12863.000,-997204716.959
12864.000,-997204558.711
12865.000,-997204716.959
12866.000,-997204558.711
12867.000,-997204637.835
12868.000,-997204558.711
12869.000,-997204716.959
12870.000,-997204558.711
12871.000,-997204716.959
12872.000,-997204558.711
12873.000,-997204716.959
12874.000,-997204558.711
12875.000,-997204637.835
12876.000,-997204558.711
12877.000,-997204716.959
12878.000,-997204558.711
12879.000,-997204716.959
12880.000,-997204637.835
12881.000,-997204716.959
12882.000,-997204558.711
12883.000,-997204637.835
12884.000,-997204479.587
12885.000,-997204637.835
12886.000,-997204558.711
12887.000,-997204716.959
12888.000,-997204637.835
12889.000,-997204716.959
12890.000,-997204558.711
12891.000,-997204637.835
12892.000,-997204479.587
12893.000,-997204637.835
12894.000,-997204558.711
12895.000,-997204716.959
12896.000,-997204637.835
12897.000,-997204716.959
12898.000,-997204558.711
12899.000,-997204637.835
12900.000,-997204479.587
12901.000,-997204637.835
12902.000,-997204558.711
12903.000,-997204716.959
12904.000,-997204637.835
12905.000,-997204796.083
12906.000,-997204637.835
12907.000,-997204716.959
12908.000,-997204479.587
12909.000,-997204637.835
12910.000,-997204479.587
12911.000,-997204716.959
12912.000,-997204558.711
12913.000,-997204716.959
12914.000,-997204637.835
12915.000,-997204716.959
12916.000,-997204558.711
12917.000,-997204637.835
12918.000,-997204479.587
12919.000,-997204637.835
12920.000,-997204558.711
12921.000,-997204716.959
12922.000,-997204637.835
12923.000,-997204716.959
12924.000,-997204558.711
12925.000,-997204637.835
12926.000,-997204558.711
12927.000,-997204637.835
12928.000,-997204558.711
12929.000,-997204716.959
12930.000,-997204637.835
12931.000,-997204716.959
12932.000,-997204558.711
12933.000,-997204637.835
12934.000,-997204558.711
12935.000,-997204637.835
12936.000,-997204558.711
12937.000,-997204716.959
12938.000,-997204637.835
12939.000,-997204716.959
12940.000,-997204558.711
12941.000,-997204637.835
12942.000,-997204479.587
12943.000,-997204637.835
12944.000,-997204558.711
12945.000,-997204716.959
12946.000,-997204637.835
12947.000,-997204716.959
12948.000,-997204558.711
12949.000,-997204637.835
12950.000,-997204479.587
12951.000,-997204637.835
12952.000,-997204558.711
12953.000,-997204716.959
12954.000,-997204637.835
12955.000,-997204716.959
12956.000,-997204558.711
12957.000,-997204716.959
12958.000,-997204558.711
12959.000,-997204637.835
12960.000,-997204558.711
12961.000,-997204716.959
12962.000,-997204558.711
12963.000,-997204716.959
12964.000,-997204637.835
12965.000,-997204716.959
12966.000,-997204558.711
12967.000,-997204637.835
12968.000,-997204479.587
12969.000,-997204637.835
12970.000,-997204558.711
12971.000,-997204716.959
12972.000,-997204637.835
12973.000,-997204716.959
12974.000,-997204558.711
12975.000,-997204637.835
12976.000,-997204558.711
12977.000,-997204637.835
12978.000,-997204558.711
12979.000,-997204716.959
12980.000,-997204637.835
12981.000,-997204716.959
12982.000,-997204558.711
12983.000,-997204637.835
12984.000,-997204558.711
12985.000,-997204637.835
12986.000,-997204558.711
12987.000,-997204716.959
12988.000,-997204637.835
12989.000,-997204716.959
12990.000,-997204558.711
12991.000,-997204637.835
12992.000,-997204558.711
12993.000,-997204637.835
12994.000,-997204558.711
12995.000,-997204716.959
12996.000,-997204637.835
12997.000,-997204716.959
12998.000,-997204558.711
12999.000,-997204637.835
13000.000,-997204479.587
13001.000,-997204637.835
13002.000,-997204558.711
13003.000,-997204716.959
13004.000,-997204637.835
13005.000,-997204716.959
13006.000,-997204558.711
13007.000,-997204716.959
13008.000,-997204479.587
13009.000,-997204637.835
13010.000,-997204558.711
13011.000,-997204716.959
13012.000,-997204637.835
13013.000,-997204716.959
13014.000,-997204637.835
13015.000,-997204716.959
13016.000,-997204558.711
13017.000,-997204637.835
13018.000,-997204479.587
13019.000,-997204637.835
13020.000,-997204558.711
13021.000,-997204716.959
13022.000,-997204637.835
13023.000,-997204716.959
13024.000,-997204558.711
13025.000,-997204637.835
13026.000,-997204479.587
13027.000,-997204637.835
13028.000,-997204558.711
13029.000,-997204716.959
13030.000,-997204637.835
13031.000,-997204716.959
13032.000,-997204558.711
13033.000,-997204637.835
13034.000,-997204558.711
13035.000,-997204637.835
13036.000,-997204558.711
13037.000,-997204716.959
13038.000,-997204637.835
13039.000,-997204716.959
13040.000,-997204558.711
13041.000,-997204637.835
13042.000,-997204479.587
13043.000,-997204637.835
13044.000,-997204558.711
13045.000,-997204716.959
13046.000,-997204637.835
13047.000,-997204716.959
13048.000,-997204558.711
13049.000,-997204637.835
13050.000,-997204479.587
13051.000,-997204637.835
13052.000,-997204558.711
13053.000,-997204716.959
13054.000,-997204637.835
13055.000,-997204716.959
13056.000,-997204558.711
13057.000,-997204716.959
13058.000,-997204558.711
13059.000,-997204637.835
13060.000,-997204558.711
13061.000,-997204716.959
13062.000,-997204558.711
13063.000,-997204716.959
13064.000,-997204637.835
13065.000,-997204716.959
13066.000,-997204558.711
13067.000,-997204637.835
13068.000,-997204558.711
13069.000,-997204637.835
13070.000,-997204558.711
13071.000,-997204716.959
13072.000,-997204637.835
13073.000,-997204716.959
13074.000,-997204558.711
13075.000,-997204637.835
13076.000,-997204479.587
13077.000,-997204637.835
13078.000,-997204558.711
13079.000,-997204716.959
13080.000,-997204637.835
13081.000,-997204716.959
13082.000,-997204558.711
13083.000,-997204637.835
13084.000,-997204479.587
13085.000,-997204637.835
13086.000,-997204558.711
13087.000,-997204716.959
13088.000,-997204637.835
13089.000,-997204716.959
13090.000,-997204558.711
13091.000,-997204637.835
13092.000,-997204558.711
13093.000,-997204637.835
13094.000,-997204558.711
13095.000,-997204716.959
13096.000,-997204637.835
13097.000,-997204716.959
13098.000,-997204558.711
13099.000,-997204637.835
13100.000,-997204558.711
13101.000,-997204637.835
13102.000,-997204558.711
13103.000,-997204716.959
13104.000,-997204558.711
13105.000,-997204716.959
13106.000,-997204558.711
13107.000,-997204716.959
13108.000,-997204558.711
13109.000,-997204637.835
13110.000,-997204558.711
13111.000,-997204716.959
13112.000,-997204558.711
13113.000,-997204716.959
13114.000,-997204558.711
13115.000,-997204716.959
13116.000,-997204558.711
13117.000,-997204637.835
13118.000,-997204558.711
13119.000,-997204716.959
13120.000,-997204558.711
13121.000,-997204716.959
13122.000,-997204558.711
13123.000,-997204716.959
13124.000,-997204558.711
13125.000,-997204637.835
13126.000,-997204558.711
13127.000,-997204716.959
13128.000,-997204558.711
13129.000,-997204716.959
13130.000,-997204637.835
13131.000,-997204716.959
13132.000,-997204558.711
13133.000,-997204637.835
13134.000,-997204479.587
13135.000,-997204637.835
13136.000,-997204558.711
13137.000,-997204716.959
13138.000,-997204637.835
13139.000,-997204716.959
13140.000,-997204558.711
13141.000,-997204637.835
13142.000,-997204479.587
13143.000,-997204637.835
13144.000,-997204558.711
13145.000,-997204716.959
13146.000,-997204637.835
13147.000,-997204716.959
13148.000,-997204558.711
13149.000,-997204637.835
13150.000,-997204479.587
13151.000,-997204637.835
13152.000,-997204558.711
13153.000,-997204716.959
13154.000,-997204637.835
13155.000,-997204716.959
13156.000,-997204558.711
13157.000,-997204716.959
13158.000,-997204558.711
13159.000,-997204637.835
13160.000,-997204558.711
13161.000,-997204716.959
13162.000,-997204637.835
13163.000,-997204716.959
13164.000,-997204637.835
13165.000,-997204716.959
13166.000,-997204558.711
13167.000,-997204637.835
13168.000,-997204558.711
13169.000,-997204716.959
13170.000,-997204558.711
13171.000,-997204716.959
13172.000,-997204637.835
13173.000,-997204716.959
13174.000,-997204558.711
13175.000,-997204637.835
13176.000,-997204479.587
13177.000,-997204637.835
13178.000,-997204558.711
13179.000,-997204716.959
13180.000,-997204637.835
13181.000,-997204716.959
13182.000,-997204558.711
13183.000,-997204637.835
13184.000,-997204479.587
13185.000,-997204637.835
13186.000,-997204558.711
13187.000,-997204716.959
13188.000,-997204637.835
13189.000,-997204716.959
13190.000,-997204558.711
13191.000,-997204637.835
13192.000,-997204479.587
13193.000,-997204637.835
13194.000,-997204558.711
13195.000,-997204716.959
13196.000,-997204637.835
13197.000,-997204716.959
13198.000,-997204558.711
13199.000,-997204637.835
13200.000,-997204479.587
13201.000,-997204637.835
13202.000,-997204558.711
13203.000,-997204716.959
13204.000,-997204637.835
13205.000,-997204716.959
13206.000,-997204558.711
13207.000,-997204716.959
13208.000,-997204558.711
13209.000,-997204637.835
13210.000,-997204558.711
13211.000,-997204716.959
13212.000,-997204558.711
13213.000,-997204716.959
13214.000,-997204637.835
13215.000,-997204716.959
13216.000,-997204558.711
13217.000,-997204637.835
13218.000,-997204558.711
13219.000,-997204716.959
13220.000,-997204558.711
13221.000,-997204716.959
13222.000,-997204637.835
13223.000,-997204716.959
13224.000,-997204558.711
13225.000,-997204637.835
13226.000,-997204558.711
13227.000,-997204637.835
13228.000,-997204558.711
13229.000,-997204716.959
13230.000,-997204637.835
13231.000,-997204716.959
13232.000,-997204558.711
13233.000,-997204637.835
13234.000,-997204479.587
13235.000,-997204637.835
13236.000,-997204558.711
13237.000,-997204716.959
13238.000,-997204637.835
13239.000,-997204716.959
13240.000,-997204558.711
13241.000,-997204637.835
13242.000,-997204479.587
13243.000,-997204637.835
13244.000,-997204558.711
13245.000,-997204716.959
13246.000,-997204637.835
13247.000,-997204716.959
13248.000,-997204558.711
13249.000,-997204637.835
13250.000,-997204479.587
13251.000,-997204637.835
13252.000,-997204558.711
13253.000,-997204716.959
13254.000,-997204637.835
13255.000,-997204716.959
13256.000,-997204558.711
13257.000,-997204637.835
13258.000,-997204479.587
13259.000,-997204637.835
13260.000,-997204558.711
13261.000,-997204716.959
13262.000,-997204637.835
13263.000,-997204796.083
13264.000,-997204637.835
13265.000,-997204716.959
13266.000,-997204479.587
13267.000,-997204637.835
13268.000,-997204479.587
13269.000,-997204637.835
13270.000,-997204637.835
13271.000,-997204796.083
13272.000,-997204637.835
13273.000,-997204716.959
13274.000,-997204558.711
13275.000,-997204637.835
13276.000,-997204479.587
13277.000,-997204637.835
13278.000,-997204558.711
13279.000,-997204716.959
13280.000,-997204637.835
13281.000,-997204716.959
13282.000,-997204558.711
13283.000,-997204637.835
13284.000,-997204479.587
13285.000,-997204637.835
13286.000,-997204558.711
13287.000,-997204716.959
13288.000,-997204637.835
13289.000,-997204716.959
13290.000,-997204558.711
13291.000,-997204637.835
13292.000,-997204479.587
13293.000,-997204637.835
13294.000,-997204558.711
13295.000,-997204716.959
13296.000,-997204637.835
13297.000,-997204716.959
13298.000,-997204558.711
13299.000,-997204637.835
13300.000,-997204479.587
13301.000,-997204637.835
13302.000,-997204558.711
13303.000,-997204716.959
13304.000,-997204637.835
13305.000,-997204716.959
13306.000,-997204558.711
13307.000,-997204637.835
13308.000,-997204479.587
13309.000,-997204637.835
13310.000,-997204558.711
13311.000,-997204716.959
13312.000,-997204637.835
13313.000,-997204716.959
13314.000,-997204637.835
13315.000,-997204716.959
13316.000,-997204479.587
13317.000,-997204637.835
13318.000,-997204479.587
13319.000,-997204716.959
13320.000,-997204637.835
13321.000,-997204796.083
13322.000,-997204637.835
13323.000,-997204716.959
13324.000,-997204558.711
13325.000,-997204637.835
13326.000,-997204479.587
13327.000,-997204637.835
13328.000,-997204558.711
13329.000,-997204716.959
13330.000,-997204637.835
13331.000,-997204716.959
13332.000,-997204558.711
13333.000,-997204637.835
13334.000,-997204479.587
13335.000,-997204637.835
13336.000,-997204558.711
13337.000,-997204716.959
13338.000,-997204637.835
13339.000,-997204716.959
13340.000,-997204558.711
13341.000,-997204637.835
13342.000,-997204479.587
13343.000,-997204637.835
13344.000,-997204558.711
13345.000,-997204716.959
13346.000,-997204637.835
13347.000,-997204716.959
13348.000,-997204558.711
13349.000,-997204637.835
13350.000,-997204479.587
13351.000,-997204637.835
13352.000,-997204558.711
13353.000,-997204716.959
13354.000,-997204637.835
13355.000,-997204716.959
13356.000,-997204558.711
13357.000,-997204716.959
13358.000,-997204558.711
13359.000,-997204637.835
13360.000,-997204558.711
13361.000,-997204716.959
13362.000,-997204637.835
13363.000,-997204716.959
13364.000,-997204637.835
13365.000,-997204716.959
13366.000,-997204558.711
13367.000,-997204637.835
13368.000,-997204558.711
13369.000,-997204716.959
13370.000,-997204637.835
13371.000,-997204716.959
13372.000,-997204637.835
13373.000,-997204716.959
13374.000,-997204558.711
13375.000,-997204637.835
13376.000,-997204479.587
13377.000,-997204637.835
13378.000,-997204558.711
13379.000,-997204716.959
13380.000,-997204637.835
13381.000,-997204716.959
13382.000,-997204558.711
13383.000,-997204637.835
13384.000,-997204479.587
13385.000,-997204637.835
13386.000,-997204558.711
13387.000,-997204716.959
13388.000,-997204637.835
13389.000,-997204716.959
13390.000,-997204558.711
13391.000,-997204637.835
13392.000,-997204479.587
13393.000,-997204637.835
13394.000,-997204558.711
13395.000,-997204716.959
13396.000,-997204637.835
13397.000,-997204716.959
13398.000,-997204558.711
13399.000,-997204637.835
13400.000,-997204479.587
13401.000,-997204637.835
13402.000,-997204558.711
13403.000,-997204716.959
13404.000,-997204637.835
13405.000,-997204796.083
13406.000,-997204637.835
13407.000,-997204716.959
13408.000,-997204479.587
13409.000,-997204637.835
13410.000,-997204479.587
13411.000,-997204716.959
13412.000,-997204637.835
13413.000,-997204716.959
13414.000,-997204637.835
13415.000,-997204716.959
13416.000,-997204558.711
13417.000,-997204637.835
13418.000,-997204479.587
13419.000,-997204637.835
13420.000,-997204558.711
13421.000,-997204716.959
13422.000,-997204637.835
13423.000,-997204716.959
13424.000,-997204558.711
13425.000,-997204637.835
13426.000,-997204479.587
13427.000,-997204637.835
13428.000,-997204558.711
13429.000,-997204716.959
13430.000,-997204637.835
13431.000,-997204716.959
13432.000,-997204558.711
13433.000,-997204637.835
13434.000,-997204479.587
13435.000,-997204637.835
13436.000,-997204558.711
13437.000,-997204716.959
13438.000,-997204637.835
13439.000,-997204716.959
13440.000,-997204558.711
13441.000,-997204637.835
13442.000,-997204479.587
13443.000,-997204637.835
13444.000,-997204558.711
13445.000,-997204716.959
13446.000,-997204637.835
13447.000,-997204716.959
13448.000,-997204558.711
13449.000,-997204637.835
13450.000,-997204479.587
13451.000,-997204637.835
13452.000,-997204558.711
13453.000,-997204716.959
13454.000,-997204637.835
13455.000,-997204796.083
13456.000,-997204637.835
13457.000,-997204716.959
13458.000,-997204558.711
13459.000,-997204637.835
13460.000,-997204479.587
13461.000,-997204716.959
13462.000,-997204558.711
13463.000,-997204716.959
13464.000,-997204637.835
13465.000,-997204716.959
13466.000,-997204558.711
13467.000,-997204637.835
13468.000,-997204558.711
13469.000,-997204637.835
13470.000,-997204558.711
13471.000,-997204716.959
13472.000,-997204637.835
13473.000,-997204716.959
13474.000,-997204558.711
13475.000,-997204637.835
13476.000,-997204558.711
13477.000,-997204637.835
13478.000,-997204558.711
13479.000,-997204716.959
13480.000,-997204637.835
13481.000,-997204716.959
13482.000,-997204558.711
13483.000,-997204637.835
13484.000,-997204558.711
13485.000,-997204637.835
13486.000,-997204558.711
13487.000,-997204716.959
13488.000,-997204637.835
13489.000,-997204716.959
13490.000,-997204558.711
13491.000,-997204637.835
13492.000,-997204479.587
13493.000,-997204637.835
13494.000,-997204558.711
13495.000,-997204716.959
13496.000,-997204637.835
13497.000,-997204716.959
13498.000,-997204558.711
13499.000,-997204637.835
13500.000,-997204479.587
13501.000,-997204637.835
13502.000,-997204558.711
13503.000,-997204716.959
13504.000,-997204637.835
13505.000,-997204716.959
13506.000,-997204637.835
13507.000,-997204637.835
13508.000,-997204479.587
13509.000,-997204637.835
13510.000,-997204558.711
13511.000,-997204716.959
13512.000,-997204637.835
13513.000,-997204716.959
13514.000,-997204637.835
13515.000,-997204716.959
13516.000,-997204558.711
13517.000,-997204637.835
13518.000,-997204479.587
13519.000,-997204637.835
13520.000,-997204558.711
13521.000,-997204716.959
13522.000,-997204637.835
13523.000,-997204716.959
13524.000,-997204558.711
13525.000,-997204637.835
13526.000,-997204558.711
13527.000,-997204637.835
13528.000,-997204558.711
13529.000,-997204716.959
13530.000,-997204637.835
13531.000,-997204716.959
13532.000,-997204558.711
13533.000,-997204637.835
13534.000,-997204558.711
13535.000,-997204637.835
13536.000,-997204558.711
13537.000,-997204716.959
13538.000,-997204637.835
13539.000,-997204716.959
13540.000,-997204558.711
13541.000,-997204637.835
13542.000,-997204479.587
13543.000,-997204637.835
13544.000,-997204558.711
13545.000,-997204716.959
13546.000,-997204637.835
13547.000,-997204716.959
13548.000,-997204558.711
13549.000,-997204637.835
13550.000,-997204479.587
13551.000,-997204637.835
13552.000,-997204558.711
13553.000,-997204716.959
13554.000,-997204637.835
13555.000,-997204716.959
13556.000,-997204558.711
13557.000,-997204637.835
13558.000,-997204479.587
13559.000,-997204637.835
13560.000,-997204558.711
13561.000,-997204716.959
13562.000,-997204637.835
13563.000,-997204716.959
13564.000,-997204637.835
13565.000,-997204716.959
13566.000,-997204558.711
13567.000,-997204637.835
13568.000,-997204479.587
13569.000,-997204716.959
13570.000,-997204637.835
13571.000,-997204716.959
13572.000,-997204637.835
13573.000,-997204716.959
13574.000,-997204558.711
13575.000,-997204637.835
13576.000,-997204479.587
13577.000,-997204637.835
13578.000,-997204558.711
13579.000,-997204716.959
13580.000,-997204637.835
13581.000,-997204716.959
13582.000,-997204558.711
13583.000,-997204637.835
13584.000,-997204558.711
13585.000,-997204637.835
13586.000,-997204558.711
13587.000,-997204716.959
13588.000,-997204637.835
13589.000,-997204716.959
13590.000,-997204558.711
13591.000,-997204637.835
13592.000,-997204558.711
13593.000,-997204637.835
13594.000,-997204558.711
13595.000,-997204716.959
13596.000,-997204637.835
13597.000,-997204716.959
13598.000,-997204558.711
13599.000,-997204637.835
13600.000,-997204558.711
13601.000,-997204637.835
13602.000,-997204558.711
13603.000,-997204716.959
13604.000,-997204637.835
13605.000,-997204716.959
13606.000,-997204558.711
13607.000,-997204637.835
13608.000,-997204479.587
13609.000,-997204637.835
13610.000,-997204558.711
13611.000,-997204716.959
13612.000,-997204637.835
13613.000,-997204716.959
13614.000,-997204558.711
13615.000,-997204637.835
13616.000,-997204479.587
13617.000,-997204637.835
13618.000,-997204558.711
13619.000,-997204716.959
13620.000,-997204637.835
13621.000,-997204796.083
13622.000,-997204637.835
13623.000,-997204716.959
13624.000,-997204558.711
13625.000,-997204637.835
13626.000,-997204479.587
13627.000,-997204637.835
13628.000,-997204558.711
13629.000,-997204716.959
13630.000,-997204637.835
13631.000,-997204716.959
13632.000,-997204558.711
13633.000,-997204637.835
13634.000,-997204479.587
13635.000,-997204637.835
13636.000,-997204558.711
13637.000,-997204716.959
13638.000,-997204637.835
13639.000,-997204716.959
13640.000,-997204558.711
13641.000,-997204637.835
13642.000,-997204558.711
13643.000,-997204637.835
13644.000,-997204558.711
13645.000,-997204716.959
13646.000,-997204637.835
13647.000,-997204716.959
13648.000,-997204558.711
13649.000,-997204637.835
13650.000,-997204558.711
13651.000,-997204637.835
13652.000,-997204558.711
13653.000,-997204716.959
13654.000,-997204637.835
13655.000,-997204716.959
13656.000,-997204558.711
13657.000,-997204637.835
13658.000,-997204479.587
13659.000,-997204637.835
13660.000,-997204558.711
13661.000,-997204716.959
13662.000,-997204637.835
13663.000,-997204716.959
13664.000,-997204558.711
13665.000,-997204637.835
13666.000,-997204479.587
13667.000,-997204637.835
13668.000,-997204558.711
13669.000,-997204716.959
13670.000,-997204637.835
13671.000,-997204796.083
13672.000,-997204637.835
13673.000,-997204716.959
13674.000,-997204479.587
13675.000,-997204637.835
13676.000,-997204479.587
13677.000,-997204637.835
13678.000,-997204637.835
13679.000,-997204796.083
13680.000,-997204637.835
13681.000,-997204716.959
13682.000,-997204558.711
13683.000,-997204637.835
13684.000,-997204479.587
13685.000,-997204637.835
13686.000,-997204558.711
13687.000,-997204716.959
13688.000,-997204637.835
13689.000,-997204716.959
13690.000,-997204558.711
13691.000,-997204637.835
13692.000,-997204479.587
13693.000,-997204637.835
13694.000,-997204558.711
13695.000,-997204716.959
13696.000,-997204637.835
13697.000,-997204716.959
13698.000,-997204558.711
13699.000,-997204716.959
13700.000,-997204558.711
13701.000,-997204637.835
13702.000,-997204558.711
13703.000,-997204716.959
13704.000,-997204637.835
13705.000,-997204716.959
13706.000,-997204558.711
13707.000,-997204716.959
13708.000,-997204558.711
13709.000,-997204637.835
13710.000,-997204558.711
13711.000,-997204716.959
13712.000,-997204637.835
13713.000,-997204716.959
13714.000,-997204558.711
13715.000,-997204637.835
13716.000,-997204558.711
13717.000,-997204637.835
13718.000,-997204558.711
13719.000,-997204716.959
13720.000,-997204637.835
13721.000,-997204716.959
13722.000,-997204637.835
13723.000,-997204716.959
13724.000,-997204479.587
13725.000,-997204637.835
13726.000,-997204558.711
13727.000,-997204716.959
13728.000,-997204637.835
13729.000,-997204796.083
13730.000,-997204637.835
13731.000,-997204716.959
13732.000,-997204558.711
13733.000,-997204637.835
13734.000,-997204479.587
13735.000,-997204637.835
13736.000,-997204558.711
13737.000,-997204716.959
13738.000,-997204637.835
13739.000,-997204716.959
13740.000,-997204558.711
13741.000,-997204637.835
13742.000,-997204479.587
13743.000,-997204637.835
13744.000,-997204558.711
13745.000,-997204716.959
13746.000,-997204637.835
13747.000,-997204716.959
13748.000,-997204558.711
13749.000,-997204637.835
13750.000,-997204479.587
13751.000,-997204637.835
13752.000,-997204558.711
13753.000,-997204716.959
13754.000,-997204637.835
13755.000,-997204716.959
13756.000,-997204558.711
13757.000,-997204716.959
13758.000,-997204558.711
13759.000,-997204637.835
13760.000,-997204558.711
13761.000,-997204716.959
13762.000,-997204637.835
13763.000,-997204716.959
13764.000,-997204637.835
13765.000,-997204716.959
13766.000,-997204558.711
13767.000,-997204637.835
13768.000,-997204558.711
13769.000,-997204716.959
13770.000,-997204637.835
13771.000,-997204716.959
13772.000,-997204637.835
13773.000,-997204716.959
13774.000,-997204558.711
13775.000,-997204637.835
13776.000,-997204558.711
13777.000,-997204716.959
13778.000,-997204637.835
13779.000,-997204716.959
13780.000,-997204637.835
13781.000,-997204716.959
13782.000,-997204558.711
13783.000,-997204637.835
13784.000,-997204479.587
13785.000,-997204637.835
13786.000,-997204558.711
13787.000,-997204716.959
13788.000,-997204637.835
13789.000,-997204716.959
13790.000,-997204558.711
13791.000,-997204637.835
13792.000,-997204479.587
13793.000,-997204637.835
13794.000,-997204558.711
13795.000,-997204716.959
13796.000,-997204637.835
13797.000,-997204716.959
13798.000,-997204558.711
13799.000,-997204637.835
13800.000,-997204479.587
13801.000,-997204637.835
13802.000,-997204558.711
13803.000,-997204716.959
13804.000,-997204637.835
13805.000,-997204796.083
13806.000,-997204637.835
13807.000,-997204716.959
13808.000,-997204479.587
13809.000,-997204637.835
13810.000,-997204479.587
13811.000,-997204716.959
13812.000,-997204637.835
13813.000,-997204716.959
13814.000,-997204637.835
13815.000,-997204716.959
13816.000,-997204558.711
13817.000,-997204637.835
13818.000,-997204558.711
13819.000,-997204637.835
13820.000,-997204558.711
13821.000,-997204716.959
13822.000,-997204637.835
13823.000,-997204716.959
13824.000,-997204558.711
13825.000,-997204637.835
13826.000,-997204558.711
13827.000,-997204637.835
13828.000,-997204558.711
13829.000,-997204716.959
13830.000,-997204637.835
13831.000,-997204716.959
13832.000,-997204558.711
13833.000,-997204637.835
13834.000,-997204558.711
13835.000,-997204637.835
13836.000,-997204558.711
13837.000,-997204716.959
13838.000,-997204637.835
13839.000,-997204716.959
13840.000,-997204558.711
13841.000,-997204637.835
13842.000,-997204479.587
13843.000,-997204637.835
13844.000,-997204558.711
13845.000,-997204716.959
13846.000,-997204637.835
13847.000,-997204716.959
13848.000,-997204558.711
13849.000,-997204637.835
13850.000,-997204479.587
13851.000,-997204637.835
13852.000,-997204558.711
13853.000,-997204716.959
13854.000,-997204637.835
13855.000,-997204716.959
13856.000,-997204637.835
13857.000,-997204637.835
13858.000,-997204479.587
13859.000,-997204637.835
13860.000,-997204558.711
13861.000,-997204716.959
13862.000,-997204637.835
13863.000,-997204716.959
13864.000,-997204637.835
13865.000,-997204716.959
13866.000,-997204558.711
13867.000,-997204637.835
13868.000,-997204558.711
13869.000,-997204637.835
13870.000,-997204558.711
13871.000,-997204716.959
13872.000,-997204637.835
13873.000,-997204716.959
13874.000,-997204558.711
13875.000,-997204637.835
13876.000,-997204558.711
13877.000,-997204637.835
13878.000,-997204558.711
13879.000,-997204716.959
13880.000,-997204637.835
13881.000,-997204716.959
13882.000,-997204558.711
13883.000,-997204637.835
13884.000,-997204558.711
13885.000,-997204637.835
13886.000,-997204558.711
13887.000,-997204716.959
13888.000,-997204637.835
13889.000,-997204716.959
13890.000,-997204558.711
13891.000,-997204637.835
13892.000,-997204558.711
13893.000,-997204637.835
13894.000,-997204558.711
13895.000,-997204716.959
13896.000,-997204637.835
13897.000,-997204716.959
13898.000,-997204558.711
13899.000,-997204637.835
13900.000,-997204479.587
13901.000,-997204637.835
13902.000,-997204558.711
13903.000,-997204716.959
13904.000,-997204637.835
13905.000,-997204716.959
13906.000,-997204558.711
13907.000,-997204637.835
13908.000,-997204479.587
13909.000,-997204637.835
13910.000,-997204558.711
13911.000,-997204716.959
13912.000,-997204637.835
13913.000,-997204716.959
13914.000,-997204637.835
13915.000,-997204716.959
13916.000,-997204558.711
13917.000,-997204637.835
13918.000,-997204558.711
13919.000,-997204716.959
13920.000,-997204558.711
13921.000,-997204716.959
13922.000,-997204637.835
13923.000,-997204716.959
13924.000,-997204558.711
13925.000,-997204637.835
13926.000,-997204558.711
13927.000,-997204637.835
13928.000,-997204558.711
13929.000,-997204716.959
13930.000,-997204637.835
13931.000,-997204716.959
13932.000,-997204558.711
13933.000,-997204637.835
13934.000,-997204558.711
13935.000,-997204637.835
13936.000,-997204558.711
13937.000,-997204716.959
13938.000,-997204637.835
13939.000,-997204716.959
13940.000,-997204558.711
13941.000,-997204637.835
13942.000,-997204558.711
13943.000,-997204637.835
13944.000,-997204558.711
13945.000,-997204716.959
13946.000,-997204637.835
13947.000,-997204716.959
13948.000,-997204558.711
13949.000,-997204637.835
13950.000,-997204558.711
13951.000,-997204637.835
13952.000,-997204558.711
13953.000,-997204716.959
13954.000,-997204637.835
13955.000,-997204716.959
13956.000,-997204558.711
13957.000,-997204637.835
13958.000,-997204558.711
13959.000,-997204637.835
13960.000,-997204558.711
13961.000,-997204716.959
13962.000,-997204637.835
13963.000,-997204716.959
13964.000,-997204637.835
13965.000,-997204716.959
13966.000,-997204558.711
13967.000,-997204637.835
13968.000,-997204558.711
13969.000,-997204716.959
13970.000,-997204637.835
13971.000,-997204716.959
13972.000,-997204637.835
13973.000,-997204716.959
13974.000,-997204558.711
13975.000,-997204637.835
13976.000,-997204479.587
13977.000,-997204637.835
13978.000,-997204558.711
13979.000,-997204716.959
13980.000,-997204637.835
13981.000,-997204716.959
13982.000,-997204558.711
13983.000,-997204637.835
13984.000,-997204558.711
13985.000,-997204637.835
13986.000,-997204558.711
13987.000,-997204716.959
13988.000,-997204637.835
13989.000,-997204716.959
13990.000,-997204558.711
13991.000,-997204716.959
13992.000,-997204558.711
13993.000,-997204637.835
13994.000,-997204558.711
13995.000,-997204716.959
13996.000,-997204558.711
13997.000,-997204716.959
13998.000,-997204558.711
13999.000,-997204716.959
14000.000,-997204558.711
14001.000,-997204637.835
14002.000,-997204558.711
14003.000,-997204716.959
14004.000,-997204558.711
14005.000,-997204716.959
14006.000,-997204558.711
14007.000,-997204716.959
14008.000,-997204558.711
14009.000,-997204637.835
14010.000,-997204558.711
14011.000,-997204716.959
14012.000,-997204637.835
14013.000,-997204716.959
14014.000,-997204558.711
14015.000,-997204637.835
14016.000,-997204558.711
14017.000,-997204637.835
14018.000,-997204558.711
14019.000,-997204716.959
14020.000,-997204637.835
14021.000,-997204716.959
14022.000,-997204637.835
14023.000,-997204716.959
14024.000,-997204558.711
14025.000,-997204637.835
14026.000,-997204558.711
14027.000,-997204716.959
14028.000,-997204637.835
14029.000,-997204716.959
14030.000,-997204637.835
14031.000,-997204716.959
14032.000,-997204558.711
14033.000,-997204637.835
14034.000,-997204479.587
14035.000,-997204637.835
14036.000,-997204558.711
14037.000,-997204716.959
14038.000,-997204637.835
14039.000,-997204716.959
14040.000,-997204558.711
14041.000,-997204637.835
14042.000,-997204479.587
14043.000,-997204637.835
14044.000,-997204558.711
14045.000,-997204716.959
14046.000,-997204637.835
14047.000,-997204716.959
14048.000,-997204637.835
14049.000,-997204716.959
14050.000,-997204558.711
14051.000,-997204637.835
14052.000,-997204558.711
14053.000,-997204716.959
14054.000,-997204558.711
14055.000,-997204716.959
14056.000,-997204558.711
14057.000,-997204716.959
14058.000,-997204558.711
14059.000,-997204637.835
14060.000,-997204558.711
14061.000,-997204716.959
14062.000,-997204558.711
14063.000,-997204716.959
14064.000,-997204558.711
14065.000,-997204716.959
14066.000,-997204558.711
14067.000,-997204637.835
14068.000,-997204558.711
14069.000,-997204716.959
14070.000,-997204637.835
14071.000,-997204716.959
14072.000,-997204558.711
14073.000,-997204716.959
14074.000,-997204558.711
14075.000,-997204637.835
14076.000,-997204558.711
14077.000,-997204716.959
14078.000,-997204637.835
14079.000,-997204716.959
14080.000,-997204637.835
14081.000,-997204716.959
14082.000,-997204558.711
14083.000,-997204637.835
14084.000,-997204558.711
14085.000,-997204637.835
14086.000,-997204558.711
14087.000,-997204716.959
14088.000,-997204637.835
14089.000,-997204716.959
14090.000,-997204558.711
14091.000,-997204637.835
14092.000,-997204479.587
14093.000,-997204637.835
14094.000,-997204558.711
14095.000,-997204716.959
14096.000,-997204637.835
14097.000,-997204716.959
14098.000,-997204558.711
14099.000,-997204637.835
14100.000,-997204558.711
14101.000,-997204637.835
14102.000,-997204558.711
14103.000,-997204716.959
14104.000,-997204637.835
14105.000,-997204716.959
14106.000,-997204558.711
14107.000,-997204716.959
14108.000,-997204558.711
14109.000,-997204637.835
14110.000,-997204558.711
14111.000,-997204716.959
14112.000,-997204637.835
14113.000,-997204716.959
14114.000,-997204558.711
14115.000,-997204716.959
14116.000,-997204558.711
14117.000,-997204637.835
14118.000,-997204558.711
14119.000,-997204716.959
14120.000,-997204558.711
14121.000,-997204716.959
14122.000,-997204637.835
14123.000,-997204716.959
14124.000,-997204558.711
14125.000,-997204637.835
14126.000,-997204558.711
14127.000,-997204716.959
14128.000,-997204558.711
14129.000,-997204716.959
14130.000,-997204637.835
14131.000,-997204716.959
14132.000,-997204558.711
14133.000,-997204637.835
14134.000,-997204558.711
14135.000,-997204637.835
14136.000,-997204558.711
14137.000,-997204716.959
14138.000,-997204637.835
14139.000,-997204716.959
14140.000,-997204558.711
14141.000,-997204637.835
14142.000,-997204558.711
14143.000,-997204637.835
14144.000,-997204558.711
14145.000,-997204716.959
14146.000,-997204637.835
14147.000,-997204716.959
14148.000,-997204558.711
14149.000,-997204637.835
14150.000,-997204558.711
14151.000,-997204637.835
14152.000,-997204558.711
14153.000,-997204716.959
14154.000,-997204637.835
14155.000,-997204716.959
14156.000,-997204558.711
14157.000,-997204637.835
14158.000,-997204558.711
14159.000,-997204637.835
14160.000,-997204558.711
14161.000,-997204716.959
14162.000,-997204637.835
14163.000,-997204716.959
14164.000,-997204637.835
14165.000,-997204716.959
14166.000,-997204558.711
14167.000,-997204637.835
14168.000,-997204558.711
14169.000,-997204716.959
14170.000,-997204637.835
14171.000,-997204716.959
14172.000,-997204637.835
14173.000,-997204716.959
14174.000,-997204558.711
14175.000,-997204637.835
14176.000,-997204558.711
14177.000,-997204637.835
14178.000,-997204558.711
14179.000,-997204716.959
14180.000,-997204637.835
14181.000,-997204716.959
14182.000,-997204558.711
14183.000,-997204637.835
14184.000,-997204558.711
14185.000,-997204637.835
14186.000,-997204558.711
14187.000,-997204716.959
14188.000,-997204637.835
14189.000,-997204716.959
14190.000,-997204558.711
14191.000,-997204637.835
14192.000,-997204558.711
14193.000,-997204637.835
14194.000,-997204558.711
14195.000,-997204716.959
14196.000,-997204637.835
14197.000,-997204716.959
14198.000,-997204558.711
14199.000,-997204637.835
14200.000,-997204558.711
14201.000,-997204637.835
14202.000,-997204558.711
14203.000,-997204716.959
14204.000,-997204637.835
14205.000,-997204716.959
14206.000,-997204558.711
14207.000,-997204716.959
14208.000,-997204558.711
14209.000,-997204637.835
14210.000,-997204558.711
14211.000,-997204716.959
14212.000,-997204637.835
14213.000,-997204716.959
14214.000,-997204637.835
14215.000,-997204716.959
14216.000,-997204558.711
14217.000,-997204637.835
14218.000,-997204558.711
14219.000,-997204637.835
14220.000,-997204558.711
14221.000,-997204716.959
14222.000,-997204637.835
14223.000,-997204716.959
14224.000,-997204558.711
14225.000,-997204637.835
14226.000,-997204558.711
14227.000,-997204637.835
14228.000,-997204558.711
14229.000,-997204716.959
14230.000,-997204637.835
14231.000,-997204716.959
14232.000,-997204558.711
14233.000,-997204637.835
14234.000,-997204558.711
14235.000,-997204637.835
14236.000,-997204558.711
14237.000,-997204716.959
14238.000,-997204637.835
14239.000,-997204716.959
14240.000,-997204558.711
14241.000,-997204637.835
14242.000,-997204558.711
14243.000,-997204637.835
14244.000,-997204558.711
14245.000,-997204716.959
14246.000,-997204637.835
14247.000,-997204716.959
14248.000,-997204558.711
14249.000,-997204637.835
14250.000,-997204558.711
14251.000,-997204637.835
14252.000,-997204558.711
14253.000,-997204716.959
14254.000,-997204637.835
14255.000,-997204716.959
14256.000,-997204558.711
14257.000,-997204716.959
14258.000,-997204558.711
14259.000,-997204637.835
14260.000,-997204558.711
14261.000,-997204716.959
14262.000,-997204637.835
14263.000,-997204716.959
14264.000,-997204637.835
14265.000,-997204716.959
14266.000,-997204558.711
14267.000,-997204637.835
14268.000,-997204558.711
14269.000,-997204716.959
14270.000,-997204558.711
14271.000,-997204716.959
14272.000,-997204637.835
14273.000,-997204716.959
14274.000,-997204558.711
14275.000,-997204637.835
14276.000,-997204479.587
14277.000,-997204637.835
14278.000,-997204558.711
14279.000,-997204716.959
14280.000,-997204637.835
14281.000,-997204716.959
14282.000,-997204558.711
14283.000,-997204637.835
14284.000,-997204479.587
14285.000,-997204637.835
14286.000,-997204558.711
14287.000,-997204716.959
14288.000,-997204637.835
14289.000,-997204716.959
14290.000,-997204558.711
14291.000,-997204637.835
14292.000,-997204479.587
14293.000,-997204637.835
14294.000,-997204558.711
14295.000,-997204716.959
14296.000,-997204637.835
14297.000,-997204716.959
14298.000,-997204558.711
14299.000,-997204637.835
14300.000,-997204479.587
14301.000,-997204637.835
14302.000,-997204558.711
14303.000,-997204716.959
14304.000,-997204637.835
14305.000,-997204716.959
14306.000,-997204637.835
14307.000,-997204716.959
14308.000,-997204558.711
14309.000,-997204637.835
14310.000,-997204558.711
14311.000,-997204716.959
14312.000,-997204637.835
14313.000,-997204716.959
14314.000,-997204637.835
14315.000,-997204716.959
14316.000,-997204558.711
14317.000,-997204637.835
14318.000,-997204558.711
14319.000,-997204637.835
14320.000,-997204558.711
14321.000,-997204716.959
14322.000,-997204637.835
14323.000,-997204716.959
14324.000,-997204558.711
14325.000,-997204637.835
14326.000,-997204479.587
14327.000,-997204637.835
14328.000,-997204558.711
14329.000,-997204716.959
14330.000,-997204637.835
14331.000,-997204716.959
14332.000,-997204558.711
14333.000,-997204637.835
14334.000,-997204479.587
14335.000,-997204637.835
14336.000,-997204558.711
14337.000,-997204716.959
14338.000,-997204637.835
14339.000,-997204716.959
14340.000,-997204558.711
14341.000,-997204637.835
14342.000,-997204558.711
14343.000,-997204637.835
14344.000,-997204558.711
14345.000,-997204716.959
14346.000,-997204637.835
14347.000,-997204716.959
14348.000,-997204637.835
14349.000,-997204716.959
14350.000,-997204558.711
14351.000,-997204637.835
14352.000,-997204558.711
14353.000,-997204716.959
14354.000,-997204637.835
14355.000,-997204716.959
14356.000,-997204637.835
14357.000,-997204716.959
14358.000,-997204558.711
14359.000,-997204637.835
14360.000,-997204558.711
14361.000,-997204716.959
14362.000,-997204558.711
14363.000,-997204716.959
14364.000,-997204637.835
14365.000,-997204716.959
14366.000,-997204558.711
14367.000,-997204637.835
14368.000,-997204558.711
14369.000,-997204637.835
14370.000,-997204558.711
14371.000,-997204716.959
14372.000,-997204637.835
14373.000,-997204716.959
14374.000,-997204558.711
14375.000,-997204637.835
14376.000,-997204558.711
14377.000,-997204637.835
14378.000,-997204558.711
14379.000,-997204716.959
14380.000,-997204637.835
14381.000,-997204716.959
14382.000,-997204558.711
14383.000,-997204637.835
14384.000,-997204479.587
14385.000,-997204637.835
14386.000,-997204558.711
14387.000,-997204716.959
14388.000,-997204637.835
14389.000,-997204716.959
14390.000,-997204558.711
14391.000,-997204637.835
14392.000,-997204479.587
14393.000,-997204637.835
14394.000,-997204558.711
14395.000,-997204716.959
14396.000,-997204637.835
14397.000,-997204716.959
14398.000,-997204637.835
14399.000,-997204637.835
14400.000,-997204479.587
14401.000,-997204637.835
14402.000,-997204558.711
14403.000,-997204716.959
14404.000,-997204637.835
14405.000,-997204716.959
14406.000,-997204637.835
14407.000,-997204716.959
14408.000,-997204558.711
14409.000,-997204637.835
14410.000,-997204558.711
14411.000,-997204637.835
14412.000,-997204558.711
14413.000,-997204716.959
14414.000,-997204637.835
14415.000,-997204716.959
14416.000,-997204558.711
14417.000,-997204637.835
14418.000,-997204558.711
14419.000,-997204637.835
14420.000,-997204558.711
14421.000,-997204716.959
14422.000,-997204637.835
14423.000,-997204716.959
14424.000,-997204558.711
14425.000,-997204637.835
14426.000,-997204558.711
14427.000,-997204637.835
14428.000,-997204558.711
14429.000,-997204716.959
14430.000,-997204637.835
14431.000,-997204716.959
14432.000,-997204558.711
14433.000,-997204637.835
14434.000,-997204558.711
14435.000,-997204637.835
14436.000,-997204558.711
14437.000,-997204716.959
14438.000,-997204637.835
14439.000,-997204716.959
14440.000,-997204558.711
14441.000,-997204637.835
14442.000,-997204558.711
14443.000,-997204637.835
14444.000,-997204558.711
14445.000,-997204716.959
14446.000,-997204637.835
14447.000,-997204716.959
14448.000,-997204558.711
14449.000,-997204637.835
14450.000,-997204558.711
14451.000,-997204637.835
14452.000,-997204558.711
14453.000,-997204716.959
14454.000,-997204637.835
14455.000,-997204716.959
14456.000,-997204637.835
14457.000,-997204716.959
14458.000,-997204558.711
14459.000,-997204637.835
14460.000,-997204558.711
14461.000,-997204716.959
14462.000,-997204637.835
14463.000,-997204716.959
14464.000,-997204637.835
14465.000,-997204716.959
14466.000,-997204558.711
14467.000,-997204637.835
14468.000,-997204558.711
14469.000,-997204637.835
14470.000,-997204558.711
14471.000,-997204716.959
14472.000,-997204637.835
14473.000,-997204716.959
14474.000,-997204558.711
14475.000,-997204637.835
14476.000,-997204479.587
14477.000,-997204637.835
14478.000,-997204558.711
14479.000,-997204716.959
14480.000,-997204637.835
14481.000,-997204716.959
14482.000,-997204558.711
14483.000,-997204637.835
14484.000,-997204558.711
14485.000,-997204637.835
14486.000,-997204558.711
14487.000,-997204716.959
14488.000,-997204637.835
14489.000,-997204716.959
14490.000,-997204558.711
14491.000,-997204637.835
14492.000,-997204558.711
14493.000,-997204637.835
14494.000,-997204558.711
14495.000,-997204716.959
14496.000,-997204637.835
14497.000,-997204716.959
14498.000,-997204558.711
14499.000,-997204637.835
14500.000,-997204558.711
14501.000,-997204637.835
14502.000,-997204558.711
14503.000,-997204716.959
14504.000,-997204637.835
14505.000,-997204716.959
14506.000,-997204558.711
14507.000,-997204637.835
14508.000,-997204558.711
14509.000,-997204637.835
14510.000,-997204558.711
14511.000,-997204716.959
14512.000,-997204637.835
14513.000,-997204716.959
14514.000,-997204637.835
14515.000,-997204716.959
14516.000,-997204558.711
14517.000,-997204637.835
14518.000,-997204558.711
14519.000,-997204716.959
14520.000,-997204637.835
14521.000,-997204716.959
14522.000,-997204637.835
14523.000,-997204716.959
14524.000,-997204558.711
14525.000,-997204637.835
14526.000,-997204479.587
14527.000,-997204637.835
14528.000,-997204558.711
14529.000,-997204716.959
14530.000,-997204637.835
14531.000,-997204716.959
14532.000,-997204558.711
14533.000,-997204637.835
14534.000,-997204479.587
14535.000,-997204637.835
14536.000,-997204558.711
14537.000,-997204716.959
14538.000,-997204637.835
14539.000,-997204716.959
14540.000,-997204558.711
14541.000,-997204637.835
14542.000,-997204558.711
14543.000,-997204637.835
14544.000,-997204558.711
14545.000,-997204716.959
14546.000,-997204637.835
14547.000,-997204716.959
14548.000,-997204558.711
14549.000,-997204637.835
14550.000,-997204558.711
14551.000,-997204637.835
14552.000,-997204558.711
14553.000,-997204716.959
14554.000,-997204637.835
14555.000,-997204716.959
14556.000,-997204558.711
14557.000,-997204716.959
14558.000,-997204558.711
14559.000,-997204637.835
14560.000,-997204558.711
14561.000,-997204716.959
14562.000,-997204637.835
14563.000,-997204716.959
14564.000,-997204637.835
14565.000,-997204716.959
14566.000,-997204558.711
14567.000,-997204637.835
14568.000,-997204558.711
14569.000,-997204716.959
14570.000,-997204637.835
14571.000,-997204716.959
14572.000,-997204637.835
14573.000,-997204716.959
14574.000,-997204558.711
14575.000,-997204637.835
14576.000,-997204479.587
14577.000,-997204637.835
14578.000,-997204558.711
14579.000,-997204716.959
14580.000,-997204637.835
14581.000,-997204716.959
14582.000,-997204558.711
14583.000,-997204637.835
14584.000,-997204479.587
14585.000,-997204637.835
14586.000,-997204558.711
14587.000,-997204716.959
14588.000,-997204637.835
14589.000,-997204716.959
14590.000,-997204558.711
14591.000,-997204637.835
14592.000,-997204479.587
14593.000,-997204637.835
14594.000,-997204558.711
14595.000,-997204716.959
14596.000,-997204637.835
14597.000,-997204716.959
14598.000,-997204558.711
14599.000,-997204637.835
14600.000,-997204558.711
14601.000,-997204637.835
14602.000,-997204558.711
14603.000,-997204716.959
14604.000,-997204637.835
14605.000,-997204716.959
14606.000,-997204637.835
14607.000,-997204716.959
14608.000,-997204558.711
14609.000,-997204637.835
14610.000,-997204558.711
14611.000,-997204716.959
14612.000,-997204637.835
14613.000,-997204716.959
14614.000,-997204637.835
14615.000,-997204716.959
14616.000,-997204558.711
14617.000,-997204637.835
14618.000,-997204558.711
14619.000,-997204716.959
14620.000,-997204637.835
14621.000,-997204716.959
14622.000,-997204637.835
14623.000,-997204716.959
14624.000,-997204558.711
14625.000,-997204637.835
14626.000,-997204558.711
14627.000,-997204716.959
14628.000,-997204637.835
14629.000,-997204716.959
14630.000,-997204637.835
14631.000,-997204716.959
14632.000,-997204558.711
14633.000,-997204637.835
14634.000,-997204479.587
14635.000,-997204637.835
14636.000,-997204558.711
14637.000,-997204716.959
14638.000,-997204637.835
14639.000,-997204716.959
14640.000,-997204558.711
14641.000,-997204637.835
14642.000,-997204479.587
14643.000,-997204637.835
14644.000,-997204558.711
14645.000,-997204716.959
14646.000,-997204637.835
14647.000,-997204716.959
14648.000,-997204558.711
14649.000,-997204637.835
14650.000,-997204479.587
14651.000,-997204637.835
14652.000,-997204558.711
14653.000,-997204716.959
14654.000,-997204637.835
14655.000,-997204796.083
14656.000,-997204637.835
14657.000,-997204637.835
14658.000,-997204479.587
14659.000,-997204637.835
14660.000,-997204558.711
14661.000,-997204716.959
14662.000,-997204637.835
14663.000,-997204716.959
14664.000,-997204637.835
14665.000,-997204716.959
14666.000,-997204558.711
14667.000,-997204637.835
14668.000,-997204558.711
14669.000,-997204637.835
14670.000,-997204637.835
14671.000,-997204716.959
14672.000,-997204637.835
14673.000,-997204716.959
14674.000,-997204558.711
14675.000,-997204637.835
14676.000,-997204479.587
14677.000,-997204637.835
14678.000,-997204558.711
14679.000,-997204716.959
14680.000,-997204637.835
14681.000,-997204716.959
14682.000,-997204558.711
14683.000,-997204637.835
14684.000,-997204479.587
14685.000,-997204637.835
14686.000,-997204558.711
14687.000,-997204716.959
14688.000,-997204637.835
14689.000,-997204716.959
14690.000,-997204558.711
14691.000,-997204637.835
14692.000,-997204479.587
14693.000,-997204637.835
14694.000,-997204558.711
14695.000,-997204716.959
14696.000,-997204637.835
14697.000,-997204716.959
14698.000,-997204558.711
14699.000,-997204637.835
14700.000,-997204479.587
14701.000,-997204637.835
14702.000,-997204558.711
14703.000,-997204716.959
14704.000,-997204637.835
14705.000,-997204796.083
14706.000,-997204637.835
14707.000,-997204716.959
14708.000,-997204558.711
14709.000,-997204637.835
14710.000,-997204479.587
14711.000,-997204637.835
14712.000,-997204637.835
14713.000,-997204716.959
14714.000,-997204637.835
14715.000,-997204716.959
14716.000,-997204558.711
14717.000,-997204637.835
14718.000,-997204479.587
14719.000,-997204637.835
14720.000,-997204558.711
14721.000,-997204716.959
14722.000,-997204637.835
14723.000,-997204716.959
14724.000,-997204558.711
14725.000,-997204637.835
14726.000,-997204558.711
14727.000,-997204637.835
14728.000,-997204558.711
14729.000,-997204716.959
14730.000,-997204637.835
14731.000,-997204716.959
14732.000,-997204558.711
14733.000,-997204637.835
14734.000,-997204558.711
14735.000,-997204637.835
14736.000,-997204558.711
14737.000,-997204716.959
14738.000,-997204637.835
14739.000,-997204716.959
14740.000,-997204558.711
14741.000,-997204637.835
14742.000,-997204479.587
14743.000,-997204637.835
14744.000,-997204558.711
14745.000,-997204716.959
14746.000,-997204637.835
14747.000,-997204716.959
14748.000,-997204558.711
14749.000,-997204637.835
14750.000,-997204479.587
14751.000,-997204637.835
14752.000,-997204558.711
14753.000,-997204716.959
14754.000,-997204637.835
14755.000,-997204796.083
14756.000,-997204637.835
14757.000,-997204716.959
14758.000,-997204479.587
14759.000,-997204637.835
14760.000,-997204479.587
14761.000,-997204716.959
14762.000,-997204637.835
14763.000,-997204796.083
14764.000,-997204637.835
14765.000,-997204716.959
14766.000,-997204558.711
14767.000,-997204637.835
14768.000,-997204479.587
14769.000,-997204637.835
14770.000,-997204558.711
14771.000,-997204716.959
14772.000,-997204637.835
14773.000,-997204716.959
14774.000,-997204558.711
14775.000,-997204637.835
14776.000,-997204558.711
14777.000,-997204637.835
14778.000,-997204558.711
14779.000,-997204716.959
14780.000,-997204637.835
14781.000,-997204716.959
14782.000,-997204558.711
14783.000,-997204637.835
14784.000,-997204558.711
14785.000,-997204637.835
14786.000,-997204558.711
14787.000,-997204716.959
14788.000,-997204637.835
14789.000,-997204716.959
14790.000,-997204558.711
14791.000,-997204637.835
14792.000,-997204479.587
14793.000,-997204637.835
14794.000,-997204558.711
14795.000,-997204716.959
14796.000,-997204637.835
14797.000,-997204716.959
14798.000,-997204558.711
14799.000,-997204637.835
14800.000,-997204479.587
14801.000,-997204637.835
14802.000,-997204558.711
14803.000,-997204716.959
14804.000,-997204637.835
14805.000,-997204716.959
14806.000,-997204637.835
14807.000,-997204637.835
14808.000,-997204479.587
14809.000,-997204637.835
14810.000,-997204558.711
14811.000,-997204716.959
14812.000,-997204637.835
14813.000,-997204796.083
14814.000,-997204637.835
14815.000,-997204716.959
14816.000,-997204558.711
14817.000,-997204637.835
14818.000,-997204479.587
14819.000,-997204637.835
14820.000,-997204637.835
14821.000,-997204796.083
14822.000,-997204637.835
14823.000,-997204716.959
14824.000,-997204558.711
14825.000,-997204637.835
14826.000,-997204479.587
14827.000,-997204637.835
14828.000,-997204558.711
14829.000,-997204716.959
14830.000,-997204637.835
14831.000,-997204716.959
14832.000,-997204558.711
14833.000,-997204637.835
14834.000,-997204479.587
14835.000,-997204637.835
14836.000,-997204558.711
14837.000,-997204716.959
14838.000,-997204637.835
14839.000,-997204716.959
14840.000,-997204558.711
14841.000,-997204637.835
14842.000,-997204558.711
14843.000,-997204637.835
14844.000,-997204558.711
14845.000,-997204716.959
14846.000,-997204637.835
14847.000,-997204716.959
14848.000,-997204558.711
14849.000,-997204637.835
14850.000,-997204558.711
14851.000,-997204637.835
14852.000,-997204558.711
14853.000,-997204716.959
14854.000,-997204637.835
14855.000,-997204716.959
14856.000,-997204558.711
14857.000,-997204637.835
14858.000,-997204558.711
14859.000,-997204637.835
14860.000,-997204558.711
14861.000,-997204716.959
14862.000,-997204637.835
14863.000,-997204716.959
14864.000,-997204558.711
14865.000,-997204637.835
14866.000,-997204558.711
14867.000,-997204637.835
14868.000,-997204558.711
14869.000,-997204716.959
14870.000,-997204637.835
14871.000,-997204716.959
14872.000,-997204637.835
14873.000,-997204716.959
14874.000,-997204558.711
14875.000,-997204637.835
14876.000,-997204479.587
14877.000,-997204637.835
14878.000,-997204637.835
14879.000,-997204716.959
14880.000,-997204637.835
14881.000,-997204716.959
14882.000,-997204558.711
14883.000,-997204637.835
14884.000,-997204479.587
14885.000,-997204637.835
14886.000,-997204558.711
14887.000,-997204716.959
14888.000,-997204637.835
14889.000,-997204716.959
14890.000,-997204558.711
14891.000,-997204637.835
14892.000,-997204558.711
14893.000,-997204637.835
14894.000,-997204558.711
14895.000,-997204716.959
14896.000,-997204637.835
14897.000,-997204716.959
14898.000,-997204558.711
14899.000,-997204637.835
14900.000,-997204558.711
14901.000,-997204637.835
14902.000,-997204558.711
14903.000,-997204716.959
14904.000,-997204637.835
14905.000,-997204716.959
14906.000,-997204558.711
14907.000,-997204637.835
14908.000,-997204558.711
14909.000,-997204637.835
14910.000,-997204558.711
14911.000,-997204716.959
14912.000,-997204637.835
14913.000,-997204716.959
14914.000,-997204558.711
14915.000,-997204637.835
14916.000,-997204558.711
14917.000,-997204637.835
14918.000,-997204558.711
14919.000,-997204716.959
14920.000,-997204637.835
14921.000,-997204716.959
14922.000,-997204637.835
14923.000,-997204716.959
14924.000,-997204558.711
14925.000,-997204637.835
14926.000,-997204558.711
14927.000,-997204637.835
14928.000,-997204637.835
14929.000,-997204796.083
14930.000,-997204637.835
14931.000,-997204716.959
14932.000,-997204558.711
14933.000,-997204637.835
14934.000,-997204479.587
14935.000,-997204637.835
14936.000,-997204558.711
14937.000,-997204716.959
14938.000,-997204637.835
14939.000,-997204716.959
14940.000,-997204558.711
14941.000,-997204637.835
14942.000,-997204479.587
14943.000,-997204637.835
14944.000,-997204558.711
14945.000,-997204716.959
14946.000,-997204637.835
14947.000,-997204716.959
14948.000,-997204637.835
14949.000,-997204637.835
14950.000,-997204558.711
14951.000,-997204637.835
14952.000,-997204558.711
14953.000,-997204716.959
14954.000,-997204637.835
14955.000,-997204716.959
14956.000,-997204637.835
14957.000,-997204716.959
14958.000,-997204558.711
14959.000,-997204637.835
14960.000,-997204558.711
14961.000,-997204716.959
14962.000,-997204637.835
14963.000,-997204716.959
14964.000,-997204637.835
14965.000,-997204716.959
14966.000,-997204558.711
14967.000,-997204637.835
14968.000,-997204558.711
14969.000,-997204716.959
14970.000,-997204637.835
14971.000,-997204716.959
14972.000,-997204637.835
14973.000,-997204716.959
14974.000,-997204558.711
14975.000,-997204637.835
14976.000,-997204558.711
14977.000,-997204716.959
14978.000,-997204637.835
14979.000,-997204716.959
14980.000,-997204637.835
14981.000,-997204716.959
14982.000,-997204558.711
14983.000,-997204637.835
14984.000,-997204558.711
14985.000,-997204637.835
14986.000,-997204558.711
14987.000,-997204716.959
14988.000,-997204637.835
14989.000,-997204716.959
14990.000,-997204558.711
14991.000,-997204637.835
14992.000,-997204479.587
14993.000,-997204637.835
14994.000,-997204558.711
14995.000,-997204716.959
14996.000,-997204637.835
14997.000,-997204716.959
14998.000,-997204558.711
14999.000,-997204637.835
15000.000,-997204479.587
15001.000,-997204637.835
15002.000,-997204558.711
15003.000,-997204716.959
15004.000,-997204637.835
15005.000,-997204716.959
15006.000,-997204558.711
15007.000,-997204637.835
15008.000,-997204558.711
15009.000,-997204637.835
15010.000,-997204558.711
15011.000,-997204716.959
15012.000,-997204637.835
15013.000,-997204716.959
15014.000,-997204637.835
15015.000,-997204716.959
15016.000,-997204558.711
15017.000,-997204637.835
15018.000,-997204558.711
15019.000,-997204716.959
15020.000,-997204637.835
15021.000,-997204716.959
15022.000,-997204637.835
15023.000,-997204716.959
15024.000,-997204558.711
15025.000,-997204637.835
15026.000,-997204558.711
15027.000,-997204716.959
15028.000,-997204637.835
15029.000,-997204716.959
15030.000,-997204637.835
15031.000,-997204716.959
15032.000,-997204558.711
15033.000,-997204637.835
15034.000,-997204558.711
15035.000,-997204716.959
15036.000,-997204637.835
15037.000,-997204716.959
15038.000,-997204637.835
15039.000,-997204716.959
15040.000,-997204558.711
15041.000,-997204637.835
15042.000,-997204479.587
15043.000,-997204637.835
15044.000,-997204558.711
15045.000,-997204716.959
15046.000,-997204637.835
15047.000,-997204716.959
15048.000,-997204558.711
15049.000,-997204637.835
15050.000,-997204479.587
15051.000,-997204637.835
15052.000,-997204558.711
15053.000,-997204716.959
15054.000,-997204637.835
15055.000,-997204716.959
15056.000,-997204637.835
15057.000,-997204637.835
15058.000,-997204479.587
15059.000,-997204637.835
15060.000,-997204558.711
15061.000,-997204716.959
15062.000,-997204637.835
15063.000,-997204716.959
15064.000,-997204637.835
15065.000,-997204716.959
15066.000,-997204558.711
15067.000,-997204637.835
15068.000,-997204558.711
15069.000,-997204637.835
15070.000,-997204637.835
15071.000,-997204716.959
15072.000,-997204637.835
15073.000,-997204716.959
15074.000,-997204558.711
15075.000,-997204637.835
15076.000,-997204558.711
15077.000,-997204637.835
15078.000,-997204558.711
15079.000,-997204716.959
15080.000,-997204637.835
15081.000,-997204716.959
15082.000,-997204558.711
15083.000,-997204637.835
15084.000,-997204558.711
15085.000,-997204637.835
15086.000,-997204558.711
15087.000,-997204716.959
15088.000,-997204637.835
15089.000,-997204716.959
15090.000,-997204558.711
15091.000,-997204637.835
15092.000,-997204558.711
15093.000,-997204637.835
15094.000,-997204558.711
15095.000,-997204716.959
15096.000,-997204637.835
15097.000,-997204716.959
15098.000,-997204558.711
15099.000,-997204637.835
15100.000,-997204479.587
15101.000,-997204637.835
15102.000,-997204558.711
15103.000,-997204716.959
15104.000,-997204637.835
15105.000,-997204716.959
15106.000,-997204637.835
15107.000,-997204637.835
15108.000,-997204558.711
15109.000,-997204637.835
15110.000,-997204558.711
15111.000,-997204716.959
15112.000,-997204637.835
15113.000,-997204716.959
15114.000,-997204637.835
15115.000,-997204716.959
15116.000,-997204558.711
15117.000,-997204637.835
15118.000,-997204558.711
15119.000,-997204637.835
15120.000,-997204637.835
15121.000,-997204716.959
15122.000,-997204637.835
15123.000,-997204716.959
15124.000,-997204558.711
15125.000,-997204637.835
15126.000,-997204558.711
15127.000,-997204637.835
15128.000,-997204558.711
15129.000,-997204716.959
15130.000,-997204637.835
15131.000,-997204716.959
15132.000,-997204558.711
15133.000,-997204637.835
15134.000,-997204558.711
15135.000,-997204637.835
15136.000,-997204558.711
15137.000,-997204716.959
15138.000,-997204637.835
15139.000,-997204716.959
15140.000,-997204558.711
15141.000,-997204637.835
15142.000,-997204558.711
15143.000,-997204637.835
15144.000,-997204558.711
15145.000,-997204716.959
15146.000,-997204637.835
15147.000,-997204716.959
15148.000,-997204558.711
15149.000,-997204637.835
15150.000,-997204479.587
15151.000,-997204637.835
15152.000,-997204558.711
15153.000,-997204716.959
15154.000,-997204637.835
15155.000,-997204716.959
15156.000,-997204558.711
15157.000,-997204637.835
15158.000,-997204479.587
15159.000,-997204637.835
15160.000,-997204558.711
15161.000,-997204716.959
15162.000,-997204637.835
15163.000,-997204716.959
15164.000,-997204637.835
15165.000,-997204716.959
15166.000,-997204558.711
15167.000,-997204637.835
15168.000,-997204558.711
15169.000,-997204716.959
15170.000,-997204637.835
15171.000,-997204716.959
15172.000,-997204637.835
15173.000,-997204716.959
15174.000,-997204558.711
15175.000,-997204637.835
15176.000,-997204479.587
15177.000,-997204637.835
15178.000,-997204558.711
15179.000,-997204716.959
15180.000,-997204637.835
15181.000,-997204716.959
15182.000,-997204558.711
15183.000,-997204637.835
15184.000,-997204479.587
15185.000,-997204637.835
15186.000,-997204558.711
15187.000,-997204716.959
15188.000,-997204637.835
15189.000,-997204716.959
15190.000,-997204558.711
15191.000,-997204637.835
15192.000,-997204558.711
15193.000,-997204637.835
15194.000,-997204558.711
15195.000,-997204716.959
15196.000,-997204637.835
15197.000,-997204716.959
15198.000,-997204558.711
15199.000,-997204637.835
15200.000,-997204558.711
15201.000,-997204637.835
15202.000,-997204558.711
15203.000,-997204716.959
15204.000,-997204637.835
15205.000,-997204716.959
15206.000,-997204558.711
15207.000,-997204637.835
15208.000,-997204558.711
15209.000,-997204637.835
15210.000,-997204558.711
15211.000,-997204716.959
15212.000,-997204637.835
15213.000,-997204716.959
15214.000,-997204637.835
15215.000,-997204637.835
15216.000,-997204558.711
15217.000,-997204637.835
15218.000,-997204558.711
15219.000,-997204716.959
15220.000,-997204637.835
15221.000,-997204716.959
15222.000,-997204637.835
15223.000,-997204716.959
15224.000,-997204558.711
15225.000,-997204637.835
15226.000,-997204558.711
15227.000,-997204637.835
15228.000,-997204637.835
15229.000,-997204716.959
15230.000,-997204637.835
15231.000,-997204716.959
15232.000,-997204558.711
15233.000,-997204637.835
15234.000,-997204479.587
15235.000,-997204637.835
15236.000,-997204558.711
15237.000,-997204716.959
15238.000,-997204637.835
15239.000,-997204716.959
15240.000,-997204558.711
15241.000,-997204637.835
15242.000,-997204558.711
15243.000,-997204637.835
15244.000,-997204558.711
15245.000,-997204716.959
15246.000,-997204637.835
15247.000,-997204716.959
15248.000,-997204637.835
15249.000,-997204716.959
15250.000,-997204558.711
15251.000,-997204637.835
15252.000,-997204558.711
15253.000,-997204716.959
15254.000,-997204637.835
15255.000,-997204716.959
15256.000,-997204637.835
15257.000,-997204716.959
15258.000,-997204558.711
15259.000,-997204637.835
15260.000,-997204558.711
15261.000,-997204716.959
15262.000,-997204637.835
15263.000,-997204716.959
15264.000,-997204558.711
15265.000,-997204716.959
15266.000,-997204558.711
15267.000,-997204637.835
15268.000,-997204558.711
15269.000,-997204716.959
15270.000,-997204637.835
15271.000,-997204716.959
15272.000,-997204637.835
15273.000,-997204716.959
15274.000,-997204558.711
15275.000,-997204637.835
15276.000,-997204558.711
15277.000,-997204716.959
15278.000,-997204637.835
15279.000,-997204716.959
15280.000,-997204637.835
15281.000,-997204716.959
15282.000,-997204558.711
15283.000,-997204637.835
15284.000,-997204479.587
15285.000,-997204637.835
15286.000,-997204558.711
15287.000,-997204716.959
15288.000,-997204637.835
15289.000,-997204716.959
15290.000,-997204558.711
15291.000,-997204637.835
15292.000,-997204479.587
15293.000,-997204637.835
15294.000,-997204558.711
15295.000,-997204716.959
15296.000,-997204637.835
15297.000,-997204716.959
15298.000,-997204558.711
15299.000,-997204637.835
15300.000,-997204558.711
15301.000,-997204637.835
15302.000,-997204558.711
15303.000,-997204716.959
15304.000,-997204637.835
15305.000,-997204716.959
15306.000,-997204637.835
15307.000,-997204716.959
15308.000,-997204558.711
15309.000,-997204637.835
15310.000,-997204558.711
15311.000,-997204716.959
15312.000,-997204637.835
15313.000,-997204716.959
15314.000,-997204637.835
15315.000,-997204716.959
15316.000,-997204558.711
15317.000,-997204637.835
15318.000,-997204558.711
15319.000,-997204637.835
15320.000,-997204558.711
15321.000,-997204716.959
15322.000,-997204637.835
15323.000,-997204716.959
15324.000,-997204558.711
15325.000,-997204637.835
15326.000,-997204558.711
15327.000,-997204637.835
15328.000,-997204558.711
15329.000,-997204716.959
15330.000,-997204637.835
15331.000,-997204716.959
15332.000,-997204558.711
15333.000,-997204637.835
15334.000,-997204558.711
15335.000,-997204637.835
15336.000,-997204558.711
15337.000,-997204716.959
15338.000,-997204637.835
15339.000,-997204716.959
15340.000,-997204558.711
15341.000,-997204637.835
15342.000,-997204558.711
15343.000,-997204637.835
15344.000,-997204558.711
15345.000,-997204716.959
15346.000,-997204637.835
15347.000,-997204716.959
15348.000,-997204558.711
15349.000,-997204637.835
15350.000,-997204558.711
15351.000,-997204637.835
15352.000,-997204558.711
15353.000,-997204716.959
15354.000,-997204637.835
15355.000,-997204716.959
15356.000,-997204637.835
15357.000,-997204716.959
15358.000,-997204558.711
15359.000,-997204637.835
15360.000,-997204558.711
15361.000,-997204716.959
15362.000,-997204637.835
15363.000,-997204716.959
15364.000,-997204637.835
15365.000,-997204716.959
15366.000,-997204558.711
15367.000,-997204637.835
15368.000,-997204558.711
15369.000,-997204637.835
15370.000,-997204558.711
15371.000,-997204716.959
15372.000,-997204637.835
15373.000,-997204716.959
15374.000,-997204558.711
15375.000,-997204637.835
15376.000,-997204558.711
15377.000,-997204637.835
15378.000,-997204558.711
15379.000,-997204716.959
15380.000,-997204637.835
15381.000,-997204716.959
15382.000,-997204558.711
15383.000,-997204637.835
15384.000,-997204558.711
15385.000,-997204637.835
15386.000,-997204558.711
15387.000,-997204716.959
15388.000,-997204637.835
15389.000,-997204716.959
15390.000,-997204558.711
15391.000,-997204637.835
15392.000,-997204558.711
15393.000,-997204637.835
15394.000,-997204558.711
15395.000,-997204716.959
15396.000,-997204637.835
15397.000,-997204716.959
15398.000,-997204558.711
15399.000,-997204637.835
15400.000,-997204558.711
15401.000,-997204637.835
15402.000,-997204558.711
15403.000,-997204716.959
15404.000,-997204637.835
15405.000,-997204716.959
15406.000,-997204558.711
15407.000,-997204637.835
15408.000,-997204558.711
15409.000,-997204637.835
15410.000,-997204558.711
15411.000,-997204716.959
15412.000,-997204637.835
15413.000,-997204716.959
15414.000,-997204637.835
15415.000,-997204716.959
15416.000,-997204558.711
15417.000,-997204637.835
15418.000,-997204558.711
15419.000,-997204637.835
15420.000,-997204637.835
15421.000,-997204716.959
15422.000,-997204637.835
15423.000,-997204716.959
15424.000,-997204558.711
15425.000,-997204637.835
15426.000,-997204558.711
15427.000,-997204637.835
15428.000,-997204558.711
15429.000,-997204716.959
15430.000,-997204637.835
15431.000,-997204716.959
15432.000,-997204558.711
15433.000,-997204637.835
15434.000,-997204558.711
15435.000,-997204637.835
15436.000,-997204558.711
15437.000,-997204716.959
15438.000,-997204637.835
15439.000,-997204716.959
15440.000,-997204558.711
15441.000,-997204637.835
15442.000,-997204558.711
15443.000,-997204637.835
15444.000,-997204558.711
15445.000,-997204716.959
15446.000,-997204637.835
15447.000,-997204716.959
15448.000,-997204558.711
15449.000,-997204637.835
15450.000,-997204558.711
15451.000,-997204637.835
15452.000,-997204558.711
15453.000,-997204716.959
15454.000,-997204637.835
15455.000,-997204716.959
15456.000,-997204637.835
15457.000,-997204716.959
15458.000,-997204558.711
15459.000,-997204637.835
15460.000,-997204558.711
15461.000,-997204716.959
15462.000,-997204637.835
15463.000,-997204716.959
15464.000,-997204637.835
15465.000,-997204716.959
15466.000,-997204558.711
15467.000,-997204637.835
15468.000,-997204558.711
15469.000,-997204637.835
15470.000,-997204558.711
15471.000,-997204716.959
15472.000,-997204637.835
15473.000,-997204716.959
15474.000,-997204558.711
15475.000,-997204637.835
15476.000,-997204558.711
15477.000,-997204637.835
15478.000,-997204558.711
15479.000,-997204716.959
15480.000,-997204637.835
15481.000,-997204716.959
15482.000,-997204558.711
15483.000,-997204637.835
15484.000,-997204558.711
15485.000,-997204637.835
15486.000,-997204558.711
15487.000,-997204716.959
15488.000,-997204637.835
15489.000,-997204716.959
15490.000,-997204558.711
15491.000,-997204637.835
15492.000,-997204558.711
15493.000,-997204637.835
15494.000,-997204558.711
15495.000,-997204716.959
15496.000,-997204637.835
15497.000,-997204716.959
15498.000,-997204558.711
15499.000,-997204637.835
15500.000,-997204558.711
15501.000,-997204637.835
15502.000,-997204558.711
15503.000,-997204716.959
15504.000,-997204637.835
15505.000,-997204716.959
15506.000,-997204558.711
15507.000,-997204637.835
15508.000,-997204558.711
15509.000,-997204637.835
15510.000,-997204558.711
15511.000,-997204716.959
15512.000,-997204637.835
15513.000,-997204716.959
15514.000,-997204637.835
15515.000,-997204716.959
15516.000,-997204558.711
15517.000,-997204637.835
15518.000,-997204558.711
15519.000,-997204716.959
15520.000,-997204637.835
15521.000,-997204716.959
15522.000,-997204637.835
15523.000,-997204716.959
15524.000,-997204558.711
15525.000,-997204637.835
15526.000,-997204558.711
15527.000,-997204637.835
15528.000,-997204558.711
15529.000,-997204716.959
15530.000,-997204637.835
15531.000,-997204716.959
15532.000,-997204558.711
15533.000,-997204637.835
15534.000,-997204558.711
15535.000,-997204637.835
15536.000,-997204558.711
15537.000,-997204716.959
15538.000,-997204637.835
15539.000,-997204716.959
15540.000,-997204558.711
15541.000,-997204637.835
15542.000,-997204558.711
15543.000,-997204637.835
15544.000,-997204558.711
15545.000,-997204716.959
15546.000,-997204637.835
15547.000,-997204716.959
15548.000,-997204558.711
15549.000,-997204637.835
15550.000,-997204558.711
15551.000,-997204637.835
15552.000,-997204558.711
15553.000,-997204716.959
15554.000,-997204637.835
15555.000,-997204716.959
15556.000,-997204637.835
15557.000,-997204716.959
15558.000,-997204558.711
15559.000,-997204637.835
15560.000,-997204558.711
15561.000,-997204716.959
15562.000,-997204637.835
15563.000,-997204716.959
15564.000,-997204637.835
15565.000,-997204716.959
15566.000,-997204558.711
15567.000,-997204637.835
15568.000,-997204558.711
15569.000,-997204637.835
15570.000,-997204637.835
15571.000,-997204716.959
15572.000,-997204637.835
15573.000,-997204716.959
15574.000,-997204558.711
15575.000,-997204637.835
15576.000,-997204558.711
15577.000,-997204637.835
15578.000,-997204558.711
15579.000,-997204716.959
15580.000,-997204637.835
15581.000,-997204716.959
15582.000,-997204558.711
15583.000,-997204637.835
15584.000,-997204479.587
15585.000,-997204637.835
15586.000,-997204558.711
15587.000,-997204716.959
15588.000,-997204637.835
15589.000,-997204716.959
15590.000,-997204558.711
15591.000,-997204637.835
15592.000,-997204479.587
15593.000,-997204637.835
15594.000,-997204558.711
15595.000,-997204716.959
15596.000,-997204637.835
15597.000,-997204716.959
15598.000,-997204637.835
15599.000,-997204637.835
15600.000,-997204558.711
15601.000,-997204637.835
15602.000,-997204558.711
15603.000,-997204716.959
15604.000,-997204637.835
15605.000,-997204716.959
15606.000,-997204637.835
15607.000,-997204716.959
15608.000,-997204558.711
15609.000,-997204637.835
15610.000,-997204558.711
15611.000,-997204637.835
15612.000,-997204637.835
15613.000,-997204716.959
15614.000,-997204637.835
15615.000,-997204716.959
15616.000,-997204558.711
15617.000,-997204637.835
15618.000,-997204558.711
15619.000,-997204637.835
15620.000,-997204558.711
15621.000,-997204716.959
15622.000,-997204637.835
15623.000,-997204716.959
15624.000,-997204558.711
15625.000,-997204637.835
15626.000,-997204558.711
15627.000,-997204637.835
15628.000,-997204558.711
15629.000,-997204716.959
15630.000,-997204637.835
15631.000,-997204716.959
15632.000,-997204558.711
15633.000,-997204637.835
15634.000,-997204558.711
15635.000,-997204637.835
15636.000,-997204558.711
15637.000,-997204716.959
15638.000,-997204637.835
15639.000,-997204716.959
15640.000,-997204558.711
15641.000,-997204637.835
15642.000,-997204558.711
15643.000,-997204637.835
15644.000,-997204558.711
15645.000,-997204716.959
15646.000,-997204637.835
15647.000,-997204716.959
15648.000,-997204558.711
15649.000,-997204637.835
15650.000,-997204558.711
15651.000,-997204637.835
15652.000,-997204558.711
15653.000,-997204716.959
15654.000,-997204637.835
15655.000,-997204716.959
15656.000,-997204637.835
15657.000,-997204716.959
15658.000,-997204558.711
15659.000,-997204637.835
15660.000,-997204558.711
15661.000,-997204716.959
15662.000,-997204637.835
15663.000,-997204716.959
15664.000,-997204637.835
15665.000,-997204716.959
15666.000,-997204558.711
15667.000,-997204637.835
15668.000,-997204558.711
15669.000,-997204637.835
15670.000,-997204637.835
15671.000,-997204716.959
15672.000,-997204637.835
15673.000,-997204716.959
15674.000,-997204558.711
15675.000,-997204637.835
15676.000,-997204479.587
15677.000,-997204637.835
15678.000,-997204558.711
15679.000,-997204716.959
15680.000,-997204637.835
15681.000,-997204716.959
15682.000,-997204558.711
15683.000,-997204637.835
15684.000,-997204558.711
15685.000,-997204637.835
15686.000,-997204558.711
15687.000,-997204716.959
15688.000,-997204637.835
15689.000,-997204716.959
15690.000,-997204558.711
15691.000,-997204637.835
15692.000,-997204558.711
15693.000,-997204637.835
15694.000,-997204558.711
15695.000,-997204716.959
15696.000,-997204637.835
15697.000,-997204716.959
15698.000,-997204637.835
15699.000,-997204637.835
15700.000,-997204558.711
15701.000,-997204637.835
15702.000,-997204558.711
15703.000,-997204716.959
15704.000,-997204637.835
15705.000,-997204716.959
15706.000,-997204637.835
15707.000,-997204716.959
15708.000,-997204558.711
15709.000,-997204637.835
15710.000,-997204558.711
15711.000,-997204716.959
15712.000,-997204637.835
15713.000,-997204716.959
15714.000,-997204637.835
15715.000,-997204716.959
15716.000,-997204558.711
15717.000,-997204637.835
15718.000,-997204479.587
15719.000,-997204637.835
15720.000,-997204637.835
15721.000,-997204716.959
15722.000,-997204637.835
15723.000,-997204716.959
15724.000,-997204558.711
15725.000,-997204637.835
15726.000,-997204479.587
15727.000,-997204637.835
15728.000,-997204558.711
15729.000,-997204716.959
15730.000,-997204637.835
15731.000,-997204716.959
15732.000,-997204637.835
15733.000,-997204637.835
15734.000,-997204479.587
15735.000,-997204637.835
15736.000,-997204558.711
15737.000,-997204716.959
15738.000,-997204637.835
15739.000,-997204716.959
15740.000,-997204637.835
15741.000,-997204716.959
15742.000,-997204558.711
15743.000,-997204637.835
15744.000,-997204558.711
15745.000,-997204716.959
15746.000,-997204637.835
15747.000,-997204716.959
15748.000,-997204637.835
15749.000,-997204716.959
15750.000,-997204558.711
15751.000,-997204637.835
15752.000,-997204558.711
15753.000,-997204716.959
15754.000,-997204637.835
15755.000,-997204716.959
15756.000,-997204637.835
15757.000,-997204716.959
15758.000,-997204558.711
15759.000,-997204637.835
15760.000,-997204558.711
15761.000,-997204716.959
15762.000,-997204637.835
15763.000,-997204716.959
15764.000,-997204637.835
15765.000,-997204716.959
15766.000,-997204558.711
15767.000,-997204637.835
15768.000,-997204558.711
15769.000,-997204716.959
15770.000,-997204637.835
15771.000,-997204716.959
15772.000,-997204637.835
15773.000,-997204716.959
15774.000,-997204558.711
15775.000,-997204637.835
15776.000,-997204479.587
15777.000,-997204637.835
15778.000,-997204558.711
15779.000,-997204716.959
15780.000,-997204637.835
15781.000,-997204716.959
15782.000,-997204558.711
15783.000,-997204637.835
15784.000,-997204479.587
15785.000,-997204637.835
15786.000,-997204558.711
15787.000,-997204716.959
15788.000,-997204637.835
15789.000,-997204716.959
15790.000,-997204637.835
15791.000,-997204637.835
15792.000,-997204558.711
15793.000,-997204637.835
15794.000,-997204558.711
15795.000,-997204716.959
15796.000,-997204637.835
15797.000,-997204716.959
15798.000,-997204637.835
15799.000,-997204716.959
15800.000,-997204558.711
15801.000,-997204637.835
15802.000,-997204558.711
15803.000,-997204716.959
15804.000,-997204637.835
15805.000,-997204716.959
15806.000,-997204637.835
15807.000,-997204716.959
15808.000,-997204558.711
15809.000,-997204637.835
15810.000,-997204558.711
15811.000,-997204716.959
15812.000,-997204637.835
15813.000,-997204716.959
15814.000,-997204637.835
15815.000,-997204716.959
15816.000,-997204558.711
15817.000,-997204637.835
15818.000,-997204558.711
15819.000,-997204637.835
15820.000,-997204637.835
15821.000,-997204716.959
15822.000,-997204637.835
15823.000,-997204716.959
15824.000,-997204558.711
15825.000,-997204637.835
15826.000,-997204558.711
15827.000,-997204637.835
15828.000,-997204558.711
15829.000,-997204716.959
15830.000,-997204637.835
15831.000,-997204716.959
15832.000,-997204558.711
15833.000,-997204637.835
15834.000,-997204479.587
15835.000,-997204637.835
15836.000,-997204558.711
15837.000,-997204716.959
15838.000,-997204637.835
15839.000,-997204716.959
15840.000,-997204558.711
15841.000,-997204637.835
15842.000,-997204479.587
15843.000,-997204637.835
15844.000,-997204558.711
15845.000,-997204716.959
15846.000,-997204637.835
15847.000,-997204716.959
15848.000,-997204637.835
15849.000,-997204637.835
15850.000,-997204558.711
15851.000,-997204637.835
15852.000,-997204558.711
15853.000,-997204716.959
15854.000,-997204637.835
15855.000,-997204716.959
15856.000,-997204637.835
15857.000,-997204716.959
15858.000,-997204558.711
15859.000,-997204637.835
15860.000,-997204558.711
15861.000,-997204637.835
15862.000,-997204637.835
15863.000,-997204716.959
15864.000,-997204637.835
15865.000,-997204716.959
15866.000,-997204558.711
15867.000,-997204637.835
15868.000,-997204558.711
15869.000,-997204637.835
15870.000,-997204558.711
15871.000,-997204716.959
15872.000,-997204637.835
15873.000,-997204716.959
15874.000,-997204558.711
15875.000,-997204637.835
15876.000,-997204558.711
15877.000,-997204637.835
15878.000,-997204558.711
15879.000,-997204716.959
15880.000,-997204637.835
15881.000,-997204716.959
15882.000,-997204558.711
15883.000,-997204637.835
15884.000,-997204558.711
15885.000,-997204637.835
15886.000,-997204558.711
15887.000,-997204716.959
15888.000,-997204637.835
15889.000,-997204716.959
15890.000,-997204558.711
15891.000,-997204637.835
15892.000,-997204558.711
15893.000,-997204637.835
15894.000,-997204558.711
15895.000,-997204716.959
15896.000,-997204637.835
15897.000,-997204716.959
15898.000,-997204637.835
15899.000,-997204637.835
15900.000,-997204558.711
15901.000,-997204637.835
15902.000,-997204558.711
15903.000,-997204716.959
15904.000,-997204637.835
15905.000,-997204716.959
15906.000,-997204637.835
15907.000,-997204716.959
15908.000,-997204558.711
15909.000,-997204637.835
15910.000,-997204558.711
15911.000,-997204716.959
15912.000,-997204637.835
15913.000,-997204716.959
15914.000,-997204637.835
15915.000,-997204716.959
15916.000,-997204558.711
15917.000,-997204637.835
15918.000,-997204558.711
15919.000,-997204637.835
15920.000,-997204637.835
15921.000,-997204716.959
15922.000,-997204637.835
15923.000,-997204716.959
15924.000,-997204558.711
15925.000,-997204637.835
15926.000,-997204558.711
15927.000,-997204637.835
15928.000,-997204637.835
15929.000,-997204716.959
15930.000,-997204637.835
15931.000,-997204716.959
15932.000,-997204558.711
15933.000,-997204637.835
15934.000,-997204558.711
15935.000,-997204637.835
15936.000,-997204637.835
15937.000,-997204716.959
15938.000,-997204637.835
15939.000,-997204716.959
15940.000,-997204558.711
15941.000,-997204637.835
15942.000,-997204479.587
15943.000,-997204637.835
15944.000,-997204558.711
15945.000,-997204716.959
15946.000,-997204637.835
15947.000,-997204716.959
15948.000,-997204637.835
15949.000,-997204637.835
15950.000,-997204479.587
15951.000,-997204637.835
15952.000,-997204558.711
15953.000,-997204716.959
15954.000,-997204637.835
15955.000,-997204796.083
15956.000,-997204637.835
15957.000,-997204716.959
15958.000,-997204558.711
15959.000,-997204637.835
15960.000,-997204558.711
15961.000,-997204637.835
15962.000,-997204637.835
15963.000,-997204716.959
15964.000,-997204637.835
15965.000,-997204716.959
15966.000,-997204558.711
15967.000,-997204637.835
15968.000,-997204479.587
15969.000,-997204637.835
15970.000,-997204558.711
15971.000,-997204716.959
15972.000,-997204637.835
15973.000,-997204716.959
15974.000,-997204558.711
15975.000,-997204637.835
15976.000,-997204558.711
15977.000,-997204637.835
15978.000,-997204558.711
15979.000,-997204716.959
15980.000,-997204637.835
15981.000,-997204716.959
15982.000,-997204558.711
15983.000,-997204637.835
15984.000,-997204558.711
15985.000,-997204637.835
15986.000,-997204558.711
15987.000,-997204716.959
15988.000,-997204637.835
15989.000,-997204716.959
15990.000,-997204558.711
15991.000,-997204637.835
15992.000,-997204558.711
15993.000,-997204637.835
15994.000,-997204558.711
15995.000,-997204716.959
15996.000,-997204637.835
15997.000,-997204716.959
15998.000,-997204558.711
15999.000,-997204637.835
16000.000,-997204479.587
16001.000,-997204637.835
16002.000,-997204558.711
16003.000,-997204716.959
16004.000,-997204637.835
16005.000,-997204716.959
16006.000,-997204637.835
16007.000,-997204637.835
16008.000,-997204558.711
16009.000,-997204637.835
16010.000,-997204558.711
16011.000,-997204716.959
16012.000,-997204637.835
16013.000,-997204796.083
16014.000,-997204637.835
16015.000,-997204716.959
16016.000,-997204558.711
16017.000,-997204637.835
16018.000,-997204558.711
16019.000,-997204637.835
16020.000,-997204637.835
16021.000,-997204716.959
16022.000,-997204637.835
16023.000,-997204716.959
16024.000,-997204558.711
16025.000,-997204637.835
16026.000,-997204479.587
16027.000,-997204637.835
16028.000,-997204558.711
16029.000,-997204716.959
16030.000,-997204637.835
16031.000,-997204716.959
16032.000,-997204558.711
16033.000,-997204637.835
16034.000,-997204558.711
16035.000,-997204637.835
16036.000,-997204558.711
16037.000,-997204716.959
16038.000,-997204637.835
16039.000,-997204716.959
16040.000,-997204558.711
16041.000,-997204637.835
16042.000,-997204558.711
16043.000,-997204637.835
16044.000,-997204558.711
16045.000,-997204716.959
16046.000,-997204637.835
16047.000,-997204716.959
16048.000,-997204558.711
16049.000,-997204637.835
16050.000,-997204558.711
16051.000,-997204637.835
16052.000,-997204558.711
16053.000,-997204716.959
16054.000,-997204637.835
16055.000,-997204716.959
16056.000,-997204637.835
16057.000,-997204637.835
16058.000,-997204479.587
16059.000,-997204637.835
16060.000,-997204558.711
16061.000,-997204716.959
16062.000,-997204637.835
16063.000,-997204796.083
16064.000,-997204637.835
16065.000,-997204637.835
16066.000,-997204479.587
16067.000,-997204637.835
16068.000,-997204558.711
16069.000,-997204716.959
16070.000,-997204637.835
16071.000,-997204796.083
16072.000,-997204637.835
16073.000,-997204716.959
16074.000,-997204558.711
16075.000,-997204637.835
16076.000,-997204479.587
16077.000,-997204637.835
16078.000,-997204558.711
16079.000,-997204716.959
16080.000,-997204637.835
16081.000,-997204716.959
16082.000,-997204558.711
16083.000,-997204637.835
16084.000,-997204479.587
16085.000,-997204637.835
16086.000,-997204558.711
16087.000,-997204716.959
16088.000,-997204637.835
16089.000,-997204716.959
16090.000,-997204637.835
16091.000,-997204637.835
16092.000,-997204558.711
16093.000,-997204637.835
16094.000,-997204558.711
16095.000,-997204716.959
16096.000,-997204637.835
16097.000,-997204716.959
16098.000,-997204637.835
16099.000,-997204637.835
16100.000,-997204558.711
16101.000,-997204637.835
16102.000,-997204558.711
16103.000,-997204716.959
16104.000,-997204637.835
16105.000,-997204716.959
16106.000,-997204637.835
16107.000,-997204637.835
16108.000,-997204558.711
16109.000,-997204637.835
16110.000,-997204558.711
16111.000,-997204716.959
16112.000,-997204637.835
16113.000,-997204716.959
16114.000,-997204637.835
16115.000,-997204637.835
16116.000,-997204558.711
16117.000,-997204637.835
16118.000,-997204558.711
16119.000,-997204716.959
16120.000,-997204637.835
16121.000,-997204796.083
16122.000,-997204637.835
16123.000,-997204716.959
16124.000,-997204558.711
16125.000,-997204637.835
16126.000,-997204479.587
16127.000,-997204637.835
16128.000,-997204637.835
16129.000,-997204716.959
16130.000,-997204637.835
16131.000,-997204716.959
16132.000,-997204558.711
16133.000,-997204637.835
16134.000,-997204479.587
16135.000,-997204637.835
